symbol	chrom	start	end	tss	strand
	chr15	43792266	43804427	43792266	1
A1BG	chr19	58345178	58353502	58353502	-1
A1CF	chr10	50799409	50885716	50885716	-1
A2M	chr12	9067664	9116229	9116229	-1
A2ML1	chr12	8822466	8887001	8822466	1
A3GALT2	chr1	33306766	33321098	33321098	-1
A4GALT	chr22	42691010	42721298	42721298	-1
A4GNT	chr3	138122901	138132416	138132416	-1
AAAS	chr12	53307456	53324864	53324864	-1
AACS	chr12	125065364	125144564	125065364	1
AADAC	chr3	151813931	151853589	151813931	1
AADACL2	chr3	151733916	151761339	151733916	1
AADACL3	chr1	12716109	12728760	12716109	1
AADACL4	chr1	12644085	12667076	12644085	1
AADAT	chr4	170059663	170091699	170091699	-1
AAGAB	chr15	67200462	67255195	67255195	-1
AAK1	chr2	69457559	69674349	69674349	-1
AAMDC	chr11	77821100	77918693	77821100	1
AAMP	chr2	218264125	218270889	218270889	-1
AANAT	chr17	76452749	76470122	76452749	1
AAR2	chr20	36236131	36270918	36236131	1
AARD	chr8	116938184	116948737	116938184	1
AARS1	chr16	70251983	70289707	70289707	-1
AARS2	chr6	44298726	44313376	44313376	-1
AARSD1	chr17	42950424	42964498	42964498	-1
AASDH	chr4	56337482	56387523	56387523	-1
AASDHPPT	chr11	106075501	106098708	106075501	1
AASS	chr7	122064583	122144489	122144489	-1
AATF	chr17	36948925	37056874	36948925	1
AATK	chr17	81110487	81166228	81166228	-1
ABAT	chr16	8674596	8784575	8674596	1
ABCA1	chr9	104781006	104928248	104928248	-1
ABCA10	chr17	69147214	69244846	69244846	-1
ABCA12	chr2	214931542	215138626	215138626	-1
ABCA13	chr7	48171452	48647497	48171452	1
ABCA2	chr9	137007226	137028915	137028915	-1
ABCA3	chr16	2275878	2340788	2340788	-1
ABCA4	chr1	93992834	94121177	94121177	-1
ABCA5	chr17	69244311	69327283	69327283	-1
ABCA6	chr17	69074255	69143342	69143342	-1
ABCA7	chr19	1039997	1065572	1039997	1
ABCA8	chr17	68866052	68955470	68955470	-1
ABCA9	chr17	68974488	69061087	69061087	-1
ABCB1	chr7	87501989	87713379	87713379	-1
ABCB10	chr1	229516582	229559034	229559034	-1
ABCB11	chr2	168915498	169031332	169031332	-1
ABCB4	chr7	87400393	87480435	87480435	-1
ABCB5	chr7	20615667	20777038	20615667	1
ABCB6	chr2	219209765	219219012	219219012	-1
ABCB7	chrX	75044938	75156732	75156732	-1
ABCB8	chr7	151028422	151047782	151028422	1
ABCB9	chr12	122918478	122981649	122981649	-1
ABCC1	chr16	15949138	16143257	15949138	1
ABCC10	chr6	43427366	43451783	43427366	1
ABCC11	chr16	48165773	48247568	48247568	-1
ABCC12	chr16	48080882	48156018	48156018	-1
ABCC2	chr10	99782640	99853670	99782640	1
ABCC3	chr17	50634609	50692631	50634609	1
ABCC4	chr13	95019831	95301822	95301822	-1
ABCC5	chr3	183919934	184018307	184018307	-1
ABCC6	chr16	16149565	16223637	16223637	-1
ABCC8	chr11	17392498	17476894	17476894	-1
ABCC9	chr12	21797389	21942543	21942543	-1
ABCD1	chrX	153724495	153744755	153724495	1
ABCD2	chr12	39547564	39619990	39619990	-1
ABCD3	chr1	94418039	94519349	94418039	1
ABCD4	chr14	74285269	74303068	74303068	-1
ABCE1	chr4	145098248	145131334	145098248	1
ABCF1	chr6	30571383	30597179	30571383	1
ABCF2	chr7	151211484	151227264	151227264	-1
ABCF2-H2BK1	chr7	151207837	151227166	151227166	-1
ABCF3	chr3	184186095	184194451	184186095	1
ABCG1	chr21	42199689	42304389	42199689	1
ABCG2	chr4	88088127	88231818	88231818	-1
ABCG4	chr11	119149029	119162653	119149029	1
ABCG5	chr2	43806213	43838865	43838865	-1
ABCG8	chr2	43831942	43882988	43831942	1
ABHD1	chr2	27123789	27130812	27123789	1
ABHD10	chr3	111978972	111993368	111978972	1
ABHD11	chr7	73736091	73738864	73738864	-1
ABHD12	chr20	25294742	25390922	25390922	-1
ABHD12B	chr14	50872046	50904970	50872046	1
ABHD13	chr13	108218167	108234489	108218167	1
ABHD14A	chr3	51971426	51982398	51971426	1
ABHD14A-ACY1	chr3	51974706	51989183	51974706	1
ABHD14B	chr3	51968510	51983409	51983409	-1
ABHD15	chr17	29560547	29567102	29567102	-1
ABHD16A	chr6	31686954	31703391	31703391	-1
ABHD16B	chr20	63861498	63862988	63861498	1
ABHD17A	chr19	1876810	1885618	1885618	-1
ABHD17B	chr9	71859900	71911240	71911240	-1
ABHD17C	chr15	80679684	80757135	80679684	1
ABHD18	chr4	127965252	128039953	127965252	1
ABHD2	chr15	89087459	89202355	89087459	1
ABHD3	chr18	21650895	21704878	21704878	-1
ABHD4	chr14	22598243	22612963	22598243	1
ABHD5	chr3	43690108	43734371	43690108	1
ABHD6	chr3	58237502	58296814	58237502	1
ABHD8	chr19	17292131	17310236	17310236	-1
ABI1	chr10	26745266	26861094	26861094	-1
ABI2	chr2	203328213	203447728	203328213	1
ABI3	chr17	49210388	49224184	49210388	1
ABI3BP	chr3	100749155	100993517	100993517	-1
ABITRAM	chr9	108934130	108950941	108934130	1
ABL1	chr9	130713043	130887675	130713043	1
ABL2	chr1	179099330	179229684	179229684	-1
ABLIM1	chr10	114431110	114768061	114768061	-1
ABLIM2	chr4	7965310	8158832	8158832	-1
ABLIM3	chr5	149141362	149260542	149141362	1
ABO	chr9	133233278	133276024	133276024	-1
ABR	chr17	1003519	1229738	1229738	-1
ABRA	chr8	106759006	106770251	106770251	-1
ABRACL	chr6	139013371	139046816	139013371	1
ABRAXAS1	chr4	83459517	83523348	83523348	-1
ABRAXAS2	chr10	124801785	124836670	124801785	1
ABT1	chr6	26596928	26600739	26596928	1
ABTB1	chr3	127672894	127683197	127672894	1
ABTB2	chr11	34150987	34358043	34358043	-1
ABTB3	chr12	107318421	107659642	107318421	1
ACAA1	chr3	38103129	38137647	38137647	-1
ACAA2	chr18	49781714	49813965	49813965	-1
ACACA	chr17	37084992	37406853	37406853	-1
ACACB	chr12	109116320	109268226	109116320	1
ACAD10	chr12	111686037	111757145	111686037	1
ACAD11	chr3	132558138	132660727	132660727	-1
ACAD8	chr11	134253510	134267494	134253510	1
ACAD9	chr3	128879494	128924003	128879494	1
ACADL	chr2	210187000	210225447	210225447	-1
ACADM	chr1	75724431	75787575	75724431	1
ACADS	chr12	120725774	120740009	120725774	1
ACADSB	chr10	123008972	123058300	123008972	1
ACADVL	chr17	7217125	7225273	7217125	1
ACAN	chr15	88803427	88875353	88803427	1
ACAP1	chr17	7332960	7351478	7332960	1
ACAP2	chr3	195274738	195443139	195443139	-1
ACAP3	chr1	1292376	1309609	1309609	-1
ACAT1	chr11	108116695	108148957	108116695	1
ACAT2	chr6	159761445	159788182	159761445	1
ACBD3	chr1	226144679	226186763	226186763	-1
ACBD4	chr17	45132597	45144181	45132597	1
ACBD5	chr10	27168135	27243046	27243046	-1
ACBD6	chr1	180269653	180502954	180502954	-1
ACBD7	chr10	15073038	15088802	15088802	-1
ACCS	chr11	44065916	44086590	44065916	1
ACCSL	chr11	44047981	44059977	44047981	1
ACD	chr16	67657512	67660810	67660810	-1
ACE	chr17	63477058	63498380	63477058	1
ACE2	chrX	15494290	15607236	15607236	-1
ACER1	chr19	6306030	6333612	6333612	-1
ACER2	chr9	19408944	19452505	19408944	1
ACER3	chr11	76860859	77026797	76860859	1
ACHE	chr7	100889993	100897022	100897022	-1
ACIN1	chr14	23058561	23095614	23095614	-1
ACKR1	chr1	159204568	159206500	159204568	1
ACKR2	chr3	42804586	42888801	42804586	1
ACKR3	chr2	236567692	236582358	236567692	1
ACKR4	chr3	132597250	132618967	132597250	1
ACKR5	chr12	56994487	56998889	56994487	1
ACLY	chr17	41866916	41930551	41930551	-1
ACMSD	chr2	134838312	134902910	134838312	1
ACO1	chr9	32384592	32485290	32384592	1
ACO2	chr22	41447830	41529273	41447830	1
ACOD1	chr13	76948511	76958638	76948511	1
ACOT1	chr14	73537122	73543797	73537122	1
ACOT11	chr1	54542257	54639215	54542257	1
ACOT12	chr5	81310304	81394210	81394210	-1
ACOT13	chr6	24666901	24714084	24666901	1
ACOT2	chr14	73567620	73588885	73567620	1
ACOT4	chr14	73591660	73595766	73591660	1
ACOT6	chr14	73610945	73619888	73610945	1
ACOT7	chr1	6264268	6393789	6393789	-1
ACOT8	chr20	45841709	45857435	45857435	-1
ACOT9	chrX	23699396	23766475	23766475	-1
ACOX1	chr17	75941507	75979459	75979459	-1
ACOX2	chr3	58504544	58537400	58537400	-1
ACOX3	chr4	8364703	8440750	8440750	-1
ACOXL	chr2	110732524	111118548	110732524	1
ACP1	chr2	264140	280057	264140	1
ACP2	chr11	47237598	47249288	47249288	-1
ACP3	chr3	132317364	132369035	132317364	1
ACP4	chr19	50790415	50795219	50790415	1
ACP5	chr19	11574653	11579993	11579993	-1
ACP6	chr1	147629652	147670541	147670541	-1
ACP7	chr19	39083913	39111497	39083913	1
ACR	chr22	50738196	50745441	50738196	1
ACRBP	chr12	6638075	6647441	6647441	-1
ACRV1	chr11	125671522	125680874	125680874	-1
ACSBG1	chr15	78167468	78245688	78245688	-1
ACSBG2	chr19	6135247	6193094	6135247	1
ACSF2	chr17	50426158	50474845	50426158	1
ACSF3	chr16	89088375	89164121	89088375	1
ACSL1	chr4	184755501	184826853	184826853	-1
ACSL3	chr2	222860942	222944639	222860942	1
ACSL4	chrX	109624244	109733889	109733889	-1
ACSL5	chr10	112372400	112428381	112372400	1
ACSL6	chr5	131949973	132012243	132012243	-1
ACSM1	chr16	20623233	20698890	20698890	-1
ACSM2A	chr16	20444012	20487669	20444012	1
ACSM2B	chr16	20533999	20576442	20576442	-1
ACSM3	chr16	20610243	20797843	20610243	1
ACSM4	chr12	7304072	7328719	7304072	1
ACSM5	chr16	20409308	20441337	20409308	1
ACSM6	chr10	95194200	95228929	95194200	1
ACSS1	chr20	25003364	25058980	25058980	-1
ACSS2	chr20	34872146	34927962	34872146	1
ACSS3	chr12	80936414	81261210	80936414	1
ACTA1	chr1	229430365	229434789	229434789	-1
ACTA2	chr10	88934815	88991339	88991339	-1
ACTB	chr7	5526409	5563902	5563902	-1
ACTBL2	chr5	57480018	57482811	57482811	-1
ACTC1	chr15	34790107	34795912	34795912	-1
ACTG1	chr17	81509413	81523847	81523847	-1
ACTG2	chr2	73892232	73919865	73892232	1
ACTL10	chr20	33666943	33668525	33666943	1
ACTL6A	chr3	179562886	179588462	179562886	1
ACTL6B	chr7	100643097	100656458	100656458	-1
ACTL7A	chr9	108862266	108863756	108862266	1
ACTL7B	chr9	108854588	108855986	108855986	-1
ACTL8	chr1	17755310	17827063	17755310	1
ACTL9	chr19	8697400	8698795	8698795	-1
ACTMAP	chr19	40740856	40751813	40751813	-1
ACTN1	chr14	68873643	68980277	68980277	-1
ACTN2	chr1	236664141	236764631	236664141	1
ACTN3	chr11	66546395	66563334	66546395	1
ACTN4	chr19	38647515	38731589	38647515	1
ACTR10	chr14	58199997	58238757	58199997	1
ACTR1A	chr10	102461881	102502744	102502744	-1
ACTR1B	chr2	97655939	97664114	97664114	-1
ACTR2	chr2	65227714	65271253	65227714	1
ACTR3	chr2	113889600	113962596	113889600	1
ACTR3B	chr7	152759731	152855378	152759731	1
ACTR3C	chr7	150243916	150323926	150323926	-1
ACTR5	chr20	38748196	38774861	38748196	1
ACTR6	chr12	100199122	100241865	100199122	1
ACTR8	chr3	53863038	53882202	53882202	-1
ACTRT1	chrX	128050962	128052403	128052403	-1
ACTRT2	chr1	3021467	3022903	3021467	1
ACTRT3	chr3	169765610	169769851	169769851	-1
ACVR1	chr2	157736249	157876408	157876408	-1
ACVR1B	chr12	51951675	51997082	51951675	1
ACVR1C	chr2	157526767	157628896	157628896	-1
ACVR2A	chr2	147844378	147930838	147844378	1
ACVR2B	chr3	38453843	38493142	38453843	1
ACVRL1	chr12	51906908	51923361	51906908	1
ACY1	chr3	51983047	51989457	51983047	1
ACY3	chr11	67642551	67650900	67650900	-1
ACYP1	chr14	75052937	75069486	75069486	-1
ACYP2	chr2	53970838	54305829	53970838	1
ADA	chr20	44584896	44652252	44652252	-1
ADA2	chr22	17178790	17258235	17258235	-1
ADAD1	chr4	122378966	122429814	122378966	1
ADAD2	chr16	84191113	84197168	84191113	1
ADAM10	chr15	58588809	58749871	58749871	-1
ADAM11	chr17	44758962	44781846	44758962	1
ADAM12	chr10	126012381	126388502	126388502	-1
ADAM15	chr1	155050566	155062780	155050566	1
ADAM17	chr2	9488482	9556732	9556732	-1
ADAM18	chr8	39584489	39730065	39584489	1
ADAM19	chr5	157395534	157575858	157575858	-1
ADAM2	chr8	39743735	39838227	39838227	-1
ADAM20	chr14	70522358	70535015	70535015	-1
ADAM21	chr14	70417107	70460453	70417107	1
ADAM22	chr7	87934136	88202889	87934136	1
ADAM23	chr2	206443369	206621301	206443369	1
ADAM28	chr8	24294013	24359014	24294013	1
ADAM29	chr4	174829668	174978180	174829668	1
ADAM30	chr1	119893533	119896515	119896515	-1
ADAM32	chr8	39106990	39284917	39106990	1
ADAM33	chr20	3667962	3682249	3682249	-1
ADAM7	chr8	24440930	24526970	24440930	1
ADAM8	chr10	133262416	133276909	133276909	-1
ADAM9	chr8	38996754	39105447	38996754	1
ADAMDEC1	chr8	24384285	24406013	24384285	1
ADAMTS1	chr21	26835687	26845409	26845409	-1
ADAMTS10	chr19	8580240	8610846	8610846	-1
ADAMTS12	chr5	33523535	33892113	33892113	-1
ADAMTS13	chr9	133414358	133459402	133414358	1
ADAMTS14	chr10	70672367	70762441	70672367	1
ADAMTS15	chr11	130448635	130476645	130448635	1
ADAMTS16	chr5	5140296	5320304	5140296	1
ADAMTS17	chr15	99971437	100342005	100342005	-1
ADAMTS18	chr16	77247813	77435034	77435034	-1
ADAMTS19	chr5	129459682	129738829	129459682	1
ADAMTS2	chr5	179110853	179345506	179345506	-1
ADAMTS20	chr12	43352767	43552213	43552213	-1
ADAMTS3	chr4	72280969	72569365	72569365	-1
ADAMTS4	chr1	161184302	161200509	161200509	-1
ADAMTS5	chr21	26917922	26967641	26967641	-1
ADAMTS6	chr5	65148738	65481944	65481944	-1
ADAMTS7	chr15	78759204	78811523	78811523	-1
ADAMTS8	chr11	130404923	130428732	130428732	-1
ADAMTS9	chr3	64515652	64688264	64688264	-1
ADAMTSL1	chr9	17906563	18910950	17906563	1
ADAMTSL2	chr9	133532164	133575522	133532164	1
ADAMTSL3	chr15	83653653	84039842	83653653	1
ADAMTSL4	chr1	150549369	150560937	150549369	1
ADAMTSL5	chr19	1503045	1513604	1513604	-1
ADAP1	chr7	896338	955407	955407	-1
ADAP2	chr17	30906344	30959945	30906344	1
ADAR	chr1	154581695	154628013	154628013	-1
ADARB1	chr21	45073839	45226560	45073839	1
ADARB2	chr10	1177308	1737525	1737525	-1
ADAT1	chr16	75596868	75623301	75623301	-1
ADAT2	chr6	143422832	143450747	143450747	-1
ADAT3	chr19	1905214	1913448	1905214	1
ADCK1	chr14	77800059	77937188	77800059	1
ADCK2	chr7	140672885	140696261	140672885	1
ADCK5	chr8	144373101	144393243	144373101	1
ADCY1	chr7	45574140	45723126	45574140	1
ADCY10	chr1	167809098	167914215	167914215	-1
ADCY2	chr5	7395681	7830638	7395681	1
ADCY3	chr2	24819169	24920299	24920299	-1
ADCY4	chr14	24318091	24335208	24335208	-1
ADCY5	chr3	123282296	123449795	123449795	-1
ADCY6	chr12	48766191	48789906	48789906	-1
ADCY7	chr16	50244699	50318607	50244699	1
ADCY8	chr8	130780300	131041587	131041587	-1
ADCY9	chr16	3953387	4116493	4116493	-1
ADCYAP1	chr18	904398	912172	904398	1
ADCYAP1R1	chr7	31052297	31117204	31052297	1
ADD1	chr4	2843576	2930082	2843576	1
ADD2	chr2	70607618	70768499	70768499	-1
ADD3	chr10	109996347	110135565	109996347	1
ADGB	chr6	146598967	146815462	146598967	1
ADGRA1	chr10	133087814	133131675	133087814	1
ADGRA2	chr8	37784191	37844896	37784191	1
ADGRA3	chr4	22345071	22516131	22516131	-1
ADGRB1	chr8	142449430	142545009	142449430	1
ADGRB2	chr1	31727117	31764893	31764893	-1
ADGRB3	chr6	68635275	69390571	68635275	1
ADGRD1	chr12	130953035	131142466	130953035	1
ADGRD2	chr9	124450444	124478589	124450444	1
ADGRE1	chr19	6887530	6940459	6887530	1
ADGRE2	chr19	14731152	14778560	14778560	-1
ADGRE3	chr19	14599080	14690027	14690027	-1
ADGRE5	chr19	14380501	14408729	14380501	1
ADGRF1	chr6	46997708	47042368	47042368	-1
ADGRF3	chr2	26308173	26346817	26346817	-1
ADGRF4	chr6	47685864	47722021	47685864	1
ADGRF5	chr6	46852310	46956392	46956392	-1
ADGRG1	chr16	57610652	57665580	57610652	1
ADGRG2	chrX	18989307	19122962	19122962	-1
ADGRG3	chr16	57668106	57689378	57668106	1
ADGRG4	chrX	136300963	136416890	136300963	1
ADGRG5	chr16	57528585	57591681	57528585	1
ADGRG6	chr6	142301502	142447264	142301502	1
ADGRG7	chr3	100609596	100695479	100609596	1
ADGRL1	chr19	14147743	14206852	14206852	-1
ADGRL2	chr1	81306099	81993940	81306099	1
ADGRL3	chr4	61200112	62078335	61200112	1
ADGRL4	chr1	78888173	79282124	79282124	-1
ADGRV1	chr5	90529344	91171299	90529344	1
ADH1A	chr4	99275958	99291552	99291552	-1
ADH1B	chr4	99304971	99321659	99321659	-1
ADH1C	chr4	99336093	99382896	99382896	-1
ADH4	chr4	99123502	99157792	99157792	-1
ADH5	chr4	99070978	99088822	99088822	-1
ADH6	chr4	99202424	99219537	99219537	-1
ADH7	chr4	99412261	99435698	99435698	-1
ADHFE1	chr8	66432459	66470469	66432459	1
ADI1	chr2	3496380	3519584	3519584	-1
ADIG	chr20	38581180	38588463	38581180	1
ADIPOQ	chr3	186842674	186858463	186842674	1
ADIPOR1	chr1	202940090	202958779	202958779	-1
ADIPOR2	chr12	1688574	1788683	1688574	1
ADIRF	chr10	86968432	87007922	86968432	1
ADISSP	chr20	3751220	3768738	3768738	-1
ADK	chr10	74151185	74709963	74151185	1
ADM	chr11	10303008	10307397	10303008	1
ADM2	chr22	50481516	50486440	50481516	1
ADM5	chr19	49688953	49690575	49688953	1
ADNP	chr20	50854048	50931437	50931437	-1
ADNP2	chr18	80109262	80147523	80109262	1
ADO	chr10	62804720	62808479	62804720	1
ADORA1	chr1	203090654	203167407	203090654	1
ADORA2A	chr22	24417879	24443177	24417879	1
ADORA2B	chr17	15945093	15976467	15945093	1
ADORA3	chr1	111499429	111503854	111503854	-1
ADPGK	chr15	72735951	72785846	72785846	-1
ADPRH	chr3	119579268	119590165	119579268	1
ADPRHL1	chr13	113399611	113453914	113453914	-1
ADPRM	chr17	10697247	10713286	10697247	1
ADPRS	chr1	36088873	36095461	36088873	1
ADRA1A	chr8	26748123	26867380	26867380	-1
ADRA1B	chr5	159865080	159973012	159865080	1
ADRA1D	chr20	4220283	4249305	4249305	-1
ADRA2A	chr10	111077029	111080907	111077029	1
ADRA2B	chr2	96112876	96116571	96116571	-1
ADRA2C	chr4	3766348	3768526	3766348	1
ADRB1	chr10	114043866	114046904	114043866	1
ADRB2	chr5	148826611	148828623	148826611	1
ADRB3	chr8	37962990	37966614	37966614	-1
ADRM1	chr20	62302046	62308867	62302046	1
ADSL	chr22	40346461	40390463	40346461	1
ADSS1	chr14	104724174	104747523	104724174	1
ADSS2	chr1	244407274	244452102	244452102	-1
ADTRP	chr6	11711616	11807046	11807046	-1
AEBP1	chr7	44104286	44114565	44104286	1
AEBP2	chr12	19404045	19720801	19404045	1
AEN	chr15	88620070	88632281	88620070	1
AFAP1	chr4	7758713	7939926	7939926	-1
AFAP1L1	chr5	149271786	149343637	149271786	1
AFAP1L2	chr10	114293604	114405132	114405132	-1
AFDN	chr6	167826859	167972023	167826859	1
AFF1	chr4	86934203	87141073	86934203	1
AFF2	chrX	148500611	149000663	148500611	1
AFF3	chr2	99545419	100192469	100192469	-1
AFF4	chr5	132875395	132963931	132963931	-1
AFG1L	chr6	108294892	108526796	108294892	1
AFG2A	chr4	122923070	123319433	122923070	1
AFG2B	chr15	45402325	45421415	45402325	1
AFG3L2	chr18	12328871	12377473	12377473	-1
AFM	chr4	73481659	73504173	73481659	1
AFMID	chr17	78186660	78207703	78186660	1
AFP	chr4	73431138	73456174	73431138	1
AFTPH	chr2	64524286	64593009	64524286	1
AGA	chr4	177430127	177442450	177442450	-1
AGAP1	chr2	235494026	236131793	235494026	1
AGAP2	chr12	57723761	57742209	57742209	-1
AGAP3	chr7	151085831	151144450	151085831	1
AGAP4	chr10	45825594	45853875	45853875	-1
AGAP5	chr10	73674276	73698109	73698109	-1
AGAP6	chr10	49982190	50011654	49982190	1
AGAP9	chr10	47501788	47523791	47523791	-1
AGBL1	chr15	86079871	87049169	86079871	1
AGBL2	chr11	47659591	47715389	47715389	-1
AGBL3	chr7	134986496	135147963	134986496	1
AGBL4	chr1	48532854	50023978	50023978	-1
AGBL5	chr2	27042364	27070622	27042364	1
AGER	chr6	32180963	32184365	32184365	-1
AGFG1	chr2	227472134	227561411	227472134	1
AGFG2	chr7	100539169	100569429	100539169	1
AGGF1	chr5	77029251	77065234	77029251	1
AGK	chr7	141551278	141657486	141551278	1
AGL	chr1	99849777	99924427	99849777	1
AGMAT	chr1	15571699	15585084	15585084	-1
AGMO	chr7	15169455	15562027	15562027	-1
AGO1	chr1	35869808	35930532	35869808	1
AGO2	chr8	140520156	140635695	140635695	-1
AGO3	chr1	35930696	36072500	35930696	1
AGO4	chr1	35807976	35857890	35807976	1
AGPAT1	chr6	32167118	32178112	32178112	-1
AGPAT2	chr9	136673142	136687483	136687483	-1
AGPAT3	chr21	43865081	43987592	43865081	1
AGPAT4	chr6	161129967	161274693	161274693	-1
AGPAT5	chr8	6708334	6761604	6708334	1
AGPS	chr2	177392576	177567024	177392576	1
AGR2	chr7	16791387	16833433	16833433	-1
AGR3	chr7	16854680	16881990	16881990	-1
AGRN	chr1	1020069	1056119	1020069	1
AGRP	chr16	67482571	67483552	67483552	-1
AGT	chr1	230690776	230745576	230745576	-1
AGTPBP1	chr9	85546536	85742144	85742144	-1
AGTR1	chr3	148697784	148743045	148697784	1
AGTR2	chrX	116170743	116174974	116170743	1
AGTRAP	chr1	11736070	11754802	11736070	1
AGXT	chr2	240868543	240881531	240868543	1
AGXT2	chr5	34997427	35048240	35048240	-1
AHCTF1	chr1	246839098	246932063	246932063	-1
AHCY	chr20	34280263	34311802	34311802	-1
AHCYL1	chr1	109984721	110023742	109984721	1
AHCYL2	chr7	129225020	129431841	129225020	1
AHDC1	chr1	27534035	27604431	27604431	-1
AHI1	chr6	135283407	135498434	135498434	-1
AHNAK	chr11	62433532	62556235	62556235	-1
AHNAK2	chr14	104937244	104978374	104978374	-1
AHR	chr7	16916359	17346152	16916359	1
AHRR	chr5	320682	438307	320682	1
AHSA1	chr14	77457743	77469482	77457743	1
AHSG	chr3	186612776	186627803	186612776	1
AHSP	chr16	31512938	31528808	31512938	1
AICDA	chr12	8602155	8613242	8613242	-1
AIDA	chr1	222668013	222713210	222713210	-1
AIF1	chr6	31615214	31617025	31615214	1
AIF1L	chr9	131096446	131123243	131096446	1
AIFM1	chrX	130124666	130165884	130165884	-1
AIFM2	chr10	70054661	70133269	70133269	-1
AIFM3	chr22	20965108	20981364	20965108	1
AIG1	chr6	143060458	143367978	143060458	1
AIM2	chr1	159056129	159188222	159188222	-1
AIMP1	chr4	106315544	106349836	106315544	1
AIMP2	chr7	6009226	6024655	6009226	1
AIP	chr11	67468174	67492034	67468174	1
AIPL1	chr17	6393693	6435199	6435199	-1
AIRE	chr21	44285838	44298648	44285838	1
AIRIM	chr1	37681570	37692296	37692296	-1
AJAP1	chr1	4654589	4792534	4654589	1
AJM1	chr9	136842478	136848801	136842478	1
AJUBA	chr14	22971177	22982647	22982647	-1
AK1	chr9	127866435	127878558	127878558	-1
AK2	chr1	33006560	33080996	33080996	-1
AK3	chr9	4709395	4742043	4742043	-1
AK4	chr1	65146902	65232196	65146902	1
AK4P3	chr12	31614457	31652095	31652095	-1
AK5	chr1	77281853	77559966	77281853	1
AK6	chr5	69333643	69370026	69370026	-1
AK7	chr14	96392097	96490031	96392097	1
AK8	chr9	132725573	132878777	132878777	-1
AK9	chr6	109492855	109691229	109691229	-1
AKAIN1	chr18	5142911	5197693	5197693	-1
AKAP1	chr17	57085092	57122665	57085092	1
AKAP10	chr17	19904302	19978343	19978343	-1
AKAP11	chr13	42271470	42323283	42271470	1
AKAP12	chr6	151239913	151358563	151239913	1
AKAP13	chr15	85380571	85749358	85380571	1
AKAP14	chrX	119895837	119920720	119895837	1
AKAP17A	chrX	1591592	1602532	1591592	1
AKAP19	chr2	189879543	190204492	189879543	1
AKAP3	chr12	4613383	4649072	4649072	-1
AKAP4	chrX	50190777	50201007	50201007	-1
AKAP5	chr14	64465275	64474503	64465275	1
AKAP6	chr14	32203576	32837684	32203576	1
AKAP7	chr6	131135216	131283535	131135216	1
AKAP8	chr19	15353385	15379862	15379862	-1
AKAP8L	chr19	15380046	15419141	15419141	-1
AKAP9	chr7	91940837	92112177	91940837	1
AKIP1	chr11	8911108	8922406	8911108	1
AKIRIN1	chr1	38991254	39007692	38991254	1
AKIRIN2	chr6	87674860	87702275	87702275	-1
AKNA	chr9	114334156	114394405	114394405	-1
AKNAD1	chr1	108815898	108963484	108963484	-1
AKR1A1	chr1	45550475	45570051	45550475	1
AKR1B1	chr7	134441789	134459284	134459284	-1
AKR1B10	chr7	134527475	134541903	134527475	1
AKR1B15	chr7	134548938	134579875	134548938	1
AKR1C1	chr10	4944110	4983283	4944110	1
AKR1C2	chr10	4969796	5018031	5018031	-1
AKR1C3	chr10	5035354	5108244	5035354	1
AKR1C4	chr10	5195462	5220608	5195462	1
AKR1C8	chr10	5121764	5185190	5185190	-1
AKR1D1	chr7	138002324	138118306	138002324	1
AKR1E2	chr10	4786629	4848062	4786629	1
AKR7A2	chr1	19291523	19312149	19312149	-1
AKR7A3	chr1	19281056	19288823	19288823	-1
AKR7L	chr1	19265982	19274194	19274194	-1
AKT1	chr14	104769348	104799934	104799934	-1
AKT1S1	chr19	49869023	49879470	49879470	-1
AKT2	chr19	40230317	40285536	40285536	-1
AKT3	chr1	243488233	243851079	243851079	-1
AKTIP	chr16	53490502	53504411	53504411	-1
ALAD	chr9	113386304	113401356	113401356	-1
ALAS1	chr3	52198085	52214620	52198085	1
ALAS2	chrX	55009055	55030986	55030986	-1
ALB	chr4	73397114	73426607	73397114	1
ALCAM	chr3	105366691	105576909	105366691	1
ALDH16A1	chr19	49453146	49471052	49453146	1
ALDH18A1	chr10	95605937	95656885	95656885	-1
ALDH1A1	chr9	72887945	73080453	73080453	-1
ALDH1A2	chr15	57953424	58497866	58497866	-1
ALDH1A3	chr15	100861924	100916760	100861924	1
ALDH1B1	chr9	38392623	38398661	38392623	1
ALDH1L1	chr3	126103561	126197994	126197994	-1
ALDH1L2	chr12	105019784	105107643	105107643	-1
ALDH2	chr12	111766887	111817532	111766887	1
ALDH3A1	chr17	19737984	19748943	19748943	-1
ALDH3A2	chr17	19647291	19685881	19647291	1
ALDH3B1	chr11	68008543	68029282	68008543	1
ALDH3B2	chr11	67662155	67681224	67681224	-1
ALDH4A1	chr1	18871425	18902799	18902799	-1
ALDH5A1	chr6	24494788	24544150	24494788	1
ALDH6A1	chr14	74055997	74084492	74084492	-1
ALDH7A1	chr5	126531200	126595362	126595362	-1
ALDH8A1	chr6	134917298	134950140	134950140	-1
ALDH9A1	chr1	165662216	165698599	165698599	-1
ALDOA	chr16	30064164	30070457	30064164	1
ALDOB	chr9	101420560	101449664	101449664	-1
ALDOC	chr17	28573115	28576948	28576948	-1
ALG1	chr16	5033702	5087379	5033702	1
ALG10	chr12	34022461	34035296	34022461	1
ALG10B	chr12	38316754	38329723	38316754	1
ALG11	chr13	52011712	52079232	52011712	1
ALG12	chr22	49854503	49918473	49918473	-1
ALG13	chrX	111665811	111766130	111665811	1
ALG14	chr1	94974405	95072983	95072983	-1
ALG1L2	chr3	130081831	130113227	130081831	1
ALG2	chr9	99216425	99221992	99221992	-1
ALG3	chr3	184242301	184249571	184249571	-1
ALG5	chr13	36949564	37000763	37000763	-1
ALG6	chr1	63321730	63440448	63321730	1
ALG8	chr11	78095244	78139660	78139660	-1
ALG9	chr11	111782195	111872405	111872405	-1
ALK	chr2	29190995	29921586	29921586	-1
ALKAL1	chr8	52534025	52565437	52565437	-1
ALKAL2	chr2	278286	289623	289623	-1
ALKBH1	chr14	77672401	77708038	77708038	-1
ALKBH2	chr12	109085154	109098462	109098462	-1
ALKBH3	chr11	43880811	43920370	43880811	1
ALKBH4	chr7	102456221	102464899	102464899	-1
ALKBH5	chr17	18183034	18209954	18183034	1
ALKBH6	chr19	36009113	36014297	36014297	-1
ALKBH7	chr19	6372715	6377261	6372715	1
ALKBH8	chr11	107502726	107565764	107565764	-1
ALLC	chr2	3658200	3702671	3658200	1
ALMS1	chr2	73385758	73625166	73385758	1
ALOX12	chr17	6996049	7010754	6996049	1
ALOX12B	chr17	8068594	8087716	8087716	-1
ALOX15	chr17	4629736	4642294	4642294	-1
ALOX15B	chr17	8039011	8049134	8039011	1
ALOX5	chr10	45374150	45446121	45374150	1
ALOX5AP	chr13	30713478	30765072	30713478	1
ALOXE3	chr17	8095900	8119047	8119047	-1
ALPG	chr2	232406837	232410714	232406837	1
ALPI	chr2	232456125	232460753	232456125	1
ALPK1	chr4	112285509	112442621	112285509	1
ALPK2	chr18	58481241	58629247	58629247	-1
ALPK3	chr15	84817176	84875708	84817176	1
ALPL	chr1	21508813	21579441	21508813	1
ALPP	chr2	232378724	232382889	232378724	1
ALS2	chr2	201700267	201782112	201782112	-1
ALS2CL	chr3	46668994	46694071	46694071	-1
ALX1	chr12	85280091	85302551	85280091	1
ALX3	chr1	110059870	110070677	110070677	-1
ALX4	chr11	44260440	44310139	44310139	-1
ALYREF	chr17	81887830	81891835	81891835	-1
AMACR	chr5	33986165	34010219	34010219	-1
AMBN	chr4	70592256	70607288	70592256	1
AMBP	chr9	114060127	114080970	114080970	-1
AMBRA1	chr11	46396414	46594242	46594242	-1
AMD1	chr6	110874770	110898879	110874770	1
AMDHD1	chr12	95943046	95968830	95943046	1
AMDHD2	chr16	2520340	2531422	2520340	1
AMELX	chrX	11293413	11300761	11293413	1
AMELY	chrY	6865918	6911752	6911752	-1
AMER1	chrX	64185117	64205708	64205708	-1
AMER2	chr13	25161679	25172288	25172288	-1
AMER3	chr2	130755532	130768134	130755532	1
AMFR	chr16	56361449	56425598	56425598	-1
AMH	chr19	2249309	2252073	2249309	1
AMHR2	chr12	53423672	53431672	53423672	1
AMIGO1	chr1	109503464	109509758	109509758	-1
AMIGO2	chr12	47075707	47080929	47080929	-1
AMIGO3	chr3	49716829	49719684	49719684	-1
AMMECR1	chrX	110194186	110440318	110440318	-1
AMMECR1L	chr2	127861630	127885967	127885967	-1
AMN	chr14	102922639	102933596	102922639	1
AMN1	chr12	31670841	31729216	31729216	-1
AMOT	chrX	112774466	112840903	112840903	-1
AMOTL1	chr11	94706431	94876748	94706431	1
AMOTL2	chr3	134355347	134375479	134375479	-1
AMPD1	chr1	114673090	114695620	114695620	-1
AMPD2	chr1	109616104	109632055	109616104	1
AMPD3	chr11	10308162	10507877	10308162	1
AMPH	chr7	38383700	38631512	38631512	-1
AMT	chr3	49416771	49422685	49422685	-1
AMTN	chr4	70518569	70532743	70518569	1
AMY1A	chr1	103650592	103664629	103650592	1
AMY1B	chr1	103687415	103701064	103701064	-1
AMY1C	chr1	103745126	103758726	103745126	1
AMY2A	chr1	103617427	103625780	103617427	1
AMY2B	chr1	103553815	103579534	103553815	1
AMZ1	chr7	2679276	2775500	2679276	1
AMZ2	chr17	68205431	68258828	68205431	1
ANAPC1	chr2	111611639	111884690	111884690	-1
ANAPC10	chr4	144831908	145098823	145098823	-1
ANAPC11	chr17	81890669	81900991	81890669	1
ANAPC13	chr3	134476251	134486716	134486716	-1
ANAPC15	chr11	72106370	72113688	72113688	-1
ANAPC16	chr10	72215651	72235860	72215651	1
ANAPC2	chr9	137174784	137189028	137189028	-1
ANAPC4	chr4	25377210	25420310	25377210	1
ANAPC5	chr12	121308243	121399896	121399896	-1
ANAPC7	chr12	110372506	110403740	110403740	-1
ANG	chr14	20682866	20698971	20682866	1
ANGEL1	chr14	76781733	76826246	76826246	-1
ANGEL2	chr1	212991132	213015877	213015877	-1
ANGPT1	chr8	107249482	107498055	107498055	-1
ANGPT2	chr8	6499632	6563436	6563436	-1
ANGPT4	chr20	869900	916335	916335	-1
ANGPTL1	chr1	178846840	178872386	178872386	-1
ANGPTL2	chr9	127087333	127122786	127122786	-1
ANGPTL3	chr1	62597464	62607699	62597464	1
ANGPTL4	chr19	8363223	8374371	8363223	1
ANGPTL5	chr11	101890660	102026456	102026456	-1
ANGPTL6	chr19	10092335	10106612	10106612	-1
ANGPTL7	chr1	11189348	11195981	11189348	1
ANGPTL8	chr19	11237502	11245478	11237502	1
ANHX	chr12	133218312	133235877	133235877	-1
ANK1	chr8	41653220	41896812	41896812	-1
ANK2	chr4	112818032	113384237	112818032	1
ANK3	chr10	60026298	60733535	60733535	-1
ANKAR	chr2	189674290	189761193	189674290	1
ANKDD1A	chr15	64911853	64979845	64911853	1
ANKDD1B	chr5	75611182	75681773	75611182	1
ANKEF1	chr20	9986126	10059414	9986126	1
ANKFN1	chr17	55882301	56517016	55882301	1
ANKFY1	chr17	4163821	4263995	4263995	-1
ANKH	chr5	14704800	14871949	14871949	-1
ANKHD1	chr5	140401660	140541168	140401660	1
ANKHD1-EIF4EBP3	chr5	140401908	140549569	140401908	1
ANKIB1	chr7	92245960	92402070	92245960	1
ANKK1	chr11	113387774	113400585	113387774	1
ANKLE1	chr19	17281645	17287649	17281645	1
ANKLE2	chr12	132725500	132762094	132762094	-1
ANKMY1	chr2	240479422	240569209	240569209	-1
ANKMY2	chr7	16599779	16645841	16645841	-1
ANKRA2	chr5	73552190	73565712	73565712	-1
ANKRD1	chr10	90912092	90921277	90921277	-1
ANKRD10	chr13	110878539	110915209	110915209	-1
ANKRD11	chr16	89267619	89490706	89490706	-1
ANKRD12	chr18	9136228	9285985	9136228	1
ANKRD13A	chr12	109999186	110039763	109999186	1
ANKRD13B	chr17	29589769	29614761	29589769	1
ANKRD13C	chr1	70258999	70354747	70354747	-1
ANKRD13D	chr11	67288655	67302486	67288655	1
ANKRD16	chr10	5860934	5889994	5889994	-1
ANKRD17	chr4	73073376	73259169	73259169	-1
ANKRD18A	chr9	38540567	38622528	38622528	-1
ANKRD18B	chr9	33523522	33608848	33523522	1
ANKRD2	chr10	97572495	97583896	97572495	1
ANKRD20A1	chr9	67832765	67920552	67832765	1
ANKRD22	chr10	88819896	88851940	88851940	-1
ANKRD23	chr2	96821811	96857934	96857934	-1
ANKRD24	chr19	4182630	4224818	4182630	1
ANKRD26	chr10	26973793	27100520	27100520	-1
ANKRD27	chr19	32597000	32676597	32676597	-1
ANKRD28	chr3	15667131	15859847	15859847	-1
ANKRD29	chr18	23598926	23663558	23663558	-1
ANKRD30A	chr10	37125594	37232567	37125594	1
ANKRD30B	chr18	14728272	14854667	14728272	1
ANKRD30BL	chr2	132147591	132257969	132257969	-1
ANKRD31	chr5	75068275	75236915	75236915	-1
ANKRD33	chr12	51888009	51891727	51888009	1
ANKRD33B	chr5	10564070	10657816	10564070	1
ANKRD34A	chr1	145959441	145964575	145964575	-1
ANKRD34B	chr5	80556755	80570479	80570479	-1
ANKRD34C	chr15	79282712	79298239	79282712	1
ANKRD35	chr1	145865390	145886088	145886088	-1
ANKRD36	chr2	97113112	97264521	97113112	1
ANKRD36B	chr2	97492663	97590550	97590550	-1
ANKRD36C	chr2	95836919	95991843	95991843	-1
ANKRD37	chr4	185395964	185412509	185395964	1
ANKRD39	chr2	96836240	96858070	96858070	-1
ANKRD40	chr17	50693197	50707920	50707920	-1
ANKRD40CL	chr17	50760960	50767570	50767570	-1
ANKRD42	chr11	83193705	83260694	83193705	1
ANKRD44	chr2	196967017	197311173	197311173	-1
ANKRD45	chr1	173606033	173669868	173669868	-1
ANKRD46	chr8	100509752	100559789	100559789	-1
ANKRD49	chr11	94493979	94501935	94493979	1
ANKRD50	chr4	124662968	124712767	124712767	-1
ANKRD52	chr12	56237807	56258665	56258665	-1
ANKRD53	chr2	70978380	70985967	70978380	1
ANKRD54	chr22	37830853	37849327	37849327	-1
ANKRD55	chr5	56098242	56233341	56233341	-1
ANKRD6	chr6	89433119	89634170	89433119	1
ANKRD60	chr20	58216126	58228653	58228653	-1
ANKRD61	chr7	6031376	6036552	6031376	1
ANKRD62	chr18	12093729	12129764	12093729	1
ANKRD63	chr15	40278372	40283064	40283064	-1
ANKRD65	chr1	1415637	1421769	1421769	-1
ANKRD66	chr6	46746922	46759790	46746922	1
ANKRD7	chr7	118214669	118496171	118214669	1
ANKRD9	chr14	102501767	102509824	102509824	-1
ANKS1A	chr6	34889243	35091421	34889243	1
ANKS1B	chr12	98726457	99984964	99984964	-1
ANKS3	chr16	4696500	4734388	4734388	-1
ANKS4B	chr16	21233673	21253850	21233673	1
ANKS6	chr9	98729898	98796965	98796965	-1
ANKUB1	chr3	149759044	149968385	149968385	-1
ANKZF1	chr2	219229769	219236679	219229769	1
ANLN	chr7	36389727	36453791	36389727	1
ANO1	chr11	69985907	70189543	69985907	1
ANO10	chr3	43354859	43691594	43691594	-1
ANO2	chr12	5531869	5946232	5946232	-1
ANO3	chr11	26188787	26663359	26188787	1
ANO4	chr12	100717221	101128648	100717221	1
ANO5	chr11	21782659	22283567	21782659	1
ANO6	chr12	45215987	45482280	45215987	1
ANO7	chr2	241188509	241227338	241188509	1
ANO8	chr19	17323223	17334864	17334864	-1
ANO9	chr11	417921	442072	442072	-1
ANOS1	chrX	8528874	8732195	8732195	-1
ANP32A	chr15	68778534	68820924	68820924	-1
ANP32B	chr9	97983126	98017079	97983126	1
ANP32D	chr12	48472559	48473622	48472559	1
ANP32E	chr1	150217463	150236202	150236202	-1
ANPEP	chr15	89784875	89815401	89815401	-1
ANTKMT	chr16	720581	722590	720581	1
ANTXR1	chr2	69013085	69249327	69013085	1
ANTXR2	chr4	79901146	80125454	80125454	-1
ANTXRL	chr10	46286345	46330727	46286345	1
ANXA1	chr9	73148874	73170691	73148874	1
ANXA10	chr4	168092537	168187736	168092537	1
ANXA11	chr10	80150889	80205713	80205713	-1
ANXA13	chr8	123680794	123737442	123737442	-1
ANXA2	chr15	60347134	60402883	60402883	-1
ANXA2R	chr5	43039233	43043170	43043170	-1
ANXA3	chr4	78551615	78611402	78551615	1
ANXA4	chr2	69643109	69827121	69643109	1
ANXA5	chr4	121644102	121697330	121697330	-1
ANXA6	chr5	151100706	151157979	151157979	-1
ANXA7	chr10	73365027	73414731	73414731	-1
ANXA8	chr10	47460162	47484175	47484175	-1
ANXA8L1	chr10	46375587	46391784	46375587	1
ANXA9	chr1	150981321	150996077	150981321	1
AOAH	chr7	36509308	36724549	36724549	-1
AOC1	chr7	150824627	150872465	150824627	1
AOC2	chr17	42844574	42850707	42844574	1
AOC3	chr17	42851130	42858130	42851130	1
AOPEP	chr9	94726604	95151793	94726604	1
AOX1	chr2	200585864	200677064	200585864	1
AP1AR	chr4	112231363	112273110	112231363	1
AP1B1	chr22	29327680	29388612	29388612	-1
AP1G1	chr16	71729000	71809201	71809201	-1
AP1G2	chr14	23559555	23569507	23569507	-1
AP1M1	chr19	16197854	16245906	16197854	1
AP1M2	chr19	10569431	10587317	10587317	-1
AP1S1	chr7	101154352	101161596	101154352	1
AP1S2	chrX	15812775	15855705	15855705	-1
AP1S3	chr2	223667680	223838027	223838027	-1
AP2A1	chr19	49766912	49807114	49766912	1
AP2A2	chr11	924881	1012245	924881	1
AP2B1	chr17	35578046	35726417	35578046	1
AP2M1	chr3	184174689	184184214	184174689	1
AP2S1	chr19	46838136	46850962	46850962	-1
AP3B1	chr5	77991640	78294762	78294762	-1
AP3B2	chr15	82659281	82710112	82710112	-1
AP3D1	chr19	2100982	2164468	2164468	-1
AP3M1	chr10	74120118	74151055	74151055	-1
AP3M2	chr8	42152946	42171673	42152946	1
AP3S1	chr5	115841422	115944455	115841422	1
AP3S2	chr15	89830599	89894638	89894638	-1
AP4B1	chr1	113894194	113905722	113905722	-1
AP4E1	chr15	50908668	51005899	50908668	1
AP4M1	chr7	100100841	100110345	100100841	1
AP4S1	chr14	31024922	31130996	31024922	1
AP5B1	chr11	65772723	65781708	65781708	-1
AP5M1	chr14	57268446	57298742	57268446	1
AP5S1	chr20	3811257	3828909	3811257	1
AP5Z1	chr7	4775610	4794397	4775610	1
APAF1	chr12	98645149	98735433	98645149	1
APBA1	chr9	69427532	69672392	69672392	-1
APBA2	chr15	28884449	29118317	28884449	1
APBA3	chr19	3750772	3761700	3761700	-1
APBB1	chr11	6395111	6419515	6419515	-1
APBB1IP	chr10	26438160	26568449	26438160	1
APBB2	chr4	40810027	41216714	41216714	-1
APBB3	chr5	140558268	140564781	140564781	-1
APC	chr5	112707452	112846239	112707452	1
APC2	chr19	1446302	1473244	1446302	1
APCDD1	chr18	10454589	10489949	10454589	1
APCDD1L	chr20	58457632	58515399	58515399	-1
APCS	chr1	159587818	159602430	159587818	1
APEH	chr3	49673818	49683973	49673818	1
APELA	chr4	164876944	164899007	164876944	1
APEX1	chr14	20454525	20458036	20454525	1
APEX2	chrX	55000323	55009057	55000323	1
APH1A	chr1	150265042	150269580	150269580	-1
APH1B	chr15	63276018	63309126	63276018	1
API5	chr11	43311955	43344531	43311955	1
APIP	chr11	34853094	34916520	34916520	-1
APLF	chr2	68467561	68655862	68467561	1
APLN	chrX	129645259	129654965	129654965	-1
APLNR	chr11	57233577	57237250	57237250	-1
APLP1	chr19	35867899	35879803	35867899	1
APLP2	chr11	130068147	130144811	130068147	1
APMAP	chr20	24962924	24992784	24992784	-1
APOA1	chr11	116834677	116842065	116842065	-1
APOA2	chr1	161222290	161227266	161227266	-1
APOA4	chr11	116820700	116823427	116823427	-1
APOA5	chr11	116789014	116793026	116793026	-1
APOB	chr2	21001305	21044075	21044075	-1
APOBEC1	chr12	7649400	7665908	7665908	-1
APOBEC2	chr6	41053201	41067058	41053201	1
APOBEC3A	chr22	38952741	38963184	38952741	1
APOBEC3B	chr22	38982347	38992804	38982347	1
APOBEC3C	chr22	39014163	39020352	39014163	1
APOBEC3D	chr22	39020952	39034327	39020952	1
APOBEC3F	chr22	39040604	39055972	39040604	1
APOBEC3G	chr22	39077054	39087744	39077054	1
APOBEC3H	chr22	39096257	39104071	39096257	1
APOBEC4	chr1	183646275	183653316	183653316	-1
APOBR	chr16	28494635	28498964	28494635	1
APOC1	chr19	44913133	44920054	44913133	1
APOC2	chr19	44936126	44949585	44936126	1
APOC3	chr11	116827019	116835254	116827019	1
APOC4	chr19	44942234	44945496	44942234	1
APOC4-APOC2	chr19	44942238	44949565	44942238	1
APOD	chr3	195568701	195584047	195584047	-1
APOE	chr19	44903787	44909396	44903787	1
APOF	chr12	56360565	56362862	56362862	-1
APOH	chr17	66211543	66256525	66256525	-1
APOL1	chr22	36253071	36267530	36253071	1
APOL2	chr22	36220307	36239954	36239954	-1
APOL3	chr22	36139792	36166177	36166177	-1
APOL4	chr22	36189124	36204840	36204840	-1
APOL5	chr22	35717872	35729483	35717872	1
APOL6	chr22	35648128	35668409	35648128	1
APOLD1	chr12	12725917	12829975	12725917	1
APOM	chr6	31652416	31658214	31652416	1
APOO	chrX	23833348	23908070	23908070	-1
APOOL	chrX	85003863	85093315	85003863	1
APP	chr21	25880535	26171128	26171128	-1
APPBP2	chr17	60443158	60526242	60526242	-1
APPL1	chr3	57227708	57289540	57227708	1
APPL2	chr12	105172485	105236228	105236228	-1
APRT	chr16	88808323	88811970	88811970	-1
APTX	chr9	32886601	33025176	33025176	-1
AQP1	chr7	30910755	30925517	30910755	1
AQP10	chr1	154321090	154325329	154321090	1
AQP11	chr11	77589391	77635772	77589391	1
AQP12A	chr2	240691866	240698483	240691866	1
AQP12B	chr2	240676418	240682906	240682906	-1
AQP2	chr12	49950736	49958881	49950736	1
AQP3	chr9	33441156	33447596	33447596	-1
AQP4	chr18	26851707	26865820	26865820	-1
AQP5	chr12	49961228	49965682	49961228	1
AQP6	chr12	49967194	49977152	49967194	1
AQP7	chr9	33383133	33437236	33437236	-1
AQP7B	chr2	94587101	94612744	94587101	1
AQP8	chr16	25215731	25228936	25215731	1
AQP9	chr15	58138169	58185915	58138169	1
AQR	chr15	34851650	34969830	34969830	-1
AR	chrX	67543353	67730619	67543353	1
ARAF	chrX	47561043	47571921	47561043	1
ARAP1	chr11	72682436	72794047	72794047	-1
ARAP2	chr4	35948221	36244855	36244855	-1
ARAP3	chr5	141653204	141682255	141682255	-1
ARB2A	chr5	93615442	94111699	94111699	-1
ARC	chr8	142611049	142614479	142614479	-1
ARCN1	chr11	118572384	118603033	118572384	1
AREG	chr4	74444999	74455005	74444999	1
AREL1	chr14	74653437	74713117	74713117	-1
ARF1	chr1	228081841	228099212	228081841	1
ARF3	chr12	48903141	48957531	48957531	-1
ARF4	chr3	57571363	57598220	57598220	-1
ARF5	chr7	127588359	127591705	127588359	1
ARF6	chr14	49892608	49897202	49892608	1
ARFGAP1	chr20	63272785	63289791	63272785	1
ARFGAP2	chr11	47135667	47177474	47177474	-1
ARFGAP3	chr22	42796502	42858106	42858106	-1
ARFGEF1	chr8	67173511	67343961	67343961	-1
ARFGEF2	chr20	48921707	49036693	48921707	1
ARFGEF3	chr6	138161692	138344663	138161692	1
ARFIP1	chr4	152779096	152918463	152779096	1
ARFIP2	chr11	6474683	6481479	6481479	-1
ARFRP1	chr20	63698622	63708662	63708662	-1
ARG1	chr6	131470832	131584332	131470832	1
ARG2	chr14	67619857	67667328	67619857	1
ARGFX	chr3	121567949	121590622	121567949	1
ARGLU1	chr13	106541673	106568165	106568165	-1
ARHGAP1	chr11	46677075	46700977	46700977	-1
ARHGAP10	chr4	147731922	148072780	147731922	1
ARHGAP11A	chr15	32615144	32641334	32615144	1
ARHGAP11A-SCG5	chr15	32613860	32697095	32613860	1
ARHGAP11B	chr15	30624494	30649529	30624494	1
ARHGAP12	chr10	31805398	31928876	31928876	-1
ARHGAP15	chr2	143091362	143768370	143091362	1
ARHGAP17	chr16	24917803	25015666	25015666	-1
ARHGAP18	chr6	129576132	129710252	129710252	-1
ARHGAP19	chr10	97222170	97292673	97292673	-1
ARHGAP19-SLIT1	chr10	97153045	97292637	97292637	-1
ARHGAP20	chr11	110577042	110713189	110713189	-1
ARHGAP21	chr10	24583609	24723997	24723997	-1
ARHGAP22	chr10	48429882	48656265	48656265	-1
ARHGAP23	chr17	38419260	38512385	38419260	1
ARHGAP24	chr4	85475113	86002668	85475113	1
ARHGAP25	chr2	68679601	68826833	68679601	1
ARHGAP26	chr5	142770343	143229011	142770343	1
ARHGAP27	chr17	45393898	45434421	45434421	-1
ARHGAP28	chr18	6729668	6915716	6729668	1
ARHGAP29	chr1	94148988	94275068	94275068	-1
ARHGAP30	chr1	161046944	161069970	161069970	-1
ARHGAP31	chr3	119294031	119420824	119294031	1
ARHGAP32	chr11	128965060	129279324	129279324	-1
ARHGAP33	chr19	35774532	35788822	35774532	1
ARHGAP35	chr19	46860433	47005077	46860433	1
ARHGAP36	chrX	131036573	131089885	131036573	1
ARHGAP39	chr8	144529179	144685879	144685879	-1
ARHGAP4	chrX	153907367	153934999	153934999	-1
ARHGAP40	chr20	38601775	38651035	38601775	1
ARHGAP42	chr11	100687164	100993941	100687164	1
ARHGAP44	chr17	12789463	12991643	12789463	1
ARHGAP45	chr19	1065923	1087829	1065923	1
ARHGAP5	chr14	32075794	32159728	32075794	1
ARHGAP6	chrX	11117651	11665931	11665931	-1
ARHGAP8	chr22	44752547	44862801	44752547	1
ARHGAP9	chr12	57472260	57488831	57488831	-1
ARHGDIA	chr17	81867719	81871378	81871378	-1
ARHGDIB	chr12	14942009	14961985	14961985	-1
ARHGDIG	chr16	280386	283010	280386	1
ARHGEF1	chr19	41883063	41930150	41883063	1
ARHGEF10	chr8	1823332	1958642	1823332	1
ARHGEF10L	chr1	17539368	17697876	17539368	1
ARHGEF11	chr1	156934840	157046903	157046903	-1
ARHGEF12	chr11	120336238	120489937	120336238	1
ARHGEF15	chr17	8310222	8323203	8310222	1
ARHGEF16	chr1	3454550	3485968	3454550	1
ARHGEF17	chr11	73308276	73370786	73308276	1
ARHGEF18	chr19	7348931	7472485	7348931	1
ARHGEF19	chr1	16197854	16212893	16212893	-1
ARHGEF2	chr1	155944685	156007070	156007070	-1
ARHGEF25	chr12	57610111	57617245	57610111	1
ARHGEF26	chr3	154121003	154257827	154121003	1
ARHGEF28	chr5	73625757	73942391	73625757	1
ARHGEF3	chr3	56727414	57079329	57079329	-1
ARHGEF33	chr2	38889839	38975468	38889839	1
ARHGEF35	chr7	144182888	144195879	144195879	-1
ARHGEF37	chr5	149551947	149637962	149551947	1
ARHGEF38	chr4	105552484	105708093	105552484	1
ARHGEF39	chr9	35658874	35675866	35675866	-1
ARHGEF4	chr2	130836864	131047263	130836864	1
ARHGEF40	chr14	21069626	21090269	21069626	1
ARHGEF5	chr7	144355288	144380632	144355288	1
ARHGEF6	chrX	136665547	136781688	136781688	-1
ARHGEF7	chr13	111114559	111305737	111114559	1
ARHGEF9	chrX	63634967	63809274	63809274	-1
ARID1A	chr1	26693236	26782104	26693236	1
ARID1B	chr6	156776020	157211460	156776020	1
ARID2	chr12	45728910	45908040	45728910	1
ARID3A	chr19	924528	975939	924528	1
ARID3B	chr15	74541188	74598131	74541188	1
ARID3C	chr9	34621049	34630503	34630503	-1
ARID4A	chr14	58298384	58373995	58298384	1
ARID4B	chr1	235131634	235328800	235328800	-1
ARID5A	chr2	96536699	96552639	96536699	1
ARID5B	chr10	61901246	62096944	61901246	1
ARIH1	chr15	72474308	72602987	72474308	1
ARIH2	chr3	48918217	48986382	48918217	1
ARK2C	chr18	46326809	46463140	46326809	1
ARK2N	chr18	46173497	46321788	46173497	1
ARL1	chr12	101365309	101407794	101407794	-1
ARL10	chr5	176365450	176415516	176365450	1
ARL11	chr13	49628464	49634842	49628464	1
ARL13A	chrX	100969708	100990831	100969708	1
ARL13B	chr3	93980128	94055678	93980128	1
ARL14	chr3	160677160	160678448	160677160	1
ARL14EP	chr11	30323049	30338967	30323049	1
ARL14EPL	chr5	116032246	116060118	116032246	1
ARL15	chr5	53883927	54310604	54310604	-1
ARL16	chr17	81681160	81683797	81683797	-1
ARL17A	chr17	46431431	46579725	46579725	-1
ARL17B	chr17	46271629	46361793	46361793	-1
ARL2	chr11	65013735	65024328	65013735	1
ARL2-SNX15	chr11	65014182	65040570	65014182	1
ARL2BP	chr16	57245098	57259830	57245098	1
ARL3	chr10	102673731	102714527	102714527	-1
ARL4A	chr7	12686602	12692543	12686602	1
ARL4C	chr2	234493041	234497095	234497095	-1
ARL4D	chr17	43398150	43408660	43398150	1
ARL5A	chr2	151766233	151828531	151828531	-1
ARL5B	chr10	18659304	18681640	18659304	1
ARL5C	chr17	39156894	39167484	39167484	-1
ARL6	chr3	97764521	97801229	97764521	1
ARL6IP1	chr16	18791609	18801572	18801572	-1
ARL6IP4	chr12	122980045	122983480	122980045	1
ARL6IP5	chr3	69084785	69106092	69084785	1
ARL6IP6	chr2	152717621	152762622	152717621	1
ARL8A	chr1	202133404	202144755	202144755	-1
ARL8B	chr3	5122231	5180916	5122231	1
ARL9	chr4	56505209	56524959	56505209	1
ARLN	chr4	119296419	119304445	119304445	-1
ARMC1	chr8	65602454	65634217	65634217	-1
ARMC10	chr7	103074625	103103945	103074625	1
ARMC12	chr6	35737028	35749079	35737028	1
ARMC2	chr6	108841937	108974551	108841937	1
ARMC3	chr10	22928013	23038523	22928013	1
ARMC5	chr16	31458080	31467172	31458080	1
ARMC6	chr19	19033575	19060311	19033575	1
ARMC7	chr17	75109941	75130272	75109941	1
ARMC8	chr3	138187248	138298389	138187248	1
ARMC9	chr2	231198546	231376848	231198546	1
ARMCX1	chrX	101550411	101554704	101550411	1
ARMCX2	chrX	101654024	101659924	101659924	-1
ARMCX3	chrX	101622797	101627843	101622797	1
ARMCX4	chrX	101418269	101535551	101418269	1
ARMCX5	chrX	102599168	102604159	102599168	1
ARMCX5-GPRASP2	chrX	102712495	102753530	102712495	1
ARMCX6	chrX	101615118	101618011	101618011	-1
ARMH1	chr1	44674692	44725591	44674692	1
ARMH2	chr6	24797323	24798917	24798917	-1
ARMH3	chr10	101845599	102056262	102056262	-1
ARMH4	chr14	57999735	58298139	58298139	-1
ARMS2	chr10	122454653	122457352	122454653	1
ARNT	chr1	150808617	150876771	150876771	-1
ARNT2	chr15	80404099	80597937	80404099	1
ARPC1A	chr7	99325879	99366527	99325879	1
ARPC1B	chr7	99374226	99398124	99374226	1
ARPC2	chr2	218216630	218254356	218216630	1
ARPC3	chr12	110434436	110450422	110450422	-1
ARPC4	chr3	9792484	9807704	9792484	1
ARPC4-TTLL3	chr3	9793082	9835401	9793082	1
ARPC5	chr1	183620846	183635908	183635908	-1
ARPC5L	chr9	124862109	124877750	124862109	1
ARPIN	chr15	89895006	89912966	89912966	-1
ARPIN-AP3S2	chr15	89834308	89912882	89912882	-1
ARPP19	chr15	52547045	52569883	52569883	-1
ARPP21	chr3	35638945	35794496	35638945	1
ARR3	chrX	70268305	70281840	70268305	1
ARRB1	chr11	75260122	75352293	75352293	-1
ARRB2	chr17	4710393	4721500	4710393	1
ARRDC1	chr9	137605619	137617859	137605619	1
ARRDC2	chr19	18001126	18015694	18001126	1
ARRDC3	chr5	91368631	91383348	91383348	-1
ARRDC4	chr15	97960700	97973838	97960700	1
ARRDC5	chr19	4890437	4902948	4902948	-1
ARSA	chr22	50622754	50628177	50628177	-1
ARSB	chr5	78777209	78986087	78986087	-1
ARSD	chrX	2903972	2929405	2929405	-1
ARSF	chrX	3040235	3112822	3040235	1
ARSG	chr17	68259170	68422731	68259170	1
ARSH	chrX	3006546	3034111	3006546	1
ARSI	chr5	150296343	150339307	150339307	-1
ARSJ	chr4	113900282	113979728	113979728	-1
ARSK	chr5	95555081	95607966	95555081	1
ARSL	chrX	2932983	2968475	2968475	-1
ART1	chr11	3645106	3668548	3645106	1
ART3	chr4	76011176	76114094	76011176	1
ART4	chr12	14822378	14843630	14843630	-1
ART5	chr11	3638503	3643187	3643187	-1
ARTN	chr1	43933272	43937244	43933272	1
ARV1	chr1	230978981	231000735	230978981	1
ARVCF	chr22	19969866	20016862	20016862	-1
ARX	chrX	25003694	25016420	25016420	-1
AS3MT	chr10	102869296	102901911	102869296	1
ASAH1	chr8	18055992	18084998	18084998	-1
ASAH2	chr10	50182778	50279720	50279720	-1
ASAH2B	chr10	50739318	50816495	50739318	1
ASAP1	chr8	130052104	130444082	130444082	-1
ASAP2	chr2	9206602	9405683	9206602	1
ASAP3	chr1	23428560	23484637	23484637	-1
ASB1	chr2	238426742	238452250	238426742	1
ASB10	chr7	151175684	151187832	151187832	-1
ASB11	chrX	15281486	15315658	15315658	-1
ASB12	chrX	64224194	64230631	64230631	-1
ASB13	chr10	5638856	5666627	5666627	-1
ASB14	chr3	57268342	57292693	57292693	-1
ASB15	chr7	123567010	123639481	123567010	1
ASB16	chr17	44170447	44179373	44170447	1
ASB17	chr1	75918873	75932409	75932409	-1
ASB18	chr2	236193453	236264409	236264409	-1
ASB2	chr14	93933783	93978831	93978831	-1
ASB3	chr2	53532672	53860160	53860160	-1
ASB4	chr7	95478444	95540233	95478444	1
ASB5	chr4	176213657	176277571	176277571	-1
ASB6	chr9	129634601	129642363	129642363	-1
ASB7	chr15	100602518	100651703	100602518	1
ASB8	chr12	48147789	48181213	48181213	-1
ASB9	chrX	15235288	15270467	15270467	-1
ASCC1	chr10	72092153	72217653	72217653	-1
ASCC2	chr22	29788044	29838304	29838304	-1
ASCC3	chr6	100508194	100881412	100881412	-1
ASCL1	chr12	102957667	102960513	102957667	1
ASCL2	chr11	2268498	2271040	2271040	-1
ASCL3	chr11	8937578	8943016	8943016	-1
ASCL4	chr12	107774704	107776644	107774704	1
ASCL5	chr1	201113943	201127184	201127184	-1
ASDURF	chr2	189661385	189666437	189661385	1
ASF1A	chr6	118894020	118909264	118894020	1
ASF1B	chr19	14119512	14136622	14136622	-1
ASGR1	chr17	7172427	7179666	7179666	-1
ASGR2	chr17	7100166	7116603	7116603	-1
ASH1L	chr1	155335268	155563162	155563162	-1
ASH2L	chr8	38105493	38144124	38105493	1
ASIC1	chr12	50057351	50083621	50057351	1
ASIC2	chr17	33013087	34174964	34174964	-1
ASIC3	chr7	151048292	151052756	151048292	1
ASIC4	chr2	219514170	219538772	219514170	1
ASIC5	chr4	155829729	155866277	155866277	-1
ASIP	chr20	34194569	34269346	34194569	1
ASL	chr7	66075800	66094697	66075800	1
ASMT	chrY	1615059	1643081	1615059	1
ASMTL	chrY	1403126	1453786	1453786	-1
ASNS	chr7	97850162	97893143	97893143	-1
ASNSD1	chr2	189661385	189671381	189661385	1
ASPA	chr17	3472374	3503405	3472374	1
ASPDH	chr19	50511568	50514696	50514696	-1
ASPG	chr14	104085537	104115582	104085537	1
ASPH	chr8	61491715	61714822	61714822	-1
ASPHD1	chr16	29900363	29919864	29900363	1
ASPHD2	chr22	26428729	26445015	26428729	1
ASPM	chr1	197084121	197146699	197146699	-1
ASPN	chr9	92456193	92492208	92492208	-1
ASPRV1	chr2	69960089	69961631	69961631	-1
ASPSCR1	chr17	81976807	82018698	81976807	1
ASRGL1	chr11	62337347	62393415	62337347	1
ASS1	chr9	130443282	130502361	130443282	1
ASTE1	chr3	131013065	131027649	131027649	-1
ASTL	chr2	96122818	96138564	96138564	-1
ASTN1	chr1	176857302	177164973	177164973	-1
ASTN2	chr9	116423112	117415188	117415188	-1
ASXL1	chr20	32358266	32439319	32358266	1
ASXL2	chr2	25733753	25878600	25878600	-1
ASXL3	chr18	33578219	33751195	33578219	1
ASZ1	chr7	117363222	117428123	117428123	-1
ATAD1	chr10	87744644	87842355	87842355	-1
ATAD2	chr8	123319850	123416350	123416350	-1
ATAD2B	chr2	23748664	23927221	23927221	-1
ATAD3A	chr1	1512118	1534689	1512118	1
ATAD3B	chr1	1471742	1497848	1471742	1
ATAD3C	chr1	1449689	1470163	1449689	1
ATAD5	chr17	30831945	30895871	30831945	1
ATAT1	chr6	30626837	30646835	30626837	1
ATCAY	chr19	3879864	3928082	3879864	1
ATE1	chr10	121709393	121928801	121928801	-1
ATF1	chr12	50763710	50821162	50763710	1
ATF2	chr2	175072250	175168382	175168382	-1
ATF3	chr1	212565334	212620777	212565334	1
ATF4	chr22	39519695	39522690	39519695	1
ATF5	chr19	49923910	49933935	49923910	1
ATF6	chr1	161766243	161977574	161766243	1
ATF6B	chr6	32115264	32128255	32128255	-1
ATF7	chr12	53507856	53626412	53626412	-1
ATF7-NPFF	chr12	53506691	53625979	53625979	-1
ATF7IP	chr12	14365439	14502931	14365439	1
ATF7IP2	chr16	10326434	10483640	10326434	1
ATG10	chr5	81971615	82277178	81971615	1
ATG101	chr12	52069246	52077495	52069246	1
ATG12	chr5	115828182	115842534	115842534	-1
ATG13	chr11	46617251	46674818	46617251	1
ATG14	chr14	55366391	55411831	55411831	-1
ATG16L1	chr2	233210051	233295674	233210051	1
ATG16L2	chr11	72814138	72845036	72814138	1
ATG2A	chr11	64894531	64917249	64917249	-1
ATG2B	chr14	96279195	96363422	96363422	-1
ATG3	chr3	112531772	112562318	112562318	-1
ATG4A	chrX	108091666	108155969	108091666	1
ATG4B	chr2	241637204	241673857	241637204	1
ATG4C	chr1	62783821	62866217	62783821	1
ATG4D	chr19	10543533	10553556	10543533	1
ATG5	chr6	106045423	106326477	106326477	-1
ATG7	chr3	11272309	11557665	11272309	1
ATG9A	chr2	219219380	219230383	219230383	-1
ATG9B	chr7	151012209	151024499	151024499	-1
ATIC	chr2	215311956	215352251	215311956	1
ATL1	chr14	50532509	50634017	50532509	1
ATL2	chr2	38293942	38377438	38377438	-1
ATL3	chr11	63624087	63671921	63671921	-1
ATM	chr11	108222788	108369102	108222788	1
ATMIN	chr16	81035809	81047350	81035809	1
ATN1	chr12	6924454	6942322	6924454	1
ATOH1	chr4	93828753	93830964	93828753	1
ATOH7	chr10	68230595	68232113	68232113	-1
ATOH8	chr2	85751344	85794266	85751344	1
ATOSA	chr15	52581317	52709824	52709824	-1
ATOSB	chr9	35104112	35116357	35116357	-1
ATOX1	chr5	151728919	151772532	151772532	-1
ATP10A	chr15	25677273	25865184	25865184	-1
ATP10B	chr5	160563120	160852214	160852214	-1
ATP10D	chr4	47485204	47595099	47485204	1
ATP11A	chr13	112689911	112887177	112689911	1
ATP11B	chr3	182793466	182923011	182793466	1
ATP11C	chrX	139726289	139945276	139945276	-1
ATP12A	chr13	24680408	24712551	24680408	1
ATP13A1	chr19	19645196	19663700	19663700	-1
ATP13A2	chr1	16985958	17011986	17011986	-1
ATP13A3	chr3	194402672	194498364	194498364	-1
ATP13A4	chr3	193398967	193593111	193593111	-1
ATP13A5	chr3	193274789	193378820	193378820	-1
ATP1A1	chr1	116372668	116410261	116372668	1
ATP1A2	chr1	160115755	160143605	160115755	1
ATP1A3	chr19	41966582	41997497	41997497	-1
ATP1A4	chr1	160151586	160187593	160151586	1
ATP1B1	chr1	169105697	169311254	169105697	1
ATP1B2	chr17	7646627	7657771	7646627	1
ATP1B3	chr3	141876111	141927499	141876111	1
ATP1B4	chrX	120362085	120383249	120362085	1
ATP23	chr12	57906039	57959148	57906039	1
ATP2A1	chr16	28878383	28904511	28878383	1
ATP2A2	chr12	110280603	110351093	110280603	1
ATP2A3	chr17	3923866	3964499	3964499	-1
ATP2B1	chr12	89588049	89709642	89709642	-1
ATP2B2	chr3	10324023	10708060	10708060	-1
ATP2B3	chrX	153517620	153582939	153517620	1
ATP2B4	chr1	203626664	203744081	203626664	1
ATP2C1	chr3	130850504	131016759	130850504	1
ATP2C2	chr16	84368476	84465779	84368476	1
ATP4A	chr19	35549339	35563658	35563658	-1
ATP4B	chr13	113648804	113658198	113658198	-1
ATP5F1A	chr18	46080248	46104334	46104334	-1
ATP5F1B	chr12	56637490	56646079	56646079	-1
ATP5F1C	chr10	7788092	7807911	7788092	1
ATP5F1D	chr19	1241734	1244828	1241734	1
ATP5F1E	chr20	59025475	59032363	59032363	-1
ATP5IF1	chr1	28236072	28246908	28236072	1
ATP5MC1	chr17	48892765	48895875	48892765	1
ATP5MC2	chr12	53626515	53678658	53678658	-1
ATP5MC3	chr2	175172968	175181764	175181764	-1
ATP5ME	chr4	672423	674400	674400	-1
ATP5MF	chr7	99448475	99466201	99466201	-1
ATP5MF-PTCD1	chr7	99419749	99466197	99466197	-1
ATP5MG	chr11	118401345	118433278	118401345	1
ATP5MGL	chr22	42639803	42640601	42640601	-1
ATP5MJ	chr14	103912277	103929158	103929158	-1
ATP5MK	chr10	103388974	103396492	103396492	-1
ATP5PB	chr1	111448111	111468527	111448111	1
ATP5PD	chr17	75038618	75047718	75047718	-1
ATP5PF	chr21	25693623	25735721	25735721	-1
ATP5PO	chr21	33901027	33915853	33915853	-1
ATP6AP1	chrX	154428618	154436517	154428618	1
ATP6AP2	chrX	40579372	40607713	40579372	1
ATP6V0A1	chr17	42458823	42522582	42458823	1
ATP6V0A2	chr12	123712334	123761760	123712334	1
ATP6V0A4	chr7	138706289	138799672	138799672	-1
ATP6V0B	chr1	43974487	43978299	43974487	1
ATP6V0C	chr16	2513713	2520218	2513713	1
ATP6V0D1	chr16	67437523	67481227	67481227	-1
ATP6V0D2	chr8	85987323	86154228	85987323	1
ATP6V0E1	chr5	172983755	173037672	172983755	1
ATP6V0E2	chr7	149872961	149927449	149872961	1
ATP6V1A	chr3	113746296	113812251	113746296	1
ATP6V1B1	chr2	70935771	70965431	70935771	1
ATP6V1B2	chr8	20197323	20233400	20197323	1
ATP6V1C1	chr8	103021050	103073683	103021050	1
ATP6V1C2	chr2	10721100	10785710	10721100	1
ATP6V1D	chr14	67294371	67360265	67360265	-1
ATP6V1E1	chr22	17592136	17630958	17630958	-1
ATP6V1E2	chr2	46490750	46543287	46543287	-1
ATP6V1F	chr7	128862816	128865849	128862816	1
ATP6V1G1	chr9	114587572	114598915	114587572	1
ATP6V1G2	chr6	31544444	31548427	31548427	-1
ATP6V1G2-DDX39B	chr6	31530219	31546608	31546608	-1
ATP6V1G3	chr1	198523211	198540945	198540945	-1
ATP6V1H	chr8	53715543	53843558	53843558	-1
ATP7A	chrX	77910688	78050395	77910688	1
ATP7B	chr13	51930436	52012198	52012198	-1
ATP8A1	chr4	42408373	42657144	42657144	-1
ATP8A2	chr13	25371897	26025851	25371897	1
ATP8B1	chr18	57646426	57803560	57803560	-1
ATP8B2	chr1	154325511	154351307	154325511	1
ATP8B3	chr19	1781761	1812295	1812295	-1
ATP8B4	chr15	49858238	50182947	50182947	-1
ATP9A	chr20	51596512	51768716	51768716	-1
ATP9B	chr18	79069259	79378391	79069259	1
ATPAF1	chr1	46632071	46673867	46673867	-1
ATPAF2	chr17	17977409	18040833	18040833	-1
ATPSCKMT	chr5	10225507	10249897	10249897	-1
ATR	chr3	142449007	142578868	142578868	-1
ATRAID	chr2	27212012	27217178	27212012	1
ATRIP	chr3	48446710	48467645	48446710	1
ATRN	chr20	3470965	3651118	3470965	1
ATRNL1	chr10	115092844	115948999	115092844	1
ATRX	chrX	77504862	77786233	77786233	-1
ATXN1	chr6	16299112	16761491	16761491	-1
ATXN10	chr22	45671710	45856028	45671710	1
ATXN1L	chr16	71808439	71885268	71808439	1
ATXN2	chr12	111443485	111599676	111599676	-1
ATXN2L	chr16	28822983	28837237	28822983	1
ATXN3	chr14	92044482	92106625	92106625	-1
ATXN3L	chrX	13318647	13320053	13320053	-1
ATXN7	chr3	63863155	64003558	63863155	1
ATXN7L1	chr7	105604772	105877400	105877400	-1
ATXN7L2	chr1	109483479	109492812	109483479	1
ATXN7L3	chr17	44191804	44200961	44200961	-1
ATXN7L3B	chr12	74537835	74545430	74537835	1
AUH	chr9	91213805	91361972	91361972	-1
AUNIP	chr1	25831913	25859463	25859463	-1
AUP1	chr2	74526636	74529966	74529966	-1
AURKA	chr20	56369382	56392566	56392566	-1
AURKAIP1	chr1	1373710	1375521	1375521	-1
AURKB	chr17	8204335	8210638	8210638	-1
AURKC	chr19	57231002	57235552	57231002	1
AUTS2	chr7	69598296	70793506	69598296	1
AVEN	chr15	33836372	34075155	34075155	-1
AVIL	chr12	57797376	57818734	57818734	-1
AVL9	chr7	32495426	32588726	32495426	1
AVP	chr20	3082556	3084724	3084724	-1
AVPI1	chr10	97672966	97687561	97687561	-1
AVPR1A	chr12	63142759	63151206	63151206	-1
AVPR1B	chr1	206106936	206117699	206117699	-1
AVPR2	chrX	153902531	153907169	153902531	1
AWAT1	chrX	70234655	70240659	70234655	1
AWAT2	chrX	70040542	70049988	70049988	-1
AXDND1	chr1	179365720	179554735	179365720	1
AXIN1	chr16	287440	352734	352734	-1
AXIN2	chr17	65528561	65562067	65562067	-1
AXL	chr19	41218934	41261766	41218934	1
AZGP1	chr7	99966720	99976074	99976074	-1
AZI2	chr3	28315003	28349054	28349054	-1
AZIN1	chr8	102823965	102893864	102893864	-1
AZIN2	chr1	33081104	33123492	33081104	1
AZU1	chr19	825097	832018	825097	1
B2M	chr15	44711253	44718851	44711253	1
B3GALNT1	chr3	161083565	161105445	161105445	-1
B3GALNT2	chr1	235447161	235504512	235504512	-1
B3GALT1	chr2	167292980	167874045	167292980	1
B3GALT2	chr1	193177027	193186627	193186627	-1
B3GALT4	chr6	33277123	33284832	33277123	1
B3GALT5	chr21	39556442	39673137	39556442	1
B3GALT6	chr1	1232237	1235041	1232237	1
B3GALT9	chr9	120792403	120801787	120792403	1
B3GAT1	chr11	134378504	134412250	134412250	-1
B3GAT2	chr6	70856679	70957464	70957464	-1
B3GAT3	chr11	62614993	62622180	62622180	-1
B3GLCT	chr13	31199960	31332276	31199960	1
B3GNT2	chr2	62195485	62226271	62195485	1
B3GNT3	chr19	17794697	17814175	17794697	1
B3GNT4	chr12	122203681	122208952	122203681	1
B3GNT5	chr3	183249214	183298504	183249214	1
B3GNT6	chr11	77034393	77041973	77034393	1
B3GNT7	chr2	231395558	231408799	231395558	1
B3GNT8	chr19	41422878	41428730	41428730	-1
B3GNT9	chr16	67142023	67151260	67151260	-1
B4GALNT1	chr12	57623409	57633242	57633242	-1
B4GALNT2	chr17	49132460	49178647	49132460	1
B4GALNT3	chr12	459923	563509	459923	1
B4GALNT4	chr11	369457	382117	369457	1
B4GALT1	chr9	33100493	33167399	33167399	-1
B4GALT2	chr1	43978943	43991173	43978943	1
B4GALT3	chr1	161171304	161178652	161178652	-1
B4GALT4	chr3	119208851	119240952	119240952	-1
B4GALT5	chr20	49632945	49713949	49713949	-1
B4GALT6	chr18	31621684	31685836	31685836	-1
B4GALT7	chr5	177600081	177611056	177600081	1
B4GAT1	chr11	66345374	66347856	66347856	-1
B9D1	chr17	19334308	19378193	19378193	-1
B9D2	chr19	41354417	41364165	41364165	-1
BAALC	chr8	103140370	103248401	103140370	1
BAAT	chr9	101351986	101385400	101385400	-1
BABAM1	chr19	17267343	17281249	17267343	1
BABAM2	chr2	27888667	28339184	27888667	1
BACC1	chr17	7014480	7017544	7014480	1
BACE1	chr11	117285232	117316291	117316291	-1
BACE2	chr21	41167775	41282530	41167775	1
BACH1	chr21	29194071	29630751	29194071	1
BACH2	chr6	89926528	90296982	90296982	-1
BAD	chr11	64269828	64291946	64291946	-1
BAG1	chr9	33247820	33264720	33264720	-1
BAG2	chr6	57172272	57189833	57172272	1
BAG3	chr10	119650879	119677913	119650879	1
BAG4	chr8	38176533	38215427	38176533	1
BAG5	chr14	103556545	103576759	103576759	-1
BAG6	chr6	31638543	31652747	31652747	-1
BAHCC1	chr17	81395450	81466331	81395450	1
BAHD1	chr15	40436611	40468242	40436611	1
BAIAP2	chr17	81035122	81117434	81035122	1
BAIAP2L1	chr7	98290827	98401213	98401213	-1
BAIAP2L2	chr22	38084652	38111015	38111015	-1
BAIAP3	chr16	1333638	1349439	1333638	1
BAK1	chr6	33568791	33580305	33580305	-1
BAMBI	chr10	28677510	28684890	28677510	1
BANF1	chr11	66001832	66004170	66001832	1
BANF2	chr20	17693672	17735873	17693672	1
BANK1	chr4	101411286	102074904	101411286	1
BANP	chr16	87949127	88083442	87949127	1
BAP1	chr3	52398585	52410038	52410038	-1
BARD1	chr2	214724705	214809726	214809726	-1
BARHL1	chr9	132582071	132591651	132582071	1
BARHL2	chr1	90711527	90717955	90717955	-1
BARX1	chr9	93951627	93955407	93955407	-1
BARX2	chr11	129375761	129452279	129375761	1
BASP1	chr5	17065598	17276857	17065598	1
BATF	chr14	75522455	75546993	75522455	1
BATF2	chr11	64987945	64997018	64997018	-1
BATF3	chr1	212686417	212699888	212699888	-1
BAX	chr19	48954815	48961806	48954815	1
BAZ1A	chr14	34752028	34875647	34875647	-1
BAZ1B	chr7	73440406	73522293	73522293	-1
BAZ2A	chr12	56595596	56636914	56636914	-1
BAZ2B	chr2	159315312	159617282	159617282	-1
BBC3	chr19	47220822	47233019	47233019	-1
BBIP1	chr10	110898730	110919371	110919371	-1
BBLN	chr9	128160219	128163928	128160219	1
BBOF1	chr14	74019341	74082863	74019341	1
BBOX1	chr11	27040698	27186650	27040698	1
BBS1	chr11	66510606	66534660	66510606	1
BBS10	chr12	76344474	76348447	76348447	-1
BBS12	chr4	122732653	122746078	122732653	1
BBS2	chr16	56465640	56582667	56582667	-1
BBS4	chr15	72686181	72742006	72686181	1
BBS5	chr2	169479480	169509452	169479480	1
BBS7	chr4	121824329	121870502	121870502	-1
BBS9	chr7	33109557	33877180	33109557	1
BBX	chr3	107522936	107811339	107522936	1
BCAM	chr19	44809040	44821421	44809040	1
BCAN	chr1	156641390	156659532	156641390	1
BCAP29	chr7	107579957	107633139	107579957	1
BCAP31	chrX	153698006	153725957	153725957	-1
BCAR1	chr16	75228181	75268053	75268053	-1
BCAR3	chr1	93561178	93847488	93847488	-1
BCAS1	chr20	53936777	54070675	54070675	-1
BCAS2	chr1	114547043	114581725	114581725	-1
BCAS3	chr17	60677453	61392838	60677453	1
BCAS4	chr20	50794894	50877179	50794894	1
BCAT1	chr12	24809944	24949556	24949556	-1
BCAT2	chr19	48795061	48811066	48811066	-1
BCCIP	chr10	125823523	125854471	125823523	1
BCDIN3D	chr12	49836043	49843133	49843133	-1
BCHE	chr3	165772900	165837462	165837462	-1
BCKDHA	chr19	41397792	41425092	41397792	1
BCKDHB	chr6	80106626	80384773	80106626	1
BCKDK	chr16	31106107	31113464	31106107	1
BCL10	chr1	85265776	85276640	85276640	-1
BCL11A	chr2	60450520	60554467	60554467	-1
BCL11B	chr14	99169287	99272197	99272197	-1
BCL2	chr18	63123346	63320215	63320215	-1
BCL2A1	chr15	79960892	79971243	79971243	-1
BCL2L1	chr20	31664452	31723989	31723989	-1
BCL2L10	chr15	52109263	52112775	52112775	-1
BCL2L11	chr2	111119378	111168444	111119378	1
BCL2L12	chr19	49664622	49673917	49664622	1
BCL2L13	chr22	17628848	17730855	17628848	1
BCL2L14	chr12	12049844	12211084	12049844	1
BCL2L15	chr1	113876816	113887588	113887588	-1
BCL2L2	chr14	23298790	23313069	23298790	1
BCL2L2-PABPN1	chr14	23306833	23326175	23306833	1
BCL3	chr19	44747705	44760044	44747705	1
BCL6	chr3	187721377	187745725	187745725	-1
BCL6B	chr17	7023050	7030290	7023050	1
BCL7A	chr12	122019422	122062044	122019422	1
BCL7B	chr7	73536355	73558017	73558017	-1
BCL7C	chr16	30818695	30894302	30894302	-1
BCL9	chr1	147541337	147626226	147541337	1
BCL9L	chr11	118893875	118925926	118925926	-1
BCLAF1	chr6	136256627	136289852	136289852	-1
BCLAF3	chrX	19912860	19991097	19991097	-1
BCO1	chr16	81238576	81291226	81238576	1
BCO2	chr11	112175472	112225895	112175472	1
BCOR	chrX	40049815	40177329	40177329	-1
BCORL1	chrX	129981107	130058071	129981107	1
BCR	chr22	23179704	23318037	23179704	1
BCS1L	chr2	218658764	218668759	218658764	1
BDH1	chr3	197509776	197573440	197573440	-1
BDH2	chr4	103077592	103099885	103099885	-1
BDKRB1	chr14	96255816	96268967	96255816	1
BDKRB2	chr14	96204526	96249490	96204526	1
BDNF	chr11	27654893	27722058	27722058	-1
BDP1	chr5	71455639	71567820	71455639	1
BEAN1	chr16	66426947	66493529	66426947	1
BECN1	chr17	42809108	42833350	42833350	-1
BECN2	chr1	241957767	241959062	241957767	1
BEGAIN	chr14	100537147	100587430	100587430	-1
BEND2	chrX	18162931	18220886	18220886	-1
BEND3	chr6	107065138	107116234	107116234	-1
BEND4	chr4	42110853	42152878	42152878	-1
BEND5	chr1	48727519	48777020	48777020	-1
BEND6	chr6	56954805	57027980	56954805	1
BEND7	chr10	13438484	13529287	13529287	-1
BEST1	chr11	61949808	61965515	61949808	1
BEST2	chr19	12751673	12758458	12751673	1
BEST3	chr12	69643360	69699476	69699476	-1
BEST4	chr1	44781836	44791550	44791550	-1
BET1	chr7	93962762	94004383	94004383	-1
BET1L	chr11	167784	208695	208695	-1
BEX1	chrX	103062294	103064342	103064342	-1
BEX2	chrX	103309345	103311298	103311298	-1
BEX3	chrX	103375818	103380937	103375818	1
BEX4	chrX	103215068	103217931	103215068	1
BEX5	chrX	102153464	102156017	102156017	-1
BFAR	chr16	14632813	14669252	14632813	1
BFSP1	chr20	17493905	17569220	17569220	-1
BFSP2	chr3	133400056	133475222	133400056	1
BGLAP	chr1	156242154	156243317	156242154	1
BGN	chrX	153488654	153510711	153488654	1
BHLHA15	chr7	98211432	98215457	98211432	1
BHLHA9	chr17	1270444	1271815	1270444	1
BHLHE22	chr8	64580365	64583627	64580365	1
BHLHE23	chr20	63005927	63007035	63007035	-1
BHLHE40	chr3	4978715	4985323	4978715	1
BHLHE41	chr12	26117178	26125106	26125106	-1
BHMT	chr5	79111803	79132291	79111803	1
BHMT2	chr5	79069542	79090084	79069542	1
BICC1	chr10	58512756	58831435	58512756	1
BICD1	chr12	32106643	32383633	32106643	1
BICD2	chr9	92711363	92764866	92764866	-1
BICDL1	chr12	119988862	120094496	119988862	1
BICDL2	chr16	3027682	3036993	3036993	-1
BICRA	chr19	47608196	47703277	47608196	1
BICRAL	chr6	42781931	42868560	42781931	1
BID	chr22	17734138	17774770	17774770	-1
BIK	chr22	43110742	43129712	43110742	1
BIN1	chr2	127048017	127107556	127107556	-1
BIN2	chr12	51281038	51324668	51324668	-1
BIN3	chr8	22610290	22669148	22669148	-1
BIRC2	chr11	102347208	102378680	102347208	1
BIRC3	chr11	102317451	102339403	102317451	1
BIRC5	chr17	78214186	78225636	78214186	1
BIRC6	chr2	32357019	32619582	32357019	1
BIRC7	chr20	63235435	63240497	63235435	1
BIVM	chr13	102799101	102841748	102799101	1
BIVM-ERCC5	chr13	102799110	102875994	102799110	1
BLACAT1	chr1	205434852	205457390	205457390	-1
BLCAP	chr20	37492472	37528100	37528100	-1
BLID	chr11	122115340	122116215	122116215	-1
BLK	chr8	11486894	11564599	11486894	1
BLM	chr15	90717340	90816166	90717340	1
BLMH	chr17	30248193	30292152	30292152	-1
BLNK	chr10	96189171	96272658	96272658	-1
BLOC1S1	chr12	55715911	55720087	55715911	1
BLOC1S2	chr10	100272797	100286708	100286708	-1
BLOC1S3	chr19	45152811	45216933	45152811	1
BLOC1S4	chr4	6716174	6717664	6716174	1
BLOC1S5	chr6	8012317	8064419	8064419	-1
BLOC1S5-TXNDC5	chr6	7881522	8064364	8064364	-1
BLOC1S6	chr15	45587108	45615945	45587108	1
BLTP1	chr4	122152327	122364167	122152327	1
BLTP2	chr17	28614440	28645454	28645454	-1
BLTP3A	chr6	34792024	34885350	34792024	1
BLTP3B	chr12	100028455	100142889	100142889	-1
BLVRA	chr7	43758009	43808868	43758009	1
BLVRB	chr19	40446758	40465826	40465826	-1
BLZF1	chr1	169367967	169397302	169367967	1
BMAL1	chr11	13276647	13388048	13276647	1
BMAL2	chr12	27332801	27425289	27332801	1
BMERB1	chr16	15434475	15625028	15434475	1
BMF	chr15	40087889	40108928	40108928	-1
BMI1	chr10	22321058	22331685	22321058	1
BMP1	chr8	22164899	22212326	22164899	1
BMP10	chr2	68860909	68871439	68871439	-1
BMP15	chrX	50910735	50916641	50910735	1
BMP2	chr20	6767679	6782614	6767679	1
BMP2K	chr4	78776015	78916365	78776015	1
BMP3	chr4	81030632	81057627	81030632	1
BMP4	chr14	53944482	53958761	53958761	-1
BMP5	chr6	55753619	55875601	55875601	-1
BMP6	chr6	7726049	7881730	7726049	1
BMP7	chr20	57168748	57266680	57266680	-1
BMP8A	chr1	39491069	39529869	39491069	1
BMP8B	chr1	39756765	39788865	39788865	-1
BMPER	chr7	33904308	34156427	33904308	1
BMPR1A	chr10	86755751	86932825	86755751	1
BMPR1B	chr4	94757937	95158449	94757937	1
BMPR2	chr2	202375835	202567751	202375835	1
BMS1	chr10	42782636	42834937	42782636	1
BMX	chrX	15464246	15556529	15464246	1
BNC1	chr15	83255884	83284664	83284664	-1
BNC2	chr9	16409503	16871942	16871942	-1
BNIP1	chr5	173144442	173164397	173144442	1
BNIP2	chr15	59659146	59689487	59689487	-1
BNIP3	chr10	131959618	131981984	131981984	-1
BNIP3L	chr8	26383031	26505636	26383031	1
BNIP5	chr6	36315757	36337010	36337010	-1
BNIPL	chr1	151036321	151047720	151036321	1
BOC	chr3	113210846	113287463	113210846	1
BOD1	chr5	173603722	173616694	173616694	-1
BOD1L1	chr4	13568738	13627741	13627741	-1
BOD1L2	chr18	57147087	57150410	57147087	1
BOK	chr2	241551300	241585941	241551300	1
BOLA1	chr1	149886406	149900798	149886406	1
BOLA2	chr16	29453587	29455012	29455012	-1
BOLA2-SMG1P6	chr16	29443230	29454651	29454651	-1
BOLA2B	chr16	30192928	30194306	30194306	-1
BOLA3	chr2	74133333	74147977	74147977	-1
BOLL	chr2	197726879	197786762	197786762	-1
BOP1	chr8	144262045	144291453	144291453	-1
BORA	chr13	72727749	72756198	72727749	1
BORCS5	chr12	12357057	12482332	12357057	1
BORCS6	chr17	8188345	8190180	8190180	-1
BORCS7	chr10	102854224	102864979	102854224	1
BORCS7-ASMT	chr10	102854272	102901899	102854272	1
BORCS8	chr19	19163148	19192591	19192591	-1
BORCS8-MEF2B	chr19	19145569	19192158	19192158	-1
BPGM	chr7	134646784	134682319	134646784	1
BPHL	chr6	3118374	3153661	3118374	1
BPI	chr20	38260141	38337505	38260141	1
BPIFA1	chr20	33235987	33243311	33235987	1
BPIFA2	chr20	33161768	33181412	33161768	1
BPIFA3	chr20	33217310	33227806	33217310	1
BPIFB1	chr20	33273480	33310382	33273480	1
BPIFB2	chr20	33007696	33023709	33007696	1
BPIFB3	chr20	33053903	33073847	33053903	1
BPIFB4	chr20	33079643	33111751	33079643	1
BPIFB6	chr20	33029189	33044230	33029189	1
BPIFC	chr22	32413845	32464484	32464484	-1
BPNT1	chr1	220057079	220119267	220119267	-1
BPNT2	chr8	56957931	56993893	56993893	-1
BPTF	chr17	67825488	67984378	67825488	1
BPY2	chrY	22973819	23005465	22973819	1
BPY2B	chrY	24607560	24639207	24607560	1
BPY2C	chrY	25030901	25062548	25062548	-1
BRAF	chr7	140719327	140925199	140925199	-1
BRAP	chr12	111642145	111686005	111686005	-1
BRAT1	chr7	2537784	2555782	2555782	-1
BRCA1	chr17	43044292	43170245	43170245	-1
BRCA2	chr13	32315086	32400268	32315086	1
BRCC3	chrX	155071416	155128969	155071416	1
BRD1	chr22	49773278	49827946	49827946	-1
BRD10	chr9	5881596	6008495	6008495	-1
BRD2	chr6	32968564	32981505	32968564	1
BRD3	chr9	134030305	134068560	134068560	-1
BRD3OS	chr9	134025429	134034666	134025429	1
BRD4	chr19	15235519	15332547	15332547	-1
BRD7	chr16	50313487	50369059	50369059	-1
BRD8	chr5	138139770	138178988	138178988	-1
BRD9	chr5	850291	892838	892838	-1
BRDT	chr1	91949343	92014426	91949343	1
BRF1	chr14	105209277	105315589	105315589	-1
BRF2	chr8	37843268	37849911	37849911	-1
BRI3	chr7	98252379	98310441	98252379	1
BRI3BP	chr12	124993617	125031231	124993617	1
BRICD5	chr16	2209252	2210905	2210905	-1
BRINP1	chr9	119153458	119369515	119369515	-1
BRINP2	chr1	177170890	177282422	177170890	1
BRINP3	chr1	190097645	190478404	190478404	-1
BRIP1	chr17	61679139	61863561	61863561	-1
BRIX1	chr5	34915273	34926622	34915273	1
BRK1	chr3	10115590	10135082	10115590	1
BRME1	chr19	13882343	13906572	13906572	-1
BRMS1	chr11	66337332	66345136	66345136	-1
BRMS1L	chr14	35826299	35932325	35826299	1
BROX	chr1	222711480	222735927	222711480	1
BRPF1	chr3	9731726	9748019	9731726	1
BRPF3	chr6	36196006	36232790	36196006	1
BRS3	chrX	136487947	136493784	136487947	1
BRSK1	chr19	55282072	55312592	55282072	1
BRSK2	chr11	1389899	1462689	1389899	1
BRWD1	chr21	39184176	39321559	39321559	-1
BRWD3	chrX	80669503	80809877	80809877	-1
BSCL2	chr11	62689289	62709861	62709861	-1
BSDC1	chr1	32364633	32394731	32394731	-1
BSG	chr19	571277	583498	571277	1
BSN	chr3	49554477	49671549	49554477	1
BSND	chr1	54998906	55017172	54998906	1
BSPH1	chr19	47968046	47992170	47992170	-1
BSPRY	chr9	113349515	113371233	113349515	1
BST1	chr4	15702993	15775614	15702993	1
BST2	chr19	17402933	17407393	17407393	-1
BSX	chr11	122977570	122981834	122981834	-1
BTAF1	chr10	91923758	92031437	91923758	1
BTBD1	chr15	83016423	83067412	83067412	-1
BTBD10	chr11	13387136	13464029	13464029	-1
BTBD16	chr10	122271296	122338159	122271296	1
BTBD17	chr17	74355751	74361908	74361908	-1
BTBD18	chr11	57743514	57753148	57753148	-1
BTBD19	chr1	44808506	44817381	44808506	1
BTBD2	chr19	1985438	2034881	2034881	-1
BTBD3	chr20	11890723	11927052	11890723	1
BTBD6	chr14	105248533	105251125	105248533	1
BTBD7	chr14	93237550	93333092	93333092	-1
BTBD8	chr1	92080305	92184725	92080305	1
BTBD9	chr6	38168451	38640172	38640172	-1
BTC	chr4	74744759	74794717	74794717	-1
BTD	chr3	15601341	15722522	15601341	1
BTF3	chr5	73498408	73507479	73498408	1
BTF3L4	chr1	52056199	52101453	52056199	1
BTG1	chr12	92140278	92145854	92145854	-1
BTG2	chr1	203305491	203311424	203305491	1
BTG3	chr21	17593225	17613014	17613014	-1
BTG4	chr11	111467526	111514367	111514367	-1
BTK	chrX	101349338	101390796	101390796	-1
BTLA	chr3	112461067	112499668	112499668	-1
BTN1A1	chr6	26500303	26510425	26500303	1
BTN2A1	chr6	26457904	26476621	26457904	1
BTN2A2	chr6	26383091	26394880	26383091	1
BTN3A1	chr6	26402237	26415216	26402237	1
BTN3A2	chr6	26365159	26382797	26365159	1
BTN3A3	chr6	26440452	26453422	26440452	1
BTNL2	chr6	32391481	32407181	32407181	-1
BTNL3	chr5	180988846	181006727	180988846	1
BTNL8	chr5	180899077	180952175	180899077	1
BTNL9	chr5	181040224	181061916	181040224	1
BTRC	chr10	101354030	101557324	101354030	1
BUB1	chr2	110635468	110678098	110678098	-1
BUB1B	chr15	40160984	40221137	40160984	1
BUB1B-PAK6	chr15	40218500	40264890	40218500	1
BUB3	chr10	123154365	123313144	123154365	1
BUD13	chr11	116748170	116773039	116773039	-1
BUD23	chr7	73683161	73698228	73683161	1
BUD31	chr7	99408610	99419618	99408610	1
BYSL	chr6	41921229	41934602	41921229	1
BZW1	chr2	200810594	200827921	200810594	1
BZW2	chr7	16644653	16706771	16644653	1
C10orf105	chr10	71711701	71737838	71737838	-1
C10orf120	chr10	122697709	122699846	122699846	-1
C10orf143	chr10	130020025	130110842	130110842	-1
C10orf53	chr10	49679638	49710261	49679638	1
C10orf62	chr10	97589721	97590934	97589721	1
C10orf67	chr10	23202696	23344845	23344845	-1
C10orf71	chr10	49299137	49329924	49299137	1
C10orf88	chr10	122930901	122954337	122954337	-1
C10orf90	chr10	126424997	126798708	126798708	-1
C10orf95	chr10	102449619	102451548	102451548	-1
C11orf16	chr11	8920076	8933006	8933006	-1
C11orf21	chr11	2295628	2303180	2303180	-1
C11orf24	chr11	68261335	68272001	68272001	-1
C11orf42	chr11	6205557	6211135	6205557	1
C11orf52	chr11	111918032	111926873	111918032	1
C11orf54	chr11	93741566	93770084	93741566	1
C11orf58	chr11	16613132	16758340	16613132	1
C11orf65	chr11	108308519	108467536	108467536	-1
C11orf68	chr11	65916810	65919137	65919137	-1
C11orf71	chr11	114391443	114400511	114400511	-1
C11orf86	chr11	66975272	66977009	66975272	1
C11orf87	chr11	109422134	109488874	109422134	1
C11orf91	chr11	33698261	33700826	33700826	-1
C11orf96	chr11	43942637	43943878	43942637	1
C11orf97	chr11	94512431	94532200	94512431	1
C11orf98	chr11	62662815	62665251	62665251	-1
C12orf42	chr12	103237591	103501754	103501754	-1
C12orf43	chr12	121000486	121016504	121016504	-1
C12orf50	chr12	87980035	88034037	88034037	-1
C12orf54	chr12	48482498	48496524	48482498	1
C12orf56	chr12	64264762	64390781	64390781	-1
C12orf57	chr12	6942919	6946009	6942919	1
C12orf60	chr12	14802864	14906586	14802864	1
C12orf71	chr12	27081057	27084592	27084592	-1
C12orf75	chr12	105235290	105412882	105235290	1
C12orf76	chr12	110020353	110073636	110073636	-1
C13orf42	chr13	51082119	51200252	51200252	-1
C13orf46	chr13	113953705	113974076	113974076	-1
C14orf119	chr14	23094692	23100456	23094692	1
C14orf132	chr14	96039323	96095498	96039323	1
C14orf180	chr14	104579550	104590515	104579550	1
C14orf39	chr14	60396469	60515543	60515543	-1
C14orf93	chr14	22985894	23010529	23010529	-1
C15orf39	chr15	75195623	75212169	75195623	1
C15orf40	chr15	82988364	83011647	83011647	-1
C15orf61	chr15	67521105	67530146	67521105	1
C15orf62	chr15	40769980	40772449	40769980	1
C16orf46	chr16	81053195	81077267	81077267	-1
C16orf54	chr16	29742463	29746079	29746079	-1
C16orf74	chr16	85690084	85751143	85751143	-1
C16orf78	chr16	49373804	49399431	49373804	1
C16orf82	chr16	27066927	27069166	27066927	1
C16orf86	chr16	67666802	67668757	67666802	1
C16orf87	chr16	46796603	46831476	46831476	-1
C16orf89	chr16	5042772	5066167	5066167	-1
C16orf90	chr16	3493484	3495489	3495489	-1
C16orf92	chr16	30023198	30027736	30023198	1
C16orf95	chr16	87083562	87317431	87317431	-1
C16orf96	chr16	4556336	4600772	4556336	1
C17orf100	chr17	6651762	6693202	6651762	1
C17orf107	chr17	4899418	4902934	4899418	1
C17orf113	chr17	42038232	42050601	42050601	-1
C17orf114	chr17	4801159	4807013	4807013	-1
C17orf50	chr17	35760887	35765079	35760887	1
C17orf58	chr17	67991099	67996473	67996473	-1
C17orf67	chr17	56791913	56838773	56838773	-1
C17orf75	chr17	32324562	32350023	32350023	-1
C17orf78	chr17	37375985	37392708	37375985	1
C17orf99	chr17	78146356	78166297	78146356	1
C18orf32	chr18	49477243	49487263	49487263	-1
C18orf54	chr18	54357900	54385218	54357900	1
C18orf63	chr18	74315839	74359189	74315839	1
C19orf12	chr19	29691270	29716060	29716060	-1
C19orf18	chr19	57958437	57974534	57974534	-1
C19orf25	chr19	1461143	1479565	1479565	-1
C19orf33	chr19	38304158	38305011	38304158	1
C19orf38	chr19	10836567	10869796	10836567	1
C19orf44	chr19	16496385	16521369	16496385	1
C19orf47	chr19	40294427	40348547	40348547	-1
C19orf53	chr19	13774439	13778773	13774439	1
C19orf67	chr19	14081624	14085875	14085875	-1
C19orf73	chr19	49118402	49119143	49119143	-1
C19orf81	chr19	50648792	50659310	50648792	1
C19orf84	chr19	51388289	51390610	51390610	-1
C19orf85	chr19	55463001	55464752	55464752	-1
C1D	chr2	68041130	68110948	68110948	-1
C1GALT1	chr7	7156934	7259333	7156934	1
C1GALT1C1	chrX	120614846	120630115	120630115	-1
C1GALT1C1L	chr2	43675151	43676429	43676429	-1
C1QA	chr1	22635057	22640201	22635057	1
C1QB	chr1	22652713	22661637	22652713	1
C1QBP	chr17	5432625	5448830	5448830	-1
C1QC	chr1	22642558	22648122	22642558	1
C1QL1	chr17	44958933	44968369	44968369	-1
C1QL2	chr2	119156243	119158930	119158930	-1
C1QL3	chr10	16510763	16521885	16521885	-1
C1QL4	chr12	49332409	49337227	49337227	-1
C1QTNF1	chr17	79022729	79049788	79022729	1
C1QTNF12	chr1	1242446	1246934	1246934	-1
C1QTNF2	chr5	160347363	160370666	160370666	-1
C1QTNF3	chr5	34017858	34043238	34043238	-1
C1QTNF3-AMACR	chr5	33987174	34124528	34124528	-1
C1QTNF4	chr11	47589666	47595642	47595642	-1
C1QTNF5	chr11	119338942	119340940	119340940	-1
C1QTNF6	chr22	37180166	37199385	37199385	-1
C1QTNF7	chr4	15339818	15446167	15339818	1
C1QTNF8	chr16	1088226	1099401	1099401	-1
C1QTNF9	chr13	24307166	24322535	24307166	1
C1QTNF9B	chr13	23891098	23897502	23897502	-1
C1R	chr12	7080213	7092873	7092873	-1
C1RL	chr12	7089587	7109245	7109245	-1
C1S	chr12	6988259	7071281	6988259	1
C1orf105	chr1	172420675	172469120	172420675	1
C1orf115	chr1	220690291	220701283	220690291	1
C1orf116	chr1	207018050	207032821	207032821	-1
C1orf122	chr1	37806979	37809886	37806979	1
C1orf141	chr1	67092005	67231853	67231853	-1
C1orf146	chr1	92217915	92245813	92217915	1
C1orf159	chr1	1081811	1116361	1116361	-1
C1orf162	chr1	111473754	111478513	111473754	1
C1orf167	chr1	11761787	11789585	11761787	1
C1orf174	chr1	3889125	3900297	3900297	-1
C1orf185	chr1	51102221	51148086	51102221	1
C1orf198	chr1	230837119	230869589	230869589	-1
C1orf202	chr1	244729701	244731015	244731015	-1
C1orf21	chr1	184386067	184629019	184386067	1
C1orf210	chr1	43281271	43285908	43285908	-1
C1orf216	chr1	35713875	35718894	35718894	-1
C1orf226	chr1	162378841	162386812	162378841	1
C1orf232	chr1	26164101	26168963	26168963	-1
C1orf35	chr1	228099030	228105411	228105411	-1
C1orf50	chr1	42767245	42781980	42767245	1
C1orf52	chr1	85249953	85259686	85259686	-1
C1orf53	chr1	197902449	197907492	197902449	1
C1orf54	chr1	150268034	150281744	150268034	1
C1orf56	chr1	151047746	151051986	151047746	1
C1orf74	chr1	209779208	209784620	209784620	-1
C1orf87	chr1	59987269	60073775	60073775	-1
C1orf94	chr1	34166883	34219131	34166883	1
C2	chr6	31897785	31945677	31897785	1
C20orf141	chr20	2814987	2815833	2814987	1
C20orf144	chr20	33662327	33665619	33662327	1
C20orf173	chr20	35523186	35529652	35529652	-1
C20orf202	chr20	1203454	1209076	1203454	1
C20orf203	chr20	32631625	32673941	32673941	-1
C20orf204	chr20	64034344	64039962	64034344	1
C20orf96	chr20	270863	290778	290778	-1
C21orf140	chr21	34400112	34401072	34401072	-1
C21orf58	chr21	46291929	46324470	46324470	-1
C21orf91	chr21	17788969	17819844	17819844	-1
C22orf15	chr22	23762990	23765863	23762990	1
C22orf23	chr22	37943050	37953669	37953669	-1
C22orf31	chr22	29058672	29061831	29061831	-1
C22orf39	chr22	19351368	19447714	19447714	-1
C22orf42	chr22	32149006	32159322	32159322	-1
C2CD2	chr21	41885111	41954022	41954022	-1
C2CD2L	chr11	119102198	119118544	119102198	1
C2CD3	chr11	74012718	74171210	74171210	-1
C2CD4A	chr15	62066977	62070917	62066977	1
C2CD4B	chr15	62158336	62165719	62165719	-1
C2CD4C	chr19	405443	409214	409214	-1
C2CD4D	chr1	151837818	151840557	151840557	-1
C2CD5	chr12	22448567	22544574	22544574	-1
C2orf15	chr2	99141235	99154585	99141235	1
C2orf42	chr2	70149882	70248615	70248615	-1
C2orf49	chr2	105337516	105360776	105337516	1
C2orf66	chr2	196804417	196809355	196809355	-1
C2orf68	chr2	85605254	85612066	85612066	-1
C2orf69	chr2	199911249	199955935	199911249	1
C2orf72	chr2	231037342	231049719	231037342	1
C2orf74	chr2	61145068	61165407	61145068	1
C2orf76	chr2	119299439	119367188	119367188	-1
C2orf78	chr2	73784183	73817148	73784183	1
C2orf80	chr2	208165343	208190245	208190245	-1
C2orf81	chr2	74414176	74421655	74421655	-1
C2orf92	chr2	97664217	97704628	97664217	1
C3	chr19	6677704	6730562	6730562	-1
C3AR1	chr12	8056844	8066440	8066440	-1
C3orf18	chr3	50556409	50573568	50573568	-1
C3orf20	chr3	14675141	14773036	14675141	1
C3orf22	chr3	126526999	126558965	126558965	-1
C3orf33	chr3	155762607	155806288	155806288	-1
C3orf38	chr3	88149647	88276048	88149647	1
C3orf49	chr3	63819299	63848636	63819299	1
C3orf52	chr3	112086331	112132995	112086331	1
C3orf62	chr3	49268596	49277236	49277236	-1
C3orf70	chr3	185076838	185153654	185153654	-1
C3orf80	chr3	160225422	160228213	160225422	1
C3orf85	chr3	109118252	109152132	109118252	1
C4A	chr6	31981991	32005247	31981991	1
C4B	chr6	32014725	32035975	32014725	1
C4BPA	chr1	207102319	207145047	207102319	1
C4BPB	chr1	207088802	207100001	207088802	1
C4orf17	chr4	99511012	99542303	99511012	1
C4orf33	chr4	129093317	129132189	129093317	1
C4orf36	chr4	86876205	86892813	86892813	-1
C4orf46	chr4	158666675	158672255	158672255	-1
C4orf50	chr4	5897373	6200596	6200596	-1
C4orf51	chr4	145680088	145771032	145680088	1
C4orf54	chr4	99636529	99657828	99657828	-1
C5	chr9	120932987	121075195	121075195	-1
C5AR1	chr19	47290023	47322075	47290023	1
C5AR2	chr19	47332148	47347329	47332148	1
C5orf15	chr5	133955498	133968674	133968674	-1
C5orf22	chr5	31532278	31555335	31532278	1
C5orf24	chr5	134845680	134859735	134845680	1
C5orf34	chr5	43486705	43515148	43515148	-1
C5orf46	chr5	147879632	147906544	147906544	-1
C5orf47	chr5	173973779	174006140	173973779	1
C5orf52	chr5	157671515	157680174	157671515	1
C5orf58	chr5	170228881	170252575	170228881	1
C5orf63	chr5	127044770	127073577	127073577	-1
C6	chr5	41140236	41261561	41261561	-1
C6orf118	chr6	165279458	165309630	165309630	-1
C6orf120	chr6	169702126	169706360	169702126	1
C6orf132	chr6	42092233	42142620	42142620	-1
C6orf136	chr6	30647003	30653225	30647003	1
C6orf141	chr6	49550656	49561914	49550656	1
C6orf15	chr6	31111223	31112582	31112582	-1
C6orf163	chr6	87344813	87365463	87344813	1
C6orf47	chr6	31658298	31660778	31660778	-1
C6orf52	chr6	10671283	10694797	10694797	-1
C6orf58	chr6	127519455	127591820	127519455	1
C6orf62	chr6	24704105	24720900	24720900	-1
C6orf89	chr6	36834931	36928964	36834931	1
C7	chr5	40909416	41020216	40909416	1
C7orf25	chr7	42883178	42912518	42912518	-1
C7orf33	chr7	148590766	148615860	148590766	1
C7orf57	chr7	48035501	48061304	48035501	1
C7orf78	chr7	12469621	12542222	12469621	1
C8A	chr1	56854752	56918223	56854752	1
C8B	chr1	56928282	56974383	56974383	-1
C8G	chr9	136942532	136946980	136942532	1
C8orf33	chr8	145052406	145066685	145052406	1
C8orf34	chr8	68330669	68819023	68330669	1
C8orf44-SGK3	chr8	66667596	66860472	66667596	1
C8orf48	chr8	13566869	13568288	13566869	1
C8orf58	chr8	22599588	22604271	22599588	1
C8orf74	chr8	10672628	10700595	10672628	1
C8orf76	chr8	123218274	123241412	123241412	-1
C8orf82	chr8	144525733	144529132	144529132	-1
C8orf88	chr8	90958084	90985580	90985580	-1
C8orf89	chr8	73241331	73259530	73259530	-1
C8orf90	chr8	141514638	141518737	141514638	1
C9	chr5	39283911	39371365	39371365	-1
C9orf152	chr9	110190048	110208178	110208178	-1
C9orf153	chr9	86220265	86259657	86259657	-1
C9orf40	chr9	74945947	74952921	74952921	-1
C9orf43	chr9	113410054	113429690	113410054	1
C9orf50	chr9	129612225	129621101	129621101	-1
C9orf57	chr9	72051376	72072721	72072721	-1
C9orf72	chr9	27535640	27573895	27573895	-1
C9orf78	chr9	129827194	129835863	129835863	-1
C9orf85	chr9	71911448	71986873	71911448	1
CA1	chr8	85327608	85379014	85379014	-1
CA10	chr17	51630313	52160028	52160028	-1
CA11	chr19	48637946	48646386	48646386	-1
CA12	chr15	63321378	63382252	63382252	-1
CA13	chr8	85220587	85312091	85220587	1
CA14	chr1	150257069	150265078	150257069	1
CA2	chr8	85463860	85481493	85463860	1
CA3	chr8	85373436	85449045	85373436	1
CA4	chr17	60147838	60178085	60147838	1
CA5A	chr16	87881546	87936603	87936603	-1
CA5B	chrX	15688830	15788411	15688830	1
CA6	chr1	8945867	8975092	8945867	1
CA7	chr16	66844414	66854153	66844414	1
CA8	chr8	60185412	60281573	60281573	-1
CA9	chr9	35673898	35681159	35673898	1
CAAP1	chr9	26837785	26892824	26892824	-1
CAB39	chr2	230712822	230821086	230712822	1
CAB39L	chr13	49308629	49444342	49444342	-1
CABCOCO1	chr10	61662920	61767379	61662920	1
CABIN1	chr22	24011192	24178634	24011192	1
CABLES1	chr18	23134564	23260470	23134564	1
CABLES2	chr20	62388630	62407319	62407319	-1
CABP1	chr12	120640563	120667327	120640563	1
CABP2	chr11	67518912	67524517	67524517	-1
CABP4	chr11	67452406	67461752	67452406	1
CABP5	chr19	48029383	48044079	48044079	-1
CABP7	chr22	29719998	29731833	29719998	1
CABS1	chr4	70334981	70337116	70334981	1
CABYR	chr18	24138961	24161603	24138961	1
CACFD1	chr9	133459965	133470848	133459965	1
CACHD1	chr1	64469765	64693058	64469765	1
CACNA1A	chr19	13206442	13624489	13624489	-1
CACNA1B	chr9	137877782	138124624	137877782	1
CACNA1C	chr12	1970690	2697950	1970690	1
CACNA1D	chr3	53328963	53813733	53328963	1
CACNA1E	chr1	181317690	181813262	181317690	1
CACNA1F	chrX	49205063	49233371	49233371	-1
CACNA1G	chr17	50560715	50627474	50560715	1
CACNA1H	chr16	1153099	1224169	1153099	1
CACNA1I	chr22	39570753	39689735	39570753	1
CACNA1S	chr1	201039512	201112464	201112464	-1
CACNA2D1	chr7	81946444	82444194	82444194	-1
CACNA2D2	chr3	50362613	50504244	50504244	-1
CACNA2D3	chr3	54122127	55074557	54122127	1
CACNA2D4	chr12	1791963	1918666	1918666	-1
CACNB1	chr17	39173453	39197877	39197877	-1
CACNB2	chr10	18140322	18543557	18140322	1
CACNB3	chr12	48813794	48828942	48813794	1
CACNB4	chr2	151832771	152099182	152099182	-1
CACNG1	chr17	67044531	67058016	67044531	1
CACNG2	chr22	36560857	36703779	36703779	-1
CACNG3	chr16	24256194	24362412	24256194	1
CACNG4	chr17	66964494	67035678	66964494	1
CACNG5	chr17	66835117	66894751	66835117	1
CACNG6	chr19	53991605	54012670	53991605	1
CACNG7	chr19	53909264	53943950	53909264	1
CACNG8	chr19	53962937	53990215	53962937	1
CACTIN	chr19	3610643	3626833	3626833	-1
CACUL1	chr10	118672231	118755249	118755249	-1
CACYBP	chr1	174999163	175022285	174999163	1
CAD	chr2	27217345	27245683	27217345	1
CADM1	chr11	115169218	115504957	115504957	-1
CADM2	chr3	84958989	86074429	84958989	1
CADM3	chr1	159171574	159203313	159171574	1
CADM4	chr19	43622055	43639858	43639858	-1
CADPS	chr3	62398346	62875563	62875563	-1
CADPS2	chr7	122318258	122886779	122886779	-1
CAGE1	chr6	7326656	7389742	7389742	-1
CALB1	chr8	90058608	90095475	90095475	-1
CALB2	chr16	71358713	71391058	71358713	1
CALCA	chr11	14966622	14972357	14972357	-1
CALCB	chr11	14904997	15083701	14904997	1
CALCOCO1	chr12	53708517	53727745	53727745	-1
CALCOCO2	chr17	48830971	48872910	48830971	1
CALCR	chr7	93424486	93575738	93575738	-1
CALCRL	chr2	187341946	187448506	187448506	-1
CALD1	chr7	134744252	134970748	134744252	1
CALHM1	chr10	103453240	103458900	103458900	-1
CALHM2	chr10	103446777	103452780	103452780	-1
CALHM3	chr10	103472804	103479240	103479240	-1
CALHM4	chr6	116529013	116561127	116529013	1
CALHM5	chr6	116511604	116524788	116511604	1
CALHM6	chr6	116461365	116466082	116461365	1
CALM1	chr14	90396502	90408268	90396502	1
CALM2	chr2	47160084	47176921	47176921	-1
CALM3	chr19	46601074	46610795	46601074	1
CALML3	chr10	5524961	5526771	5524961	1
CALML4	chr15	68189788	68206087	68206087	-1
CALML5	chr10	5498697	5499570	5499570	-1
CALML6	chr1	1915081	1917296	1915081	1
CALN1	chr7	71779491	72447151	72447151	-1
CALR	chr19	12938578	12944525	12938578	1
CALR3	chr19	16479061	16496167	16496167	-1
CALU	chr7	128739292	128773400	128739292	1
CALY	chr10	133324072	133336980	133336980	-1
CAMK1	chr3	9757341	9770606	9770606	-1
CAMK1D	chr10	12349513	12835545	12349513	1
CAMK1G	chr1	209583714	209613939	209583714	1
CAMK2A	chr5	150219491	150290324	150290324	-1
CAMK2B	chr7	44209993	44334577	44334577	-1
CAMK2D	chr4	113418054	113762572	113762572	-1
CAMK2G	chr10	73812501	73874641	73874641	-1
CAMK2N1	chr1	20482391	20486270	20486270	-1
CAMK2N2	chr3	184259213	184261602	184261602	-1
CAMK4	chr5	111223653	111494886	111223653	1
CAMKK1	chr17	3860315	3894891	3894891	-1
CAMKK2	chr12	121217103	121298308	121298308	-1
CAMKMT	chr2	44361874	44776433	44361874	1
CAMKV	chr3	49857214	49870064	49870064	-1
CAMLG	chr5	134737608	134752705	134737608	1
CAMP	chr3	48223312	48225491	48223312	1
CAMSAP1	chr9	135808487	135907591	135907591	-1
CAMSAP2	chr1	200738885	200860751	200738885	1
CAMSAP3	chr19	7595826	7618352	7595826	1
CAMTA1	chr1	6785432	7769706	6785432	1
CAMTA2	chr17	4967992	4987684	4987684	-1
CAND1	chr12	67269277	67319953	67269277	1
CAND2	chr3	12796472	12836433	12796472	1
CANT1	chr17	78991707	79009867	79009867	-1
CANX	chr5	179678615	179731653	179678615	1
CAP1	chr1	40039735	40072767	40039735	1
CAP2	chr6	17393315	17558250	17393315	1
CAPG	chr2	85388144	85422017	85422017	-1
CAPN1	chr11	65180566	65212006	65180566	1
CAPN10	chr2	240586366	240618845	240586366	1
CAPN11	chr6	44158811	44184401	44158811	1
CAPN12	chr19	38730187	38769904	38769904	-1
CAPN13	chr2	30722771	30820542	30820542	-1
CAPN14	chr2	31173056	31234011	31234011	-1
CAPN15	chr16	527698	554636	527698	1
CAPN2	chr1	223701561	223776018	223701561	1
CAPN3	chr15	42359494	42412949	42359494	1
CAPN5	chr11	77066961	77126155	77066961	1
CAPN6	chrX	111245099	111270550	111270550	-1
CAPN7	chr3	15206112	15254068	15206112	1
CAPN8	chr1	223538007	223665737	223665737	-1
CAPN9	chr1	230747266	230804397	230747266	1
CAPNS1	chr19	36139953	36150356	36139953	1
CAPNS2	chr16	55566684	55567687	55566684	1
CAPRIN1	chr11	34051649	34103835	34051649	1
CAPRIN2	chr12	30709508	30823302	30823302	-1
CAPS	chr19	5912339	5916211	5912339	1
CAPS2	chr12	75275979	75390950	75390950	-1
CAPSL	chr5	35904288	35938779	35938779	-1
CAPZA1	chr1	112619173	112672747	112619173	1
CAPZA2	chr7	116811070	116947923	116811070	1
CAPZA3	chr12	18738119	18742920	18738119	1
CAPZB	chr1	19338775	19485650	19485650	-1
CARD10	chr22	37490362	37519591	37519591	-1
CARD11	chr7	2905881	3044228	3044228	-1
CARD14	chr17	80169992	80216073	80169992	1
CARD16	chr11	105039092	105101431	105101431	-1
CARD18	chr11	105137714	105531697	105531697	-1
CARD19	chr9	93096153	93113284	93096153	1
CARD6	chr5	40841175	40860175	40841175	1
CARD8	chr19	48180770	48255976	48255976	-1
CARD9	chr9	136363956	136373683	136373683	-1
CARF	chr2	202912214	202988263	202912214	1
CARHSP1	chr16	8852942	8870941	8870941	-1
CARM1	chr19	10871447	10923081	10871447	1
CARMIL1	chr6	25279062	25620537	25279062	1
CARMIL2	chr16	67644988	67657569	67644988	1
CARMIL3	chr14	24051387	24069734	24051387	1
CARNMT1	chr9	74980790	75028480	75028480	-1
CARNS1	chr11	67414968	67425613	67414968	1
CARS1	chr11	3000920	3057646	3057646	-1
CARS2	chr13	110641409	110713603	110713603	-1
CARTPT	chr5	71719126	71721056	71719126	1
CASC3	chr17	40140278	40177001	40140278	1
CASD1	chr7	94509219	94576851	94509219	1
CASK	chrX	41514934	41923684	41923684	-1
CASKIN1	chr16	2177180	2196788	2196788	-1
CASKIN2	chr17	75500261	75515621	75515621	-1
CASP1	chr11	105023581	105035250	105035250	-1
CASP10	chr2	201182693	201229428	201182693	1
CASP12	chr11	104885718	104898670	104898670	-1
CASP14	chr19	15049480	15058293	15049480	1
CASP2	chr7	143288215	143307696	143288215	1
CASP3	chr4	184627695	184650418	184650418	-1
CASP4	chr11	104942866	104969366	104969366	-1
CASP5	chr11	104991932	105023169	105023169	-1
CASP6	chr4	109685837	109703583	109703583	-1
CASP7	chr10	113679158	113731668	113679158	1
CASP8	chr2	201233443	201361836	201233443	1
CASP8AP2	chr6	89829894	89874436	89829894	1
CASP9	chr1	15489724	15526534	15526534	-1
CASQ1	chr1	160190212	160201886	160190212	1
CASQ2	chr1	115697988	115837921	115837921	-1
CASR	chr3	122183665	122291629	122183665	1
CASS4	chr20	56412029	56460387	56412029	1
CAST	chr5	96247756	96779595	96247756	1
CASTOR1	chr22	30285114	30289694	30289694	-1
CASTOR2	chr7	74964664	75031530	74964664	1
CASZ1	chr1	10636601	10796658	10796658	-1
CAT	chr11	34438709	34472061	34438709	1
CATIP	chr2	218356838	218369962	218356838	1
CATSPER1	chr11	66016752	66026479	66026479	-1
CATSPER2	chr15	43628503	43668118	43668118	-1
CATSPER3	chr5	134967907	135011696	134967907	1
CATSPER4	chr1	26190561	26202968	26190561	1
CATSPERB	chr14	91580696	91780707	91780707	-1
CATSPERD	chr19	5720637	5778734	5720637	1
CATSPERE	chr1	244454377	244641177	244454377	1
CATSPERG	chr19	38335775	38370943	38335775	1
CATSPERH	chr11	65084974	65089375	65089375	-1
CATSPERQ	chr8	144352219	144354954	144354954	-1
CATSPERT	chr2	201487421	201619179	201619179	-1
CATSPERZ	chr11	64300338	64304770	64300338	1
CAV1	chr7	116524985	116561179	116524985	1
CAV2	chr7	116287380	116508545	116287380	1
CAV3	chr3	8733781	8841808	8733781	1
CAVIN1	chr17	42402449	42423322	42423322	-1
CAVIN2	chr2	191834298	191847253	191847253	-1
CAVIN3	chr11	6318946	6320622	6320622	-1
CAVIN4	chr9	100578033	100590017	100578033	1
CBARP	chr19	1228282	1239465	1239465	-1
CBFA2T2	chr20	33490060	33650036	33490060	1
CBFA2T3	chr16	88874858	88977207	88977207	-1
CBFB	chr16	67028984	67101058	67028984	1
CBL	chr11	119206036	119313926	119206036	1
CBLB	chr3	105655461	105869552	105869552	-1
CBLC	chr19	44777845	44802301	44777845	1
CBLIF	chr11	59829273	59845499	59845499	-1
CBLL1	chr7	107743073	107762079	107743073	1
CBLL2	chrX	22272913	22274461	22272913	1
CBLN1	chr16	49277687	49281879	49281879	-1
CBLN2	chr18	72533698	72638521	72638521	-1
CBLN3	chr14	24423886	24430972	24430972	-1
CBLN4	chr20	55996442	56005529	56005529	-1
CBR1	chr21	36069847	36073166	36069847	1
CBR3	chr21	36135042	36146569	36135042	1
CBR4	chr4	168861686	169010347	169010347	-1
CBS	chr21	43050900	43076943	43076943	-1
CBX1	chr17	48070052	48107848	48107848	-1
CBX2	chr17	79778135	79788394	79778135	1
CBX3	chr7	26200568	26213607	26200568	1
CBX4	chr17	79833156	79839486	79839486	-1
CBX5	chr12	54230942	54280141	54280141	-1
CBX6	chr22	38861422	38872249	38872249	-1
CBX7	chr22	39119306	39152719	39152719	-1
CBX8	chr17	79792132	79801683	79801683	-1
CBY1	chr22	38656375	38673920	38656375	1
CBY2	chr13	45702320	45714559	45702320	1
CBY3	chr5	179678560	179681034	179681034	-1
CC2D1A	chr19	13906160	13930884	13906160	1
CC2D1B	chr1	52345714	52366318	52366318	-1
CC2D2A	chr4	15469865	15602097	15469865	1
CC2D2B	chr10	95907603	96033745	95907603	1
CCAR1	chr10	68721012	68793908	68721012	1
CCAR2	chr8	22604629	22620964	22604629	1
CCBE1	chr18	59430939	59698154	59698154	-1
CCDC102A	chr16	57511805	57537163	57537163	-1
CCDC102B	chr18	68715138	69090598	68715138	1
CCDC106	chr19	55640967	55653161	55640967	1
CCDC107	chr9	35658277	35661524	35658277	1
CCDC110	chr4	185445182	185471752	185471752	-1
CCDC112	chr5	115267188	115296756	115296756	-1
CCDC116	chr22	21632716	21637329	21632716	1
CCDC117	chr22	28772674	28789301	28772674	1
CCDC12	chr3	46916634	46982010	46982010	-1
CCDC120	chrX	49053463	49073357	49053463	1
CCDC121	chr2	27625535	27629018	27629018	-1
CCDC122	chr13	43823909	43880035	43880035	-1
CCDC124	chr19	17932588	17944914	17932588	1
CCDC125	chr5	69279859	69332828	69332828	-1
CCDC126	chr7	23597374	23644714	23597374	1
CCDC127	chr5	196868	218162	218162	-1
CCDC13	chr3	42704119	42773290	42773290	-1
CCDC134	chr22	41800321	41832178	41800321	1
CCDC136	chr7	128790750	128822135	128790750	1
CCDC137	chr17	81666698	81673904	81666698	1
CCDC138	chr2	108786730	108885477	108786730	1
CCDC14	chr3	123897305	123961443	123961443	-1
CCDC141	chr2	178829757	179051697	179051697	-1
CCDC142	chr2	74471957	74483408	74483408	-1
CCDC144A	chr17	16689537	16777974	16689537	1
CCDC146	chr7	77122434	77329533	77122434	1
CCDC148	chr2	158170150	158456776	158456776	-1
CCDC149	chr4	24803514	24980204	24980204	-1
CCDC15	chr11	124954056	125041649	124954056	1
CCDC150	chr2	196639554	196763490	196639554	1
CCDC152	chr5	42756799	42802581	42756799	1
CCDC154	chr16	1434383	1444556	1444556	-1
CCDC157	chr22	30356631	30378673	30356631	1
CCDC158	chr4	76312997	76421868	76421868	-1
CCDC159	chr19	11344684	11354948	11344684	1
CCDC160	chrX	134237047	134247585	134237047	1
CCDC163	chr1	45493863	45500163	45500163	-1
CCDC166	chr8	143706694	143708109	143708109	-1
CCDC167	chr6	37476837	37499929	37499929	-1
CCDC169	chr13	36222004	36297873	36297873	-1
CCDC169-SOHLH2	chr13	36168794	36297842	36297842	-1
CCDC17	chr1	45620044	45624062	45624062	-1
CCDC170	chr6	151493754	151621193	151493754	1
CCDC171	chr9	15552507	16061663	15552507	1
CCDC172	chr10	116324388	116380029	116324388	1
CCDC174	chr3	14651746	14674940	14651746	1
CCDC175	chr14	59504539	59576812	59576812	-1
CCDC177	chr14	69569498	69574890	69574890	-1
CCDC178	chr18	32937402	33441101	33441101	-1
CCDC179	chr11	22846922	22860476	22860476	-1
CCDC18	chr1	93179758	93279048	93179758	1
CCDC180	chr9	97307304	97378751	97307304	1
CCDC181	chr1	169394870	169460669	169460669	-1
CCDC182	chr17	57744495	57745299	57745299	-1
CCDC183	chr9	136796338	136807741	136796338	1
CCDC184	chr12	48183644	48185926	48183644	1
CCDC185	chr1	223393415	223395465	223393415	1
CCDC186	chr10	114120862	114174237	114174237	-1
CCDC187	chr9	136249973	136306901	136306901	-1
CCDC188	chr22	20146381	20151059	20151059	-1
CCDC190	chr1	162824458	162868957	162868957	-1
CCDC191	chr3	113964137	114056594	114056594	-1
CCDC192	chr5	127703354	127941511	127703354	1
CCDC194	chr19	17387196	17394201	17394201	-1
CCDC195	chr2	224703764	224742270	224742270	-1
CCDC196	chr14	66411704	66498677	66411704	1
CCDC197	chr14	93987166	94008863	93987166	1
CCDC198	chr14	57452919	57493977	57493977	-1
CCDC200	chr17	43216941	43305397	43305397	-1
CCDC201	chr7	45859994	45873082	45873082	-1
CCDC22	chrX	49235444	49250526	49235444	1
CCDC24	chr1	43991352	43996529	43991352	1
CCDC25	chr8	27733316	27772655	27772655	-1
CCDC27	chr1	3746460	3771645	3746460	1
CCDC28A	chr6	138773493	138809746	138773493	1
CCDC28B	chr1	32200383	32205453	32200383	1
CCDC3	chr10	12896625	13099652	13099652	-1
CCDC30	chr1	42463221	42657190	42463221	1
CCDC32	chr15	40519519	40565054	40565054	-1
CCDC33	chr15	74202705	74336472	74202705	1
CCDC34	chr11	27329379	27363293	27363293	-1
CCDC38	chr12	95867048	95942680	95942680	-1
CCDC39	chr3	180602858	180684942	180684942	-1
CCDC40	chr17	80036000	80100613	80036000	1
CCDC42	chr17	8729930	8745970	8745970	-1
CCDC43	chr17	44671063	44689831	44689831	-1
CCDC47	chr17	63745250	63776351	63776351	-1
CCDC50	chr3	191329022	191398659	191329022	1
CCDC51	chr3	48432164	48440456	48440456	-1
CCDC54	chr3	107377439	107378635	107377439	1
CCDC57	chr17	82101458	82212885	82212885	-1
CCDC59	chr12	82223681	82358805	82358805	-1
CCDC6	chr10	59788747	59907039	59907039	-1
CCDC60	chr12	119334698	119541047	119334698	1
CCDC61	chr19	45995444	46021318	45995444	1
CCDC62	chr12	122774517	122827528	122774517	1
CCDC63	chr12	110846769	110907535	110846769	1
CCDC66	chr3	56557161	56621837	56557161	1
CCDC68	chr18	54901027	54959519	54959519	-1
CCDC69	chr5	151181049	151224156	151224156	-1
CCDC7	chr10	32446103	32882874	32446103	1
CCDC70	chr13	51861969	51866232	51861969	1
CCDC71	chr3	49161063	49166357	49166357	-1
CCDC71L	chr7	106654360	106661158	106661158	-1
CCDC73	chr11	32602246	32795367	32795367	-1
CCDC74A	chr2	131527675	131533667	131527675	1
CCDC74B	chr2	130139287	130145134	130145134	-1
CCDC77	chr12	389273	442645	389273	1
CCDC78	chr16	722581	726954	726954	-1
CCDC8	chr19	46410329	46413564	46413564	-1
CCDC80	chr3	112596797	112649530	112649530	-1
CCDC81	chr11	86374736	86423109	86374736	1
CCDC82	chr11	96349241	96389956	96389956	-1
CCDC83	chr11	85828907	85920021	85828907	1
CCDC85A	chr2	56183751	56386417	56183751	1
CCDC85B	chr11	65890673	65891635	65890673	1
CCDC85C	chr14	99500190	99604265	99604265	-1
CCDC86	chr11	60841981	60851095	60841981	1
CCDC87	chr11	66590176	66593063	66593063	-1
CCDC88A	chr2	55287363	55420042	55420042	-1
CCDC88B	chr11	64340197	64357534	64340197	1
CCDC88C	chr14	91271323	91417890	91417890	-1
CCDC89	chr11	85683848	85686195	85686195	-1
CCDC9	chr19	47255980	47274055	47255980	1
CCDC90B	chr11	83245626	83286390	83286390	-1
CCDC91	chr12	28133249	28581511	28133249	1
CCDC92	chr12	123918660	123974253	123974253	-1
CCDC92B	chr17	2720801	2749923	2749923	-1
CCDC93	chr2	117915478	118014192	118014192	-1
CCDC97	chr19	41310149	41334014	41310149	1
CCDC9B	chr15	40331452	40340954	40340954	-1
CCER1	chr12	90905622	90955176	90955176	-1
CCER2	chr19	38908980	38912252	38912252	-1
CCHCR1	chr6	31142439	31158238	31158238	-1
CCIN	chr9	36165751	36172384	36165751	1
CCK	chr3	42257823	42266190	42266190	-1
CCKAR	chr4	26481396	26490484	26490484	-1
CCKBR	chr11	6259698	6272127	6259698	1
CCL1	chr17	34360328	34363233	34363233	-1
CCL11	chr17	34285735	34288334	34285735	1
CCL13	chr17	34356438	34358610	34356438	1
CCL14	chr17	35983288	35987033	35987033	-1
CCL15	chr17	35988463	36002119	36002119	-1
CCL15-CCL14	chr17	35983656	36001621	36001621	-1
CCL16	chr17	35976192	35981580	35981580	-1
CCL17	chr16	57404767	57416063	57404767	1
CCL18	chr17	36064228	36072032	36064228	1
CCL19	chr9	34689562	34691355	34691355	-1
CCL2	chr17	34255274	34257208	34255274	1
CCL20	chr2	227805739	227817564	227805739	1
CCL21	chr9	34709005	34710167	34710167	-1
CCL22	chr16	57357925	57366191	57357925	1
CCL23	chr17	36013056	36017979	36017979	-1
CCL24	chr7	75810825	75823943	75823943	-1
CCL25	chr19	8052293	8062665	8052293	1
CCL26	chr7	75769533	75789896	75789896	-1
CCL27	chr9	34661880	34664048	34664048	-1
CCL28	chr5	43376642	43412392	43412392	-1
CCL3	chr17	36088256	36090169	36090169	-1
CCL3L3	chr17	36194869	36196758	36196758	-1
CCL4	chr17	36103588	36105627	36103588	1
CCL4L2	chr17	36210924	36212878	36210924	1
CCL5	chr17	35871491	35880793	35880793	-1
CCL7	chr17	34270221	34272242	34270221	1
CCL8	chr17	34319435	34321402	34319435	1
CCM2	chr7	44999475	45076470	44999475	1
CCM2L	chr20	32010392	32032185	32010392	1
CCN1	chr1	85580116	85584589	85580116	1
CCN2	chr6	131948176	131951456	131951456	-1
CCN3	chr8	119416368	119424453	119416368	1
CCN4	chr8	133190866	133231690	133190866	1
CCN5	chr20	44714270	44728731	44714270	1
CCN6	chr6	112043815	112069686	112043815	1
CCNA1	chr13	36431511	36442959	36431511	1
CCNA2	chr4	121815710	121823936	121823936	-1
CCNB1	chr5	69167004	69178389	69167004	1
CCNB1IP1	chr14	20311353	20333317	20333317	-1
CCNB2	chr15	59105066	59126030	59105066	1
CCNB3	chrX	50202713	50351914	50202713	1
CCNC	chr6	99530630	99568825	99568825	-1
CCND1	chr11	69641070	69654474	69641070	1
CCND2	chr12	4269755	4306933	4269755	1
CCND3	chr6	41934577	42050357	42050357	-1
CCNDBP1	chr15	43185118	43197177	43185118	1
CCNE1	chr19	29811471	29824313	29811471	1
CCNE2	chr8	94874347	94896680	94896680	-1
CCNF	chr16	2429394	2458913	2429394	1
CCNG1	chr5	163437569	163457635	163437569	1
CCNG2	chr4	77156953	77433388	77156953	1
CCNH	chr5	87311473	87413029	87413029	-1
CCNI	chr4	77047155	77076319	77076319	-1
CCNI2	chr5	132747319	132765178	132747319	1
CCNJ	chr10	96043053	96060870	96043053	1
CCNJL	chr5	160248409	160345396	160345396	-1
CCNK	chr14	99481169	99535044	99481169	1
CCNL1	chr3	157145520	157160771	157160771	-1
CCNL2	chr1	1385709	1400909	1400909	-1
CCNO	chr5	55231152	55233649	55233649	-1
CCNP	chr19	40222208	40226697	40226697	-1
CCNQ	chrX	153587925	153600045	153600045	-1
CCNT1	chr12	48687601	48716998	48716998	-1
CCNT2	chr2	134918235	134999446	134918235	1
CCNY	chr10	35247025	35572669	35247025	1
CCNYL1	chr2	207711515	207761839	207711515	1
CCNYL1B	chr16	34351499	34381110	34381110	-1
CCP110	chr16	19523808	19553408	19523808	1
CCPG1	chr15	55319687	55408510	55408510	-1
CCR1	chr3	46201709	46208676	46208676	-1
CCR10	chr17	42678889	42683917	42683917	-1
CCR2	chr3	46353864	46360940	46353864	1
CCR3	chr3	46130890	46266717	46130890	1
CCR4	chr3	32951644	32957120	32951644	1
CCR5	chr3	46370939	46377528	46370939	1
CCR6	chr6	167111790	167139141	167111790	1
CCR7	chr17	40551081	40565478	40565478	-1
CCR8	chr3	39329709	39336269	39329709	1
CCR9	chr3	45884425	45904311	45884425	1
CCRL2	chr3	46407144	46412997	46407144	1
CCS	chr11	66592843	66606703	66592843	1
CCSAP	chr1	229321011	229343294	229343294	-1
CCSER1	chr4	90127387	91605295	90127387	1
CCSER2	chr10	84328542	84518521	84328542	1
CCT2	chr12	69585423	69601580	69585423	1
CCT3	chr1	156308792	156367873	156367873	-1
CCT4	chr2	61867338	61888696	61888696	-1
CCT5	chr5	10249929	10266389	10249929	1
CCT6A	chr7	56051685	56063992	56051685	1
CCT6B	chr17	34927842	34981078	34981078	-1
CCT7	chr2	73233420	73253282	73233420	1
CCT8	chr21	29054607	29073797	29073797	-1
CCT8L2	chr22	16590751	16592810	16592810	-1
CCZ1	chr7	5898692	5926550	5898692	1
CCZ1B	chr7	6794134	6826770	6826770	-1
CD101	chr1	117001721	117036552	117001721	1
CD109	chr6	73695779	73828316	73695779	1
CD14	chr5	140630402	140633711	140633711	-1
CD151	chr11	832702	839831	832702	1
CD160	chr1	145719443	145740760	145719443	1
CD163	chr12	7469417	7503911	7503911	-1
CD163L1	chr12	7346685	7479897	7479897	-1
CD164	chr6	109307627	109382536	109382536	-1
CD164L2	chr1	27379176	27383339	27383339	-1
CD177	chr19	43353686	43364397	43353686	1
CD180	chr5	67179613	67196799	67196799	-1
CD19	chr16	28931965	28939342	28931965	1
CD1A	chr1	158254415	158258269	158254415	1
CD1B	chr1	158327951	158331538	158331538	-1
CD1C	chr1	158289769	158294774	158289769	1
CD1D	chr1	158178012	158186427	158178012	1
CD1E	chr1	158353696	158357553	158353696	1
CD2	chr1	116754370	116769229	116754370	1
CD200	chr3	112332235	112363181	112332235	1
CD200R1	chr3	112921058	112975103	112975103	-1
CD200R1L	chr3	112815709	112846864	112846864	-1
CD207	chr2	70830000	70835822	70835822	-1
CD209	chr19	7739993	7747623	7747623	-1
CD22	chr19	35319261	35347361	35319261	1
CD226	chr18	69831158	69961803	69961803	-1
CD24	chr6	106969831	106975802	106975802	-1
CD244	chr1	160829075	160862904	160862904	-1
CD247	chr1	167425027	167518640	167518640	-1
CD248	chr11	66314494	66317044	66317044	-1
CD27	chr12	6444933	6451718	6444933	1
CD274	chr9	5450503	5470566	5450503	1
CD276	chr15	73683966	73714519	73683966	1
CD28	chr2	203706517	203739756	203706517	1
CD2AP	chr6	47477732	47627275	47477732	1
CD2BP2	chr16	30341365	30355851	30355851	-1
CD300A	chr17	74466387	74506382	74466387	1
CD300C	chr17	74534362	74546174	74546174	-1
CD300E	chr17	74609878	74623857	74623857	-1
CD300H	chr17	74560701	74567343	74567343	-1
CD300LB	chr17	74519000	74531487	74531487	-1
CD300LD	chr17	74579365	74592283	74592283	-1
CD300LF	chr17	74694308	74713002	74713002	-1
CD300LG	chr17	43847114	43863639	43847114	1
CD302	chr2	159764912	159798389	159798389	-1
CD320	chr19	8302123	8308379	8308379	-1
CD33	chr19	51217033	51243860	51217033	1
CD34	chr1	207880972	207911589	207911589	-1
CD36	chr7	80369532	80679277	80369532	1
CD37	chr19	49335171	49343335	49335171	1
CD38	chr4	15778275	15853232	15778275	1
CD3D	chr11	118334537	118342713	118342713	-1
CD3E	chr11	118304701	118316175	118304701	1
CD3G	chr11	118344338	118355161	118344338	1
CD4	chr12	6786858	6820807	6786858	1
CD40	chr20	46118240	46130378	46118240	1
CD40LG	chrX	136648139	136660390	136648139	1
CD44	chr11	35138721	35232402	35138721	1
CD46	chr1	207752037	207795516	207752037	1
CD47	chr3	108043091	108091862	108091862	-1
CD48	chr1	160678746	160711831	160711831	-1
CD5	chr11	61102466	61127952	61102466	1
CD52	chr1	26317907	26320527	26317907	1
CD53	chr1	110871170	110899936	110871170	1
CD55	chr1	207321171	207386804	207321171	1
CD58	chr1	116499485	116571061	116571061	-1
CD59	chr11	33703010	33737293	33737293	-1
CD5L	chr1	157827034	157898256	157898256	-1
CD6	chr11	60971651	61020377	60971651	1
CD63	chr12	55723511	55737367	55737367	-1
CD68	chr17	7579380	7582515	7579380	1
CD69	chr12	9752486	9760901	9760901	-1
CD7	chr17	82313564	82317625	82317625	-1
CD70	chr19	6583183	6604103	6604103	-1
CD72	chr9	35609965	35646810	35646810	-1
CD74	chr5	150401637	150412969	150412969	-1
CD79A	chr19	41877104	41881372	41877104	1
CD79B	chr17	63928738	63932629	63932629	-1
CD80	chr3	119523073	119580616	119580616	-1
CD81	chr11	2376166	2398079	2376166	1
CD82	chr11	44564414	44621071	44564414	1
CD83	chr6	14117256	14203465	14117256	1
CD84	chr1	160541095	160579544	160579544	-1
CD86	chr3	122055356	122121557	122055356	1
CD8A	chr2	86784455	86808396	86808396	-1
CD8B	chr2	86815339	86861977	86861977	-1
CD8B2	chr2	106487350	106544297	106487350	1
CD9	chr12	6199715	6238271	6199715	1
CD93	chr20	23065139	23086393	23086393	-1
CD96	chr3	111292719	111680594	111292719	1
CD99	chrY	2690988	2741312	2690988	1
CD99L2	chrX	150766335	150898816	150898816	-1
CDA	chr1	20588898	20618913	20588898	1
CDADC1	chr13	49247863	49293490	49247863	1
CDAN1	chr15	42723544	42737156	42737156	-1
CDC123	chr10	12195910	12250595	12195910	1
CDC14A	chr1	100325629	100520564	100325629	1
CDC14B	chr9	96490241	96619869	96619869	-1
CDC14C	chr7	48924547	48927454	48924547	1
CDC16	chr13	114234856	114273445	114234856	1
CDC20	chr1	43358907	43363212	43358907	1
CDC20B	chr5	55112971	55173177	55173177	-1
CDC23	chr5	138180663	138213346	138213346	-1
CDC25A	chr3	48157146	48188428	48188428	-1
CDC25B	chr20	3786772	3806730	3786772	1
CDC25C	chr5	138285251	138338355	138338355	-1
CDC26	chr9	113223011	113275602	113275602	-1
CDC27	chr17	47117703	47189422	47189422	-1
CDC34	chr19	531435	542092	531435	1
CDC37	chr19	10391090	10420224	10420224	-1
CDC37L1	chr9	4679556	4708399	4679556	1
CDC40	chr6	110180141	110254275	110180141	1
CDC42	chr1	22052627	22101360	22052627	1
CDC42BPA	chr1	226989865	227318519	227318519	-1
CDC42BPB	chr14	102932380	103057607	103057607	-1
CDC42BPG	chr11	64823051	64844735	64844735	-1
CDC42EP1	chr22	37555112	37571052	37555112	1
CDC42EP2	chr11	65298955	65322662	65298955	1
CDC42EP3	chr2	37641882	37738468	37738468	-1
CDC42EP4	chr17	73281331	73312005	73312005	-1
CDC42EP5	chr19	54465026	54473316	54473316	-1
CDC42SE1	chr1	151050242	151070325	151070325	-1
CDC42SE2	chr5	131245493	131398447	131245493	1
CDC45	chr22	19479457	19520612	19479457	1
CDC5L	chr6	44387547	44450924	44387547	1
CDC6	chr17	40287831	40304657	40287831	1
CDC7	chr1	91500535	91527943	91500535	1
CDC73	chr1	193115732	193264613	193115732	1
CDCA2	chr8	25459199	25508491	25459199	1
CDCA3	chr12	6844723	6852353	6852353	-1
CDCA4	chr14	105008532	105033828	105033828	-1
CDCA5	chr11	65066299	65084164	65084164	-1
CDCA7	chr2	173354818	173368997	173354818	1
CDCA7L	chr7	21828570	21946219	21946219	-1
CDCA8	chr1	37692473	37709719	37692473	1
CDCP1	chr3	45082277	45146483	45146483	-1
CDCP2	chr1	54132687	54153770	54153770	-1
CDH1	chr16	68737242	68835543	68737242	1
CDH10	chr5	24485606	24644987	24644987	-1
CDH11	chr16	64943753	65126112	65126112	-1
CDH12	chr5	21750673	22853344	22853344	-1
CDH13	chr16	82626965	83800640	82626965	1
CDH15	chr16	89171742	89195492	89171742	1
CDH16	chr16	66908122	66919187	66919187	-1
CDH17	chr8	94124381	94217303	94217303	-1
CDH18	chr5	19471296	20575873	20575873	-1
CDH19	chr18	66501083	66604438	66604438	-1
CDH2	chr18	27932879	28178024	28178024	-1
CDH20	chr18	61333425	61555779	61333425	1
CDH22	chr20	46173737	46309009	46309009	-1
CDH23	chr10	71396884	71815947	71396884	1
CDH24	chr14	23047062	23057668	23057668	-1
CDH26	chr20	59958421	60034011	59958421	1
CDH3	chr16	68636189	68727468	68636189	1
CDH4	chr20	61252208	61940617	61252208	1
CDH5	chr16	66366588	66404784	66366588	1
CDH6	chr5	31193679	31329146	31193679	1
CDH7	chr18	65750252	65890337	65750252	1
CDH8	chr16	61647242	62037035	62037035	-1
CDH9	chr5	26880273	27121150	27121150	-1
CDHR1	chr10	84194514	84221689	84194514	1
CDHR2	chr5	176542511	176596284	176542511	1
CDHR3	chr7	105876796	106036432	105876796	1
CDHR4	chr3	49790732	49799879	49799879	-1
CDHR5	chr11	616405	626078	626078	-1
CDIN1	chr15	36579611	36810248	36579611	1
CDIP1	chr16	4510619	4538833	4538833	-1
CDIPT	chr16	29857474	29863414	29863414	-1
CDK1	chr10	60778312	60796346	60778312	1
CDK10	chr16	89680737	89696372	89680737	1
CDK11A	chr1	1702379	1724571	1724571	-1
CDK11B	chr1	1635225	1659267	1659267	-1
CDK12	chr17	39461437	39567559	39461437	1
CDK13	chr7	39950013	40099580	39950013	1
CDK14	chr7	90466424	91210591	90466424	1
CDK15	chr2	201790461	201895550	201790461	1
CDK16	chrX	47217860	47230000	47217860	1
CDK17	chr12	96278227	96400597	96400597	-1
CDK18	chr1	205504551	205532976	205504551	1
CDK19	chr6	110609978	110815958	110815958	-1
CDK2	chr12	55966781	55972789	55966781	1
CDK20	chr9	87964905	87974816	87974816	-1
CDK2AP1	chr12	123250112	123272334	123272334	-1
CDK2AP2	chr11	67506490	67508701	67508701	-1
CDK3	chr17	76000644	76005999	76000644	1
CDK4	chr12	57746043	57756013	57756013	-1
CDK5	chr7	151051517	151057952	151057952	-1
CDK5R1	chr17	32486156	32491253	32486156	1
CDK5R2	chr2	218959666	218962155	218959666	1
CDK5RAP1	chr20	33348588	33401561	33401561	-1
CDK5RAP2	chr9	120388875	120580178	120580178	-1
CDK5RAP3	chr17	47967810	47981787	47967810	1
CDK6	chr7	92604921	92837004	92837004	-1
CDK7	chr5	69234550	69277495	69234550	1
CDK8	chr13	26253891	26420992	26253891	1
CDK9	chr9	127785252	127792871	127785252	1
CDKAL1	chr6	20534442	21232855	20534442	1
CDKL1	chr14	50326265	50416461	50416461	-1
CDKL2	chr4	75576494	75630716	75630716	-1
CDKL3	chr5	134286350	134371047	134371047	-1
CDKL4	chr2	39167972	39243983	39243983	-1
CDKL5	chrX	18425581	18653629	18425581	1
CDKN1A	chr6	36676441	36688042	36676441	1
CDKN1B	chr12	12685498	12722373	12685498	1
CDKN1C	chr11	2883213	2885775	2885775	-1
CDKN2A	chr9	21966924	21995301	21995301	-1
CDKN2AIP	chr4	183444628	183452995	183444628	1
CDKN2AIPNL	chr5	134373327	134411902	134411902	-1
CDKN2B	chr9	22002900	22009325	22009325	-1
CDKN2C	chr1	50960745	50975654	50960745	1
CDKN2D	chr19	10566460	10569059	10569059	-1
CDKN3	chr14	54396849	54420221	54396849	1
CDNF	chr10	14817775	14838575	14838575	-1
CDO1	chr5	115804733	115816820	115816820	-1
CDON	chr11	125955796	126063335	126063335	-1
CDPF1	chr22	46241405	46250897	46250897	-1
CDR2	chr16	22345936	22437165	22437165	-1
CDR2L	chr17	74987580	75005800	74987580	1
CDRT15	chr17	14235673	14236862	14236862	-1
CDRT15L2	chr17	20579724	20580911	20579724	1
CDRT4	chr17	15433937	15475733	15475733	-1
CDS1	chr4	84582855	84663409	84582855	1
CDS2	chr20	5126879	5197887	5126879	1
CDSN	chr6	31115087	31120446	31120446	-1
CDT1	chr16	88803777	88809258	88803777	1
CDV3	chr3	133573543	133590274	133573543	1
CDX1	chr5	150166772	150186162	150166772	1
CDX2	chr13	27959646	27975983	27975983	-1
CDX4	chrX	73447053	73455171	73447053	1
CDY1	chrY	25622117	25624902	25622117	1
CDY1B	chrY	24045229	24048019	24048019	-1
CDY2A	chrY	18025787	18027746	18025787	1
CDY2B	chrY	17878260	17880220	17880220	-1
CDYL	chr6	4706159	4955551	4706159	1
CDYL2	chr16	80597907	80804611	80804611	-1
CEACAM1	chr19	42507230	42561234	42561234	-1
CEACAM16	chr19	44699151	44710718	44699151	1
CEACAM18	chr19	51478539	51491301	51478539	1
CEACAM19	chr19	44662278	44684370	44662278	1
CEACAM20	chr19	44501677	44529788	44529788	-1
CEACAM21	chr19	41549518	41586844	41549518	1
CEACAM3	chr19	41796587	41811557	41796587	1
CEACAM4	chr19	41619014	41627082	41627082	-1
CEACAM5	chr19	41708585	41730519	41708585	1
CEACAM6	chr19	41750977	41772211	41750977	1
CEACAM7	chr19	41666629	41706976	41706976	-1
CEACAM8	chr19	42580243	42595055	42595055	-1
CEBPA	chr19	33299934	33302534	33302534	-1
CEBPB	chr20	50190734	50192690	50190734	1
CEBPD	chr8	47735634	47738164	47738164	-1
CEBPE	chr14	23117036	23120256	23120256	-1
CEBPG	chr19	33373685	33382686	33373685	1
CEBPZ	chr2	37201570	37231612	37231612	-1
CEBPZOS	chr2	37191473	37216555	37191473	1
CECR2	chr22	17359949	17558151	17359949	1
CEL	chr9	133061981	133071861	133061981	1
CELA1	chr12	51328442	51346804	51346804	-1
CELA2A	chr1	15456728	15472093	15456728	1
CELA2B	chr1	15465909	15491400	15465909	1
CELA3A	chr1	22001657	22012542	22001657	1
CELA3B	chr1	21977022	21998642	21977022	1
CELF1	chr11	47465933	47565569	47565569	-1
CELF2	chr10	10798397	11336675	10798397	1
CELF3	chr1	151700058	151716803	151716803	-1
CELF4	chr18	37243040	37565994	37565994	-1
CELF5	chr19	3224636	3297076	3224636	1
CELF6	chr15	72284727	72320622	72320622	-1
CELSR1	chr22	46360834	46537638	46537638	-1
CELSR2	chr1	109249539	109275751	109249539	1
CELSR3	chr3	48636463	48662886	48662886	-1
CEMIP	chr15	80779263	80951776	80779263	1
CEMIP2	chr9	71681395	71816690	71816690	-1
CEMP1	chr16	2530035	2531417	2531417	-1
CENATAC	chr11	118998051	119015811	118998051	1
CEND1	chr11	785900	790113	790113	-1
CENPA	chr2	26764289	26801067	26764289	1
CENPB	chr20	3783851	3786740	3786740	-1
CENPC	chr4	67468762	67545565	67545565	-1
CENPE	chr4	103105349	103198463	103198463	-1
CENPF	chr1	214603172	214664574	214603172	1
CENPH	chr5	69189537	69210357	69189537	1
CENPI	chrX	101098150	101166126	101098150	1
CENPK	chr5	65517765	65563552	65563552	-1
CENPL	chr1	173794851	173824925	173824925	-1
CENPM	chr22	41927514	41947183	41947183	-1
CENPN	chr16	81006506	81033558	81006506	1
CENPO	chr2	24793100	24822376	24793100	1
CENPP	chr9	92325625	92620529	92325625	1
CENPQ	chr6	49463335	49495815	49463335	1
CENPS	chr1	10430390	10442813	10430390	1
CENPS-CORT	chr1	10430102	10452153	10430102	1
CENPT	chr16	67828157	67847811	67847811	-1
CENPU	chr4	184692121	184734130	184734130	-1
CENPV	chr17	16340011	16353661	16353661	-1
CENPVL1	chrX	51710512	51712131	51710512	1
CENPVL2	chrX	51681212	51682831	51682831	-1
CENPVL3	chrX	51617020	51618912	51618912	-1
CENPW	chr6	126340088	126349768	126340088	1
CENPX	chr17	82018590	82024107	82024107	-1
CEP104	chr1	3812086	3857723	3857723	-1
CEP112	chr17	65635537	66192251	66192251	-1
CEP120	chr5	123344888	123423592	123423592	-1
CEP126	chr11	101914997	102001062	101914997	1
CEP128	chr14	80476969	80959517	80959517	-1
CEP131	chr17	81189583	81223014	81223014	-1
CEP135	chr4	55948819	56033361	55948819	1
CEP15	chr3	62319001	62336213	62319001	1
CEP152	chr15	48712928	48811146	48811146	-1
CEP162	chr6	84124241	84227685	84227685	-1
CEP164	chr11	117314557	117413616	117314557	1
CEP170	chr1	243123977	243255793	243255793	-1
CEP170B	chr14	104864498	104896770	104864498	1
CEP19	chr3	196706268	196712603	196712603	-1
CEP192	chr18	12991283	13125053	12991283	1
CEP20	chr16	15865719	15888644	15888644	-1
CEP250	chr20	35455131	35519280	35455131	1
CEP290	chr12	88049016	88142099	88142099	-1
CEP295	chr11	93661642	93730358	93661642	1
CEP295NL	chr17	78890579	78903217	78903217	-1
CEP350	chr1	179954674	180114880	179954674	1
CEP41	chr7	130393771	130442433	130442433	-1
CEP43	chr6	166999174	167052718	166999174	1
CEP44	chr4	174283295	174335043	174283295	1
CEP55	chr10	93496577	93529096	93496577	1
CEP57	chr11	95789965	95837070	95789965	1
CEP57L1	chr6	109095105	109174418	109095105	1
CEP63	chr3	134485699	134587789	134485699	1
CEP68	chr2	65056350	65087298	65056350	1
CEP70	chr3	138494339	138594538	138594538	-1
CEP72	chr5	612305	667703	612305	1
CEP76	chr18	12660738	12702777	12702777	-1
CEP78	chr9	78236037	78279690	78236037	1
CEP83	chr12	94305950	94459988	94459988	-1
CEP85	chr1	26233669	26278814	26233669	1
CEP85L	chr6	118460760	118710098	118710098	-1
CEP89	chr19	32875925	32972015	32972015	-1
CEP95	chr17	64506753	64542461	64506753	1
CEP97	chr3	101724534	101770562	101724534	1
CEPT1	chr1	111139418	111187179	111139418	1
CER1	chr9	14717327	14722740	14722740	-1
CERCAM	chr9	128411575	128437362	128411575	1
CERK	chr22	46684409	46738319	46738319	-1
CERKL	chr2	181535041	181680665	181680665	-1
CERS1	chr19	18868545	18896727	18896727	-1
CERS2	chr1	150959099	150977396	150977396	-1
CERS3	chr15	100400395	100544995	100544995	-1
CERS4	chr19	8206736	8263716	8206736	1
CERS5	chr12	50129289	50167533	50167533	-1
CERS6	chr2	168455841	168775348	168455841	1
CERT1	chr5	75356345	75512138	75512138	-1
CES1	chr16	55802845	55833337	55833337	-1
CES2	chr16	66934433	66945096	66934433	1
CES3	chr16	66961219	66975162	66961219	1
CES4A	chr16	66988574	67010417	66988574	1
CES5A	chr16	55846154	55956031	55956031	-1
CETN1	chr18	580380	582114	580380	1
CETN2	chrX	152825867	152830782	152830782	-1
CETN3	chr5	90389658	90409793	90409793	-1
CETP	chr16	56961922	56983845	56961922	1
CFAP100	chr3	126394656	126436556	126394656	1
CFAP107	chr1	12746194	12763699	12746194	1
CFAP119	chr16	30757423	30762221	30762221	-1
CFAP126	chr1	161364733	161367885	161367885	-1
CFAP141	chr1	154199085	154206352	154206352	-1
CFAP144	chr1	43145153	43156396	43145153	1
CFAP144P1	chr7	38685346	38687037	38687037	-1
CFAP157	chr9	127706979	127716002	127706979	1
CFAP161	chr15	81007033	81149179	81007033	1
CFAP184	chr4	7040849	7043001	7043001	-1
CFAP20	chr16	58113167	58129429	58129429	-1
CFAP206	chr6	87407966	87464678	87407966	1
CFAP20DC	chr3	58717365	59050084	59050084	-1
CFAP210	chr2	169645425	169694426	169694426	-1
CFAP221	chr2	119544167	119662251	119544167	1
CFAP251	chr12	121918555	122003927	121918555	1
CFAP263	chr16	58231157	58283836	58231157	1
CFAP276	chr1	109105951	109113857	109113857	-1
CFAP298	chr21	32592074	32612881	32612881	-1
CFAP298-TCP10L	chr21	32402511	32612865	32612865	-1
CFAP299	chr4	80335730	80963750	80335730	1
CFAP300	chr11	102047402	102085137	102047402	1
CFAP36	chr2	55519559	55545501	55519559	1
CFAP410	chr21	44328943	44339427	44339427	-1
CFAP418	chr8	95243176	95269430	95269430	-1
CFAP43	chr10	104129888	104232364	104232364	-1
CFAP44	chr3	113286930	113441610	113441610	-1
CFAP45	chr1	159872364	159900165	159900165	-1
CFAP46	chr10	132806494	132942823	132942823	-1
CFAP47	chrX	35919727	36385881	35919727	1
CFAP52	chr17	9576627	9643455	9576627	1
CFAP53	chr18	50227193	50266541	50266541	-1
CFAP54	chr12	96489571	96875555	96489571	1
CFAP57	chr1	43172326	43254358	43172326	1
CFAP58	chr10	104353758	104455153	104353758	1
CFAP61	chr20	20052511	20360703	20052511	1
CFAP65	chr2	219002846	219041527	219041527	-1
CFAP68	chr11	111878935	111885975	111878935	1
CFAP69	chr7	90245161	90311063	90245161	1
CFAP70	chr10	73253762	73358868	73358868	-1
CFAP73	chr12	113149709	113159526	113149709	1
CFAP74	chr1	1921951	2003837	2003837	-1
CFAP77	chr9	132410043	132573319	132410043	1
CFAP90	chr5	7830378	7851677	7851677	-1
CFAP91	chr3	119702990	119767102	119702990	1
CFAP92	chr3	128909866	129002690	129002690	-1
CFAP95	chr9	69820784	69911155	69820784	1
CFAP96	chr4	185426014	185449828	185426014	1
CFAP97	chr4	185158961	185210815	185210815	-1
CFAP97D1	chr17	43780426	43787620	43780426	1
CFAP97D2	chr13	114154691	114223085	114154691	1
CFAP99	chr4	2418955	2463003	2418955	1
CFB	chr6	31945650	31952086	31945650	1
CFC1	chr2	130592165	130599575	130599575	-1
CFC1B	chr2	130521197	130528604	130521197	1
CFD	chr19	859426	869492	859426	1
CFDP1	chr16	75293698	75434215	75434215	-1
CFH	chr1	196651754	196753075	196651754	1
CFHR1	chr1	196819314	196837159	196819314	1
CFHR2	chr1	196943731	196964408	196943731	1
CFHR3	chr1	196774742	196803130	196774742	1
CFHR4	chr1	196888014	196920294	196888014	1
CFHR5	chr1	196975010	197009678	196975010	1
CFI	chr4	109730868	109802200	109802200	-1
CFL1	chr11	65823022	65862026	65862026	-1
CFL2	chr14	34707001	34714946	34714946	-1
CFLAR	chr2	201116005	201176687	201116005	1
CFP	chrX	47621537	47630305	47630305	-1
CFTR	chr7	117287120	117715971	117287120	1
CGA	chr6	87085495	87095150	87095150	-1
CGAS	chr6	73413515	73461726	73461726	-1
CGB1	chr19	49035569	49036895	49036895	-1
CGB2	chr19	49031890	49033238	49031890	1
CGB3	chr19	49022869	49024360	49024360	-1
CGB5	chr19	49043595	49045312	49043595	1
CGB7	chr19	49054274	49058860	49058860	-1
CGB8	chr19	49047638	49049125	49049125	-1
CGGBP1	chr3	88051940	88149885	88149885	-1
CGN	chr1	151510139	151538692	151510139	1
CGNL1	chr15	57375967	57551742	57375967	1
CGREF1	chr2	27098853	27119139	27119139	-1
CGRRF1	chr14	54509812	54542762	54509812	1
CH25H	chr10	89205629	89207317	89207317	-1
CHAC1	chr15	40952962	40957478	40952962	1
CHAC2	chr2	53767791	53776958	53767791	1
CHAD	chr17	50464478	50468976	50468976	-1
CHADL	chr22	41229256	41241000	41241000	-1
CHAF1A	chr19	4402522	4445018	4402522	1
CHAF1B	chr21	36385354	36419015	36385354	1
CHAMP1	chr13	114314482	114337626	114314482	1
CHAT	chr10	49609095	49667942	49609095	1
CHCHD1	chr10	73782039	73783652	73782039	1
CHCHD10	chr22	23765834	23767982	23767982	-1
CHCHD2	chr7	56094567	56106531	56106531	-1
CHCHD3	chr7	132784248	133082250	133082250	-1
CHCHD4	chr3	14112077	14124876	14124876	-1
CHCHD5	chr2	112584240	112589275	112584240	1
CHCHD6	chr3	126704203	126960420	126704203	1
CHCHD7	chr8	56211560	56218809	56211560	1
CHCT1	chr17	60392429	60431426	60392429	1
CHD1	chr5	98853985	98929627	98929627	-1
CHD1L	chr1	147242643	147295767	147242643	1
CHD2	chr15	92886203	93027996	92886203	1
CHD3	chr17	7884787	7912760	7884787	1
CHD4	chr12	6570081	6614982	6614982	-1
CHD5	chr1	6101787	6180356	6180356	-1
CHD6	chr20	41402083	41618555	41618555	-1
CHD7	chr8	60678715	60868031	60678715	1
CHD8	chr14	21385194	21456126	21456126	-1
CHD9	chr16	53054968	53329150	53054968	1
CHD9NB	chr16	53035690	53052897	53052897	-1
CHDH	chr3	53812335	53846468	53846468	-1
CHEK1	chr11	125625163	125676255	125625163	1
CHEK2	chr22	28687738	28742422	28742422	-1
CHERP	chr19	16517882	16542547	16542547	-1
CHFR	chr12	132822187	132956304	132956304	-1
CHGA	chr14	92922630	92935293	92922630	1
CHGB	chr20	5911389	5925940	5911389	1
CHI3L1	chr1	203176896	203186800	203186800	-1
CHI3L2	chr1	111200771	111243440	111200771	1
CHIA	chr1	111290851	111320566	111290851	1
CHIC1	chrX	73563143	73687111	73563143	1
CHIC2	chr4	53954466	54064666	54064666	-1
CHID1	chr11	866873	915579	915579	-1
CHIT1	chr1	203212818	203273641	203273641	-1
CHKA	chr11	68052848	68121449	68121449	-1
CHKB	chr22	50578959	50601455	50601455	-1
CHKB-CPT1B	chr22	50568869	50582965	50582965	-1
CHL1	chr3	196591	409417	196591	1
CHLSN	chr7	979163	1138313	1138313	-1
CHM	chrX	85861180	86047561	86047561	-1
CHML	chr1	241628851	241640399	241640399	-1
CHMP1A	chr16	89640816	89657738	89657738	-1
CHMP1B	chr18	11851413	11854444	11851413	1
CHMP2A	chr19	58551452	58555129	58555129	-1
CHMP2B	chr3	87227258	87259944	87227258	1
CHMP3	chr2	86502688	86563507	86563507	-1
CHMP4A	chr14	24209581	24213830	24213830	-1
CHMP4B	chr20	33811253	33854366	33811253	1
CHMP4BP1	chr14	55271378	55299503	55271378	1
CHMP4C	chr8	81732448	81759515	81732448	1
CHMP5	chr9	33264017	33282071	33264017	1
CHMP6	chr17	80991598	81031356	80991598	1
CHMP7	chr8	23243630	23266156	23243630	1
CHN1	chr2	174797579	175005405	175005405	-1
CHN2	chr7	29146547	29514334	29146547	1
CHODL	chr21	17901263	18270231	17901263	1
CHORDC1	chr11	90182175	90223136	90223136	-1
CHP1	chr15	41230824	41281888	41230824	1
CHP2	chr16	23754618	23759058	23754618	1
CHPF	chr2	219538949	219543818	219543818	-1
CHPF2	chr7	151232483	151240979	151232483	1
CHPT1	chr12	101696947	101778461	101696947	1
CHRAC1	chr8	140511288	140517154	140511288	1
CHRD	chr3	184379381	184390736	184379381	1
CHRDL1	chrX	110673856	110796192	110796192	-1
CHRDL2	chr11	74696429	74731625	74731625	-1
CHRFAM7A	chr15	30360566	30393858	30393858	-1
CHRM1	chr11	62907828	62921877	62921877	-1
CHRM2	chr7	136868593	137020255	136868593	1
CHRM3	chr1	239386513	239915452	239386513	1
CHRM4	chr11	46383589	46391990	46391990	-1
CHRM5	chr15	33968260	34067458	33968260	1
CHRNA1	chr2	174747592	174787935	174787935	-1
CHRNA10	chr11	3665587	3671384	3671384	-1
CHRNA2	chr8	27459756	27479883	27479883	-1
CHRNA3	chr15	78593052	78621331	78621331	-1
CHRNA4	chr20	63343223	63378401	63378401	-1
CHRNA5	chr15	78565484	78596443	78565484	1
CHRNA6	chr8	42752620	42796392	42796392	-1
CHRNA7	chr15	31923438	32173018	31923438	1
CHRNA9	chr4	40335302	40355303	40335302	1
CHRNB1	chr17	7445004	7457710	7445004	1
CHRNB2	chr1	154567771	154580013	154567771	1
CHRNB3	chr8	42697341	42738553	42697341	1
CHRNB4	chr15	78621941	78727754	78727754	-1
CHRND	chr2	232525993	232536667	232525993	1
CHRNE	chr17	4897769	4934438	4934438	-1
CHRNG	chr2	232539692	232548115	232539692	1
CHST1	chr11	45647689	45666096	45666096	-1
CHST10	chr2	100391859	100417826	100417826	-1
CHST11	chr12	104455295	104762014	104455295	1
CHST12	chr7	2403442	2448484	2403442	1
CHST13	chr3	126524072	126543291	126524072	1
CHST14	chr15	40470984	40473158	40470984	1
CHST15	chr10	124006115	124093698	124093698	-1
CHST2	chr3	143119722	143124014	143119722	1
CHST3	chr10	71963538	72019147	71963538	1
CHST4	chr16	71525233	71541950	71525233	1
CHST5	chr16	75528530	75536117	75536117	-1
CHST6	chr16	75472052	75495478	75495478	-1
CHST7	chrX	46573391	46626260	46573391	1
CHST8	chr19	33621942	33773509	33621942	1
CHST9	chr18	26906481	27185392	27185392	-1
CHSY1	chr15	101145640	101252339	101252339	-1
CHSY3	chr5	129904459	130186634	129904459	1
CHTF18	chr16	788046	800737	788046	1
CHTF8	chr16	69118009	69132849	69132849	-1
CHTOP	chr1	153633982	153646306	153633982	1
CHUK	chr10	100188299	100229611	100229611	-1
CHURC1	chr14	64914361	64957314	64914361	1
CHURC1-FNTB	chr14	64914485	65061803	64914485	1
CIAO1	chr2	96266159	96274173	96266159	1
CIAO2A	chr15	64072113	64094262	64094262	-1
CIAO2B	chr16	66931938	66934929	66934929	-1
CIAO3	chr16	729721	741329	741329	-1
CIAPIN1	chr16	57428169	57447420	57447420	-1
CIART	chr1	150282527	150287093	150282527	1
CIB1	chr15	90229939	90234115	90234115	-1
CIB2	chr15	78102300	78131565	78131565	-1
CIB3	chr19	16161368	16173525	16173525	-1
CIB4	chr2	26579428	26641366	26641366	-1
CIBAR1	chr8	93698561	93732882	93698561	1
CIBAR2	chr16	85098358	85112486	85112486	-1
CIC	chr19	42268508	42295801	42268508	1
CIDEA	chr18	12254165	12277595	12254165	1
CIDEB	chr14	24305187	24311454	24311454	-1
CIDEC	chr3	9864169	9891008	9891008	-1
CIITA	chr16	10866222	10943021	10866222	1
CILK1	chr6	53001279	53061896	53061896	-1
CILP	chr15	65194760	65211491	65211491	-1
CILP2	chr19	19538248	19546659	19538248	1
CIMAP1A	chr11	196761	200261	196761	1
CIMAP1B	chr22	50529710	50532590	50532590	-1
CIMAP1C	chr15	75724035	75727688	75724035	1
CIMAP1D	chr19	462728	474983	474983	-1
CIMAP2	chr1	54806063	54842542	54806063	1
CIMAP3	chr1	111346269	111355113	111346269	1
CIMIP1	chr20	58150897	58161276	58150897	1
CIMIP2A	chr9	137243584	137247770	137247770	-1
CIMIP2B	chr9	35561831	35563914	35563914	-1
CIMIP2C	chr2	26562542	26581178	26562542	1
CIMIP3	chr6	42142693	42163418	42142693	1
CIMIP4	chr22	36991119	37007884	37007884	-1
CIMIP5	chr2	11133009	11154576	11133009	1
CIMIP6	chr2	54330034	54384191	54330034	1
CIMIP7	chr3	49177634	49191858	49191858	-1
CINP	chr14	102341102	102362916	102362916	-1
CIP2A	chr3	108545374	108589644	108589644	-1
CIPC	chr14	77098126	77117287	77098126	1
CIRBP	chr19	1259384	1274880	1259384	1
CIROP	chr14	23099062	23105018	23105018	-1
CIROZ	chr1	10946471	10982076	10982076	-1
CIRSR	chr2	174346961	174395712	174395712	-1
CISD1	chr10	58269113	58291167	58269113	1
CISD2	chr4	102868738	102903259	102868738	1
CISD3	chr17	38730151	38735605	38730151	1
CISH	chr3	50606456	50611984	50611984	-1
CIST1	chr19	18249950	18255400	18255400	-1
CIT	chr12	119685108	119877338	119877338	-1
CITED1	chrX	72301638	72309652	72309652	-1
CITED2	chr6	139370966	139375909	139375909	-1
CITED4	chr1	40861054	40862363	40862363	-1
CIZ1	chr9	128161233	128204482	128204482	-1
CKAP2	chr13	52455429	52476640	52455429	1
CKAP2L	chr2	112736349	112764664	112764664	-1
CKAP4	chr12	106236448	106304279	106304279	-1
CKAP5	chr11	46742768	46846308	46846308	-1
CKB	chr14	103519660	103523167	103523167	-1
CKLF	chr16	66552563	66566251	66552563	1
CKLF-CMTM1	chr16	66552587	66579135	66552587	1
CKM	chr19	45306411	45323372	45323372	-1
CKMT1A	chr15	43692886	43702501	43692886	1
CKMT1B	chr15	43593054	43604901	43593054	1
CKMT2	chr5	81232673	81266400	81232673	1
CKS1B	chr1	154974641	154979256	154974641	1
CKS2	chr9	89311155	89316715	89311155	1
CLASP1	chr2	121337776	121649599	121649599	-1
CLASP2	chr3	33496187	33718414	33718414	-1
CLASRP	chr19	45039042	45070956	45039042	1
CLBA1	chr14	104985758	105010482	104985758	1
CLC	chr19	39731255	39755237	39755237	-1
CLCA1	chr1	86468368	86501401	86468368	1
CLCA2	chr1	86423483	86456553	86423483	1
CLCA4	chr1	86547076	86580758	86547076	1
CLCC1	chr1	108881885	108963527	108963527	-1
CLCF1	chr11	67364168	67374301	67374301	-1
CLCN1	chr7	143316111	143353744	143316111	1
CLCN2	chr3	184346185	184363274	184363274	-1
CLCN3	chr4	169612438	169723673	169612438	1
CLCN4	chrX	10156938	10237663	10156938	1
CLCN5	chrX	49922549	50099235	49922549	1
CLCN6	chr1	11806096	11848080	11806096	1
CLCN7	chr16	1444934	1475104	1475104	-1
CLCNKA	chr1	16018146	16034109	16018146	1
CLCNKB	chr1	16040252	16057367	16040252	1
CLDN1	chr3	190305706	190322977	190322977	-1
CLDN10	chr13	95433594	95603306	95433594	1
CLDN11	chr3	170418864	170454733	170418864	1
CLDN12	chr7	90383721	90513402	90383721	1
CLDN14	chr21	36460616	36576569	36576569	-1
CLDN15	chr7	101232092	101238820	101238820	-1
CLDN16	chr3	190322522	190412460	190322522	1
CLDN17	chr21	30165565	30166805	30166805	-1
CLDN18	chr3	137998735	138033655	137998735	1
CLDN19	chr1	42733093	42740286	42740286	-1
CLDN2	chrX	106892766	106930862	106892766	1
CLDN20	chr6	155264013	155276548	155264013	1
CLDN22	chr4	183318100	183320276	183320276	-1
CLDN23	chr8	8701932	8705627	8701932	1
CLDN24	chr4	183321764	183322426	183322426	-1
CLDN25	chr11	113779796	113780485	113779796	1
CLDN3	chr7	73768997	73770270	73770270	-1
CLDN34	chrX	9961424	9968352	9961424	1
CLDN4	chr7	73799542	73832690	73799542	1
CLDN5	chr22	19517452	19527545	19527545	-1
CLDN6	chr16	3014705	3020071	3020071	-1
CLDN7	chr17	7257359	7264016	7264016	-1
CLDN8	chr21	30214006	30216097	30216097	-1
CLDN9	chr16	3012923	3014505	3012923	1
CLDND1	chr3	98496785	98523066	98523066	-1
CLDND2	chr19	51367098	51369003	51369003	-1
CLEC10A	chr17	7074537	7081166	7081166	-1
CLEC11A	chr19	50723283	50725719	50723283	1
CLEC12A	chr12	9951261	9996102	9951261	1
CLEC12B	chr12	10010627	10018802	10010627	1
CLEC14A	chr14	38254000	38256093	38256093	-1
CLEC16A	chr16	10944508	11189745	10944508	1
CLEC17A	chr19	14583084	14612035	14583084	1
CLEC18A	chr16	69950705	69964452	69950705	1
CLEC18B	chr16	74408631	74424179	74424179	-1
CLEC18C	chr16	70173322	70187361	70173322	1
CLEC19A	chr16	19285731	19322145	19285731	1
CLEC1A	chr12	10064397	10115555	10115555	-1
CLEC1B	chr12	9985642	10013424	10013424	-1
CLEC20A	chr1	178478789	178499634	178499634	-1
CLEC2A	chr12	9898673	9932370	9932370	-1
CLEC2B	chr12	9852369	9870635	9870635	-1
CLEC2D	chr12	9664969	9699553	9664969	1
CLEC2L	chr7	139523668	139544985	139523668	1
CLEC3A	chr16	78022515	78066761	78022515	1
CLEC3B	chr3	45001548	45036071	45001548	1
CLEC4A	chr12	8123617	8138607	8123617	1
CLEC4C	chr12	7724646	7751620	7751620	-1
CLEC4D	chr12	8509475	8522641	8509475	1
CLEC4E	chr12	8533273	8541079	8541079	-1
CLEC4F	chr2	70808643	70820601	70820601	-1
CLEC4G	chr19	7728943	7733906	7733906	-1
CLEC4M	chr19	7763031	7769606	7763031	1
CLEC5A	chr7	141927357	141947007	141947007	-1
CLEC6A	chr12	8455950	8479779	8455950	1
CLEC7A	chr12	10116766	10130269	10130269	-1
CLEC9A	chr12	10030678	10066031	10030678	1
CLECL1	chr12	9702182	9740383	9740383	-1
CLGN	chr4	140387200	140427859	140427859	-1
CLHC1	chr2	55172547	55232563	55232563	-1
CLIC1	chr6	31730579	31740558	31740558	-1
CLIC2	chrX	155272944	155334824	155334824	-1
CLIC3	chr9	136994608	136996729	136996729	-1
CLIC4	chr1	24745342	24844324	24745342	1
CLIC5	chr6	45880827	46080348	46080348	-1
CLIC6	chr21	34668966	34718227	34668966	1
CLINT1	chr5	157783121	157859206	157859206	-1
CLIP1	chr12	122271432	122422778	122422778	-1
CLIP2	chr7	74289407	74405943	74289407	1
CLIP3	chr19	36014660	36033343	36033343	-1
CLIP4	chr2	29095545	29199777	29095545	1
CLK1	chr2	200853009	200864728	200864728	-1
CLK2	chr1	155262747	155278491	155278491	-1
CLK3	chr15	74598500	74645468	74598500	1
CLK4	chr5	178602659	178630615	178630615	-1
CLMN	chr14	95181940	95320058	95320058	-1
CLMP	chr11	123069625	123196697	123196697	-1
CLN3	chr16	28474111	28495575	28495575	-1
CLN5	chr13	76990660	77063028	76990660	1
CLN6	chr15	68206977	68257211	68257211	-1
CLN8	chr8	1755778	1801711	1755778	1
CLNK	chr4	10486395	10734866	10734866	-1
CLNS1A	chr11	77514936	77637813	77637813	-1
CLOCK	chr4	55427903	55547491	55547491	-1
CLP1	chr11	57638605	57662755	57638605	1
CLPB	chr11	72285495	72434680	72434680	-1
CLPP	chr19	6361427	6370242	6361427	1
CLPS	chr6	35794982	35798251	35798251	-1
CLPSL1	chr6	35781019	35793675	35781019	1
CLPSL2	chr6	35776535	35779557	35776535	1
CLPTM1	chr19	44954585	44993342	44954585	1
CLPTM1L	chr5	1316821	1345100	1345100	-1
CLPX	chr15	65148219	65185643	65185643	-1
CLRN1	chr3	150926163	150972727	150972727	-1
CLRN2	chr4	17515165	17527104	17515165	1
CLRN3	chr10	127875988	127907298	127907298	-1
CLSPN	chr1	35720202	35770002	35770002	-1
CLSTN1	chr1	9728911	9823993	9823993	-1
CLSTN2	chr3	139935185	140577397	139935185	1
CLSTN3	chr12	7128077	7158945	7128077	1
CLTA	chr9	36190856	36304781	36190856	1
CLTB	chr5	176392462	176416585	176416585	-1
CLTC	chr17	59619606	59696956	59619606	1
CLTCL1	chr22	19179319	19291774	19291774	-1
CLTRN	chrX	15627084	15675377	15675377	-1
CLU	chr8	27596917	27635085	27635085	-1
CLUAP1	chr16	3500976	3540653	3500976	1
CLUH	chr17	2689386	2712663	2712663	-1
CLUL1	chr18	596983	650334	596983	1
CLVS1	chr8	61057158	61501645	61057158	1
CLVS2	chr6	122996029	123072925	122996029	1
CLXN	chr8	48710789	48735311	48735311	-1
CLYBL	chr13	99606631	99909459	99606631	1
CMA1	chr14	24505353	24508271	24508271	-1
CMAS	chr12	22046174	22065674	22046174	1
CMBL	chr5	10261705	10308110	10308110	-1
CMC1	chr3	28241584	28334648	28241584	1
CMC2	chr16	80966448	81020270	81020270	-1
CMC4	chrX	155060021	155071303	155071303	-1
CMIP	chr16	81444800	81711762	81444800	1
CMKLR1	chr12	108288044	108339334	108339334	-1
CMKLR2	chr2	206175316	206218073	206218073	-1
CMPK1	chr1	47333780	47409050	47333780	1
CMPK2	chr2	6840570	6866635	6866635	-1
CMSS1	chr3	99817823	100182063	99817823	1
CMTM1	chr16	66566393	66579137	66566393	1
CMTM2	chr16	66579432	66588280	66579432	1
CMTM3	chr16	66603874	66613892	66603874	1
CMTM4	chr16	66614750	66696856	66696856	-1
CMTM5	chr14	23376627	23379772	23376627	1
CMTM6	chr3	32474175	32502858	32502858	-1
CMTM7	chr3	32391663	32537057	32391663	1
CMTM8	chr3	32237207	32370699	32237207	1
CMTR1	chr6	37433094	37485806	37433094	1
CMTR2	chr16	71280073	71289715	71289715	-1
CMYA5	chr5	79689356	79800607	79689356	1
CNBD1	chr8	86866407	87615219	86866407	1
CNBD2	chr20	35954564	36030700	35954564	1
CNBP	chr3	129167291	129184008	129184008	-1
CNDP1	chr18	74534400	74594850	74534400	1
CNDP2	chr18	74494112	74523561	74494112	1
CNEP1R1	chr16	50024410	50042799	50024410	1
CNFN	chr19	42387019	42390299	42390299	-1
CNGA1	chr4	47935128	48017301	48017301	-1
CNGA2	chrX	151734746	151745564	151734746	1
CNGA3	chr2	98346188	98399797	98346188	1
CNGA4	chr11	6234765	6245922	6234765	1
CNGB1	chr16	57881892	57971128	57971128	-1
CNGB3	chr8	86553977	86743675	86743675	-1
CNIH1	chr14	54411952	54441467	54441467	-1
CNIH2	chr11	66278170	66285301	66278170	1
CNIH3	chr1	224434660	224740565	224434660	1
CNIH4	chr1	224356810	224381575	224356810	1
CNKSR1	chr1	26177459	26189886	26177459	1
CNKSR2	chrX	21372801	21654701	21372801	1
CNKSR3	chr6	154387515	154510685	154510685	-1
CNMD	chr13	52703198	52740142	52740142	-1
CNN1	chr19	11538767	11550323	11538767	1
CNN2	chr19	1026270	1039077	1026270	1
CNN3	chr1	94896949	94927749	94927749	-1
CNNM1	chr10	99329030	99394330	99329030	1
CNNM2	chr10	102918123	103090222	102918123	1
CNNM3	chr2	96816238	96837543	96816238	1
CNNM4	chr2	96760858	96811888	96760858	1
CNOT1	chr16	58518546	58629885	58629885	-1
CNOT10	chr3	32685109	32773875	32685109	1
CNOT11	chr2	101252806	101270316	101252806	1
CNOT2	chr12	70242981	70354993	70242981	1
CNOT3	chr19	54137710	54155708	54137710	1
CNOT4	chr7	135361795	135510145	135510145	-1
CNOT6	chr5	180494334	180578404	180494334	1
CNOT6L	chr4	77713387	77819615	77819615	-1
CNOT7	chr8	17224966	17247726	17247726	-1
CNOT8	chr5	154857529	154876793	154857529	1
CNOT9	chr2	218568575	218597080	218568575	1
CNP	chr17	41966729	41977740	41966729	1
CNPPD1	chr2	219170704	219182664	219182664	-1
CNPY1	chr7	155474206	155555450	155555450	-1
CNPY2	chr12	56308024	56316363	56316363	-1
CNPY3	chr6	42928975	42940217	42928975	1
CNPY4	chr7	100119614	100125511	100119614	1
CNR1	chr6	88139863	88167364	88167364	-1
CNR2	chr1	23870515	23913396	23913396	-1
CNRIP1	chr2	68284171	68320051	68320051	-1
CNST	chr1	246566300	246677298	246566300	1
CNTD1	chr17	42798800	42811587	42798800	1
CNTF	chr11	58622660	58626826	58622660	1
CNTFR	chr9	34551423	34593478	34593478	-1
CNTLN	chr9	17134956	17503923	17134956	1
CNTN1	chr12	40692431	41073454	40692431	1
CNTN2	chr1	205042937	205078289	205042937	1
CNTN3	chr3	74262568	74614871	74614871	-1
CNTN4	chr3	2098813	3057963	2098813	1
CNTN5	chr11	99020949	100358885	99020949	1
CNTN6	chr3	1092658	1404217	1092658	1
CNTNAP1	chr17	42682368	42699993	42682368	1
CNTNAP2	chr7	146116002	148420998	146116002	1
CNTNAP3	chr9	39064710	39288611	39288611	-1
CNTNAP3B	chr9	41890314	42129552	42129552	-1
CNTNAP3C	chr9	61330717	61453030	61330717	1
CNTNAP4	chr16	76277272	76560757	76277272	1
CNTNAP5	chr2	124025287	124921219	124025287	1
CNTRL	chr9	121074660	121177786	121074660	1
CNTROB	chr17	7932101	7949953	7932101	1
COA1	chr7	43552389	43729857	43729857	-1
COA3	chr17	42793154	42798719	42798719	-1
COA4	chr11	73869846	73876982	73876982	-1
COA5	chr2	98598242	98608542	98608542	-1
COA6	chr1	234373438	234385080	234373438	1
COA7	chr1	52662885	52698369	52698369	-1
COA8	chr14	103562355	103613948	103562355	1
COASY	chr17	42561467	42566277	42561467	1
COBL	chr7	51016210	51317187	51317187	-1
COBLL1	chr2	164653624	164843679	164843679	-1
COCH	chr14	30874438	30895501	30874438	1
COG1	chr17	73193029	73218530	73193029	1
COG2	chr1	230642440	230693985	230642440	1
COG3	chr13	45464878	45536701	45464878	1
COG4	chr16	70480567	70523582	70523582	-1
COG5	chr7	107198800	107564515	107564515	-1
COG6	chr13	39655627	39791666	39655627	1
COG7	chr16	23388493	23453210	23453210	-1
COG8	chr16	69320140	69339920	69339920	-1
COIL	chr17	56938198	56961110	56961110	-1
COL10A1	chr6	116118909	116158747	116158747	-1
COL11A1	chr1	102876467	103108872	103108872	-1
COL11A2	chr6	33162681	33192802	33192802	-1
COL12A1	chr6	75084326	75206267	75206267	-1
COL13A1	chr10	69801875	69964275	69801875	1
COL14A1	chr8	120059780	120373573	120059780	1
COL15A1	chr9	98942680	99071117	98942680	1
COL16A1	chr1	31652247	31704387	31704387	-1
COL17A1	chr10	104030753	104086410	104086410	-1
COL18A1	chr21	45405118	45513721	45405118	1
COL19A1	chr6	69866428	70215059	69866428	1
COL1A1	chr17	50184101	50201704	50201704	-1
COL1A2	chr7	94394360	94431227	94394360	1
COL20A1	chr20	63293186	63334851	63293186	1
COL21A1	chr6	56056590	56394094	56394094	-1
COL22A1	chr8	138588235	138914072	138914072	-1
COL23A1	chr5	178237476	178590393	178590393	-1
COL24A1	chr1	85728508	86156943	86156943	-1
COL25A1	chr4	108808725	109302830	109302830	-1
COL26A1	chr7	101362407	101559029	101362407	1
COL27A1	chr9	114155486	114312511	114155486	1
COL28A1	chr7	7356203	7537208	7537208	-1
COL2A1	chr12	47972967	48004689	48004689	-1
COL3A1	chr2	188974371	189012746	188974371	1
COL4A1	chr13	110148963	110307202	110307202	-1
COL4A2	chr13	110305778	110513209	110305778	1
COL4A3	chr2	227164509	227314792	227164509	1
COL4A4	chr2	227002713	227164559	227164559	-1
COL4A5	chrX	108439717	108697766	108439717	1
COL4A6	chrX	108155297	108439497	108439497	-1
COL5A1	chr9	134641724	134844843	134641724	1
COL5A2	chr2	189030743	189225312	189225312	-1
COL5A3	chr19	9959561	10010511	10010511	-1
COL6A1	chr21	45981727	46005050	45981727	1
COL6A2	chr21	46096722	46132851	46096722	1
COL6A3	chr2	237324003	237414409	237414409	-1
COL6A5	chr3	130345516	130484846	130345516	1
COL6A6	chr3	130517171	130677044	130517171	1
COL7A1	chr3	48564073	48595596	48595596	-1
COL8A1	chr3	99638426	99799226	99638426	1
COL8A2	chr1	36095239	36125234	36125234	-1
COL9A1	chr6	70216035	70303084	70303084	-1
COL9A2	chr1	40300487	40317813	40317813	-1
COL9A3	chr20	62816244	62841164	62816244	1
COLEC10	chr8	118995452	119113619	118995452	1
COLEC11	chr2	3592791	3646144	3592791	1
COLEC12	chr18	316737	500748	500748	-1
COLGALT1	chr19	17555590	17583162	17555590	1
COLGALT2	chr1	183929854	184037777	184037777	-1
COLQ	chr3	15450132	15521928	15521928	-1
COMMD1	chr2	61888724	62149125	61888724	1
COMMD10	chr5	116084975	116412762	116084975	1
COMMD2	chr3	149733246	149752495	149752495	-1
COMMD3	chr10	22315980	22320430	22315980	1
COMMD3-BMI1	chr10	22316388	22329542	22316388	1
COMMD4	chr15	75336000	75343224	75336000	1
COMMD5	chr8	144837760	144854229	144854229	-1
COMMD6	chr13	75525214	75549439	75549439	-1
COMMD7	chr20	32702648	32743977	32743977	-1
COMMD8	chr4	47441586	47463730	47463730	-1
COMMD9	chr11	36269284	36289449	36289449	-1
COMP	chr19	18782773	18791312	18791312	-1
COMT	chr22	19941371	19969975	19941371	1
COMTD1	chr10	75230309	75236088	75236088	-1
COP1	chr1	175943861	176207523	176207523	-1
COPA	chr1	160288580	160343566	160343566	-1
COPB1	chr11	14443357	14500027	14500027	-1
COPB2	chr3	139353942	139389736	139389736	-1
COPE	chr19	18899511	18919407	18919407	-1
COPG1	chr3	129249575	129278068	129249575	1
COPG2	chr7	130505553	130668755	130668755	-1
COPRS	chr17	31851871	31859291	31859291	-1
COPS2	chr15	49106068	49155661	49155661	-1
COPS3	chr17	17244686	17281311	17281311	-1
COPS4	chr4	83034447	83075818	83034447	1
COPS5	chr8	67037579	67083783	67083783	-1
COPS6	chr7	100088948	100095185	100088948	1
COPS7A	chr12	6724014	6732462	6724014	1
COPS7B	chr2	231781660	231809254	231781660	1
COPS8	chr2	237085877	237103208	237085877	1
COPS9	chr2	240126563	240136807	240136807	-1
COPZ1	chr12	54301202	54351848	54301202	1
COPZ2	chr17	48026142	48038030	48038030	-1
COQ10A	chr12	56266846	56271736	56266846	1
COQ10B	chr2	197453438	197475488	197453438	1
COQ2	chr4	83190293	83285141	83285141	-1
COQ3	chr6	99369401	99394211	99394211	-1
COQ4	chr9	128322483	128334073	128322483	1
COQ5	chr12	120502670	120534434	120534434	-1
COQ6	chr14	73949926	73963670	73949926	1
COQ7	chr16	19067564	19082190	19067564	1
COQ8A	chr1	226938143	226987569	226938143	1
COQ8B	chr19	40691514	40725784	40725784	-1
COQ9	chr16	57447425	57461275	57447425	1
CORIN	chr4	47593999	47838151	47838151	-1
CORO1A	chr16	30182798	30189085	30182798	1
CORO1B	chr11	67435510	67443828	67443828	-1
CORO1C	chr12	108645109	108760599	108760599	-1
CORO2A	chr9	98120975	98193206	98193206	-1
CORO2B	chr15	68578555	68727806	68578555	1
CORO6	chr17	29614755	29622923	29622923	-1
CORO7	chr16	4354542	4425705	4425705	-1
CORO7-PAM16	chr16	4340251	4420494	4420494	-1
CORT	chr1	10450010	10452083	10450010	1
COTL1	chr16	84565596	84618136	84618136	-1
COX10	chr17	14069490	14231736	14069490	1
COX11	chr17	54919450	54968708	54968708	-1
COX14	chr12	50111982	50120463	50111982	1
COX15	chr10	99694554	99732858	99732858	-1
COX16	chr14	70325081	70416984	70416984	-1
COX17	chr3	119654513	119677621	119677621	-1
COX18	chr4	73052362	73069755	73069755	-1
COX19	chr7	964852	975549	975549	-1
COX20	chr1	244835301	244845480	244835301	1
COX4I1	chr16	85798633	85810195	85798633	1
COX4I2	chr20	31637581	31645027	31637581	1
COX5A	chr15	74919594	74939351	74939351	-1
COX5B	chr2	97646034	97648383	97646034	1
COX6A1	chr12	120438090	120440742	120438090	1
COX6A2	chr16	31427731	31428433	31428433	-1
COX6B1	chr19	35648230	35662890	35648230	1
COX6B2	chr19	55349306	55354754	55354754	-1
COX6C	chr8	99870615	99893762	99893762	-1
COX7A1	chr19	36150287	36152699	36152699	-1
COX7A2	chr6	75237675	75250323	75250323	-1
COX7A2L	chr2	42328021	42425088	42425088	-1
COX7B	chrX	77895727	77907555	77895727	1
COX7B2	chr4	46734823	46909254	46909254	-1
COX7C	chr5	86617884	86621645	86617884	1
COX8A	chr11	63974579	63976543	63974579	1
COX8C	chr14	93347182	93351447	93347182	1
COXFA4	chr7	10931118	10940531	10940531	-1
COXFA4L2	chr12	57234541	57242750	57242750	-1
COXFA4L3	chr15	45430579	45448761	45430579	1
CP	chr3	149162410	149222049	149222049	-1
CPA1	chr7	130380339	130388114	130380339	1
CPA2	chr7	130266821	130289798	130266821	1
CPA3	chr3	148865278	148898572	148865278	1
CPA4	chr7	130293118	130324180	130293118	1
CPA5	chr7	130344816	130368730	130344816	1
CPA6	chr8	67421106	67746378	67746378	-1
CPAMD8	chr19	16892951	17026982	17026982	-1
CPAP	chr13	24882276	24922889	24922889	-1
CPB1	chr3	148791102	148860187	148791102	1
CPB2	chr13	46052958	46105107	46105107	-1
CPD	chr17	30378545	30469989	30378545	1
CPE	chr4	165361194	165499352	165361194	1
CPEB1	chr15	82543201	82648861	82648861	-1
CPEB2	chr4	15002481	15070153	15002481	1
CPEB3	chr10	92046692	92291628	92291628	-1
CPEB4	chr5	173888313	173961980	173888313	1
CPED1	chr7	120988490	121299701	120988490	1
CPHXL	chr16	75714131	75726490	75726490	-1
CPHXL2	chr16	75660227	75677009	75677009	-1
CPLANE1	chr5	37105973	37249410	37249410	-1
CPLANE2	chr1	16231692	16237214	16237214	-1
CPLX1	chr4	784957	827043	827043	-1
CPLX2	chr5	175796306	175884022	175796306	1
CPLX3	chr15	74826594	74831802	74826594	1
CPLX4	chr18	59275156	59318655	59318655	-1
CPM	chr12	68842192	68971570	68971570	-1
CPN1	chr10	100041105	100081907	100081907	-1
CPN2	chr3	194339630	194351401	194351401	-1
CPNE1	chr20	35626031	35664962	35664962	-1
CPNE2	chr16	57092517	57148369	57092517	1
CPNE3	chr8	86514421	86561498	86514421	1
CPNE4	chr3	131533555	132285410	132285410	-1
CPNE5	chr6	36738448	36840052	36840052	-1
CPNE6	chr14	24070837	24078100	24070837	1
CPNE7	chr16	89575730	89597247	89575730	1
CPNE8	chr12	38646822	38907430	38907430	-1
CPNE9	chr3	9703691	9729908	9703691	1
CPO	chr2	206939516	206971064	206939516	1
CPOX	chr3	98579438	98593712	98593712	-1
CPPED1	chr16	12651854	12803887	12803887	-1
CPQ	chr8	96644982	97152036	96644982	1
CPS1	chr2	210477641	210679109	210477641	1
CPSF1	chr8	144393229	144409864	144409864	-1
CPSF2	chr14	92121512	92172145	92121512	1
CPSF3	chr2	9423623	9473117	9423623	1
CPSF4	chr7	99438908	99458910	99438908	1
CPSF4L	chr17	73242101	73262352	73262352	-1
CPSF6	chr12	69239543	69279829	69239543	1
CPSF7	chr11	61402641	61430105	61430105	-1
CPT1A	chr11	68754620	68844410	68844410	-1
CPT1B	chr22	50567624	50578681	50578681	-1
CPT1C	chr19	49690898	49713733	49690898	1
CPT2	chr1	53196770	53214197	53196770	1
CPTP	chr1	1324756	1328897	1324756	1
CPVL	chr7	28994636	29195451	29195451	-1
CPXCR1	chrX	88747225	88754785	88747225	1
CPXM1	chr20	2794069	2800835	2800835	-1
CPXM2	chr10	123706207	123940267	123940267	-1
CPZ	chr4	8592638	8619761	8592638	1
CR1	chr1	207496147	207641776	207496147	1
CR1L	chr1	207645113	207738416	207645113	1
CR2	chr1	207453024	207489895	207453024	1
CRABP1	chr15	78340260	78348250	78340260	1
CRABP2	chr1	156699592	156708094	156708094	-1
CRACD	chr4	56049091	56330609	56049091	1
CRACDL	chr2	98793845	98936628	98936628	-1
CRACR2A	chr12	3606633	3764819	3764819	-1
CRACR2B	chr11	826137	831993	826137	1
CRADD	chr12	93677375	93894840	93677375	1
CRAMP1	chr16	1612337	1677908	1612337	1
CRAT	chr9	129092813	129111313	129111313	-1
CRB1	chr1	197268195	197478455	197268195	1
CRB2	chr9	123356170	123380324	123356170	1
CRB3	chr19	6463777	6467239	6463777	1
CRBN	chr3	3144628	3179733	3179733	-1
CRCP	chr7	66114604	66154568	66114604	1
CRCT1	chr1	152514482	152516008	152514482	1
CREB1	chr2	207529697	207605988	207529697	1
CREB3	chr9	35732296	35738887	35732296	1
CREB3L1	chr11	46277636	46321422	46277636	1
CREB3L2	chr7	137874979	138002119	138002119	-1
CREB3L3	chr19	4152949	4173057	4152949	1
CREB3L4	chr1	153963719	153974366	153963719	1
CREB5	chr7	28299321	28825894	28299321	1
CREBBP	chr16	3725054	3880734	3880734	-1
CREBL2	chr12	12611812	12645375	12611812	1
CREBRF	chr5	173056323	173139640	173056323	1
CREBZF	chr11	85657742	85682908	85682908	-1
CREG1	chr1	167527807	167553822	167553822	-1
CREG2	chr2	101345550	101387697	101387697	-1
CRELD1	chr3	9933791	9945413	9933791	1
CRELD2	chr22	49917989	49927544	49917989	1
CREM	chr10	35126791	35212958	35126791	1
CRH	chr8	66175907	66178632	66178632	-1
CRHBP	chr5	76952857	76981315	76952857	1
CRHR1	chr17	45784277	45835828	45784277	1
CRHR2	chr7	30651444	30700129	30700129	-1
CRIM1	chr2	36355715	36551135	36355715	1
CRIP1	chr14	105480346	105488947	105480346	1
CRIP2	chr14	105472940	105480170	105472940	1
CRIP3	chr6	43299710	43308878	43308878	-1
CRIPT	chr2	46616416	46685037	46616416	1
CRIPTO	chr3	46573633	46584684	46573633	1
CRIPTO3	chrX	110520312	110523021	110520312	1
CRISP1	chr6	49834257	49877096	49877096	-1
CRISP2	chr6	49692358	49714703	49714703	-1
CRISP3	chr6	49727376	49744445	49744445	-1
CRISPLD1	chr8	74984333	75034993	74984333	1
CRISPLD2	chr16	84819975	84920768	84819975	1
CRK	chr17	1420689	1463162	1463162	-1
CRKL	chr22	20917353	20953747	20917353	1
CRLF1	chr19	18572220	18607741	18607741	-1
CRLF2	chrX	1190490	1212723	1212723	-1
CRLF3	chr17	30769388	30824746	30824746	-1
CRLS1	chr20	6005982	6046815	6005982	1
CRMP1	chr4	5748084	5893086	5893086	-1
CRNKL1	chr20	20027769	20056046	20056046	-1
CRNN	chr1	152409242	152414279	152414279	-1
CROCC	chr1	16740273	16972964	16740273	1
CROCC2	chr2	240906330	240993311	240906330	1
CROT	chr7	87317127	87399800	87317127	1
CRP	chr1	159711438	159714595	159714595	-1
CRPPA	chr7	16087525	16502504	16502504	-1
CRTAC1	chr10	97854711	98030828	98030828	-1
CRTAM	chr11	122829482	122872643	122829482	1
CRTAP	chr3	33113912	33147773	33113912	1
CRTC1	chr19	18683575	18782333	18683575	1
CRTC2	chr1	153947669	153958642	153958642	-1
CRTC3	chr15	90529881	90645345	90529881	1
CRX	chr19	47819779	47843330	47819779	1
CRY1	chr12	106991364	107093857	107093857	-1
CRY2	chr11	45847118	45883248	45847118	1
CRYAA	chr21	43169008	43172810	43169008	1
CRYAB	chr11	111908239	111923722	111923722	-1
CRYBA1	chr17	29246859	29254494	29246859	1
CRYBA2	chr2	218990189	218994270	218994270	-1
CRYBA4	chr22	26621958	26630669	26621958	1
CRYBB1	chr22	26599277	26619630	26619630	-1
CRYBB2	chr22	25212564	25231870	25212564	1
CRYBB3	chr22	25199858	25207359	25199858	1
CRYBG1	chr6	106360563	106572017	106360563	1
CRYBG2	chr1	26321698	26360080	26360080	-1
CRYBG3	chr3	97821984	97944984	97821984	1
CRYGA	chr2	208160740	208163589	208163589	-1
CRYGB	chr2	208142573	208146163	208146163	-1
CRYGC	chr2	208128137	208129828	208129828	-1
CRYGD	chr2	208121607	208124595	208124595	-1
CRYGN	chr7	151428293	151440813	151440813	-1
CRYGS	chr3	186536578	186546702	186546702	-1
CRYL1	chr13	20403666	20525893	20525893	-1
CRYM	chr16	21238297	21303083	21303083	-1
CRYZ	chr1	74700529	74733128	74733128	-1
CRYZL1	chr21	33589341	33643926	33643926	-1
CS	chr12	56271699	56300395	56300395	-1
CSAD	chr12	53157663	53180933	53180933	-1
CSAG1	chrX	152727484	152733782	152733782	-1
CSAG2	chrX	152708261	152721661	152721661	-1
CSAG3	chrX	152753921	152760222	152753921	1
CSDC2	chr22	41560758	41577741	41560758	1
CSDE1	chr1	114716913	114758704	114758704	-1
CSE1L	chr20	49046246	49097033	49046246	1
CSF1	chr1	109910242	109930993	109910242	1
CSF1R	chr5	150053291	150113372	150113372	-1
CSF2	chr5	132073784	132076170	132073784	1
CSF2RA	chrY	1268779	1325373	1268779	1
CSF2RB	chr22	36913590	36940454	36913590	1
CSF3	chr17	40015361	40017816	40015361	1
CSF3R	chr1	36465669	36483322	36483322	-1
CSGALNACT1	chr8	19404156	19758030	19758030	-1
CSGALNACT2	chr10	43137831	43185359	43137831	1
CSH1	chr17	63894906	63896667	63896667	-1
CSH2	chr17	63872007	63873769	63873769	-1
CSHL1	chr17	63909596	63911348	63911348	-1
CSK	chr15	74782023	74804177	74782023	1
CSKMT	chr11	62665309	62668496	62665309	1
CSMD1	chr8	2935353	4994972	4994972	-1
CSMD2	chr1	33513998	34165842	34165842	-1
CSMD3	chr8	112222928	113436939	113436939	-1
CSN1S1	chr4	69931067	69946574	69931067	1
CSN2	chr4	69955256	69965728	69965728	-1
CSN3	chr4	70238382	70251474	70238382	1
CSNK1A1	chr5	149492982	149551577	149551577	-1
CSNK1A1L	chr13	37103259	37105664	37105664	-1
CSNK1D	chr17	82239023	82273730	82273730	-1
CSNK1E	chr22	38281747	38320044	38320044	-1
CSNK1G1	chr15	64165525	64356554	64356554	-1
CSNK1G2	chr19	1940915	1981339	1940915	1
CSNK1G3	chr5	123512067	123618709	123512067	1
CSNK2A1	chr20	472498	543835	543835	-1
CSNK2A2	chr16	58157907	58198191	58198191	-1
CSNK2A2IP	chr3	88338416	88467594	88338416	1
CSNK2A3	chr11	11351942	11353250	11353250	-1
CSNK2B	chr6	31665227	31670343	31665227	1
CSPG4	chr15	75674322	75712856	75712856	-1
CSPG5	chr3	47562238	47580792	47580792	-1
CSPP1	chr8	67062381	67196778	67062381	1
CSRNP1	chr3	39141854	39154852	39154852	-1
CSRNP2	chr12	51061205	51083664	51083664	-1
CSRNP3	chr2	165469647	165689407	165469647	1
CSRP1	chr1	201483530	201540142	201540142	-1
CSRP2	chr12	76843865	76879638	76879638	-1
CSRP3	chr11	19175981	19210571	19210571	-1
CST1	chr20	23747560	23751268	23751268	-1
CST11	chr20	23450403	23453210	23453210	-1
CST2	chr20	23823769	23826735	23826735	-1
CST3	chr20	23626706	23638556	23638556	-1
CST4	chr20	23685640	23689038	23689038	-1
CST5	chr20	23875934	23880086	23880086	-1
CST6	chr11	66011506	66013505	66011506	1
CST7	chr20	24949257	24961392	24949257	1
CST8	chr20	23491101	23496010	23491101	1
CST9	chr20	23602410	23605917	23605917	-1
CST9L	chr20	23564731	23568517	23568517	-1
CSTA	chr3	122325238	122359856	122325238	1
CSTB	chr21	43772511	43776608	43776608	-1
CSTF1	chr20	56392368	56406362	56392368	1
CSTF2	chrX	100820331	100843533	100820331	1
CSTF2T	chr10	51695486	51699595	51699595	-1
CSTF3	chr11	33077188	33162371	33162371	-1
CSTL1	chr20	23426104	23444930	23426104	1
CSTPP1	chr11	46936689	47165535	46936689	1
CT45A1	chrX	135708083	135723539	135708083	1
CT45A10	chrX	135879471	135893584	135893584	-1
CT45A2	chrX	135811668	135820012	135820012	-1
CT45A3	chrX	135759846	135768191	135768191	-1
CT45A5	chrX	135775852	135785503	135785503	-1
CT45A6	chrX	135794685	135802787	135802787	-1
CT45A7	chrX	135829229	135837280	135837280	-1
CT45A8	chrX	135846476	135854586	135854586	-1
CT45A9	chrX	135863418	135871875	135871875	-1
CT47A1	chrX	120982476	120985760	120985760	-1
CT47A10	chrX	120938701	120942023	120942023	-1
CT47A11	chrX	120933840	120937158	120937158	-1
CT47A12	chrX	120930250	120932301	120932301	-1
CT47A2	chrX	120977606	120980928	120980928	-1
CT47A3	chrX	120972746	120976068	120976068	-1
CT47A4	chrX	120967886	120971208	120971208	-1
CT47A5	chrX	120963026	120966348	120966348	-1
CT47A6	chrX	120958165	120961487	120961487	-1
CT47A7	chrX	120953282	120956600	120956600	-1
CT47A8	chrX	120948422	120951744	120951744	-1
CT47A9	chrX	120943561	120946883	120946883	-1
CT47B1	chrX	120872607	120875877	120875877	-1
CT47C1	chrX	119072967	119076768	119072967	1
CT55	chrX	135156540	135171398	135171398	-1
CT83	chrX	116461464	116463068	116463068	-1
CTAG1A	chrX	154585133	154586816	154585133	1
CTAG1B	chrX	154617609	154619282	154619282	-1
CTAG2	chrX	154651972	154653579	154653579	-1
CTAGE1	chr18	22413599	22417915	22417915	-1
CTAGE15	chr7	143571801	143574387	143571801	1
CTAGE4	chr7	144183466	144186080	144183466	1
CTAGE6	chr7	143755089	143757696	143757696	-1
CTAGE8	chr7	144266674	144269288	144269288	-1
CTAGE9	chr6	131708441	131711017	131711017	-1
CTBP1	chr4	1211434	1250333	1250333	-1
CTBP2	chr10	124981657	125163006	125163006	-1
CTBS	chr1	84541988	84574484	84574484	-1
CTC1	chr17	8224815	8248075	8248075	-1
CTCF	chr16	67561831	67639189	67561831	1
CTCFL	chr20	57495966	57525652	57525652	-1
CTDNEP1	chr17	7243583	7252841	7252841	-1
CTDP1	chr18	79679781	79756608	79679781	1
CTDSP1	chr2	218397136	218405942	218397136	1
CTDSP2	chr12	57819925	57846976	57846976	-1
CTDSPL	chr3	37861832	37984469	37861832	1
CTDSPL2	chr15	44427187	44529038	44427187	1
CTF1	chr16	30896607	30903547	30896607	1
CTH	chr1	70406194	70443519	70406194	1
CTHRC1	chr8	103371497	103383815	103371497	1
CTIF	chr18	48539005	48863217	48539005	1
CTLA4	chr2	203853888	203873965	203853888	1
CTNNA1	chr5	138610967	138935039	138610967	1
CTNNA2	chr2	79185231	80650269	79185231	1
CTNNA3	chr10	65912457	67763637	67763637	-1
CTNNAL1	chr9	108942569	109013645	109013645	-1
CTNNB1	chr3	41194741	41260096	41194741	1
CTNNBIP1	chr1	9848269	9910378	9910378	-1
CTNNBL1	chr20	37693949	37872129	37693949	1
CTNND1	chr11	57753243	57819546	57753243	1
CTNND2	chr5	10971836	11904507	11904507	-1
CTNS	chr17	3636446	3663103	3636446	1
CTPS1	chr1	40979300	41056384	40979300	1
CTPS2	chrX	16580088	16712984	16712984	-1
CTR9	chr11	10750962	10801625	10750962	1
CTRB1	chr16	75218981	75226338	75218981	1
CTRB2	chr16	75204099	75207175	75207175	-1
CTRC	chr1	15438442	15449242	15438442	1
CTRL	chr16	67927640	67932365	67932365	-1
CTSA	chr20	45890144	45898949	45890144	1
CTSB	chr8	11842524	11911780	11911780	-1
CTSC	chr11	88265069	88359684	88359684	-1
CTSD	chr11	1752752	1764573	1764573	-1
CTSE	chr1	206008535	206023917	206023917	-1
CTSF	chr11	66563462	66568879	66568879	-1
CTSG	chr14	24573518	24576250	24576250	-1
CTSH	chr15	78921058	78949574	78949574	-1
CTSK	chr1	150794880	150809577	150809577	-1
CTSL	chr9	87724051	87731469	87724051	1
CTSO	chr4	155921580	155953912	155953912	-1
CTSS	chr1	150730079	150765957	150765957	-1
CTSV	chr9	97025073	97156556	97156556	-1
CTSW	chr11	65879809	65883741	65879809	1
CTSZ	chr20	58985686	59008238	59008238	-1
CTTN	chr11	70397704	70436584	70397704	1
CTTNBP2	chr7	117710651	117874139	117874139	-1
CTTNBP2NL	chr1	112396198	112463456	112396198	1
CTU1	chr19	51095343	51108426	51108426	-1
CTU2	chr16	88706470	88717853	88706470	1
CTXN1	chr19	7924491	7926174	7926174	-1
CTXN2	chr15	48177875	48203758	48177875	1
CTXN3	chr5	127649019	127658630	127649019	1
CTXND1	chr15	80195481	80252268	80252268	-1
CTXND2	chr1	150887136	150913292	150887136	1
CUBN	chr10	16823966	17129970	17129970	-1
CUEDC1	chr17	57861231	57955851	57955851	-1
CUEDC2	chr10	102423239	102432718	102432718	-1
CUL1	chr7	148697914	148801228	148697914	1
CUL2	chr10	35008465	35127006	35127006	-1
CUL3	chr2	224470150	224585525	224585525	-1
CUL4A	chr13	113208193	113267108	113208193	1
CUL4B	chrX	120505920	120604074	120604074	-1
CUL5	chr11	108008821	108107781	108008821	1
CUL7	chr6	43037617	43053943	43053943	-1
CUL9	chr6	43182166	43224587	43182166	1
CUTA	chr6	33416442	33418381	33418381	-1
CUTC	chr10	99702558	99758005	99702558	1
CUX1	chr7	101815904	102283958	101815904	1
CUX2	chr12	111033723	111350554	111033723	1
CUZD1	chr10	122832158	122846175	122846175	-1
CWC15	chr11	94962620	94975715	94975715	-1
CWC22	chr2	179944029	180007332	180007332	-1
CWC25	chr17	38800441	38825646	38825646	-1
CWC27	chr5	64766368	65102412	64766368	1
CWF19L1	chr10	100230024	100267685	100267685	-1
CWF19L2	chr11	107320142	107457843	107457843	-1
CWH43	chr4	48986144	49062174	48986144	1
CX3CL1	chr16	57372457	57385044	57372457	1
CX3CR1	chr3	39263495	39281735	39281735	-1
CXADR	chr21	17512707	17623373	17512707	1
CXCL1	chr4	73868963	73871388	73868963	1
CXCL10	chr4	76021118	76023518	76023518	-1
CXCL11	chr4	76033682	76050206	76050206	-1
CXCL12	chr10	44370159	44386493	44386493	-1
CXCL13	chr4	77511753	77611834	77511753	1
CXCL14	chr5	135570679	135579580	135579580	-1
CXCL16	chr17	4732915	4740064	4740064	-1
CXCL17	chr19	42427995	42443029	42443029	-1
CXCL2	chr4	74096842	74099196	74099196	-1
CXCL3	chr4	74036589	74038807	74038807	-1
CXCL5	chr4	73995642	73998687	73998687	-1
CXCL6	chr4	73836622	73849064	73836622	1
CXCL8	chr4	73740519	73747379	73740519	1
CXCL9	chr4	76001275	76007515	76007515	-1
CXCR1	chr2	218162841	218166969	218166969	-1
CXCR2	chr2	218125269	218137251	218125269	1
CXCR3	chrX	71615912	71618545	71618545	-1
CXCR4	chr2	136114349	136119177	136119177	-1
CXCR5	chr11	118883868	118897787	118883868	1
CXCR6	chr3	45940915	45948640	45940915	1
CXXC1	chr18	50282331	50287862	50287862	-1
CXXC4	chr4	104468308	104494901	104494901	-1
CXXC5	chr5	139646375	139683882	139646375	1
CXorf38	chrX	40626921	40647572	40647572	-1
CXorf49	chrX	71714369	71718307	71718307	-1
CXorf49B	chrX	71763321	71767204	71763321	1
CXorf51A	chrX	146814106	146814744	146814744	-1
CXorf51B	chrX	146809771	146810411	146809771	1
CXorf58	chrX	23907807	23939509	23907807	1
CXorf65	chrX	71103889	71106788	71106788	-1
CXorf66	chrX	139955728	139965525	139965525	-1
CYB561	chr17	63432298	63447108	63447108	-1
CYB561A3	chr11	61348453	61362343	61362343	-1
CYB561D1	chr1	109494052	109502932	109494052	1
CYB561D2	chr3	50350834	50358460	50350834	1
CYB5A	chr18	74250846	74292029	74292029	-1
CYB5B	chr16	69398402	69480778	69398402	1
CYB5D1	chr17	7857696	7862282	7857696	1
CYB5D2	chr17	4143168	4188683	4143168	1
CYB5R1	chr1	202961118	202967287	202967287	-1
CYB5R2	chr11	7662865	7677222	7677222	-1
CYB5R3	chr22	42615730	42720870	42720870	-1
CYB5R4	chr6	83859641	83967423	83859641	1
CYB5RL	chr1	54169646	54200073	54200073	-1
CYBA	chr16	88643275	88651083	88651083	-1
CYBB	chrX	37780018	37816994	37780018	1
CYBC1	chr17	82440351	82450829	82450829	-1
CYBRD1	chr2	171522247	171558133	171522247	1
CYC1	chr8	144095039	144097525	144095039	1
CYCS	chr7	25080179	25125367	25125367	-1
CYFIP1	chr15	22867052	22981063	22981063	-1
CYFIP2	chr5	157266079	157395595	157266079	1
CYGB	chr17	76527356	76551175	76551175	-1
CYLC1	chrX	83861126	83886700	83861126	1
CYLC2	chr9	102995311	103018488	102995311	1
CYLD	chr16	50742032	50801935	50742032	1
CYP11A1	chr15	74337746	74367884	74367884	-1
CYP11B1	chr8	142871305	142880000	142880000	-1
CYP11B2	chr8	142910424	142917943	142917943	-1
CYP17A1	chr10	102830460	102837506	102837506	-1
CYP19A1	chr15	51208057	51338606	51338606	-1
CYP1A1	chr15	74719542	74738469	74738469	-1
CYP1A2	chr15	74748795	74756607	74748795	1
CYP1B1	chr2	38066973	38109902	38109902	-1
CYP20A1	chr2	203238952	203306026	203238952	1
CYP21A2	chr6	32038297	32042321	32038297	1
CYP24A1	chr20	54153446	54173986	54173986	-1
CYP26A1	chr10	93073475	93077885	93073475	1
CYP26B1	chr2	72129238	72148430	72148430	-1
CYP26C1	chr10	93060798	93069540	93060798	1
CYP27A1	chr2	218781688	218825335	218781688	1
CYP27B1	chr12	57762334	57768986	57768986	-1
CYP27C1	chr2	127183832	127220385	127220385	-1
CYP2A13	chr19	41088451	41096195	41088451	1
CYP2A6	chr19	40841915	40850493	40850493	-1
CYP2A7	chr19	40873525	40882752	40882752	-1
CYP2B6	chr19	40991131	41018413	40991131	1
CYP2C18	chr10	94682860	94736241	94682860	1
CYP2C19	chr10	94762536	94922264	94762536	1
CYP2C8	chr10	95034359	95069603	95069603	-1
CYP2C9	chr10	94938544	94990149	94938544	1
CYP2D6	chr22	42120962	42131727	42131727	-1
CYP2D7	chr22	42140203	42149500	42149500	-1
CYP2E1	chr10	133520406	133561220	133520406	1
CYP2F1	chr19	41114432	41128381	41114432	1
CYP2J2	chr1	59893291	59926828	59926828	-1
CYP2R1	chr11	14877349	14892262	14892262	-1
CYP2S1	chr19	41192911	41207540	41192911	1
CYP2U1	chr4	107931324	107953465	107931324	1
CYP2W1	chr7	983176	989640	983176	1
CYP39A1	chr6	46549383	46652831	46652831	-1
CYP3A4	chr7	99756954	99784327	99784327	-1
CYP3A43	chr7	99827922	99867801	99827922	1
CYP3A5	chr7	99647442	99680043	99680043	-1
CYP3A7	chr7	99704105	99735196	99735196	-1
CYP3A7-CYP3A51P	chr7	99684957	99735102	99735102	-1
CYP46A1	chr14	99684199	99727319	99684199	1
CYP4A11	chr1	46928862	46941594	46941594	-1
CYP4A22	chr1	47137388	47174328	47137388	1
CYP4B1	chr1	46757838	46870221	46757838	1
CYP4F11	chr19	15912367	15934933	15934933	-1
CYP4F12	chr19	15673018	15698819	15673018	1
CYP4F2	chr19	15877893	15900528	15900528	-1
CYP4F22	chr19	15508477	15552317	15508477	1
CYP4F3	chr19	15640795	15662825	15640795	1
CYP4F8	chr19	15615218	15630639	15615218	1
CYP4V2	chr4	186191258	186215245	186191258	1
CYP4X1	chr1	47023593	47050751	47023593	1
CYP4Z1	chr1	47067231	47118318	47067231	1
CYP51A1	chr7	92084502	92134803	92134803	-1
CYP7A1	chr8	58490174	58500164	58500164	-1
CYP7B1	chr8	64586581	64799145	64799145	-1
CYP8B1	chr3	42855944	42875920	42875920	-1
CYREN	chr7	135092363	135171019	135171019	-1
CYRIA	chr2	16548345	16666331	16666331	-1
CYRIB	chr8	129839593	130017504	130017504	-1
CYS1	chr2	10056473	10080944	10080944	-1
CYSLTR1	chrX	78270496	78327845	78327845	-1
CYSLTR2	chr13	48653709	48711227	48653709	1
CYSRT1	chr9	137225174	137226315	137225174	1
CYSTM1	chr5	140174924	140282212	140174924	1
CYTH1	chr17	78674048	78782329	78782329	-1
CYTH2	chr19	48469203	48482314	48469203	1
CYTH3	chr7	6148751	6272677	6272677	-1
CYTH4	chr22	37282027	37315346	37282027	1
CYTIP	chr2	157409360	157491093	157491093	-1
CYTL1	chr4	5014586	5019487	5019487	-1
CYYR1	chr21	26466209	26573314	26573314	-1
CZIB	chr1	53214099	53220657	53220657	-1
D2HGDH	chr2	241734589	241768816	241734589	1
DAAM1	chr14	59188646	59371405	59188646	1
DAAM2	chr6	39792298	39904877	39792298	1
DAB1	chr1	56994778	58546734	58546734	-1
DAB2	chr5	39371675	39462300	39462300	-1
DAB2IP	chr9	121567057	121785530	121567057	1
DACH1	chr13	71437920	71867364	71867364	-1
DACH2	chrX	86148451	86832604	86148451	1
DACT1	chr14	58633967	58648612	58633967	1
DACT2	chr6	168292830	168319783	168319783	-1
DACT3	chr19	46646872	46661199	46661199	-1
DAD1	chr14	22564902	22589245	22589245	-1
DAG1	chr3	49468649	49535624	49468649	1
DAGLA	chr11	61680151	61747003	61680151	1
DAGLB	chr7	6406395	6484190	6484190	-1
DALRD3	chr3	49015474	49022293	49022293	-1
DAND5	chr19	12965159	12974760	12965159	1
DAO	chr12	108858932	108901052	108858932	1
DAOA	chr13	105465867	105491034	105465867	1
DAP	chr5	10676778	10761683	10761683	-1
DAP3	chr1	155687833	155740132	155687833	1
DAPK1	chr9	87497203	87709073	87497203	1
DAPK2	chr15	63907033	64072033	64072033	-1
DAPK3	chr19	3958453	3971130	3971130	-1
DAPL1	chr2	158795266	158863257	158795266	1
DAPP1	chr4	99816729	99872335	99816729	1
DARS1	chr2	135904936	135986100	135986100	-1
DARS2	chr1	173824540	173858808	173824540	1
DAW1	chr2	227870931	227924344	227870931	1
DAXX	chr6	33318558	33323259	33323259	-1
DAZ1	chrY	23129355	23199010	23199010	-1
DAZ2	chrY	23219447	23291356	23219447	1
DAZ3	chrY	24763069	24813492	24813492	-1
DAZ4	chrY	24833843	24907040	24833843	1
DAZAP1	chr19	1407533	1435687	1407533	1
DAZAP2	chr12	51238724	51272164	51238724	1
DAZL	chr3	16586790	16670306	16670306	-1
DBF4	chr7	87876216	87909553	87876216	1
DBF4B	chr17	44708595	44752269	44708595	1
DBH	chr9	133634456	133659329	133634456	1
DBI	chr2	119366872	119372560	119366872	1
DBN1	chr5	177456225	177474401	177474401	-1
DBNDD1	chr16	90004648	90019890	90019890	-1
DBNDD2	chr20	45405616	45410870	45405616	1
DBNL	chr7	44044628	44069456	44044628	1
DBP	chr19	48630030	48637695	48637695	-1
DBR1	chr3	138160988	138174953	138174953	-1
DBT	chr1	100182222	100249873	100249873	-1
DBX1	chr11	20155025	20160477	20160477	-1
DBX2	chr12	45011945	45051105	45051105	-1
DCAF1	chr3	51395867	51500097	51500097	-1
DCAF10	chr9	37800554	37880307	37800554	1
DCAF11	chr14	24114010	24125615	24114010	1
DCAF12	chr9	34086384	34127399	34127399	-1
DCAF12L1	chrX	126549383	126552873	126552873	-1
DCAF12L2	chrX	126163499	126166289	126166289	-1
DCAF13	chr8	103414651	103443845	103414651	1
DCAF15	chr19	13952459	13961449	13952459	1
DCAF16	chr4	17793446	17810758	17810758	-1
DCAF17	chr2	171434217	171491318	171434217	1
DCAF4	chr14	72926358	72962098	72926358	1
DCAF4L1	chr4	41981756	41986465	41981756	1
DCAF4L2	chr8	87870747	87874015	87874015	-1
DCAF5	chr14	69050881	69153179	69153179	-1
DCAF6	chr1	167935783	168076846	167935783	1
DCAF7	chr17	63550222	63594286	63550222	1
DCAF8	chr1	160214840	160263388	160263388	-1
DCAF8L1	chrX	27977992	27981449	27981449	-1
DCAF8L2	chrX	27590281	27749942	27590281	1
DCAKD	chr17	45023338	45061137	45061137	-1
DCANP1	chr5	135444214	135447348	135447348	-1
DCBLD1	chr6	117453817	117586238	117453817	1
DCBLD2	chr3	98795941	98901819	98901819	-1
DCC	chr18	52340197	53535899	52340197	1
DCD	chr12	54644589	54648493	54648493	-1
DCDC1	chr11	30830369	31369810	31369810	-1
DCDC2	chr6	24171747	24383300	24383300	-1
DCDC2B	chr1	32209079	32216196	32209079	1
DCDC2C	chr2	3703575	3848008	3703575	1
DCHS1	chr11	6621330	6655834	6655834	-1
DCHS2	chr4	154231742	154491804	154491804	-1
DCK	chr4	70992538	71030914	70992538	1
DCLK1	chr13	35768652	36132164	36132164	-1
DCLK2	chr4	150078084	150257457	150078084	1
DCLK3	chr3	36712409	36764553	36764553	-1
DCLRE1A	chr10	113834725	113854417	113854417	-1
DCLRE1B	chr1	113904403	113914140	113904403	1
DCLRE1C	chr10	14897359	14954432	14954432	-1
DCN	chr12	91140484	91183217	91183217	-1
DCP1A	chr3	53283429	53347683	53347683	-1
DCP1B	chr12	1939625	2004558	2004558	-1
DCP2	chr5	112976702	113028477	112976702	1
DCPH1	chr6	151452258	151489098	151452258	1
DCPS	chr11	126303971	126350005	126303971	1
DCST1	chr1	155033824	155050930	155033824	1
DCST2	chr1	155018520	155033781	155033781	-1
DCSTAMP	chr8	104339087	104356689	104339087	1
DCT	chr13	94436811	94479682	94479682	-1
DCTD	chr4	182837402	182917936	182917936	-1
DCTN1	chr2	74361154	74392087	74392087	-1
DCTN2	chr12	57529567	57547256	57547256	-1
DCTN3	chr9	34613545	34620529	34620529	-1
DCTN4	chr5	150706840	150759095	150759095	-1
DCTN5	chr16	23641380	23677472	23641380	1
DCTN6	chr8	30156319	30191445	30156319	1
DCTPP1	chr16	30413033	30430162	30430162	-1
DCUN1D1	chr3	182938074	182985953	182985953	-1
DCUN1D2	chr13	113455289	113490984	113490984	-1
DCUN1D3	chr16	20854897	20900400	20900400	-1
DCUN1D4	chr4	51843000	51917233	51843000	1
DCUN1D5	chr11	103050686	103092203	103092203	-1
DCX	chrX	111293779	111412429	111412429	-1
DCXR	chr17	82035136	82037777	82037777	-1
DDA1	chr19	17309518	17323315	17309518	1
DDAH1	chr1	85318481	85578363	85578363	-1
DDAH2	chr6	31726586	31730617	31730617	-1
DDB1	chr11	61299447	61342596	61342596	-1
DDB2	chr11	47214435	47240555	47214435	1
DDC	chr7	50458436	50565468	50565468	-1
DDHD1	chr14	53036745	53153353	53153353	-1
DDHD2	chr8	38225218	38283357	38225218	1
DDI1	chr11	104036640	104039196	104036640	1
DDI2	chr1	15617416	15669044	15617416	1
DDIAS	chr11	82899975	82958786	82899975	1
DDIT3	chr12	57516584	57523630	57523630	-1
DDIT4	chr10	72273919	72276039	72273919	1
DDIT4L	chr4	100180718	100190782	100190782	-1
DDN	chr12	48995149	48999375	48999375	-1
DDO	chr6	110388321	110415862	110415862	-1
DDOST	chr1	20647467	20661544	20661544	-1
DDR1	chr6	30876421	30900978	30876421	1
DDR2	chr1	162630857	162787405	162630857	1
DDRGK1	chr20	3188734	3204700	3204700	-1
DDT	chr22	23891180	23980544	23980544	-1
DDTL	chr22	23966881	23972558	23966881	1
DDX1	chr2	15591178	15634346	15591178	1
DDX10	chr11	108665053	108940999	108665053	1
DDX11	chr12	31073282	31104811	31073282	1
DDX17	chr22	38483438	38507660	38507660	-1
DDX18	chr2	117814656	117832716	117814656	1
DDX19A	chr16	70346861	70379987	70346861	1
DDX19B	chr16	70289663	70335992	70289663	1
DDX20	chr1	111754832	111775602	111754832	1
DDX21	chr10	68956135	68985417	68956135	1
DDX23	chr12	48829756	48852842	48852842	-1
DDX24	chr14	94048287	94081216	94081216	-1
DDX25	chr11	125903348	125943702	125903348	1
DDX27	chr20	49219347	49244077	49219347	1
DDX28	chr16	68020916	68023232	68023232	-1
DDX31	chr9	132536999	132670401	132670401	-1
DDX39A	chr19	14408798	14419385	14419385	-1
DDX39B	chr6	31530217	31542451	31542451	-1
DDX3X	chrX	41333348	41364472	41333348	1
DDX3Y	chrY	12904108	12920478	12904108	1
DDX4	chr5	55738017	55817157	55738017	1
DDX41	chr5	177511569	177516979	177516979	-1
DDX42	chr17	63773603	63820451	63773603	1
DDX43	chr6	73394774	73417578	73394774	1
DDX46	chr5	134758771	134831121	134758771	1
DDX47	chr12	12813316	12829982	12813316	1
DDX49	chr19	18919667	18929189	18919667	1
DDX5	chr17	64498253	64508199	64508199	-1
DDX50	chr10	68901199	68947348	68901199	1
DDX51	chr12	132136591	132144354	132144354	-1
DDX52	chr17	37609739	37643530	37643530	-1
DDX53	chrX	22999960	23003589	22999960	1
DDX54	chr12	113157173	113185508	113185508	-1
DDX55	chr12	123602073	123620943	123602073	1
DDX56	chr7	44565416	44575388	44575388	-1
DDX59	chr1	200623896	200670049	200670049	-1
DDX6	chr11	118747763	118791226	118791226	-1
DDX60	chr4	168216291	168318883	168318883	-1
DDX60L	chr4	168356735	168537786	168537786	-1
DEAF1	chr11	644220	707118	707118	-1
DECR1	chr8	90001330	90072414	90001330	1
DECR2	chr16	401834	412492	401834	1
DEDD	chr1	161120957	161133280	161133280	-1
DEDD2	chr19	42198593	42220140	42220140	-1
DEF6	chr6	35297818	35321909	35297818	1
DEF8	chr16	89948014	89968079	89948014	1
DEFA1	chr8	6977649	6980094	6980094	-1
DEFA1B	chr8	6996766	6999206	6999206	-1
DEFA3	chr8	7015868	7018359	7018359	-1
DEFA4	chr8	6935820	6938313	6938313	-1
DEFA5	chr8	7055251	7056740	7056740	-1
DEFA6	chr8	6924697	6926076	6926076	-1
DEFB1	chr8	6870592	6877943	6877943	-1
DEFB103A	chr8	7881392	7882663	7881392	1
DEFB103B	chr8	7428888	7430348	7430348	-1
DEFB104A	chr8	7836436	7841242	7836436	1
DEFB104B	chr8	7470308	7475082	7475082	-1
DEFB105A	chr8	7821004	7823880	7823880	-1
DEFB105B	chr8	7487679	7489593	7487679	1
DEFB106A	chr8	7825139	7829053	7825139	1
DEFB106B	chr8	7482504	7486400	7486400	-1
DEFB107A	chr8	7811720	7815716	7815716	-1
DEFB107B	chr8	7495911	7509311	7495911	1
DEFB108B	chr11	71833200	71837710	71833200	1
DEFB108C	chr8	7373114	7377500	7373114	1
DEFB109B	chr8	7312722	7320096	7312722	1
DEFB109C	chr8	7990270	7997645	7997645	-1
DEFB109D	chr8	12150888	12158033	12158033	-1
DEFB110	chr6	50009138	50021994	50021994	-1
DEFB112	chr6	50042099	50049936	50049936	-1
DEFB113	chr6	49968677	49969625	49969625	-1
DEFB114	chr6	49960249	49964164	49964164	-1
DEFB115	chr20	31257664	31259632	31257664	1
DEFB116	chr20	31303212	31308585	31308585	-1
DEFB118	chr20	31368601	31373923	31368601	1
DEFB119	chr20	31377159	31390716	31390716	-1
DEFB121	chr20	31404845	31412838	31412838	-1
DEFB123	chr20	31440494	31450264	31440494	1
DEFB124	chr20	31465471	31476760	31476760	-1
DEFB125	chr20	87250	97094	87250	1
DEFB126	chr20	142590	145751	142590	1
DEFB127	chr20	157454	159163	157454	1
DEFB128	chr20	187853	189711	189711	-1
DEFB129	chr20	227258	229886	227258	1
DEFB130A	chr8	12310962	12318316	12318316	-1
DEFB130B	chr8	12064389	12071747	12071747	-1
DEFB131A	chr4	9444413	9450672	9444413	1
DEFB131B	chr11	71878453	71884561	71878453	1
DEFB132	chr20	257717	261096	257717	1
DEFB134	chr8	11993174	12000752	12000752	-1
DEFB135	chr8	11982256	11984590	11982256	1
DEFB136	chr8	11973937	11974599	11974599	-1
DEFB4A	chr8	7894676	7896716	7894676	1
DEFB4B	chr8	7414855	7416863	7416863	-1
DEGS1	chr1	224175756	224202394	224175756	1
DEGS2	chr14	100143957	100159688	100159688	-1
DEK	chr6	18223860	18265997	18265997	-1
DELE1	chr5	141923800	141952031	141923800	1
DENND10	chr10	119104052	119137986	119104052	1
DENND11	chr7	141656728	141702185	141702185	-1
DENND1A	chr9	123379648	123930154	123930154	-1
DENND1B	chr1	197504748	197775706	197775706	-1
DENND1C	chr19	6467207	6482557	6482557	-1
DENND2A	chr7	140518418	140673993	140673993	-1
DENND2B	chr11	8693343	8910951	8910951	-1
DENND2C	chr1	114582848	114670451	114670451	-1
DENND2D	chr1	111183876	111204535	111204535	-1
DENND3	chr8	141117278	141195808	141117278	1
DENND4A	chr15	65658046	65792307	65792307	-1
DENND4B	chr1	153928862	153946749	153946749	-1
DENND4C	chr9	19230435	19374987	19230435	1
DENND5A	chr11	9138825	9265959	9265959	-1
DENND5B	chr12	31377500	31591201	31591201	-1
DENND6A	chr3	57625454	57693127	57693127	-1
DENND6B	chr22	50308989	50327661	50327661	-1
DENR	chr12	122752824	122771394	122752824	1
DEPDC1	chr1	68474152	68497230	68497230	-1
DEPDC1B	chr5	60596912	60700199	60700199	-1
DEPDC4	chr12	100203669	100267094	100267094	-1
DEPDC5	chr22	31753867	31908033	31753867	1
DEPDC7	chr11	33015876	33033836	33015876	1
DEPP1	chr10	44970981	44978816	44978816	-1
DEPTOR	chr8	119873670	120051577	119873670	1
DERA	chr12	15911220	16037381	15911220	1
DERL1	chr8	123013170	123042406	123042406	-1
DERL2	chr17	5471254	5486817	5486817	-1
DERL3	chr22	23834503	23839131	23839131	-1
DERPC	chr16	69117665	69132588	69132588	-1
DES	chr2	219417474	219426740	219417474	1
DESI1	chr22	41598028	41621089	41621089	-1
DESI2	chr1	244652935	244722087	244652935	1
DET1	chr15	88494440	88547321	88547321	-1
DEUP1	chr11	93329971	93438487	93329971	1
DEXI	chr16	10928891	10942481	10942481	-1
DFFA	chr1	10456522	10472582	10472582	-1
DFFB	chr1	3857242	3885491	3857242	1
DGAT1	chr8	144314584	144326916	144326916	-1
DGAT2	chr11	75759512	75813865	75759512	1
DGAT2L6	chrX	70177483	70205704	70177483	1
DGCR2	chr22	19036280	19122461	19122461	-1
DGCR6	chr22	18905677	18916623	18905677	1
DGCR6L	chr22	20312140	20320085	20320085	-1
DGCR8	chr22	20080025	20111877	20080025	1
DGKA	chr12	55927319	55954027	55927319	1
DGKB	chr7	14145049	14974863	14974863	-1
DGKD	chr2	233354475	233472104	233354475	1
DGKE	chr17	56833170	56869567	56833170	1
DGKG	chr3	186105668	186362326	186362326	-1
DGKH	chr13	42040036	42256578	42040036	1
DGKI	chr7	137381037	137847092	137847092	-1
DGKK	chrX	50365405	50470850	50470850	-1
DGKQ	chr4	958884	986895	986895	-1
DGKZ	chr11	46332665	46380555	46332665	1
DGLUCY	chr14	91060044	91226930	91060044	1
DGUOK	chr2	73926794	73958961	73926794	1
DHCR24	chr1	54832262	54887224	54887224	-1
DHCR7	chr11	71428193	71452868	71452868	-1
DHDDS	chr1	26432273	26471322	26432273	1
DHDH	chr19	48933517	48944969	48933517	1
DHFR	chr5	80626226	80655002	80655002	-1
DHFR2	chr3	93981180	94063389	94063389	-1
DHH	chr12	49086656	49094807	49094807	-1
DHODH	chr16	72008588	72027664	72008588	1
DHPS	chr19	12673411	12681901	12681901	-1
DHRS1	chr14	24290594	24300136	24300136	-1
DHRS11	chr17	36591782	36600809	36591782	1
DHRS12	chr13	51751930	51804187	51804187	-1
DHRS13	chr17	28897781	28903087	28903087	-1
DHRS2	chr14	23630115	23645639	23630115	1
DHRS3	chr1	12563619	12620183	12620183	-1
DHRS4	chr14	23953713	23969279	23953713	1
DHRS4L2	chr14	23969874	24006408	23969874	1
DHRS7	chr14	60140808	60169856	60169856	-1
DHRS7B	chr17	21123364	21194141	21123364	1
DHRS7C	chr17	9771434	9791593	9791593	-1
DHRS9	chr2	169064789	169096168	169064789	1
DHRSX	chrY	2217548	2502805	2502805	-1
DHTKD1	chr10	12068926	12125946	12068926	1
DHX15	chr4	24517441	24584608	24584608	-1
DHX16	chr6	30652469	30673059	30673059	-1
DHX29	chr5	55256055	55307722	55307722	-1
DHX30	chr3	47802641	47851617	47802641	1
DHX32	chr10	125836334	125896514	125896514	-1
DHX33	chr17	5440917	5469031	5469031	-1
DHX34	chr19	47349280	47383255	47349280	1
DHX35	chr20	38962272	39039723	38962272	1
DHX36	chr3	154271823	154324991	154324991	-1
DHX37	chr12	124946824	124989140	124989140	-1
DHX38	chr16	72093613	72112912	72093613	1
DHX40	chr17	59565558	59611563	59565558	1
DHX57	chr2	38797724	38875943	38875943	-1
DHX58	chr17	42101404	42112735	42112735	-1
DHX8	chr17	43483865	43610338	43483865	1
DHX9	chr1	182839302	182888120	182839302	1
DIABLO	chr12	122207394	122226083	122226083	-1
DIAPH1	chr5	141515016	141619194	141619194	-1
DIAPH2	chrX	96684640	97604997	96684640	1
DIAPH3	chr13	59665583	60163969	60163969	-1
DICER1	chr14	95086228	95158010	95158010	-1
DIDO1	chr20	62877738	62937992	62937992	-1
DIMT1	chr5	62347284	62403943	62403943	-1
DIO1	chr1	53891239	53911086	53891239	1
DIO2	chr14	80197526	80387757	80387757	-1
DIO3	chr14	101560139	101563452	101560139	1
DIP2A	chr21	46458841	46572746	46458841	1
DIP2B	chr12	50504962	50748657	50504962	1
DIP2C	chr10	274201	689937	689937	-1
DIPK1A	chr1	92830514	92961522	92961522	-1
DIPK1B	chr9	136712302	136724742	136712302	1
DIPK1C	chr18	74434101	74457944	74457944	-1
DIPK2A	chr3	143971816	144048719	143971816	1
DIPK2B	chrX	45148373	45200965	45200965	-1
DIRAS1	chr19	2714566	2721438	2721438	-1
DIRAS2	chr9	90609832	90642901	90642901	-1
DIRAS3	chr1	68045513	68051717	68051717	-1
DIS3	chr13	72752169	72782112	72782112	-1
DIS3L	chr15	66293217	66333906	66293217	1
DIS3L2	chr2	231961245	232344350	231961245	1
DISC1	chr1	231626663	232041272	231626663	1
DISP1	chr1	222814730	223009398	222814730	1
DISP2	chr15	40358219	40378621	40358219	1
DISP3	chr1	11478905	11537583	11478905	1
DIXDC1	chr11	111927144	112023091	111927144	1
DKC1	chrX	154762741	154777697	154762741	1
DKK1	chr10	52314274	52318042	52314274	1
DKK2	chr4	106921802	107283806	107283806	-1
DKK3	chr11	11956207	12009948	12009948	-1
DKK4	chr8	42373195	42384830	42384830	-1
DKKL1	chr19	49361783	49375120	49361783	1
DLAT	chr11	112025033	112064404	112025033	1
DLC1	chr8	13083361	13604610	13604610	-1
DLD	chr7	107891136	107931730	107891136	1
DLEC1	chr3	38039190	38124025	38039190	1
DLEU7	chr13	50519364	50843939	50843939	-1
DLG1	chr3	197042560	197299332	197299332	-1
DLG2	chr11	83455012	85628399	85628399	-1
DLG3	chrX	70444793	70505490	70444793	1
DLG4	chr17	7187187	7219836	7219836	-1
DLG5	chr10	77790778	77927220	77927220	-1
DLGAP1	chr18	3494443	4455307	4455307	-1
DLGAP2	chr8	737627	1708476	737627	1
DLGAP3	chr1	34861407	34929664	34929664	-1
DLGAP4	chr20	36306302	36528637	36306302	1
DLGAP5	chr14	55132272	55191627	55191627	-1
DLK1	chr14	100725705	100738224	100725705	1
DLK2	chr6	43450351	43456632	43456632	-1
DLL1	chr6	170282202	170306565	170306565	-1
DLL3	chr19	39498895	39508481	39498895	1
DLL4	chr15	40929333	40939081	40929333	1
DLST	chr14	74881891	74903966	74881891	1
DLX1	chr2	172084469	172089677	172084469	1
DLX2	chr2	172099438	172102909	172102909	-1
DLX3	chr17	49990005	49995224	49995224	-1
DLX4	chr17	49968588	49974959	49968588	1
DLX5	chr7	97020105	97024950	97024950	-1
DLX6	chr7	97005553	97011040	97005553	1
DMAC1	chr9	7796489	7888380	7888380	-1
DMAC2	chr19	41431317	41440717	41440717	-1
DMAC2L	chr14	50311516	50356756	50311516	1
DMAP1	chr1	44213427	44230038	44213427	1
DMBT1	chr10	122560641	122643740	122560641	1
DMBX1	chr1	46489822	46516218	46489822	1
DMC1	chr22	38509022	38570211	38570211	-1
DMD	chrX	31097677	33339609	33339609	-1
DMGDH	chr5	78996960	79236038	79236038	-1
DMKN	chr19	35497220	35513704	35513704	-1
DMP1	chr4	87650278	87664361	87650278	1
DMPK	chr19	45769709	45782794	45782794	-1
DMRT1	chr9	841690	969090	841690	1
DMRT2	chr9	1049000	1059533	1049000	1
DMRT3	chr9	976373	991746	976373	1
DMRTA1	chr9	22446777	22468199	22446777	1
DMRTA2	chr1	50417550	50423473	50423473	-1
DMRTB1	chr1	53459391	53467488	53459391	1
DMRTC1	chrX	72872025	72943837	72943837	-1
DMRTC1B	chrX	72776874	72848803	72776874	1
DMRTC2	chr19	41844743	41852333	41844743	1
DMTF1	chr7	87152340	87202747	87152340	1
DMTN	chr8	22048995	22082527	22048995	1
DMWD	chr19	45782944	45792949	45792949	-1
DMXL1	chr5	119037772	119249138	119037772	1
DMXL2	chr15	51447711	51622981	51622981	-1
DNA2	chr10	68414061	68472121	68472121	-1
DNAAF1	chr16	84145261	84178769	84145261	1
DNAAF10	chr2	68088900	68157567	68157567	-1
DNAAF11	chr8	132570133	132675622	132675622	-1
DNAAF19	chr17	44889234	44905390	44889234	1
DNAAF2	chr14	49623701	49635284	49635284	-1
DNAAF3	chr19	55158661	55166722	55166722	-1
DNAAF4	chr15	55410525	55508234	55508234	-1
DNAAF5	chr7	726687	790035	726687	1
DNAAF6	chrX	107206606	107244247	107206606	1
DNAAF8	chr16	4734315	4749396	4734315	1
DNAAF9	chr20	3249295	3407942	3407942	-1
DNAH1	chr3	52316319	52400492	52316319	1
DNAH10	chr12	123761878	123935720	123761878	1
DNAH11	chr7	21543014	21902262	21543014	1
DNAH12	chr3	57293699	57544359	57544359	-1
DNAH14	chr1	224896262	225399292	224896262	1
DNAH17	chr17	78423697	78577396	78577396	-1
DNAH2	chr17	7717728	7833742	7717728	1
DNAH3	chr16	20932482	21159441	21159441	-1
DNAH5	chr5	13690328	14011818	14011818	-1
DNAH6	chr2	84516455	84819589	84516455	1
DNAH7	chr2	195737524	196068848	196068848	-1
DNAH8	chr6	38715311	39030792	38715311	1
DNAH9	chr17	11598457	11969748	11598457	1
DNAI1	chr9	34457414	34520988	34457414	1
DNAI2	chr17	74274230	74314886	74274230	1
DNAI3	chr1	84999147	85133274	84999147	1
DNAI4	chr1	66812885	66924890	66924890	-1
DNAI7	chr12	25107809	25195170	25195170	-1
DNAJA1	chr9	33025203	33041858	33025203	1
DNAJA2	chr16	46955362	46973709	46973709	-1
DNAJA3	chr16	4425805	4460593	4425805	1
DNAJA4	chr15	78264086	78282196	78264086	1
DNAJB1	chr19	14513789	14560391	14560391	-1
DNAJB11	chr3	186567403	186585800	186567403	1
DNAJB12	chr10	72332830	72355167	72355167	-1
DNAJB13	chr11	73951014	73970366	73951014	1
DNAJB14	chr4	99896248	99946726	99946726	-1
DNAJB2	chr2	219279308	219286900	219279308	1
DNAJB4	chr1	77979070	78019864	77979070	1
DNAJB5	chr9	34989641	34999403	34989641	1
DNAJB6	chr7	157335381	157432974	157335381	1
DNAJB7	chr22	40859549	40862113	40862113	-1
DNAJB8	chr3	128462437	128466968	128466968	-1
DNAJB9	chr7	108569780	108574850	108569780	1
DNAJC1	chr10	21756535	22003769	22003769	-1
DNAJC10	chr2	182715607	182794464	182715607	1
DNAJC11	chr1	6634167	6701924	6701924	-1
DNAJC12	chr10	67796665	67850195	67850195	-1
DNAJC13	chr3	132417488	132539032	132417488	1
DNAJC14	chr12	55818839	55830824	55830824	-1
DNAJC15	chr13	43023203	43114213	43023203	1
DNAJC16	chr1	15526813	15592379	15526813	1
DNAJC17	chr15	40765161	40807498	40807498	-1
DNAJC18	chr5	139408588	139444491	139444491	-1
DNAJC19	chr3	180939429	180989843	180989843	-1
DNAJC2	chr7	103310497	103344837	103344837	-1
DNAJC21	chr5	34929525	34958964	34929525	1
DNAJC22	chr12	49345607	49357546	49345607	1
DNAJC24	chr11	31369799	31432835	31369799	1
DNAJC25	chr9	111631317	111654352	111631317	1
DNAJC25-GNG10	chr9	111631386	111670229	111631386	1
DNAJC27	chr2	24943636	24972094	24972094	-1
DNAJC28	chr21	33485615	33491753	33491753	-1
DNAJC3	chr13	95676600	95794988	95676600	1
DNAJC30	chr7	73680918	73683453	73683453	-1
DNAJC4	chr11	64230158	64234286	64230158	1
DNAJC5	chr20	63894641	63939899	63894641	1
DNAJC5B	chr8	66021524	66102960	66021524	1
DNAJC5G	chr2	27275430	27281499	27275430	1
DNAJC6	chr1	65248219	65415871	65248219	1
DNAJC7	chr17	41974005	42021376	42021376	-1
DNAJC8	chr1	28198626	28233087	28233087	-1
DNAJC9	chr10	73183362	73247319	73247319	-1
DNAL1	chr14	73644875	73703732	73644875	1
DNAL4	chr22	38778505	38794198	38794198	-1
DNALI1	chr1	37556918	37566857	37556918	1
DNASE1	chr16	3611678	3680143	3611678	1
DNASE1L1	chrX	154401236	154412119	154412119	-1
DNASE1L2	chr16	2235816	2238711	2235816	1
DNASE1L3	chr3	58191375	58214697	58214697	-1
DNASE2	chr19	12875209	12881595	12881595	-1
DNASE2B	chr1	84398484	84415644	84398484	1
DND1	chr5	140670794	140673576	140673576	-1
DNER	chr2	229357519	229714586	229714586	-1
DNHD1	chr11	6497260	6593758	6497260	1
DNLZ	chr9	136359480	136363773	136363773	-1
DNM1	chr9	128191655	128255254	128191655	1
DNM1L	chr12	32679200	32745650	32679200	1
DNM2	chr19	10717967	10834209	10717967	1
DNM3	chr1	171817887	172418466	171817887	1
DNMBP	chr10	99875576	100010049	100010049	-1
DNMT1	chr19	10133342	10231286	10231286	-1
DNMT3A	chr2	25227855	25342590	25342590	-1
DNMT3B	chr20	32762385	32809359	32762385	1
DNMT3L	chr21	44246339	44262216	44262216	-1
DNPEP	chr2	219360090	219400022	219400022	-1
DNPH1	chr6	43225629	43229490	43229490	-1
DNTT	chr10	96304409	96338564	96304409	1
DNTTIP1	chr20	45791937	45811427	45791937	1
DNTTIP2	chr1	93866284	93879918	93879918	-1
DOC2A	chr16	30005507	30023270	30023270	-1
DOC2B	chr17	142789	181691	181691	-1
DOCK1	chr10	126905388	127453803	126905388	1
DOCK10	chr2	224765090	225042724	225042724	-1
DOCK11	chrX	118495612	118686976	118495612	1
DOCK2	chr5	169637224	170083382	169637224	1
DOCK3	chr3	50674875	51384198	50674875	1
DOCK4	chr7	111725604	112206407	112206407	-1
DOCK5	chr8	25184342	25418082	25184342	1
DOCK6	chr19	11199295	11262533	11262533	-1
DOCK7	chr1	62454298	62688549	62688549	-1
DOCK8	chr9	214676	465530	214676	1
DOCK9	chr13	98793429	99087449	99087449	-1
DOHH	chr19	3490821	3507203	3507203	-1
DOK1	chr2	74548875	74557554	74548875	1
DOK2	chr8	21907461	21913960	21913960	-1
DOK3	chr5	177501888	177511274	177511274	-1
DOK4	chr16	57471917	57487382	57487382	-1
DOK5	chr20	54475459	54651171	54475459	1
DOK6	chr18	69400741	69849087	69400741	1
DOK7	chr4	3463190	3501540	3463190	1
DOLK	chr9	128945530	128947603	128947603	-1
DOLPP1	chr9	129081097	129091161	129081097	1
DONSON	chr21	33559542	33589015	33589015	-1
DOP1A	chr6	83067638	83171350	83067638	1
DOP1B	chr21	36156758	36294275	36156758	1
DORIP1	chr14	44897200	44907257	44897200	1
DOT1L	chr19	2163933	2232578	2163933	1
DPAGT1	chr11	119095979	119108331	119108331	-1
DPCD	chr10	101570560	101609667	101570560	1
DPEP1	chr16	89613308	89638456	89613308	1
DPEP2	chr16	67987392	68000624	68000624	-1
DPEP2NB	chr16	68013436	68015911	68015911	-1
DPEP3	chr16	67975661	67980554	67980554	-1
DPF1	chr19	38211006	38229729	38229729	-1
DPF2	chr11	65333792	65354262	65333792	1
DPF3	chr14	72609034	72894117	72894117	-1
DPH1	chr17	2030136	2043898	2030136	1
DPH2	chr1	43969975	43973373	43969975	1
DPH3	chr3	16257061	16264998	16264998	-1
DPH5	chr1	100926286	101026117	101026117	-1
DPH6	chr15	35079812	35546411	35546411	-1
DPH7	chr9	137554436	137578936	137578936	-1
DPM1	chr20	50932897	50959145	50959145	-1
DPM2	chr9	127935090	127937879	127937879	-1
DPM3	chr1	155138457	155140595	155140595	-1
DPP10	chr2	114442299	115845794	114442299	1
DPP3	chr11	66479990	66510188	66479990	1
DPP4	chr2	161992243	162074639	162074639	-1
DPP6	chr7	153748133	154894285	153748133	1
DPP7	chr9	137110540	137118309	137118309	-1
DPP8	chr15	65442463	65517757	65517757	-1
DPP9	chr19	4674341	4724673	4724673	-1
DPPA2	chr3	109293780	109317266	109317266	-1
DPPA3	chr12	7711398	7717561	7711398	1
DPPA4	chr3	109326141	109340118	109340118	-1
DPPA5	chr6	73353063	73354294	73354294	-1
DPRX	chr19	53600777	53637014	53600777	1
DPT	chr1	168695246	168729207	168729207	-1
DPY19L1	chr7	34921469	35038271	35038271	-1
DPY19L2	chr12	63558913	63668939	63668939	-1
DPY19L3	chr19	32405543	32485895	32405543	1
DPY19L4	chr8	94719677	94793836	94719677	1
DPY30	chr2	31867809	32039832	32039832	-1
DPYD	chr1	97077743	97995000	97995000	-1
DPYS	chr8	104327415	104467111	104467111	-1
DPYSL2	chr8	26514031	26658178	26514031	1
DPYSL3	chr5	147390808	147510543	147510543	-1
DPYSL4	chr10	132186897	132205762	132186897	1
DPYSL5	chr2	26847747	26950351	26847747	1
DQX1	chr2	74518131	74526396	74526396	-1
DR1	chr1	93345878	93369493	93345878	1
DRAM1	chr12	101877290	102012136	101877290	1
DRAM2	chr1	111114206	111140225	111140225	-1
DRAP1	chr11	65919258	65921565	65919258	1
DRAXIN	chr1	11690958	11725857	11690958	1
DRC1	chr2	26401908	26456717	26401908	1
DRC10	chr12	113192309	113221103	113221103	-1
DRC11	chr2	236324147	236507716	236507716	-1
DRC11L	chr7	151190873	151205496	151205496	-1
DRC12	chr11	119190055	119206266	119206266	-1
DRC2	chr12	48904105	48931840	48904105	1
DRC3	chr17	17972813	18016889	17972813	1
DRC4	chr16	90019629	90045369	90019629	1
DRC5	chr6	44278718	44297725	44297725	-1
DRC7	chr16	57694790	57731805	57694790	1
DRC8	chr1	244969671	245127164	244969671	1
DRC9	chr3	197881034	197960142	197960142	-1
DRD1	chr5	175440027	175444794	175444794	-1
DRD2	chr11	113409021	113476402	113476402	-1
DRD3	chr3	114127580	114199407	114199407	-1
DRD4	chr11	637269	640706	637269	1
DRD5	chr4	9781387	9784012	9781387	1
DRG1	chr22	31399515	31528740	31399515	1
DRG2	chr17	18087876	18107979	18087876	1
DRGX	chr10	49364065	49398484	49398484	-1
DRICH1	chr22	23608452	23632322	23632322	-1
DROSHA	chr5	31400494	31533186	31533186	-1
DRP2	chrX	101219723	101264502	101219723	1
DSC1	chr18	31129236	31162981	31162981	-1
DSC2	chr18	31058545	31102600	31102600	-1
DSC3	chr18	30989365	31042976	31042976	-1
DSCAM	chr21	40010999	40847158	40847158	-1
DSCAML1	chr11	117427772	117817525	117817525	-1
DSCC1	chr8	119833944	119856022	119856022	-1
DSE	chr6	116253604	116444861	116253604	1
DSEL	chr18	67506587	67516790	67516790	-1
DSG1	chr18	31318125	31359246	31318125	1
DSG2	chr18	31497624	31551351	31497624	1
DSG3	chr18	31447741	31478702	31447741	1
DSG4	chr18	31376777	31414979	31376777	1
DSN1	chr20	36751791	36774298	36774298	-1
DSP	chr6	7541320	7586717	7541320	1
DSPP	chr4	87608529	87616873	87608529	1
DST	chr6	56457981	56955274	56955274	-1
DSTN	chr20	17569152	17609919	17569152	1
DSTYK	chr1	205142505	205211741	205211741	-1
DTD1	chr20	18587917	18780666	18587917	1
DTD2	chr14	31430256	31457513	31457513	-1
DTHD1	chr4	36281616	36347511	36281616	1
DTL	chr1	212035553	212107400	212035553	1
DTNA	chr18	34493207	34891844	34493207	1
DTNB	chr2	25377028	25673717	25673717	-1
DTNBP1	chr6	15520284	15663066	15663066	-1
DTWD1	chr15	49620925	49656358	49620925	1
DTWD2	chr5	118835089	118988562	118988562	-1
DTX1	chr12	113056679	113098028	113056679	1
DTX2	chr7	76461656	76507223	76461656	1
DTX3	chr12	57604484	57609804	57604484	1
DTX3L	chr3	122564228	122575203	122564228	1
DTX4	chr11	59171430	59208600	59171430	1
DTYMK	chr2	241675738	241686981	241686981	-1
DUOX1	chr15	45129450	45165576	45129450	1
DUOX2	chr15	45092650	45114185	45114185	-1
DUOXA1	chr15	45117364	45130611	45130611	-1
DUOXA2	chr15	45114325	45118421	45114325	1
DUS1L	chr17	82057506	82066206	82066206	-1
DUS2	chr16	67987746	68079344	67987746	1
DUS3L	chr19	5784832	5791225	5791225	-1
DUS4L	chr7	107563484	107579483	107563484	1
DUS4L-BCAP29	chr7	107563971	107623317	107563971	1
DUSP1	chr5	172766992	172771198	172771198	-1
DUSP10	chr1	221700666	221743169	221743169	-1
DUSP11	chr2	73761782	73780173	73780173	-1
DUSP12	chr1	161749758	161757238	161749758	1
DUSP13A	chr10	75094427	75109251	75109251	-1
DUSP13B	chr10	75094432	75106499	75106499	-1
DUSP14	chr17	37488397	37513832	37488397	1
DUSP15	chr20	31847637	31870699	31870699	-1
DUSP16	chr12	12473282	12563147	12563147	-1
DUSP18	chr22	30652051	30667887	30667887	-1
DUSP19	chr2	183078559	183101060	183078559	1
DUSP2	chr2	96143166	96145447	96145447	-1
DUSP21	chrX	44844021	44844888	44844021	1
DUSP22	chr6	291630	369379	291630	1
DUSP23	chr1	159780931	159782543	159780931	1
DUSP26	chr8	33590665	33600176	33600176	-1
DUSP28	chr2	240560054	240565256	240560054	1
DUSP29	chr10	75037472	75073655	75073655	-1
DUSP3	chr17	43763629	43779000	43779000	-1
DUSP4	chr8	29333064	29350728	29350728	-1
DUSP5	chr10	110497907	110511544	110497907	1
DUSP6	chr12	89347235	89352507	89352507	-1
DUSP7	chr3	52048919	52056577	52056577	-1
DUSP8	chr11	1554051	1573076	1573076	-1
DUSP9	chrX	153642397	153651326	153642397	1
DUT	chr15	48331011	48343373	48331011	1
DUX4	chr4	190173774	190196133	190173774	1
DUX4L9	chr4	190019718	190022665	190022665	-1
DUXA	chr19	57154021	57167485	57167485	-1
DUXB	chr16	75693893	75701461	75701461	-1
DVL1	chr1	1335275	1349962	1349962	-1
DVL2	chr17	7225338	7234538	7234538	-1
DVL3	chr3	184155159	184173616	184155159	1
DXO	chr6	31969810	31972517	31972517	-1
DYDC1	chr10	80336105	80356760	80356760	-1
DYDC2	chr10	80344730	80369191	80344730	1
DYM	chr18	49036387	49461347	49461347	-1
DYNAP	chr18	54587757	54599888	54587757	1
DYNC1H1	chr14	101964519	102056443	101964519	1
DYNC1I1	chr7	95772459	96110915	95772459	1
DYNC1I2	chr2	171687409	171750179	171687409	1
DYNC1LI1	chr3	32525974	32570949	32570949	-1
DYNC1LI2	chr16	66720893	66751856	66751856	-1
DYNC2H1	chr11	103109351	103479863	103109351	1
DYNC2I1	chr7	158856546	158956747	158856546	1
DYNC2I2	chr9	128633646	128656847	128656847	-1
DYNC2LI1	chr2	43774011	43828352	43774011	1
DYNLL1	chr12	120468451	120498913	120468451	1
DYNLL2	chr17	58082825	58095542	58082825	1
DYNLRB1	chr20	34515600	34540958	34515600	1
DYNLRB2	chr16	80540734	80550813	80540734	1
DYNLT1	chr6	158612721	158644771	158644771	-1
DYNLT2	chr6	169740106	169751587	169751587	-1
DYNLT2B	chr3	196291219	196318328	196318328	-1
DYNLT3	chrX	37836611	37847593	37847593	-1
DYNLT4	chr1	44805885	44807417	44807417	-1
DYNLT5	chr1	66751741	66779051	66751741	1
DYRK1A	chr21	37365573	37526358	37365573	1
DYRK1B	chr19	39825350	39834201	39834201	-1
DYRK2	chr12	67647913	67665406	67647913	1
DYRK3	chr1	206635518	206684419	206635518	1
DYRK4	chr12	4562187	4616764	4562187	1
DYSF	chr2	71453495	71686763	71453495	1
DYTN	chr2	206651621	206721570	206721570	-1
DZANK1	chr20	18383361	18467332	18467332	-1
DZIP1	chr13	95578202	95644740	95644740	-1
DZIP1L	chr3	138029828	138115857	138115857	-1
DZIP3	chr3	108589480	108694846	108589480	1
E2F1	chr20	33675477	33686426	33686426	-1
E2F2	chr1	23506423	23531241	23531241	-1
E2F3	chr6	20401840	20493714	20401840	1
E2F4	chr16	67192117	67198919	67192117	1
E2F5	chr8	85177107	85217158	85177107	1
E2F6	chr2	11444375	11466177	11466177	-1
E2F7	chr12	77021245	77065579	77065579	-1
E2F8	chr11	19223994	19241684	19241684	-1
E4F1	chr16	2223440	2235743	2223440	1
EAF1	chr3	15427552	15450635	15427552	1
EAF2	chr3	121835164	121888073	121835164	1
EAPP	chr14	34515938	34539793	34539793	-1
EARS2	chr16	23520754	23557731	23557731	-1
EBAG9	chr8	109539621	109570072	109539621	1
EBAG9UORF	chr8	109539726	109539800	109539726	1
EBF1	chr5	158695920	159100331	159100331	-1
EBF2	chr8	25841725	26045420	26045420	-1
EBF3	chr10	129835233	129973053	129973053	-1
EBF4	chr20	2692724	2760228	2692724	1
EBI3	chr19	4229267	4238167	4229267	1
EBLN1	chr10	22208475	22218018	22218018	-1
EBLN2	chr3	73061659	73063337	73061659	1
EBNA1BP2	chr1	43162085	43270936	43270936	-1
EBP	chrX	48521089	48528716	48521089	1
EBPL	chr13	49660674	49691613	49691613	-1
ECD	chr10	73101927	73169055	73169055	-1
ECE1	chr1	21217247	21345912	21345912	-1
ECE2	chr3	184275531	184293031	184275531	1
ECEL1	chr2	232479825	232489045	232489045	-1
ECH1	chr19	38815415	38831874	38831874	-1
ECHDC1	chr6	127288710	127343609	127343609	-1
ECHDC2	chr1	52895910	52927212	52927212	-1
ECHDC3	chr10	11742357	11767362	11742357	1
ECHS1	chr10	133362368	133373714	133373714	-1
ECI1	chr16	2239376	2252300	2252300	-1
ECI2	chr6	4115312	4135635	4135635	-1
ECM1	chr1	150507989	150515000	150507989	1
ECM2	chr9	92493554	92536736	92536736	-1
ECPAS	chr9	111359002	111484745	111484745	-1
ECRG4	chr2	106063246	106078155	106063246	1
ECSCR	chr5	139446541	139462751	139462751	-1
ECSIT	chr19	11505916	11540137	11540137	-1
ECT2	chr3	172750682	172821474	172750682	1
ECT2L	chr6	138795911	138904711	138795911	1
EDA	chrX	69616067	70039472	69616067	1
EDA2R	chrX	66594384	66639326	66639326	-1
EDAR	chr2	108894471	108989372	108989372	-1
EDARADD	chr1	236348257	236502915	236348257	1
EDC3	chr15	74630557	74696292	74696292	-1
EDC4	chr16	67873049	67884520	67873049	1
EDDM13	chr19	56272735	56310454	56272735	1
EDDM3A	chr14	20745887	20748380	20745887	1
EDDM3B	chr14	20768404	20770948	20768404	1
EDEM1	chr3	5187542	5219963	5187542	1
EDEM2	chr20	35113122	35147404	35147404	-1
EDEM3	chr1	184690237	184754907	184754907	-1
EDF1	chr9	136862113	136866343	136866343	-1
EDIL3	chr5	83939098	84384891	84384891	-1
EDN1	chr6	12287459	12297194	12287459	1
EDN2	chr1	41478774	41500502	41500502	-1
EDN3	chr20	59300213	59325992	59300213	1
EDNRA	chr4	147480769	147544954	147480769	1
EDNRB	chr13	77895481	77975529	77975529	-1
EDRF1	chr10	125719515	125764232	125719515	1
EEA1	chr12	92770637	92929361	92929361	-1
EED	chr11	86201212	86279811	86201212	1
EEF1A1	chr6	73489308	73525587	73525587	-1
EEF1A2	chr20	63477488	63500533	63500533	-1
EEF1AKMT1	chr13	20722389	20773991	20773991	-1
EEF1AKMT2	chr10	124748149	124791916	124791916	-1
EEF1AKMT3	chr12	57771492	57782544	57771492	1
EEF1AKMT4	chr3	184249609	184258759	184249609	1
EEF1AKMT4-ECE2	chr3	184249695	184293031	184249695	1
EEF1B2	chr2	206159575	206164806	206159575	1
EEF1D	chr8	143579697	143599541	143599541	-1
EEF1E1	chr6	8073259	8102625	8102625	-1
EEF1E1-BLOC1S5	chr6	8015726	8102530	8102530	-1
EEF1G	chr11	62559593	62574086	62574086	-1
EEF2	chr19	3976044	3985479	3985479	-1
EEF2K	chr16	22206252	22288738	22206252	1
EEF2KMT	chr16	5084113	5097909	5097909	-1
EEFSEC	chr3	128153174	128427044	128153174	1
EEIG1	chr9	127939491	127981075	127981075	-1
EEIG2	chr1	108560031	108644900	108560031	1
EEPD1	chr7	36153075	36301557	36153075	1
EFCAB10	chr7	105565109	105600875	105600875	-1
EFCAB11	chr14	89794669	89954777	89954777	-1
EFCAB12	chr3	129401321	129428645	129428645	-1
EFCAB13	chr17	47323290	47441312	47323290	1
EFCAB14	chr1	46674659	46719146	46719146	-1
EFCAB3	chr17	62343941	62416480	62343941	1
EFCAB5	chr17	29929200	30108452	29929200	1
EFCAB6	chr22	43528744	43812337	43812337	-1
EFCAB7	chr1	63523317	63572693	63523317	1
EFCAB8	chr20	32858923	32961845	32858923	1
EFCAB9	chr5	172194172	172203454	172194172	1
EFCC1	chr3	129001302	129040742	129001302	1
EFEMP1	chr2	55810992	55924271	55924271	-1
EFEMP2	chr11	65866300	65878497	65878497	-1
EFHB	chr3	19878353	19947025	19947025	-1
EFHC1	chr6	52362123	52529886	52362123	1
EFHC2	chrX	44145243	44343850	44343850	-1
EFHD1	chr2	232606057	232682781	232606057	1
EFHD2	chr1	15409572	15430343	15409572	1
EFL1	chr15	82130206	82262773	82262773	-1
EFNA1	chr1	155127452	155134899	155127452	1
EFNA2	chr19	1285873	1301431	1285873	1
EFNA3	chr1	155078823	155087538	155078823	1
EFNA4	chr1	155063718	155069553	155063718	1
EFNA4-EFNA3	chr1	155063748	155086807	155063748	1
EFNA5	chr5	107376894	107671043	107671043	-1
EFNB1	chrX	68828950	68842160	68828950	1
EFNB2	chr13	106489745	106535669	106535669	-1
EFNB3	chr17	7705172	7711372	7705172	1
EFR3A	chr8	131904072	132013642	131904072	1
EFR3B	chr2	25042048	25159135	25042048	1
EFS	chr14	23353248	23366287	23366287	-1
EFTUD2	chr17	44849948	44899629	44899629	-1
EGF	chr4	109912878	110013948	109912878	1
EGFL6	chrX	13569575	13633575	13569575	1
EGFL7	chr9	136658284	136672684	136658284	1
EGFL8	chr6	32163918	32171980	32163918	1
EGFLAM	chr5	38258244	38466158	38258244	1
EGFR	chr7	55018820	55211628	55018820	1
EGLN1	chr1	231359560	231422749	231422749	-1
EGLN2	chr19	40798996	40857708	40798996	1
EGLN3	chr14	33924221	34462774	34462774	-1
EGR1	chr5	138465190	138471204	138465190	1
EGR2	chr10	62811996	62819167	62819167	-1
EGR3	chr8	22687659	22693480	22693480	-1
EGR4	chr2	73290927	73293721	73293721	-1
EHBP1	chr2	62673851	63046487	62673851	1
EHBP1L1	chr11	65575943	65594089	65575943	1
EHD1	chr11	64851642	64888372	64888372	-1
EHD2	chr19	47713388	47745089	47713388	1
EHD3	chr2	31233943	31275384	31233943	1
EHD4	chr15	41895928	41972614	41972614	-1
EHF	chr11	34617044	34663386	34617044	1
EHHADH	chr3	185190624	185281990	185281990	-1
EHMT1	chr9	137618901	137870016	137618901	1
EHMT2	chr6	31879758	31897723	31897723	-1
EI24	chr11	125536608	125585035	125536608	1
EID1	chr15	48878085	48880173	48878085	1
EID2	chr19	39536438	39540233	39540233	-1
EID2B	chr19	39525527	39532881	39532881	-1
EID3	chr12	104303739	104305205	104303739	1
EIF1	chr17	41688883	41693623	41688883	1
EIF1AD	chr11	65992009	66002472	66002472	-1
EIF1AX	chrX	20124519	20141982	20141982	-1
EIF1AY	chrY	20575694	20593154	20575694	1
EIF1B	chr3	40309107	40316985	40309107	1
EIF2A	chr3	150546678	150586798	150546678	1
EIF2AK1	chr7	6022247	6059240	6059240	-1
EIF2AK2	chr2	37099210	37157688	37157688	-1
EIF2AK3	chr2	88556741	88691518	88691518	-1
EIF2AK4	chr15	39934062	40036656	39934062	1
EIF2B1	chr12	123620406	123633766	123633766	-1
EIF2B2	chr14	75002889	75013117	75002889	1
EIF2B3	chr1	44850464	44986722	44986722	-1
EIF2B4	chr2	27363420	27370466	27370466	-1
EIF2B5	chr3	184134986	184146127	184134986	1
EIF2D	chr1	206571292	206612556	206612556	-1
EIF2S1	chr14	67359993	67394395	67359993	1
EIF2S2	chr20	34088309	34112284	34112284	-1
EIF2S3	chrX	24054628	24078810	24054628	1
EIF2S3B	chr12	10505602	10523135	10505602	1
EIF3A	chr10	119033670	119080867	119080867	-1
EIF3B	chr7	2354080	2380747	2354080	1
EIF3C	chr16	28688558	28745938	28688558	1
EIF3CL	chr16	28376676	28403851	28403851	-1
EIF3D	chr22	36510847	36529245	36529245	-1
EIF3E	chr8	108162787	108443496	108443496	-1
EIF3F	chr11	7970251	8001862	7970251	1
EIF3G	chr19	10115010	10119951	10119951	-1
EIF3H	chr8	116642130	116766925	116766925	-1
EIF3I	chr1	32221077	32245397	32221077	1
EIF3J	chr15	44537055	44564631	44537055	1
EIF3K	chr19	38619055	38636959	38619055	1
EIF3L	chr22	37848868	37889407	37848868	1
EIF3M	chr11	32583742	32606264	32583742	1
EIF4A1	chr17	7572718	7579007	7572718	1
EIF4A2	chr3	186783205	186789901	186783205	1
EIF4A3	chr17	80132700	80147151	80147151	-1
EIF4B	chr12	53006263	53042230	53006263	1
EIF4E	chr4	98876654	98929925	98929925	-1
EIF4E1B	chr5	176630582	176646644	176630582	1
EIF4E2	chr2	232550633	232585201	232550633	1
EIF4E3	chr3	71675414	71754773	71754773	-1
EIF4EBP1	chr8	38030494	38060380	38030494	1
EIF4EBP2	chr10	70404130	70428618	70404130	1
EIF4EBP3	chr5	140547616	140551708	140547616	1
EIF4ENIF1	chr22	31436977	31497047	31497047	-1
EIF4G1	chr3	184314490	184335358	184314490	1
EIF4G2	chr11	10796817	10808947	10808947	-1
EIF4G3	chr1	20805989	21177285	21177285	-1
EIF4H	chr7	74174127	74197122	74174127	1
EIF5	chr14	103333544	103345025	103333544	1
EIF5A	chr17	7306944	7312506	7306944	1
EIF5A2	chr3	170888418	170908644	170908644	-1
EIF5AL1	chr10	79512533	79516440	79512533	1
EIF5B	chr2	99337361	99401326	99337361	1
EIF6	chr20	35278891	35285009	35285009	-1
EIPR1	chr2	3188255	3377879	3377879	-1
ELAC1	chr18	50967989	51000735	50967989	1
ELAC2	chr17	12991268	13018065	13018065	-1
ELANE	chr19	850951	856247	850951	1
ELAPOR1	chr1	109113175	109206781	109113175	1
ELAPOR2	chr7	86874916	87059710	87059710	-1
ELAVL1	chr19	7958573	8006062	8006062	-1
ELAVL2	chr9	23690099	23826352	23826352	-1
ELAVL3	chr19	11451326	11481051	11481051	-1
ELAVL4	chr1	50024029	50203772	50024029	1
ELF1	chr13	40931241	41061692	41061692	-1
ELF2	chr4	139028112	139177280	139177280	-1
ELF3	chr1	202007945	202017183	202007945	1
ELF4	chrX	130063955	130110951	130110951	-1
ELF5	chr11	34478791	34525193	34525193	-1
ELFN1	chr7	1665745	1747946	1665745	1
ELFN2	chr22	37367960	37427596	37427596	-1
ELK1	chrX	47631617	47650604	47650604	-1
ELK3	chr12	96193978	96269835	96193978	1
ELK4	chr1	205597374	205634520	205634520	-1
ELL	chr19	18442663	18522116	18522116	-1
ELL2	chr5	95885095	95961907	95961907	-1
ELL3	chr15	43772605	43777315	43777315	-1
ELMO1	chr7	36852906	37449435	37449435	-1
ELMO2	chr20	46366045	46432985	46432985	-1
ELMO3	chr16	67199105	67204029	67199105	1
ELMOD1	chr11	107591079	107666971	107591079	1
ELMOD2	chr4	140524158	140553859	140524158	1
ELMOD3	chr2	85354394	85391752	85354394	1
ELN	chr7	74027773	74069909	74027773	1
ELOA	chr1	23743153	23762059	23743153	1
ELOA2	chr18	47032527	47035621	47035621	-1
ELOB	chr16	2771413	2777320	2777320	-1
ELOC	chr8	73930172	73972311	73972311	-1
ELOF1	chr19	11551147	11559325	11559325	-1
ELOVL1	chr1	43363141	43368075	43368075	-1
ELOVL2	chr6	10980742	11044446	11044446	-1
ELOVL3	chr10	102226294	102229589	102226294	1
ELOVL4	chr6	79913808	79947701	79947701	-1
ELOVL5	chr6	53260285	53349179	53349179	-1
ELOVL6	chr4	110045846	110199205	110199205	-1
ELOVL7	chr5	60751791	60844589	60844589	-1
ELP1	chr9	108866898	108934414	108934414	-1
ELP2	chr18	36129444	36180557	36129444	1
ELP3	chr8	28089673	28191156	28089673	1
ELP4	chr11	31509745	31790324	31509745	1
ELP5	chr17	7250818	7260165	7250818	1
ELP6	chr3	47490710	47513738	47513738	-1
ELSPBP1	chr19	47994632	48025154	47994632	1
EMB	chr5	50382390	50443248	50443248	-1
EMC1	chr1	19215660	19251552	19251552	-1
EMC10	chr19	50476400	50510789	50476400	1
EMC2	chr8	108443601	108551893	108443601	1
EMC3	chr3	9957217	10011202	10011202	-1
EMC4	chr15	34224997	34230161	34224997	1
EMC6	chr17	3668794	3672835	3668794	1
EMC7	chr15	34075970	34101929	34101929	-1
EMC8	chr16	85771758	85800193	85800193	-1
EMC9	chr14	24138958	24142023	24142023	-1
EMCN	chr4	100364873	100880126	100880126	-1
EMD	chrX	154379205	154381574	154379205	1
EME1	chr17	50373215	50383858	50373215	1
EME2	chr16	1772283	1781708	1772283	1
EMG1	chr12	6970765	6979939	6970765	1
EMID1	chr22	29205809	29259598	29205809	1
EMILIN1	chr2	27078044	27086408	27078044	1
EMILIN2	chr18	2846790	2916003	2846790	1
EMILIN3	chr20	41359962	41366855	41366855	-1
EML1	chr14	99737693	99942060	99737693	1
EML2	chr19	45606994	45645617	45645617	-1
EML3	chr11	62602216	62612978	62612978	-1
EML4	chr2	42169312	42332548	42169312	1
EML5	chr14	88612240	88792994	88792994	-1
EML6	chr2	54723499	54972025	54723499	1
EMP1	chr12	13196529	13219941	13196529	1
EMP2	chr16	10528422	10580857	10580857	-1
EMP3	chr19	48321310	48330560	48321310	1
EMSY	chr11	76444887	76553625	76444887	1
EMX1	chr2	72916184	72936071	72916184	1
EMX2	chr10	117542445	117549546	117542445	1
EN1	chr2	118842171	118847648	118847648	-1
EN2	chr7	155457555	155464831	155457555	1
ENAH	chr1	225486765	225653334	225653334	-1
ENAM	chr4	70628744	70646824	70628744	1
ENC1	chr5	74627406	74641424	74641424	-1
ENDOD1	chr11	95089566	95134193	95089566	1
ENDOG	chr9	128818451	128822683	128818451	1
ENDOU	chr12	47709734	47725567	47725567	-1
ENDOV	chr17	80415147	80438086	80415147	1
ENG	chr9	127811130	127855232	127855232	-1
ENGASE	chr17	79074770	79091967	79074770	1
ENHO	chr9	34521043	34523174	34523174	-1
ENKD1	chr16	67662945	67667954	67667954	-1
ENKUR	chr10	24981979	25062329	25062329	-1
ENO1	chr1	8854043	8879308	8879308	-1
ENO2	chr12	6913745	6923970	6913745	1
ENO3	chr17	4948034	4957132	4948034	1
ENO4	chr10	116849481	116911788	116849481	1
ENOPH1	chr4	82430357	82462153	82430357	1
ENOSF1	chr18	667671	712722	712722	-1
ENOX1	chr13	43213004	43787328	43787328	-1
ENOX2	chrX	130622325	130903272	130903272	-1
ENPEP	chr4	110365733	110565286	110365733	1
ENPP1	chr6	131807993	131895160	131807993	1
ENPP2	chr8	119557078	119673680	119673680	-1
ENPP3	chr6	131628292	131749043	131628292	1
ENPP4	chr6	46129959	46152554	46129959	1
ENPP5	chr6	46149704	46171113	46171113	-1
ENPP6	chr4	184088699	184221230	184221230	-1
ENPP7	chr17	79728809	79742930	79728809	1
ENSA	chr1	150599671	150629633	150629633	-1
ENTHD1	chr22	39743044	39893864	39893864	-1
ENTPD1	chr10	95711752	95901433	95711752	1
ENTPD2	chr9	137048107	137054069	137054069	-1
ENTPD3	chr3	40387168	40428744	40387168	1
ENTPD4	chr8	23385783	23457722	23457722	-1
ENTPD5	chr14	73956688	74019399	74019399	-1
ENTPD6	chr20	25195693	25228075	25195693	1
ENTPD7	chr10	99659415	99712489	99659415	1
ENTPD8	chr9	137434362	137441881	137441881	-1
ENTR1	chr9	136401922	136410621	136410621	-1
ENTREP1	chr9	69324567	69392620	69324567	1
ENTREP2	chr15	29117713	29571432	29571432	-1
ENTREP3	chr1	155247205	155255824	155255824	-1
ENY2	chr8	109333555	109345954	109333555	1
EOGT	chr3	68975217	69013719	69013719	-1
EOLA1	chrX	149536605	149555341	149536605	1
EOLA2	chrX	149921940	149938881	149938881	-1
EOMES	chr3	27715949	27722711	27722711	-1
EP300	chr22	41091816	41180077	41091816	1
EP400	chr12	131949798	132080460	131949798	1
EPAS1	chr2	46293667	46386702	46293667	1
EPB41	chr1	28887073	29120052	28887073	1
EPB41L1	chr20	36091504	36232799	36091504	1
EPB41L2	chr6	130838765	131063367	131063367	-1
EPB41L3	chr18	5392379	5630700	5630700	-1
EPB41L4A	chr5	112139043	112419313	112419313	-1
EPB41L4B	chr9	109171463	109321068	109321068	-1
EPB41L5	chr2	120012916	120179119	120012916	1
EPB42	chr15	43191351	43221053	43221053	-1
EPC1	chr10	32267660	32378807	32378807	-1
EPC2	chr2	148644440	148789225	148644440	1
EPCAM	chr2	47345158	47387601	47345158	1
EPCIP	chr21	32790673	32813743	32813743	-1
EPDR1	chr7	37920603	38014664	37920603	1
EPG5	chr18	45800477	45967346	45967346	-1
EPGN	chr4	74308464	74317297	74308464	1
EPHA1	chr7	143390289	143408880	143408880	-1
EPHA10	chr1	37713880	37765155	37765155	-1
EPHA2	chr1	16124337	16156141	16156141	-1
EPHA3	chr3	89107522	89482437	89107522	1
EPHA4	chr2	221418027	221574202	221574202	-1
EPHA5	chr4	65319563	65670528	65670528	-1
EPHA6	chr3	96813355	97761532	96813355	1
EPHA7	chr6	93240010	93419687	93419687	-1
EPHA8	chr1	22563461	22603595	22563461	1
EPHB1	chr3	134795252	135260467	134795252	1
EPHB2	chr1	22710798	22921500	22710798	1
EPHB3	chr3	184561751	184582408	184561751	1
EPHB4	chr7	100802563	100827584	100827584	-1
EPHB6	chr7	142854809	142872810	142854809	1
EPHX1	chr1	225810048	225845567	225810048	1
EPHX2	chr8	27490775	27578674	27490775	1
EPHX3	chr19	15226899	15233591	15233591	-1
EPHX4	chr1	92029427	92063728	92029427	1
EPM2A	chr6	145382535	145736023	145736023	-1
EPM2AIP1	chr3	36985043	36993131	36993131	-1
EPN1	chr19	55675109	55709858	55675109	1
EPN2	chr17	19214837	19336715	19214837	1
EPN3	chr17	50532543	50543750	50532543	1
EPO	chr7	100720465	100723700	100720465	1
EPOP	chr17	38671703	38674957	38674957	-1
EPOR	chr19	11377207	11384343	11384343	-1
EPPIN	chr20	45540626	45547786	45547786	-1
EPPIN-WFDC6	chr20	45534196	45547662	45547662	-1
EPPK1	chr8	143857324	143878468	143878468	-1
EPRS1	chr1	219968598	220046669	220046669	-1
EPS15	chr1	51354263	51519387	51519387	-1
EPS15L1	chr19	16354591	16472085	16472085	-1
EPS8	chr12	15617906	15882330	15882330	-1
EPS8L1	chr19	55072020	55090124	55072020	1
EPS8L2	chr11	694438	727729	694438	1
EPS8L3	chr1	109750078	109764062	109764062	-1
EPSTI1	chr13	42886387	42992392	42992392	-1
EPX	chr17	58192726	58205174	58192726	1
EPYC	chr12	90963682	91005026	91005026	-1
EQTN	chr9	27284654	27297150	27297150	-1
ERAL1	chr17	28854983	28861067	28854983	1
ERAP1	chr5	96759649	96808177	96808177	-1
ERAP2	chr5	96875979	96919703	96875979	1
ERAS	chrX	48826513	48830138	48826513	1
ERBB2	chr17	39687914	39730426	39687914	1
ERBB3	chr12	56076799	56103505	56076799	1
ERBB4	chr2	211375717	212539266	212539266	-1
ERBIN	chr5	65883128	66082546	65883128	1
ERC1	chr12	989998	1495933	989998	1
ERC2	chr3	55508286	56469095	56469095	-1
ERCC1	chr19	45407333	45479055	45479055	-1
ERCC2	chr19	45349773	45370918	45370918	-1
ERCC3	chr2	127257285	127294188	127294188	-1
ERCC4	chr16	13920138	13952348	13920138	1
ERCC5	chr13	102845831	102875995	102845831	1
ERCC6	chr10	49454168	49539538	49539538	-1
ERCC6L	chrX	72201871	72239041	72239041	-1
ERCC6L2	chr9	95871264	96121154	95871264	1
ERCC8	chr5	60866454	60945078	60945078	-1
EREG	chr4	74365137	74388749	74365137	1
ERF	chr19	42247569	42255172	42255172	-1
ERFE	chr2	238158928	238168900	238158928	1
ERFL	chr19	41907704	41928449	41928449	-1
ERG	chr21	38380027	38661963	38661963	-1
ERG28	chr14	75648079	75661570	75661570	-1
ERGIC1	chr5	172834251	172952792	172834251	1
ERGIC2	chr12	29334763	29381206	29381206	-1
ERGIC3	chr20	35542022	35557634	35542022	1
ERH	chr14	69380123	69398602	69398602	-1
ERI1	chr8	9002147	9116746	9002147	1
ERI2	chr16	20780193	20900349	20900349	-1
ERI3	chr1	44221070	44355267	44355267	-1
ERICH1	chr8	612796	738106	738106	-1
ERICH2	chr2	170766878	170798977	170766878	1
ERICH3	chr1	74568117	74673922	74673922	-1
ERICH4	chr19	41443152	41444765	41443152	1
ERICH5	chr8	98064271	98095512	98064271	1
ERICH6	chr3	150659885	150703971	150703971	-1
ERICH6B	chr13	45534522	45615739	45615739	-1
ERLEC1	chr2	53787009	53834567	53787009	1
ERLIN1	chr10	100150094	100186062	100186062	-1
ERLIN2	chr8	37736587	37758422	37736587	1
ERLN	chr17	75646243	75647975	75646243	1
ERMAP	chr1	42817078	42845920	42817078	1
ERMARD	chr6	169751567	169781600	169751567	1
ERMN	chr2	157318614	157327719	157327719	-1
ERMP1	chr9	5749832	5879537	5879537	-1
ERN1	chr17	64039080	64130819	64130819	-1
ERN2	chr16	23688117	23713255	23713255	-1
ERO1A	chr14	52639915	52696025	52696025	-1
ERO1B	chr1	236214681	236282019	236282019	-1
ERP27	chr12	14912600	14938557	14938557	-1
ERP29	chr12	112012815	112026066	112012815	1
ERP44	chr9	99978911	100099052	100099052	-1
ERRFI1	chr1	8003196	8026318	8026318	-1
ERV3-1	chr7	64990356	65006743	65006743	-1
ERVFRD-1	chr6	11102324	11111845	11111845	-1
ERVH48-1	chr21	42916803	42925630	42925630	-1
ERVK3-1	chr19	58305347	58316812	58305347	1
ERVMER34-1	chr4	52722618	52751897	52751897	-1
ERVV-1	chr19	53013921	53016123	53013921	1
ERVV-2	chr19	53044731	53051680	53044731	1
ERVW-1	chr7	92468380	92477986	92477986	-1
ESAM	chr11	124752583	124762323	124762323	-1
ESCO1	chr18	21529041	21600966	21600966	-1
ESCO2	chr8	27771949	27812640	27771949	1
ESD	chr13	46770320	46799772	46799772	-1
ESF1	chr20	13714322	13785409	13785409	-1
ESM1	chr5	54977861	55022671	55022671	-1
ESPL1	chr12	53268248	53293643	53268248	1
ESPN	chr1	6424770	6461367	6424770	1
ESPNL	chr2	238100340	238133287	238100340	1
ESR1	chr6	151651284	152129619	151651284	1
ESR2	chr14	64084232	64338112	64338112	-1
ESRP1	chr8	94640489	94707466	94640489	1
ESRP2	chr16	68225974	68238102	68238102	-1
ESRRA	chr11	64305080	64317859	64305080	1
ESRRB	chr14	76310712	76501837	76310712	1
ESRRG	chr1	216503246	217137755	217137755	-1
ESS2	chr22	19130279	19144684	19144684	-1
ESX1	chrX	104250038	104254933	104254933	-1
ESYT1	chr12	56118250	56150107	56118250	1
ESYT2	chr7	158730992	158830253	158830253	-1
ESYT3	chr3	138434570	138481686	138434570	1
ETAA1	chr2	67397315	67412120	67397315	1
ETDA	chrX	135251975	135253609	135251975	1
ETDB	chrX	135118937	135121573	135121573	-1
ETDC	chrX	135271717	135309803	135271717	1
ETF1	chr5	138506093	138543239	138543239	-1
ETFA	chr15	76188201	76311730	76311730	-1
ETFB	chr19	51345161	51366449	51366449	-1
ETFBKMT	chr12	31647160	31673114	31647160	1
ETFDH	chr4	158671968	158710758	158671968	1
ETFRF1	chr12	25192435	25209953	25192435	1
ETHE1	chr19	43506713	43527259	43527259	-1
ETNK1	chr12	22625075	22690665	22625075	1
ETNK2	chr1	204131062	204152184	204152184	-1
ETNPPL	chr4	108741969	108763228	108763228	-1
ETS1	chr11	128458761	128587611	128587611	-1
ETS2	chr21	38805115	38824956	38805115	1
ETV1	chr7	13891229	13991425	13991425	-1
ETV2	chr19	35641730	35644871	35641730	1
ETV3	chr1	157121191	157138952	157138952	-1
ETV3L	chr1	157092043	157117877	157117877	-1
ETV4	chr17	43527841	43579620	43579620	-1
ETV5	chr3	186045536	186110318	186110318	-1
ETV6	chr12	11649614	11895386	11649614	1
ETV7	chr6	36352630	36387801	36387801	-1
EVA1A	chr2	75445543	75647197	75647197	-1
EVA1B	chr1	36322030	36324154	36324154	-1
EVA1C	chr21	32411692	32517158	32411692	1
EVC	chr4	5711172	5814305	5711172	1
EVC2	chr4	5542772	5709548	5709548	-1
EVI2A	chr17	31316410	31321754	31321754	-1
EVI2B	chr17	31302871	31314421	31314421	-1
EVI5	chr1	92508696	92792424	92792424	-1
EVI5L	chr19	7830182	7864980	7830182	1
EVL	chr14	99971444	100144236	99971444	1
EVPL	chr17	76004379	76027465	76027465	-1
EVPLL	chr17	18377674	18389652	18377674	1
EVX1	chr7	27242700	27250493	27242700	1
EVX2	chr2	176077472	176083962	176083962	-1
EWSR1	chr22	29268009	29300530	29268009	1
EXD1	chr15	41182725	41230757	41230757	-1
EXD2	chr14	69191474	69244020	69191474	1
EXD3	chr9	137306894	137423911	137423911	-1
EXO1	chr1	241847967	241895148	241847967	1
EXO5	chr1	40508441	40518869	40508441	1
EXOC1	chr4	55853628	55905165	55853628	1
EXOC1L	chr4	55819790	55837489	55819790	1
EXOC2	chr6	485133	693170	693170	-1
EXOC3	chr5	442522	471939	442522	1
EXOC3L1	chr16	67184313	67190242	67190242	-1
EXOC3L2	chr19	45210600	45245429	45245429	-1
EXOC3L4	chr14	103094538	103110571	103094538	1
EXOC4	chr7	133253054	134067137	133253054	1
EXOC5	chr14	57200507	57268974	57268974	-1
EXOC6	chr10	92826831	93059493	92826831	1
EXOC6B	chr2	72170079	72826055	72826055	-1
EXOC7	chr17	76080995	76121576	76121576	-1
EXOC8	chr1	231332753	231337852	231337852	-1
EXOG	chr3	38496127	38542242	38496127	1
EXOSC1	chr10	97428014	97446085	97446085	-1
EXOSC10	chr1	11066613	11099907	11099907	-1
EXOSC2	chr9	130693721	130707608	130693721	1
EXOSC3	chr9	37759234	37832117	37832117	-1
EXOSC4	chr8	144078560	144081408	144078560	1
EXOSC5	chr19	41367173	41397441	41397441	-1
EXOSC6	chr16	70246778	70251940	70251940	-1
EXOSC7	chr3	44975241	45036071	44975241	1
EXOSC8	chr13	36998816	37025881	36998816	1
EXOSC9	chr4	121801318	121817023	121801318	1
EXPH5	chr11	108505435	108593780	108593780	-1
EXT1	chr8	117794490	118111899	118111899	-1
EXT2	chr11	44095648	44284513	44095648	1
EXTL1	chr1	26019884	26036464	26019884	1
EXTL2	chr1	100871371	100896000	100896000	-1
EXTL3	chr8	28600469	28756561	28600469	1
EYA1	chr8	71197432	71592025	71592025	-1
EYA2	chr20	46894587	47188844	46894587	1
EYA3	chr1	27970344	28088731	28088731	-1
EYA4	chr6	133240514	133533912	133240514	1
EYS	chr6	63719847	65707226	65707226	-1
EZH1	chr17	42700270	42745069	42745069	-1
EZH2	chr7	148807257	148884625	148884625	-1
EZHIP	chrX	51406948	51408843	51406948	1
EZR	chr6	158765738	158819418	158819418	-1
F10	chr13	113122771	113149531	113122771	1
F11	chr4	186260159	186291745	186260159	1
F11R	chr1	160985714	161023123	161023123	-1
F12	chr5	177402133	177416583	177416583	-1
F13A1	chr6	6144080	6321013	6321013	-1
F13B	chr1	197038737	197067267	197067267	-1
F2	chr11	46719079	46768566	46719079	1
F2R	chr5	76715820	76735770	76715820	1
F2RL1	chr5	76818933	76836611	76818933	1
F2RL2	chr5	76615423	76623425	76623425	-1
F2RL3	chr19	16888844	16892606	16888844	1
F3	chr1	94528263	94541851	94541851	-1
F5	chr1	169511951	169586699	169586699	-1
F7	chr13	113105762	113120685	113105762	1
F8	chrX	154835788	155026940	155026940	-1
F8A1	chrX	154886355	154888061	154886355	1
F8A2	chrX	155382095	155383801	155382095	1
F8A3	chrX	155456914	155458620	155458620	-1
F9	chrX	139530731	139568549	139530731	1
FA2H	chr16	74712955	74774837	74774837	-1
FAAH	chr1	46394265	46415754	46394265	1
FAAH2	chrX	57286632	57490641	57286632	1
FAAP100	chr17	81539885	81553961	81553961	-1
FAAP20	chr1	2184411	2212720	2212720	-1
FAAP24	chr19	32972209	32978721	32972209	1
FABP1	chr2	88122982	88128122	88128122	-1
FABP12	chr8	81524974	81590139	81590139	-1
FABP2	chr4	119316752	119322141	119322141	-1
FABP3	chr1	31359583	31376850	31376850	-1
FABP4	chr8	81474792	81483243	81483243	-1
FABP5	chr8	81280267	81285731	81280267	1
FABP6	chr5	160187363	160238735	160187363	1
FABP7	chr6	122779597	122784074	122779597	1
FABP9	chr8	81458253	81461579	81461579	-1
FADD	chr11	70203262	70220615	70203262	1
FADS1	chr11	61799624	61829318	61829318	-1
FADS2	chr11	61792980	61867354	61792980	1
FADS3	chr11	61873515	61892136	61892136	-1
FADS6	chr17	74877281	74893781	74893781	-1
FAF1	chr1	50437028	50960288	50960288	-1
FAF2	chr5	176447628	176510075	176447628	1
FAH	chr15	80152292	80186990	80152292	1
FAHD1	chr16	1826967	1842053	1826967	1
FAHD2A	chr2	95402686	95416699	95402686	1
FAHD2B	chr2	97078759	97094903	97094903	-1
FAIM	chr3	138608550	138633643	138608550	1
FAIM2	chr12	49866896	49904217	49904217	-1
FAM107A	chr3	58564114	58627651	58627651	-1
FAM107B	chr10	14518557	14774897	14774897	-1
FAM110A	chr20	833707	857463	833707	1
FAM110B	chr8	57993956	58204279	57993956	1
FAM110C	chr2	38814	47084	47084	-1
FAM110D	chr1	26159033	26163962	26159033	1
FAM111A	chr11	59142703	59155042	59142703	1
FAM111B	chr11	59107185	59128378	59107185	1
FAM114A1	chr4	38867677	38945740	38867677	1
FAM114A2	chr5	153990133	154038936	154038936	-1
FAM117A	chr17	49710332	49789180	49789180	-1
FAM117B	chr2	202634969	202769757	202634969	1
FAM118A	chr22	45308968	45342828	45308968	1
FAM118B	chr11	126211687	126265162	126211687	1
FAM120A	chr9	93451648	93566399	93451648	1
FAM120AOS	chr9	93431441	93453600	93453600	-1
FAM120B	chr6	170290703	170407090	170290703	1
FAM120C	chrX	54068324	54183581	54183581	-1
FAM124A	chr13	51221944	51284241	51221944	1
FAM124B	chr2	224376339	224402113	224402113	-1
FAM131A	chr3	184335916	184348421	184335916	1
FAM131B	chr7	143353395	143362815	143362815	-1
FAM131C	chr1	16057769	16073664	16073664	-1
FAM133A	chrX	93673181	93712274	93673181	1
FAM133B	chr7	92560654	92590417	92590417	-1
FAM135A	chr6	70412941	70561610	70412941	1
FAM135B	chr8	138130023	138497267	138497267	-1
FAM136A	chr2	70295975	70302086	70302086	-1
FAM13A	chr4	88725893	89111398	89111398	-1
FAM13B	chr5	137937960	138051961	138051961	-1
FAM13C	chr10	59245811	59363181	59363181	-1
FAM149A	chr4	186104419	186175437	186104419	1
FAM149B1	chr10	73168118	73244504	73168118	1
FAM151A	chr1	54609177	54623556	54623556	-1
FAM151B	chr5	80487954	80542563	80487954	1
FAM153A	chr5	177707981	177784435	177784435	-1
FAM153CP	chr5	178006348	178086529	178006348	1
FAM156A	chrX	52926402	52995564	52995564	-1
FAM156B	chrX	52887404	52908560	52887404	1
FAM161A	chr2	61824848	61854143	61854143	-1
FAM161B	chr14	73931501	73950414	73950414	-1
FAM162A	chr3	122384161	122412334	122384161	1
FAM162B	chr6	116724567	116765833	116765833	-1
FAM163A	chr1	179742877	179817055	179742877	1
FAM163B	chr9	133577076	133609420	133609420	-1
FAM167A	chr8	11419202	11475908	11475908	-1
FAM167B	chr1	32247215	32248856	32247215	1
FAM168A	chr11	73400487	73598253	73598253	-1
FAM168B	chr2	131047876	131093492	131093492	-1
FAM169A	chr5	74777573	74867022	74867022	-1
FAM170A	chr5	119629558	119635822	119629558	1
FAM170B	chr10	49131154	49134021	49134021	-1
FAM171A1	chr10	15211324	15371309	15371309	-1
FAM171A2	chr17	44353215	44363875	44363875	-1
FAM171B	chr2	186694010	186765959	186694010	1
FAM174A	chr5	100535301	100637897	100535301	1
FAM174B	chr15	92617442	92809884	92809884	-1
FAM174C	chr19	1275509	1279244	1275509	1
FAM177A1	chr14	35045117	35116630	35045117	1
FAM177B	chr1	222737202	222753157	222737202	1
FAM178B	chr2	96875882	96986580	96986580	-1
FAM180A	chr7	135728348	135748813	135748813	-1
FAM180B	chr11	47586207	47589195	47586207	1
FAM181A	chr14	93918894	93929608	93918894	1
FAM181B	chr11	82729940	82733864	82733864	-1
FAM184A	chr6	118957707	119149387	119149387	-1
FAM184B	chr4	17629306	17781627	17781627	-1
FAM185A	chr7	102748939	102852476	102748939	1
FAM186A	chr12	50326230	50396622	50396622	-1
FAM186B	chr12	49582885	49605639	49605639	-1
FAM187A	chr17	44903433	44905390	44903433	1
FAM187B	chr19	35224800	35228739	35228739	-1
FAM193A	chr4	2536572	2732576	2536572	1
FAM193B	chr5	177519788	177554601	177554601	-1
FAM199X	chrX	104166416	104195902	104166416	1
FAM200A	chr7	99546204	99559392	99559392	-1
FAM200B	chr4	15681506	15690447	15681506	1
FAM200C	chr5	160392277	160400091	160400091	-1
FAM204A	chr10	118297925	118342331	118342331	-1
FAM209A	chr20	56517187	56526152	56517187	1
FAM209B	chr20	56533246	56536520	56533246	1
FAM20A	chr17	68535113	68601407	68601407	-1
FAM20B	chr1	179025804	179076567	179025804	1
FAM20C	chr7	192034	260773	192034	1
FAM210A	chr18	13662465	13726663	13726663	-1
FAM210B	chr20	56358958	56368663	56358958	1
FAM216A	chr12	110468405	110492196	110468405	1
FAM216B	chr13	42781548	42793375	42781548	1
FAM217A	chr6	4049434	4087344	4087344	-1
FAM217B	chr20	59933643	59952201	59933643	1
FAM219A	chr9	34398184	34458591	34458591	-1
FAM219B	chr15	74892175	74907331	74907331	-1
FAM220A	chr7	6329409	6348981	6348981	-1
FAM221A	chr7	23680114	23706228	23680114	1
FAM221B	chr9	35816391	35828747	35828747	-1
FAM222A	chr12	109713819	109770495	109713819	1
FAM222B	chr17	28755966	28855232	28855232	-1
FAM227A	chr22	38578118	38656629	38656629	-1
FAM227B	chr15	49326962	49620956	49620956	-1
FAM228A	chr2	24175051	24200849	24175051	1
FAM228B	chr2	24076526	24169642	24076526	1
FAM229A	chr1	32361270	32364278	32364278	-1
FAM229B	chr6	112087122	112104326	112087122	1
FAM234A	chr16	234521	272183	234521	1
FAM234B	chr12	13044185	13142521	13044185	1
FAM236A	chrX	72938163	72938958	72938163	1
FAM236B	chrX	72781858	72782798	72782798	-1
FAM236C	chrX	72912615	72913401	72912615	1
FAM236D	chrX	72807425	72808210	72808210	-1
FAM237A	chr2	206642417	206649365	206642417	1
FAM237B	chr7	90316503	90321304	90321304	-1
FAM240A	chr3	46612525	46626543	46612525	1
FAM240B	chr9	38694266	38720133	38720133	-1
FAM240C	chr2	241893985	241902551	241902551	-1
FAM241A	chr4	112145408	112195256	112145408	1
FAM241B	chr10	69630228	69633614	69630228	1
FAM246A	chr22	21360601	21361299	21361299	-1
FAM246B	chr22	18633984	18634682	18633984	1
FAM246C	chr22	19029524	19031242	19029524	1
FAM24A	chr10	122910604	122913111	122910604	1
FAM24B	chr10	122849078	122879641	122879641	-1
FAM25A	chr10	87020238	87060609	87020238	1
FAM25C	chr10	47995320	47999796	47999796	-1
FAM25G	chr10	47487219	47491700	47491700	-1
FAM32A	chr19	16185378	16192048	16185378	1
FAM3A	chrX	154505019	154516882	154516882	-1
FAM3B	chr21	41304212	41358091	41304212	1
FAM3C	chr7	121347792	121398471	121398471	-1
FAM3D	chr3	58633941	58666877	58666877	-1
FAM43A	chr3	194685883	194689037	194685883	1
FAM43B	chr1	20552573	20555020	20552573	1
FAM47A	chrX	34129752	34132314	34132314	-1
FAM47B	chrX	34942796	34944915	34942796	1
FAM47C	chrX	37008366	37011664	37008366	1
FAM47E	chr4	76214040	76284296	76214040	1
FAM47E-STBD1	chr4	76251721	76311129	76251721	1
FAM50A	chrX	154444103	154450655	154444103	1
FAM50B	chr6	3849351	3851320	3849351	1
FAM53A	chr4	1617915	1684356	1684356	-1
FAM53B	chr10	124619292	124744475	124744475	-1
FAM53C	chr5	138331935	138349729	138331935	1
FAM72A	chr1	206186179	206204414	206204414	-1
FAM72B	chr1	121167646	121185539	121185539	-1
FAM72C	chr1	143955287	143971986	143971986	-1
FAM72D	chr1	145095968	145112696	145095968	1
FAM76A	chr1	27725946	27763118	27725946	1
FAM76B	chr11	95768953	95790409	95790409	-1
FAM78A	chr9	131258076	131278194	131278194	-1
FAM78B	chr1	166057426	166167006	166167006	-1
FAM81A	chr15	59372679	59523694	59372679	1
FAM81B	chr5	95391366	95450454	95391366	1
FAM83A	chr8	123178960	123210079	123178960	1
FAM83B	chr6	54846273	54945099	54846273	1
FAM83C	chr20	35285731	35292425	35292425	-1
FAM83D	chr20	38926312	38953106	38926312	1
FAM83E	chr19	48599961	48615093	48615093	-1
FAM83F	chr22	39994917	40043534	39994917	1
FAM83G	chr17	18968789	19004839	19004839	-1
FAM83H	chr8	143723933	143740732	143740732	-1
FAM86B1	chr8	12182096	12194168	12194168	-1
FAM86B2	chr8	12424408	12436408	12436408	-1
FAM89A	chr1	230999826	231040270	231040270	-1
FAM89B	chr11	65572349	65574199	65572349	1
FAM8A1	chr6	17600276	17611719	17600276	1
FAM90A1	chr12	8221260	8227621	8227621	-1
FAM90A10	chr8	7766902	7772547	7766902	1
FAM90A11	chr8	8012342	8015352	8015352	-1
FAM90A12	chr8	8027636	8030646	8030646	-1
FAM90A13	chr8	7279770	7282780	7279770	1
FAM90A14	chr8	7715443	7718453	7715443	1
FAM90A15	chr8	7256904	7259914	7256904	1
FAM90A16	chr8	7730739	7733749	7730739	1
FAM90A17	chr8	7746034	7749044	7746034	1
FAM90A18	chr8	7723091	7726101	7723091	1
FAM90A19	chr8	7751570	7756692	7751570	1
FAM90A20	chr8	7295014	7298024	7295014	1
FAM90A22	chr8	7571995	7575006	7575006	-1
FAM90A23	chr8	7579644	7582653	7582653	-1
FAM90A24	chr8	8019988	8022998	8022998	-1
FAM90A26	chr4	9170409	9176730	9170409	1
FAM90A27P	chr19	53277462	53284947	53277462	1
FAM90A3	chr8	7264526	7267536	7264526	1
FAM90A5	chr8	7287392	7290402	7287392	1
FAM90A7	chr8	7556700	7559712	7559712	-1
FAM90A8	chr8	7738387	7741396	7738387	1
FAM90A9	chr8	7761330	7764340	7761330	1
FAM91A1	chr8	123768433	123815452	123768433	1
FAM98A	chr2	33532744	33599347	33599347	-1
FAM98B	chr15	38454107	38487710	38454107	1
FAM98C	chr19	38403093	38409088	38403093	1
FAM9A	chrX	8790795	8801383	8801383	-1
FAM9B	chrX	9024232	9295682	9295682	-1
FAM9C	chrX	13035617	13044682	13044682	-1
FAN1	chr15	30890559	30946209	30890559	1
FANCA	chr16	89726683	89816977	89816977	-1
FANCB	chrX	14690388	14873255	14873255	-1
FANCC	chr9	95099054	95426796	95426796	-1
FANCD2	chr3	10026370	10101937	10026370	1
FANCD2OS	chr3	10081317	10108290	10108290	-1
FANCE	chr6	35452315	35467106	35452315	1
FANCF	chr11	22622533	22625823	22625823	-1
FANCG	chr9	35073793	35082444	35082444	-1
FANCI	chr15	89243854	89318091	89243854	1
FANCL	chr2	58159243	58241410	58241410	-1
FANCM	chr14	45135909	45200890	45135909	1
FANK1	chr10	125896525	126009595	125896525	1
FAP	chr2	162170684	162245151	162245151	-1
FAR1	chr11	13667462	13732367	13667462	1
FAR2	chr12	29149016	29341130	29149016	1
FARP1	chr13	98142165	98455176	98142165	1
FARP2	chr2	241356244	241494847	241356244	1
FARS2	chr6	5261007	5829192	5261007	1
FARSA	chr19	12921138	12934037	12934037	-1
FARSB	chr2	222566899	222656313	222656313	-1
FAS	chr10	88953813	89029605	88953813	1
FASLG	chr1	172658990	172666891	172658990	1
FASN	chr17	82076900	82098294	82098294	-1
FASTK	chr7	151076585	151080881	151080881	-1
FASTKD1	chr2	169527878	169573919	169573919	-1
FASTKD2	chr2	206765357	206796189	206765357	1
FASTKD3	chr5	7858812	7869060	7869060	-1
FASTKD5	chr20	3146519	3160196	3160196	-1
FAT1	chr4	186586717	186726722	186726722	-1
FAT2	chr5	151504092	151591331	151591331	-1
FAT3	chr11	92224651	92896473	92224651	1
FAT4	chr4	125314918	125492932	125314918	1
FATE1	chrX	151714192	151723197	151714192	1
FAU	chr11	65120182	65122221	65122221	-1
FAXC	chr6	99271168	99350062	99350062	-1
FAXDC2	chr5	154818486	154859252	154859252	-1
FBF1	chr17	75908212	75941140	75941140	-1
FBH1	chr10	5890164	5937624	5890164	1
FBL	chr19	39834443	39846440	39846440	-1
FBLIM1	chr1	15756604	15786594	15756604	1
FBLL1	chr5	168529305	168530634	168529305	1
FBLN1	chr22	45502238	45601981	45502238	1
FBLN2	chr3	13549073	13638504	13549073	1
FBLN5	chr14	91869410	91948064	91948064	-1
FBLN7	chr2	112138363	112188218	112138363	1
FBN1	chr15	48408016	48645791	48645791	-1
FBN2	chr5	128257761	128659185	128659185	-1
FBN3	chr19	8065402	8149693	8149693	-1
FBP1	chr9	94601143	94640323	94640323	-1
FBP2	chr9	94558720	94593860	94593860	-1
FBRS	chr16	30658431	30670810	30658431	1
FBRSL1	chr12	132489551	132585188	132489551	1
FBXL12	chr19	9810267	9827816	9827816	-1
FBXL13	chr7	102811020	103075400	103075400	-1
FBXL14	chr12	1561841	1594853	1594853	-1
FBXL15	chr10	102408835	102423142	102408835	1
FBXL16	chr16	692498	705860	705860	-1
FBXL17	chr5	107859035	108382363	108382363	-1
FBXL18	chr7	5431335	5513814	5513814	-1
FBXL19	chr16	30923055	30948783	30923055	1
FBXL2	chr3	33277025	33404498	33277025	1
FBXL20	chr17	39252663	39402523	39402523	-1
FBXL22	chr15	63597199	63609030	63597199	1
FBXL3	chr13	76992598	77027211	77027211	-1
FBXL4	chr6	98868535	98948006	98948006	-1
FBXL5	chr4	15569541	15681679	15681679	-1
FBXL6	chr8	144355427	144359376	144359376	-1
FBXL7	chr5	15500140	15939795	15500140	1
FBXL8	chr16	67159932	67164570	67159932	1
FBXO10	chr9	37510892	37576392	37576392	-1
FBXO11	chr2	47785204	47906554	47906554	-1
FBXO15	chr18	74073344	74147867	74147867	-1
FBXO16	chr8	28348287	28490315	28490315	-1
FBXO17	chr19	38941401	38976773	38976773	-1
FBXO2	chr1	11637018	11655785	11655785	-1
FBXO21	chr12	117141975	117190527	117190527	-1
FBXO22	chr15	75903853	75942511	75903853	1
FBXO24	chr7	100583982	100601117	100583982	1
FBXO25	chr8	406428	477967	406428	1
FBXO27	chr19	38990714	39033773	39033773	-1
FBXO28	chr1	224114086	224162047	224114086	1
FBXO3	chr11	33739834	33774543	33774543	-1
FBXO30	chr6	145793502	145815267	145815267	-1
FBXO31	chr16	87326987	87392142	87392142	-1
FBXO32	chr8	123497889	123541273	123541273	-1
FBXO33	chr14	39396374	39432477	39432477	-1
FBXO34	chr14	55271344	55384223	55271344	1
FBXO36	chr2	229922302	230014512	229922302	1
FBXO38	chr5	148383826	148442850	148383826	1
FBXO39	chr17	6776210	6797101	6776210	1
FBXO4	chr5	41925210	42040243	41925210	1
FBXO40	chr3	121592886	121630434	121592886	1
FBXO41	chr2	73254682	73284478	73284478	-1
FBXO42	chr1	16246840	16352494	16352494	-1
FBXO43	chr8	100133351	100145826	100145826	-1
FBXO44	chr1	11650618	11663327	11650618	1
FBXO45	chr3	196568611	196589059	196568611	1
FBXO46	chr19	45710624	45730931	45730931	-1
FBXO47	chr17	38936432	38967407	38967407	-1
FBXO48	chr2	68459422	68467317	68467317	-1
FBXO5	chr6	152970519	152983599	152983599	-1
FBXO6	chr1	11664141	11674354	11664141	1
FBXO7	chr22	32474676	32499787	32474676	1
FBXO8	chr4	174236526	174283978	174283978	-1
FBXO9	chr6	53051991	53101045	53051991	1
FBXW10	chr17	18744026	18779349	18744026	1
FBXW10B	chr17	15565484	15619704	15619704	-1
FBXW11	chr5	171844094	172006907	172006907	-1
FBXW12	chr3	48372219	48401259	48372219	1
FBXW2	chr9	120751978	120793438	120793438	-1
FBXW4	chr10	101610663	101695298	101695298	-1
FBXW5	chr9	136938431	136950122	136950122	-1
FBXW7	chr4	152320544	152536353	152536353	-1
FBXW8	chr12	116910839	117032498	116910839	1
FBXW9	chr19	12687801	12696659	12696659	-1
FCAMR	chr1	206957965	206970625	206970625	-1
FCAR	chr19	54874227	54891420	54874227	1
FCER1A	chr1	159289714	159308224	159289714	1
FCER1G	chr1	161215175	161220709	161215175	1
FCER2	chr19	7688758	7702146	7702146	-1
FCF1	chr14	74713144	74750706	74713144	1
FCGBP	chr19	39863323	39934634	39934634	-1
FCGR1A	chr1	149734951	149792526	149734951	1
FCGR2A	chr1	161505415	161524013	161505415	1
FCGR2B	chr1	161661958	161679490	161661958	1
FCGR2C	chr1	161581339	161605662	161581339	1
FCGR3A	chr1	161541738	161550968	161550968	-1
FCGR3B	chr1	161623193	161631963	161631963	-1
FCGRT	chr19	49506806	49526917	49506806	1
FCHO1	chr19	17747701	17788572	17747701	1
FCHO2	chr5	72955527	73090522	72955527	1
FCHSD1	chr5	141639296	141651430	141651430	-1
FCHSD2	chr11	72836042	73142485	73142485	-1
FCMR	chr1	206903267	206923247	206923247	-1
FCN1	chr9	134903232	134917982	134917982	-1
FCN2	chr9	134880698	134890672	134880698	1
FCN3	chr1	27369108	27374920	27374920	-1
FCRL1	chr1	157792249	157820183	157820183	-1
FCRL2	chr1	157745733	157777269	157777269	-1
FCRL3	chr1	157674321	157700901	157700901	-1
FCRL4	chr1	157573747	157598085	157598085	-1
FCRL5	chr1	157513377	157552515	157552515	-1
FCRL6	chr1	159800503	159816262	159800503	1
FCRLA	chr1	161706958	161714352	161706958	1
FCRLB	chr1	161721544	161731801	161721544	1
FCSK	chr16	70454398	70480275	70454398	1
FDCSP	chr4	70226117	70235252	70226117	1
FDFT1	chr8	11795565	11846085	11795565	1
FDPS	chr1	155304786	155320666	155304786	1
FDX1	chr11	110429299	110464914	110429299	1
FDX2	chr19	10309898	10316026	10316026	-1
FDXACB1	chr11	111873947	111881243	111881243	-1
FDXR	chr17	74862494	74873039	74873039	-1
FECH	chr18	57544377	57586942	57586942	-1
FEM1A	chr19	4791734	4801273	4791734	1
FEM1B	chr15	68277725	68296012	68277725	1
FEM1C	chr5	115520587	115544857	115544857	-1
FEN1	chr11	61792725	61797238	61792725	1
FER	chr5	108747841	109196841	108747841	1
FER1L5	chr2	96642737	96704887	96642737	1
FER1L6	chr8	123851987	124122188	123851987	1
FERD3L	chr7	19144782	19145421	19145421	-1
FERMT1	chr20	6070288	6123644	6123644	-1
FERMT2	chr14	52856943	52952435	52952435	-1
FERMT3	chr11	64205926	64223896	64205926	1
FERRY3	chr12	4487735	4538519	4538519	-1
FES	chr15	90883695	90896371	90883695	1
FETUB	chr3	186634558	186654352	186634558	1
FEV	chr2	218981087	218985566	218985566	-1
FEZ1	chr11	125442881	125592578	125592578	-1
FEZ2	chr2	36531805	36646087	36646087	-1
FEZF1	chr7	122301303	122310735	122310735	-1
FEZF2	chr3	62369672	62374473	62374473	-1
FFAR1	chr19	35347902	35353864	35347902	1
FFAR2	chr19	35443907	35451767	35443907	1
FFAR3	chr19	35358348	35360489	35358348	1
FFAR4	chr10	93566653	93605840	93566653	1
FGA	chr4	154581966	154590751	154590751	-1
FGB	chr4	154562952	154572807	154562952	1
FGD1	chrX	54445454	54496248	54496248	-1
FGD2	chr6	37005637	37030923	37005637	1
FGD3	chr9	92947410	93036238	92947410	1
FGD4	chr12	32399318	32646050	32399318	1
FGD5	chr3	14810505	14934571	14810505	1
FGD6	chr12	95076749	95217509	95217509	-1
FGF1	chr5	142592163	142698070	142698070	-1
FGF10	chr5	44300247	44389977	44389977	-1
FGF11	chr17	7438128	7444937	7438128	1
FGF12	chr3	192139245	192767764	192767764	-1
FGF13	chrX	138614727	139222777	139222777	-1
FGF14	chr13	101710804	102402457	102402457	-1
FGF16	chrX	77447388	77457278	77447388	1
FGF17	chr8	22042388	22048809	22042388	1
FGF18	chr5	171419637	171457626	171419637	1
FGF19	chr11	69698232	69704660	69704660	-1
FGF2	chr4	122826680	122898236	122826680	1
FGF20	chr8	16992166	17002352	17002352	-1
FGF21	chr19	48755524	48758333	48755524	1
FGF22	chr19	639879	644373	639879	1
FGF23	chr12	4368227	4379713	4379713	-1
FGF3	chr11	69809968	69819416	69819416	-1
FGF4	chr11	69771022	69775344	69775344	-1
FGF5	chr4	80266639	80336680	80266639	1
FGF6	chr12	4428155	4445816	4445816	-1
FGF7	chr15	49423170	49488775	49423170	1
FGF8	chr10	101769817	101780371	101780371	-1
FGF9	chr13	21671067	21704502	21671067	1
FGFBP1	chr4	15934507	15948427	15948427	-1
FGFBP2	chr4	15960245	15969309	15969309	-1
FGFBP3	chr10	91906496	91909506	91909506	-1
FGFR1	chr8	38400215	38468834	38468834	-1
FGFR1OP2	chr12	26938401	26966663	26938401	1
FGFR2	chr10	121478331	121598770	121598770	-1
FGFR3	chr4	1793286	1808873	1793286	1
FGFR4	chr5	177086456	177098156	177086456	1
FGFRL1	chr4	1008649	1026901	1008649	1
FGG	chr4	154604058	154612967	154612967	-1
FGGY	chr1	59295910	59810647	59295910	1
FGL1	chr8	17841833	17910383	17910383	-1
FGL2	chr7	77193182	77199884	77199884	-1
FGR	chr1	27611388	27635565	27635565	-1
FH	chr1	241497098	241519799	241519799	-1
FHAD1	chr1	15236521	15400283	15236521	1
FHDC1	chr4	152935880	152979697	152935880	1
FHIP1A	chr4	151409118	151670503	151409118	1
FHIP1B	chr11	6211334	6234711	6234711	-1
FHIP2A	chr10	114821681	114899832	114821681	1
FHIP2B	chr8	22089139	22104911	22089139	1
FHIT	chr3	59747277	61251466	61251466	-1
FHL1	chrX	136146702	136211359	136146702	1
FHL2	chr2	105352159	105438585	105438585	-1
FHL3	chr1	37994394	38006380	38006380	-1
FHL5	chr6	96562548	96621381	96562548	1
FHOD1	chr16	67229387	67247539	67247539	-1
FHOD3	chr18	36297244	36780220	36297244	1
FIBCD1	chr9	130900194	130941232	130941232	-1
FIBIN	chr11	26994112	26997087	26994112	1
FIBP	chr11	65883740	65888532	65888532	-1
FICD	chr12	108513710	108525837	108513710	1
FIG4	chr6	109690609	109878098	109690609	1
FIGLA	chr2	70777310	70790643	70790643	-1
FIGN	chr2	163593396	163737013	163737013	-1
FIGNL1	chr7	50439722	50450406	50450406	-1
FIGNL2	chr12	51817899	51848729	51848729	-1
FILIP1	chr6	75291859	75493919	75493919	-1
FILIP1L	chr3	99826452	100114525	100114525	-1
FIP1L1	chr4	53377562	53464382	53377562	1
FIRRM	chr1	169662007	169873258	169662007	1
FIS1	chr7	101239458	101252321	101252321	-1
FITM1	chr14	24130659	24132849	24130659	1
FITM2	chr20	44289046	44311257	44311257	-1
FIZ1	chr19	55591371	55606194	55606194	-1
FJX1	chr11	35618460	35620865	35618460	1
FKBP10	chr17	41812079	41823221	41812079	1
FKBP11	chr12	48921518	48927909	48927909	-1
FKBP14	chr7	30004406	30026716	30026716	-1
FKBP15	chr9	113161006	113221458	113221458	-1
FKBP1A	chr20	1355817	1393164	1393164	-1
FKBP1B	chr2	24049674	24067714	24049674	1
FKBP1C	chr6	63211469	63213027	63211469	1
FKBP2	chr11	64241003	64244583	64241003	1
FKBP3	chr14	45112188	45135319	45135319	-1
FKBP4	chr12	2794290	2806410	2794290	1
FKBP5	chr6	35572945	35728622	35728622	-1
FKBP6	chr7	73328161	73358637	73328161	1
FKBP7	chr2	178463664	178478604	178478604	-1
FKBP8	chr19	18531751	18544264	18544264	-1
FKBP9	chr7	32957404	33006931	32957404	1
FKBPL	chr6	32128697	32131070	32131070	-1
FKRP	chr19	46746046	46776988	46746046	1
FKTN	chr9	105558122	105653820	105558122	1
FLACC1	chr2	201287397	201357398	201357398	-1
FLAD1	chr1	154983311	154993111	154983311	1
FLCN	chr17	17212200	17237326	17237326	-1
FLG	chr1	152302165	152325239	152325239	-1
FLG2	chr1	152348735	152360006	152360006	-1
FLI1	chr11	128686535	128813267	128686535	1
FLII	chr17	18244782	18260420	18260420	-1
FLNA	chrX	154348524	154374643	154374643	-1
FLNB	chr3	58008398	58172251	58008398	1
FLNC	chr7	128830292	128859275	128830292	1
FLOT1	chr6	30727709	30743075	30743075	-1
FLOT2	chr17	28879335	28897741	28897741	-1
FLRT1	chr11	64035757	64119403	64035757	1
FLRT2	chr14	85530017	85654428	85530017	1
FLRT3	chr20	14322538	14337643	14337643	-1
FLT1	chr13	28299540	28495288	28495288	-1
FLT3	chr13	28003274	28100592	28100592	-1
FLT3LG	chr19	49474150	49486233	49474150	1
FLT4	chr5	180601506	180649634	180649634	-1
FLVCR1	chr1	212858230	212899363	212858230	1
FLVCR2	chr14	75578591	75663214	75578591	1
FLYWCH1	chr16	2911599	2951208	2911599	1
FLYWCH2	chr16	2882868	2903099	2882868	1
FMC1	chr7	139339457	139347031	139339457	1
FMC1-LUC7L2	chr7	139341360	139422599	139341360	1
FMN1	chr15	32765544	33194727	33194727	-1
FMN2	chr1	240014348	240475190	240014348	1
FMNL1	chr17	45220736	45247319	45220736	1
FMNL2	chr2	152335113	152649831	152335113	1
FMNL3	chr12	49636499	49708165	49708165	-1
FMO1	chr1	171248471	171285978	171248471	1
FMO2	chr1	171185249	171212686	171185249	1
FMO3	chr1	171085113	171118675	171085113	1
FMO4	chr1	171314091	171343757	171314091	1
FMO5	chr1	147175351	147243050	147243050	-1
FMOD	chr1	203340441	203351758	203351758	-1
FMR1	chrX	147911858	147951125	147911858	1
FMR1NB	chrX	147981235	148026665	147981235	1
FN1	chr2	215359468	215436120	215436120	-1
FN3K	chr17	82735149	82751198	82735149	1
FN3KRP	chr17	82716693	82730873	82716693	1
FNBP1	chr9	129887179	130043243	130043243	-1
FNBP1L	chr1	93448050	93554661	93448050	1
FNBP4	chr11	47716494	47767460	47767460	-1
FNDC1	chr6	159169353	159272112	159169353	1
FNDC10	chr1	1598012	1600135	1600135	-1
FNDC11	chr20	63547891	63558138	63547891	1
FNDC3A	chr13	48975793	49209779	48975793	1
FNDC3B	chr3	172039547	172405418	172039547	1
FNDC4	chr2	27491260	27495631	27495631	-1
FNDC5	chr1	32862268	32872482	32872482	-1
FNDC7	chr1	108712903	108746052	108712903	1
FNDC8	chr17	35121615	35130732	35121615	1
FNDC9	chr5	157341598	157345766	157345766	-1
FNIP1	chr5	131641714	131797041	131797041	-1
FNIP2	chr4	158768963	158908050	158768963	1
FNTA	chr8	43034194	43085793	43034194	1
FNTB	chr14	64986837	65062658	64986837	1
FOCAD	chr9	20658305	20999329	20658305	1
FOLH1	chr11	49145092	49208641	49208641	-1
FOLR1	chr11	72189529	72199329	72189529	1
FOLR2	chr11	72216601	72221957	72216601	1
FOLR3	chr11	72114869	72141085	72114869	1
FOS	chr14	75278821	75283190	75278821	1
FOSB	chr19	45467989	45475179	45467989	1
FOSL1	chr11	65892049	65900573	65900573	-1
FOSL2	chr2	28392448	28417317	28392448	1
FOXA1	chr14	37468435	37596059	37596059	-1
FOXA2	chr20	22580998	22585498	22585498	-1
FOXA3	chr19	45863989	45873798	45863989	1
FOXB1	chr15	60004234	60061730	60004234	1
FOXB2	chr9	77018706	77022372	77018706	1
FOXC1	chr6	1609915	1613897	1609915	1
FOXC2	chr16	86566829	86569728	86566829	1
FOXD1	chr5	73444827	73448777	73448777	-1
FOXD2	chr1	47438044	47440691	47438044	1
FOXD3	chr1	63322567	63325128	63322567	1
FOXD4	chr9	116231	118417	118417	-1
FOXD4L1	chr2	113498665	113501150	113498665	1
FOXD4L3	chr9	68302867	68305084	68302867	1
FOXD4L4	chr9	65737146	65738396	65737146	1
FOXD4L5	chr9	65282101	65285209	65285209	-1
FOXD4L6	chr9	41126435	41128681	41128681	-1
FOXE1	chr9	97853226	97856717	97853226	1
FOXE3	chr1	47416285	47418052	47416285	1
FOXF1	chr16	86509697	86515422	86509697	1
FOXF2	chr6	1389555	1395603	1389555	1
FOXG1	chr14	28764329	28770277	28764329	1
FOXH1	chr8	144473412	144475873	144475873	-1
FOXI1	chr5	170105893	170109734	170105893	1
FOXI2	chr10	127737118	127741183	127737118	1
FOXI3	chr2	88444826	88452693	88452693	-1
FOXJ1	chr17	76136333	76141256	76141256	-1
FOXJ2	chr12	8032674	8055522	8032674	1
FOXJ3	chr1	42176535	42335913	42335913	-1
FOXK1	chr7	4682240	4771442	4682240	1
FOXK2	chr17	82519248	82644662	82519248	1
FOXL1	chr16	86576340	86583478	86576340	1
FOXL2	chr3	138944224	138947137	138947137	-1
FOXL2NB	chr3	138947177	138953990	138947177	1
FOXL3	chr7	290170	294422	290170	1
FOXM1	chr12	2857676	2877197	2877197	-1
FOXN1	chr17	28506243	28538900	28506243	1
FOXN2	chr2	48314331	48379513	48314331	1
FOXN3	chr14	89124871	89619496	89619496	-1
FOXN4	chr12	109277978	109309289	109309289	-1
FOXO1	chr13	40555667	40667612	40667612	-1
FOXO3	chr6	108559652	108684774	108559652	1
FOXO3B	chr17	18667629	18682314	18682314	-1
FOXO4	chrX	71095839	71103535	71095839	1
FOXO6	chr1	41361922	41383590	41361922	1
FOXP1	chr3	70954693	71584009	71584009	-1
FOXP2	chr7	114086186	114693772	114086186	1
FOXP3	chrX	49250436	49264800	49264800	-1
FOXP4	chr6	41546341	41602384	41546341	1
FOXQ1	chr6	1312098	1314758	1312098	1
FOXR1	chr11	118971623	118981287	118971623	1
FOXR2	chrX	55623400	55626192	55623400	1
FOXRED1	chr11	126269024	126281756	126269024	1
FOXRED2	chr22	36487190	36507221	36507221	-1
FOXS1	chr20	31844303	31845604	31845604	-1
FPGS	chr9	127794597	127815065	127794597	1
FPGT	chr1	74198210	74234415	74198210	1
FPGT-TNNI3K	chr1	74198235	74544393	74198235	1
FPR1	chr19	51742725	51804115	51804115	-1
FPR2	chr19	51752026	51771307	51752026	1
FPR3	chr19	51795131	51827761	51795131	1
FRA10AC1	chr10	93667126	93703294	93703294	-1
FRAS1	chr4	78056961	78544458	78056961	1
FRAT1	chr10	97319271	97321915	97319271	1
FRAT2	chr10	97329255	97334729	97334729	-1
FREM1	chr9	14734671	14910995	14910995	-1
FREM2	chr13	38687070	38887131	38687070	1
FREM3	chr4	143577302	143700675	143700675	-1
FREY1	chr11	45906513	45907272	45907272	-1
FRG1	chr4	189940818	189963207	189940818	1
FRG2	chr4	190024367	190027257	190027257	-1
FRG2B	chr10	133623895	133626795	133626795	-1
FRG2C	chr3	75664328	75667220	75664328	1
FRK	chr6	115931149	116061093	116061093	-1
FRMD1	chr6	168053095	168101511	168101511	-1
FRMD3	chr9	83242990	83538737	83538737	-1
FRMD4A	chr10	13643706	14462142	14462142	-1
FRMD4B	chr3	69168782	69542583	69542583	-1
FRMD5	chr15	43870761	44195278	44195278	-1
FRMD6	chr14	51396647	51730727	51396647	1
FRMD7	chrX	132076990	132128020	132128020	-1
FRMD8	chr11	65386592	65413526	65386592	1
FRMPD1	chr9	37650862	37746904	37650862	1
FRMPD2	chr10	48153088	48274913	48274913	-1
FRMPD3	chrX	107449652	107605255	107449652	1
FRMPD4	chrX	11822423	12724523	11822423	1
FRRS1	chr1	99703970	99766642	99766642	-1
FRRS1L	chr9	109130293	109167249	109167249	-1
FRS2	chr12	69470349	69579793	69470349	1
FRS3	chr6	41769318	41787570	41787570	-1
FRY	chr13	31846713	32299125	31846713	1
FRYL	chr4	48497357	48780322	48780322	-1
FRZB	chr2	182833275	182868438	182868438	-1
FSAF1	chr1	231223763	231241187	231241187	-1
FSBP	chr8	94378377	94436952	94436952	-1
FSCB	chr14	44504149	44507283	44507283	-1
FSCN1	chr7	5592806	5606656	5592806	1
FSCN2	chr17	81528372	81542415	81528372	1
FSCN3	chr7	127591409	127603507	127591409	1
FSD1	chr19	4304587	4323844	4304587	1
FSD1L	chr9	105447796	105552433	105447796	1
FSD2	chr15	82755362	82806148	82806148	-1
FSHB	chr11	30231014	30235261	30231014	1
FSHR	chr2	48962157	49154527	49154527	-1
FSIP1	chr15	39588357	39782858	39782858	-1
FSIP2	chr2	185738788	185833290	185738788	1
FST	chr5	53479819	53487134	53479819	1
FSTL1	chr3	120392293	120596764	120596764	-1
FSTL3	chr19	676366	683793	676366	1
FSTL4	chr5	133193430	133612688	133612688	-1
FSTL5	chr4	161383897	162164010	162164010	-1
FTCD	chr21	46136082	46156047	46156047	-1
FTCDNL1	chr2	199758265	199851214	199851214	-1
FTH1	chr11	61959718	61967640	61967640	-1
FTHL17	chrX	31071233	31072041	31072041	-1
FTL	chr19	48965275	48967896	48965275	1
FTMT	chr5	121851882	121852833	121851882	1
FTO	chr16	53701692	54158512	53701692	1
FTSJ1	chrX	48476021	48486364	48476021	1
FTSJ3	chr17	63819113	63830012	63830012	-1
FUBP1	chr1	77944055	77979527	77979527	-1
FUBP3	chr9	130578965	130638354	130578965	1
FUCA1	chr1	23845077	23868361	23868361	-1
FUCA2	chr6	143493954	143511842	143511842	-1
FUNDC1	chrX	44522431	44543013	44543013	-1
FUNDC2	chrX	155025980	155065641	155025980	1
FUOM	chr10	133353952	133358796	133358796	-1
FURIN	chr15	90868588	90883564	90868588	1
FUS	chr16	31180131	31196963	31180131	1
FUT1	chr19	48748011	48755390	48755390	-1
FUT2	chr19	48695953	48705951	48695953	1
FUT3	chr19	5842257	5851535	5851535	-1
FUT4	chr11	94543921	94549895	94543921	1
FUT5	chr19	5865826	5870540	5870540	-1
FUT6	chr19	5830361	5839722	5839722	-1
FUT7	chr9	137030174	137032825	137032825	-1
FUT8	chr14	65285127	65747182	65285127	1
FUT9	chr6	96015436	96215612	96015436	1
FUZ	chr19	49806866	49817376	49817376	-1
FXN	chr9	69035730	69079076	69035730	1
FXR1	chr3	180868141	180982753	180868141	1
FXR2	chr17	7591230	7614916	7614916	-1
FXYD1	chr19	35133987	35143109	35133987	1
FXYD2	chr11	117800839	117828734	117828734	-1
FXYD3	chr19	35115521	35125653	35115521	1
FXYD4	chr10	43371635	43376335	43371635	1
FXYD5	chr19	35154440	35171796	35154440	1
FXYD6	chr11	117833023	117877675	117877675	-1
FXYD6-FXYD2	chr11	117820163	117876667	117876667	-1
FXYD7	chr19	35143148	35154303	35143148	1
FYB1	chr5	39105251	39274528	39274528	-1
FYB2	chr1	56718789	56819735	56819735	-1
FYCO1	chr3	45917903	45995845	45995845	-1
FYN	chr6	111660332	111873479	111873479	-1
FYTTD1	chr3	197737179	197787596	197737179	1
FZD1	chr7	91264433	91289201	91264433	1
FZD10	chr12	130162459	130165740	130162459	1
FZD2	chr17	44557484	44561262	44557484	1
FZD3	chr8	28493991	28574267	28493991	1
FZD4	chr11	86945679	86955469	86955469	-1
FZD5	chr2	207762598	207769914	207769914	-1
FZD6	chr8	103298433	103332866	103298433	1
FZD7	chr2	202033855	202038441	202033855	1
FZD8	chr10	35638247	35642296	35642296	-1
FZD9	chr7	73433778	73436120	73433778	1
FZR1	chr19	3506270	3538334	3506270	1
G0S2	chr1	209675405	209676390	209675405	1
G2E3	chr14	30559104	30620167	30559104	1
G3BP1	chr5	151770951	151812911	151770951	1
G3BP2	chr4	75641849	75726301	75726301	-1
G6PC1	chr17	42900722	42923502	42900722	1
G6PC2	chr2	168901291	168910000	168901291	1
G6PC3	chr17	44070620	44094678	44070620	1
G6PD	chrX	154517825	154547584	154547584	-1
GAA	chr17	80101526	80119881	80101526	1
GAB1	chr4	143336150	143474565	143336150	1
GAB2	chr11	78215293	78418348	78418348	-1
GAB3	chrX	154675249	154751583	154751583	-1
GAB4	chr22	16961936	17008222	17008222	-1
GABARAP	chr17	7240008	7242486	7242486	-1
GABARAPL1	chr12	10212458	10223132	10212458	1
GABARAPL2	chr16	75566350	75594459	75566350	1
GABBR1	chr6	29552554	29633976	29633976	-1
GABBR2	chr9	98288087	98709739	98709739	-1
GABPA	chr21	25734570	25772460	25734570	1
GABPB1	chr15	50275389	50355440	50355440	-1
GABPB2	chr1	151070514	151130109	151070514	1
GABRA1	chr5	161847063	161899981	161847063	1
GABRA2	chr4	46243548	46475230	46475230	-1
GABRA3	chrX	152166042	152451425	152451425	-1
GABRA4	chr4	46918900	46993590	46993590	-1
GABRA5	chr15	26866709	26949208	26866709	1
GABRA6	chr5	161547063	161702593	161547063	1
GABRB1	chr4	46993723	47428254	46993723	1
GABRB2	chr5	161288418	161549044	161549044	-1
GABRB3	chr15	26543552	26939539	26939539	-1
GABRD	chr1	2019305	2030758	2019305	1
GABRE	chrX	151953123	151974694	151974694	-1
GABRG1	chr4	46035769	46124089	46124089	-1
GABRG2	chr5	162000057	162162977	162000057	1
GABRG3	chr15	26971060	27541984	26971060	1
GABRP	chr5	170763350	170814047	170763350	1
GABRQ	chrX	152637895	152684285	152637895	1
GABRR1	chr6	89177504	89231278	89231278	-1
GABRR2	chr6	89254464	89315299	89315299	-1
GABRR3	chr3	97985102	98035315	98035315	-1
GAD1	chr2	170813213	170861151	170813213	1
GAD2	chr10	26216251	26304558	26216251	1
GADD45A	chr1	67685048	67691165	67685048	1
GADD45B	chr19	2476122	2478805	2476122	1
GADD45G	chr9	89604939	89609775	89604939	1
GADD45GIP1	chr19	12950701	12957333	12957333	-1
GADL1	chr3	30726197	30894897	30894897	-1
GAGE1	chrX	49599020	49608538	49599020	1
GAGE10	chrX	49303645	49319844	49303645	1
GAGE12B	chrX	49529869	49529985	49529869	1
GAGE12C	chrX	49532177	49539541	49532177	1
GAGE12D	chrX	49541733	49549097	49541733	1
GAGE12E	chrX	49551289	49558645	49551289	1
GAGE12F	chrX	49560842	49568209	49560842	1
GAGE12G	chrX	49570400	49577757	49570400	1
GAGE12H	chrX	49579945	49587304	49579945	1
GAGE12J	chrX	49322037	49329387	49322037	1
GAGE13	chrX	49331575	49338952	49331575	1
GAGE2A	chrX	49589476	49596834	49589476	1
GAGE2E	chrX	49341192	49345922	49341192	1
GAK	chr4	849275	932411	932411	-1
GAL	chr11	68683020	68691205	68683020	1
GAL3ST1	chr22	30554632	30576210	30576210	-1
GAL3ST2	chr2	241776817	241804287	241776817	1
GAL3ST3	chr11	66040748	66049502	66049502	-1
GAL3ST4	chr7	100159244	100168953	100168953	-1
GALC	chr14	87837820	87993665	87993665	-1
GALE	chr1	23795599	23800804	23800804	-1
GALK1	chr17	75751470	75765251	75765251	-1
GALK2	chr15	49155656	49367869	49155656	1
GALM	chr2	38665906	38766049	38665906	1
GALNS	chr16	88813733	88857832	88857832	-1
GALNT1	chr18	35580892	35713370	35580892	1
GALNT10	chr5	154189988	154420984	154189988	1
GALNT11	chr7	152025626	152122347	152025626	1
GALNT12	chr9	98807613	98851267	98807613	1
GALNT13	chr2	153871398	154456630	153871398	1
GALNT14	chr2	30898696	31155202	31155202	-1
GALNT15	chr3	16174446	16248227	16174446	1
GALNT16	chr14	69259277	69387203	69259277	1
GALNT17	chr7	71131994	71713600	71131994	1
GALNT18	chr11	11270864	11622431	11622431	-1
GALNT2	chr1	230057990	230282128	230057990	1
GALNT3	chr2	165747339	165846201	165846201	-1
GALNT4	chr12	89519412	89524796	89524796	-1
GALNT5	chr2	157257497	157318491	157257497	1
GALNT6	chr12	51351247	51392867	51392867	-1
GALNT7	chr4	173168811	173324257	173168811	1
GALNT8	chr12	4719870	4851927	4719870	1
GALNT9	chr12	132195855	132329616	132329616	-1
GALNTL5	chr7	151956379	152019929	151956379	1
GALNTL6	chr4	171812254	173041559	171812254	1
GALP	chr19	56176001	56185775	56176001	1
GALR1	chr18	77249744	77277900	77249744	1
GALR2	chr17	76074773	76077537	76074773	1
GALR3	chr22	37822198	37825851	37822198	1
GALT	chr9	34637367	34651754	34637367	1
GAMT	chr19	1397026	1401731	1401731	-1
GAN	chr16	81314932	81390884	81314932	1
GANAB	chr11	62624821	62646726	62646726	-1
GANC	chr15	42273196	42353666	42273196	1
GAP43	chr3	115623292	115721490	115623292	1
GAPDH	chr12	6534012	6538930	6534012	1
GAPDHS	chr19	35533455	35545319	35533455	1
GAPT	chr5	58491428	58497090	58491428	1
GAPVD1	chr9	125261780	125367207	125261780	1
GAR1	chr4	109815476	109827320	109815476	1
GAREM1	chr18	32124875	32470882	32470882	-1
GAREM2	chr2	26173071	26196434	26173071	1
GARIN1A	chr7	128671693	128687877	128671693	1
GARIN1B	chr7	128709061	128731743	128709061	1
GARIN2	chr14	67189328	67228550	67189328	1
GARIN3	chr5	157161846	157166264	157166264	-1
GARIN4	chr1	212624474	212626775	212624474	1
GARIN5A	chr19	50466785	50476866	50476866	-1
GARIN5B	chr19	55354908	55363260	55363260	-1
GARIN6	chr12	99647753	99650114	99647753	1
GARNL3	chr9	127224265	127393683	127224265	1
GARRE1	chr19	34254543	34355609	34254543	1
GARS1	chr7	30580533	30634033	30580533	1
GART	chr21	33498517	33543524	33543524	-1
GAS1	chr9	86944362	86947506	86947506	-1
GAS2	chr11	22625509	22813803	22625509	1
GAS2L1	chr22	29306394	29312787	29306394	1
GAS2L2	chr17	35744511	35753260	35753260	-1
GAS2L3	chr12	100573643	100628288	100573643	1
GAS6	chr13	113820468	113864123	113864123	-1
GAS7	chr17	9910606	10198912	10198912	-1
GASK1A	chr3	42979087	43067898	42979087	1
GASK1B	chr4	158123836	158174249	158174249	-1
GAST	chr17	41710999	41715973	41710999	1
GATA1	chrX	48783122	48794311	48783122	1
GATA2	chr3	128479423	128493208	128493208	-1
GATA3	chr10	8045212	8075825	8045212	1
GATA4	chr8	11676785	11763223	11676785	1
GATA5	chr20	62463481	62476094	62476094	-1
GATA6	chr18	22168837	22204154	22168837	1
GATAD1	chr7	92447448	92460075	92447448	1
GATAD2A	chr19	19385638	19508932	19385638	1
GATAD2B	chr1	153789030	153923360	153923360	-1
GATB	chr4	151670053	151761038	151761038	-1
GATC	chr12	120446444	120463749	120446444	1
GATD1	chr11	767061	777507	777507	-1
GATD3	chr21	44133610	44210114	44133610	1
GATM	chr15	45333479	45402327	45402327	-1
GBA1	chr1	155231270	155245178	155245178	-1
GBA2	chr9	35734577	35749986	35749986	-1
GBA3	chr4	22692914	22819575	22692914	1
GBE1	chr3	81489161	81761840	81761840	-1
GBF1	chr10	102245371	102382899	102245371	1
GBGT1	chr9	133151020	133164245	133164245	-1
GBP1	chr1	89051135	89072769	89072769	-1
GBP2	chr1	89106132	89150456	89150456	-1
GBP3	chr1	89006666	89022894	89022894	-1
GBP4	chr1	89181144	89198953	89198953	-1
GBP5	chr1	89256189	89272892	89272892	-1
GBP6	chr1	89363895	89388160	89363895	1
GBP7	chr1	89130235	89176083	89176083	-1
GBX1	chr7	151147669	151174745	151174745	-1
GBX2	chr2	236165236	236168395	236168395	-1
GC	chr4	71713531	71805527	71805527	-1
GCA	chr2	162318839	162388536	162318839	1
GCAT	chr22	37807872	37817386	37807872	1
GCC1	chr7	127579051	127593611	127593611	-1
GCC2	chr2	108449107	108509415	108449107	1
GCDH	chr19	12891128	12915261	12891128	1
GCFC2	chr2	75652000	75711184	75711184	-1
GCG	chr2	162142877	162152404	162152404	-1
GCGR	chr17	81803105	81814023	81803105	1
GCH1	chr14	54841961	54903280	54903280	-1
GCHFR	chr15	40764043	40767872	40764043	1
GCK	chr7	44143213	44198170	44198170	-1
GCKR	chr2	27496055	27523688	27496055	1
GCLC	chr6	53497341	53616970	53616970	-1
GCLM	chr1	93885199	93909654	93909654	-1
GCM1	chr6	53126961	53148841	53148841	-1
GCM2	chr6	10873223	10882041	10882041	-1
GCN1	chr12	120127202	120194976	120194976	-1
GCNA	chrX	71578436	71613590	71578436	1
GCNT1	chr9	76419850	76651203	76419850	1
GCNT2	chr6	10492223	10629377	10492223	1
GCNT3	chr15	59555943	59658700	59555943	1
GCNT4	chr5	75025346	75054516	75054516	-1
GCNT7	chr20	56491492	56525925	56525925	-1
GCOM1	chr15	57591908	57714745	57591908	1
GCSAM	chr3	112120839	112133270	112133270	-1
GCSAML	chr1	247507058	247577690	247507058	1
GCSH	chr16	81078232	81096426	81096426	-1
GDA	chr9	72114595	72257193	72114595	1
GDAP1	chr8	74320613	74518007	74320613	1
GDAP1L1	chr20	44247099	44280947	44247099	1
GDAP2	chr1	117863485	117929662	117929662	-1
GDE1	chr16	19501681	19522132	19522132	-1
GDF1	chr19	18868545	18896158	18896158	-1
GDF10	chr10	47300060	47313580	47300060	1
GDF11	chr12	55743122	55757264	55743122	1
GDF15	chr19	18374731	18389176	18374731	1
GDF2	chr10	47322451	47327592	47322451	1
GDF3	chr12	7689784	7695807	7695807	-1
GDF5	chr20	35433347	35454754	35454754	-1
GDF6	chr8	96142333	96160813	96160813	-1
GDF7	chr2	20667134	20679243	20667134	1
GDF9	chr5	132861181	132866884	132866884	-1
GDI1	chrX	154436600	154443467	154436600	1
GDI2	chr10	5763583	5842132	5842132	-1
GDNF	chr5	37812677	37840063	37840063	-1
GDPD1	chr17	59220467	59275970	59220467	1
GDPD2	chrX	70423031	70433710	70423031	1
GDPD3	chr16	30104810	30114034	30114034	-1
GDPD4	chr11	77216555	77301687	77301687	-1
GDPD5	chr11	75434638	75525985	75525985	-1
GDPGP1	chr15	90233471	90245811	90233471	1
GEM	chr8	94249249	94262461	94262461	-1
GEMIN2	chr14	39114285	39139037	39114285	1
GEMIN4	chr17	742840	753999	753999	-1
GEMIN5	chr5	154886740	154938242	154938242	-1
GEMIN6	chr2	38751534	38785002	38751534	1
GEMIN7	chr19	45075575	45091518	45075575	1
GEMIN8	chrX	13998099	14029928	14029928	-1
GEN1	chr2	17753278	17788946	17753278	1
GET1	chr21	39377698	39428533	39377698	1
GET1-SH3BGR	chr21	39380332	39515506	39380332	1
GET3	chr19	12737139	12748325	12737139	1
GET4	chr7	876486	896441	876486	1
GFAP	chr17	44903159	44916937	44916937	-1
GFER	chr16	1983699	1987749	1983699	1
GFI1	chr1	92472360	92486925	92486925	-1
GFI1B	chr9	132944000	132991687	132944000	1
GFM1	chr3	158644516	158695836	158644516	1
GFM2	chr5	74721206	74767155	74767155	-1
GFOD1	chr6	13357830	13487662	13487662	-1
GFOD2	chr16	67674527	67719352	67719352	-1
GFPT1	chr2	69319616	69387313	69387313	-1
GFPT2	chr5	180300668	180353359	180353359	-1
GFRA1	chr10	116056925	116276803	116276803	-1
GFRA2	chr8	21690398	21812370	21812370	-1
GFRA3	chr5	138252380	138274621	138274621	-1
GFRA4	chr20	3659248	3663483	3663483	-1
GFRAL	chr6	55327469	55402493	55327469	1
GFUS	chr8	143612617	143618048	143618048	-1
GFY	chr19	49423749	49428987	49423749	1
GGA1	chr22	37608474	37633564	37608474	1
GGA2	chr16	23462213	23521995	23521995	-1
GGA3	chr17	75236595	75262363	75262363	-1
GGACT	chr13	100525258	100589528	100589528	-1
GGCT	chr7	30496616	30504866	30504866	-1
GGCX	chr2	85544720	85561838	85561838	-1
GGH	chr8	63014881	63039407	63039407	-1
GGN	chr19	38384267	38388274	38388274	-1
GGNBP2	chr17	36544888	36589866	36544888	1
GGPS1	chr1	235327350	235344544	235327350	1
GGT1	chr22	24588696	24629011	24588696	1
GGT5	chr22	24210982	24245763	24245763	-1
GGT6	chr17	4556342	4560818	4560818	-1
GGT7	chr20	34844714	34872888	34872888	-1
GGTA1	chr9	121444988	121513399	121513399	-1
GGTLC1	chr20	23985050	23988779	23988779	-1
GGTLC2	chr22	22644614	22647898	22644614	1
GGTLC3	chr22	18516338	18518161	18518161	-1
GH1	chr17	63917200	63918839	63918839	-1
GH2	chr17	63880205	63881970	63881970	-1
GHDC	chr17	42188799	42194513	42194513	-1
GHITM	chr10	84139482	84154841	84139482	1
GHR	chr5	42423439	42721878	42423439	1
GHRH	chr20	37251082	37261819	37261819	-1
GHRHR	chr7	30938669	30993254	30938669	1
GHRL	chr3	10285666	10292959	10292959	-1
GHSR	chr3	172442551	172448456	172448456	-1
GID4	chr17	18039371	18068405	18039371	1
GID8	chr20	62937060	62948589	62937060	1
GIGYF1	chr7	100679505	100694481	100694481	-1
GIGYF2	chr2	232697259	232863338	232697259	1
GIMAP1	chr7	150716606	150724284	150716606	1
GIMAP1-GIMAP5	chr7	150716668	150743646	150716668	1
GIMAP2	chr7	150685647	150694763	150685647	1
GIMAP4	chr7	150567242	150574512	150567242	1
GIMAP5	chr7	150722253	150750033	150722253	1
GIMAP6	chr7	150625375	150632651	150632651	-1
GIMAP7	chr7	150514852	150521073	150514852	1
GIMAP8	chr7	150450624	150479395	150450624	1
GIMD1	chr4	106357392	106368778	106368778	-1
GIN1	chr5	103086000	103120226	103120226	-1
GINM1	chr6	149566190	149591751	149566190	1
GINS1	chr20	25391008	25452700	25391008	1
GINS2	chr16	85673164	85690073	85690073	-1
GINS3	chr16	58295080	58406147	58295080	1
GINS4	chr8	41529211	41549905	41529211	1
GIP	chr17	48958554	48968596	48968596	-1
GIPC1	chr19	14477759	14496164	14496164	-1
GIPC2	chr1	77979542	78138463	77979542	1
GIPC3	chr19	3585474	3593541	3585474	1
GIPR	chr19	45668207	45683722	45668207	1
GIT1	chr17	29573475	29594054	29594054	-1
GIT2	chr12	109929792	109996389	109996389	-1
GJA1	chr6	121435577	121449739	121435577	1
GJA10	chr6	89894469	89921760	89894469	1
GJA3	chr13	20138252	20161615	20161615	-1
GJA4	chr1	34792992	34795756	34792992	1
GJA5	chr1	147755804	147773390	147773390	-1
GJA8	chr1	147902795	147909269	147902795	1
GJA9	chr1	38874069	38881587	38881587	-1
GJB1	chrX	71212811	71225519	71212811	1
GJB2	chr13	20187463	20192980	20192980	-1
GJB3	chr1	34781175	34786369	34781175	1
GJB4	chr1	34759740	34763724	34759740	1
GJB5	chr1	34755013	34758512	34755013	1
GJB6	chr13	20221962	20232450	20232450	-1
GJB7	chr6	87282980	87329278	87329278	-1
GJC1	chr17	44798448	44831496	44831496	-1
GJC2	chr1	228149891	228159826	228149891	1
GJC3	chr7	99923266	99929620	99929620	-1
GJD2	chr15	34751032	34755003	34755003	-1
GJD3	chr17	40360652	40364737	40364737	-1
GJD4	chr10	35605341	35608935	35605341	1
GJE1	chr6	142132925	142135358	142132925	1
GK	chrX	30653336	30733182	30653336	1
GK2	chr4	79406361	79408228	79408228	-1
GK3	chr4	165277807	165279704	165279704	-1
GK5	chr3	142157527	142225620	142225620	-1
GKAP1	chr9	83737881	83829516	83829516	-1
GKN1	chr2	68974573	68980980	68974573	1
GKN2	chr2	68938776	68953028	68953028	-1
GLA	chrX	101393273	101408012	101408012	-1
GLB1	chr3	32961103	33097436	33097436	-1
GLB1L	chr2	219236598	219245478	219245478	-1
GLB1L2	chr11	134331886	134378341	134331886	1
GLB1L3	chr11	134274245	134319579	134274245	1
GLCCI1	chr7	7968796	8094272	7968796	1
GLCE	chr15	69160540	69272217	69160540	1
GLDC	chr9	6532464	6645734	6645734	-1
GLDN	chr15	51341498	51408005	51341498	1
GLE1	chr9	128504655	128543874	128504655	1
GLG1	chr16	74447427	74607144	74607144	-1
GLI1	chr12	57459783	57472268	57459783	1
GLI2	chr2	120735623	120992653	120735623	1
GLI3	chr7	41929597	42264265	42264265	-1
GLI4	chr8	143263193	143276937	143263193	1
GLIPR1	chr12	75480752	75503863	75480752	1
GLIPR1L1	chr12	75334670	75370560	75334670	1
GLIPR1L2	chr12	75391049	75432692	75391049	1
GLIPR2	chr9	36136417	36163913	36136417	1
GLIS1	chr1	53506232	53739225	53739225	-1
GLIS2	chr16	4314761	4339597	4314761	1
GLIS3	chr9	3824127	4348392	4348392	-1
GLMN	chr1	92245786	92299009	92299009	-1
GLMP	chr1	156290088	156295699	156295699	-1
GLO1	chr6	38675925	38703178	38703178	-1
GLOD4	chr17	757097	782341	782341	-1
GLOD5	chrX	48761744	48773648	48761744	1
GLP1R	chr6	39048562	39091303	39048562	1
GLP2R	chr17	9822206	9894163	9822206	1
GLRA1	chr5	151822513	151924851	151924851	-1
GLRA2	chrX	14529298	14731812	14529298	1
GLRA3	chr4	174636920	174829247	174829247	-1
GLRB	chr4	157076094	157172097	157076094	1
GLRX	chr5	95735261	95822953	95822953	-1
GLRX2	chr1	193078366	193106114	193106114	-1
GLRX3	chr10	130136363	130184521	130136363	1
GLRX5	chr14	95533503	95544724	95533503	1
GLS	chr2	190880322	190965552	190880322	1
GLS2	chr12	56470945	56488414	56488414	-1
GLT1D1	chr12	128853427	128984968	128853427	1
GLT6D1	chr9	135623648	135641216	135641216	-1
GLT8D1	chr3	52691527	52706368	52706368	-1
GLT8D2	chr12	103985830	104064468	104064468	-1
GLTP	chr12	109850943	109880549	109880549	-1
GLTPD2	chr17	4788927	4790734	4788927	1
GLUD1	chr10	87050202	87095405	87095405	-1
GLUD2	chrX	121047610	121050094	121047610	1
GLUL	chr1	182378098	182392206	182392206	-1
GLYAT	chr11	58640426	58732010	58732010	-1
GLYATL1	chr11	58905398	59043527	58905398	1
GLYATL1B	chr11	59086307	59094786	59086307	1
GLYATL2	chr11	58834065	58904215	58904215	-1
GLYATL3	chr6	49499923	49528078	49499923	1
GLYCTK	chr3	52286945	52295273	52286945	1
GLYR1	chr16	4803202	4847343	4847343	-1
GM2A	chr5	151212150	151281466	151212150	1
GMCL1	chr2	69829612	69881393	69829612	1
GMCL2	chr5	178184505	178187371	178187371	-1
GMDS	chr6	1622884	2245711	2245711	-1
GMEB1	chr1	28668280	28719353	28668280	1
GMEB2	chr20	63587601	63628426	63628426	-1
GMFB	chr14	54474466	54489077	54489077	-1
GMFG	chr19	39328351	39342372	39342372	-1
GMIP	chr19	19629473	19643669	19643669	-1
GML	chr8	142834171	142916506	142834171	1
GMNC	chr3	190851806	190892429	190892429	-1
GMNN	chr6	24774892	24788205	24774892	1
GMPPA	chr2	219498618	219513898	219498618	1
GMPPB	chr3	49716844	49723988	49723988	-1
GMPR	chr6	16238474	16295923	16238474	1
GMPR2	chr14	24232211	24239246	24232211	1
GMPS	chr3	155870467	155944020	155870467	1
GNA11	chr19	3094320	3124001	3094320	1
GNA12	chr7	2721820	2870786	2870786	-1
GNA13	chr17	65009289	65056839	65056839	-1
GNA14	chr9	77423079	77649210	77649210	-1
GNA15	chr19	3136027	3163749	3136027	1
GNAI1	chr7	79768028	80226181	79768028	1
GNAI2	chr3	50226292	50259362	50226292	1
GNAI3	chr1	109548582	109600195	109548582	1
GNAL	chr18	11689243	11885685	11689243	1
GNAO1	chr16	56189660	56357444	56189660	1
GNAQ	chr9	77716097	78032500	78032500	-1
GNAS	chr20	58839669	58911192	58839669	1
GNAT1	chr3	50191586	50197696	50191586	1
GNAT2	chr1	109601407	109619929	109619929	-1
GNAT3	chr7	80458635	80512064	80512064	-1
GNAZ	chr22	23070301	23125036	23070301	1
GNB1	chr1	1785285	1892292	1892292	-1
GNB1L	chr22	19781243	19854947	19854947	-1
GNB2	chr7	100673477	100679174	100673477	1
GNB3	chr12	6839954	6847393	6839954	1
GNB4	chr3	179396088	179451647	179451647	-1
GNB5	chr15	52115100	52191392	52191392	-1
GNE	chr9	36214441	36277042	36277042	-1
GNG10	chr9	111661340	111800687	111661340	1
GNG11	chr7	93921443	93928610	93921443	1
GNG12	chr1	67701461	67833811	67833811	-1
GNG13	chr16	798020	800770	800770	-1
GNG14	chr19	12687998	12688422	12687998	1
GNG2	chr14	51826195	51979342	51826195	1
GNG3	chr11	62706400	62712083	62706400	1
GNG4	chr1	235547685	235651096	235651096	-1
GNG5	chr1	84489407	84507237	84507237	-1
GNG5B	chrX	110346103	110440372	110440372	-1
GNG7	chr19	2511214	2702727	2702727	-1
GNG8	chr19	46633947	46639623	46639623	-1
GNGT1	chr7	93591329	93911265	93591329	1
GNGT2	chr17	49202791	49210610	49210610	-1
GNL1	chr6	30541212	30556603	30556603	-1
GNL2	chr1	37565881	37595955	37595955	-1
GNL3	chr3	52681156	52696160	52681156	1
GNL3L	chrX	54529900	54621565	54529900	1
GNLY	chr2	85685175	85698854	85685175	1
GNMT	chr6	42960268	42970699	42960268	1
GNPAT	chr1	231241184	231277973	231241184	1
GNPDA1	chr5	141991749	142013061	142013061	-1
GNPDA2	chr4	44682200	44726621	44726621	-1
GNPNAT1	chr14	52770976	52791700	52791700	-1
GNPTAB	chr12	101744032	101830984	101830984	-1
GNPTG	chr16	1351924	1365737	1351924	1
GNRH1	chr8	25419258	25424654	25424654	-1
GNRH2	chr20	3042814	3045747	3042814	1
GNRHR	chr4	67737118	67754403	67754403	-1
GNS	chr12	64713442	64759449	64759449	-1
GOLGA1	chr9	124878275	124948492	124948492	-1
GOLGA2	chr9	128255829	128276036	128276036	-1
GOLGA3	chr12	132768902	132829143	132829143	-1
GOLGA4	chr3	37243184	37366879	37243184	1
GOLGA5	chr14	92794203	92841366	92794203	1
GOLGA6A	chr15	74069857	74082550	74082550	-1
GOLGA6B	chr15	72654697	72669599	72654697	1
GOLGA6C	chr15	75258334	75273455	75258334	1
GOLGA6D	chr15	75282835	75295530	75282835	1
GOLGA6L1	chr15	23127066	23136822	23136822	-1
GOLGA6L10	chr15	82339993	82349475	82349475	-1
GOLGA6L2	chr15	23439038	23447245	23447245	-1
GOLGA6L22	chr15	22458903	22469226	22458903	1
GOLGA6L24	chr15	28347851	28358084	28358084	-1
GOLGA6L25	chr15	28553568	28563779	28553568	1
GOLGA6L26	chr15	23324535	23334196	23334196	-1
GOLGA6L4	chr15	84235773	84245358	84235773	1
GOLGA6L6	chr15	20531856	20541800	20541800	-1
GOLGA6L7	chr15	28841832	28848675	28848675	-1
GOLGA6L9	chr15	82429816	82439153	82429816	1
GOLGA7	chr8	41488200	41511095	41488200	1
GOLGA7B	chr10	97821898	97871580	97821898	1
GOLGA8A	chr15	34378935	34437851	34437851	-1
GOLGA8B	chr15	34525084	34588503	34588503	-1
GOLGA8F	chr15	28378621	28392021	28378621	1
GOLGA8G	chr15	28519611	28533014	28533014	-1
GOLGA8H	chr15	30604028	30617752	30604028	1
GOLGA8J	chr15	30082955	30096690	30082955	1
GOLGA8K	chr15	32389599	32403292	32403292	-1
GOLGA8M	chr15	28698583	28738384	28738384	-1
GOLGA8N	chr15	32593456	32607310	32593456	1
GOLGA8O	chr15	32441914	32455634	32455634	-1
GOLGA8Q	chr15	30552050	30565684	30552050	1
GOLGA8R	chr15	30400562	30414260	30414260	-1
GOLGA8S	chr15	23354748	23368341	23354748	1
GOLGA8T	chr15	30135051	30148748	30135051	1
GOLGB1	chr3	121663189	121749966	121749966	-1
GOLIM4	chr3	168008552	168096536	168096536	-1
GOLM1	chr9	86014137	86100286	86100286	-1
GOLM2	chr15	44288699	44415758	44288699	1
GOLPH3	chr5	32124422	32174727	32174727	-1
GOLPH3L	chr1	150638727	150697222	150697222	-1
GOLT1A	chr1	204198157	204214121	204214121	-1
GOLT1B	chr12	21501781	21518408	21501781	1
GON4L	chr1	155749659	155859439	155859439	-1
GON7	chr14	93190873	93207139	93207139	-1
GOPC	chr6	117560269	117602553	117602553	-1
GORAB	chr1	170531819	170553834	170531819	1
GORASP1	chr3	39095222	39108369	39108369	-1
GORASP2	chr2	170928464	170967135	170928464	1
GOSR1	chr17	30477362	30528309	30477362	1
GOSR2	chr17	46923075	46975524	46923075	1
GOT1	chr10	99396869	99431465	99431465	-1
GOT1L1	chr8	37934281	37940162	37940162	-1
GOT2	chr16	58686133	58734366	58734366	-1
GP1BA	chr17	4932261	4935023	4932261	1
GP1BB	chr22	19723539	19724776	19723539	1
GP2	chr16	20309574	20328412	20328412	-1
GP5	chr3	194394821	194399266	194399266	-1
GP6	chr19	55012055	55038264	55038264	-1
GP9	chr3	129060774	129062435	129060774	1
GPA33	chr1	167048289	167166479	167166479	-1
GPAA1	chr8	144082337	144093149	144082337	1
GPALPP1	chr13	44989529	45037669	44989529	1
GPAM	chr10	112147374	112215422	112215422	-1
GPANK1	chr6	31661228	31666283	31666283	-1
GPAT2	chr2	96021943	96039451	96039451	-1
GPAT3	chr4	83535619	83605875	83535619	1
GPAT4	chr8	41577187	41625001	41577187	1
GPATCH1	chr19	33080899	33130956	33080899	1
GPATCH11	chr2	37084418	37099301	37084418	1
GPATCH2	chr1	217426992	217631094	217631094	-1
GPATCH2L	chr14	76151905	76254342	76151905	1
GPATCH3	chr1	26890488	26900478	26900478	-1
GPATCH4	chr1	156594301	156601496	156601496	-1
GPATCH8	chr17	44395281	44503639	44503639	-1
GPBAR1	chr2	218259496	218263861	218259496	1
GPBP1	chr5	57173821	57265668	57173821	1
GPBP1L1	chr1	45627284	45688408	45688408	-1
GPC1	chr2	240435434	240468115	240435434	1
GPC2	chr7	100169602	100177389	100177389	-1
GPC3	chrX	133535745	133987100	133987100	-1
GPC4	chrX	133298158	133416214	133416214	-1
GPC5	chr13	91398585	92873682	91398585	1
GPC6	chr13	93226807	94408020	93226807	1
GPCPD1	chr20	5544404	5611058	5611058	-1
GPD1	chr12	50103982	50129648	50103982	1
GPD1L	chr3	32105689	32168715	32105689	1
GPD2	chr2	156435290	156614702	156435290	1
GPER1	chr7	1082208	1094516	1082208	1
GPHA2	chr11	64934471	64935894	64935894	-1
GPHB5	chr14	63312835	63318935	63318935	-1
GPHN	chr14	66507407	67181806	66507407	1
GPI	chr19	34359480	34402413	34359480	1
GPIHBP1	chr8	143213019	143217172	143213019	1
GPKOW	chrX	49112941	49123750	49123750	-1
GPLD1	chr6	24418076	24495205	24495205	-1
GPM6A	chr4	175632240	176003069	176003069	-1
GPM6B	chrX	13770691	13938838	13938838	-1
GPN1	chr2	27628247	27652152	27628247	1
GPN2	chr1	26876132	26890283	26890283	-1
GPN3	chr12	110452473	110469268	110469268	-1
GPNMB	chr7	23235967	23275111	23235967	1
GPR101	chrX	137023929	137033995	137033995	-1
GPR107	chr9	130053426	130140169	130053426	1
GPR108	chr19	6729914	6737665	6737665	-1
GPR119	chrX	130379449	130385674	130385674	-1
GPR12	chr13	26755200	26761028	26761028	-1
GPR132	chr14	105048658	105065940	105065940	-1
GPR135	chr14	59429022	59465380	59465380	-1
GPR137	chr11	64270062	64290690	64270062	1
GPR137B	chr1	236142148	236253151	236142148	1
GPR137C	chr14	52552823	52637713	52552823	1
GPR139	chr16	20028239	20073890	20073890	-1
GPR141	chr7	37683721	37833788	37683721	1
GPR142	chr17	74367458	74372600	74367458	1
GPR143	chrX	9724039	9786297	9786297	-1
GPR146	chr7	1044537	1059275	1044537	1
GPR148	chr2	130729070	130730336	130729070	1
GPR149	chr3	154334943	154430190	154430190	-1
GPR15	chr3	98531978	98534681	98531978	1
GPR150	chr5	95620087	95622142	95620087	1
GPR151	chr5	146513144	146516190	146516190	-1
GPR152	chr11	67451301	67452729	67452729	-1
GPR153	chr1	6247347	6261104	6261104	-1
GPR155	chr2	174431571	174487150	174487150	-1
GPR156	chr3	120164645	120285426	120285426	-1
GPR157	chr1	9100305	9129200	9129200	-1
GPR158	chr10	25174734	25602229	25174734	1
GPR15LG	chr10	84173759	84185294	84173759	1
GPR160	chr3	170037451	170089944	170037451	1
GPR161	chr1	168079542	168137685	168137685	-1
GPR162	chr12	6821624	6829972	6821624	1
GPR17	chr2	127645864	127656181	127645864	1
GPR171	chr3	151197832	151203216	151203216	-1
GPR173	chrX	53048783	53080615	53048783	1
GPR174	chrX	79144664	79175318	79144664	1
GPR176	chr15	39799003	39920976	39920976	-1
GPR179	chr17	38324571	38343956	38343956	-1
GPR18	chr13	99254731	99261744	99261744	-1
GPR180	chr13	94601788	94653091	94601788	1
GPR183	chr13	99291820	99307474	99307474	-1
GPR19	chr12	12660047	12715990	12715990	-1
GPR20	chr8	141356470	141367291	141367291	-1
GPR21	chr9	123033650	123038690	123033650	1
GPR22	chr7	107470018	107478011	107470018	1
GPR25	chr1	200872981	200874178	200872981	1
GPR26	chr10	123666355	123697399	123666355	1
GPR27	chr3	71753855	71756496	71753855	1
GPR3	chr1	27392614	27395814	27392614	1
GPR31	chr6	167155247	167157980	167157980	-1
GPR32	chr19	50770464	50771732	50770464	1
GPR33	chr14	31482875	31488039	31488039	-1
GPR34	chrX	41688968	41699620	41688968	1
GPR35	chr2	240605404	240633159	240605404	1
GPR37	chr7	124743885	124766099	124766099	-1
GPR37L1	chr1	202122853	202133592	202122853	1
GPR39	chr2	132416805	132646582	132416805	1
GPR4	chr19	45588565	45602556	45602556	-1
GPR42	chr19	35371068	35372962	35371068	1
GPR45	chr2	105241743	105243467	105241743	1
GPR50	chrX	151176584	151181465	151176584	1
GPR52	chr1	174447964	174449545	174447964	1
GPR55	chr2	230907318	230961066	230961066	-1
GPR6	chr6	109978256	109980765	109978256	1
GPR61	chr1	109539872	109548406	109539872	1
GPR62	chr3	51955381	51957499	51955381	1
GPR63	chr6	96794125	96838150	96838150	-1
GPR65	chr14	88005129	88014811	88005129	1
GPR68	chr14	91232530	91264777	91264777	-1
GPR75	chr2	53852752	53860160	53860160	-1
GPR78	chr4	8558725	8619761	8558725	1
GPR82	chrX	41724175	41730130	41724175	1
GPR83	chr11	94377316	94401428	94401428	-1
GPR84	chr12	54362445	54364493	54364493	-1
GPR85	chr7	113078331	113087778	113087778	-1
GPR87	chr3	151294086	151316820	151316820	-1
GPR88	chr1	100538105	100542021	100538105	1
GPR89A	chr1	145607975	145671421	145607975	1
GPR89B	chr1	147928322	147993850	147928322	1
GPRASP1	chrX	102650345	102659083	102650345	1
GPRASP2	chrX	102712056	102718761	102712056	1
GPRASP3	chrX	102720688	102753540	102720688	1
GPRC5A	chr12	12890782	12917937	12890782	1
GPRC5B	chr16	19856691	19886173	19886173	-1
GPRC5C	chr17	74424851	74459120	74424851	1
GPRC5D	chr12	12940575	12952216	12952216	-1
GPRC6A	chr6	116792085	116829083	116829083	-1
GPRIN1	chr5	176595802	176610177	176610177	-1
GPRIN2	chr10	46541736	46557569	46557569	-1
GPRIN3	chr4	89236383	89308066	89308066	-1
GPS1	chr17	82050691	82058063	82050691	1
GPS2	chr17	7309470	7315564	7315564	-1
GPSM1	chr9	136327425	136359608	136327425	1
GPSM2	chr1	108875350	108934545	108875350	1
GPSM3	chr6	32190766	32195523	32195523	-1
GPT	chr8	144502608	144507494	144502608	1
GPT2	chr16	46882857	46931299	46882857	1
GPX1	chr3	49357174	49358605	49358605	-1
GPX2	chr14	64939152	64942746	64942746	-1
GPX3	chr5	151020585	151030769	151020585	1
GPX4	chr19	1103982	1106791	1103982	1
GPX5	chr6	28525881	28534955	28525881	1
GPX6	chr6	28503296	28528215	28528215	-1
GPX7	chr1	52602280	52609143	52602280	1
GPX8	chr5	55160001	55167299	55160001	1
GRAMD1A	chr19	34994537	35027406	34994537	1
GRAMD1B	chr11	123358251	123627774	123358251	1
GRAMD1C	chr3	113828182	113947179	113828182	1
GRAMD2A	chr15	72159806	72197830	72197830	-1
GRAMD2B	chr5	126360132	126498600	126360132	1
GRAMD4	chr22	46575636	46682755	46575636	1
GRAP	chr17	19020656	19047143	19047143	-1
GRAP2	chr22	39901084	39973721	39901084	1
GRAPL	chr17	19127535	19162274	19127535	1
GRB10	chr7	50590063	50793486	50793486	-1
GRB14	chr2	164491247	164622472	164622472	-1
GRB2	chr17	75318072	75405720	75405720	-1
GRB7	chr17	39737490	39747292	39737490	1
GREB1	chr2	11482341	11642789	11482341	1
GREB1L	chr18	21242200	21526112	21242200	1
GREM1	chr15	32716998	32745106	32716998	1
GREM2	chr1	240489573	240612162	240612162	-1
GREP1	chr16	2988256	3002295	2988256	1
GRHL1	chr2	9951678	10002355	9951678	1
GRHL2	chr8	101492421	101669727	101492421	1
GRHL3	chr1	24199558	24364482	24199558	1
GRHPR	chr9	37422660	37463037	37422660	1
GRIA1	chr5	153489615	153813869	153489615	1
GRIA2	chr4	157204182	157387146	157204182	1
GRIA3	chrX	123184023	123490915	123184023	1
GRIA4	chr11	105609535	105982090	105609535	1
GRID1	chr10	85599552	86366809	86366809	-1
GRID2	chr4	92303966	93810157	92303966	1
GRID2IP	chr7	6496778	6551461	6551461	-1
GRIFIN	chr7	2474728	2476894	2476894	-1
GRIK1	chr21	29536933	29940033	29940033	-1
GRIK2	chr6	100962701	102081622	100962701	1
GRIK3	chr1	36795527	37034533	37034533	-1
GRIK4	chr11	120511709	120988906	120511709	1
GRIK5	chr19	41998315	42070240	42070240	-1
GRIN1	chr9	137138346	137168765	137138346	1
GRIN2A	chr16	9753404	10183495	10183495	-1
GRIN2B	chr12	13437942	13982138	13982138	-1
GRIN2C	chr17	74842022	74861772	74861772	-1
GRIN2D	chr19	48393668	48444931	48393668	1
GRIN3A	chr9	101569352	101738654	101738654	-1
GRIN3B	chr19	1000419	1009732	1000419	1
GRINA	chr8	143990048	143994935	143990048	1
GRIP1	chr12	66347431	67069162	67069162	-1
GRIP2	chr3	14489107	14556075	14556075	-1
GRIPAP1	chrX	48973719	49002265	49002265	-1
GRK1	chr13	113667219	113740559	113667219	1
GRK2	chr11	67266351	67286562	67266351	1
GRK3	chr22	25564432	25729294	25564432	1
GRK4	chr4	2963571	3040760	2963571	1
GRK5	chr10	119207538	119459758	119207538	1
GRK6	chr5	177403204	177442901	177403204	1
GRK7	chr3	141763408	141819352	141763408	1
GRM1	chr6	146027646	146437601	146027646	1
GRM2	chr3	51707057	51718616	51707057	1
GRM3	chr7	86643903	86864884	86643903	1
GRM4	chr6	34018643	34155622	34155622	-1
GRM5	chr11	88504576	89065990	89065990	-1
GRM6	chr5	178977587	178996206	178996206	-1
GRM7	chr3	6770001	7741567	6770001	1
GRM8	chr7	126437159	127253093	127253093	-1
GRN	chr17	44345108	44353106	44345108	1
GRP	chr18	59219984	59230790	59219984	1
GRPEL1	chr4	7058643	7068145	7068145	-1
GRPEL2	chr5	149344995	149356029	149344995	1
GRPR	chrX	16123545	16159474	16123545	1
GRSF1	chr4	70815783	70839957	70839957	-1
GRTP1	chr13	113320007	113364165	113364165	-1
GRWD1	chr19	48445512	48458382	48445512	1
GRXCR1	chr4	42892713	43030658	42892713	1
GRXCR2	chr5	145858521	145937126	145937126	-1
GSAP	chr7	77310483	77416607	77416607	-1
GSC	chr14	94766509	94770128	94770128	-1
GSC2	chr22	19146993	19150292	19150292	-1
GSDMA	chr17	39953263	39977875	39953263	1
GSDMB	chr17	39904595	39919854	39919854	-1
GSDMC	chr8	129748196	129786624	129786624	-1
GSDMD	chr8	143553207	143563062	143553207	1
GSDME	chr7	24698301	24757992	24757992	-1
GSE1	chr16	85169525	85676204	85169525	1
GSG1	chr12	13083532	13103683	13103683	-1
GSG1L	chr16	27787526	28063754	28063754	-1
GSG1L2	chr17	9800608	9822079	9822079	-1
GSK3A	chr19	42226225	42242625	42242625	-1
GSK3B	chr3	119821321	120095712	120095712	-1
GSKIP	chr14	96363452	96388156	96363452	1
GSN	chr9	121201324	121334721	121201324	1
GSPT1	chr16	11868128	11916082	11916082	-1
GSPT2	chrX	51743442	51746232	51743442	1
GSR	chr8	30678061	30727977	30727977	-1
GSS	chr20	34928432	34956027	34956027	-1
GSTA1	chr6	52791118	52804021	52804021	-1
GSTA2	chr6	52747975	52763525	52763525	-1
GSTA3	chr6	52896639	52909701	52909701	-1
GSTA4	chr6	52977948	52995359	52995359	-1
GSTA5	chr6	52831655	52840843	52840843	-1
GSTCD	chr4	105708774	105849570	105708774	1
GSTK1	chr7	143244093	143272483	143244093	1
GSTM1	chr1	109687309	109709552	109687309	1
GSTM2	chr1	109667348	109709552	109667348	1
GSTM3	chr1	109731688	109741038	109741038	-1
GSTM4	chr1	109656069	109665800	109656069	1
GSTM5	chr1	109711746	109776019	109711746	1
GSTO1	chr10	104235356	104267604	104235356	1
GSTO2	chr10	104268873	104304950	104268873	1
GSTP1	chr11	67583523	67592110	67583523	1
GSTT2	chr22	23980058	23983915	23980058	1
GSTT2B	chr22	23957414	23961341	23961341	-1
GSTT4	chr22	23998397	24005453	24005453	-1
GSTZ1	chr14	77320996	77344021	77320996	1
GSX1	chr13	27792483	27794768	27792483	1
GSX2	chr4	54099523	54102498	54099523	1
GTF2A1	chr14	81175452	81221377	81221377	-1
GTF2A1L	chr2	48617798	48733148	48617798	1
GTF2A2	chr15	59638058	59657541	59657541	-1
GTF2B	chr1	88808326	88891944	88891944	-1
GTF2E1	chr3	120742370	120783368	120742370	1
GTF2E2	chr8	30578318	30660846	30660846	-1
GTF2F1	chr19	6379545	6393981	6393981	-1
GTF2F2	chr13	45120440	45284908	45120440	1
GTF2H1	chr11	18322254	18367881	18322254	1
GTF2H2	chr5	71034962	71067723	71067723	-1
GTF2H2C	chr5	69558392	69595221	69558392	1
GTF2H3	chr12	123633739	123662604	123633739	1
GTF2H4	chr6	30907517	30914119	30907517	1
GTF2H5	chr6	158167749	158199344	158167749	1
GTF2I	chr7	74650226	74760706	74650226	1
GTF2IRD1	chr7	74452463	74602619	74452463	1
GTF2IRD2	chr7	74796144	74852471	74852471	-1
GTF2IRD2B	chr7	75091567	75149818	75091567	1
GTF3A	chr13	27424584	27435823	27424584	1
GTF3C1	chr16	27459555	27549960	27549960	-1
GTF3C2	chr2	27324198	27357566	27357566	-1
GTF3C3	chr2	196761062	196799743	196799743	-1
GTF3C4	chr9	132670023	132694953	132670023	1
GTF3C5	chr9	133030675	133058503	133030675	1
GTF3C6	chr6	110958477	110968586	110958477	1
GTPBP1	chr22	38705742	38738299	38705742	1
GTPBP10	chr7	90335223	90391453	90335223	1
GTPBP2	chr6	43605316	43629291	43629291	-1
GTPBP3	chr19	17334920	17342735	17334920	1
GTPBP4	chr10	988409	1020001	988409	1
GTPBP6	chrY	293785	318862	318862	-1
GTPBP8	chr3	112990909	113015877	112990909	1
GTSE1	chr22	46296870	46330810	46296870	1
GTSF1	chr12	54455950	54473602	54473602	-1
GTSF1L	chr20	43726164	43727002	43727002	-1
GUCA1A	chr6	42173364	42181338	42173364	1
GUCA1ANB-GUCA1A	chr6	42155406	42180056	42155406	1
GUCA1B	chr6	42183284	42194956	42194956	-1
GUCA1C	chr3	108907403	108953916	108953916	-1
GUCA2A	chr1	42162690	42164815	42164815	-1
GUCA2B	chr1	42153400	42155820	42153400	1
GUCD1	chr22	24540423	24555942	24555942	-1
GUCY1A1	chr4	155666697	155737059	155666697	1
GUCY1A2	chr11	106674019	107018538	107018538	-1
GUCY1B1	chr4	155758988	155807811	155758988	1
GUCY2C	chr12	14612632	14696652	14696652	-1
GUCY2D	chr17	8002615	8020342	8002615	1
GUCY2F	chrX	109372906	109482086	109482086	-1
GUF1	chr4	44678403	44703060	44678403	1
GUK1	chr1	228139962	228148984	228139962	1
GULP1	chr2	188291105	188595943	188291105	1
GUSB	chr7	65960677	65982704	65982704	-1
GVQW3	chr11	76381303	76414619	76381303	1
GXYLT1	chr12	42081845	42144888	42144888	-1
GXYLT2	chr3	72888032	72978037	72888032	1
GYG1	chr3	148991332	149031775	148991332	1
GYG2	chrX	2828571	2911025	2828571	1
GYPA	chr4	144108904	144140751	144140751	-1
GYPB	chr4	143983268	144019380	144019380	-1
GYPC	chr2	126655839	126696670	126655839	1
GYPE	chr4	143832835	143905563	143905563	-1
GYS1	chr19	48968125	48993349	48993349	-1
GYS2	chr12	21531545	21604951	21604951	-1
GZF1	chr20	23361987	23373084	23361987	1
GZMA	chr5	55102641	55110252	55102641	1
GZMB	chr14	24630954	24634277	24634277	-1
GZMH	chr14	24606480	24609821	24609821	-1
GZMK	chr5	55024249	55034570	55024249	1
GZMM	chr19	544034	549924	544034	1
H1-0	chr22	37805229	37807432	37805229	1
H1-1	chr6	26017032	26017787	26017787	-1
H1-10	chr3	129314771	129316286	129316286	-1
H1-2	chr6	26054760	26056470	26056470	-1
H1-3	chr6	26234212	26234987	26234987	-1
H1-4	chr6	26156329	26157115	26156329	1
H1-5	chr6	27866792	27867588	27867588	-1
H1-6	chr6	26107412	26108135	26108135	-1
H1-7	chr12	48328980	48330279	48328980	1
H1-8	chr3	129543175	129551467	129543175	1
H2AB1	chrX	154884972	154885558	154884972	1
H2AB2	chrX	155380709	155381299	155380709	1
H2AB3	chrX	155459415	155460005	155460005	-1
H2AC1	chr6	25723397	25726562	25726562	-1
H2AC11	chr6	27133043	27135292	27133043	1
H2AC12	chr6	27147106	27147562	27147106	1
H2AC13	chr6	27808173	27808667	27808173	1
H2AC14	chr6	27814302	27814777	27814777	-1
H2AC15	chr6	27835508	27838375	27838375	-1
H2AC16	chr6	27865317	27865798	27865317	1
H2AC17	chr6	27892699	27893185	27893185	-1
H2AC18	chr1	149842218	149842750	149842750	-1
H2AC19	chr1	149851061	149851652	149851061	1
H2AC20	chr1	149886918	149887411	149886918	1
H2AC21	chr1	149887469	149887965	149887965	-1
H2AC25	chr1	228434777	228457873	228457873	-1
H2AC4	chr6	26033092	26033618	26033618	-1
H2AC6	chr6	26124145	26139116	26124145	1
H2AC7	chr6	26198784	26199293	26199293	-1
H2AC8	chr6	26216921	26218515	26216921	1
H2AJ	chr12	14774405	14778002	14774405	1
H2AL1Q	chrX	36719829	36720573	36719829	1
H2AL3	chrX	37994272	37994904	37994272	1
H2AP	chrX	37990779	37991314	37990779	1
H2AX	chr11	119093874	119095465	119095465	-1
H2AZ1	chr4	99948051	99950540	99950540	-1
H2AZ2	chr7	44826791	44848146	44848146	-1
H2BC1	chr6	25726777	25727345	25726777	1
H2BC10	chr6	26272931	26273412	26272931	1
H2BC11	chr6	27087321	27133883	27133883	-1
H2BC12	chr6	27135928	27146863	27146863	-1
H2BC12L	chr21	43565182	43565648	43565182	1
H2BC13	chr6	27805409	27807936	27807936	-1
H2BC14	chr6	27815022	27815489	27815022	1
H2BC15	chr6	27838545	27855879	27838545	1
H2BC17	chr6	27893425	27893891	27893425	1
H2BC18	chr1	149755110	149812374	149812374	-1
H2BC21	chr1	149884459	149886682	149886682	-1
H2BC26	chr1	228458103	228463104	228458103	1
H2BC3	chr6	26042771	26043713	26043713	-1
H2BC4	chr6	26067392	26124016	26124016	-1
H2BC5	chr6	26158122	26171349	26158122	1
H2BC6	chr6	26172059	26184655	26172059	1
H2BC7	chr6	26199516	26199988	26199516	1
H2BC8	chr6	26214570	26217252	26217252	-1
H2BC9	chr6	26251614	26252075	26251614	1
H2BK1	chr7	151207416	151210488	151210488	-1
H2BN1	chr17	32895433	32906586	32895433	1
H2BW1	chrX	104011147	104013708	104013708	-1
H2BW2	chrX	104039956	104042454	104039956	1
H3-3A	chr1	226061571	226073207	226061571	1
H3-3B	chr17	75776434	75785893	75785893	-1
H3-4	chr1	228424845	228425360	228425360	-1
H3-5	chr12	31791185	31792298	31792298	-1
H3-7	chr1	143894544	143905977	143905977	-1
H3C1	chr6	26020451	26021487	26020451	1
H3C10	chr6	27810051	27811300	27810051	1
H3C11	chr6	27871845	27872346	27872346	-1
H3C12	chr6	27890315	27893106	27893106	-1
H3C13	chr1	149813225	149813693	149813693	-1
H3C14	chr1	149840687	149841208	149841208	-1
H3C15	chr1	149852608	149853125	149852608	1
H3C2	chr6	26028850	26032102	26032102	-1
H3C3	chr6	26045384	26045869	26045384	1
H3C4	chr6	26195164	26197286	26197286	-1
H3C6	chr6	26224179	26227476	26224179	1
H3C7	chr6	26250142	26250635	26250635	-1
H3C8	chr6	26270918	26271413	26271413	-1
H3Y1	chr5	17654868	17655849	17655849	-1
H3Y2	chr5	17490967	17492076	17492076	-1
H4C1	chr6	26021649	26022847	26021649	1
H4C11	chr6	27824092	27824480	27824092	1
H4C12	chr6	27830918	27831560	27831560	-1
H4C13	chr6	27873148	27873534	27873534	-1
H4C14	chr1	149832657	149839767	149832657	1
H4C15	chr1	149854045	149861159	149861159	-1
H4C16	chr12	14767999	14771131	14771131	-1
H4C2	chr6	26025802	26027283	26027283	-1
H4C3	chr6	26103933	26104337	26103933	1
H4C4	chr6	26188710	26189112	26189112	-1
H4C5	chr6	26204610	26205021	26204610	1
H4C6	chr6	26240393	26240793	26240393	1
H4C7	chr6	26246611	26246996	26246996	-1
H4C8	chr6	26277609	26285638	26285638	-1
H4C9	chr6	27139282	27140640	27139282	1
H6PD	chr1	9234739	9278217	9234739	1
HAAO	chr2	42765709	42792941	42792941	-1
HABP2	chr10	113550837	113592878	113550837	1
HABP4	chr9	96450098	96491336	96450098	1
HACD1	chr10	17588301	17617566	17617566	-1
HACD2	chr3	123490820	123585193	123585193	-1
HACD3	chr15	65530418	65578353	65530418	1
HACD4	chr9	20993514	21031652	21031652	-1
HACE1	chr6	104728093	104859947	104859947	-1
HACL1	chr3	15554790	15601883	15601883	-1
HACL2	chr19	15114974	15125801	15125801	-1
HADH	chr4	107989683	108035241	107989683	1
HADHA	chr2	26189833	26245044	26245044	-1
HADHB	chr2	26243170	26290473	26243170	1
HAGH	chr16	1795620	1827187	1827187	-1
HAGHL	chr16	726494	735525	726494	1
HAL	chr12	95972662	95996365	95996365	-1
HAMP	chr19	35280716	35285146	35280716	1
HAND1	chr5	154472103	154478356	154478356	-1
HAND2	chr4	173524969	173530229	173530229	-1
HAO1	chr20	7845499	7940539	7940539	-1
HAO2	chr1	119368727	119394258	119368727	1
HAP1	chr17	41717742	41734646	41734646	-1
HAPLN1	chr5	83637805	83723528	83723528	-1
HAPLN2	chr1	156619331	156626590	156619331	1
HAPLN3	chr15	88877289	88895597	88895597	-1
HAPLN4	chr19	19254731	19262827	19262827	-1
HAPSTR1	chr16	9091594	9121635	9091594	1
HAPSTR2	chrX	140091678	140092911	140091678	1
HARBI1	chr11	46601280	46617909	46617909	-1
HARS1	chr5	140673035	140691537	140691537	-1
HARS2	chr5	140691422	140699315	140691422	1
HAS1	chr19	51713106	51723992	51723992	-1
HAS2	chr8	121612116	121641549	121641549	-1
HAS3	chr16	69105641	69121460	69105641	1
HASPIN	chr17	3723903	3726699	3723903	1
HAT1	chr2	171922404	171986773	171922404	1
HAUS1	chr18	46104326	46129589	46104326	1
HAUS2	chr15	42548828	42572263	42548828	1
HAUS3	chr4	2227462	2242190	2242190	-1
HAUS4	chr14	22946228	22957161	22957161	-1
HAUS5	chr19	35612735	35625355	35612735	1
HAUS6	chr9	19053141	19103120	19103120	-1
HAUS7	chrX	153447655	153495529	153495529	-1
HAUS8	chr19	17049729	17075625	17075625	-1
HAVCR1	chr5	157025939	157069396	157069396	-1
HAVCR2	chr5	157085422	157142869	157142869	-1
HAX1	chr1	154272326	154275882	154272326	1
HBA1	chr16	176660	177527	176660	1
HBA2	chr16	172021	173910	172021	1
HBB	chr11	5225464	5229395	5229395	-1
HBD	chr11	5232678	5243698	5243698	-1
HBE1	chr11	5268345	5505652	5505652	-1
HBEGF	chr5	140332843	140346614	140346614	-1
HBG1	chr11	5248204	5249859	5249859	-1
HBG2	chr11	5253188	5505605	5505605	-1
HBM	chr16	153892	166770	153892	1
HBP1	chr7	107168961	107202529	107168961	1
HBQ1	chr16	180437	181181	180437	1
HBS1L	chr6	134958349	135103056	135103056	-1
HBZ	chr16	142728	154503	142728	1
HCAR1	chr12	122726076	122730844	122730844	-1
HCAR2	chr12	122701293	122703357	122703357	-1
HCAR3	chr12	122714756	122716811	122716811	-1
HCCS	chrX	11111299	11123086	11111299	1
HCFC1	chrX	153946434	153972427	153972427	-1
HCFC1R1	chr16	3022625	3024312	3024312	-1
HCFC2	chr12	104064520	104106525	104064520	1
HCK	chr20	32052197	32101857	32052197	1
HCLS1	chr3	121631399	121660927	121660927	-1
HCN1	chr5	45254948	45696498	45696498	-1
HCN2	chr19	589881	617159	589881	1
HCN3	chr1	155277328	155289848	155277328	1
HCN4	chr15	73319859	73368958	73368958	-1
HCRT	chr17	42184060	42185452	42185452	-1
HCRTR1	chr1	31617660	31632518	31617660	1
HCRTR2	chr6	55106460	55282617	55106460	1
HCST	chr19	35899017	35904377	35899017	1
HDAC1	chr1	32291919	32333635	32291919	1
HDAC10	chr22	50245183	50251407	50251407	-1
HDAC11	chr3	13479724	13506424	13479724	1
HDAC2	chr6	113923388	114011308	114011308	-1
HDAC3	chr5	141620766	141637304	141637304	-1
HDAC4	chr2	239048168	239401661	239401661	-1
HDAC5	chr17	44076746	44123702	44123702	-1
HDAC6	chrX	48801372	48824986	48801372	1
HDAC7	chr12	47782722	47833132	47833132	-1
HDAC8	chrX	72329516	72573101	72573101	-1
HDAC9	chr7	18086588	19002416	18086588	1
HDC	chr15	50241947	50265965	50265965	-1
HDDC2	chr6	125219962	125302146	125302146	-1
HDDC3	chr15	90911796	90935196	90935196	-1
HDGF	chr1	156742109	156766925	156766925	-1
HDGFL1	chr6	22569566	22571666	22569566	1
HDGFL2	chr19	4472244	4502225	4472244	1
HDGFL3	chr15	83112738	83208424	83208424	-1
HDHD2	chr18	47076102	47151106	47151106	-1
HDHD3	chr9	113373215	113377473	113377473	-1
HDHD5	chr22	17132107	17165287	17165287	-1
HDLBP	chr2	241227264	241317061	241317061	-1
HDX	chrX	84317874	84502500	84502500	-1
HEATR1	chr1	236540493	236604832	236604832	-1
HEATR3	chr16	50065960	50107272	50065960	1
HEATR4	chr14	73478484	73558947	73558947	-1
HEATR5A	chr14	31290636	31420607	31420607	-1
HEATR5B	chr2	36968383	37084409	37084409	-1
HEATR6	chr17	60041008	60078933	60078933	-1
HEATR9	chr17	35854946	35868891	35868891	-1
HEBP1	chr12	12974867	13000310	13000310	-1
HEBP2	chr6	138403531	138422197	138403531	1
HECA	chr6	139135064	139181921	139135064	1
HECTD1	chr14	31100115	31208381	31208381	-1
HECTD2	chr10	91409280	91514829	91409280	1
HECTD3	chr1	45002540	45011369	45011369	-1
HECTD4	chr12	112160188	112382443	112382443	-1
HECW1	chr7	43112629	43566001	43112629	1
HECW2	chr2	196189099	196593684	196593684	-1
HEG1	chr3	124965710	125056056	125056056	-1
HELB	chr12	66302452	66343643	66302452	1
HELLS	chr10	94545329	94613905	94545329	1
HELQ	chr4	83406976	83455900	83455900	-1
HELT	chr4	185018490	185022065	185018490	1
HELZ	chr17	67070444	67245989	67245989	-1
HELZ2	chr20	63558086	63574239	63574239	-1
HEMGN	chr9	97926791	97944856	97944856	-1
HEMK1	chr3	50567895	50596168	50567895	1
HEMK2	chr21	28872191	28885384	28885384	-1
HENMT1	chr1	108648285	108661526	108661526	-1
HEPACAM	chr11	124919205	124936431	124936431	-1
HEPACAM2	chr7	93188444	93226559	93226559	-1
HEPH	chrX	66162483	66268910	66162483	1
HEPHL1	chr11	94021354	94114208	94021354	1
HEPN1	chr11	124919250	124920677	124919250	1
HERC1	chr15	63608618	63833997	63833997	-1
HERC2	chr15	28111040	28322179	28322179	-1
HERC3	chr4	88523810	88708450	88523810	1
HERC4	chr10	67921899	68075353	68075353	-1
HERC5	chr4	88457086	88506188	88457086	1
HERC6	chr4	88378734	88443098	88378734	1
HERPUD1	chr16	56930815	56946491	56930815	1
HERPUD2	chr7	35632659	35697459	35697459	-1
HES1	chr3	194136139	194138732	194136139	1
HES2	chr1	6412418	6424690	6424690	-1
HES3	chr1	6241481	6246656	6241481	1
HES4	chr1	998962	1000825	1000825	-1
HES5	chr1	2528745	2530271	2530271	-1
HES6	chr2	238237903	238240680	238240680	-1
HES7	chr17	8120592	8124114	8124114	-1
HESX1	chr3	57182073	57227621	57227621	-1
HEXA	chr15	72340919	72376420	72376420	-1
HEXB	chr5	74640023	74722647	74640023	1
HEXD	chr17	82418318	82442647	82418318	1
HEXIM1	chr17	45148475	45152099	45148475	1
HEXIM2	chr17	45160695	45170701	45160695	1
HEY1	chr8	79762371	79767857	79767857	-1
HEY2	chr6	125747664	125763049	125747664	1
HEYL	chr1	39608861	39639686	39639686	-1
HFE	chr6	26087226	26098343	26087226	1
HFM1	chr1	91260761	91404856	91404856	-1
HGD	chr3	120628165	120682398	120682398	-1
HGF	chr7	81699010	81770438	81770438	-1
HGFAC	chr4	3441924	3449493	3441924	1
HGH1	chr8	144137774	144140851	144137774	1
HGS	chr17	81683326	81703138	81683326	1
HGSNAT	chr8	43140374	43202855	43140374	1
HHAT	chr1	210328252	210677385	210328252	1
HHATL	chr3	42692661	42703260	42703260	-1
HHEX	chr10	92689893	92695647	92689893	1
HHIP	chr4	144645723	144745271	144645723	1
HHIPL1	chr14	99645122	99680569	99645122	1
HHIPL2	chr1	222522258	222548119	222548119	-1
HHLA1	chr8	132061141	132111159	132111159	-1
HHLA2	chr3	108295334	108379814	108295334	1
HIBADH	chr7	27486365	27663013	27663013	-1
HIBCH	chr2	190189735	190344193	190344193	-1
HIC1	chr17	2054154	2063241	2054154	1
HIC2	chr22	21416504	21451463	21416504	1
HID1	chr17	74950739	74973166	74973166	-1
HIF1A	chr14	61695357	61748529	61695357	1
HIF1AN	chr10	100529072	100681896	100529072	1
HIF3A	chr19	46297026	46343433	46297026	1
HIGD1A	chr3	42782904	42804531	42804531	-1
HIGD1B	chr17	44844763	44850480	44844763	1
HIGD1C	chr12	50952538	50970860	50952538	1
HIGD2A	chr5	176388732	176389768	176388732	1
HIGD2B	chr15	72675791	72686621	72686621	-1
HIKESHI	chr11	86302181	86346246	86302181	1
HILPDA	chr7	128455825	128458423	128455825	1
HINFP	chr11	119121509	119136059	119121509	1
HINT1	chr5	131155383	131224468	131224468	-1
HINT2	chr9	35812960	35815354	35815354	-1
HINT3	chr6	125956733	125980315	125956733	1
HIP1	chr7	75533298	75739061	75739061	-1
HIP1R	chr12	122834453	122862961	122834453	1
HIPK1	chr1	113929324	113977869	113929324	1
HIPK2	chr7	139561570	139778016	139778016	-1
HIPK3	chr11	33256672	33357023	33256672	1
HIPK4	chr19	40379271	40390181	40390181	-1
HIRA	chr22	19330185	19447450	19447450	-1
HIRIP3	chr16	29992314	29996126	29996126	-1
HIVEP1	chr6	12008762	12164999	12008762	1
HIVEP2	chr6	142751467	142956698	142956698	-1
HIVEP3	chr1	41506365	42035925	42035925	-1
HJURP	chr2	233833416	233854672	233854672	-1
HJV	chr1	146017468	146036746	146036746	-1
HK1	chr10	69269984	69403497	69269984	1
HK2	chr2	74834077	74893359	74834077	1
HK3	chr5	176880820	176899437	176899437	-1
HKDC1	chr10	69220292	69267569	69220292	1
HLA-A	chr6	29941260	29949606	29941260	1
HLA-B	chr6	31353195	31367067	31367067	-1
HLA-C	chr6	31268746	31272171	31272171	-1
HLA-DMA	chr6	32948613	32969094	32969094	-1
HLA-DMB	chr6	32929338	32941490	32941490	-1
HLA-DOA	chr6	33004178	33009617	33009617	-1
HLA-DOB	chr6	32812763	32820466	32820466	-1
HLA-DPA1	chr6	33064569	33080781	33080781	-1
HLA-DPB1	chr6	33073786	33091655	33073786	1
HLA-DQA1	chr6	32628179	32659533	32628179	1
HLA-DQA2	chr6	32741391	32747198	32741391	1
HLA-DQB1	chr6	32640622	32668383	32668383	-1
HLA-DQB2	chr6	32756094	32763563	32763563	-1
HLA-DRA	chr6	32439870	32445181	32439870	1
HLA-DRB1	chr6	32577902	32589848	32589848	-1
HLA-DRB5	chr6	32516622	32530369	32530369	-1
HLA-E	chr6	30489495	30494205	30489495	1
HLA-F	chr6	29722738	29740358	29722738	1
HLA-G	chr6	29826967	29831130	29826967	1
HLCS	chr21	36748626	36990236	36990236	-1
HLF	chr17	55264919	55325187	55264919	1
HLTF	chr3	149030064	149086559	149086559	-1
HLX	chr1	220879431	220886046	220879431	1
HM13	chr20	31514370	31577923	31514370	1
HMBOX1	chr8	28890292	29064764	28890292	1
HMBS	chr11	119084861	119093920	119084861	1
HMCES	chr3	129278441	129306283	129278441	1
HMCN1	chr1	185734371	186190949	185734371	1
HMCN2	chr9	130265746	130434123	130265746	1
HMG20A	chr15	77419830	77496554	77419830	1
HMG20B	chr19	3572692	3579088	3572692	1
HMGA1	chr6	34235618	34246236	34235618	1
HMGA2	chr12	65824224	65966291	65824224	1
HMGB1	chr13	30456704	30618872	30618872	-1
HMGB1P1	chr20	57487959	57495366	57495366	-1
HMGB2	chr4	173331376	173335152	173335152	-1
HMGB3	chrX	150980484	150990776	150980484	1
HMGB4	chr1	33860475	33864791	33860475	1
HMGCL	chr1	23801877	23838620	23838620	-1
HMGCLL1	chr6	55434364	55579197	55579197	-1
HMGCR	chr5	75336329	75364241	75336329	1
HMGCS1	chr5	43287470	43313512	43313512	-1
HMGCS2	chr1	119747979	119769092	119769092	-1
HMGN1	chr21	39342279	39349653	39349653	-1
HMGN2	chr1	26471495	26487537	26471495	1
HMGN3	chr6	79199425	79234862	79234862	-1
HMGN4	chr6	26538200	26546949	26538200	1
HMGN5	chrX	81112915	81202016	81202016	-1
HMGXB3	chr5	150000046	150053148	150000046	1
HMGXB4	chr22	35257452	35295807	35257452	1
HMHB1	chr5	143812147	143820716	143812147	1
HMMR	chr5	163460203	163491945	163460203	1
HMOX1	chr22	35380361	35394214	35380361	1
HMOX2	chr16	4474246	4510663	4474246	1
HMSD	chr18	63949277	63981774	63949277	1
HMX1	chr4	8846076	8872012	8872012	-1
HMX2	chr10	123142401	123150672	123142401	1
HMX3	chr10	123135957	123139423	123135957	1
HNF1A	chr12	120978543	121002512	120978543	1
HNF1B	chr17	37686431	37745095	37745095	-1
HNF4A	chr20	44355439	44432845	44355439	1
HNF4G	chr8	75407914	75566840	75407914	1
HNMT	chr2	137963988	138016818	137963988	1
HNRNPA0	chr5	137745651	137754363	137754363	-1
HNRNPA1	chr12	54280193	54287088	54280193	1
HNRNPA1L2	chr13	52642431	52643773	52642431	1
HNRNPA1L3	chr16	51553436	51647132	51553436	1
HNRNPA2B1	chr7	26169261	26201529	26201529	-1
HNRNPA3	chr2	177212587	177226106	177212587	1
HNRNPAB	chr5	178204479	178216389	178204479	1
HNRNPC	chr14	21207375	21269792	21269792	-1
HNRNPCL1	chr1	12847377	12848720	12848720	-1
HNRNPCL2	chr1	13115488	13116854	13116854	-1
HNRNPCL3	chr1	13060769	13062878	13060769	1
HNRNPCL4	chr1	13163914	13165631	13165631	-1
HNRNPD	chr4	82350776	82374543	82374543	-1
HNRNPDL	chr4	82422565	82430494	82430494	-1
HNRNPF	chr10	43385206	43437095	43437095	-1
HNRNPH1	chr5	179614170	179634784	179634784	-1
HNRNPH2	chrX	101408114	101414778	101408114	1
HNRNPH3	chr10	68331174	68344002	68331174	1
HNRNPK	chr9	83966674	83981586	83981586	-1
HNRNPL	chr19	38836370	38852347	38852347	-1
HNRNPLL	chr2	38561891	38603586	38603586	-1
HNRNPM	chr19	8444767	8489118	8444767	1
HNRNPR	chr1	23303771	23344658	23344658	-1
HNRNPU	chr1	244840638	244864574	244864574	-1
HNRNPUL1	chr19	41262496	41307787	41262496	1
HNRNPUL2	chr11	62712630	62727637	62727637	-1
HNRNPUL2-BSCL2	chr11	62690275	62727384	62727384	-1
HOATZ	chr11	111514763	111537043	111514763	1
HOGA1	chr10	97584323	97613829	97584323	1
HOMER1	chr5	79372124	79514573	79514573	-1
HOMER2	chr15	82834664	82986153	82986153	-1
HOMER3	chr19	18929201	18941728	18941728	-1
HOMEZ	chr14	23258697	23299796	23299796	-1
HOOK1	chr1	59814786	59876370	59814786	1
HOOK2	chr19	12762640	12872740	12872740	-1
HOOK3	chr8	42896499	43030535	42896499	1
HOPX	chr4	56647195	56681877	56681877	-1
HORMAD1	chr1	150698059	150720895	150720895	-1
HORMAD2	chr22	30080444	30211427	30080444	1
HOXA1	chr7	27092993	27096039	27096039	-1
HOXA10	chr7	27170592	27180261	27180261	-1
HOXA10-HOXA9	chr7	27162438	27180239	27180239	-1
HOXA11	chr7	27181157	27185253	27185253	-1
HOXA13	chr7	27193503	27200091	27200091	-1
HOXA2	chr7	27099978	27102686	27102686	-1
HOXA3	chr7	27106184	27152610	27152610	-1
HOXA4	chr7	27127887	27130780	27130780	-1
HOXA5	chr7	27141052	27143719	27143719	-1
HOXA6	chr7	27144103	27150603	27150603	-1
HOXA7	chr7	27153716	27157936	27157936	-1
HOXA9	chr7	27162438	27175180	27175180	-1
HOXB1	chr17	48528526	48531011	48531011	-1
HOXB13	chr17	48724750	48729076	48729076	-1
HOXB2	chr17	48540894	48545115	48545115	-1
HOXB3	chr17	48548870	48604912	48604912	-1
HOXB4	chr17	48575507	48578429	48578429	-1
HOXB5	chr17	48591257	48594179	48594179	-1
HOXB6	chr17	48595525	48605011	48605011	-1
HOXB7	chr17	48607222	48633572	48633572	-1
HOXB8	chr17	48611377	48618003	48618003	-1
HOXB9	chr17	48621156	48626576	48626576	-1
HOXC10	chr12	53985065	53990279	53985065	1
HOXC11	chr12	53973126	53977643	53973126	1
HOXC12	chr12	53954903	53958956	53954903	1
HOXC13	chr12	53938718	53946544	53938718	1
HOXC4	chr12	54015897	54056030	54015897	1
HOXC5	chr12	54033048	54035361	54033048	1
HOXC6	chr12	53990624	54030823	53990624	1
HOXC8	chr12	54008911	54012769	54008911	1
HOXC9	chr12	53994895	54003337	53994895	1
HOXD1	chr2	176188659	176190926	176188659	1
HOXD10	chr2	176108790	176119937	176108790	1
HOXD11	chr2	176104216	176109754	176104216	1
HOXD12	chr2	176099795	176102489	176099795	1
HOXD13	chr2	176092690	176096240	176092690	1
HOXD3	chr2	176136078	176174483	176136078	1
HOXD4	chr2	176151545	176156078	176151545	1
HOXD8	chr2	176129328	176132695	176129328	1
HOXD9	chr2	176121229	176127570	176121229	1
HP	chr16	72054478	72061071	72054478	1
HP1BP3	chr1	20738101	20787339	20787339	-1
HPCA	chr1	32881498	32898441	32881498	1
HPCAL1	chr2	10297410	10427835	10297410	1
HPCAL4	chr1	39678648	39691718	39691718	-1
HPD	chr12	121839120	121863596	121863596	-1
HPDL	chr1	45326895	45328710	45326895	1
HPF1	chr4	169729465	169757972	169757972	-1
HPGD	chr4	174453668	174523154	174523154	-1
HPGDS	chr4	94298507	94342876	94342876	-1
HPN	chr19	35040506	35066592	35040506	1
HPR	chr16	72063148	72077246	72063148	1
HPRT1	chrX	134460139	134527168	134460139	1
HPS1	chr10	98410939	98446966	98446966	-1
HPS3	chr3	149129602	149173732	149129602	1
HPS4	chr22	26442598	26483931	26483931	-1
HPS5	chr11	18278668	18322523	18322523	-1
HPS6	chr10	102065349	102068036	102065349	1
HPSE	chr4	83292461	83335153	83335153	-1
HPSE2	chr10	98457077	99235878	99235878	-1
HPX	chr11	6426176	6442617	6442617	-1
HR	chr8	22114042	22133393	22133393	-1
HRAS	chr11	532242	537343	537343	-1
HRC	chr19	49151014	49155441	49155441	-1
HRCT1	chr9	35906202	35907136	35906202	1
HRG	chr3	186660216	186678452	186660216	1
HRH1	chr3	11137093	11263731	11137093	1
HRH2	chr5	175657677	175710756	175657677	1
HRH3	chr20	62214960	62220303	62220303	-1
HRH4	chr18	24460631	24480794	24460631	1
HRK	chr12	116856144	116881447	116881447	-1
HRNR	chr1	152212076	152224193	152224193	-1
HROB	chr17	44141903	44162481	44141903	1
HRURF	chr8	22130458	22131010	22131010	-1
HS1BP3	chr2	20560448	20651158	20651158	-1
HS2ST1	chr1	86914617	87110761	86914617	1
HS3ST1	chr4	11393150	11429564	11429564	-1
HS3ST2	chr16	22814162	23012184	22814162	1
HS3ST3A1	chr17	13493168	13601956	13601956	-1
HS3ST3B1	chr17	14301025	14349404	14301025	1
HS3ST4	chr16	25691959	26137685	25691959	1
HS3ST5	chr6	114055093	114343209	114343209	-1
HS3ST6	chr16	1911475	1918415	1918415	-1
HS6ST1	chr2	128236716	128319093	128319093	-1
HS6ST2	chrX	132626015	132961395	132961395	-1
HS6ST3	chr13	96090099	96839562	96090099	1
HSBP1	chr16	83719311	83819737	83719311	1
HSBP1L1	chr18	79964582	79970823	79964582	1
HSCB	chr22	28742012	28757525	28742012	1
HSD11B1	chr1	209686174	209745624	209686174	1
HSD11B1L	chr19	5680604	5688524	5680604	1
HSD11B2	chr16	67430652	67437553	67430652	1
HSD17B1	chr17	42552920	42555217	42552920	1
HSD17B10	chrX	53431258	53434403	53434403	-1
HSD17B11	chr4	87336162	87391223	87391223	-1
HSD17B12	chr11	43680509	43857741	43680509	1
HSD17B13	chr4	87301953	87322948	87322948	-1
HSD17B14	chr19	48813014	48837064	48837064	-1
HSD17B2	chr16	82008119	82098534	82008119	1
HSD17B3	chr9	96235306	96302219	96302219	-1
HSD17B4	chr5	119452465	119637199	119452465	1
HSD17B6	chr12	56751817	56788409	56751817	1
HSD17B7	chr1	162790522	162814371	162790522	1
HSD17B8	chr6	33204631	33206831	33204631	1
HSD3B1	chr1	119493057	119529426	119493057	1
HSD3B2	chr1	119413725	119453802	119413725	1
HSD3B7	chr16	30985029	30989154	30985029	1
HSDL1	chr16	84122133	84145214	84145214	-1
HSDL2	chr9	112380019	112485184	112380019	1
HSF1	chr8	144291521	144314729	144291521	1
HSF2	chr6	122399533	122433219	122399533	1
HSF2BP	chr21	43529186	43659524	43659524	-1
HSF4	chr16	67164681	67169945	67164681	1
HSF5	chr17	58420167	58488408	58488408	-1
HSFX1	chrX	149774068	149776867	149774068	1
HSFX2	chrX	149592512	149595314	149595314	-1
HSFX3	chrX	149548210	149549924	149549924	-1
HSFX4	chrX	149929573	149931287	149929573	1
HSFY1	chrY	18546691	18588963	18546691	1
HSFY2	chrY	18731440	18773735	18773735	-1
HSH2D	chr19	16134028	16158575	16134028	1
HSP90AA1	chr14	102080738	102139773	102139773	-1
HSP90AB1	chr6	44237395	44253888	44237395	1
HSP90B1	chr12	103930107	103955906	103930107	1
HSPA12A	chr10	116671192	116850251	116850251	-1
HSPA12B	chr20	3730248	3753553	3730248	1
HSPA13	chr21	14368767	14383484	14383484	-1
HSPA14	chr10	14838164	14871852	14838164	1
HSPA1A	chr6	31815543	31817994	31815543	1
HSPA1B	chr6	31827738	31830254	31827738	1
HSPA1L	chr6	31809619	31815788	31815788	-1
HSPA2	chr14	64535905	64546173	64535905	1
HSPA4	chr5	133051942	133106449	133051942	1
HSPA4L	chr4	127781821	127840733	127781821	1
HSPA5	chr9	125234740	125261715	125261715	-1
HSPA6	chr1	161524540	161526894	161524540	1
HSPA8	chr11	123057485	123063230	123063230	-1
HSPA9	chr5	138553756	138575675	138575675	-1
HSPB1	chr7	76302666	76305813	76302666	1
HSPB2	chr11	111912159	111915098	111912159	1
HSPB2-C11orf52	chr11	111912736	111926871	111912736	1
HSPB3	chr5	54455699	54456377	54455699	1
HSPB6	chr19	35754566	35758079	35758079	-1
HSPB7	chr1	16014018	16020597	16020597	-1
HSPB8	chr12	119171555	119224855	119171555	1
HSPB9	chr17	42122804	42123352	42122804	1
HSPBAP1	chr3	122719877	122795035	122795035	-1
HSPBP1	chr19	55262219	55280930	55280930	-1
HSPD1	chr2	197485928	197516737	197516737	-1
HSPE1	chr2	197500110	197513408	197500110	1
HSPE1-MOB4	chr2	197500413	197550726	197500413	1
HSPG2	chr1	21820593	21937318	21937318	-1
HSPH1	chr13	31134876	31162388	31162388	-1
HTATIP2	chr11	20355910	20384272	20355910	1
HTATSF1	chrX	136496928	136513533	136496928	1
HTD2	chr3	58306239	58324695	58306239	1
HTN1	chr4	70050438	70058848	70050438	1
HTN3	chr4	70028453	70036538	70028453	1
HTR1A	chr5	63957874	63962507	63962507	-1
HTR1B	chr6	77460924	77463491	77463491	-1
HTR1D	chr1	23190178	23217547	23217547	-1
HTR1E	chr6	86936662	87019942	86936662	1
HTR1F	chr3	87792548	87993839	87792548	1
HTR2A	chr13	46831546	46897091	46897091	-1
HTR2B	chr2	231108230	231125103	231125103	-1
HTR2C	chrX	114584073	114910074	114584073	1
HTR3A	chr11	113975075	113990313	113975075	1
HTR3B	chr11	113904796	113949079	113904796	1
HTR3C	chr3	184053047	184060673	184053047	1
HTR3D	chr3	184031544	184039369	184031544	1
HTR3E	chr3	184097064	184106995	184097064	1
HTR4	chr5	148446042	148677235	148677235	-1
HTR5A	chr7	155070319	155087392	155070319	1
HTR6	chr1	19664837	19680966	19664837	1
HTR7	chr10	90740805	90858218	90858218	-1
HTRA1	chr10	122458551	122516001	122458551	1
HTRA2	chr2	74529274	74533966	74529274	1
HTRA3	chr4	8269732	8307118	8269732	1
HTRA4	chr8	38974144	38988663	38974144	1
HTT	chr4	3041363	3243957	3041363	1
HUNK	chr21	31872805	32044633	31872805	1
HUS1	chr7	47961882	47979682	47979682	-1
HUS1B	chr6	655939	657100	657100	-1
HUWE1	chrX	53532096	53686752	53686752	-1
HVCN1	chr12	110627836	110704950	110704950	-1
HYAL1	chr3	50299883	50312890	50312890	-1
HYAL2	chr3	50313396	50324687	50324687	-1
HYAL3	chr3	50292830	50299437	50299437	-1
HYAL4	chr7	123828955	123877481	123828955	1
HYCC1	chr7	22889371	23014148	23014148	-1
HYCC2	chr2	200966317	201071700	201071700	-1
HYDIN	chr16	70802084	71230735	71230735	-1
HYI	chr1	43450597	43453999	43453999	-1
HYKK	chr15	78507383	78537657	78507383	1
HYLS1	chr11	125883614	125900846	125883614	1
HYOU1	chr11	119044185	119057252	119057252	-1
HYPK	chr15	43796142	43804574	43796142	1
IAH1	chr2	9473658	9500587	9473658	1
IAPP	chr12	21354959	21379980	21354959	1
IARS1	chr9	92210199	92293854	92293854	-1
IARS2	chr1	220094086	220148043	220094086	1
IBA57	chr1	228165777	228182257	228165777	1
IBSP	chr4	87799546	87813329	87799546	1
IBTK	chr6	82169984	82247776	82247776	-1
ICA1	chr7	8113181	8262693	8262693	-1
ICA1L	chr2	202773150	202872103	202872103	-1
ICAM1	chr19	10271093	10286617	10271093	1
ICAM2	chr17	64002594	64020640	64020640	-1
ICAM3	chr19	10333776	10339847	10339847	-1
ICAM4	chr19	10286946	10288522	10286946	1
ICAM5	chr19	10289940	10296778	10289940	1
ICE1	chr5	5420664	5490220	5420664	1
ICE2	chr15	60419608	60479160	60479160	-1
ICMT	chr1	6221193	6235997	6235997	-1
ICOS	chr2	203936757	203961577	203936757	1
ICOSLG	chr21	44215382	44241446	44241446	-1
ID1	chr20	31573010	31606730	31573010	1
ID2	chr2	8678845	8684461	8678845	1
ID3	chr1	23557440	23560586	23560586	-1
ID4	chr6	19837236	19842197	19837236	1
IDE	chr10	92451684	92574096	92574096	-1
IDH1	chr2	208236224	208266095	208266095	-1
IDH2	chr15	90083045	90102511	90102511	-1
IDH3A	chr15	78131498	78171945	78131498	1
IDH3B	chr20	2658393	2664219	2664219	-1
IDH3G	chrX	153785735	153794535	153794535	-1
IDI1	chr10	1037732	1049364	1049364	-1
IDI2	chr10	1018908	1025861	1025861	-1
IDNK	chr9	83623049	83644138	83623049	1
IDO1	chr8	39902275	39928888	39902275	1
IDO2	chr8	39934614	40016392	39934614	1
IDS	chrX	149476988	149521096	149521096	-1
IDUA	chr4	986997	1008344	986997	1
IER2	chr19	13150403	13156981	13150403	1
IER3	chr6	30743199	30744555	30744555	-1
IER3IP1	chr18	47152834	47176381	47176381	-1
IER5	chr1	181088700	181092900	181088700	1
IER5L	chr9	129175552	129178261	129178261	-1
IFFO1	chr12	6538961	6556102	6556102	-1
IFFO2	chr1	18904280	18956676	18956676	-1
IFI16	chr1	158999938	159055156	158999938	1
IFI27	chr14	94104836	94116700	94104836	1
IFI27L1	chr14	94081271	94103846	94081271	1
IFI27L2	chr14	94125580	94130253	94130253	-1
IFI30	chr19	18173150	18178122	18173150	1
IFI35	chr17	43006740	43014638	43006740	1
IFI44	chr1	78647078	78664412	78647078	1
IFI44L	chr1	78619902	78646145	78619902	1
IFI6	chr1	27666064	27672212	27672212	-1
IFIH1	chr2	162267074	162318684	162318684	-1
IFIT1	chr10	89392546	89406487	89392546	1
IFIT1B	chr10	89378050	89385205	89378050	1
IFIT2	chr10	89283694	89309271	89283694	1
IFIT3	chr10	89327307	89377473	89327307	1
IFIT5	chr10	89414568	89421605	89414568	1
IFITM1	chr11	309997	315275	309997	1
IFITM10	chr11	1732406	1750607	1750607	-1
IFITM2	chr11	303655	309410	303655	1
IFITM3	chr11	309010	329475	329475	-1
IFITM5	chr11	298200	299533	299533	-1
IFNA1	chr9	21440439	21441316	21440439	1
IFNA10	chr9	21206181	21207143	21207143	-1
IFNA13	chr9	21367372	21368057	21368057	-1
IFNA14	chr9	21239002	21240005	21240005	-1
IFNA16	chr9	21216373	21217311	21217311	-1
IFNA17	chr9	21227243	21228222	21228222	-1
IFNA2	chr9	21384255	21385398	21385398	-1
IFNA21	chr9	21165637	21166660	21166660	-1
IFNA4	chr9	21186618	21187587	21187587	-1
IFNA5	chr9	21304326	21305313	21305313	-1
IFNA6	chr9	21350253	21350956	21350956	-1
IFNA7	chr9	21201469	21202205	21202205	-1
IFNA8	chr9	21409117	21410185	21409117	1
IFNAR1	chr21	33324387	33359864	33324387	1
IFNAR2	chr21	33205282	33265675	33205282	1
IFNAR2-IL10RB	chr21	33229892	33297160	33229892	1
IFNB1	chr9	21077104	21077942	21077942	-1
IFNE	chr9	21480839	21482313	21482313	-1
IFNG	chr12	68154768	68159748	68159748	-1
IFNGR1	chr6	137197483	137219449	137219449	-1
IFNGR2	chr21	33403205	33479348	33403205	1
IFNK	chr9	27524290	27526498	27524290	1
IFNL1	chr19	39296407	39298673	39296407	1
IFNL2	chr19	39268396	39270188	39268396	1
IFNL3	chr19	39243455	39245250	39245250	-1
IFNL4	chr19	39246314	39248856	39248856	-1
IFNLR1	chr1	24154168	24187959	24187959	-1
IFNW1	chr9	21140632	21141832	21141832	-1
IFRD1	chr7	112422887	112481017	112422887	1
IFRD2	chr3	50286003	50292918	50292918	-1
IFT122	chr3	129429607	129520510	129429607	1
IFT140	chr16	1510427	1612082	1612082	-1
IFT172	chr2	27444374	27489839	27489839	-1
IFT20	chr17	28328319	28335489	28335489	-1
IFT22	chr7	101310914	101321831	101321831	-1
IFT25	chr1	53911573	53946588	53946588	-1
IFT27	chr22	36741346	36776309	36776309	-1
IFT43	chr14	75902136	76084611	75902136	1
IFT46	chr11	118544381	118572970	118572970	-1
IFT52	chr20	43590895	43647299	43590895	1
IFT56	chr7	139133744	139191986	139133744	1
IFT57	chr3	108160812	108222560	108222560	-1
IFT70A	chr2	177612999	177618742	177618742	-1
IFT70B	chr2	177548998	177552796	177552796	-1
IFT74	chr9	26947039	27066198	26947039	1
IFT80	chr3	160256986	160400357	160400357	-1
IFT81	chr12	110124314	110218795	110124314	1
IFT88	chr13	20566600	20691697	20566600	1
IFTAP	chr11	36594369	36675695	36594369	1
IGBP1	chrX	70133345	70166327	70133345	1
IGBP1C	chr17	58660424	58692055	58692055	-1
IGDCC3	chr15	65327127	65378087	65378087	-1
IGDCC4	chr15	65381479	65423083	65423083	-1
IGF1	chr12	102395874	102481857	102481857	-1
IGF1R	chr15	98648539	98964530	98648539	1
IGF2	chr11	2129112	2158596	2158596	-1
IGF2BP1	chr17	48997225	49056148	48997225	1
IGF2BP2	chr3	185643130	185825309	185825309	-1
IGF2BP3	chr7	23308571	23470833	23470833	-1
IGF2R	chr6	159969033	160113507	159969033	1
IGFALS	chr16	1790227	1794971	1794971	-1
IGFBP1	chr7	45888360	45893660	45888360	1
IGFBP2	chr2	216632828	216664454	216632828	1
IGFBP3	chr7	45912245	45921874	45921874	-1
IGFBP4	chr17	40442913	40460822	40442913	1
IGFBP5	chr2	216672105	216695549	216695549	-1
IGFBP6	chr12	53097436	53102345	53097436	1
IGFBP7	chr4	56986181	57110921	57110921	-1
IGFBPL1	chr9	38406528	38424461	38424461	-1
IGFL1	chr19	46229732	46231243	46229732	1
IGFL2	chr19	46079126	46161298	46079126	1
IGFL3	chr19	46120067	46124698	46124698	-1
IGFL4	chr19	46039182	46077118	46077118	-1
IGFLR1	chr19	35738798	35742459	35742459	-1
IGFN1	chr1	201190824	201228952	201190824	1
IGHMBP2	chr11	68903863	68940602	68903863	1
IGIP	chr5	140125937	140129392	140125937	1
IGLL1	chr22	23573125	23580302	23580302	-1
IGLL5	chr22	22887780	22896111	22887780	1
IGLON5	chr19	51311639	51330891	51311639	1
IGSF1	chrX	131273506	131578899	131578899	-1
IGSF10	chr3	151425384	151461186	151461186	-1
IGSF11	chr3	118900557	119146068	119146068	-1
IGSF21	chr1	18107490	18378483	18107490	1
IGSF22	chr11	18704312	18726230	18726230	-1
IGSF23	chr19	44613563	44636787	44613563	1
IGSF3	chr1	116574393	116667820	116667820	-1
IGSF5	chr21	39745183	39802286	39745183	1
IGSF6	chr16	21639550	21652638	21652638	-1
IGSF8	chr1	160091340	160101109	160101109	-1
IGSF9	chr1	159927039	159949468	159949468	-1
IGSF9B	chr11	133896438	133957022	133957022	-1
IHH	chr2	219054424	219061064	219061064	-1
IHO1	chr3	49198428	49277629	49198428	1
IK	chr5	140647058	140662480	140647058	1
IKBIP	chr12	98613405	98645113	98645113	-1
IKBKB	chr8	42271302	42332460	42271302	1
IKBKE	chr1	206470332	206498687	206470332	1
IKBKG	chrX	154541179	154568543	154541179	1
IKZF1	chr7	50303412	50405101	50303412	1
IKZF2	chr2	212999691	213152427	213152427	-1
IKZF3	chr17	39757715	39864368	39864368	-1
IKZF4	chr12	56007392	56038435	56007392	1
IKZF5	chr10	122985332	123008826	123008826	-1
IL10	chr1	206767602	206774541	206774541	-1
IL10RA	chr11	117986370	118003037	117986370	1
IL10RB	chr21	33265958	33311420	33265958	1
IL11	chr19	55364382	55370463	55370463	-1
IL11RA	chr9	34651582	34661902	34651582	1
IL12A	chr3	159988830	159996019	159988830	1
IL12B	chr5	159314780	159330863	159330863	-1
IL12RB1	chr19	18058995	18098944	18098944	-1
IL12RB2	chr1	67307364	67398724	67307364	1
IL13	chr5	132656263	132661110	132656263	1
IL13RA1	chrX	118727133	118805691	118727133	1
IL13RA2	chrX	115003975	115019977	115019977	-1
IL15	chr4	141580369	141735276	141580369	1
IL15RA	chr10	5943505	5978187	5978187	-1
IL16	chr15	81159575	81314058	81159575	1
IL17A	chr6	52186375	52190638	52186375	1
IL17B	chr5	149371324	149404202	149404202	-1
IL17C	chr16	88638571	88640468	88638571	1
IL17D	chr13	20702127	20723099	20702127	1
IL17F	chr6	52236681	52245689	52245689	-1
IL17RA	chr22	17084934	17115693	17084934	1
IL17RB	chr3	53845673	53873463	53845673	1
IL17RC	chr3	9917040	9933630	9917040	1
IL17RD	chr3	57089982	57170306	57170306	-1
IL17RE	chr3	9902612	9916402	9902612	1
IL17REL	chr22	49991811	50012765	50012765	-1
IL18	chr11	112142701	112164391	112164391	-1
IL18BP	chr11	71998613	72007315	71998613	1
IL18R1	chr2	102311529	102398777	102311529	1
IL18RAP	chr2	102418570	102452567	102418570	1
IL19	chr1	206770764	206842981	206770764	1
IL1A	chr2	112773916	112784500	112784500	-1
IL1B	chr2	112829750	112864235	112864235	-1
IL1F10	chr2	113067970	113075843	113067970	1
IL1R1	chr2	102063933	102179874	102063933	1
IL1R2	chr2	101991798	102029084	101991798	1
IL1RAP	chr3	190487420	190659750	190487420	1
IL1RAPL1	chrX	28587123	29958600	28587123	1
IL1RAPL2	chrX	104566194	105769728	104566194	1
IL1RL1	chr2	102311502	102355365	102311502	1
IL1RL2	chr2	102186965	102240004	102186965	1
IL1RN	chr2	113099315	113134016	113099315	1
IL2	chr4	122451470	122456725	122456725	-1
IL20	chr1	206865621	206869223	206865621	1
IL20RA	chr6	136999971	137045180	137045180	-1
IL20RB	chr3	136946230	137011085	136946230	1
IL21	chr4	122610108	122621066	122621066	-1
IL21R	chr16	27402174	27452050	27402174	1
IL22	chr12	68248242	68253604	68253604	-1
IL22RA1	chr1	24119769	24143301	24143301	-1
IL22RA2	chr6	137143820	137173648	137173648	-1
IL23A	chr12	56334174	56340410	56334174	1
IL23R	chr1	67138907	67265873	67138907	1
IL24	chr1	206897443	206904139	206897443	1
IL25	chr14	23372809	23376403	23372809	1
IL26	chr12	68201349	68225813	68225813	-1
IL27	chr16	28499360	28512051	28512051	-1
IL27RA	chr19	14031644	14053223	14031644	1
IL2RA	chr10	6010689	6062370	6062370	-1
IL2RB	chr22	37118666	37176676	37176676	-1
IL2RG	chrX	71107404	71112108	71112108	-1
IL3	chr5	132060655	132063204	132060655	1
IL31	chr12	122172029	122174221	122174221	-1
IL31RA	chr5	55851357	55922854	55851357	1
IL32	chr16	3064301	3082192	3064301	1
IL33	chr9	6215136	6281596	6215136	1
IL34	chr16	70579868	70661556	70579868	1
IL36A	chr2	113005459	113008044	113005459	1
IL36B	chr2	113022089	113052867	113052867	-1
IL36G	chr2	112973203	112985672	112973203	1
IL36RN	chr2	113058638	113065382	113058638	1
IL37	chr2	112911160	112918882	112911160	1
IL3RA	chrX	1335025	1382689	1335025	1
IL4	chr5	132673986	132682678	132673986	1
IL4I1	chr19	49889654	49929926	49929926	-1
IL4R	chr16	27313462	27365558	27313462	1
IL5	chr5	132541444	132556838	132556838	-1
IL5RA	chr3	3066324	3126613	3126613	-1
IL6	chr7	22725884	22732002	22725884	1
IL6R	chr1	154405141	154469450	154405141	1
IL6ST	chr5	55935095	55995022	55995022	-1
IL7	chr8	78675743	78805527	78805527	-1
IL7R	chr5	35852695	35879603	35852695	1
IL9	chr5	135892246	135895841	135895841	-1
IL9R	chrY	57184171	57199537	57184171	1
ILDR1	chr3	121987322	122022282	122022282	-1
ILDR2	chr1	166895711	166975626	166975626	-1
ILF2	chr1	153661746	153671028	153671028	-1
ILF3	chr19	10654261	10692415	10654261	1
ILK	chr11	6603708	6610874	6603708	1
ILKAP	chr2	238170399	238203761	238203761	-1
ILRUN	chr6	34587281	34696884	34696884	-1
IMMP1L	chr11	31432399	31509656	31509656	-1
IMMP2L	chr7	110662644	111562517	111562517	-1
IMMT	chr2	86142798	86195631	86195631	-1
IMP3	chr15	75639085	75648706	75648706	-1
IMP4	chr2	130342403	130348550	130342403	1
IMPA1	chr8	81656687	81686848	81686848	-1
IMPA2	chr18	11981025	12032177	11981025	1
IMPACT	chr18	24426634	24453537	24426634	1
IMPDH1	chr7	128392277	128410009	128410009	-1
IMPDH2	chr3	49024315	49029452	49029452	-1
IMPG1	chr6	75921114	76072678	76072678	-1
IMPG2	chr3	101222546	101320575	101320575	-1
INA	chr10	103277082	103290351	103277082	1
INAFM1	chr19	47274373	47277755	47274373	1
INAFM2	chr15	40323692	40326715	40323692	1
INAVA	chr1	200890995	200915742	200890995	1
INCA1	chr17	4988130	4999117	4999117	-1
INCENP	chr11	62123985	62155474	62123985	1
INF2	chr14	104681146	104722535	104681146	1
ING1	chr13	110712736	110748944	110712736	1
ING2	chr4	183504754	183516111	183504754	1
ING3	chr7	120950718	120977216	120950718	1
ING4	chr12	6650282	6663180	6663180	-1
ING5	chr2	241687085	241729481	241687085	1
INHA	chr2	219569162	219575711	219569162	1
INHBA	chr7	41667168	41705834	41705834	-1
INHBB	chr2	120344814	120351803	120344814	1
INHBC	chr12	57434700	57452067	57434700	1
INHBE	chr12	57452323	57459280	57452323	1
INIP	chr9	112683926	112718149	112718149	-1
INKA1	chr3	49803228	49805237	49803228	1
INKA2	chr1	111680223	111755824	111755824	-1
INMT	chr7	30697985	30770621	30697985	1
INMT-MINDY4	chr7	30752137	30892081	30752137	1
INO80	chr15	40978880	41116568	41116568	-1
INO80B	chr2	74455078	74457958	74455078	1
INO80B-WBP1	chr2	74455088	74460884	74455088	1
INO80C	chr18	35452230	35498044	35498044	-1
INO80D	chr2	205993721	206086308	206086308	-1
INO80E	chr16	29994983	30005794	29994983	1
INPP1	chr2	190334673	190371665	190334673	1
INPP4A	chr2	98444246	98594392	98444246	1
INPP4B	chr4	142023160	142847432	142847432	-1
INPP5A	chr10	132537766	132783480	132537766	1
INPP5B	chr1	37860696	37947241	37947241	-1
INPP5D	chr2	233059967	233207903	233059967	1
INPP5E	chr9	136428615	136439882	136439882	-1
INPP5F	chr10	119726023	119829968	119726023	1
INPP5J	chr22	31122731	31134697	31122731	1
INPP5K	chr17	1494571	1516759	1516759	-1
INPPL1	chr11	72223524	72239184	72223524	1
INS	chr11	2159779	2161221	2161221	-1
INS-IGF2	chr11	2132538	2161209	2161209	-1
INSC	chr11	15112424	15247208	15112424	1
INSIG1	chr7	155296731	155311963	155296731	1
INSIG2	chr2	118088137	118112313	118088137	1
INSL3	chr19	17816512	17821574	17821574	-1
INSL4	chr9	5231408	5235304	5231408	1
INSL5	chr1	66797740	66801276	66801276	-1
INSL6	chr9	4991978	5185668	5185668	-1
INSM1	chr20	20368104	20370949	20368104	1
INSM2	chr14	35534164	35537054	35534164	1
INSR	chr19	7112255	7294443	7294443	-1
INSRR	chr1	156840063	156859122	156859122	-1
INSYN1	chr15	73735440	73753357	73753357	-1
INSYN2A	chr10	127135426	127196592	127196592	-1
INSYN2B	chr5	169861303	169980507	169980507	-1
INTS1	chr7	1469895	1504418	1504418	-1
INTS10	chr8	19817147	19857714	19817147	1
INTS11	chr1	1311585	1324688	1324688	-1
INTS12	chr4	105682014	105895986	105895986	-1
INTS13	chr12	26904250	26938331	26938331	-1
INTS14	chr15	65578753	65611615	65611615	-1
INTS15	chr7	6589564	6608785	6589564	1
INTS2	chr17	61865367	61928016	61928016	-1
INTS3	chr1	153728050	153774808	153728050	1
INTS4	chr11	77874418	77994874	77994874	-1
INTS5	chr11	62646848	62653316	62653316	-1
INTS6	chr13	51354077	51454264	51454264	-1
INTS6L	chrX	135520616	135582534	135520616	1
INTS7	chr1	211940317	212035572	212035572	-1
INTS8	chr8	94813311	94881746	94813311	1
INTS9	chr8	28760943	28890271	28890271	-1
INTU	chr4	127623271	127726737	127623271	1
INVS	chr9	100098378	100307195	100098378	1
IP6K1	chr3	49724294	49786557	49786557	-1
IP6K2	chr3	48688003	48740353	48740353	-1
IP6K3	chr6	33721314	33750520	33750520	-1
IPCEF1	chr6	154154496	154356832	154356832	-1
IPMK	chr10	58191517	58267960	58267960	-1
IPO11	chr5	62403518	62630484	62403518	1
IPO13	chr1	43946672	43968024	43946672	1
IPO4	chr14	24180043	24188990	24188990	-1
IPO5	chr13	97953658	98024802	97953658	1
IPO7	chr11	9384604	9448127	9384604	1
IPO8	chr12	30628981	30695908	30695908	-1
IPO9	chr1	201829104	201884291	201829104	1
IPP	chr1	45692370	45750805	45750805	-1
IPPK	chr9	92612984	92670278	92670278	-1
IQANK1	chr8	143733510	143790645	143733510	1
IQCB1	chr3	121769398	121835093	121835093	-1
IQCC	chr1	32205638	32208688	32205638	1
IQCE	chr7	2558903	2614733	2558903	1
IQCF1	chr3	51809295	51903369	51903369	-1
IQCF2	chr3	51861615	51863424	51861615	1
IQCF3	chr3	51826883	51833389	51826883	1
IQCF5	chr3	51873721	51875601	51875601	-1
IQCF6	chr3	51778561	51779241	51779241	-1
IQCH	chr15	67254776	67502260	67254776	1
IQCJ	chr3	158962928	159266307	158962928	1
IQCJ-SCHIP1	chr3	158962235	159897358	158962235	1
IQCK	chr16	19716456	19858467	19716456	1
IQCM	chr4	149351709	149896233	149896233	-1
IQCN	chr19	18257098	18274500	18274500	-1
IQGAP1	chr15	90388207	90502239	90388207	1
IQGAP2	chr5	76402933	76708132	76402933	1
IQGAP3	chr1	156525405	156572604	156572604	-1
IQSEC1	chr3	12897043	13283281	13283281	-1
IQSEC2	chrX	53225828	53321396	53321396	-1
IQSEC3	chr12	66756	178455	66756	1
IQUB	chr7	123452169	123535077	123535077	-1
IRAG1	chr11	10573077	10693988	10693988	-1
IRAG2	chr12	25004342	25108489	25004342	1
IRAK1	chrX	154010501	154020650	154020650	-1
IRAK1BP1	chr6	78867482	78995327	78867482	1
IRAK2	chr3	10164862	10243756	10164862	1
IRAK3	chr12	66188995	66254622	66188995	1
IRAK4	chr12	43758938	43798307	43758938	1
IREB2	chr15	78437431	78501453	78437431	1
IRF1	chr5	132440440	132508719	132508719	-1
IRF2	chr4	184385651	184474558	184474558	-1
IRF2BP1	chr19	45883608	45886141	45886141	-1
IRF2BP2	chr1	234602295	234610189	234610189	-1
IRF2BPL	chr14	77024543	77028708	77028708	-1
IRF3	chr19	49659569	49665864	49665864	-1
IRF4	chr6	391739	411443	391739	1
IRF5	chr7	128933429	128950389	128933429	1
IRF6	chr1	209784984	209806217	209806217	-1
IRF7	chr11	612551	615983	615983	-1
IRF8	chr16	85899116	85922606	85899116	1
IRF9	chr14	24161101	24168043	24161101	1
IRGC	chr19	43716076	43720021	43716076	1
IRGM	chr5	150846521	150900736	150846521	1
IRGQ	chr19	43584367	43596150	43596150	-1
IRS1	chr2	226731312	226799850	226799850	-1
IRS2	chr13	109752695	109786634	109786634	-1
IRS4	chrX	108719946	108736563	108736563	-1
IRX1	chr5	3595832	3601408	3595832	1
IRX2	chr5	2741794	2751694	2751694	-1
IRX3	chr16	54283281	54287469	54287469	-1
IRX4	chr5	1877413	1887381	1887381	-1
IRX5	chr16	54930779	54934485	54930779	1
IRX6	chr16	55323974	55330769	55323974	1
ISCA1	chr9	86234717	86283102	86283102	-1
ISCA2	chr14	74493721	74499758	74493721	1
ISCU	chr12	108562549	108569384	108562549	1
ISG15	chr1	1001138	1014540	1001138	1
ISG20	chr15	88635605	88656483	88635605	1
ISG20L2	chr1	156720651	156728836	156728836	-1
ISL1	chr5	51383395	51394744	51383395	1
ISL2	chr15	76336724	76342475	76336724	1
ISLR	chr15	74172414	74176872	74172414	1
ISLR2	chr15	74100311	74138540	74100311	1
ISM1	chr20	13221258	13300651	13221258	1
ISM2	chr14	77474394	77499408	77499408	-1
ISOC1	chr5	129094698	129114130	129094698	1
ISOC2	chr19	55452975	55462343	55462343	-1
IST1	chr16	71845970	71931199	71845970	1
ISX	chr22	35066136	35087392	35066136	1
ISY1	chr3	129127415	129161349	129161349	-1
ISY1-RAB43	chr3	129087575	129161036	129161036	-1
ISYNA1	chr19	18434388	18438309	18438309	-1
ITCH	chr20	34363235	34511773	34363235	1
ITFG1	chr16	47154387	47464149	47464149	-1
ITFG2	chr12	2812622	2862889	2812622	1
ITGA1	chr5	52787621	52961951	52787621	1
ITGA10	chr1	145891206	145910111	145910111	-1
ITGA11	chr15	68296532	68432216	68432216	-1
ITGA2	chr5	52989082	53094779	52989082	1
ITGA2B	chr17	44372177	44389649	44389649	-1
ITGA3	chr17	50055968	50090933	50055968	1
ITGA4	chr2	181457014	181538940	181457014	1
ITGA5	chr12	54395261	54419515	54419515	-1
ITGA6	chr2	172234216	172506565	172234216	1
ITGA7	chr12	55679139	55716404	55716404	-1
ITGA8	chr10	15513954	15720359	15720359	-1
ITGA9	chr3	37452090	37823622	37452090	1
ITGAD	chr16	31393258	31426505	31393258	1
ITGAE	chr17	3714628	3801225	3801225	-1
ITGAL	chr16	30472658	30523567	30472658	1
ITGAM	chr16	31259954	31332892	31259954	1
ITGAV	chr2	186589665	186680901	186589665	1
ITGAX	chr16	31355134	31382999	31355134	1
ITGB1	chr10	32750310	33005792	33005792	-1
ITGB1BP1	chr2	9402707	9423891	9423891	-1
ITGB1BP2	chrX	71301717	71305371	71301717	1
ITGB2	chr21	44885948	44932079	44932079	-1
ITGB3	chr17	47253649	47323218	47253649	1
ITGB3BP	chr1	63320884	63593721	63593721	-1
ITGB4	chr17	75721190	75757821	75721190	1
ITGB5	chr3	124757793	124901418	124901418	-1
ITGB6	chr2	160099661	160271888	160271888	-1
ITGB7	chr12	53191318	53207310	53207310	-1
ITGB8	chr7	20330609	20415754	20330609	1
ITGBL1	chr13	101452434	101721408	101452434	1
ITIH1	chr3	52777559	52792068	52777559	1
ITIH2	chr10	7699386	7758675	7699386	1
ITIH3	chr3	52794450	52809881	52794450	1
ITIH4	chr3	52812918	52831069	52831069	-1
ITIH5	chr10	7559270	7667021	7667021	-1
ITIH6	chrX	54748918	54798255	54798255	-1
ITK	chr5	157142933	157255185	157142933	1
ITLN1	chr1	160876539	160893012	160893012	-1
ITLN2	chr1	160944266	160954889	160954889	-1
ITM2A	chrX	79360384	79367697	79367697	-1
ITM2B	chr13	48232612	48270357	48232612	1
ITM2C	chr2	230864639	230879248	230864639	1
ITPA	chr20	3208868	3227446	3208868	1
ITPK1	chr14	92927110	93116458	93116458	-1
ITPKA	chr15	41493360	41503554	41493360	1
ITPKB	chr1	226611241	226739450	226739450	-1
ITPKC	chr19	40716964	40740860	40716964	1
ITPR1	chr3	4493345	4847518	4493345	1
ITPR2	chr12	26335352	26833239	26833239	-1
ITPR3	chr6	33620331	33696575	33620331	1
ITPRID1	chr7	31514090	31656504	31514090	1
ITPRID2	chr2	181841292	181930738	181841292	1
ITPRIP	chr10	104308501	104338812	104338812	-1
ITPRIPL1	chr2	96324977	96330517	96324977	1
ITPRIPL2	chr16	19113932	19121629	19113932	1
ITSN1	chr21	33642400	33899861	33642400	1
ITSN2	chr2	24202864	24360807	24360807	-1
IVD	chr15	40405485	40435956	40405485	1
IVL	chr1	152908539	152911886	152908539	1
IVNS1ABP	chr1	185292931	185317862	185317862	-1
IWS1	chr2	127436207	127526886	127526886	-1
IYD	chr6	150368892	150405969	150368892	1
IZUMO1	chr19	48740852	48746909	48746909	-1
IZUMO1R	chr11	94304580	94308146	94304580	1
IZUMO2	chr19	50152537	50163281	50163281	-1
IZUMO3	chr9	24542952	24545946	24545946	-1
IZUMO4	chr19	2096415	2099593	2096415	1
JADE1	chr4	128809576	128875240	128809576	1
JADE2	chr5	134523979	134583230	134523979	1
JADE3	chrX	46912276	47061242	46912276	1
JAG1	chr20	10637684	10674396	10674396	-1
JAG2	chr14	105140982	105168919	105168919	-1
JAGN1	chr3	9890569	9894349	9890569	1
JAK1	chr1	64833223	65067754	65067754	-1
JAK2	chr9	4984390	5129950	4984390	1
JAK3	chr19	17824780	17848071	17848071	-1
JAKMIP1	chr4	6026199	6200596	6200596	-1
JAKMIP2	chr5	147585438	147782781	147782781	-1
JAKMIP3	chr10	132036336	132184858	132036336	1
JAM2	chr21	25639258	25717783	25639258	1
JAM3	chr11	134068998	134152071	134068998	1
JAML	chr11	118193725	118226323	118226323	-1
JARID2	chr6	15244937	15522042	15244937	1
JAZF1	chr7	27830573	28181030	28181030	-1
JCAD	chr10	30012803	30115494	30115494	-1
JCHAIN	chr4	70652871	70681817	70681817	-1
JDP2	chr14	75427716	75474111	75427716	1
JHY	chr11	122882683	122963865	122882683	1
JKAMP	chr14	59484182	59505410	59484182	1
JMJD1C	chr10	63167221	63521850	63521850	-1
JMJD4	chr1	227730412	227735413	227735413	-1
JMJD6	chr17	76712830	76726784	76726784	-1
JMJD7	chr15	41828067	41837589	41828067	1
JMJD7-PLA2G4B	chr15	41828095	41848155	41828095	1
JMJD8	chr16	681666	684528	684528	-1
JMY	chr5	79236095	79327215	79236095	1
JOSD1	chr22	38685543	38701556	38701556	-1
JOSD2	chr19	50505995	50511376	50511376	-1
JPH1	chr8	74234700	74321607	74321607	-1
JPH2	chr20	44097006	44189032	44189032	-1
JPH3	chr16	87601835	87698375	87601835	1
JPH4	chr14	23568035	23578856	23578856	-1
JPT1	chr17	75135243	75168281	75168281	-1
JPT2	chr16	1678256	1702859	1678256	1
JRK	chr8	142657460	142681968	142681968	-1
JRKL	chr11	96389989	96507574	96389989	1
JSRP1	chr19	2252074	2269759	2269759	-1
JTB	chr1	153974269	153978011	153978011	-1
JUN	chr1	58776845	58784048	58784048	-1
JUNB	chr19	12791486	12793315	12791486	1
JUND	chr19	18279694	18281622	18281622	-1
JUP	chr17	41750887	41797798	41797798	-1
KALRN	chr3	124033310	124726325	124033310	1
KANK1	chr9	470289	746105	470289	1
KANK2	chr19	11164264	11197945	11197945	-1
KANK3	chr19	8322582	8343281	8343281	-1
KANK4	chr1	62236165	62319434	62319434	-1
KANSL1	chr17	46029916	46225389	46225389	-1
KANSL1L	chr2	210021026	210172182	210172182	-1
KANSL2	chr12	48653211	48682265	48682265	-1
KANSL3	chr2	96584179	96642787	96642787	-1
KANTR	chrX	53094092	53170914	53094092	1
KARS1	chr16	75624160	75648663	75648663	-1
KASH5	chr19	49388219	49417990	49388219	1
KAT14	chr20	18137228	18188844	18137228	1
KAT2A	chr17	42113109	42121382	42121382	-1
KAT2B	chr3	20040055	20154405	20040055	1
KAT5	chr11	65711992	65719604	65711992	1
KAT6A	chr8	41929479	42051998	42051998	-1
KAT6B	chr10	74824912	75032631	74824912	1
KAT7	chr17	49788624	49835026	49788624	1
KAT8	chr16	31114489	31131396	31114489	1
KATNA1	chr6	149594873	149648972	149648972	-1
KATNAL1	chr13	30202630	30307554	30307554	-1
KATNAL2	chr18	46917180	47103478	46917180	1
KATNB1	chr16	57735669	57758271	57735669	1
KATNBL1	chr15	34140365	34210119	34210119	-1
KATNIP	chr16	27550133	27780371	27550133	1
KAZALD1	chr10	101061108	101068648	101061108	1
KAZN	chr1	13892792	15118043	13892792	1
KBTBD11	chr8	1973516	2006937	1973516	1
KBTBD11-OT1	chr8	1763888	1958627	1763888	1
KBTBD12	chr3	127915207	127989100	127915207	1
KBTBD13	chr15	65076746	65079948	65076746	1
KBTBD2	chr7	32861369	32894131	32894131	-1
KBTBD3	chr11	106047228	106077459	106077459	-1
KBTBD4	chr11	47572196	47578982	47578982	-1
KBTBD6	chr13	41127569	41132802	41132802	-1
KBTBD7	chr13	41189834	41194569	41194569	-1
KBTBD8	chr3	66998307	67011210	66998307	1
KCMF1	chr2	84971093	85059472	84971093	1
KCNA1	chr12	4909905	4918256	4909905	1
KCNA10	chr1	110517217	110519175	110519175	-1
KCNA2	chr1	110519837	110631474	110631474	-1
KCNA3	chr1	110653560	110674940	110674940	-1
KCNA4	chr11	30008122	30017043	30017043	-1
KCNA5	chr12	5043879	5052613	5043879	1
KCNA6	chr12	4809334	4813318	4809334	1
KCNA7	chr19	49067397	49072702	49072702	-1
KCNAB1	chr3	156037701	156538757	156037701	1
KCNAB2	chr1	5990927	6101193	5990927	1
KCNAB3	chr17	7920956	7929856	7929856	-1
KCNB1	chr20	49293394	49484570	49484570	-1
KCNB2	chr8	72537220	72938349	72537220	1
KCNC1	chr11	17734724	17856811	17734724	1
KCNC2	chr12	75038577	75209876	75209876	-1
KCNC3	chr19	50311937	50333515	50333515	-1
KCNC4	chr1	110210095	110283100	110210095	1
KCND1	chrX	48960982	48971916	48971916	-1
KCND2	chr7	120272812	120750337	120272812	1
KCND3	chr1	111770662	111990131	111990131	-1
KCNE1	chr21	34446688	34512214	34512214	-1
KCNE2	chr21	34180729	34371390	34180729	1
KCNE3	chr11	74454841	74467743	74467743	-1
KCNE4	chr2	223052190	223198399	223052190	1
KCNE5	chrX	109623700	109625172	109625172	-1
KCNF1	chr2	10911096	10914225	10911096	1
KCNG1	chr20	51003655	51023244	51023244	-1
KCNG2	chr18	79797904	79900184	79797904	1
KCNG3	chr2	42442017	42494916	42494916	-1
KCNG4	chr16	84218657	84240016	84240016	-1
KCNH1	chr1	210676823	211134183	211134183	-1
KCNH2	chr7	150944064	150978394	150978394	-1
KCNH3	chr12	49539020	49558346	49539020	1
KCNH4	chr17	42156891	42181146	42181146	-1
KCNH5	chr14	62699464	63102037	63102037	-1
KCNH6	chr17	63523310	63548987	63523310	1
KCNH7	chr2	162365721	162838791	162838791	-1
KCNH8	chr3	19148102	19535642	19148102	1
KCNIP1	chr5	170353487	170736632	170353487	1
KCNIP2	chr10	101825969	101844005	101844005	-1
KCNIP3	chr2	95297305	95386081	95297305	1
KCNIP4	chr4	20727542	21948772	21948772	-1
KCNJ1	chr11	128836315	128874671	128874671	-1
KCNJ10	chr1	159998651	160070483	160070483	-1
KCNJ11	chr11	17364082	17389364	17389364	-1
KCNJ12	chr17	21376209	21419870	21376209	1
KCNJ13	chr2	232765802	232776566	232776566	-1
KCNJ14	chr19	48454464	48466980	48454464	1
KCNJ15	chr21	38155549	38307357	38155549	1
KCNJ16	chr17	70053429	70135608	70053429	1
KCNJ18	chr17	21692523	21704612	21692523	1
KCNJ2	chr17	70168302	70180044	70168302	1
KCNJ3	chr2	154697399	154859237	154697399	1
KCNJ4	chr22	38426327	38455902	38455902	-1
KCNJ5	chr11	128890453	128922733	128890453	1
KCNJ6	chr21	37607373	38121345	38121345	-1
KCNJ8	chr12	21763939	21775615	21775615	-1
KCNJ9	chr1	160081501	160094277	160081501	1
KCNK1	chr1	233614021	233676655	233614021	1
KCNK10	chr14	88180103	88326907	88326907	-1
KCNK12	chr2	47509290	47570993	47570993	-1
KCNK13	chr14	90061990	90185855	90061990	1
KCNK15	chr20	44745785	44752677	44745785	1
KCNK16	chr6	39314698	39322968	39322968	-1
KCNK17	chr6	39298998	39314461	39314461	-1
KCNK18	chr10	117196957	117210752	117196957	1
KCNK2	chr1	215005775	215237329	215005775	1
KCNK3	chr2	26692713	26733420	26692713	1
KCNK4	chr11	64291302	64300031	64291302	1
KCNK5	chr6	39183923	39229559	39229559	-1
KCNK6	chr19	38319813	38333553	38319813	1
KCNK7	chr11	65592836	65595996	65595996	-1
KCNK9	chr8	139600838	139704146	139704146	-1
KCNMA1	chr10	76869601	77638908	77638908	-1
KCNMB1	chr5	170364749	170480428	170480428	-1
KCNMB2	chr3	178272932	178847008	178272932	1
KCNMB3	chr3	179236690	179267002	179267002	-1
KCNMB4	chr12	70366204	70434292	70366204	1
KCNN1	chr19	17947484	18000085	17947484	1
KCNN2	chr5	114055926	114496500	114055926	1
KCNN3	chr1	154697455	154870340	154870340	-1
KCNN4	chr19	43766517	43781262	43781262	-1
KCNQ1	chr11	2444654	2849105	2444654	1
KCNQ2	chr20	63400208	63472689	63472689	-1
KCNQ3	chr8	132120861	132481095	132481095	-1
KCNQ4	chr1	40783675	40840457	40783675	1
KCNQ5	chr6	72621623	73198853	72621623	1
KCNRG	chr13	50015254	50022365	50015254	1
KCNS1	chr20	45091214	45101188	45101188	-1
KCNS2	chr8	98426870	98433657	98426870	1
KCNS3	chr2	17877847	18361616	17877847	1
KCNT1	chr9	135702173	135795508	135702173	1
KCNT2	chr1	196225779	196609225	196609225	-1
KCNU1	chr8	36784324	36936125	36784324	1
KCNV1	chr8	109963612	109975781	109975781	-1
KCNV2	chr9	2717510	2730037	2717510	1
KCP	chr7	128862042	128910719	128910719	-1
KCTD1	chr18	26454910	26657401	26657401	-1
KCTD10	chr12	109448655	109477359	109477359	-1
KCTD11	chr17	7351889	7354944	7351889	1
KCTD12	chr13	76880175	76886405	76886405	-1
KCTD13	chr16	29903877	29926236	29926236	-1
KCTD14	chr11	78015715	78046191	78046191	-1
KCTD15	chr19	33795933	33815763	33795933	1
KCTD16	chr5	144170844	144485686	144170844	1
KCTD17	chr22	37051705	37063390	37051705	1
KCTD18	chr2	200488953	200519784	200519784	-1
KCTD19	chr16	67289428	67326766	67326766	-1
KCTD2	chr17	75032575	75065889	75032575	1
KCTD20	chr6	36442767	36493886	36442767	1
KCTD21	chr11	78171233	78188644	78188644	-1
KCTD3	chr1	215567022	215623007	215567022	1
KCTD4	chr13	45192853	45201045	45201045	-1
KCTD5	chr16	2682516	2709030	2682516	1
KCTD6	chr3	58491078	58502584	58491078	1
KCTD7	chr7	66628865	66649067	66628865	1
KCTD8	chr4	44173903	44448930	44448930	-1
KCTD9	chr8	25427455	25458476	25458476	-1
KDELR1	chr19	48382558	48393837	48393837	-1
KDELR2	chr7	6445953	6484224	6484224	-1
KDELR3	chr22	38468021	38483762	38468021	1
KDF1	chr1	26949556	26960788	26960788	-1
KDM1A	chr1	23019395	23083704	23019395	1
KDM1B	chr6	18155293	18224495	18155293	1
KDM2A	chr11	67119247	67258082	67119247	1
KDM2B	chr12	121429096	121582286	121582286	-1
KDM3A	chr2	86440647	86492716	86440647	1
KDM3B	chr5	138352676	138437028	138352676	1
KDM4A	chr1	43649256	43705518	43649256	1
KDM4B	chr19	4969106	5153611	4969106	1
KDM4C	chr9	6720863	7175648	6720863	1
KDM4D	chr11	94973709	94999788	94973709	1
KDM4E	chr11	95025258	95027596	95025258	1
KDM4F	chr11	95048142	95051338	95048142	1
KDM5A	chr12	279552	389589	389589	-1
KDM5B	chr1	202724495	202808526	202808526	-1
KDM5C	chrX	53176277	53225422	53225422	-1
KDM5D	chrY	19702298	19745148	19745148	-1
KDM6A	chrX	44873130	45114135	44873130	1
KDM6B	chr17	7834193	7854808	7834193	1
KDM7A	chr7	140084746	140177678	140177678	-1
KDM8	chr16	27203476	27225987	27203476	1
KDR	chr4	55078144	55125623	55125623	-1
KDSR	chr18	63327566	63367615	63367615	-1
KEAP1	chr19	10484512	10503558	10503558	-1
KEL	chr7	142941114	142962369	142962369	-1
KERA	chr12	91050491	91058024	91058024	-1
KGD4	chr5	69217712	69231410	69217712	1
KHDC1	chr6	73241310	73310455	73310455	-1
KHDC1L	chr6	73223544	73225770	73225770	-1
KHDC3L	chr6	73362653	73364173	73362653	1
KHDC4	chr1	155913043	155934416	155934416	-1
KHDRBS1	chr1	32013687	32060850	32013687	1
KHDRBS2	chr6	61630232	62286688	62286688	-1
KHDRBS3	chr8	135456970	135656722	135456970	1
KHK	chr2	27086723	27100777	27086723	1
KHNYN	chr14	24423052	24441846	24423052	1
KHSRP	chr19	6413102	6424824	6424824	-1
KIAA0040	chr1	175156986	175193265	175193265	-1
KIAA0232	chr4	6781375	6884175	6781375	1
KIAA0319	chr6	24544104	24646197	24646197	-1
KIAA0319L	chr1	35393883	35557950	35557950	-1
KIAA0408	chr6	127438406	127459433	127459433	-1
KIAA0513	chr16	85027709	85094230	85027709	1
KIAA0586	chr14	58427385	58551297	58427385	1
KIAA0753	chr17	6578031	6640741	6640741	-1
KIAA0825	chr5	94150851	94618616	94618616	-1
KIAA0930	chr22	45192160	45240944	45240944	-1
KIAA1143	chr3	44737661	44762033	44762033	-1
KIAA1191	chr5	176339650	176366459	176366459	-1
KIAA1210	chrX	119078635	119150579	119150579	-1
KIAA1217	chr10	23694746	24547848	23694746	1
KIAA1328	chr18	36828952	37232172	36828952	1
KIAA1549	chr7	138831381	138982084	138982084	-1
KIAA1549L	chr11	33376078	33674102	33376078	1
KIAA1586	chr6	57046525	57086397	57046525	1
KIAA1614	chr1	180912897	180951614	180912897	1
KIAA1671	chr22	24952643	25197448	24952643	1
KIAA1755	chr20	38210503	38261039	38261039	-1
KIAA1958	chr9	112486827	112669397	112486827	1
KIAA2012	chr2	202073250	202206179	202073250	1
KIAA2013	chr1	11919590	11926428	11926428	-1
KICS2	chr12	64182929	64222309	64222309	-1
KIDINS220	chr2	8721081	8837630	8837630	-1
KIF11	chr10	92574105	92655395	92574105	1
KIF12	chr9	114086126	114099370	114099370	-1
KIF13A	chr6	17758198	17988274	17988274	-1
KIF13B	chr8	29067278	29263124	29263124	-1
KIF14	chr1	200551497	200620776	200620776	-1
KIF15	chr3	44761700	44873376	44761700	1
KIF16B	chr20	16269729	16573468	16573468	-1
KIF17	chr1	20664011	20718018	20718018	-1
KIF18A	chr11	28020618	28108186	28108186	-1
KIF18B	chr17	44924707	44947781	44947781	-1
KIF19	chr17	74326188	74355835	74326188	1
KIF1A	chr2	240713761	240824320	240824320	-1
KIF1B	chr1	10210481	10381606	10210481	1
KIF1C	chr17	4997629	5028401	4997629	1
KIF20A	chr5	138178715	138188171	138178715	1
KIF20B	chr10	89701581	89774939	89701581	1
KIF21A	chr12	39293228	39443718	39443718	-1
KIF21B	chr1	200969390	201023726	201023726	-1
KIF22	chr16	29790137	29805388	29790137	1
KIF23	chr15	69414246	69448427	69414246	1
KIF24	chr9	34248327	34329282	34329282	-1
KIF25	chr6	167996241	168045109	167996241	1
KIF26A	chr14	104136454	104180895	104136454	1
KIF26B	chr1	245154541	245709432	245154541	1
KIF27	chr9	83833760	83921558	83921558	-1
KIF2A	chr5	62305974	62391025	62305974	1
KIF2B	chr17	53822927	53825193	53822927	1
KIF2C	chr1	44739810	44767767	44739810	1
KIF3A	chr5	132688806	132737638	132737638	-1
KIF3B	chr20	32277627	32335011	32277627	1
KIF3C	chr2	25926180	25982761	25982761	-1
KIF4A	chrX	70290021	70420924	70290021	1
KIF4B	chr5	155013755	155018141	155013755	1
KIF5A	chr12	57546026	57586633	57546026	1
KIF5B	chr10	32009001	32056454	32056454	-1
KIF5C	chr2	148875227	149026759	148875227	1
KIF6	chr6	39329990	39725441	39725441	-1
KIF7	chr15	89608789	89663098	89663098	-1
KIF9	chr3	47227426	47283451	47283451	-1
KIFAP3	chr1	169921072	170085208	170085208	-1
KIFBP	chr10	68988732	69043544	68988732	1
KIFC1	chr6	33391429	33410441	33391429	1
KIFC2	chr8	144465940	144474202	144465940	1
KIFC3	chr16	57755668	57863053	57863053	-1
KIN	chr10	7750962	7788001	7788001	-1
KIR2DL1	chr19	54769793	54784332	54769793	1
KIR2DL3	chr19	54738505	54753061	54738505	1
KIR2DL4	chr19	54803610	54814517	54803610	1
KIR2DS4	chr19	54832676	54848569	54832676	1
KIR3DL1	chr19	54816440	54830778	54816440	1
KIR3DL2	chr19	54850433	54867209	54850433	1
KIR3DL3	chr19	54724442	54736632	54724442	1
KIRREL1	chr1	157993273	158100262	157993273	1
KIRREL2	chr19	35851369	35867145	35851369	1
KIRREL3	chr11	126423358	127003460	127003460	-1
KISS1	chr1	204190337	204196638	204196638	-1
KISS1R	chr19	917287	921005	917287	1
KIT	chr4	54657267	54740783	54657267	1
KITLG	chr12	88492789	88580851	88580851	-1
KIZ	chr20	21125975	21273506	21125975	1
KL	chr13	33016416	33066143	33016416	1
KLB	chr4	39406896	39451533	39406896	1
KLC1	chr14	103561896	103714249	103561896	1
KLC2	chr11	66257267	66267862	66257267	1
KLC3	chr19	45333434	45351537	45333434	1
KLC4	chr6	43040777	43075099	43040777	1
KLF1	chr19	12884405	12887201	12887201	-1
KLF10	chr8	102648781	102655729	102655729	-1
KLF11	chr2	10042849	10054958	10042849	1
KLF12	chr13	73686022	74168331	74168331	-1
KLF13	chr15	31326687	31435665	31326687	1
KLF14	chr7	130730697	130734207	130734207	-1
KLF15	chr3	126342635	126357462	126357462	-1
KLF16	chr19	1852399	1863919	1863919	-1
KLF17	chr1	44118821	44135387	44118821	1
KLF18	chr1	44137821	44141631	44141631	-1
KLF2	chr19	16324613	16328685	16324613	1
KLF3	chr4	38664003	38701517	38664003	1
KLF4	chr9	107484454	107490482	107490482	-1
KLF5	chr13	73054976	73077586	73054976	1
KLF6	chr10	3775996	3785281	3785281	-1
KLF7	chr2	207074137	207173856	207173856	-1
KLF8	chrX	56232344	56291531	56232344	1
KLF9	chr9	70384586	70414657	70414657	-1
KLHDC1	chr14	49693100	49753636	49693100	1
KLHDC10	chr7	130070534	130135720	130070534	1
KLHDC2	chr14	49767540	49828902	49767540	1
KLHDC3	chr6	43014103	43021314	43014103	1
KLHDC4	chr16	87696485	87765998	87765998	-1
KLHDC7A	chr1	18480930	18485974	18480930	1
KLHDC7B	chr22	50545899	50551023	50545899	1
KLHDC8A	chr1	205333749	205357324	205357324	-1
KLHDC8B	chr3	49171239	49176487	49171239	1
KLHDC9	chr1	161098343	161100346	161098343	1
KLHL1	chr13	69700453	70108493	70108493	-1
KLHL10	chr17	41835685	41848384	41835685	1
KLHL11	chr17	41848513	41865430	41865430	-1
KLHL12	chr1	202890852	202928636	202928636	-1
KLHL13	chrX	117897794	118117340	118117340	-1
KLHL14	chr18	32672599	32773023	32773023	-1
KLHL15	chrX	23983716	24027186	24027186	-1
KLHL17	chr1	960555	965721	960555	1
KLHL18	chr3	47282628	47346819	47282628	1
KLHL2	chr4	165207470	165323157	165207470	1
KLHL20	chr1	173714909	173787505	173714909	1
KLHL21	chr1	6590724	6614607	6614607	-1
KLHL22	chr22	20441519	20496893	20496893	-1
KLHL23	chr2	169694435	169792697	169694435	1
KLHL24	chr3	183635602	183693117	183635602	1
KLHL25	chr15	85759326	85794948	85794948	-1
KLHL26	chr19	18637018	18671721	18637018	1
KLHL28	chr14	44924324	45042322	45042322	-1
KLHL29	chr2	23385171	23708611	23385171	1
KLHL3	chr5	137617500	137736221	137736221	-1
KLHL30	chr2	238138649	238152947	238138649	1
KLHL31	chr6	53647916	53665868	53665868	-1
KLHL32	chr6	96924615	97140756	96924615	1
KLHL33	chr14	20425852	20436169	20436169	-1
KLHL34	chrX	21654690	21658330	21658330	-1
KLHL35	chr11	75422394	75433203	75433203	-1
KLHL36	chr16	84643425	84667837	84643425	1
KLHL38	chr8	123643039	123653808	123653808	-1
KLHL4	chrX	87517409	87681335	87517409	1
KLHL40	chr3	42685447	42695071	42685447	1
KLHL41	chr2	169509684	169526262	169509684	1
KLHL42	chr12	27779415	27803040	27779415	1
KLHL5	chr4	39044613	39126857	39044613	1
KLHL6	chr3	183487551	183555706	183555706	-1
KLHL7	chr7	23105729	23177914	23105729	1
KLHL8	chr4	87159883	87240729	87240729	-1
KLHL9	chr9	21320024	21335404	21335404	-1
KLK1	chr19	50819146	50823787	50823787	-1
KLK10	chr19	51012739	51021048	51021048	-1
KLK11	chr19	51022216	51028060	51028060	-1
KLK12	chr19	51029092	51035230	51035230	-1
KLK13	chr19	51055625	51065801	51065801	-1
KLK14	chr19	51077317	51086530	51086530	-1
KLK15	chr19	50825289	50837213	50837213	-1
KLK2	chr19	50861568	50880567	50861568	1
KLK3	chr19	50854915	50860767	50854915	1
KLK4	chr19	50906351	50911395	50911395	-1
KLK5	chr19	50943249	50953314	50953314	-1
KLK6	chr19	50958631	50969673	50969673	-1
KLK7	chr19	50976468	50984099	50984099	-1
KLK8	chr19	50996007	51002711	51002711	-1
KLK9	chr19	51002508	51009634	51009634	-1
KLKB1	chr4	186225424	186258476	186225424	1
KLLN	chr10	87859158	87863533	87863533	-1
KLRB1	chr12	9593888	9607949	9607949	-1
KLRC1	chr12	10440411	10454685	10454685	-1
KLRC2	chr12	10426854	10442300	10442300	-1
KLRC3	chr12	10412309	10420595	10420595	-1
KLRC4	chr12	10403058	10409757	10409757	-1
KLRC4-KLRK1	chr12	10372353	10410146	10410146	-1
KLRD1	chr12	10226058	10329608	10226058	1
KLRF1	chr12	9827420	9845007	9827420	1
KLRF2	chr12	9881489	9895833	9881489	1
KLRG1	chr12	8950044	9165627	8950044	1
KLRG2	chr7	139450625	139483719	139483719	-1
KLRK1	chr12	10371338	10391874	10391874	-1
KMO	chr1	241531876	241595643	241531876	1
KMT2A	chr11	118436456	118526832	118436456	1
KMT2B	chr19	35717973	35738880	35717973	1
KMT2C	chr7	152134922	152436656	152436656	-1
KMT2D	chr12	49018975	49060794	49060794	-1
KMT2E	chr7	104940943	105116242	104940943	1
KMT5A	chr12	123384087	123409353	123384087	1
KMT5B	chr11	68154863	68214134	68214134	-1
KMT5C	chr19	55339367	55348122	55339367	1
KNCN	chr1	46545641	46551647	46551647	-1
KNDC1	chr10	133159991	133226412	133159991	1
KNG1	chr3	186717329	186744736	186717329	1
KNL1	chr15	40594002	40664342	40594002	1
KNOP1	chr16	19657344	19718751	19718751	-1
KNSTRN	chr15	40382721	40395659	40382721	1
KNTC1	chr12	122527246	122628182	122527246	1
KPLCE	chr1	152719522	152720470	152719522	1
KPNA1	chr3	122421902	122514955	122514955	-1
KPNA2	chr17	68035517	68047364	68035517	1
KPNA3	chr13	49697744	49793068	49793068	-1
KPNA4	chr3	160495007	160565591	160565591	-1
KPNA5	chr6	116681149	116741867	116681149	1
KPNA6	chr1	32108028	32176563	32108028	1
KPNA7	chr7	99173572	99250075	99250075	-1
KPNB1	chr17	47649476	47685505	47649476	1
KPRP	chr1	152758025	152762056	152758025	1
KPTN	chr19	47475141	47484265	47484265	-1
KRABD1	chr3	42936336	42942799	42936336	1
KRABD2	chr17	8356902	8376738	8376738	-1
KRABD3	chr7	149714781	149734934	149714781	1
KRABD4	chrX	46447205	46498471	46447205	1
KRABD5	chr16	31713227	31794890	31713227	1
KRAS	chr12	25205246	25326473	25326473	-1
KRCC1	chr2	88027203	88064252	88064252	-1
KREMEN1	chr22	29072937	29168333	29072937	1
KREMEN2	chr16	2963625	2968380	2963625	1
KRI1	chr19	10553085	10566031	10566031	-1
KRIT1	chr7	92197498	92246166	92246166	-1
KRR1	chr12	75490863	75511676	75511676	-1
KRT1	chr12	52674736	52680407	52680407	-1
KRT10	chr17	40817784	40822614	40822614	-1
KRT12	chr17	40860943	40867223	40867223	-1
KRT13	chr17	41500981	41505758	41505758	-1
KRT14	chr17	41582279	41586896	41586896	-1
KRT15	chr17	41513745	41522529	41522529	-1
KRT16	chr17	41609778	41615899	41615899	-1
KRT17	chr17	41619437	41624842	41624842	-1
KRT18	chr12	52945688	52952911	52945688	1
KRT19	chr17	41523613	41528370	41528370	-1
KRT2	chr12	52644558	52652211	52652211	-1
KRT20	chr17	40872785	40885249	40885249	-1
KRT222	chr17	40654665	40665181	40665181	-1
KRT23	chr17	40922696	40937646	40937646	-1
KRT24	chr17	40697991	40703758	40703758	-1
KRT25	chr17	40748021	40755331	40755331	-1
KRT26	chr17	40766238	40772201	40772201	-1
KRT27	chr17	40776808	40782550	40782550	-1
KRT28	chr17	40792196	40799959	40799959	-1
KRT3	chr12	52789685	52796117	52796117	-1
KRT31	chr17	41393721	41397611	41397611	-1
KRT32	chr17	41459513	41467386	41467386	-1
KRT33A	chr17	41345665	41350828	41350828	-1
KRT33B	chr17	41363498	41369813	41369813	-1
KRT34	chr17	41377669	41382306	41382306	-1
KRT35	chr17	41476710	41481151	41481151	-1
KRT36	chr17	41486136	41492546	41492546	-1
KRT37	chr17	41420547	41424585	41424585	-1
KRT38	chr17	41436154	41440983	41440983	-1
KRT39	chr17	40958392	40966948	40966948	-1
KRT4	chr12	52806549	52814116	52814116	-1
KRT40	chr17	40977715	40987135	40987135	-1
KRT5	chr12	52514575	52520530	52520530	-1
KRT6A	chr12	52487176	52493265	52493265	-1
KRT6B	chr12	52446651	52452154	52452154	-1
KRT6C	chr12	52468516	52473805	52473805	-1
KRT7	chr12	52232520	52252186	52232520	1
KRT71	chr12	52543909	52553145	52553145	-1
KRT72	chr12	52585589	52601538	52601538	-1
KRT73	chr12	52607570	52618559	52618559	-1
KRT74	chr12	52565151	52573843	52573843	-1
KRT75	chr12	52424070	52434380	52434380	-1
KRT76	chr12	52768155	52777345	52777345	-1
KRT77	chr12	52689626	52703524	52703524	-1
KRT78	chr12	52837804	52849092	52849092	-1
KRT79	chr12	52821408	52834312	52834312	-1
KRT8	chr12	52897182	52949954	52949954	-1
KRT80	chr12	52168996	52192311	52192311	-1
KRT81	chr12	52285913	52291534	52291534	-1
KRT82	chr12	52393931	52406335	52406335	-1
KRT83	chr12	52314301	52321398	52321398	-1
KRT84	chr12	52377812	52385652	52385652	-1
KRT85	chr12	52360006	52367481	52367481	-1
KRT86	chr12	52249300	52309163	52249300	1
KRT9	chr17	41565836	41572059	41572059	-1
KRTAP1-1	chr17	41040541	41041450	41041450	-1
KRTAP1-3	chr17	41033884	41034874	41034874	-1
KRTAP1-4	chr17	41029351	41030195	41030195	-1
KRTAP1-5	chr17	41026026	41027208	41027208	-1
KRTAP10-1	chr21	44538981	44540195	44540195	-1
KRTAP10-10	chr21	44637356	44638455	44637356	1
KRTAP10-11	chr21	44646414	44647650	44646414	1
KRTAP10-12	chr21	44697172	44698044	44697172	1
KRTAP10-2	chr21	44550357	44551505	44551505	-1
KRTAP10-3	chr21	44557790	44558795	44558795	-1
KRTAP10-4	chr21	44573729	44575371	44573729	1
KRTAP10-5	chr21	44579455	44580604	44580604	-1
KRTAP10-6	chr21	44591268	44592505	44592505	-1
KRTAP10-7	chr21	44600597	44602174	44600597	1
KRTAP10-8	chr21	44612079	44612954	44612079	1
KRTAP10-9	chr21	44627093	44628378	44627093	1
KRTAP11-1	chr21	30880644	30881580	30881580	-1
KRTAP12-1	chr21	44681576	44682163	44682163	-1
KRTAP12-2	chr21	44666189	44666927	44666927	-1
KRTAP12-3	chr21	44657932	44658341	44657932	1
KRTAP12-4	chr21	44654213	44654659	44654659	-1
KRTAP13-1	chr21	30396031	30396822	30396031	1
KRTAP13-2	chr21	30371390	30372271	30372271	-1
KRTAP13-3	chr21	30425380	30425926	30425926	-1
KRTAP13-4	chr21	30430220	30431026	30430220	1
KRTAP15-1	chr21	30440275	30440869	30440275	1
KRTAP16-1	chr17	41307700	41309309	41309309	-1
KRTAP17-1	chr17	41314912	41315710	41315710	-1
KRTAP19-1	chr21	30479706	30480367	30480367	-1
KRTAP19-2	chr21	30487043	30487436	30487436	-1
KRTAP19-3	chr21	30491462	30492013	30492013	-1
KRTAP19-4	chr21	30496824	30497165	30497165	-1
KRTAP19-5	chr21	30501657	30502141	30502141	-1
KRTAP19-6	chr21	30541535	30541864	30541864	-1
KRTAP19-7	chr21	30560875	30561314	30561314	-1
KRTAP19-8	chr21	31038159	31038476	31038476	-1
KRTAP2-1	chr17	41046541	41047316	41047316	-1
KRTAP2-2	chr17	41054498	41055230	41055230	-1
KRTAP2-3	chr17	41059240	41060114	41060114	-1
KRTAP2-4	chr17	41065116	41065879	41065879	-1
KRTAP20-1	chr21	30616425	30616699	30616425	1
KRTAP20-2	chr21	30635206	30635619	30635206	1
KRTAP20-3	chr21	30642864	30643136	30642864	1
KRTAP20-4	chr21	30620627	30620850	30620627	1
KRTAP21-1	chr21	30755015	30755428	30755428	-1
KRTAP21-2	chr21	30746794	30747259	30747259	-1
KRTAP21-3	chr21	30718525	30718777	30718777	-1
KRTAP22-1	chr21	30601087	30601382	30601087	1
KRTAP22-2	chr21	30590105	30590397	30590397	-1
KRTAP23-1	chr21	30348399	30348606	30348606	-1
KRTAP24-1	chr21	30281309	30282950	30282950	-1
KRTAP25-1	chr21	30289145	30289514	30289514	-1
KRTAP26-1	chr21	30319124	30320315	30320315	-1
KRTAP27-1	chr21	30337013	30337694	30337694	-1
KRTAP29-1	chr17	41301826	41302851	41302851	-1
KRTAP3-1	chr17	41008521	41019324	41019324	-1
KRTAP3-2	chr17	40999193	40999906	40999906	-1
KRTAP3-3	chr17	40993430	40994164	40994164	-1
KRTAP4-1	chr17	41184100	41184911	41184911	-1
KRTAP4-11	chr17	41117181	41118373	41118373	-1
KRTAP4-12	chr17	41123091	41124182	41124182	-1
KRTAP4-16	chr17	41101502	41102209	41102209	-1
KRTAP4-2	chr17	41177446	41178221	41178221	-1
KRTAP4-3	chr17	41167231	41168221	41168221	-1
KRTAP4-4	chr17	41159649	41160748	41160748	-1
KRTAP4-5	chr17	41148924	41149825	41149825	-1
KRTAP4-6	chr17	41139433	41140544	41140544	-1
KRTAP4-7	chr17	41084150	41085144	41084150	1
KRTAP4-8	chr17	41096981	41098142	41098142	-1
KRTAP4-9	chr17	41105389	41106488	41105389	1
KRTAP5-1	chr11	1584342	1585283	1585283	-1
KRTAP5-10	chr11	71565563	71566735	71565563	1
KRTAP5-11	chr11	71581855	71603353	71603353	-1
KRTAP5-2	chr11	1597177	1598294	1598294	-1
KRTAP5-3	chr11	1607565	1608463	1608463	-1
KRTAP5-4	chr11	1620958	1622138	1622138	-1
KRTAP5-5	chr11	1629775	1630930	1629775	1
KRTAP5-6	chr11	1697195	1697755	1697195	1
KRTAP5-7	chr11	71527267	71528669	71527267	1
KRTAP5-8	chr11	71538025	71539209	71538025	1
KRTAP5-9	chr11	71548420	71549608	71548420	1
KRTAP6-1	chr21	30613431	30613930	30613930	-1
KRTAP6-2	chr21	30598590	30598902	30598902	-1
KRTAP6-3	chr21	30592440	30593055	30592440	1
KRTAP7-1	chr21	30829039	30829759	30829759	-1
KRTAP8-1	chr21	30812697	30813274	30813274	-1
KRTAP9-1	chr17	41189887	41190639	41189887	1
KRTAP9-2	chr17	41226648	41227652	41226648	1
KRTAP9-3	chr17	41232449	41233454	41232449	1
KRTAP9-4	chr17	41249687	41250653	41249687	1
KRTAP9-6	chr17	41265378	41265860	41265378	1
KRTAP9-7	chr17	41275698	41276207	41275698	1
KRTAP9-8	chr17	41237999	41239004	41237999	1
KRTAP9-9	chr17	41255384	41256364	41255384	1
KRTCAP2	chr1	155169182	155173475	155173475	-1
KRTCAP3	chr2	27442337	27446486	27442337	1
KRTDAP	chr19	35487324	35495558	35495558	-1
KSR1	chr17	27456036	27626438	27456036	1
KSR2	chr12	117453012	117969144	117969144	-1
KTI12	chr1	52032103	52033810	52033810	-1
KTN1	chr14	55559072	55701526	55559072	1
KXD1	chr19	18557683	18569387	18557683	1
KY	chr3	134599923	134651677	134651677	-1
KYAT1	chr9	128832937	128882556	128882556	-1
KYAT3	chr1	88921037	88993002	88993002	-1
KYNU	chr2	142811826	143055833	142811826	1
L1CAM	chrX	153861511	153886204	153886204	-1
L1TD1	chr1	62194257	62235060	62194257	1
L2HGDH	chr14	50237563	50312243	50312243	-1
L3HYPDH	chr14	59318593	59484450	59484450	-1
L3MBTL1	chr20	43489442	43550954	43489442	1
L3MBTL2	chr22	41205282	41231623	41205282	1
L3MBTL3	chr6	130013699	130141449	130013699	1
L3MBTL4	chr18	5952760	6415477	6415477	-1
LACC1	chr13	43878917	43895092	43878917	1
LACRT	chr12	54630811	54634895	54634895	-1
LACTB	chr15	63121814	63142061	63121814	1
LACTB2	chr8	70619104	70669306	70669306	-1
LACTBL1	chr1	22953043	22972866	22972866	-1
LAD1	chr1	201380212	201399915	201399915	-1
LAG3	chr12	6772360	6778455	6772360	1
LAGE3	chrX	154477598	154479291	154479291	-1
LAIR1	chr19	54351384	54370558	54370558	-1
LAIR2	chr19	54497879	54510694	54497879	1
LALBA	chr12	48567684	48571865	48571865	-1
LAMA1	chr18	6941742	7117859	7117859	-1
LAMA2	chr6	128883075	129517185	128883075	1
LAMA3	chr18	23689414	23957475	23689414	1
LAMA4	chr6	112106077	112254939	112254939	-1
LAMA5	chr20	62307955	62367333	62367333	-1
LAMB1	chr7	107921975	108004434	108004434	-1
LAMB2	chr3	49121113	49133118	49133118	-1
LAMB3	chr1	209614870	209653146	209653146	-1
LAMB4	chr7	108023548	108130367	108130367	-1
LAMC1	chr1	183023199	183145592	183023199	1
LAMC2	chr1	183186057	183245127	183186057	1
LAMC3	chr9	131008878	131094473	131008878	1
LAMP1	chr13	113297088	113324413	113297088	1
LAMP2	chrX	120426148	120469365	120469365	-1
LAMP3	chr3	183122013	183163839	183163839	-1
LAMP5	chr20	9514267	9530541	9514267	1
LAMTOR1	chr11	72085520	72103393	72103393	-1
LAMTOR2	chr1	156053916	156058817	156053916	1
LAMTOR3	chr4	99874948	99894428	99894428	-1
LAMTOR4	chr7	100148888	100155945	100148888	1
LAMTOR5	chr1	110401249	110407963	110407963	-1
LANCL1	chr2	210424562	210477652	210477652	-1
LANCL2	chr7	55365282	55433741	55365282	1
LANCL3	chrX	37571565	37684463	37571565	1
LAP3	chr4	17577167	17608089	17577167	1
LAPTM4A	chr2	20032648	20052054	20052054	-1
LAPTM4B	chr8	97775057	97854225	97775057	1
LAPTM5	chr1	30732459	30757855	30757855	-1
LARGE1	chr22	33162226	33922885	33922885	-1
LARGE2	chr11	45918146	45929376	45918146	1
LARP1	chr5	154682986	154817607	154682986	1
LARP1B	chr4	128060638	128222931	128060638	1
LARP4	chr12	50392383	50480007	50392383	1
LARP4B	chr10	803911	931821	931821	-1
LARP6	chr15	70829130	70854783	70854783	-1
LARP7	chr4	112636990	112657861	112636990	1
LARS1	chr5	146110566	146182696	146182696	-1
LARS2	chr3	45388516	45554726	45388516	1
LAS1L	chrX	65438549	65534818	65534818	-1
LASP1	chr17	38869185	38921771	38869185	1
LASP1NB	chr17	38925565	38929381	38925565	1
LAT	chr16	28984808	28990784	28984808	1
LAT2	chr7	74199652	74242501	74199652	1
LATS1	chr6	149658153	149718261	149718261	-1
LATS2	chr13	20973029	21061605	21061605	-1
LAX1	chr1	203765169	203778175	203765169	1
LAYN	chr11	111540280	111565625	111540280	1
LBH	chr2	30231531	30325821	30231531	1
LBHD1	chr11	62662817	62672284	62672284	-1
LBHD2	chr14	103084174	103090031	103084174	1
LBP	chr20	38346076	38378131	38346076	1
LBR	chr1	225400900	225428925	225428925	-1
LBX1	chr10	101226180	101230401	101230401	-1
LBX2	chr2	74497455	74503316	74503316	-1
LCA5	chr6	79484991	79545138	79545138	-1
LCA5L	chr21	39405135	39445805	39445805	-1
LCAT	chr16	67939150	67944681	67944681	-1
LCE1A	chr1	152827473	152828097	152827473	1
LCE1B	chr1	152811971	152813108	152811971	1
LCE1C	chr1	152804832	152806651	152806651	-1
LCE1D	chr1	152796721	152798181	152796721	1
LCE1E	chr1	152786214	152788426	152786214	1
LCE1F	chr1	152775140	152777024	152775140	1
LCE2A	chr1	152698345	152699442	152698345	1
LCE2B	chr1	152686123	152687397	152686123	1
LCE2C	chr1	152675279	152676569	152675279	1
LCE2D	chr1	152658824	152664659	152658824	1
LCE3A	chr1	152622834	152623103	152623103	-1
LCE3B	chr1	152613811	152614098	152613811	1
LCE3C	chr1	152600234	152601086	152600234	1
LCE3D	chr1	152579381	152580516	152580516	-1
LCE3E	chr1	152565654	152566780	152566780	-1
LCE4A	chr1	152708160	152709434	152708160	1
LCE5A	chr1	152510803	152512177	152510803	1
LCE6A	chr1	152842856	152843983	152842856	1
LCE7A	chr1	152859996	152861252	152859996	1
LCK	chr1	32251244	32286170	32251244	1
LCLAT1	chr2	30447212	30644225	30447212	1
LCMT1	chr16	25111704	25178232	25111704	1
LCMT2	chr15	43323649	43330582	43330582	-1
LCN1	chr9	135521438	135526540	135521438	1
LCN10	chr9	136738167	136743356	136743356	-1
LCN12	chr9	136949391	136956535	136949391	1
LCN15	chr9	136759634	136766255	136766255	-1
LCN2	chr9	128149071	128153454	128149071	1
LCN6	chr9	136744017	136748531	136748531	-1
LCN8	chr9	136754386	136758543	136758543	-1
LCN9	chr9	135663309	135666961	135663309	1
LCNL1	chr9	136981904	136986410	136981904	1
LCOR	chr10	96831803	96995956	96831803	1
LCORL	chr4	17841187	18021993	18021993	-1
LCP1	chr13	46125920	46211871	46211871	-1
LCP2	chr5	170246233	170297845	170297845	-1
LCT	chr2	135787850	135837184	135837184	-1
LCTL	chr15	66547179	66566003	66566003	-1
LDAF1	chr16	21158305	21181330	21158305	1
LDAH	chr2	20683762	20823130	20823130	-1
LDB1	chr10	102106489	102120451	102120451	-1
LDB2	chr4	16501534	16898961	16898961	-1
LDB3	chr10	86666664	86736903	86666664	1
LDHA	chr11	18394347	18408425	18394347	1
LDHAL6A	chr11	18455823	18479601	18455823	1
LDHAL6B	chr15	59206843	59208588	59206843	1
LDHB	chr12	21635339	21757890	21757890	-1
LDHC	chr11	18412286	18452069	18412286	1
LDHD	chr16	75111855	75116799	75116799	-1
LDLR	chr19	11089418	11133830	11089418	1
LDLRAD1	chr1	54007298	54018194	54018194	-1
LDLRAD2	chr1	21812265	21825225	21812265	1
LDLRAD3	chr11	35943981	36274286	35943981	1
LDLRAD4	chr18	13216173	13652755	13216173	1
LDLRAP1	chr1	25543550	25591296	25543550	1
LDOC1	chrX	141111605	141177129	141177129	-1
LEAP2	chr5	132873444	132899343	132873444	1
LECT2	chr5	135922279	135955061	135955061	-1
LEF1	chr4	108045592	108169198	108169198	-1
LEFTY1	chr1	225886279	225911382	225911382	-1
LEFTY2	chr1	225936598	225941532	225941532	-1
LEKR1	chr3	156825481	157046129	156825481	1
LELP1	chr1	153203430	153205120	153203430	1
LEMD1	chr1	205381376	205456415	205456415	-1
LEMD2	chr6	33771202	33789173	33789173	-1
LEMD3	chr12	65169342	65248485	65169342	1
LENEP	chr1	154993586	154994315	154993586	1
LENG1	chr19	54155161	54159760	54159760	-1
LENG8	chr19	54449157	54462022	54449157	1
LENG9	chr19	54461732	54463778	54463778	-1
LEO1	chr15	51937788	51971922	51971922	-1
LEP	chr7	128241222	128257629	128241222	1
LEPR	chr1	65420543	65641559	65420543	1
LEPROT	chr1	65420547	65436051	65420547	1
LEPROTL1	chr8	30095401	30177208	30095401	1
LETM1	chr4	1811479	1856244	1856244	-1
LETM2	chr8	38386204	38409527	38386204	1
LETMD1	chr12	51047962	51068961	51047962	1
LEUTX	chr19	39776595	39786291	39776595	1
LFNG	chr7	2512529	2529177	2512529	1
LGALS1	chr22	37675587	37683414	37675587	1
LGALS12	chr11	63505966	63519767	63505966	1
LGALS13	chr19	39602490	39607476	39602490	1
LGALS14	chr19	39704359	39727560	39704359	1
LGALS16	chr19	39655908	39660647	39655908	1
LGALS2	chr22	37570246	37582616	37582616	-1
LGALS3	chr14	55121352	55148027	55121352	1
LGALS3BP	chr17	78970308	78979969	78979969	-1
LGALS4	chr19	38801671	38813070	38813070	-1
LGALS7	chr19	38770968	38773542	38773542	-1
LGALS7B	chr19	38789191	38791754	38789191	1
LGALS8	chr1	236518000	236552981	236518000	1
LGALS9	chr17	27629798	27649561	27629798	1
LGALS9B	chr17	20449395	20467548	20467548	-1
LGALS9C	chr17	18476737	18494945	18476737	1
LGALSL	chr2	64453448	64461382	64453448	1
LGI1	chr10	93757840	93806272	93757840	1
LGI2	chr4	24996188	25030970	25030970	-1
LGI3	chr8	22146824	22157084	22157084	-1
LGI4	chr19	35124507	35142451	35142451	-1
LGMN	chr14	92703794	92751131	92751131	-1
LGR4	chr11	27363979	27472828	27472828	-1
LGR5	chr12	71439795	71586310	71439795	1
LGR6	chr1	202193692	202321660	202193692	1
LGSN	chr6	63275951	63321823	63321823	-1
LHB	chr19	49015980	49017091	49017091	-1
LHCGR	chr2	48686774	48755731	48755731	-1
LHFPL1	chrX	112623833	112680180	112680180	-1
LHFPL2	chr5	78482020	78770021	78770021	-1
LHFPL3	chr7	104328603	104908561	104328603	1
LHFPL4	chr3	9498361	9553862	9553862	-1
LHFPL5	chr6	35797206	35845397	35797206	1
LHFPL6	chr13	39209116	39603735	39603735	-1
LHFPL7	chr22	24935098	24946695	24946695	-1
LHPP	chr10	124461789	124617888	124461789	1
LHX1	chr17	36936784	36944612	36936784	1
LHX2	chr9	124001670	124033301	124001670	1
LHX3	chr9	136196250	136205128	136205128	-1
LHX4	chr1	180228787	180278984	180228787	1
LHX5	chr12	113462033	113472280	113472280	-1
LHX6	chr9	122202577	122229626	122229626	-1
LHX8	chr1	75128434	75161533	75128434	1
LHX9	chr1	197911902	197935478	197911902	1
LIAS	chr4	39459004	39485109	39459004	1
LIAT1	chr17	410302	431062	410302	1
LIF	chr22	30240453	30246804	30246804	-1
LIFR	chr5	38474668	38608354	38608354	-1
LIG1	chr19	48115444	48170654	48170654	-1
LIG3	chr17	34980462	35009743	34980462	1
LIG4	chr13	108207439	108218373	108218373	-1
LILRA1	chr19	54593582	54603259	54593582	1
LILRA2	chr19	54572920	54590287	54572920	1
LILRA4	chr19	54333185	54339162	54339162	-1
LILRA5	chr19	54307037	54313177	54313177	-1
LILRA6	chr19	54236590	54242820	54242820	-1
LILRB1	chr19	54616309	54638022	54616309	1
LILRB2	chr19	54273812	54281184	54281184	-1
LILRB3	chr19	54215940	54223506	54223506	-1
LILRB4	chr19	54643889	54670531	54643889	1
LILRB5	chr19	54249421	54257339	54257339	-1
LIM2	chr19	51379909	51388264	51388264	-1
LIMA1	chr12	50175788	50283550	50283550	-1
LIMCH1	chr4	41359574	41700049	41359574	1
LIMD1	chr3	45555394	45686341	45555394	1
LIMD2	chr17	63695883	63701183	63701183	-1
LIME1	chr20	63736283	63739108	63736283	1
LIMK1	chr7	74082933	74122527	74082933	1
LIMK2	chr22	31212193	31280964	31212193	1
LIMS1	chr2	108533671	108687347	108533671	1
LIMS2	chr2	127638381	127681786	127681786	-1
LIMS3	chr2	109898428	109925625	109898428	1
LIMS4	chr2	110445883	110473075	110473075	-1
LIN28A	chr1	26410788	26429728	26410788	1
LIN28B	chr6	104936616	105083332	104936616	1
LIN37	chr19	35748361	35754519	35748361	1
LIN52	chr14	74084943	74201493	74084943	1
LIN54	chr4	82909973	83012991	83012991	-1
LIN7A	chr12	80792520	80937975	80937975	-1
LIN7B	chr19	49114324	49118463	49114324	1
LIN7C	chr11	27476397	27506789	27506789	-1
LIN9	chr1	226231149	226309869	226309869	-1
LINC02203	chr15	21552795	21653276	21552795	1
LINC02210-CRHR1	chr17	45620344	45835826	45620344	1
LINC02218	chr5	17444010	17487371	17444010	1
LINC03040	chr6	44000580	44007830	44000580	1
LINC03051	chr3	117672154	117997592	117997592	-1
LINGO1	chr15	77613027	77820900	77820900	-1
LINGO2	chr9	27937617	29213913	29213913	-1
LINGO3	chr19	2287164	2308177	2308177	-1
LINGO4	chr1	151800264	151805419	151805419	-1
LINS1	chr15	100559369	100603230	100603230	-1
LIPA	chr10	89212830	89415367	89415367	-1
LIPC	chr15	58410380	58570449	58410380	1
LIPE	chr19	42401497	42427388	42427388	-1
LIPF	chr10	88664441	88678814	88664441	1
LIPG	chr18	49560699	49599185	49560699	1
LIPH	chr3	185506262	185552617	185552617	-1
LIPI	chr21	14108813	14210955	14210955	-1
LIPJ	chr10	88586753	88607880	88586753	1
LIPK	chr10	88706249	88752776	88706249	1
LIPM	chr10	88802730	88820546	88802730	1
LIPN	chr10	88759982	88779626	88759982	1
LIPT1	chr2	99154955	99163199	99154955	1
LIPT2	chr11	74490503	74493730	74493730	-1
LITAF	chr16	11546224	11640269	11640269	-1
LITAFD	chr16	8875704	8885353	8875704	1
LIX1	chr5	97091867	97142846	97142846	-1
LIX1L	chr1	145933423	145958055	145958055	-1
LKAAEAR1	chr20	64083376	64084967	64084967	-1
LLCFC1	chr7	142939343	142949915	142939343	1
LLGL1	chr17	18225542	18244876	18225542	1
LLGL2	chr17	75525080	75575215	75525080	1
LLPH	chr12	66114523	66130761	66130761	-1
LMAN1	chr18	59327823	59359417	59359417	-1
LMAN1L	chr15	74812716	74825758	74812716	1
LMAN2	chr5	177315805	177351840	177351840	-1
LMAN2L	chr2	96704824	96740087	96740087	-1
LMBR1	chr7	156668946	156893225	156893225	-1
LMBR1L	chr12	49096550	49110900	49110900	-1
LMBRD1	chr6	69672757	69867236	69867236	-1
LMBRD2	chr5	36098327	36151976	36151976	-1
LMCD1	chr3	8501587	8574668	8501587	1
LMF1	chr16	853618	981318	981318	-1
LMF2	chr22	50502947	50507751	50507751	-1
LMLN	chr3	197960200	198043720	197960200	1
LMNA	chr1	156082572	156140085	156082572	1
LMNB1	chr5	126776623	126837242	126776623	1
LMNB2	chr19	2427638	2456992	2456992	-1
LMNTD1	chr12	25409307	25648658	25648658	-1
LMNTD2	chr11	554850	560743	560743	-1
LMO1	chr11	8224309	8268807	8268807	-1
LMO2	chr11	33858563	33892076	33892076	-1
LMO3	chr12	16547747	16613168	16613168	-1
LMO4	chr1	87328428	87348923	87328428	1
LMO7	chr13	75620434	75859870	75620434	1
LMOD1	chr1	201896456	201946594	201946594	-1
LMOD2	chr7	123655858	123665864	123655858	1
LMOD3	chr3	69106065	69123032	69123032	-1
LMTK2	chr7	98106858	98209638	98106858	1
LMTK3	chr19	48485271	48513935	48513935	-1
LMX1A	chr1	165201867	165356721	165356721	-1
LMX1B	chr9	126613923	126701032	126613923	1
LNP1	chr3	100401192	100457739	100401192	1
LNPEP	chr5	96934807	97037513	96934807	1
LNPK	chr2	175923863	176002839	176002839	-1
LNX1	chr4	53458261	53701405	53701405	-1
LNX2	chr13	27545911	27621354	27621354	-1
LONP1	chr19	5691834	5720572	5720572	-1
LONP2	chr16	48244250	48363122	48244250	1
LONRF1	chr8	12721897	12756073	12756073	-1
LONRF2	chr2	100271875	100322506	100322506	-1
LONRF3	chrX	118974604	119022925	118974604	1
LORICRIN	chr1	153259687	153262124	153259687	1
LOX	chr5	122063151	122078634	122078634	-1
LOXHD1	chr18	46476971	46657220	46657220	-1
LOXL1	chr15	73925989	73952137	73925989	1
LOXL2	chr8	23296897	23425328	23425328	-1
LOXL3	chr2	74531716	74555718	74555718	-1
LOXL4	chr10	98247686	98268650	98268650	-1
LPA	chr6	160531482	160664276	160664276	-1
LPAR1	chr9	110871773	111038863	111038863	-1
LPAR2	chr19	19623639	19628930	19628930	-1
LPAR3	chr1	84811541	84893540	84893540	-1
LPAR4	chrX	78747680	78758724	78747680	1
LPAR5	chr12	6618835	6636444	6636444	-1
LPAR6	chr13	48327364	48444704	48444704	-1
LPCAT1	chr5	1456480	1524282	1524282	-1
LPCAT2	chr16	55508994	55586666	55508994	1
LPCAT3	chr12	6972027	7018779	7018779	-1
LPCAT4	chr15	34358633	34367706	34367706	-1
LPGAT1	chr1	211743457	211833674	211833674	-1
LPIN1	chr2	11677539	11828185	11677539	1
LPIN2	chr18	2885271	3013356	3013356	-1
LPIN3	chr20	41340786	41360583	41340786	1
LPL	chr8	19901717	19967653	19901717	1
LPO	chr17	58218548	58268518	58218548	1
LPP	chr3	188152974	188890671	188152974	1
LPXN	chr11	58526871	58578220	58578220	-1
LRAT	chr4	154626945	154753158	154626945	1
LRATD1	chr2	14632679	14650815	14632679	1
LRATD2	chr8	126552439	126558484	126558484	-1
LRBA	chr4	150264430	151015755	151015755	-1
LRCH1	chr13	46553130	46753266	46553130	1
LRCH2	chrX	115110613	115234096	115234096	-1
LRCH3	chr3	197791226	197906414	197791226	1
LRCH4	chr7	100574011	100586236	100586236	-1
LRCOL1	chr12	132603096	132610583	132610583	-1
LRFN1	chr19	39306566	39320966	39320966	-1
LRFN2	chr6	40391591	40587450	40587450	-1
LRFN3	chr19	35935358	35946624	35935358	1
LRFN4	chr11	66856546	66860475	66856546	1
LRFN5	chr14	41606660	41904549	41606660	1
LRG1	chr19	4536402	4540104	4540104	-1
LRGUK	chr7	134127299	134264595	134127299	1
LRIF1	chr1	110946289	110964093	110964093	-1
LRIG1	chr3	66378793	66501263	66501263	-1
LRIG2	chr1	113073168	113132260	113073168	1
LRIG3	chr12	58868790	58920586	58920586	-1
LRIT1	chr10	84228873	84241546	84241546	-1
LRIT2	chr10	84220571	84225544	84225544	-1
LRIT3	chr4	109846013	109872315	109846013	1
LRMDA	chr10	75431446	76560168	75431446	1
LRP1	chr12	57128476	57213394	57128476	1
LRP10	chr14	22871709	22881713	22871709	1
LRP11	chr6	149793455	149864424	149864424	-1
LRP12	chr8	104487485	104589292	104589292	-1
LRP1B	chr2	140231294	142131016	142131016	-1
LRP2	chr2	169127109	169362780	169362780	-1
LRP2BP	chr4	185363655	185397292	185397292	-1
LRP3	chr19	33177603	33209922	33177603	1
LRP4	chr11	46856717	46918642	46918642	-1
LRP5	chr11	68312430	68449275	68312430	1
LRP6	chr12	12116025	12267193	12267193	-1
LRP8	chr1	53242364	53328469	53328469	-1
LRPAP1	chr4	3503612	3532446	3532446	-1
LRPPRC	chr2	43886224	43996226	43996226	-1
LRR1	chr14	49598480	49614673	49598480	1
LRRC1	chr6	53793768	53924734	53793768	1
LRRC10	chr12	69608564	69610907	69610907	-1
LRRC10B	chr11	61508749	61511018	61508749	1
LRRC14	chr8	144517957	144526244	144517957	1
LRRC14B	chr5	191451	196334	191451	1
LRRC15	chr3	194355249	194369743	194369743	-1
LRRC17	chr7	102912941	102945111	102912941	1
LRRC18	chr10	48909480	48939840	48939840	-1
LRRC19	chr9	26993136	27005709	27005709	-1
LRRC2	chr3	46510358	46607097	46607097	-1
LRRC20	chr10	70298970	70382650	70382650	-1
LRRC23	chr12	6873455	6914243	6873455	1
LRRC24	chr8	144522385	144527608	144527608	-1
LRRC25	chr19	18390351	18397622	18397622	-1
LRRC26	chr9	137168758	137170058	137170058	-1
LRRC27	chr10	132332107	132381508	132332107	1
LRRC28	chr15	99250937	99390729	99250937	1
LRRC3	chr21	44455472	44463452	44455472	1
LRRC30	chr18	7231089	7232044	7231089	1
LRRC31	chr3	169837917	169870000	169870000	-1
LRRC32	chr11	76657524	76670868	76670868	-1
LRRC34	chr3	169793003	169813008	169813008	-1
LRRC36	chr16	67326798	67385221	67326798	1
LRRC37A	chr17	46292733	46338077	46292733	1
LRRC37A2	chr17	46511508	46556910	46511508	1
LRRC37A3	chr17	64854130	64919488	64919488	-1
LRRC37B	chr17	32007367	32053504	32007367	1
LRRC38	chr1	13474973	13514526	13514526	-1
LRRC39	chr1	100146522	100178306	100178306	-1
LRRC3B	chr3	26622639	26717537	26622639	1
LRRC3C	chr17	39927725	39946538	39927725	1
LRRC4	chr7	127938259	128032280	128032280	-1
LRRC40	chr1	70143215	70205665	70205665	-1
LRRC41	chr1	46261195	46303630	46303630	-1
LRRC42	chr1	53946045	53968168	53946045	1
LRRC43	chr12	122167738	122203471	122167738	1
LRRC45	chr17	82023269	82031153	82023269	1
LRRC46	chr17	47831634	47837719	47831634	1
LRRC47	chr1	3778559	3796517	3796517	-1
LRRC49	chr15	70853239	71071702	70853239	1
LRRC4B	chr19	50516892	50568435	50568435	-1
LRRC4C	chr11	40113412	41459773	41459773	-1
LRRC51	chr11	72080286	72096895	72080286	1
LRRC52	chr1	165544000	165563957	165544000	1
LRRC53	chr1	74469376	74512611	74512611	-1
LRRC55	chr11	57181747	57191717	57181747	1
LRRC56	chr11	536841	554925	536841	1
LRRC57	chr15	42534627	42548802	42548802	-1
LRRC58	chr3	120324509	120349412	120349412	-1
LRRC59	chr17	50375059	50398227	50398227	-1
LRRC61	chr7	150323263	150338156	150323263	1
LRRC63	chr13	46211928	46277115	46211928	1
LRRC66	chr4	51993614	52020370	52020370	-1
LRRC69	chr8	91101832	91219257	91101832	1
LRRC7	chr1	69567871	70151945	69567871	1
LRRC70	chr5	62578819	62581446	62578819	1
LRRC71	chr1	156920631	156934915	156920631	1
LRRC72	chr7	16526825	16581568	16526825	1
LRRC73	chr6	43506062	43510388	43510388	-1
LRRC74A	chr14	76826372	76870304	76826372	1
LRRC74B	chr22	21045941	21064168	21045941	1
LRRC75A	chr17	16441493	16492237	16492237	-1
LRRC75B	chr22	24580723	24593208	24593208	-1
LRRC8A	chr9	128882120	128918042	128882120	1
LRRC8B	chr1	89524160	89597861	89524160	1
LRRC8C	chr1	89632693	89769903	89632693	1
LRRC8D	chr1	89820973	89936611	89820973	1
LRRC8E	chr19	7888500	7902021	7888500	1
LRRC9	chr14	59919713	60066817	59919713	1
LRRCC1	chr8	85107079	85146402	85107079	1
LRRD1	chr7	92141643	92179531	92179531	-1
LRRFIP1	chr2	237627550	237813682	237627550	1
LRRFIP2	chr3	37049134	37183689	37183689	-1
LRRIQ1	chr12	85036314	85264457	85036314	1
LRRIQ3	chr1	74026015	74198196	74198196	-1
LRRIQ4	chr3	169812870	169837773	169812870	1
LRRK1	chr15	100918893	101078257	100918893	1
LRRK2	chr12	40196744	40369285	40196744	1
LRRN1	chr3	3799378	3849834	3799378	1
LRRN2	chr1	204617170	204685745	204685745	-1
LRRN3	chr7	111091006	111125454	111091006	1
LRRN4	chr20	6036480	6060313	6060313	-1
LRRN4CL	chr11	62686406	62689609	62689609	-1
LRRTM1	chr2	80288351	80304757	80304757	-1
LRRTM2	chr5	138868921	138875383	138875383	-1
LRRTM3	chr10	66926029	67101551	66926029	1
LRRTM4	chr2	76747685	77593319	77593319	-1
LRSAM1	chr9	127451469	127503503	127451469	1
LRTM1	chr3	54918231	54967088	54967088	-1
LRTM2	chr12	1820267	1836753	1820267	1
LRTM3	chr13	102729367	102759072	102759072	-1
LRTOMT	chr11	72080331	72110782	72080331	1
LRWD1	chr7	102464924	102476237	102464924	1
LSAMP	chr3	115802374	117997592	117997592	-1
LSG1	chr3	194640788	194672463	194672463	-1
LSM1	chr8	38161436	38176730	38176730	-1
LSM10	chr1	36388814	36397945	36397945	-1
LSM11	chr5	157743706	157760709	157743706	1
LSM12	chr17	44033931	44067619	44067619	-1
LSM14A	chr19	34172413	34229513	34172413	1
LSM14B	chr20	62122417	62136728	62122417	1
LSM2	chr6	31797019	31806992	31806992	-1
LSM3	chr3	14178749	14216186	14178749	1
LSM4	chr19	18306231	18323112	18323112	-1
LSM5	chr7	32474306	32495283	32495283	-1
LSM6	chr4	146175685	146207942	146175685	1
LSM7	chr19	2321507	2328630	2328630	-1
LSM8	chr7	118183976	118204035	118183976	1
LSMEM1	chr7	112480853	112491418	112480853	1
LSMEM2	chr3	50279030	50288116	50279030	1
LSP1	chr11	1850904	1892267	1850904	1
LSR	chr19	35248330	35267967	35248330	1
LSS	chr21	46187299	46228840	46228840	-1
LST1	chr6	31581065	31588911	31581065	1
LTA	chr6	31572054	31574324	31572054	1
LTA4H	chr12	96000298	96043523	96043523	-1
LTAP1	chr1	154206666	154220686	154220686	-1
LTB	chr6	31580525	31582522	31582522	-1
LTB4R	chr14	24311188	24318036	24311188	1
LTB4R2	chr14	24305734	24312053	24305734	1
LTBP1	chr2	32946472	33400509	32946472	1
LTBP2	chr14	74498163	74612378	74612378	-1
LTBP3	chr11	65538556	65558930	65558930	-1
LTBP4	chr19	40592883	40629821	40592883	1
LTBR	chr12	6375045	6391571	6375045	1
LTC4S	chr5	179793852	179797712	179793852	1
LTF	chr3	46434347	46485234	46485234	-1
LTK	chr15	41503634	41513887	41513887	-1
LTN1	chr21	28927886	28992956	28992956	-1
LTO1	chr11	69653072	69675416	69675416	-1
LTV1	chr6	143843302	143864329	143843302	1
LUC7L	chr16	188943	229485	229485	-1
LUC7L2	chr7	139340359	139425496	139340359	1
LUC7L3	chr17	50719565	50756219	50719565	1
LUM	chr12	91102526	91111682	91111682	-1
LURAP1	chr1	46203191	46223718	46203191	1
LURAP1L	chr9	12775005	12823060	12775005	1
LUZP1	chr1	23084030	23178152	23178152	-1
LUZP2	chr11	24496970	25082712	24496970	1
LUZP4	chrX	115289715	115307563	115289715	1
LVRN	chr5	115962454	116027619	115962454	1
LXN	chr3	158591891	158672732	158672732	-1
LY6D	chr8	142784881	142786546	142786546	-1
LY6E	chr8	143012722	143023835	143012722	1
LY6G5B	chr6	31669976	31673776	31669976	1
LY6G5C	chr6	31676684	31684040	31684040	-1
LY6G6C	chr6	31718648	31721746	31721746	-1
LY6G6D	chr6	31715285	31717919	31715285	1
LY6G6F	chr6	31706863	31710801	31706863	1
LY6G6F-LY6G6D	chr6	31706904	31717918	31706904	1
LY6H	chr8	143157914	143160711	143160711	-1
LY6K	chr8	142699988	142705190	142699988	1
LY6L	chr8	143080299	143083486	143080299	1
LY6S	chr8	143040839	143048357	143048357	-1
LY75	chr2	159803344	159904847	159904847	-1
LY75-CD302	chr2	159771851	159904710	159904710	-1
LY86	chr6	6588108	6654984	6588108	1
LY9	chr1	160796071	160828601	160796071	1
LY96	chr8	73991346	74032658	73991346	1
LYAR	chr4	4267572	4290196	4290196	-1
LYG1	chr2	99284238	99306110	99306110	-1
LYG2	chr2	99242169	99255666	99255666	-1
LYL1	chr19	13099028	13103188	13103188	-1
LYN	chr8	55879797	56014169	55879797	1
LYNX1	chr8	142771197	142777889	142777889	-1
LYNX1-SLURP2	chr8	142764334	142778224	142778224	-1
LYPD1	chr2	132640803	132671579	132671579	-1
LYPD2	chr8	142750150	142753006	142753006	-1
LYPD3	chr19	43460787	43465608	43465608	-1
LYPD4	chr19	41837073	41844718	41844718	-1
LYPD5	chr19	43785874	43827206	43827206	-1
LYPD6	chr2	149329985	149474139	149329985	1
LYPD6B	chr2	149037975	149215266	149037975	1
LYPD8	chr1	248735578	248755771	248755771	-1
LYPLA1	chr8	54046367	54102035	54102035	-1
LYPLA2	chr1	23791110	23795545	23791110	1
LYPLAL1	chr1	219173821	219327124	219173821	1
LYRM1	chr16	20899821	20925011	20899821	1
LYRM2	chr6	89568144	89638761	89638761	-1
LYRM4	chr6	5065297	5261431	5261431	-1
LYRM7	chr5	131170845	131205428	131170845	1
LYRM9	chr17	27878314	27894752	27894752	-1
LYSET	chr14	93184951	93188463	93184951	1
LYSMD1	chr1	151159748	151165948	151165948	-1
LYSMD2	chr15	51722646	51751585	51751585	-1
LYSMD3	chr5	90512565	90529745	90529745	-1
LYSMD4	chr15	99715697	99733561	99733561	-1
LYST	chr1	235661041	235883724	235883724	-1
LYVE1	chr11	10555420	10611689	10611689	-1
LYZ	chr12	69348381	69354237	69348381	1
LYZL1	chr10	29289061	29318328	29289061	1
LYZL2	chr10	30606221	30629762	30629762	-1
LYZL4	chr3	42397083	42410610	42410610	-1
LYZL6	chr17	35934518	35943713	35943713	-1
LZIC	chr1	9922113	9943407	9943407	-1
LZTFL1	chr3	45823316	45916042	45916042	-1
LZTR1	chr22	20981979	20999037	20981979	1
LZTS1	chr8	20246165	20303970	20303970	-1
LZTS2	chr10	100996539	101007852	100996539	1
LZTS3	chr20	3162617	3174504	3174504	-1
M1AP	chr2	74557883	74648350	74648350	-1
M6PR	chr12	8940358	8951856	8951856	-1
MAB21L1	chr13	35473419	35478764	35478764	-1
MAB21L2	chr4	150582151	150584693	150582151	1
MAB21L3	chr1	116111068	116138149	116111068	1
MAB21L4	chr2	240886048	240896894	240896894	-1
MACC1	chr7	20134655	20217849	20217849	-1
MACF1	chr1	39081316	39487755	39081316	1
MACIR	chr5	103258388	103280933	103258388	1
MACO1	chr1	25430853	25500209	25430853	1
MACROD1	chr11	63998553	64166501	64166501	-1
MACROD2	chr20	13995369	16053197	13995369	1
MACROH2A1	chr5	135332641	135400023	135400023	-1
MACROH2A2	chr10	70052544	70112282	70052544	1
MAD1L1	chr7	1815787	2233243	2233243	-1
MAD2L1	chr4	120055623	120067192	120067192	-1
MAD2L1BP	chr6	43629494	43640960	43629494	1
MAD2L2	chr1	11657230	11692605	11692605	-1
MADCAM1	chr19	489176	505343	489176	1
MADD	chr11	47269161	47330038	47269161	1
MAEA	chr4	1289839	1340148	1289839	1
MAEL	chr1	166975582	167022214	166975582	1
MAF	chr16	79583128	79600737	79600737	-1
MAF1	chr8	144103112	144107618	144103112	1
MAFA	chr8	143419182	143430732	143430732	-1
MAFB	chr20	40685848	40689236	40689236	-1
MAFF	chr22	38200767	38219321	38200767	1
MAFG	chr17	81918270	81927769	81927769	-1
MAFK	chr7	1530687	1543049	1530687	1
MAG	chr19	35291647	35316932	35291647	1
MAGEA1	chrX	153179284	153183880	153179284	1
MAGEA10	chrX	152133310	152138578	152138578	-1
MAGEA11	chrX	149688228	149717268	149688228	1
MAGEA12	chrX	152733757	152737679	152733757	1
MAGEA2	chrX	152749857	152754145	152754145	-1
MAGEA2B	chrX	152714580	152718612	152714580	1
MAGEA3	chrX	152698767	152702347	152698767	1
MAGEA4	chrX	151912495	151925173	151912495	1
MAGEA6	chrX	152766136	152769716	152769716	-1
MAGEA8	chrX	149881141	149885835	149881141	1
MAGEA9	chrX	149781930	149787737	149781930	1
MAGEA9B	chrX	149581653	149587471	149587471	-1
MAGEB1	chrX	30243715	30252041	30243715	1
MAGEB10	chrX	27807990	27823014	27807990	1
MAGEB16	chrX	35798342	35803772	35798342	1
MAGEB17	chrX	16167481	16171464	16167481	1
MAGEB18	chrX	26138343	26140736	26138343	1
MAGEB2	chrX	30215552	30220089	30215552	1
MAGEB3	chrX	30230657	30237495	30230657	1
MAGEB4	chrX	30242000	30244187	30242000	1
MAGEB5	chrX	26216169	26218270	26216169	1
MAGEB6	chrX	26192440	26195646	26192440	1
MAGEB6B	chrX	26160601	26162410	26160601	1
MAGEC1	chrX	141903863	141917770	141903863	1
MAGEC2	chrX	142202342	142205290	142205290	-1
MAGEC3	chrX	141838316	141898234	141838316	1
MAGED1	chrX	51803007	51902357	51803007	1
MAGED2	chrX	54807572	54816015	54807572	1
MAGED4	chrX	52184767	52192268	52184767	1
MAGED4B	chrX	52061827	52069272	52069272	-1
MAGEE1	chrX	76427710	76431342	76427710	1
MAGEE2	chrX	75782987	75785254	75785254	-1
MAGEF1	chr3	184708749	184712073	184712073	-1
MAGEH1	chrX	55452127	55453566	55452127	1
MAGEL2	chr15	23643549	23647867	23647867	-1
MAGI1	chr3	65353167	66038931	66038931	-1
MAGI2	chr7	78017055	79453845	79453845	-1
MAGI3	chr1	113390390	113687431	113390390	1
MAGIX	chrX	49162564	49169931	49162564	1
MAGOH	chr1	53226638	53238626	53238626	-1
MAGOHB	chr12	10603393	10613616	10613616	-1
MAGT1	chrX	77825747	77899271	77899271	-1
MAIP1	chr2	199955317	200008540	199955317	1
MAJIN	chr11	64937517	64972113	64972113	-1
MAK	chr6	10762723	10838553	10838553	-1
MAK16	chr8	33484696	33501282	33484696	1
MAL	chr2	95025677	95054942	95025677	1
MAL2	chr8	119165034	119249903	119165034	1
MALL	chr2	110083870	110116075	110116075	-1
MALRD1	chr10	19048799	19790401	19048799	1
MALSU1	chr7	23298739	23311729	23298739	1
MALT1	chr18	58671426	58754477	58671426	1
MAMDC2	chr9	70043516	70226987	70043516	1
MAMDC4	chr9	136850943	136860802	136850943	1
MAML1	chr5	179732672	179777283	179732672	1
MAML2	chr11	95976598	96343255	96343255	-1
MAML3	chr4	139716753	140154227	140154227	-1
MAMLD1	chrX	150361422	150514178	150361422	1
MAMSTR	chr19	48711737	48719966	48719966	-1
MAN1A1	chr6	119177116	119349798	119349798	-1
MAN1A2	chr1	117366679	117551457	117366679	1
MAN1B1	chr9	137085917	137109189	137085917	1
MAN1C1	chr1	25616788	25786206	25616788	1
MAN2A1	chr5	109689367	109869625	109689367	1
MAN2A2	chr15	90902218	90922585	90902218	1
MAN2B1	chr19	12643831	12666762	12666762	-1
MAN2B2	chr4	6575130	6623362	6575130	1
MAN2C1	chr15	75355207	75368656	75368656	-1
MANBA	chr4	102630770	102761000	102761000	-1
MANBAL	chr20	37289559	37317260	37289559	1
MANEA	chr6	95577466	95609484	95577466	1
MANEAL	chr1	37793788	37804745	37793788	1
MANF	chr3	51385255	51389802	51385255	1
MANSC1	chr12	12320182	12350483	12350483	-1
MANSC4	chr12	27762291	27780236	27780236	-1
MAOA	chrX	43654907	43746821	43654907	1
MAOB	chrX	43766400	43882568	43882568	-1
MAP10	chr1	232805416	232809929	232805416	1
MAP1A	chr15	43510946	43531620	43510946	1
MAP1B	chr5	72107234	72209565	72107234	1
MAP1LC3A	chr20	34546838	34560357	34546838	1
MAP1LC3B	chr16	87383953	87405090	87383953	1
MAP1LC3B2	chr12	116548105	116576606	116548105	1
MAP1LC3C	chr1	241995188	242001584	242001584	-1
MAP1S	chr19	17719242	17734515	17719242	1
MAP2	chr2	209423988	209734235	209423988	1
MAP2K1	chr15	66386816	66491656	66386816	1
MAP2K2	chr19	4090316	4124238	4124238	-1
MAP2K3	chr17	21284672	21315240	21284672	1
MAP2K4	chr17	12020808	12143830	12020808	1
MAP2K5	chr15	67542611	67807123	67542611	1
MAP2K6	chr17	69414683	69553865	69414683	1
MAP2K7	chr19	7903823	7914480	7903823	1
MAP3K1	chr5	56815381	56896152	56815381	1
MAP3K10	chr19	40191412	40215579	40191412	1
MAP3K11	chr11	65597149	65615382	65615382	-1
MAP3K12	chr12	53479669	53500063	53500063	-1
MAP3K13	chr3	185282941	185489094	185282941	1
MAP3K14	chr17	45263119	45317112	45317112	-1
MAP3K15	chrX	19360056	19515513	19515513	-1
MAP3K19	chr2	134964485	135047468	135047468	-1
MAP3K2	chr2	127298668	127388465	127388465	-1
MAP3K20	chr2	173057181	173268909	173057181	1
MAP3K21	chr1	233327648	233385321	233327648	1
MAP3K3	chr17	63622379	63696310	63622379	1
MAP3K4	chr6	160991344	161117385	160991344	1
MAP3K5	chr6	136557030	136793103	136793103	-1
MAP3K6	chr1	27355179	27366986	27366986	-1
MAP3K7	chr6	90513472	90587233	90587233	-1
MAP3K7CL	chr21	29077060	29175889	29077060	1
MAP3K8	chr10	30433219	30462348	30433219	1
MAP3K9	chr14	70722526	70809566	70809566	-1
MAP4	chr3	47850678	48089299	48089299	-1
MAP4K1	chr19	38587641	38619161	38619161	-1
MAP4K2	chr11	64784918	64803245	64803245	-1
MAP4K3	chr2	39249266	39437354	39437354	-1
MAP4K4	chr2	101696850	101894690	101696850	1
MAP4K5	chr14	50417845	50561126	50561126	-1
MAP6	chr11	75586916	75669187	75669187	-1
MAP6D1	chr3	183815881	183825612	183825612	-1
MAP7	chr6	136341002	136550868	136550868	-1
MAP7D1	chr1	36155541	36180849	36155541	1
MAP7D2	chrX	20006713	20117065	20117065	-1
MAP7D3	chrX	136213220	136256482	136256482	-1
MAP9	chr4	155342658	155376970	155376970	-1
MAPDA	chr15	43329654	43355418	43329654	1
MAPK1	chr22	21755537	21867680	21867680	-1
MAPK10	chr4	85990007	86594625	86594625	-1
MAPK11	chr22	50263703	50270767	50270767	-1
MAPK12	chr22	50245186	50261851	50261851	-1
MAPK13	chr6	36127809	36144524	36127809	1
MAPK14	chr6	36027700	36122511	36027700	1
MAPK15	chr8	143716279	143722458	143716279	1
MAPK1IP1L	chr14	55051647	55070194	55051647	1
MAPK3	chr16	30114104	30123506	30123506	-1
MAPK4	chr18	50559451	50731830	50559451	1
MAPK6	chr15	51952106	52067375	51952106	1
MAPK7	chr17	19377721	19383544	19377721	1
MAPK8	chr10	48306637	48439360	48306637	1
MAPK8IP1	chr11	45885593	45906470	45885593	1
MAPK8IP2	chr22	50600659	50613981	50600659	1
MAPK8IP3	chr16	1706166	1770374	1706166	1
MAPK9	chr5	180233143	180292107	180292107	-1
MAPKAP1	chr9	125437381	125707266	125707266	-1
MAPKAPK2	chr1	206684871	206734284	206684871	1
MAPKAPK3	chr3	50611487	50651017	50611487	1
MAPKAPK5	chr12	111841998	111902222	111841998	1
MAPKBP1	chr15	41774434	41827855	41774434	1
MAPRE1	chr20	32819769	32856294	32819769	1
MAPRE2	chr18	34976928	35143470	34976928	1
MAPRE3	chr2	26970400	27027219	26970400	1
MAPT	chr17	45894278	46028334	45894278	1
MARCHF1	chr4	163524298	164384050	164384050	-1
MARCHF10	chr17	62701314	62808344	62808344	-1
MARCHF11	chr5	16067139	16180762	16180762	-1
MARCHF2	chr19	8411460	8439017	8411460	1
MARCHF3	chr5	126867714	127031652	127031652	-1
MARCHF4	chr2	216257865	216372483	216372483	-1
MARCHF5	chr10	92291142	92354079	92291142	1
MARCHF6	chr5	10353691	10440388	10353691	1
MARCHF7	chr2	159712001	159800960	159712001	1
MARCHF8	chr10	45454585	45594931	45594931	-1
MARCHF9	chr12	57754940	57760411	57754940	1
MARCKS	chr6	113857334	113864997	113857334	1
MARCKSL1	chr1	32333564	32336241	32336241	-1
MARCO	chr2	118942172	118994664	118942172	1
MARCOL	chr5	148221650	148243580	148221650	1
MARF1	chr16	15594302	15643209	15643209	-1
MARK1	chr1	220528086	220664461	220528086	1
MARK2	chr11	63838852	63911020	63838852	1
MARK3	chr14	103385361	103503835	103385361	1
MARK4	chr19	45079288	45305284	45079288	1
MARS1	chr12	57475445	57517702	57475445	1
MARS2	chr2	197705369	197708395	197705369	1
MARVELD1	chr10	97713173	97718150	97713173	1
MARVELD2	chr5	69415065	69444330	69415065	1
MARVELD3	chr16	71626150	71642114	71626150	1
MAS1	chr6	159830066	159917447	159830066	1
MAS1L	chr6	29486697	29487956	29487956	-1
MASP1	chr3	187216086	187292278	187292278	-1
MASP2	chr1	11022009	11047273	11047273	-1
MAST1	chr19	12833860	12874952	12833860	1
MAST2	chr1	45786987	46036228	45786987	1
MAST3	chr19	18097749	18151692	18097749	1
MAST4	chr5	66596326	67169593	66596326	1
MASTL	chr10	27154425	27187953	27154425	1
MAT1A	chr10	80269780	80290150	80290150	-1
MAT2A	chr2	85539163	85545281	85539163	1
MAT2B	chr5	163503109	163519588	163503109	1
MATCAP1	chr16	67175599	67184228	67184228	-1
MATCAP2	chr7	36323935	36390125	36390125	-1
MATK	chr19	3777969	3802129	3802129	-1
MATN1	chr1	30711277	30723585	30723585	-1
MATN2	chr8	97868840	98037356	97868840	1
MATN3	chr2	19992052	20012824	20012824	-1
MATN4	chr20	45293445	45312469	45312469	-1
MATR3	chr5	139273752	139332518	139273752	1
MAU2	chr19	19320811	19358754	19320811	1
MAVS	chr20	3842694	3876123	3842694	1
MAX	chr14	65005398	65102695	65102695	-1
MAZ	chr16	29805637	29811176	29805637	1
MB	chr22	35606764	35637951	35637951	-1
MB21D2	chr3	192796679	192918265	192918265	-1
MBD1	chr18	50266743	50281846	50281846	-1
MBD2	chr18	54151606	54224787	54224787	-1
MBD3	chr19	1573596	1592911	1592911	-1
MBD3L1	chr19	8832365	8843340	8832365	1
MBD3L2	chr19	7049321	7051735	7049321	1
MBD3L2B	chr19	7018969	7021431	7021431	-1
MBD3L3	chr19	7056207	7069665	7069665	-1
MBD3L4	chr19	7037749	7040179	7040179	-1
MBD3L5	chr19	7030578	7033011	7030578	1
MBD4	chr3	129430282	129440543	129440543	-1
MBD5	chr2	148021011	148516971	148021011	1
MBD6	chr12	57520710	57530614	57520710	1
MBIP	chr14	36298231	36320680	36320680	-1
MBL2	chr10	52758075	52773009	52773009	-1
MBLAC1	chr7	100126694	100128498	100126694	1
MBLAC2	chr5	90457960	90474786	90474786	-1
MBNL1	chr3	152243504	152466146	152243504	1
MBNL2	chr13	97221434	97399380	97221434	1
MBNL3	chrX	132369320	132490155	132490155	-1
MBOAT1	chr6	20099684	20212780	20212780	-1
MBOAT2	chr2	8852473	9003859	9003859	-1
MBOAT4	chr8	30118433	30144669	30144669	-1
MBOAT7	chr19	54173412	54189882	54189882	-1
MBP	chr18	76978827	77133683	77133683	-1
MBTD1	chr17	51177419	51261114	51261114	-1
MBTPS1	chr16	84052703	84116966	84116966	-1
MBTPS2	chrX	21839600	21935555	21839600	1
MC1R	chr16	89912119	89920977	89912119	1
MC2R	chr18	13882041	13915707	13915707	-1
MC3R	chr20	56248732	56249815	56248732	1
MC4R	chr18	60371062	60372775	60372775	-1
MC5R	chr18	13824149	13827323	13824149	1
MCAM	chr11	119307972	119321521	119321521	-1
MCAT	chr22	43130627	43143401	43143401	-1
MCC	chr5	113022106	113488823	113488823	-1
MCCC1	chr3	183015218	183116075	183116075	-1
MCCC2	chr5	71579531	71658706	71579531	1
MCCD1	chr6	31528962	31530232	31528962	1
MCEE	chr2	71108926	71130279	71130279	-1
MCEMP1	chr19	7677056	7679834	7677056	1
MCF2	chrX	139581770	139708216	139708216	-1
MCF2L	chr13	112894330	113100412	112894330	1
MCF2L2	chr3	183176121	183428948	183428948	-1
MCFD2	chr2	46895793	46941855	46941855	-1
MCHR1	chr22	40679273	40682812	40679273	1
MCHR2	chr6	99918501	99994247	99994247	-1
MCIDAS	chr5	55218790	55227315	55227315	-1
MCL1	chr1	150560895	150579738	150579738	-1
MCM10	chr10	13161526	13211110	13161526	1
MCM2	chr3	127598223	127622442	127598223	1
MCM3	chr6	52264009	52284881	52284881	-1
MCM3AP	chr21	46232689	46286617	46286617	-1
MCM4	chr8	47960185	47979181	47960185	1
MCM5	chr22	35400076	35452656	35400076	1
MCM6	chr2	135839626	135876484	135876484	-1
MCM7	chr7	100092233	100101940	100101940	-1
MCM8	chr20	5949767	5998977	5949767	1
MCM9	chr6	118813260	118935170	118935170	-1
MCMBP	chr10	119827779	119892556	119892556	-1
MCMDC2	chr8	66870749	66922048	66870749	1
MCOLN1	chr19	7522611	7534009	7522611	1
MCOLN2	chr1	84925583	84997139	84997139	-1
MCOLN3	chr1	85018082	85048887	85048887	-1
MCPH1	chr8	6406592	6648508	6406592	1
MCRIP1	chr17	81821790	81833302	81833302	-1
MCRIP2	chr16	636817	648475	636817	1
MCRS1	chr12	49556544	49568150	49568150	-1
MCTP1	chr5	94703690	95285094	95285094	-1
MCTP2	chr15	94231168	94483952	94231168	1
MCTS1	chrX	120594010	120621159	120594010	1
MCTS2	chr20	31547363	31572771	31547363	1
MCU	chr10	72692088	72887694	72692088	1
MCUB	chr4	109560209	109688799	109560209	1
MCUR1	chr6	13761293	13814696	13814696	-1
MDC1	chr6	30699807	30717562	30717562	-1
MDFI	chr6	41636840	41654250	41636840	1
MDFIC	chr7	114921746	115020313	114921746	1
MDFIC2	chr3	70194479	70312638	70312638	-1
MDGA1	chr6	37630679	37699306	37699306	-1
MDGA2	chr14	46836520	47675605	47675605	-1
MDH1	chr2	63588557	63607273	63588557	1
MDH1B	chr2	206737763	206765337	206765337	-1
MDH2	chr7	76048037	76067508	76048037	1
MDK	chr11	46380748	46383837	46380748	1
MDM1	chr12	68272443	68332396	68332396	-1
MDM2	chr12	68808141	68845544	68808141	1
MDM4	chr1	204516369	204558120	204516369	1
MDN1	chr6	89642498	89819809	89819809	-1
MDP1	chr14	24213939	24216070	24216070	-1
ME1	chr6	83210389	83431370	83431370	-1
ME2	chr18	50878664	50954257	50878664	1
ME3	chr11	86438751	86672636	86672636	-1
MEA1	chr6	43011143	43016868	43016868	-1
MEAF6	chr1	37489993	37515100	37515100	-1
MEAK7	chr16	84476345	84565284	84565284	-1
MECOM	chr3	169083499	169663775	169663775	-1
MECP2	chrX	154021573	154137103	154137103	-1
MECR	chr1	29192657	29230958	29230958	-1
MED1	chr17	39404253	39451306	39451306	-1
MED10	chr5	6357852	6378593	6378593	-1
MED11	chr17	4731411	4733610	4731411	1
MED12	chrX	71118543	71144103	71118543	1
MED12L	chr3	151085286	151437072	151085286	1
MED13	chr17	61942546	62065365	62065365	-1
MED13L	chr12	115957905	116277719	116277719	-1
MED14	chrX	40648305	40735924	40735924	-1
MED15	chr22	20495913	20587632	20495913	1
MED16	chr19	867630	893222	893222	-1
MED17	chr11	93784227	93814963	93784227	1
MED18	chr1	28329002	28335976	28329002	1
MED19	chr11	57703710	57712348	57712348	-1
MED20	chr6	41905331	41921147	41921147	-1
MED21	chr12	27022544	27066343	27022544	1
MED22	chr9	133338312	133348140	133348140	-1
MED23	chr6	131572244	131628313	131628313	-1
MED24	chr17	40019097	40061215	40061215	-1
MED25	chr19	49818269	49840384	49818269	1
MED26	chr19	16574907	16629062	16629062	-1
MED27	chr9	131842105	132079896	132079896	-1
MED28	chr4	17614586	17654143	17614586	1
MED29	chr19	39391303	39400641	39391303	1
MED30	chr8	117520699	117540469	117520699	1
MED31	chr17	6643311	6652290	6652290	-1
MED4	chr13	48001823	48095150	48095150	-1
MED6	chr14	70581253	70600690	70600690	-1
MED7	chr5	157134848	157159019	157159019	-1
MED8	chr1	43383906	43389823	43389823	-1
MED9	chr17	17476981	17494484	17476981	1
MEDAG	chr13	30906200	30925574	30906200	1
MEF2A	chr15	99565372	99716488	99565372	1
MEF2B	chr19	19145563	19192589	19192589	-1
MEF2C	chr5	88717117	88904257	88904257	-1
MEF2D	chr1	156463727	156501266	156501266	-1
MEFV	chr16	3240392	3256954	3256954	-1
MEGF10	chr5	127290796	127465737	127290796	1
MEGF11	chr15	65895079	66253811	66253811	-1
MEGF6	chr1	3487942	3611543	3611543	-1
MEGF8	chr19	42325518	42378769	42325518	1
MEGF9	chr9	120600671	120714473	120714473	-1
MEI1	chr22	41699494	41799456	41699494	1
MEI4	chr6	77650274	77927045	77650274	1
MEIG1	chr10	14954190	14988050	14954190	1
MEIKIN	chr5	131806990	131945698	131945698	-1
MEIOB	chr16	1833986	1884294	1884294	-1
MEIOC	chr17	44656363	44690308	44656363	1
MEIOSIN	chr19	45733439	45764541	45733439	1
MEIS1	chr2	66433452	66573898	66433452	1
MEIS2	chr15	36889204	37102646	37102646	-1
MEIS3	chr19	47403117	47419530	47419530	-1
MEIS3P2	chr17	20589058	20590700	20589058	1
MELK	chr9	36572074	36682131	36572074	1
MELTF	chr3	196980590	197029874	197029874	-1
MEMO1	chr2	31865060	32011230	32011230	-1
MEN1	chr11	64803500	64811294	64811294	-1
MEOX1	chr17	43640072	43661929	43661929	-1
MEOX2	chr7	15611211	15686818	15686818	-1
MEP1A	chr6	46793368	46846488	46793368	1
MEP1B	chr18	32185069	32222605	32185069	1
MEPCE	chr7	100428322	100435138	100428322	1
MEPE	chr4	87821398	87846814	87821398	1
MERTK	chr2	111898456	112040637	111898456	1
MESD	chr15	80946289	80989848	80989848	-1
MESP1	chr15	89749875	89751301	89751301	-1
MESP2	chr15	89760591	89778754	89760591	1
MEST	chr7	130486171	130522765	130486171	1
MET	chr7	116672051	116798391	116672051	1
METAP1	chr4	98995359	99065059	98995359	1
METAP1D	chr2	171999935	172083989	171999935	1
METAP2	chr12	95473520	95515935	95473520	1
METRN	chr16	715093	719796	715093	1
METRNL	chr17	83079583	83095125	83079583	1
METTL1	chr12	57768471	57772131	57772131	-1
METTL13	chr1	171781420	171814023	171781420	1
METTL14	chr4	118685381	118715433	118685381	1
METTL15	chr11	28108248	28527041	28108248	1
METTL16	chr17	2405562	2511904	2511904	-1
METTL17	chr14	20989775	20997035	20989775	1
METTL18	chr1	169791741	169794991	169794991	-1
METTL21A	chr2	207579518	207626297	207626297	-1
METTL21C	chr13	102684835	102695044	102695044	-1
METTL21EP	chr13	102880040	102896033	102880040	1
METTL22	chr16	8621655	8665132	8621655	1
METTL23	chr17	76725981	76735416	76725981	1
METTL24	chr6	110242892	110358502	110358502	-1
METTL25	chr12	82358499	82479239	82358499	1
METTL25B	chr1	156728442	156736960	156728442	1
METTL26	chr16	634412	636378	636378	-1
METTL27	chr7	73832679	73842540	73842540	-1
METTL2A	chr17	62423866	62453385	62423866	1
METTL2B	chr7	128476729	128506602	128476729	1
METTL3	chr14	21498127	21511430	21511430	-1
METTL4	chr18	2537522	2571516	2571516	-1
METTL5	chr2	169810081	169824931	169824931	-1
METTL6	chr3	15381061	15440566	15440566	-1
METTL8	chr2	171315746	171434802	171434802	-1
METTL9	chr16	21597218	21657471	21597218	1
MEX3A	chr1	156072013	156082465	156082465	-1
MEX3B	chr15	82041778	82046172	82046172	-1
MEX3C	chr18	51174550	51218333	51218333	-1
MEX3D	chr19	1554672	1568352	1568352	-1
MFAP1	chr15	43801385	43824741	43824741	-1
MFAP2	chr1	16972933	16981616	16981616	-1
MFAP3	chr5	154038955	154220478	154038955	1
MFAP3L	chr4	169986597	170033031	170033031	-1
MFAP4	chr17	19383431	19387203	19387203	-1
MFAP5	chr12	8637346	8672519	8672519	-1
MFF	chr2	227325151	227361188	227325151	1
MFGE8	chr15	88898683	88913579	88913579	-1
MFHAS1	chr8	8783354	8893648	8893648	-1
MFN1	chr3	179346952	179396566	179346952	1
MFN2	chr1	11980181	12015211	11980181	1
MFNG	chr22	37464544	37486432	37486432	-1
MFRP	chr11	119338942	119346705	119346705	-1
MFSD1	chr3	158732198	158885089	158732198	1
MFSD11	chr17	76735865	76789874	76735865	1
MFSD12	chr19	3538261	3574290	3574290	-1
MFSD2A	chr1	39955112	39972134	39955112	1
MFSD2B	chr2	24009826	24063679	24009826	1
MFSD6	chr2	190407896	190509205	190407896	1
MFSD6L	chr17	8797110	8799365	8799365	-1
MFSD8	chr4	127917799	127966034	127966034	-1
MGA	chr15	41621134	41773081	41621134	1
MGAM	chr7	141907813	142106747	141907813	1
MGAM2	chr7	142111718	142222324	142111718	1
MGARP	chr4	139266164	139280497	139280497	-1
MGAT1	chr5	180784780	180815652	180815652	-1
MGAT2	chr14	49620799	49633312	49620799	1
MGAT3	chr22	39447127	39492194	39447127	1
MGAT4A	chr2	98619106	98732639	98732639	-1
MGAT4B	chr5	179797597	179806979	179806979	-1
MGAT4C	chr12	85955666	86838904	86838904	-1
MGAT4D	chr4	140442262	140498377	140498377	-1
MGAT5	chr2	134119892	134454621	134119892	1
MGAT5B	chr17	76868134	76950393	76868134	1
MGLL	chr3	127689062	128052190	128052190	-1
MGME1	chr20	17968093	17991136	17968093	1
MGMT	chr10	129466679	129770983	129466679	1
MGP	chr12	14879368	14905245	14905245	-1
MGRN1	chr16	4616493	4690977	4616493	1
MGST1	chr12	16270832	16609259	16270832	1
MGST2	chr4	139665768	139754842	139665768	1
MGST3	chr1	165630847	165662097	165630847	1
MIA	chr19	40768997	40777490	40768997	1
MIA-RAB4B	chr19	40771648	40796943	40771648	1
MIA2	chr14	39230231	39388521	39230231	1
MIA3	chr1	222618040	222668171	222618040	1
MIB1	chr18	21704957	21870953	21704957	1
MIB2	chr1	1615433	1630610	1615433	1
MICA	chr6	31399784	31415315	31399784	1
MICAL1	chr6	109444062	109465968	109465968	-1
MICAL2	chr11	12094008	12362140	12094008	1
MICAL3	chr22	17787649	18024561	18024561	-1
MICALL1	chr22	37905657	37942822	37905657	1
MICALL2	chr7	1428465	1459539	1459539	-1
MICB	chr6	31494881	31511124	31494881	1
MICOS10	chr1	19484403	19629821	19484403	1
MICOS10-NBL1	chr1	19597067	19656927	19597067	1
MICOS13	chr19	5678414	5680940	5680940	-1
MICU1	chr10	72355297	72626134	72626134	-1
MICU2	chr13	21492691	21604216	21604216	-1
MICU3	chr8	17026877	17125880	17026877	1
MID1	chrX	10445310	10833730	10833730	-1
MID1IP1	chrX	38801417	38806555	38801417	1
MID2	chrX	107825730	107931637	107825730	1
MIDEAS	chr14	73715122	73790285	73790285	-1
MIDN	chr19	1248316	1259145	1248316	1
MIEF1	chr22	39499432	39518132	39499432	1
MIEF2	chr17	18259527	18266552	18259527	1
MIEN1	chr17	39728496	39730555	39730555	-1
MIER1	chr1	66924895	66989411	66924895	1
MIER2	chr19	305573	344824	344824	-1
MIER3	chr5	56919602	56971675	56971675	-1
MIF	chr22	23894372	23895227	23894372	1
MIF4GD	chr17	75266228	75271237	75271237	-1
MIGA1	chr1	77779619	77879595	77779619	1
MIGA2	chr9	129036614	129072094	129036614	1
MIIP	chr1	12019466	12032048	12019466	1
MILR1	chr17	64449037	64492770	64449037	1
MINAR1	chr15	79431003	79472304	79431003	1
MINAR2	chr5	129748094	129766732	129748094	1
MINDY1	chr1	150995125	151008376	151008376	-1
MINDY2	chr15	58771117	58861900	58771117	1
MINDY3	chr10	15776915	15860553	15860553	-1
MINDY4	chr7	30771388	30892387	30771388	1
MINDY4B	chr3	150870376	150905439	150905439	-1
MINK1	chr17	4833147	4898065	4833147	1
MINPP1	chr10	87504859	87555094	87504859	1
MIOS	chr7	7566823	7611748	7566823	1
MIOX	chr22	50486784	50490648	50486784	1
MIP	chr12	56449502	56469166	56469166	-1
MIPEP	chr13	23730000	23889448	23889448	-1
MIPOL1	chr14	37197881	37580252	37197881	1
MIS12	chr17	5486285	5492080	5486285	1
MIS18A	chr21	32268221	32279098	32279098	-1
MIS18BP1	chr14	45203125	45253542	45253542	-1
MISFA	chr11	18588781	18610255	18588781	1
MISP	chr19	748404	764363	748404	1
MISP3	chr19	14072108	14075062	14072108	1
MITD1	chr2	99161427	99181352	99181352	-1
MITF	chr3	69738536	69968336	69738536	1
MIURF	chr22	39504231	39504443	39504231	1
MIX23	chr3	122338391	122383276	122383276	-1
MIXL1	chr1	226223508	226227384	226223508	1
MKI67	chr10	128096659	128126458	128126458	-1
MKKS	chr20	10401009	10434236	10434236	-1
MKLN1	chr7	131110096	131496632	131110096	1
MKNK1	chr1	46557407	46616850	46616850	-1
MKNK2	chr19	2037465	2061220	2061220	-1
MKRN1	chr7	140453033	140479552	140479552	-1
MKRN2	chr3	12557011	12603555	12557011	1
MKRN2OS	chr3	12514934	12561059	12561059	-1
MKRN3	chr15	23565674	23630075	23565674	1
MKS1	chr17	58205350	58219605	58219605	-1
MKX	chr10	27672874	27746394	27746394	-1
MLANA	chr9	5890873	5910606	5890873	1
MLC1	chr22	50059391	50085969	50085969	-1
MLDHR	chr10	87863559	87863654	87863559	1
MLEC	chr12	120686800	120704285	120686800	1
MLF1	chr3	158571151	158607255	158571151	1
MLF2	chr12	6747986	6768932	6768932	-1
MLH1	chr3	36992834	37051505	36992834	1
MLH3	chr14	75013224	75051532	75051532	-1
MLIP	chr6	53929982	54267788	53929982	1
MLKL	chr16	74671855	74701170	74701170	-1
MLLT1	chr19	6210377	6280029	6280029	-1
MLLT10	chr10	21524584	21743630	21524584	1
MLLT11	chr1	151054177	151069544	151054177	1
MLLT3	chr9	20341669	20622526	20622526	-1
MLLT6	chr17	38705244	38729799	38705244	1
MLN	chr6	33794673	33804006	33804006	-1
MLNR	chr13	49220118	49225201	49220118	1
MLPH	chr2	237485428	237555322	237485428	1
MLST8	chr16	2204248	2209453	2204248	1
MLX	chr17	42567067	42573239	42567067	1
MLXIP	chr12	122078666	122147344	122078666	1
MLXIPL	chr7	73593194	73624575	73624575	-1
MLYCD	chr16	83899057	83951445	83899057	1
MMAA	chr4	145599042	145660033	145599042	1
MMAB	chr12	109553715	109573580	109573580	-1
MMACHC	chr1	45500186	45513382	45500186	1
MMADHC	chr2	149564526	149587812	149587812	-1
MMD	chr17	55392614	55421986	55421986	-1
MMD2	chr7	4892248	4959230	4959230	-1
MME	chr3	155024124	155183813	155024124	1
MMEL1	chr1	2590639	2633019	2633019	-1
MMGT1	chrX	135960588	135974068	135974068	-1
MMP1	chr11	102789401	102798167	102798167	-1
MMP10	chr11	102770502	102780628	102780628	-1
MMP11	chr22	23768226	23784322	23768226	1
MMP12	chr11	102862734	102874990	102874990	-1
MMP13	chr11	102942994	102955740	102955740	-1
MMP14	chr14	22836532	22849041	22836532	1
MMP15	chr16	58025555	58046901	58025555	1
MMP16	chr8	88032011	88328025	88328025	-1
MMP17	chr12	131828393	131853860	131828393	1
MMP19	chr12	55835433	55843005	55843005	-1
MMP2	chr16	55389700	55508058	55389700	1
MMP20	chr11	102576832	102625332	102625332	-1
MMP21	chr10	125753580	125775913	125775913	-1
MMP23B	chr1	1631660	1635263	1631660	1
MMP24	chr20	35226559	35277030	35226559	1
MMP24OS	chr20	35201745	35278131	35278131	-1
MMP25	chr16	3046062	3060729	3046062	1
MMP26	chr11	4704784	4992431	4704784	1
MMP27	chr11	102691487	102705778	102705778	-1
MMP28	chr17	35756249	35795719	35795719	-1
MMP3	chr11	102835801	102843615	102843615	-1
MMP7	chr11	102520508	102530853	102530853	-1
MMP8	chr11	102711796	102727050	102727050	-1
MMP9	chr20	46008869	46016561	46008869	1
MMRN1	chr4	89879532	89954629	89879532	1
MMRN2	chr10	86935540	86969481	86969481	-1
MMS19	chr10	97458083	97499500	97499500	-1
MMS22L	chr6	97141741	97283241	97283241	-1
MMUT	chr6	49430360	49463321	49463321	-1
MN1	chr22	27748277	27801756	27801756	-1
MNAT1	chr14	60734733	60973862	60734733	1
MND1	chr4	153344620	153415653	153344620	1
MNDA	chr1	158802264	158849517	158802264	1
MNS1	chr15	56421544	56465168	56465168	-1
MNT	chr17	2384073	2401142	2401142	-1
MNX1	chr7	156993901	157010668	157010668	-1
MOAP1	chr14	93182176	93184930	93184930	-1
MOB1A	chr2	74152528	74178932	74178932	-1
MOB1B	chr4	70901944	71022449	70901944	1
MOB2	chr11	1469457	1501247	1501247	-1
MOB3A	chr19	2071014	2096679	2096679	-1
MOB3B	chr9	27325209	27529829	27529829	-1
MOB3C	chr1	46607707	46616889	46616889	-1
MOB4	chr2	197515571	197553699	197515571	1
MOBP	chr3	39467172	39529479	39467172	1
MOCOS	chr18	36186894	36272157	36186894	1
MOCS1	chr6	39899578	39934551	39934551	-1
MOCS2	chr5	53094141	53113016	53113016	-1
MOCS3	chr20	50958818	50963929	50958818	1
MOG	chr6	29656598	29674431	29656598	1
MOGAT1	chr2	222671512	222710001	222671512	1
MOGAT2	chr11	75717813	75732963	75717813	1
MOGAT3	chr7	101195007	101201088	101201088	-1
MOGS	chr2	74461057	74465415	74465415	-1
MOK	chr14	102224500	102305193	102305193	-1
MON1A	chr3	49907160	49930173	49930173	-1
MON1B	chr16	77190835	77202398	77190835	1
MON2	chr12	62466799	62600476	62466799	1
MORC1	chr3	108958248	109118134	109118134	-1
MORC2	chr22	30925130	30969662	30969662	-1
MORC3	chr21	36320180	36386148	36320180	1
MORC4	chrX	106813871	107000260	107000260	-1
MORF4L1	chr15	78810487	78903200	78810487	1
MORF4L2	chrX	103675316	103688158	103688158	-1
MORN1	chr1	2319208	2391722	2391722	-1
MORN2	chr2	38875969	38882709	38875969	1
MORN3	chr12	121648742	121672656	121672656	-1
MORN4	chr10	97614551	97634137	97634137	-1
MORN5	chr9	122159903	122200088	122159903	1
MOS	chr8	56112942	56113982	56113982	-1
MOSMO	chr16	22007638	22087534	22007638	1
MOSPD1	chrX	134887613	134915470	134915470	-1
MOSPD2	chrX	14873401	14922327	14873401	1
MOSPD3	chr7	100612102	100616004	100612102	1
MOV10	chr1	112673141	112702415	112673141	1
MOV10L1	chr22	50090002	50161690	50090002	1
MOXD1	chr6	132295882	132401556	132401556	-1
MPC1	chr6	166364916	166383002	166383002	-1
MPC1L	chrX	40623428	40624136	40623428	1
MPC2	chr1	167916675	167937515	167937515	-1
MPDU1	chr17	7583214	7594419	7583214	1
MPDZ	chr9	13100471	13279790	13279790	-1
MPEG1	chr11	59208510	59213474	59213474	-1
MPG	chr16	77007	136889	77007	1
MPHOSPH10	chr2	71130305	71150101	71130305	1
MPHOSPH6	chr16	82131921	82170228	82170228	-1
MPHOSPH8	chr13	19633631	19673441	19633631	1
MPHOSPH9	chr12	123152320	123244014	123244014	-1
MPI	chr15	74890005	74902219	74890005	1
MPIG6B	chr6	31718594	31726714	31718594	1
MPL	chr1	43337808	43354466	43337808	1
MPLKIP	chr7	40092207	40134877	40134877	-1
MPND	chr19	4343527	4360086	4343527	1
MPO	chr17	58269855	58280935	58280935	-1
MPP1	chrX	154778684	154821039	154821039	-1
MPP2	chr17	43875352	43909711	43909711	-1
MPP3	chr17	43800795	43833203	43833203	-1
MPP4	chr2	201644870	201698713	201698713	-1
MPP7	chr10	28050993	28335290	28335290	-1
MPPE1	chr18	11882622	11909180	11909180	-1
MPPED1	chr22	43411196	43507850	43411196	1
MPPED2	chr11	30384493	30586927	30586927	-1
MPRIP	chr17	17042381	17217679	17042381	1
MPST	chr22	37019635	37029828	37019635	1
MPV17	chr2	27309486	27325680	27325680	-1
MPV17L	chr16	15395747	15413271	15395747	1
MPV17L2	chr19	18193197	18196948	18193197	1
MPZ	chr1	161304735	161309974	161309974	-1
MPZL1	chr1	167721192	167794612	167721192	1
MPZL2	chr11	118253416	118264536	118264536	-1
MPZL3	chr11	118226690	118252375	118252375	-1
MR1	chr1	181033374	181061938	181033374	1
MRAP	chr21	32291813	32314784	32291813	1
MRAP2	chr6	84033203	84090887	84033203	1
MRAS	chr3	138347648	138405535	138347648	1
MRC1	chr10	17809014	17911607	17809014	1
MRC2	chr17	62627417	62693597	62627417	1
MRE11	chr11	94415570	94512676	94512676	-1
MREG	chr2	215942584	216034096	216034096	-1
MRFAP1	chr4	6640091	6642731	6640091	1
MRFAP1L1	chr4	6702281	6709923	6709923	-1
MRFAP1L2	chr4	6663396	6676755	6663396	1
MRGBP	chr20	62796452	62801729	62796452	1
MRGPRD	chr11	68980021	68980986	68980986	-1
MRGPRE	chr11	3225030	3232652	3232652	-1
MRGPRF	chr11	69004376	69014407	69014407	-1
MRGPRG	chr11	3217944	3218813	3218813	-1
MRGPRX1	chr11	18933499	18939414	18939414	-1
MRGPRX2	chr11	19054455	19060717	19060717	-1
MRGPRX3	chr11	18120955	18138488	18120955	1
MRGPRX4	chr11	18172837	18174280	18172837	1
MRI1	chr19	13764498	13774282	13764498	1
MRLN	chr10	59736692	59770945	59770945	-1
MRM1	chr17	36601571	36621636	36601571	1
MRM2	chr7	2234195	2242229	2242229	-1
MRM3	chr17	782342	792510	782342	1
MRNIP	chr5	179834406	179862173	179862173	-1
MRO	chr18	50795120	50843112	50843112	-1
MROH1	chr8	144147975	144262470	144147975	1
MROH2A	chr2	233775679	233833423	233775679	1
MROH2B	chr5	40998017	41071342	41071342	-1
MROH5	chr8	141433829	141507230	141507230	-1
MROH6	chr8	143566188	143573110	143573110	-1
MROH7	chr1	54641754	54710266	54641754	1
MROH7-TTC4	chr1	54641786	54742308	54641786	1
MROH8	chr20	37101226	37179588	37179588	-1
MROH9	chr1	170935429	171064765	170935429	1
MRPL1	chr4	77862139	77952791	77862139	1
MRPL10	chr17	47823272	47831545	47831545	-1
MRPL11	chr11	66435075	66466738	66466738	-1
MRPL12	chr17	81703357	81711112	81703357	1
MRPL13	chr8	120380752	120445407	120445407	-1
MRPL14	chr6	44078275	44134339	44134339	-1
MRPL15	chr8	54135183	54149588	54135183	1
MRPL16	chr11	59806138	59811377	59811377	-1
MRPL17	chr11	6680364	6683411	6683411	-1
MRPL18	chr6	159789812	159799027	159789812	1
MRPL19	chr2	75646777	75692058	75646777	1
MRPL2	chr6	43054029	43059464	43059464	-1
MRPL20	chr1	1401907	1407306	1407306	-1
MRPL21	chr11	68862382	68903841	68903841	-1
MRPL22	chr5	154941064	154971241	154941064	1
MRPL23	chr11	1947278	2014943	1947278	1
MRPL24	chr1	156737292	156741590	156741590	-1
MRPL27	chr17	50367293	50373207	50373207	-1
MRPL28	chr16	365449	371289	371289	-1
MRPL3	chr3	131459128	131502995	131502995	-1
MRPL30	chr2	99181111	99224498	99181111	1
MRPL32	chr7	42932346	42948958	42932346	1
MRPL33	chr2	27771683	27781484	27771683	1
MRPL34	chr19	17292543	17306847	17292543	1
MRPL35	chr2	86199355	86222540	86199355	1
MRPL36	chr5	1793019	1802029	1802029	-1
MRPL37	chr1	54184041	54225489	54184041	1
MRPL38	chr17	75898642	75905097	75905097	-1
MRPL39	chr21	25572145	25607588	25607588	-1
MRPL4	chr19	10251901	10260060	10251901	1
MRPL40	chr22	19431837	19436078	19431837	1
MRPL41	chr9	137550424	137552555	137550424	1
MRPL42	chr12	93442358	93516214	93442358	1
MRPL43	chr10	100968131	100990450	100990450	-1
MRPL44	chr2	223957386	223969078	223957386	1
MRPL45	chr17	38297023	38324140	38297023	1
MRPL46	chr15	88459128	88467638	88467638	-1
MRPL47	chr3	179571524	179604663	179604663	-1
MRPL48	chr11	73787297	73865653	73787297	1
MRPL49	chr11	65122183	65127371	65122183	1
MRPL50	chr9	101386116	101398665	101398665	-1
MRPL51	chr12	6490204	6493856	6493856	-1
MRPL52	chr14	22829871	22836024	22829871	1
MRPL53	chr2	74471957	74472699	74472699	-1
MRPL54	chr19	3761841	3769033	3761841	1
MRPL55	chr1	228105949	228109358	228109358	-1
MRPL57	chr13	21176325	21179142	21176325	1
MRPL58	chr17	75012657	75021266	75012657	1
MRPL9	chr1	151759643	151763522	151763522	-1
MRPS10	chr6	42205717	42217881	42217881	-1
MRPS11	chr15	88467413	88525282	88467413	1
MRPS12	chr19	38930917	38937406	38930917	1
MRPS14	chr1	175010789	175023471	175023471	-1
MRPS15	chr1	36455718	36464418	36464418	-1
MRPS16	chr10	73248760	73252693	73252693	-1
MRPS17	chr7	55950705	55956500	55950705	1
MRPS18A	chr6	43669978	43687954	43687954	-1
MRPS18B	chr6	30617759	30626398	30617759	1
MRPS18C	chr4	83455930	83475844	83455930	1
MRPS2	chr9	135499970	135504676	135499970	1
MRPS21	chr1	150293848	150309828	150293848	1
MRPS22	chr3	139005806	139360497	139005806	1
MRPS23	chr17	57834781	57850076	57850076	-1
MRPS24	chr7	43866556	43869893	43869893	-1
MRPS25	chr3	15009611	15065339	15065339	-1
MRPS26	chr20	3046016	3048254	3046016	1
MRPS27	chr5	72214953	72321717	72321717	-1
MRPS28	chr8	79918401	80030376	80030376	-1
MRPS30	chr5	44808941	44820428	44808941	1
MRPS31	chr13	40727694	40771351	40771351	-1
MRPS33	chr7	141002610	141015286	141015286	-1
MRPS34	chr16	1771889	1773487	1773487	-1
MRPS35	chr12	27710796	27756301	27710796	1
MRPS5	chr2	95085369	95122034	95122034	-1
MRPS6	chr21	34072889	34362252	34072889	1
MRPS7	chr17	75261662	75270708	75261662	1
MRPS9	chr2	105037968	105099960	105037968	1
MRRF	chr9	122264141	122331337	122264141	1
MRS2	chr6	24402796	24431065	24402796	1
MRTFA	chr22	40410281	40636726	40636726	-1
MRTFB	chr16	14071058	14266778	14071058	1
MRTO4	chr1	19251555	19260128	19251555	1
MS4A1	chr11	60455752	60470752	60455752	1
MS4A10	chr11	60785333	60801305	60785333	1
MS4A12	chr11	60492696	60507535	60492696	1
MS4A13	chr11	60515392	60542721	60515392	1
MS4A14	chr11	60378530	60417756	60378530	1
MS4A15	chr11	60756863	60776733	60756863	1
MS4A18	chr11	60724720	60745028	60724720	1
MS4A2	chr11	60088261	60098467	60088261	1
MS4A3	chr11	60056587	60071115	60056587	1
MS4A4A	chr11	60185657	60318311	60185657	1
MS4A4E	chr11	60200270	60243162	60243162	-1
MS4A5	chr11	60429572	60455214	60429572	1
MS4A6A	chr11	60169930	60184666	60184666	-1
MS4A6E	chr11	60327251	60396596	60327251	1
MS4A7	chr11	60363737	60395954	60363737	1
MS4A8	chr11	60699576	60716627	60699576	1
MSANTD1	chr4	3244369	3271738	3244369	1
MSANTD2	chr11	124764684	124800706	124800706	-1
MSANTD3	chr9	100426693	100471524	100426693	1
MSANTD3-TMEFF1	chr9	100442271	100577636	100442271	1
MSANTD4	chr11	105995623	106022410	106022410	-1
MSANTD5	chr5	178694559	178697761	178697761	-1
MSANTD7	chr10	14838164	14846999	14838164	1
MSC	chr8	71840939	71844501	71844501	-1
MSGN1	chr2	17816460	17817798	17816460	1
MSH2	chr2	47403067	47663146	47403067	1
MSH3	chr5	80654613	80880295	80654613	1
MSH4	chr1	75796882	75913242	75796882	1
MSH5	chr6	31739677	31762678	31739677	1
MSH5-SAPCD1	chr6	31740020	31764851	31740020	1
MSH6	chr2	47695530	47810109	47695530	1
MSI1	chr12	120341329	120370228	120370228	-1
MSI2	chr17	57255851	57684689	57255851	1
MSL1	chr17	40121637	40136935	40121637	1
MSL2	chr3	135995448	136197241	136197241	-1
MSL3	chrX	11757788	11776782	11757788	1
MSL3B	chr2	233864663	233868413	233868413	-1
MSLN	chr16	760729	768866	760729	1
MSLNL	chr16	769428	782054	782054	-1
MSMB	chr10	46033307	46048180	46048180	-1
MSMO1	chr4	165327660	165343318	165327660	1
MSMP	chr9	35752990	35756613	35756613	-1
MSN	chrX	65588377	65766886	65588377	1
MSR1	chr8	16107878	16567490	16567490	-1
MSRA	chr8	10054109	10449070	10054109	1
MSRB1	chr16	1935685	1943270	1943270	-1
MSRB2	chr10	23095478	23140121	23095478	1
MSRB3	chr12	65278542	65505156	65278542	1
MSS51	chr10	73423579	73433567	73433567	-1
MST1	chr3	49683922	49689501	49689501	-1
MST1R	chr3	49886902	49906130	49906130	-1
MSTN	chr2	190055700	190062740	190062740	-1
MSTO1	chr1	155563235	155616644	155563235	1
MSX1	chr4	4859665	4863936	4859665	1
MSX2	chr5	174724551	174730896	174724551	1
MT1A	chr16	56638202	56640087	56638202	1
MT1B	chr16	56651885	56653204	56651885	1
MT1E	chr16	56625475	56627112	56625475	1
MT1F	chr16	56657640	56660698	56657640	1
MT1G	chr16	56666730	56668072	56668072	-1
MT1H	chr16	56669660	56671135	56669660	1
MT1HL1	chr1	237004103	237004441	237004441	-1
MT1M	chr16	56632485	56633986	56632485	1
MT1X	chr16	56682058	56686110	56682058	1
MT2A	chr16	56608130	56609503	56608130	1
MT3	chr16	56589074	56591093	56589074	1
MT4	chr16	56565073	56569108	56565073	1
MTA1	chr14	105419808	105470737	105419808	1
MTA2	chr11	62593214	62601927	62601927	-1
MTA3	chr2	42494569	42756950	42494569	1
MTAP	chr9	21802614	21937651	21802614	1
MTARC1	chr1	220786352	220819659	220786352	1
MTARC2	chr1	220747877	220784824	220747877	1
MTBP	chr8	120445390	120542133	120445390	1
MTCH1	chr6	36965807	36986298	36986298	-1
MTCH2	chr11	47604339	47642698	47642698	-1
MTCL1	chr18	8705228	8832780	8705228	1
MTCL2	chr20	36777447	36863795	36863795	-1
MTCL3	chr6	127467569	127519383	127519383	-1
MTCP1	chrX	155064034	155147937	155147937	-1
MTDH	chr8	97643612	97730260	97643612	1
MTERF1	chr7	91689903	91880732	91880732	-1
MTERF2	chr12	106973120	106987173	106987173	-1
MTERF3	chr8	96238162	96261626	96261626	-1
MTERF4	chr2	241072169	241102332	241102332	-1
MTF1	chr1	37809574	37859614	37859614	-1
MTF2	chr1	93079235	93139871	93079235	1
MTFMT	chr15	64990829	65029652	65029652	-1
MTFP1	chr22	30425623	30429058	30425623	1
MTFR1	chr8	65643876	65800600	65643876	1
MTFR1L	chr1	25818640	25835879	25818640	1
MTFR2	chr6	136231024	136250571	136250571	-1
MTG1	chr10	133394071	133422765	133394071	1
MTG2	chr20	62183005	62203571	62183005	1
MTHFD1	chr14	64388031	64463457	64388031	1
MTHFD1L	chr6	150865419	151101889	150865419	1
MTHFD2	chr2	74186172	74218432	74186172	1
MTHFD2L	chr4	74114174	74303099	74114174	1
MTHFR	chr1	11785723	11806455	11806455	-1
MTHFS	chr15	79833585	79897379	79897379	-1
MTHFSD	chr16	86530178	86555235	86555235	-1
MTIF2	chr2	55236218	55270263	55270263	-1
MTIF3	chr13	27429823	27450613	27450613	-1
MTLN	chr2	110211528	110245420	110245420	-1
MTM1	chrX	150547904	150673322	150547904	1
MTMR1	chrX	150692971	150765165	150692971	1
MTMR10	chr15	30918719	30991979	30991979	-1
MTMR11	chr1	149928650	149937534	149937534	-1
MTMR12	chr5	32223220	32313014	32313014	-1
MTMR14	chr3	9649307	9702394	9649307	1
MTMR2	chr11	95821766	95925315	95925315	-1
MTMR3	chr22	29883141	30030868	29883141	1
MTMR4	chr17	58489529	58517905	58517905	-1
MTMR6	chr13	25245495	25287546	25287546	-1
MTMR7	chr8	17294951	17413528	17413528	-1
MTMR8	chrX	64264031	64395500	64395500	-1
MTMR9	chr8	11284450	11328146	11284450	1
MTNAP1	chr17	73232233	73248962	73232233	1
MTNR1A	chr4	186526792	186555567	186555567	-1
MTNR1B	chr11	92969651	92985066	92969651	1
MTO1	chr6	73461578	73509236	73461578	1
MTOR	chr1	11106531	11262556	11262556	-1
MTPAP	chr10	30309801	30374448	30374448	-1
MTPN	chr7	135900135	135977456	135977456	-1
MTR	chr1	236795260	236921278	236795260	1
MTRES1	chr6	107028167	107051594	107028167	1
MTREX	chr5	55307736	55426075	55307736	1
MTRF1	chr13	41216145	41311831	41311831	-1
MTRF1L	chr6	152987362	153002802	153002802	-1
MTRFR	chr12	123232142	123258079	123232142	1
MTRR	chr5	7851186	7906025	7851186	1
MTSS1	chr8	124550772	124728948	124728948	-1
MTSS2	chr16	70661204	70686086	70686086	-1
MTTP	chr4	99564081	99623997	99564081	1
MTURN	chr7	30134728	30162765	30134728	1
MTUS1	chr8	17643303	17801545	17801545	-1
MTUS2	chr13	28819906	29505947	28819906	1
MTX1	chr1	155208695	155213824	155208695	1
MTX2	chr2	176269395	176338025	176269395	1
MTX3	chr5	79976716	79991270	79991270	-1
MUC1	chr1	155185824	155192916	155192916	-1
MUC12	chr7	100969431	101018940	100969431	1
MUC13	chr3	124905440	124953819	124953819	-1
MUC15	chr11	26559031	26572263	26572263	-1
MUC16	chr19	8848638	9010438	9010438	-1
MUC17	chr7	101020072	101058859	101020072	1
MUC19	chr12	40393395	40570832	40393395	1
MUC2	chr11	1074875	1110511	1074875	1
MUC20	chr3	195720868	195741123	195720868	1
MUC21	chr6	30983718	30989903	30983718	1
MUC22	chr6	31010474	31036882	31010474	1
MUC3A	chr7	100949414	100968348	100949414	1
MUC4	chr3	195746765	195811973	195811973	-1
MUC5AC	chr11	1157953	1201138	1157953	1
MUC5B	chr11	1223066	1262172	1223066	1
MUC6	chr11	1012823	1036718	1036718	-1
MUC7	chr4	70430492	70482997	70430492	1
MUCL1	chr12	54830518	54896008	54830518	1
MUCL3	chr6	30940973	30954221	30940973	1
MUL1	chr1	20495722	20508163	20508163	-1
MUS81	chr11	65857126	65867653	65857126	1
MUSK	chr9	110668656	110806558	110668656	1
MUSTN1	chr3	52833113	52835222	52835222	-1
MUTYH	chr1	45329163	45340893	45340893	-1
MVB12A	chr19	17405722	17436364	17405722	1
MVB12B	chr9	126326494	126507047	126326494	1
MVD	chr16	88651934	88663166	88663166	-1
MVK	chr12	109573255	109600609	109573255	1
MVP	chr16	29820394	29848039	29820394	1
MX1	chr21	41420020	41470071	41420020	1
MX2	chr21	41361957	41409420	41361957	1
MXD1	chr2	69897688	69942945	69897688	1
MXD3	chr5	177301461	177312757	177312757	-1
MXD4	chr4	2247431	2262144	2262144	-1
MXI1	chr10	110207546	110287916	110207546	1
MXRA5	chrX	3308228	3347100	3347100	-1
MXRA7	chr17	76672551	76711091	76711091	-1
MXRA8	chr1	1352683	1361800	1361800	-1
MYADM	chr19	53864763	53878125	53864763	1
MYADML2	chr17	81939645	81947233	81947233	-1
MYB	chr6	135180897	135219173	135180897	1
MYBBP1A	chr17	4538897	4555403	4555403	-1
MYBL1	chr8	66562175	66614247	66614247	-1
MYBL2	chr20	43667005	43716495	43667005	1
MYBPC1	chr12	101568353	101688685	101568353	1
MYBPC2	chr19	50432772	50466328	50432772	1
MYBPC3	chr11	47331406	47352702	47352702	-1
MYBPH	chr1	203167811	203175880	203175880	-1
MYBPHL	chr1	109292363	109307213	109307213	-1
MYC	chr8	127735434	127742951	127735434	1
MYCBP	chr1	38862356	38873388	38873388	-1
MYCBP2	chr13	77042474	77327105	77327105	-1
MYCBPAP	chr17	50508409	50531501	50508409	1
MYCL	chr1	39893597	39902256	39902256	-1
MYCN	chr2	15938396	15947022	15938396	1
MYCT1	chr6	152697889	152724585	152697889	1
MYD88	chr3	38138552	38143024	38138552	1
MYDGF	chr19	4641374	4670403	4670403	-1
MYEF2	chr15	48134632	48178375	48178375	-1
MYEOV	chr11	69294114	69341682	69294114	1
MYF5	chr12	80716906	80719671	80716906	1
MYF6	chr12	80707534	80709670	80707534	1
MYG1	chr12	53299695	53307181	53299695	1
MYH1	chr17	10491027	10518719	10518719	-1
MYH10	chr17	8474205	8632303	8632303	-1
MYH11	chr16	15703135	15858438	15858438	-1
MYH13	chr17	10300865	10373130	10373130	-1
MYH14	chr19	50188181	50310545	50188181	1
MYH15	chr3	108379008	108529322	108529322	-1
MYH16	chr7	99272839	99311132	99272839	1
MYH2	chr17	10521147	10549700	10549700	-1
MYH3	chr17	10628526	10657309	10657309	-1
MYH4	chr17	10443290	10469559	10469559	-1
MYH6	chr14	23380206	23408945	23408945	-1
MYH7	chr14	23412732	23436137	23436137	-1
MYH7B	chr20	34955810	35002440	34955810	1
MYH8	chr17	10390322	10421950	10421950	-1
MYH9	chr22	36281277	36388018	36388018	-1
MYL1	chr2	210290145	210315180	210315180	-1
MYL10	chr7	101613330	101629296	101629296	-1
MYL11	chr16	30370332	30377991	30370332	1
MYL12A	chr18	3247481	3256730	3247481	1
MYL12B	chr18	3261479	3278461	3261479	1
MYL2	chr12	110909996	110921443	110921443	-1
MYL3	chr3	46835109	46885911	46885911	-1
MYL4	chr17	47188903	47227760	47188903	1
MYL5	chr4	673519	682033	673519	1
MYL6	chr12	56158322	56166572	56158322	1
MYL6B	chr12	56151966	56159647	56151966	1
MYL7	chr7	44138857	44143179	44143179	-1
MYL9	chr20	36541482	36551950	36541482	1
MYLIP	chr6	16129063	16151367	16129063	1
MYLK	chr3	123610049	123884375	123884375	-1
MYLK2	chr20	31819287	31834689	31819287	1
MYLK3	chr16	46701568	46790407	46790407	-1
MYLK4	chr6	2663629	2770381	2770381	-1
MYMK	chr9	133514586	133528612	133528612	-1
MYMX	chr6	44192822	44218236	44192822	1
MYNN	chr3	169773377	169790449	169773377	1
MYO10	chr5	16661907	16936317	16936317	-1
MYO15A	chr17	18108756	18179802	18108756	1
MYO15B	chr17	75587800	75626849	75587800	1
MYO16	chr13	108596152	109208005	108596152	1
MYO18A	chr17	29071119	29180457	29180457	-1
MYO18B	chr22	25742142	26031045	25742142	1
MYO19	chr17	36495118	36545889	36545889	-1
MYO1A	chr12	57025262	57051198	57051198	-1
MYO1B	chr2	191245064	191425820	191245064	1
MYO1C	chr17	1464186	1492707	1492707	-1
MYO1D	chr17	32492522	32877200	32877200	-1
MYO1E	chr15	59132409	59373121	59373121	-1
MYO1F	chr19	8517463	8577473	8577473	-1
MYO1G	chr7	44962662	44979813	44979813	-1
MYO1H	chr12	109347900	109455523	109347900	1
MYO3A	chr10	25934198	26212533	25934198	1
MYO3B	chr2	170178145	170655171	170178145	1
MYO5A	chr15	52307281	52529248	52529248	-1
MYO5B	chr18	49822789	50195208	50195208	-1
MYO5C	chr15	52192309	52295815	52295815	-1
MYO6	chr6	75748788	75919537	75748788	1
MYO7A	chr11	77128206	77215241	77128206	1
MYO7B	chr2	127535683	127637729	127535683	1
MYO9A	chr15	71822291	72118577	72118577	-1
MYO9B	chr19	17075728	17214537	17075728	1
MYOC	chr1	171635417	171652742	171652742	-1
MYOCD	chr17	12665890	12768949	12665890	1
MYOCOS	chr1	171600621	171638799	171600621	1
MYOD1	chr11	17719565	17722136	17719565	1
MYOF	chr10	93306429	93482334	93482334	-1
MYOG	chr1	203083129	203086050	203086050	-1
MYOM1	chr18	3066693	3220210	3220210	-1
MYOM2	chr8	2036919	2165552	2036919	1
MYOM3	chr1	24054822	24112190	24112190	-1
MYORG	chr9	34366623	34377150	34377150	-1
MYOT	chr5	137867777	137887852	137867777	1
MYOZ1	chr10	73631556	73642103	73642103	-1
MYOZ2	chr4	119128431	119187794	119128431	1
MYOZ3	chr5	150660450	150680022	150660450	1
MYPN	chr10	68087897	68212017	68087897	1
MYPOP	chr19	45890020	45902808	45902808	-1
MYRF	chr11	61752593	61788518	61752593	1
MYRFL	chr12	69825222	69959097	69825222	1
MYRIP	chr3	39808914	40260321	39808914	1
MYSM1	chr1	58643440	58700108	58700108	-1
MYT1	chr20	64102222	64242253	64102222	1
MYT1L	chr2	1789113	2331664	2331664	-1
MYZAP	chr15	57591889	57685676	57591889	1
MZB1	chr5	139387467	139390081	139390081	-1
MZF1	chr19	58561915	58573603	58573603	-1
MZT1	chr13	72708357	72727829	72727829	-1
MZT2A	chr2	131464900	131493042	131493042	-1
MZT2B	chr2	130181737	130190729	130181737	1
N4BP1	chr16	48538726	48620148	48620148	-1
N4BP2	chr4	40056567	40158252	40056567	1
N4BP2L1	chr13	32400723	32428330	32428330	-1
N4BP2L2	chr13	32432417	32539156	32539156	-1
N4BP3	chr5	178113167	178127034	178113167	1
NAA10	chrX	153928799	153935083	153935083	-1
NAA11	chr4	79225694	79326061	79326061	-1
NAA15	chr4	139301446	139420033	139301446	1
NAA16	chr13	41311225	41377161	41311225	1
NAA20	chr20	20017310	20034387	20017310	1
NAA25	chr12	112026689	112109434	112109434	-1
NAA30	chr14	57390504	57415906	57390504	1
NAA35	chr9	85941002	86028516	85941002	1
NAA38	chr17	7856681	7885238	7885238	-1
NAA40	chr11	63938669	63957324	63938669	1
NAA50	chr3	113716458	113746786	113746786	-1
NAA60	chr16	3443623	3486961	3443623	1
NAA80	chr3	50296402	50299437	50299437	-1
NAAA	chr4	75910655	75941118	75941118	-1
NAALAD2	chr11	90131515	90192894	90131515	1
NAALADL1	chr11	65044818	65058558	65058558	-1
NAALADL2	chr3	174438573	175810548	174438573	1
NAB1	chr2	190646746	190695528	190646746	1
NAB2	chr12	57088883	57095476	57088883	1
NABP1	chr2	191678068	191741097	191678068	1
NABP2	chr12	56221978	56229860	56221978	1
NACA	chr12	56712305	56731628	56731628	-1
NACA2	chr17	61590421	61591219	61591219	-1
NACAD	chr7	45080437	45089021	45089021	-1
NACC1	chr19	13116468	13141147	13116468	1
NACC2	chr9	136006537	136095327	136095327	-1
NADK	chr1	1751232	1780544	1780544	-1
NADK2	chr5	36191555	36242279	36242279	-1
NADSYN1	chr11	71453109	71524107	71453109	1
NAE1	chr16	66802874	66873256	66873256	-1
NAF1	chr4	163103930	163166936	163166936	-1
NAGA	chr22	42032595	42071198	42071198	-1
NAGK	chr2	71064344	71079808	71064344	1
NAGLU	chr17	42536216	42544449	42536216	1
NAGPA	chr16	5024756	5034141	5034141	-1
NAGS	chr17	44004581	44011213	44004581	1
NAIF1	chr9	128061233	128068206	128068206	-1
NAIP	chr5	70968166	71025339	71025339	-1
NALCN	chr13	101053773	101416515	101416515	-1
NALF1	chr13	107163510	107867496	107867496	-1
NALF2	chrX	69504321	69532508	69504321	1
NAMPT	chr7	106248298	106291225	106291225	-1
NANOG	chr12	7787794	7799153	7787794	1
NANOGNB	chr12	7765216	7774121	7765216	1
NANOGP8	chr15	35083410	35085295	35085295	-1
NANOS1	chr10	119029714	119042800	119029714	1
NANOS2	chr19	45913214	45914778	45914778	-1
NANOS3	chr19	13862063	13880757	13862063	1
NANP	chr20	25612935	25624020	25624020	-1
NANS	chr9	98056637	98084394	98056637	1
NAP1L1	chr12	76032987	76085624	76085624	-1
NAP1L2	chrX	73212299	73215239	73215239	-1
NAP1L3	chrX	93670930	93673578	93673578	-1
NAP1L4	chr11	2944429	2992416	2992416	-1
NAP1L5	chr4	88695913	88697829	88697829	-1
NAPA	chr19	47484530	47515122	47515122	-1
NAPB	chr20	23371267	23421520	23421520	-1
NAPEPLD	chr7	103099776	103151172	103151172	-1
NAPG	chr18	10525905	10553249	10525905	1
NAPRT	chr8	143574782	143578649	143578649	-1
NAPSA	chr19	50358472	50369342	50369342	-1
NARF	chr17	82458180	82490542	82458180	1
NARS1	chr18	57589520	57622213	57622213	-1
NARS2	chr11	78435539	78575194	78575194	-1
NASP	chr1	45583576	45618905	45583576	1
NAT1	chr8	18170399	18223746	18170399	1
NAT10	chr11	34105583	34147670	34105583	1
NAT14	chr19	55484949	55487578	55484949	1
NAT16	chr7	101170496	101180301	101180301	-1
NAT2	chr8	18391247	18401220	18391247	1
NAT8	chr2	73640723	73643229	73643229	-1
NAT8L	chr4	2058662	2069089	2058662	1
NAT9	chr17	74769697	74776384	74776384	-1
NATD1	chr17	21238870	21253448	21253448	-1
NAV1	chr1	201538946	201826969	201538946	1
NAV2	chr11	19349903	20121601	19349903	1
NAV3	chr12	77324641	78213291	77324641	1
NAXD	chr13	110615505	110643086	110615505	1
NAXE	chr1	156591738	156609507	156591738	1
NBAS	chr2	15166913	15561340	15561340	-1
NBDY	chrX	56728990	56819701	56728990	1
NBEA	chr13	34942270	35673022	34942270	1
NBEAL1	chr2	203014608	203226378	203014608	1
NBEAL2	chr3	46979660	47009707	46979660	1
NBL1	chr1	19596979	19659413	19596979	1
NBN	chr8	89924515	90003228	90003228	-1
NBPF1	chr1	16562319	16613562	16613562	-1
NBPF10	chr1	146064711	146229000	146229000	-1
NBPF11	chr1	148100201	148152342	148152342	-1
NBPF12	chr1	146938313	146998027	146938313	1
NBPF14	chr1	148531385	148679742	148679742	-1
NBPF15	chr1	144421390	144461764	144461764	-1
NBPF19	chr1	149474815	149556361	149474815	1
NBPF20	chr1	145289900	145425624	145425624	-1
NBPF26	chr1	120723912	120842229	120723912	1
NBPF3	chr1	21439853	21485005	21439853	1
NBPF4	chr1	108222464	108244081	108244081	-1
NBPF6	chr1	108450282	108471920	108450282	1
NBPF8	chr1	120415035	120469676	120415035	1
NBPF9	chr1	149052186	149103591	149103591	-1
NBR1	chr17	43170317	43211690	43170317	1
NCALD	chr8	101686542	102124907	102124907	-1
NCAM1	chr11	112961275	113278436	112961275	1
NCAM2	chr21	20998409	21543345	20998409	1
NCAN	chr19	19211948	19252247	19211948	1
NCAPD2	chr12	6493356	6531970	6493356	1
NCAPD3	chr11	134149039	134225504	134225504	-1
NCAPG	chr4	17810844	17848064	17810844	1
NCAPG2	chr7	158625611	158704865	158704865	-1
NCAPH	chr2	96335728	96377091	96335728	1
NCAPH2	chr22	50508127	50524781	50508127	1
NCBP1	chr9	97633402	97676992	97633402	1
NCBP2	chr3	196935402	196942594	196942594	-1
NCBP2AS2	chr3	196942674	196943543	196942674	1
NCBP2L	chrX	107774899	107795829	107774899	1
NCBP3	chr17	3802158	3846263	3846263	-1
NCCRP1	chr19	39196917	39201884	39196917	1
NCDN	chr1	35557442	35567274	35557442	1
NCEH1	chr3	172630249	172711218	172711218	-1
NCF1	chr7	74773975	74790135	74773975	1
NCF2	chr1	183554461	183593499	183593499	-1
NCF4	chr22	36860795	36878067	36860795	1
NCK1	chr3	136862177	136953515	136862177	1
NCK2	chr2	105744369	105896061	105744369	1
NCKAP1	chr2	182909115	183038858	183038858	-1
NCKAP1L	chr12	54497713	54548243	54497713	1
NCKAP5	chr2	132671788	133641580	133641580	-1
NCKAP5L	chr12	49790615	49828750	49828750	-1
NCKIPSD	chr3	48662986	48686364	48686364	-1
NCL	chr2	231453531	231483641	231483641	-1
NCLN	chr19	3185563	3209575	3185563	1
NCMAP	chr1	24556061	24609328	24556061	1
NCOA1	chr2	24490983	24770702	24490983	1
NCOA2	chr8	70109772	70456452	70456452	-1
NCOA3	chr20	47501849	47656877	47501849	1
NCOA4	chr10	46004867	46030670	46030670	-1
NCOA5	chr20	46060984	46089973	46089973	-1
NCOA6	chr20	34689097	34825739	34825739	-1
NCOA7	chr6	125780943	125932034	125780943	1
NCOR1	chr17	16029065	16218185	16218185	-1
NCOR2	chr12	124324407	124567647	124567647	-1
NCR1	chr19	54906112	54941199	54906112	1
NCR2	chr6	41335599	41350889	41335599	1
NCR3	chr6	31588895	31593217	31593217	-1
NCR3LG1	chr11	17351677	17377341	17351677	1
NCS1	chr9	130172315	130237737	130172315	1
NCSTN	chr1	160343294	160358957	160343294	1
NDC1	chr1	53765460	53838582	53838582	-1
NDC80	chr18	2571520	2616635	2571520	1
NDE1	chr16	15643267	15734691	15643267	1
NDEL1	chr17	8408528	8501107	8408528	1
NDFIP1	chr5	142108515	142171800	142108515	1
NDFIP2	chr13	79481150	79556077	79481150	1
NDN	chr15	23685400	23687305	23687305	-1
NDNF	chr4	121029310	121074085	121074085	-1
NDOR1	chr9	137205662	137219371	137205662	1
NDP	chrX	43948772	43973603	43973603	-1
NDRG1	chr8	133237171	133302022	133302022	-1
NDRG2	chr14	21016584	21071094	21071094	-1
NDRG3	chr20	36651766	36746157	36746157	-1
NDRG4	chr16	58462846	58513628	58462846	1
NDST1	chr5	150485405	150558211	150485405	1
NDST2	chr10	73801740	73811963	73811963	-1
NDST3	chr4	118033579	118258634	118033579	1
NDST4	chr4	114827740	115113890	115113890	-1
NDUFA1	chrX	119871437	119878147	119871437	1
NDUFA10	chr2	239892450	240025743	240025743	-1
NDUFA11	chr19	5891207	5904006	5904006	-1
NDUFA12	chr12	94877059	95003748	95003748	-1
NDUFA13	chr19	19515728	19529054	19515728	1
NDUFA2	chr5	140638740	140647823	140647823	-1
NDUFA3	chr19	54102728	54111522	54102728	1
NDUFA5	chr7	123536997	123557904	123557904	-1
NDUFA6	chr22	42080336	42090884	42090884	-1
NDUFA7	chr19	8308593	8321400	8321400	-1
NDUFA8	chr9	122100498	122159817	122159817	-1
NDUFA9	chr12	4649095	4701398	4649095	1
NDUFAB1	chr16	23580952	23596328	23596328	-1
NDUFAF1	chr15	41387218	41409403	41409403	-1
NDUFAF2	chr5	60945117	61154531	60945117	1
NDUFAF3	chr3	49020459	49027593	49020459	1
NDUFAF4	chr6	96889311	96897897	96897897	-1
NDUFAF5	chr20	13784978	13821580	13784978	1
NDUFAF6	chr8	94895533	95116455	94895533	1
NDUFAF7	chr2	37231628	37271420	37231628	1
NDUFAF8	chr17	81239305	81241310	81239305	1
NDUFB1	chr14	92115820	92121978	92121978	-1
NDUFB10	chr16	1959500	1962105	1959500	1
NDUFB11	chrX	47142071	47145507	47145507	-1
NDUFB2	chr7	140690777	140723923	140690777	1
NDUFB3	chr2	201071433	201085757	201071433	1
NDUFB4	chr3	120596273	120602507	120596273	1
NDUFB5	chr3	179604690	179632777	179604690	1
NDUFB6	chr9	32552903	32573189	32573189	-1
NDUFB7	chr19	14566078	14572079	14572079	-1
NDUFB8	chr10	100523668	100530000	100530000	-1
NDUFB9	chr8	124539098	124580648	124539098	1
NDUFC1	chr4	139266880	139302564	139302564	-1
NDUFC2	chr11	78068297	78081871	78081871	-1
NDUFC2-KCTD14	chr11	78016971	78079865	78079865	-1
NDUFS1	chr2	206114817	206159524	206159524	-1
NDUFS2	chr1	161197104	161214723	161197104	1
NDUFS3	chr11	47565336	47584565	47565336	1
NDUFS4	chr5	53560633	53683340	53560633	1
NDUFS5	chr1	39026318	39049718	39026318	1
NDUFS6	chr5	1801363	1816051	1801363	1
NDUFS7	chr19	1383527	1395590	1383527	1
NDUFS8	chr11	68030617	68036649	68030617	1
NDUFV1	chr11	67605653	67612554	67605653	1
NDUFV2	chr18	9102433	9134570	9102433	1
NDUFV3	chr21	42879644	42913304	42879644	1
NEB	chr2	151485336	151734515	151734515	-1
NEBL	chr10	20779973	21293011	21293011	-1
NECAB1	chr8	90791115	90959393	90791115	1
NECAB2	chr16	83968244	84002776	83968244	1
NECAB3	chr20	33657087	33674473	33674473	-1
NECAP1	chr12	8076939	8097881	8076939	1
NECAP2	chr1	16440664	16460092	16440664	1
NECTIN1	chr11	119623408	119729488	119729488	-1
NECTIN2	chr19	44846175	44890134	44846175	1
NECTIN3	chr3	111070071	111275563	111070071	1
NECTIN4	chr1	161070988	161090045	161090045	-1
NEDD1	chr12	96907224	96957823	96907224	1
NEDD4	chr15	55826917	55993660	55993660	-1
NEDD4L	chr18	58043980	58401540	58043980	1
NEDD8	chr14	24216802	24232539	24232539	-1
NEDD8-MDP1	chr14	24213955	24232352	24232352	-1
NEDD9	chr6	11181524	11382348	11382348	-1
NEFH	chr22	29480209	29491390	29480209	1
NEFL	chr8	24950955	24956721	24956721	-1
NEFM	chr8	24913758	24919098	24913758	1
NEGR1	chr1	71395943	72282539	72282539	-1
NEIL1	chr15	75346878	75357115	75346878	1
NEIL2	chr8	11769633	11787346	11769633	1
NEIL3	chr4	177309811	177363082	177309811	1
NEK1	chr4	169369704	169612646	169612646	-1
NEK10	chr3	27106484	27369460	27369460	-1
NEK11	chr3	131026845	131353043	131026845	1
NEK2	chr1	211658251	211675663	211675663	-1
NEK3	chr13	52130733	52159855	52159855	-1
NEK4	chr3	52708444	52770973	52770973	-1
NEK5	chr13	52033611	52129094	52129094	-1
NEK6	chr9	124257606	124412783	124257606	1
NEK7	chr1	198156814	198322451	198156814	1
NEK8	chr17	28725897	28743455	28725897	1
NEK9	chr14	75079353	75127344	75127344	-1
NELFA	chr4	1982715	2041903	2041903	-1
NELFB	chr9	137255210	137273542	137255210	1
NELFCD	chr20	58981203	58997184	58981203	1
NELFE	chr6	31952087	31959079	31959079	-1
NELL1	chr11	20669132	21577711	20669132	1
NELL2	chr12	44507419	44921889	44921889	-1
NEMF	chr14	49780955	49853055	49853055	-1
NEMP1	chr12	57055641	57088063	57088063	-1
NEMP2	chr2	190434216	190534787	190534787	-1
NENF	chr1	212432853	212447460	212432853	1
NEO1	chr15	73051645	73305205	73051645	1
NES	chr1	156668763	156677415	156677415	-1
NET1	chr10	5412543	5459058	5412543	1
NETO1	chr18	72742314	72868146	72868146	-1
NETO2	chr16	47077703	47144028	47144028	-1
NEU1	chr6	31857063	31862905	31862905	-1
NEU2	chr2	233023032	233042480	233023032	1
NEU3	chr11	74984361	75020679	74984361	1
NEU4	chr2	241808503	241817415	241808503	1
NEURL1	chr10	103493592	103595168	103493592	1
NEURL1B	chr5	172641230	172691540	172641230	1
NEURL2	chr20	45888002	45891220	45891220	-1
NEURL3	chr2	96497644	96508153	96508153	-1
NEURL4	chr17	7315628	7329393	7329393	-1
NEUROD1	chr2	181668295	181680827	181680827	-1
NEUROD2	chr17	39603536	39609777	39609777	-1
NEUROD4	chr12	55019968	55030017	55019968	1
NEUROD6	chr7	31337066	31340901	31340901	-1
NEUROG1	chr5	135534282	135535964	135535964	-1
NEUROG2	chr4	112513516	112516180	112516180	-1
NEUROG3	chr10	69571485	69573511	69573511	-1
NEXMIF	chrX	74732856	74925484	74925484	-1
NEXN	chr1	77888174	77943898	77888174	1
NF1	chr17	31094883	31382116	31094883	1
NF2	chr22	29603520	29698598	29603520	1
NFAM1	chr22	42380407	42432425	42432425	-1
NFASC	chr1	204828651	205022822	204828651	1
NFAT5	chr16	69565094	69704666	69565094	1
NFATC1	chr18	79395856	79531338	79395856	1
NFATC2	chr20	51386957	51563072	51563072	-1
NFATC2IP	chr16	28950807	28967092	28950807	1
NFATC3	chr16	68084751	68229259	68084751	1
NFATC4	chr14	24365673	24379613	24365673	1
NFE2	chr12	54292107	54301259	54301259	-1
NFE2L1	chr17	48047889	48088647	48047889	1
NFE2L2	chr2	177218667	177392756	177392756	-1
NFE2L3	chr7	26152190	26190901	26152190	1
NFIA	chr1	60865259	61462788	60865259	1
NFIB	chr9	14081843	14398983	14398983	-1
NFIC	chr19	3314403	3469217	3314403	1
NFIL3	chr9	91408371	91483593	91483593	-1
NFILZ	chr19	8630633	8681151	8630633	1
NFIX	chr19	12995401	13098796	12995401	1
NFKB1	chr4	102500911	102617302	102500911	1
NFKB2	chr10	102394110	102402529	102394110	1
NFKBIA	chr14	35401079	35404749	35404749	-1
NFKBIB	chr19	38899700	38908893	38899700	1
NFKBID	chr19	35887129	35902303	35902303	-1
NFKBIE	chr6	44258166	44265788	44265788	-1
NFKBIL1	chr6	31546870	31558829	31546870	1
NFKBIZ	chr3	101827991	101861022	101827991	1
NFRKB	chr11	129863087	129895590	129895590	-1
NFS1	chr20	35668052	35699376	35699376	-1
NFU1	chr2	69396072	69437665	69437665	-1
NFX1	chr9	33290428	33372467	33290428	1
NFXL1	chr4	47847233	47914667	47914667	-1
NFYA	chr6	41072040	41103063	41072040	1
NFYB	chr12	104117080	104138293	104138293	-1
NFYC	chr1	40691570	40771606	40691570	1
NGB	chr14	77265483	77271211	77271211	-1
NGDN	chr14	23469464	23510024	23469464	1
NGEF	chr2	232878686	233013263	233013263	-1
NGF	chr1	115285904	115338770	115338770	-1
NGFR	chr17	49495286	49515020	49495286	1
NGLY1	chr3	25718698	25790039	25790039	-1
NGRN	chr15	90265643	90284634	90265643	1
NHEJ1	chr2	219069355	219160869	219160869	-1
NHERF1	chr17	74748607	74769360	74748607	1
NHERF2	chr16	2025356	2039026	2025356	1
NHERF4	chr11	119185457	119190227	119185457	1
NHLH1	chr1	160367071	160372846	160367071	1
NHLH2	chr1	115836377	115843917	115843917	-1
NHLRC1	chr6	18120440	18122677	18122677	-1
NHLRC2	chr10	113854475	113917194	113854475	1
NHLRC3	chr13	39038301	39050109	39038301	1
NHLRC4	chr16	567000	569495	567000	1
NHP2	chr5	178139872	178153968	178153968	-1
NHS	chrX	17375200	17735994	17375200	1
NHSL1	chr6	138422033	138693253	138693253	-1
NHSL2	chrX	71910834	72161750	71910834	1
NHSL3	chr1	32741696	32774970	32741696	1
NIBAN1	chr1	184790724	184974660	184974660	-1
NIBAN2	chr9	127505339	127579049	127579049	-1
NIBAN3	chr19	17523301	17553839	17523301	1
NICN1	chr3	49422333	49429331	49429331	-1
NICOL1	chr4	2040628	2043964	2040628	1
NID1	chr1	235975830	236083915	236083915	-1
NID2	chr14	52001787	52069274	52069274	-1
NIF3L1	chr2	200888992	200905579	200888992	1
NIFK	chr2	121724715	121737120	121737120	-1
NIM1K	chr5	43192071	43280862	43192071	1
NIN	chr14	50719763	50832038	50832038	-1
NINJ1	chr9	93121495	93134612	93134612	-1
NINJ2	chr12	562852	663753	663753	-1
NINL	chr20	25451594	25585586	25585586	-1
NIP7	chr16	69337996	69343107	69337996	1
NIPA1	chr15	22773063	22829789	22773063	1
NIPA2	chr15	22838625	22869362	22838625	1
NIPAL1	chr4	47914142	48052430	47914142	1
NIPAL2	chr8	98189826	98294606	98294606	-1
NIPAL3	chr1	24413515	24476735	24413515	1
NIPAL4	chr5	157460213	157474723	157460213	1
NIPBL	chr5	36876716	37066422	36876716	1
NIPSNAP1	chr22	29554806	29581327	29581327	-1
NIPSNAP2	chr7	55951793	56000184	55951793	1
NIPSNAP3A	chr9	104747664	104760369	104747664	1
NIPSNAP3B	chr9	104763727	104777764	104763727	1
NISCH	chr3	52455118	52493081	52455118	1
NIT1	chr1	161118082	161125812	161118082	1
NIT2	chr3	100334625	100361635	100334625	1
NKAIN1	chr1	31179084	31239992	31239992	-1
NKAIN2	chr6	123803812	124825739	123803812	1
NKAIN3	chr8	62248591	63014006	62248591	1
NKAIN4	chr20	63240784	63272694	63272694	-1
NKAP	chrX	119920672	119943781	119943781	-1
NKAPD1	chr11	112074086	112085152	112074086	1
NKAPL	chr6	28259297	28260958	28259297	1
NKD1	chr16	50548312	50649249	50548312	1
NKD2	chr5	1008021	1040630	1008021	1
NKG7	chr19	51371606	51375628	51375628	-1
NKIRAS1	chr3	23885033	23946591	23946591	-1
NKIRAS2	chr17	42011382	42025644	42011382	1
NKPD1	chr19	45149744	45160982	45160982	-1
NKRF	chrX	119588337	119606463	119606463	-1
NKTR	chr3	42600471	42648742	42600471	1
NKX1-1	chr4	1402932	1406442	1406442	-1
NKX1-2	chr10	124445243	124450069	124450069	-1
NKX2-1	chr14	36516392	36521149	36521149	-1
NKX2-2	chr20	21511017	21514070	21514070	-1
NKX2-3	chr10	99532928	99536524	99532928	1
NKX2-4	chr20	21395152	21397526	21397526	-1
NKX2-5	chr5	173231882	173235312	173235312	-1
NKX2-6	chr8	23701740	23706756	23706756	-1
NKX2-8	chr14	36580004	36582614	36582614	-1
NKX3-1	chr8	23678697	23682953	23682953	-1
NKX3-2	chr4	13540830	13545038	13545038	-1
NKX6-1	chr4	84491940	84499366	84499366	-1
NKX6-2	chr10	132783179	132786149	132786149	-1
NKX6-3	chr8	41645177	41650817	41650817	-1
NLE1	chr17	35125556	35142313	35142313	-1
NLGN1	chr3	173396284	174294372	173396284	1
NLGN2	chr17	7404684	7419860	7404684	1
NLGN3	chrX	71143286	71175306	71143286	1
NLGN4X	chrX	5840637	6228883	6228883	-1
NLGN4Y	chrY	14522573	14845654	14522573	1
NLK	chr17	28041709	28196381	28041709	1
NLN	chr5	65722165	65871725	65722165	1
NLRC3	chr16	3538090	3577403	3577403	-1
NLRC4	chr2	32224453	32265820	32265820	-1
NLRC5	chr16	56989485	57084238	56989485	1
NLRP1	chr17	5499415	5619424	5619424	-1
NLRP10	chr11	7957537	7965447	7965447	-1
NLRP11	chr19	55785397	55836800	55836800	-1
NLRP12	chr19	53792139	53824403	53824403	-1
NLRP13	chr19	55891699	55932336	55932336	-1
NLRP14	chr11	7020462	7072055	7020462	1
NLRP2	chr19	54953130	55001142	54953130	1
NLRP2B	chrX	57677067	57680260	57680260	-1
NLRP3	chr1	247332331	247449668	247332331	1
NLRP4	chr19	55836540	55881855	55836540	1
NLRP5	chr19	55986775	56061810	55986775	1
NLRP6	chr11	278407	286691	278407	1
NLRP7	chr19	54923454	54966312	54966312	-1
NLRP8	chr19	55947832	55981158	55947832	1
NLRP9	chr19	55708438	55738402	55738402	-1
NLRX1	chr11	119166481	119184017	119166481	1
NMB	chr15	84655129	84661271	84661271	-1
NMBR	chr6	142058330	142147122	142147122	-1
NMD3	chr3	161104675	161284991	161104675	1
NME1	chr17	51152949	51162737	51152949	1
NME1-NME2	chr17	51153590	51171744	51153590	1
NME2	chr17	51163013	51184297	51163013	1
NME3	chr16	1770317	1771746	1771746	-1
NME4	chr16	396725	410367	396725	1
NME5	chr5	138114412	138139443	138139443	-1
NME6	chr3	48287640	48301685	48301685	-1
NME7	chr1	169132528	169367975	169367975	-1
NME8	chr7	37848597	37900397	37848597	1
NME9	chr3	138261437	138331354	138331354	-1
NMI	chr2	151270467	151289921	151289921	-1
NMNAT1	chr1	9943428	9996898	9943428	1
NMNAT2	chr1	183244571	183418421	183418421	-1
NMNAT3	chr3	139558696	139678017	139678017	-1
NMRAL1	chr16	4461673	4495763	4495763	-1
NMRK1	chr9	75060570	75088831	75088831	-1
NMRK2	chr19	3932994	3943081	3932994	1
NMS	chr2	100470482	100483280	100470482	1
NMT1	chr17	44957992	45109016	44957992	1
NMT2	chr10	15102584	15168724	15168724	-1
NMU	chr4	55595229	55636800	55636800	-1
NMUR1	chr2	231523187	231530471	231530471	-1
NMUR2	chr5	152391542	152433368	152433368	-1
NNAT	chr20	37521201	37523690	37521201	1
NNMT	chr11	114257765	114360039	114257765	1
NNT	chr5	43602584	43707405	43602584	1
NOA1	chr4	56961620	56977625	56977625	-1
NOB1	chr16	69741871	69754943	69754943	-1
NOBOX	chr7	144396894	144403795	144403795	-1
NOC2L	chr1	943527	960714	960714	-1
NOC3L	chr10	94320340	94362982	94362982	-1
NOC4L	chr12	132144408	132152473	132144408	1
NOCT	chr4	139015414	139045939	139015414	1
NOD1	chr7	30424527	30478914	30478914	-1
NOD2	chr16	50693217	50733348	50693217	1
NODAL	chr10	70431936	70447951	70447951	-1
NOG	chr17	56593699	56595611	56593699	1
NOL10	chr2	10562295	10690415	10690415	-1
NOL11	chr17	67717810	67744531	67717810	1
NOL12	chr22	37681673	37693476	37681673	1
NOL3	chr16	67170154	67176189	67170154	1
NOL4	chr18	33851100	34224952	34224952	-1
NOL4L	chr20	32443059	32585352	32585352	-1
NOL6	chr9	33461353	33473930	33473930	-1
NOL7	chr6	13615308	13633912	13615308	1
NOL8	chr9	92297358	92325636	92325636	-1
NOL9	chr1	6521347	6554536	6554536	-1
NOLC1	chr10	102152170	102163875	102152170	1
NOM1	chr7	156949706	156973176	156949706	1
NOMO1	chr16	14833691	14896158	14833691	1
NOMO2	chr16	18417325	18562211	18562211	-1
NOMO3	chr16	16232506	16300806	16232506	1
NONO	chrX	71254270	71301522	71254270	1
NOP10	chr15	34339159	34343180	34343180	-1
NOP14	chr4	2937925	2963502	2963502	-1
NOP16	chr5	176383933	176389007	176389007	-1
NOP2	chr12	6556863	6568691	6568691	-1
NOP53	chr19	47745481	47758208	47745481	1
NOP56	chr20	2652460	2658396	2652460	1
NOP58	chr2	202265276	202303667	202265276	1
NOP9	chr14	24299825	24309124	24299825	1
NOPCHAP1	chr12	104986296	105074197	104986296	1
NOS1	chr12	117208142	117452170	117452170	-1
NOS1AP	chr1	162069676	162370475	162069676	1
NOS2	chr17	27755283	27800758	27800758	-1
NOS3	chr7	150991017	151015653	150991017	1
NOSIP	chr19	49555207	49592927	49592927	-1
NOSTRIN	chr2	168786539	168891239	168786539	1
NOTCH1	chr9	136494433	136546048	136546048	-1
NOTCH2	chr1	119909256	120100779	120100779	-1
NOTCH2NLA	chr1	146145524	146229073	146229073	-1
NOTCH2NLB	chr1	148597331	148679752	148679752	-1
NOTCH2NLC	chr1	149390534	149471833	149390534	1
NOTCH2NLR	chr1	120723912	120794851	120723912	1
NOTCH3	chr19	15159038	15201004	15201004	-1
NOTCH4	chr6	32194843	32224111	32224111	-1
NOTO	chr2	73202570	73212513	73202570	1
NOTUM	chr17	81952507	81963328	81963328	-1
NOVA1	chr14	26443090	26598302	26598302	-1
NOVA2	chr19	45933734	45974044	45974044	-1
NOX1	chrX	100843324	100874464	100874464	-1
NOX3	chr6	155395368	155455839	155455839	-1
NOX4	chr11	89321829	89498187	89498187	-1
NOX5	chr15	69014690	69062762	69014690	1
NOXA1	chr9	137422752	137434451	137422752	1
NOXO1	chr16	1978912	1984636	1984636	-1
NOXRED1	chr14	77394021	77423523	77423523	-1
NPAP1	chr15	24675775	24683393	24675775	1
NPAS1	chr19	47019474	47047242	47019474	1
NPAS2	chr2	100820091	100996829	100820091	1
NPAS3	chr14	32934396	33820863	32934396	1
NPAS4	chr11	66421033	66426707	66421033	1
NPAT	chr11	108155267	108222659	108222659	-1
NPB	chr17	81900745	81902905	81900745	1
NPBWR1	chr8	52915635	52943734	52915635	1
NPBWR2	chr20	64103802	64107565	64107565	-1
NPC1	chr18	23506184	23586969	23586969	-1
NPC1L1	chr7	44512442	44541330	44541330	-1
NPC2	chr14	74427119	74494177	74494177	-1
NPDC1	chr9	137037577	137046700	137046700	-1
NPEPL1	chr20	58689125	58719238	58689125	1
NPEPPS	chr17	47522942	47624707	47522942	1
NPFF	chr12	53506684	53507491	53507491	-1
NPFFR1	chr10	70247329	70284011	70284011	-1
NPFFR2	chr4	72031902	72148962	72031902	1
NPHP1	chr2	110122311	110205071	110205071	-1
NPHP3	chr3	132680608	132722498	132722498	-1
NPHP3-ACAD11	chr3	132558142	132722459	132722459	-1
NPHP4	chr1	5862804	5993455	5993455	-1
NPHS1	chr19	35825372	35869287	35869287	-1
NPHS2	chr1	179550494	179575954	179575954	-1
NPIPA1	chr16	14922802	14952060	14922802	1
NPIPA2	chr16	14742533	14765462	14742533	1
NPIPA3	chr16	14703411	14726342	14703411	1
NPIPA5	chr16	15363628	15381047	15381047	-1
NPIPA6	chr16	16317444	16350608	16317444	1
NPIPA7	chr16	16371207	16393972	16371207	1
NPIPA8	chr16	18317919	18336736	18336736	-1
NPIPA9	chr16	18358086	18379331	18379331	-1
NPIPB11	chr16	29381310	29406711	29406711	-1
NPIPB12	chr16	29483534	29508595	29508595	-1
NPIPB13	chr16	30222893	30255268	30255268	-1
NPIPB15	chr16	74376306	74392115	74376306	1
NPIPB2	chr16	11927259	11976643	11976643	-1
NPIPB3	chr16	21402237	21448567	21448567	-1
NPIPB4	chr16	21834563	21880827	21880827	-1
NPIPB5	chr16	22479121	22536540	22479121	1
NPIPB6	chr16	28342517	28363508	28363508	-1
NPIPB7	chr16	28456322	28472336	28472336	-1
NPIPB8	chr16	28637654	28658744	28637654	1
NPIPB9	chr16	28751787	28772864	28751787	1
NPL	chr1	182789263	182831017	182789263	1
NPLOC4	chr17	81556887	81648465	81648465	-1
NPM1	chr5	171387086	171411952	171387086	1
NPM2	chr8	22024081	22036897	22024081	1
NPM3	chr10	101781318	101783446	101783446	-1
NPNT	chr4	105894775	106115115	105894775	1
NPPA	chr1	11845701	11848345	11848345	-1
NPPB	chr1	11857454	11859648	11859648	-1
NPPC	chr2	231921809	231926403	231926403	-1
NPR1	chr1	153677965	153694110	153677965	1
NPR2	chr9	35791003	35809732	35791003	1
NPR3	chr5	32689070	32791724	32689070	1
NPRL2	chr3	50347330	50350826	50350826	-1
NPRL3	chr16	79387	138720	138720	-1
NPS	chr10	127549309	127553540	127549309	1
NPSR1	chr7	34658218	34878332	34658218	1
NPTN	chr15	73546512	73634134	73634134	-1
NPTX1	chr17	80466834	80477843	80477843	-1
NPTX2	chr7	98617254	98629870	98617254	1
NPTXR	chr22	38818452	38844036	38844036	-1
NPVF	chr7	25224570	25228486	25228486	-1
NPW	chr16	2009926	2020755	2009926	1
NPY	chr7	24284182	24291867	24284182	1
NPY1R	chr4	163323085	163344852	163344852	-1
NPY2R	chr4	155208627	155217078	155208627	1
NPY4R	chr10	46457654	46470424	46470424	-1
NPY4R2	chr10	47918662	47925736	47918662	1
NPY5R	chr4	163343260	163352477	163343260	1
NQO1	chr16	69691310	69726668	69726668	-1
NQO2	chr6	2987987	3022745	2987987	1
NR0B1	chrX	30304206	30309394	30309394	-1
NR0B2	chr1	26911484	26914073	26914073	-1
NR1D1	chr17	40092793	40100630	40100630	-1
NR1D2	chr3	23945258	23996741	23945258	1
NR1H2	chr19	50329639	50383404	50329639	1
NR1H3	chr11	47248300	47269131	47248300	1
NR1H4	chr12	100455070	100564414	100455070	1
NR1I2	chr3	119780484	119818718	119780484	1
NR1I3	chr1	161228775	161238276	161238276	-1
NR2C1	chr12	95020229	95073641	95073641	-1
NR2C2	chr3	14947324	15053600	14947324	1
NR2C2AP	chr19	19201409	19203729	19203729	-1
NR2E1	chr6	108166017	108188805	108166017	1
NR2E3	chr15	71792638	71818259	71792638	1
NR2F1	chr5	93583222	93594611	93583222	1
NR2F2	chr15	96325797	96340263	96325797	1
NR2F6	chr19	17229207	17245953	17245953	-1
NR3C1	chr5	143277931	143435512	143435512	-1
NR3C2	chr4	148078762	148445549	148445549	-1
NR4A1	chr12	52022832	52059509	52022832	1
NR4A2	chr2	156324432	156342348	156342348	-1
NR4A3	chr9	99821847	99866891	99821847	1
NR5A1	chr9	124481231	124507456	124507456	-1
NR5A2	chr1	200027575	200177420	200027575	1
NR6A1	chr9	124517275	124771349	124771349	-1
NRAP	chr10	113588714	113664121	113664121	-1
NRARP	chr9	137299631	137302271	137302271	-1
NRAS	chr1	114704468	114716775	114716775	-1
NRBF2	chr10	63133247	63156880	63133247	1
NRBP1	chr2	27427790	27442260	27427790	1
NRBP2	chr8	143833583	143841109	143841109	-1
NRCAM	chr7	108147623	108456717	108456717	-1
NRDC	chr1	51787517	51878811	51878811	-1
NRDE2	chr14	90267860	90332125	90332125	-1
NREP	chr5	111570239	111997464	111997464	-1
NRF1	chr7	129611687	129757681	129611687	1
NRG1	chr8	31639222	32855666	31639222	1
NRG2	chr5	139846779	140043328	140043328	-1
NRG3	chr10	81874578	82987179	81874578	1
NRG4	chr15	75935192	76059800	76059800	-1
NRGN	chr11	124739939	124749342	124739939	1
NRIP1	chr21	14961235	15065936	15065936	-1
NRIP2	chr12	2824883	2835544	2835544	-1
NRIP3	chr11	8965682	9005288	9005288	-1
NRK	chrX	105822350	105958611	105822350	1
NRL	chr14	24078662	24115026	24115026	-1
NRM	chr6	30688047	30691420	30691420	-1
NRN1	chr6	5997999	6008688	6008688	-1
NRN1L	chr16	67884868	67888855	67884868	1
NRP1	chr10	33177492	33336262	33336262	-1
NRP2	chr2	205681990	205798133	205681990	1
NRROS	chr3	196639676	196707522	196639676	1
NRSN1	chr6	24126154	24154900	24126154	1
NRSN2	chr20	346695	359706	346695	1
NRTN	chr19	5805053	5828324	5805053	1
NRXN1	chr2	49918503	51225575	51225575	-1
NRXN2	chr11	64606174	64723202	64723202	-1
NRXN3	chr14	78170373	79868291	78170373	1
NSA2	chr5	74766982	74782194	74766982	1
NSD1	chr5	177131787	177300213	177131787	1
NSD2	chr4	1870559	1982207	1870559	1
NSD3	chr8	38269704	38383021	38383021	-1
NSDHL	chrX	152830967	152880958	152830967	1
NSF	chr17	46590661	46757679	46590661	1
NSFL1C	chr20	1442162	1473842	1473842	-1
NSG1	chr4	4348140	4479327	4348140	1
NSG2	chr5	174045706	174243501	174045706	1
NSL1	chr1	212726153	212791799	212791799	-1
NSMAF	chr8	58582788	58659997	58659997	-1
NSMCE1	chr16	27222306	27268788	27268788	-1
NSMCE2	chr8	125091673	125368070	125091673	1
NSMCE3	chr15	29264989	29269822	29269822	-1
NSMCE4A	chr10	121953334	121975300	121975300	-1
NSMF	chr9	137447570	137459576	137459576	-1
NSRP1	chr17	30115521	30186475	30115521	1
NSUN2	chr5	6599237	6633332	6633332	-1
NSUN3	chr3	94062980	94131832	94062980	1
NSUN4	chr1	46340691	46369218	46340691	1
NSUN5	chr7	73302516	73308867	73308867	-1
NSUN6	chr10	18542901	18659285	18659285	-1
NSUN7	chr4	40749776	40811184	40749776	1
NT5C	chr17	75130225	75131806	75131806	-1
NT5C1A	chr1	39651229	39673328	39673328	-1
NT5C1B	chr2	18562871	18589569	18589569	-1
NT5C1B-RDH14	chr2	18555545	18589564	18589564	-1
NT5C2	chr10	103086478	103277622	103277622	-1
NT5C3A	chr7	33014078	33062837	33062837	-1
NT5C3B	chr17	41823972	41836271	41836271	-1
NT5DC1	chr6	116100804	116249497	116100804	1
NT5DC2	chr3	52524369	52535093	52535093	-1
NT5DC3	chr12	103770453	103841315	103841315	-1
NT5DC4	chr2	112721020	112742879	112721020	1
NT5E	chr6	85449584	85547684	85449584	1
NT5M	chr17	17303316	17347663	17303316	1
NTAN1	chr16	15037853	15056082	15056082	-1
NTAQ1	chr8	123416720	123470028	123416720	1
NTF3	chr12	5432088	5521536	5432088	1
NTF4	chr19	49061066	49065076	49065076	-1
NTHL1	chr16	2039814	2047866	2047866	-1
NTM	chr11	131370478	132336822	131370478	1
NTMT1	chr9	129587810	129636744	129587810	1
NTMT2	chr1	170145955	170168901	170145955	1
NTN1	chr17	9003080	9244000	9003080	1
NTN3	chr16	2471286	2474145	2471286	1
NTN4	chr12	95657529	95791373	95791373	-1
NTN5	chr19	48661407	48673081	48673081	-1
NTNG1	chr1	107139969	107484923	107139969	1
NTNG2	chr9	132161020	132244528	132161020	1
NTPCR	chr1	232950559	232985043	232950559	1
NTRK1	chr1	156815636	156881850	156815636	1
NTRK2	chr9	84668375	85096069	84668375	1
NTRK3	chr15	87859751	88256993	88256993	-1
NTS	chr12	85874162	85882992	85874162	1
NTSR1	chr20	62708427	62762771	62708427	1
NTSR2	chr2	11658161	11670346	11670346	-1
NUAK1	chr12	106063345	106139145	106139145	-1
NUAK2	chr1	205302059	205321781	205321781	-1
NUB1	chr7	151341704	151381097	151341704	1
NUBP1	chr16	10743786	10769812	10743786	1
NUBP2	chr16	1782932	1789189	1782932	1
NUBPL	chr14	31489956	31861304	31489956	1
NUCB1	chr19	48900050	48923958	48900050	1
NUCB2	chr11	17208072	17349980	17208072	1
NUCKS1	chr1	205710543	205750270	205750270	-1
NUDC	chr1	26900238	26946886	26900238	1
NUDCD1	chr8	109138683	109334493	109334493	-1
NUDCD2	chr5	163446526	163460404	163460404	-1
NUDCD3	chr7	44379119	44490919	44490919	-1
NUDT1	chr7	2242203	2251824	2242203	1
NUDT10	chrX	51332231	51337525	51332231	1
NUDT11	chrX	51490011	51496860	51496860	-1
NUDT12	chr5	103548855	103562817	103562817	-1
NUDT13	chr10	73110375	73131828	73110375	1
NUDT14	chr14	105172937	105181323	105181323	-1
NUDT15	chr13	48037514	48054196	48037514	1
NUDT16	chr3	131381671	131388830	131381671	1
NUDT16L1	chr16	4693562	4695861	4693562	1
NUDT17	chr1	145845603	145848954	145845603	1
NUDT18	chr8	22101008	22109444	22109444	-1
NUDT19	chr19	32691786	32714101	32691786	1
NUDT2	chr9	34329496	34343713	34329496	1
NUDT21	chr16	56428473	56452199	56452199	-1
NUDT22	chr11	64225941	64230686	64225941	1
NUDT3	chr6	34263257	34392832	34392832	-1
NUDT4	chr12	93377883	93410297	93377883	1
NUDT4B	chr1	148748774	148752415	148748774	1
NUDT5	chr10	12164844	12196155	12196155	-1
NUDT6	chr4	122886565	122922968	122922968	-1
NUDT7	chr16	77722474	77776042	77722474	1
NUDT8	chr11	67627937	67630112	67630112	-1
NUDT9	chr4	87422573	87459455	87422573	1
NUF2	chr1	163266576	163355766	163266576	1
NUFIP1	chr13	44937964	44989493	44989493	-1
NUFIP2	chr17	29255839	29294154	29294154	-1
NUGGC	chr8	28021276	28083942	28083942	-1
NUMA1	chr11	72002860	72080693	72080693	-1
NUMB	chr14	73274146	73466167	73466167	-1
NUMBL	chr19	40665905	40690972	40690972	-1
NUP107	chr12	68686951	68745809	68686951	1
NUP133	chr1	229439673	229508376	229508376	-1
NUP153	chr6	17614696	17706942	17706942	-1
NUP155	chr5	37288042	37371187	37371187	-1
NUP160	chr11	47777872	47848561	47848561	-1
NUP188	chr9	128947681	129007836	128947681	1
NUP205	chr7	135557700	135648757	135557700	1
NUP210	chr3	13316231	13420395	13420395	-1
NUP210L	chr1	153992690	154155116	154155116	-1
NUP214	chr9	131124868	131234667	131124868	1
NUP35	chr2	183117513	183163152	183117513	1
NUP37	chr12	102069969	102120258	102120258	-1
NUP42	chr7	23181804	23201011	23181804	1
NUP43	chr6	149723373	149750286	149750286	-1
NUP50	chr22	45163917	45188017	45163917	1
NUP54	chr4	76107562	76148509	76148509	-1
NUP58	chr13	25301523	25365390	25301523	1
NUP62	chr19	49906825	49929926	49929926	-1
NUP62CL	chrX	107122726	107245108	107245108	-1
NUP85	chr17	75205482	75235759	75205482	1
NUP88	chr17	5359641	5420164	5420164	-1
NUP93	chr16	56730095	56850286	56730095	1
NUP98	chr11	3671083	3797792	3797792	-1
NUPR1	chr16	28532708	28539068	28539068	-1
NUPR2	chr7	56114681	56116422	56116422	-1
NUS1	chr6	117675469	117710727	117675469	1
NUSAP1	chr15	41320794	41381367	41320794	1
NUTF2	chr16	67844369	67872569	67844369	1
NUTM1	chr15	34343315	34357737	34343315	1
NUTM2A	chr10	87225448	87236908	87225448	1
NUTM2B	chr10	79703227	79714681	79703227	1
NUTM2D	chr10	87357720	87370695	87357720	1
NUTM2E	chr10	79826739	79850878	79826739	1
NUTM2F	chr9	94318198	94328644	94328644	-1
NUTM2G	chr9	96928310	96940253	96928310	1
NVL	chr1	224227334	224330287	224330287	-1
NWD1	chr19	16719847	16817963	16719847	1
NWD2	chr4	37244178	37449463	37244178	1
NXF1	chr11	62792123	62806302	62806302	-1
NXF2	chrX	102247167	102326722	102247167	1
NXF2B	chrX	102360395	102440008	102440008	-1
NXF3	chrX	103074798	103093143	103093143	-1
NXN	chr17	799310	979816	979816	-1
NXNL1	chr19	17455425	17460926	17460926	-1
NXNL2	chr9	88534033	88584510	88534033	1
NXPE1	chr11	114518842	114559888	114559888	-1
NXPE2	chr11	114678509	114707069	114678509	1
NXPE3	chr3	101778900	101843743	101778900	1
NXPE4	chr11	114570591	114678255	114678255	-1
NXPH1	chr7	8433558	8752961	8433558	1
NXPH2	chr2	138669157	138780909	138780909	-1
NXPH3	chr17	49575716	49583827	49575716	1
NXPH4	chr12	57216780	57226449	57216780	1
NXT1	chr20	23350148	23354771	23350148	1
NXT2	chrX	109535776	109544811	109535776	1
NYAP1	chr7	100483605	100494802	100483605	1
NYAP2	chr2	225399686	225729887	225399686	1
NYNRIN	chr14	24398861	24419304	24398861	1
NYX	chrX	41445383	41475710	41445383	1
OAF	chr11	120210728	120231205	120210728	1
OARD1	chr6	41033627	41097787	41097787	-1
OAS1	chr12	112905856	112933219	112905856	1
OAS2	chr12	112978387	113011723	112978387	1
OAS3	chr12	112938051	112976460	112938051	1
OASL	chr12	121017763	121039246	121039246	-1
OAT	chr10	124397298	124419760	124419760	-1
OAZ1	chr19	2269509	2273492	2269509	1
OAZ2	chr15	64686833	64703281	64703281	-1
OAZ3	chr1	151762899	151771334	151762899	1
OBI1	chr13	78612773	78659191	78659191	-1
OBP2A	chr9	135545504	135549969	135545504	1
OBP2B	chr9	133205277	133209309	133209309	-1
OBSCN	chr1	228208026	228378876	228208026	1
OBSL1	chr2	219550727	219572076	219572076	-1
OC90	chr8	132024216	132059385	132059385	-1
OCA2	chr15	27754859	28099664	28099664	-1
OCEL1	chr19	17226198	17229219	17226198	1
OCIAD1	chr4	48805139	48934934	48805139	1
OCIAD2	chr4	48885019	48906960	48906960	-1
OCLN	chr5	69492184	69558114	69492184	1
OCM	chr7	5879827	5886363	5879827	1
OCM2	chr7	97984687	97991169	97991169	-1
OCRL	chrX	129539849	129592772	129539849	1
OCSTAMP	chr20	46540946	46550654	46550654	-1
ODAD1	chr19	48296355	48321971	48321971	-1
ODAD2	chr10	27775186	27999532	27999532	-1
ODAD3	chr19	11420604	11435782	11435782	-1
ODAD4	chr17	41930599	41966503	41930599	1
ODAM	chr4	70195706	70205734	70195706	1
ODAPH	chr4	75556028	75565997	75556028	1
ODC1	chr2	10435417	10450116	10450116	-1
ODF1	chr8	102551589	102561018	102551589	1
ODF2	chr9	128455181	128502162	128455181	1
ODF2L	chr1	86346824	86396343	86396343	-1
ODF4	chr17	8339840	8346048	8339840	1
ODR4	chr1	186375401	186421408	186375401	1
OFD1	chrX	13734667	13777955	13734667	1
OGA	chr10	101784443	101818620	101818620	-1
OGDH	chr7	44606496	44710116	44606496	1
OGDHL	chr10	49721386	49762392	49762392	-1
OGFOD1	chr16	56451508	56479122	56451508	1
OGFOD2	chr12	122974580	122980044	122974580	1
OGFOD3	chr17	82389210	82418637	82418637	-1
OGFR	chr20	62804178	62814000	62804178	1
OGFRL1	chr6	71288426	71309059	71288426	1
OGG1	chr3	9749938	9791067	9749938	1
OGN	chr9	92383268	92406734	92406734	-1
OGT	chrX	71533068	71575892	71533068	1
OIP5	chr15	41306412	41332680	41332680	-1
OIT3	chr10	72893573	72933036	72893573	1
OLA1	chr2	174072447	174248661	174248661	-1
OLAH	chr10	15032227	15073853	15032227	1
OLFM1	chr9	135075261	135121180	135075261	1
OLFM2	chr19	9853717	9936559	9936559	-1
OLFM3	chr1	101786270	101997224	101997224	-1
OLFM4	chr13	53028766	53053263	53028766	1
OLFML1	chr11	7485354	7512897	7485354	1
OLFML2A	chr9	124777099	124815709	124777099	1
OLFML2B	chr1	161983191	162024389	162024389	-1
OLFML3	chr1	113979024	114035572	113979024	1
OLIG1	chr21	33070141	33072413	33070141	1
OLIG2	chr21	33025327	33029209	33025327	1
OLIG3	chr6	137492199	137494394	137494394	-1
OLR1	chr12	10156240	10172143	10172143	-1
OMA1	chr1	58415384	58546838	58546838	-1
OMD	chr9	92412034	92424481	92424481	-1
OMG	chr17	31272013	31297539	31297539	-1
OMP	chr11	77102840	77103331	77102840	1
ONECUT1	chr15	52755053	52791078	52791078	-1
ONECUT2	chr18	57435374	57491298	57435374	1
ONECUT3	chr19	1753506	1780988	1753506	1
OOEP	chr6	73368549	73395133	73395133	-1
OOSP1	chr11	59938432	59957481	59938432	1
OOSP2	chr11	60040282	60053856	60040282	1
OOSP3	chr11	59878782	59896483	59878782	1
OOSP4A	chr11	59963918	59970357	59963918	1
OOSP4B	chr11	59978020	60031095	59978020	1
OPA1	chr3	193593102	193697947	193593102	1
OPA3	chr19	45527767	45602212	45602212	-1
OPALIN	chr10	96343216	96359365	96359365	-1
OPCML	chr11	132414977	133532539	133532539	-1
OPHN1	chrX	67949349	68434120	68434120	-1
OPLAH	chr8	144051265	144064091	144064091	-1
OPN1LW	chrX	154144243	154159032	154144243	1
OPN1MW	chrX	154182596	154196861	154182596	1
OPN1MW2	chrX	154219756	154233286	154219756	1
OPN1MW3	chrX	154257582	154271090	154257582	1
OPN1SW	chr7	128771755	128775794	128775794	-1
OPN3	chr1	241587775	241677376	241677376	-1
OPN4	chr10	86654518	86666460	86654518	1
OPN5	chr6	47781982	47832780	47781982	1
OPRD1	chr1	28812089	28871267	28812089	1
OPRK1	chr8	53225724	53251740	53251740	-1
OPRL1	chr20	64079967	64100649	64079967	1
OPRM1	chr6	154010496	154246867	154010496	1
OPRPN	chr4	70397931	70410195	70397931	1
OPTC	chr1	203494118	203509238	203494118	1
OPTN	chr10	13099442	13159480	13099442	1
OR10A2	chr11	6863057	6874717	6863057	1
OR10A3	chr11	7937171	7941708	7941708	-1
OR10A4	chr11	6876625	6877619	6876625	1
OR10A5	chr11	6845683	6846636	6845683	1
OR10A6	chr11	7924592	7931268	7931268	-1
OR10A7	chr12	55221025	55221975	55221025	1
OR10AC1	chr7	143509256	143519469	143519469	-1
OR10AD1	chr12	48202339	48203292	48203292	-1
OR10AG1	chr11	55965755	55969945	55969945	-1
OR10C1	chr6	29439306	29440977	29439306	1
OR10D3	chr11	124183345	124188780	124183345	1
OR10G2	chr14	21633836	21634940	21634940	-1
OR10G3	chr14	21568520	21580076	21580076	-1
OR10G4	chr11	124012997	124018732	124012997	1
OR10G6	chr11	123994163	123995161	123995161	-1
OR10G7	chr11	124036013	124041325	124041325	-1
OR10G8	chr11	124026798	124030634	124026798	1
OR10G9	chr11	124023013	124023948	124023013	1
OR10H1	chr19	15804549	15815664	15815664	-1
OR10H2	chr19	15728024	15729052	15728024	1
OR10H3	chr19	15737985	15742343	15737985	1
OR10H4	chr19	15944299	15950350	15944299	1
OR10H5	chr19	15787661	15800357	15787661	1
OR10J1	chr1	159437845	159443078	159437845	1
OR10J3	chr1	159313720	159314659	159314659	-1
OR10J4	chr1	159432204	159433138	159432204	1
OR10J5	chr1	159535078	159536007	159536007	-1
OR10K1	chr1	158461574	158470857	158461574	1
OR10K2	chr1	158418210	158426237	158426237	-1
OR10P1	chr12	55636892	55637833	55636892	1
OR10Q1	chr11	58227882	58228918	58228918	-1
OR10R2	chr1	158472220	158480936	158472220	1
OR10S1	chr11	123976661	123977781	123977781	-1
OR10T2	chr1	158398522	158399466	158399466	-1
OR10V1	chr11	59712916	59713845	59713845	-1
OR10W1	chr11	58266792	58268260	58268260	-1
OR10X1	chr1	158578919	158579899	158579899	-1
OR10Z1	chr1	158605268	158612514	158605268	1
OR11A1	chr6	29425504	29457071	29457071	-1
OR11G2	chr14	20190896	20201075	20190896	1
OR11H1	chr22	15528192	15529139	15528192	1
OR11H12	chr14	18601117	18602097	18601117	1
OR11H2	chr14	19712936	19713883	19713883	-1
OR11H4	chr14	20239286	20244349	20239286	1
OR11H6	chr14	20223710	20224702	20223710	1
OR11H7	chr14	20229402	20230346	20229402	1
OR11L1	chr1	247840928	247841896	247841896	-1
OR12D1	chr6	29414928	29418905	29414928	1
OR12D2	chr6	29395631	29398008	29395631	1
OR12D3	chr6	29373423	29375291	29375291	-1
OR13A1	chr10	45302295	45315608	45315608	-1
OR13C2	chr9	104604671	104605627	104605627	-1
OR13C3	chr9	104535749	104536856	104536856	-1
OR13C4	chr9	104526253	104527209	104527209	-1
OR13C5	chr9	104598457	104599413	104599413	-1
OR13C7	chr9	36002909	36003867	36003867	-1
OR13C8	chr9	104569168	104570130	104569168	1
OR13C9	chr9	104617248	104618204	104618204	-1
OR13D1	chr9	104694518	104695462	104694518	1
OR13F1	chr9	104504263	104505222	104504263	1
OR13G1	chr1	247670812	247679739	247679739	-1
OR13H1	chrX	131544074	131545000	131544074	1
OR13J1	chr9	35869463	35870401	35870401	-1
OR14A16	chr1	247814660	247824119	247824119	-1
OR14A2	chr1	247722957	247748141	247748141	-1
OR14C36	chr1	248348775	248349713	248348775	1
OR14I1	chr1	248678138	248702766	248702766	-1
OR14J1	chr6	29301701	29313017	29301701	1
OR14K1	chr1	247738615	247739559	247738615	1
OR14L1	chr1	247617143	247622372	247617143	1
OR1A1	chr17	3207539	3218896	3207539	1
OR1A2	chr17	3197519	3198448	3197519	1
OR1B1	chr9	122628125	122657627	122657627	-1
OR1C1	chr1	247754846	247760556	247760556	-1
OR1D2	chr17	3088484	3104422	3104422	-1
OR1D5	chr17	3062669	3063607	3063607	-1
OR1E1	chr17	3397104	3398410	3398410	-1
OR1E2	chr17	3432870	3433841	3433841	-1
OR1F1	chr16	3188204	3224779	3188204	1
OR1G1	chr17	3126610	3127551	3127551	-1
OR1I1	chr19	15082211	15092970	15082211	1
OR1J1	chr9	122476958	122477926	122477926	-1
OR1J2	chr9	122510802	122511743	122510802	1
OR1J4	chr9	122519141	122520082	122519141	1
OR1K1	chr9	122800123	122801073	122800123	1
OR1L1	chr9	122661566	122662648	122661566	1
OR1L3	chr9	122675130	122676104	122675130	1
OR1L4	chr9	122723990	122724925	122723990	1
OR1L6	chr9	122742303	122750783	122742303	1
OR1L8	chr9	122566267	122583384	122583384	-1
OR1M1	chr19	9087061	9095669	9087061	1
OR1N1	chr9	122526358	122527293	122527293	-1
OR1N2	chr9	122553112	122554214	122553112	1
OR1P1	chr17	3153890	3154882	3154882	-1
OR1Q1	chr9	122614738	122615682	122614738	1
OR1R1	chr17	3385930	3386874	3385930	1
OR1S1	chr11	58212720	58216084	58212720	1
OR1S2	chr11	58203204	58204142	58204142	-1
OR2A1	chr7	144312419	144322737	144312419	1
OR2A12	chr7	144086278	144098953	144086278	1
OR2A14	chr7	144123176	144131188	144123176	1
OR2A2	chr7	144109583	144110539	144109583	1
OR2A25	chr7	144069811	144075870	144069811	1
OR2A4	chr6	131699644	131701401	131701401	-1
OR2A42	chr7	144228244	144239605	144239605	-1
OR2A5	chr7	144048948	144058845	144048948	1
OR2A7	chr7	144254975	144264792	144264792	-1
OR2AE1	chr7	99876062	99877033	99877033	-1
OR2AG1	chr11	6783020	6791558	6783020	1
OR2AG2	chr11	6765626	6771976	6771976	-1
OR2AJ1	chr1	247924889	247935339	247924889	1
OR2AK2	chr1	247965233	247966386	247965233	1
OR2AP1	chr12	55572468	55575612	55572468	1
OR2AT4	chr11	75081753	75096876	75096876	-1
OR2B11	chr1	247449118	247458105	247458105	-1
OR2B2	chr6	27911185	27912396	27912396	-1
OR2B3	chr6	29086208	29087313	29087313	-1
OR2B6	chr6	27957241	27958182	27957241	1
OR2B8	chr6	28053228	28054165	28054165	-1
OR2C1	chr16	3355889	3357306	3355889	1
OR2C3	chr1	247524677	247536440	247536440	-1
OR2D2	chr11	6891574	6892500	6892500	-1
OR2D3	chr11	6921002	6921994	6921002	1
OR2F1	chr7	143954844	143997312	143954844	1
OR2F2	chr7	143935233	143936186	143935233	1
OR2G2	chr1	247588360	247589313	247588360	1
OR2G3	chr1	247605586	247606515	247605586	1
OR2G6	chr1	248508073	248527337	248508073	1
OR2H1	chr6	29457155	29464328	29457155	1
OR2H2	chr6	29585121	29590500	29585121	1
OR2I1	chr6	29550407	29557773	29550407	1
OR2J1	chr6	29099490	29102701	29099490	1
OR2J2	chr6	29170907	29175811	29170907	1
OR2J3	chr6	29108058	29114770	29108058	1
OR2K2	chr9	111327229	111330224	111330224	-1
OR2L13	chr1	248095184	248101163	248095184	1
OR2L2	chr1	248030070	248042305	248030070	1
OR2L3	chr1	248046836	248063407	248046836	1
OR2L5	chr1	248013660	248024276	248013660	1
OR2L8	chr1	247948858	247949796	247948858	1
OR2M2	chr1	248174821	248181067	248174821	1
OR2M3	chr1	248197265	248212925	248197265	1
OR2M4	chr1	248231417	248244679	248231417	1
OR2M5	chr1	248145148	248146086	248145148	1
OR2M7	chr1	248323630	248324568	248324568	-1
OR2S2	chr9	35957108	35958154	35958154	-1
OR2T1	chr1	248403048	248408020	248403048	1
OR2T10	chr1	248590487	248597700	248597700	-1
OR2T11	chr1	248623557	248635091	248635091	-1
OR2T12	chr1	248290139	248303424	248303424	-1
OR2T2	chr1	248445512	248455725	248445512	1
OR2T27	chr1	248649838	248655528	248655528	-1
OR2T29	chr1	248556912	248562772	248562772	-1
OR2T3	chr1	248473351	248474307	248473351	1
OR2T33	chr1	248269917	248277976	248277976	-1
OR2T34	chr1	248573801	248574757	248574757	-1
OR2T35	chr1	248636356	248645278	248645278	-1
OR2T4	chr1	248361665	248362627	248361665	1
OR2T5	chr1	248488589	248491113	248488589	1
OR2T6	chr1	248375746	248391811	248375746	1
OR2T7	chr1	248436359	248444316	248436359	1
OR2T8	chr1	247920252	247923152	247920252	1
OR2V1	chr5	181123122	181131169	181131169	-1
OR2V2	chr5	181147586	181159285	181147586	1
OR2W1	chr6	29044213	29045175	29045175	-1
OR2W3	chr1	247895587	247896531	247895587	1
OR2Y1	chr5	180739123	180740058	180740058	-1
OR2Z1	chr19	8721634	8732160	8721634	1
OR3A1	chr17	3291017	3298360	3298360	-1
OR3A2	chr17	3276177	3386328	3386328	-1
OR3A3	chr17	3411370	3424070	3411370	1
OR4A15	chr11	55367974	55368918	55367974	1
OR4A16	chr11	55343201	55344187	55343201	1
OR4A47	chr11	48488793	48489722	48488793	1
OR4A5	chr11	54706832	54707902	54706832	1
OR4A8	chr11	54682877	54683824	54682877	1
OR4B1	chr11	48216810	48217739	48216810	1
OR4C11	chr11	55602360	55607645	55607645	-1
OR4C12	chr11	49981473	49982535	49982535	-1
OR4C13	chr11	49952391	49953419	49952391	1
OR4C15	chr11	55554307	55555419	55554307	1
OR4C16	chr11	55572128	55573060	55572128	1
OR4C3	chr11	48324920	48325955	48324920	1
OR4C45	chr11	50032874	50033794	50032874	1
OR4C46	chr11	54603069	54603998	54603998	-1
OR4C5	chr11	48365485	48366465	48366465	-1
OR4C6	chr11	55662201	55666195	55662201	1
OR4D1	chr17	58148384	58159585	58148384	1
OR4D10	chr11	59473315	59479361	59473315	1
OR4D11	chr11	59503576	59504511	59503576	1
OR4D2	chr17	58166982	58171411	58166982	1
OR4D5	chr11	123939617	123940573	123939617	1
OR4D6	chr11	59456961	59457905	59456961	1
OR4D9	chr11	59511368	59520703	59511368	1
OR4E1	chr14	21667886	21673818	21673818	-1
OR4E2	chr14	21653835	21667642	21653835	1
OR4F15	chr15	101812202	101820197	101812202	1
OR4F16	chr1	685716	686654	686654	-1
OR4F17	chr19	107104	117102	107104	1
OR4F21	chr8	166086	167024	167024	-1
OR4F29	chr1	450740	451678	451678	-1
OR4F3	chr5	181367268	181368262	181367268	1
OR4F4	chr15	101922042	101923113	101923113	-1
OR4F5	chr1	65419	71585	65419	1
OR4F6	chr15	101803509	101806887	101803509	1
OR4K1	chr14	19930917	19936757	19930917	1
OR4K13	chr14	20029399	20036038	20036038	-1
OR4K14	chr14	20014143	20019307	20019307	-1
OR4K15	chr14	19975591	19976565	19975591	1
OR4K17	chr14	20110739	20122199	20110739	1
OR4K2	chr14	19875142	19883932	19875142	1
OR4K3	chr14	19868197	19869143	19869143	-1
OR4K5	chr14	19920607	19921578	19920607	1
OR4L1	chr14	20060045	20060983	20060045	1
OR4M1	chr14	19773504	19783696	19773504	1
OR4M2	chr15	22070241	22083221	22070241	1
OR4M2-OT1	chr15	22015233	22095857	22015233	1
OR4M2B	chr15	21637909	21638992	21637909	1
OR4N2	chr14	19719015	19830253	19719015	1
OR4N4	chr15	22094522	22095862	22094522	1
OR4N4C	chr15	21651844	21652968	21651844	1
OR4N5	chr14	20138820	20145471	20138820	1
OR4P4	chr11	55635113	55640309	55635113	1
OR4Q2	chr14	19999913	20004760	19999913	1
OR4Q3	chr14	19743571	19749469	19743571	1
OR4S1	chr11	48306223	48307152	48306223	1
OR4S2	chr11	55648327	55652854	55648327	1
OR4X1	chr11	48263861	48264778	48263861	1
OR4X2	chr11	48245104	48246015	48245104	1
OR51A2	chr11	4954772	4955713	4955713	-1
OR51A4	chr11	4942831	4947605	4947605	-1
OR51A7	chr11	4903783	4909462	4903783	1
OR51B2	chr11	5323359	5324297	5324297	-1
OR51B4	chr11	5301014	5301946	5301946	-1
OR51B5	chr11	5303444	5505652	5505652	-1
OR51B6	chr11	5351508	5352446	5351508	1
OR51C1	chr11	4690423	4697859	4697859	-1
OR51D1	chr11	4637477	4643060	4637477	1
OR51E1	chr11	4643420	4655541	4643420	1
OR51E2	chr11	4680171	4697859	4697859	-1
OR51F1	chr11	4768979	4769938	4769938	-1
OR51F2	chr11	4821321	4822456	4821321	1
OR51G1	chr11	4923374	4924339	4924339	-1
OR51G2	chr11	4912588	4919350	4919350	-1
OR51I1	chr11	5440570	5441514	5441514	-1
OR51I2	chr11	5449323	5456518	5449323	1
OR51L1	chr11	4994851	5005536	4994851	1
OR51M1	chr11	5383812	5393263	5383812	1
OR51Q1	chr11	5422111	5423206	5422111	1
OR51S1	chr11	4848237	4849208	4849208	-1
OR51T1	chr11	4881819	4882883	4881819	1
OR51V1	chr11	5199735	5200682	5200682	-1
OR52A1	chr11	5146824	5154757	5154757	-1
OR52A5	chr11	5128776	5138356	5138356	-1
OR52B2	chr11	6169355	6170326	6170326	-1
OR52B4	chr11	4367263	4368386	4368386	-1
OR52B6	chr11	5580877	5581884	5580877	1
OR52D1	chr11	5488685	5489749	5488685	1
OR52E1	chr11	5069572	5070497	5069572	1
OR52E2	chr11	5058650	5059627	5059627	-1
OR52E4	chr11	5880629	5887079	5880629	1
OR52E5	chr11	5893208	5902730	5893208	1
OR52E6	chr11	5840928	5841952	5841952	-1
OR52E8	chr11	5856749	5857690	5857690	-1
OR52H1	chr11	5544489	5548540	5548540	-1
OR52I1	chr11	4594039	4595013	4594039	1
OR52I2	chr11	4581743	4593340	4581743	1
OR52J3	chr11	5046526	5047461	5046526	1
OR52K1	chr11	4482646	4493497	4482646	1
OR52K2	chr11	4449295	4450361	4449295	1
OR52L1	chr11	5985892	5986985	5986985	-1
OR52M1	chr11	4545191	4546144	4545191	1
OR52N1	chr11	5786471	5791265	5791265	-1
OR52N2	chr11	5808911	5821492	5808911	1
OR52N4	chr11	5754243	5755958	5754243	1
OR52N5	chr11	5776165	5783355	5783355	-1
OR52P1	chr11	5726502	5727464	5726502	1
OR52R1	chr11	4803433	4804380	4804380	-1
OR52W1	chr11	6199224	6200186	6199224	1
OR56A1	chr11	6019336	6034338	6034338	-1
OR56A3	chr11	5938751	5951347	5938751	1
OR56A4	chr11	5999445	6006946	6006946	-1
OR56A5	chr11	5967553	5968494	5968494	-1
OR56B1	chr11	5736448	5738523	5736448	1
OR56B2	chr11	5761153	5769080	5761153	1
OR56B4	chr11	6107684	6108835	6107684	1
OR5A1	chr11	59436469	59451380	59436469	1
OR5A2	chr11	59416969	59426413	59426413	-1
OR5AC1	chr3	98064472	98065396	98064472	1
OR5AC2	chr3	98087173	98088102	98087173	1
OR5AK2	chr11	56988914	56989843	56988914	1
OR5AK3P	chr11	56971050	56971979	56971050	1
OR5AL1	chr11	56412696	56413683	56412696	1
OR5AN1	chr11	59358895	59371714	59358895	1
OR5AP2	chr11	56641489	56642439	56642439	-1
OR5AR1	chr11	56663686	56664618	56663686	1
OR5AS1	chr11	56027654	56038191	56027654	1
OR5AU1	chr14	21148370	21159060	21159060	-1
OR5B12	chr11	58438994	58442236	58442236	-1
OR5B17	chr11	58358124	58359069	58359069	-1
OR5B2	chr11	58421238	58428121	58428121	-1
OR5B21	chr11	58506807	58508105	58508105	-1
OR5B3	chr11	58402464	58406874	58406874	-1
OR5BS1	chr12	48559882	48562956	48559882	1
OR5C1	chr9	122788933	122789895	122788933	1
OR5D13	chr11	55773438	55774382	55773438	1
OR5D14	chr11	55795556	55796500	55795556	1
OR5D16	chr11	55838752	55839738	55838752	1
OR5D18	chr11	55819630	55820571	55819630	1
OR5D3	chr11	55723776	55729621	55723776	1
OR5F1	chr11	55993681	55994625	55994625	-1
OR5G3	chr11	56819573	56820516	56820516	-1
OR5H1	chr3	98130721	98138548	98130721	1
OR5H14	chr3	98147479	98156614	98147479	1
OR5H15	chr3	98166696	98169774	98166696	1
OR5H2	chr3	98282505	98284070	98282505	1
OR5H6	chr3	98263252	98265356	98263252	1
OR5H8	chr3	98306752	98312843	98306752	1
OR5I1	chr11	55935456	55936400	55936400	-1
OR5J2	chr11	56176618	56177556	56176618	1
OR5K1	chr3	98463201	98472924	98463201	1
OR5K2	chr3	98497681	98498631	98497681	1
OR5K3	chr3	98390666	98391631	98390666	1
OR5K4	chr3	98353854	98354819	98353854	1
OR5L1	chr11	55811367	55812476	55811367	1
OR5L2	chr11	55827219	55828154	55827219	1
OR5M1	chr11	56609236	56614874	56614874	-1
OR5M10	chr11	56576774	56577721	56577721	-1
OR5M11	chr11	56542340	56543257	56543257	-1
OR5M3	chr11	56469274	56473352	56473352	-1
OR5M8	chr11	56490435	56491370	56491370	-1
OR5M9	chr11	56462469	56463401	56463401	-1
OR5P2	chr11	7795974	7796942	7796942	-1
OR5P3	chr11	7824818	7830840	7830840	-1
OR5T1	chr11	56274154	56276819	56274154	1
OR5T2	chr11	56231282	56234255	56234255	-1
OR5T3	chr11	56252254	56253222	56252254	1
OR5V1	chr6	29353749	29431967	29431967	-1
OR5W2	chr11	55913650	55914582	55914582	-1
OR6A2	chr11	6791736	6799689	6799689	-1
OR6B1	chr7	144000320	144008793	144000320	1
OR6B2	chr2	240029491	240030429	240030429	-1
OR6B3	chr2	240044571	240053807	240053807	-1
OR6C1	chr12	55314343	55322364	55314343	1
OR6C2	chr12	55444069	55453347	55444069	1
OR6C3	chr12	55330043	55332687	55330043	1
OR6C4	chr12	55549602	55555832	55549602	1
OR6C6	chr12	55293988	55296569	55296569	-1
OR6C65	chr12	55400529	55401467	55400529	1
OR6C68	chr12	55492378	55493316	55492378	1
OR6C70	chr12	55469200	55470138	55470138	-1
OR6C74	chr12	55244609	55256625	55244609	1
OR6C75	chr12	55362975	55369279	55362975	1
OR6C76	chr12	55426254	55427192	55426254	1
OR6F1	chr1	247711436	247716646	247716646	-1
OR6J1	chr14	22630929	22644352	22644352	-1
OR6K2	chr1	158699678	158700652	158700652	-1
OR6K3	chr1	158716327	158720720	158720720	-1
OR6K6	chr1	158754720	158755891	158754720	1
OR6M1	chr11	123805408	123806349	123806349	-1
OR6N1	chr1	158747814	158772195	158772195	-1
OR6N2	chr1	158774222	158781204	158781204	-1
OR6P1	chr1	158560606	158570580	158570580	-1
OR6Q1	chr11	58030953	58031906	58030953	1
OR6S1	chr14	20640696	20641691	20641691	-1
OR6T1	chr11	123942867	123943838	123943838	-1
OR6V1	chr7	143052341	143053282	143052341	1
OR6X1	chr11	123753580	123754518	123754518	-1
OR6Y1	chr1	158544550	158554405	158554405	-1
OR7A10	chr19	14840466	14848922	14848922	-1
OR7A17	chr19	14878203	14886132	14886132	-1
OR7A5	chr19	14826241	14835285	14835285	-1
OR7C1	chr19	14789260	14835376	14835376	-1
OR7C2	chr19	14941489	14942448	14941489	1
OR7D2	chr19	9178979	9188818	9178979	1
OR7D4	chr19	9210276	9219589	9219589	-1
OR7E24	chr19	9247344	9252625	9247344	1
OR7G1	chr19	9114828	9115763	9115763	-1
OR7G2	chr19	9100407	9107475	9107475	-1
OR7G3	chr19	9126012	9126950	9126950	-1
OR8A1	chr11	124566660	124582942	124566660	1
OR8B12	chr11	124539635	124545333	124545333	-1
OR8B2	chr11	124382394	124384499	124384499	-1
OR8B3	chr11	124395534	124399024	124399024	-1
OR8B4	chr11	124423942	124424871	124424871	-1
OR8B8	chr11	124437445	124445696	124445696	-1
OR8D1	chr11	124302831	124315099	124315099	-1
OR8D2	chr11	124319262	124320197	124320197	-1
OR8D4	chr11	123902167	123909229	123902167	1
OR8G1	chr11	124241095	124254364	124241095	1
OR8G2P	chr11	124224732	124225666	124224732	1
OR8G3	chr11	124211707	124215828	124211707	1
OR8G5	chr11	124256376	124266224	124256376	1
OR8H1	chr11	56288462	56292254	56292254	-1
OR8H2	chr11	56103687	56107658	56103687	1
OR8H3	chr11	56122373	56123311	56122373	1
OR8I2	chr11	56093308	56094240	56093308	1
OR8J1	chr11	56354291	56361511	56354291	1
OR8J2	chr11	56208985	56215222	56215222	-1
OR8J3	chr11	56134721	56140201	56140201	-1
OR8K1	chr11	56346039	56346998	56346039	1
OR8K3	chr11	56315144	56320639	56315144	1
OR8K5	chr11	56159394	56160317	56160317	-1
OR8S1	chr12	48525632	48526570	48525632	1
OR8U1	chr11	56375624	56376553	56375624	1
OR8U3	chr11	56417258	56418232	56418232	-1
OR9A1P	chr7	141887148	141888092	141887148	1
OR9A2	chr7	143026200	143027132	143027132	-1
OR9A4	chr7	141916399	141920625	141916399	1
OR9G1	chr11	56699095	56703884	56699095	1
OR9G4	chr11	56741223	56748697	56748697	-1
OR9H1	chr1	247770169	247779524	247770169	1
OR9I1	chr11	58116742	58125530	58125530	-1
OR9K2	chr12	55126406	55132750	55126406	1
OR9Q1	chr11	58023881	58181616	58023881	1
OR9Q2	chr11	58189070	58194053	58189070	1
ORAI1	chr12	121626509	121643109	121626509	1
ORAI2	chr7	102433106	102456825	102433106	1
ORAI3	chr16	30949055	30956511	30949055	1
ORC1	chr1	52370994	52404492	52404492	-1
ORC2	chr2	200908684	200963704	200963704	-1
ORC3	chr6	87590067	87681796	87590067	1
ORC4	chr2	147930396	148021784	148021784	-1
ORC5	chr7	104126341	104208047	104208047	-1
ORC6	chr16	46689301	46698399	46689301	1
ORM1	chr9	114322951	114326970	114322951	1
ORM2	chr9	114329777	114333741	114329777	1
ORMDL1	chr2	189765545	189784395	189784395	-1
ORMDL2	chr12	55818034	55824097	55818034	1
ORMDL3	chr17	39919927	39982186	39982186	-1
OS9	chr12	57693841	57728342	57693841	1
OSBP	chr11	59574398	59615792	59615792	-1
OSBP2	chr22	30693782	30907824	30693782	1
OSBPL10	chr3	31646306	32077580	32077580	-1
OSBPL11	chr3	125528210	125595592	125595592	-1
OSBPL1A	chr18	24162045	24397908	24397908	-1
OSBPL2	chr20	62231922	62296213	62231922	1
OSBPL3	chr7	24796536	24981634	24981634	-1
OSBPL5	chr11	3087107	3166739	3166739	-1
OSBPL6	chr2	178193711	178402893	178193711	1
OSBPL7	chr17	47807363	47821890	47821890	-1
OSBPL8	chr12	76351319	76559840	76559840	-1
OSBPL9	chr1	51577179	51798427	51577179	1
OSCAR	chr19	54094668	54102692	54102692	-1
OSCP1	chr1	36415273	36450491	36450491	-1
OSER1	chr20	44195939	44219957	44219957	-1
OSGEP	chr14	20446401	20455089	20455089	-1
OSGEPL1	chr2	189746415	189763230	189763230	-1
OSGIN1	chr16	83931311	83966333	83931311	1
OSGIN2	chr8	89901849	89927888	89901849	1
OSM	chr22	30262829	30266858	30266858	-1
OSMR	chr5	38845826	38945596	38845826	1
OSR1	chr2	19351485	19359486	19359486	-1
OSR2	chr8	98940116	98952336	98940116	1
OST4	chr2	27058735	27073830	27073830	-1
OSTC	chr4	108650577	108668418	108650577	1
OSTF1	chr9	75088421	75149989	75088421	1
OSTM1	chr6	108029245	108165854	108165854	-1
OSTN	chr3	191199235	191265615	191199235	1
OTC	chrX	38327598	38424632	38327598	1
OTOA	chr16	21663968	21761935	21663968	1
OTOF	chr2	26457203	26558756	26558756	-1
OTOG	chr11	17547259	17647150	17547259	1
OTOGL	chr12	80099537	80380880	80099537	1
OTOL1	chr3	161496808	161503942	161496808	1
OTOP1	chr4	4188726	4226929	4226929	-1
OTOP2	chr17	74922950	74933912	74922950	1
OTOP3	chr17	74935829	74949993	74935829	1
OTOR	chr20	16748358	16770062	16748358	1
OTOS	chr2	240139026	240144562	240144562	-1
OTP	chr5	77628712	77638713	77638713	-1
OTUB1	chr11	63985853	64001811	63985853	1
OTUB2	chr14	94026329	94049618	94026329	1
OTUD1	chr10	23439075	23442377	23439075	1
OTUD3	chr1	19882368	19912945	19882368	1
OTUD4	chr4	145110838	145180631	145180631	-1
OTUD5	chrX	48922024	48958390	48958390	-1
OTUD6A	chrX	70062457	70064179	70062457	1
OTUD6B	chr8	91070196	91087095	91070196	1
OTUD7A	chr15	31475398	31870789	31870789	-1
OTUD7B	chr1	149937812	150010758	150010758	-1
OTULIN	chr5	14664664	14716529	14664664	1
OTULINL	chr5	14581792	14616180	14581792	1
OTX1	chr2	63050057	63057836	63050057	1
OTX2	chr14	56799810	56816792	56816792	-1
OVCA2	chr17	2042022	2043898	2042022	1
OVCH1	chr12	29412474	29497686	29497686	-1
OVCH2	chr11	7689437	7706477	7706477	-1
OVGP1	chr1	111413379	111427735	111427735	-1
OVOL1	chr11	65786714	65797219	65786714	1
OVOL2	chr20	17956979	18059188	18059188	-1
OVOL3	chr19	36111116	36113711	36111116	1
OXA1L	chr14	22766522	22776355	22766522	1
OXCT1	chr5	41729460	41870590	41870590	-1
OXCT2	chr1	39769523	39771348	39771348	-1
OXER1	chr2	42762499	42764135	42764135	-1
OXGR1	chr13	96985713	96994730	96994730	-1
OXLD1	chr17	81665033	81666635	81666635	-1
OXNAD1	chr3	16265160	16352093	16265160	1
OXR1	chr8	106270112	106752711	106270112	1
OXSM	chr3	25782917	25797141	25782917	1
OXSR1	chr3	38165089	38255487	38165089	1
OXT	chr20	3071476	3072517	3071476	1
OXTR	chr3	8750381	8769628	8769628	-1
P2RX1	chr17	3896592	3916580	3916580	-1
P2RX2	chr12	132618771	132622388	132618771	1
P2RX3	chr11	57338346	57374566	57338346	1
P2RX4	chr12	121209961	121234112	121209961	1
P2RX5	chr17	3669763	3696398	3696398	-1
P2RX5-TAX1BP3	chr17	3663063	3696194	3696194	-1
P2RX6	chr22	21009808	21028013	21009808	1
P2RX7	chr12	121132785	121188032	121132785	1
P2RY1	chr3	152835131	152841439	152835131	1
P2RY10	chrX	78945332	78963727	78945332	1
P2RY11	chr19	10111689	10118085	10111689	1
P2RY12	chr3	151336843	151384765	151384765	-1
P2RY13	chr3	151326312	151329555	151329555	-1
P2RY14	chr3	151212115	151278811	151278811	-1
P2RY2	chr11	73216664	73242427	73216664	1
P2RY4	chrX	70258166	70260204	70260204	-1
P2RY6	chr11	73264498	73305103	73264498	1
P2RY8	chrX	1462572	1537207	1537207	-1
P3H1	chr1	42746335	42767084	42767084	-1
P3H2	chr3	189956728	190122437	190122437	-1
P3H3	chr12	6828220	6839867	6828220	1
P3H4	chr17	41801944	41812750	41812750	-1
P3R3URF	chr1	46171017	46176488	46176488	-1
P3R3URF-PIK3R3	chr1	46043661	46176488	46176488	-1
P4HA1	chr10	73005811	73097108	73097108	-1
P4HA2	chr5	132190094	132295315	132295315	-1
P4HA3	chr11	74235801	74311685	74311685	-1
P4HB	chr17	81843158	81860856	81860856	-1
P4HTM	chr3	48989858	49007153	48989858	1
PA2G4	chr12	56104349	56116329	56104349	1
PAAF1	chr11	73876699	73931128	73876699	1
PABIR1	chr9	68780065	68785566	68780065	1
PABIR2	chrX	134769513	134797259	134797259	-1
PABIR3	chrX	134796381	134855021	134796381	1
PABPC1	chr8	100685816	100722809	100722809	-1
PABPC1L	chr20	44909999	44959160	44909999	1
PABPC1L2A	chrX	73077276	73079512	73079512	-1
PABPC1L2B	chrX	73002939	73006106	73002939	1
PABPC3	chr13	25096136	25099254	25096136	1
PABPC4	chr1	39560709	39576900	39576900	-1
PABPC4L	chr4	134196333	134201885	134201885	-1
PABPC5	chrX	91434595	91441885	91434595	1
PABPN1	chr14	23321447	23326176	23321447	1
PABPN1L	chr16	88863333	88866660	88866660	-1
PACC1	chr1	212363926	212414923	212414923	-1
PACRG	chr6	162727095	163315535	162727095	1
PACRGL	chr4	20696282	20754826	20696282	1
PACS1	chr11	66070017	66248638	66070017	1
PACS2	chr14	105300563	105398147	105300563	1
PACSIN1	chr6	34466040	34536261	34466040	1
PACSIN2	chr22	42835412	43015185	43015185	-1
PACSIN3	chr11	47177511	47187487	47187487	-1
PADI1	chr1	17205120	17246007	17205120	1
PADI2	chr1	17066761	17119459	17119459	-1
PADI3	chr1	17249093	17284233	17249093	1
PADI4	chr1	17308195	17364004	17308195	1
PADI6	chr1	17372196	17401699	17372196	1
PAEP	chr9	135561750	135566955	135561750	1
PAF1	chr19	39385629	39391154	39391154	-1
PAFAH1B1	chr17	2593183	2685627	2593183	1
PAFAH1B2	chr11	117144278	117176894	117144278	1
PAFAH1B3	chr19	42297023	42303546	42303546	-1
PAFAH2	chr1	25959767	25999206	25999206	-1
PAG1	chr8	80967810	81112121	81112121	-1
PAGE1	chrX	49687445	49696024	49696024	-1
PAGE2	chrX	55089011	55092842	55089011	1
PAGE2B	chrX	55028123	55078913	55028123	1
PAGE3	chrX	55257591	55264927	55264927	-1
PAGE4	chrX	49752516	49835255	49752516	1
PAGE5	chrX	55211094	55224116	55211094	1
PAGR1	chr16	29816086	29822489	29816086	1
PAH	chr12	102836889	102958410	102958410	-1
PAICS	chr4	56435058	56464578	56435058	1
PAIP1	chr5	43526267	43557758	43557758	-1
PAIP2	chr5	139341587	139369733	139341587	1
PAIP2B	chr2	71181702	71227112	71227112	-1
PAK1	chr11	77321548	77474635	77474635	-1
PAK1IP1	chr6	10694633	10711168	10694633	1
PAK2	chr3	196739743	196832647	196739743	1
PAK3	chrX	110944285	111227361	110944285	1
PAK4	chr19	39125728	39182816	39125728	1
PAK5	chr20	9537370	9839076	9839076	-1
PAK6	chr15	40217428	40277489	40217428	1
PALB2	chr16	23603158	23641342	23641342	-1
PALD1	chr10	70477658	70668754	70477658	1
PALLD	chr4	168497038	168928610	168497038	1
PALM	chr19	708906	748329	708906	1
PALM2AKAP2	chr9	109498325	110172512	109498325	1
PALM3	chr19	14053363	14062149	14062149	-1
PALMD	chr1	99645499	99695178	99645499	1
PALS1	chr14	67240713	67336061	67240713	1
PALS2	chr7	24572936	24694193	24572936	1
PAM	chr5	102753981	103031149	102753981	1
PAM16	chr16	4330378	4355607	4355607	-1
PAMR1	chr11	35431823	35530300	35530300	-1
PAN2	chr12	56316223	56334053	56334053	-1
PAN3	chr13	28138193	28295335	28138193	1
PANK1	chr10	89579497	89645263	89645263	-1
PANK2	chr20	3888777	3929887	3888777	1
PANK3	chr5	168544583	168579626	168579626	-1
PANK4	chr1	2508531	2526617	2526617	-1
PANO1	chr11	797511	799190	797511	1
PANX1	chr11	94128828	94185019	94128828	1
PANX2	chr22	50170458	50180295	50170458	1
PANX3	chr11	124611428	124620356	124611428	1
PAOX	chr10	133378961	133393943	133378961	1
PAPLN	chr14	73236338	73345508	73236338	1
PAPOLA	chr14	96501433	96567118	96501433	1
PAPOLB	chr7	4857738	4862030	4862030	-1
PAPOLG	chr2	60756232	60802086	60756232	1
PAPPA	chr9	116153560	116402321	116153560	1
PAPPA2	chr1	176463171	176845601	176463171	1
PAPSS1	chr4	107590276	107720395	107720395	-1
PAPSS2	chr10	87659613	87747708	87659613	1
PAQR3	chr4	78887127	78939440	78939440	-1
PAQR4	chr16	2969242	2973484	2969242	1
PAQR5	chr15	69298888	69410266	69298888	1
PAQR6	chr1	156243318	156248647	156248647	-1
PAQR7	chr1	25861211	25875968	25875968	-1
PAQR8	chr6	52361421	52407777	52361421	1
PAQR9	chr3	142949164	142964022	142964022	-1
PARD3	chr10	34109560	34815424	34815424	-1
PARD3B	chr2	204545162	205620162	204545162	1
PARD6A	chr16	67660350	67664266	67660350	1
PARD6B	chr20	50731365	50756836	50731365	1
PARD6G	chr18	80157232	80247594	80247594	-1
PARG	chr10	49815132	49970203	49970203	-1
PARK7	chr1	7952654	7985991	7952654	1
PARL	chr3	183826489	183884933	183884933	-1
PARM1	chr4	74933041	75050135	74933041	1
PARN	chr16	14435699	14632728	14632728	-1
PARP1	chr1	226360210	226408154	226408154	-1
PARP10	chr8	143977151	144019930	144019930	-1
PARP11	chr12	3791047	3873459	3873459	-1
PARP12	chr7	140023742	140063344	140063344	-1
PARP14	chr3	122680212	122730840	122680212	1
PARP15	chr3	122577597	122639047	122577597	1
PARP16	chr15	65231398	65300618	65300618	-1
PARP2	chr14	20343541	20362074	20343541	1
PARP3	chr3	51942252	51949371	51942252	1
PARP4	chr13	24420931	24512925	24512925	-1
PARP6	chr15	72241176	72272999	72272999	-1
PARP8	chr5	50665876	50846519	50665876	1
PARP9	chr3	122527910	122565478	122565478	-1
PARPBP	chr12	102120122	102197531	102120122	1
PARS2	chr1	54756591	54764549	54764549	-1
PARVA	chr11	12377134	12549750	12377134	1
PARVB	chr22	43999211	44172939	43999211	1
PARVG	chr22	44172946	44219533	44172946	1
PASD1	chrX	151563675	151676739	151563675	1
PASK	chr2	241106094	241150852	241150852	-1
PATE1	chr11	125746279	125749867	125746279	1
PATE2	chr11	125776113	125778828	125778828	-1
PATE3	chr11	125788127	125791600	125788127	1
PATE4	chr11	125833316	125840072	125833316	1
PATJ	chr1	61742291	62180553	61742291	1
PATL1	chr11	59636470	59669162	59669162	-1
PATL2	chr15	44665723	44711384	44711384	-1
PATZ1	chr22	31325804	31346605	31346605	-1
PAWR	chr12	79574979	79691397	79691397	-1
PAX1	chr20	21705659	21718481	21705659	1
PAX2	chr10	100735380	100829944	100735380	1
PAX3	chr2	222199887	222299011	222299011	-1
PAX4	chr7	127610292	127618142	127618142	-1
PAX5	chr9	36833269	37034268	37034268	-1
PAX6	chr11	31784779	31817967	31817967	-1
PAX7	chr1	18630846	18748876	18630846	1
PAX8	chr2	113215997	113279001	113279001	-1
PAX9	chr14	36657568	36679362	36657568	1
PAXBP1	chr21	32733899	32771854	32771854	-1
PAXIP1	chr7	154943687	155003165	155003165	-1
PAXX	chr9	136992400	136994074	136992400	1
PBDC1	chrX	76172863	76194595	76172863	1
PBK	chr8	27809532	27838082	27838082	-1
PBLD	chr10	68262014	68334114	68334114	-1
PBOV1	chr6	138215986	138218491	138218491	-1
PBRM1	chr3	52544271	52685979	52685979	-1
PBX1	chr1	164555584	164899296	164555584	1
PBX2	chr6	32184733	32190278	32190278	-1
PBX3	chr9	125746683	125967379	125746683	1
PBX4	chr19	19561707	19618746	19618746	-1
PBXIP1	chr1	154944059	154956451	154956451	-1
PC	chr11	66848208	66958524	66958524	-1
PCARE	chr2	29060976	29074566	29074566	-1
PCBD1	chr10	70882280	70888616	70888616	-1
PCBD2	chr5	134905039	135007959	134905039	1
PCBP1	chr2	70087477	70089203	70087477	1
PCBP2	chr12	53451900	53484618	53451900	1
PCBP3	chr21	45643661	45942454	45643661	1
PCBP4	chr3	51957448	51974630	51974630	-1
PCCA	chr13	100089015	100530437	100089015	1
PCCB	chr3	136250314	136351450	136250314	1
PCDH1	chr5	141853090	141879246	141879246	-1
PCDH10	chr4	133149285	133208606	133149285	1
PCDH11X	chrX	91779261	92623230	91779261	1
PCDH11Y	chrY	5000085	5742224	5000085	1
PCDH12	chr5	141943581	141969741	141969741	-1
PCDH15	chr10	53802771	55627942	55627942	-1
PCDH17	chr13	57631429	57729311	57631429	1
PCDH18	chr4	137518918	137532519	137532519	-1
PCDH19	chrX	100291644	100410296	100410296	-1
PCDH20	chr13	61408965	61415849	61415849	-1
PCDH7	chr4	30720325	31146805	30720325	1
PCDH8	chr13	52842889	52848641	52848641	-1
PCDH9	chr13	66302834	67230455	67230455	-1
PCDHA1	chr5	140786136	141012351	140786136	1
PCDHA10	chr5	140855883	141012351	140855883	1
PCDHA11	chr5	140868183	141012351	140868183	1
PCDHA12	chr5	140875256	141012351	140875256	1
PCDHA13	chr5	140882079	141012347	140882079	1
PCDHA2	chr5	140794845	141012351	140794845	1
PCDHA3	chr5	140801018	141012351	140801018	1
PCDHA4	chr5	140807037	141012347	140807037	1
PCDHA5	chr5	140821599	141012347	140821599	1
PCDHA6	chr5	140827958	141012351	140827958	1
PCDHA7	chr5	140834231	141012351	140834231	1
PCDHA8	chr5	140841185	141012351	140841185	1
PCDHA9	chr5	140847772	141012351	140847772	1
PCDHAC1	chr5	140926299	141012351	140926299	1
PCDHAC2	chr5	140966466	141012351	140966466	1
PCDHB1	chr5	141051374	141059346	141051374	1
PCDHB10	chr5	141192353	141195647	141192353	1
PCDHB11	chr5	141199610	141203779	141199610	1
PCDHB12	chr5	141208697	141212571	141208697	1
PCDHB13	chr5	141213919	141218979	141213919	1
PCDHB14	chr5	141223343	141227759	141223343	1
PCDHB15	chr5	141245395	141249365	141245395	1
PCDHB16	chr5	141182387	141186226	141182387	1
PCDHB2	chr5	141094597	141098703	141094597	1
PCDHB3	chr5	141100473	141103827	141100473	1
PCDHB4	chr5	141121818	141125623	141121818	1
PCDHB5	chr5	141135206	141138615	141135206	1
PCDHB6	chr5	141150057	141153287	141150057	1
PCDHB7	chr5	141172644	141176383	141172644	1
PCDHB8	chr5	141177790	141182369	141177790	1
PCDHB9	chr5	141187127	141191541	141187127	1
PCDHGA1	chr5	141330495	141512977	141330495	1
PCDHGA10	chr5	141412981	141512977	141412981	1
PCDHGA11	chr5	141421021	141512977	141421021	1
PCDHGA12	chr5	141430507	141512977	141430507	1
PCDHGA2	chr5	141338754	141512977	141338754	1
PCDHGA3	chr5	141343819	141512977	141343819	1
PCDHGA4	chr5	141355004	141512977	141355004	1
PCDHGA5	chr5	141364162	141512977	141364162	1
PCDHGA6	chr5	141373878	141512977	141373878	1
PCDHGA7	chr5	141382702	141512977	141382702	1
PCDHGA8	chr5	141390157	141512977	141390157	1
PCDHGA9	chr5	141402765	141512977	141402765	1
PCDHGB1	chr5	141350083	141512977	141350083	1
PCDHGB2	chr5	141359971	141512977	141359971	1
PCDHGB3	chr5	141370237	141512977	141370237	1
PCDHGB4	chr5	141387698	141512977	141387698	1
PCDHGB5	chr5	141397942	141512977	141397942	1
PCDHGB6	chr5	141407989	141512977	141407989	1
PCDHGB7	chr5	141417642	141512977	141417642	1
PCDHGC3	chr5	141475929	141512977	141475929	1
PCDHGC4	chr5	141484997	141512977	141484997	1
PCDHGC5	chr5	141489067	141512977	141489067	1
PCED1A	chr20	2835070	2841190	2841190	-1
PCED1B	chr12	47077945	47236667	47077945	1
PCF11	chr11	83156988	83187451	83156988	1
PCGF1	chr2	74505041	74508361	74508361	-1
PCGF2	chr17	38733065	38752555	38752555	-1
PCGF3	chr4	705748	770089	705748	1
PCGF5	chr10	91162339	91284337	91162339	1
PCGF6	chr10	103302796	103351150	103351150	-1
PCID2	chr13	113177117	113209458	113209458	-1
PCIF1	chr20	45934673	45948023	45934673	1
PCK1	chr20	57546220	57570667	57546220	1
PCK2	chr14	24094053	24110598	24094053	1
PCLAF	chr15	64364129	64387687	64387687	-1
PCLO	chr7	82754012	83162930	83162930	-1
PCM1	chr8	17922746	18029996	17922746	1
PCMT1	chr6	149749197	149811422	149749197	1
PCMTD1	chr8	51785016	51900042	51900042	-1
PCMTD2	chr20	64254921	64304820	64254921	1
PCNA	chr20	5114953	5127630	5127630	-1
PCNP	chr3	101574083	101594510	101574083	1
PCNT	chr21	46324082	46445769	46324082	1
PCNX1	chr14	70907368	71115382	70907368	1
PCNX2	chr1	232983031	233295743	233295743	-1
PCNX3	chr11	65615742	65637441	65615742	1
PCNX4	chr14	60091910	60171377	60091910	1
PCOLCE	chr7	100602321	100608175	100602321	1
PCOLCE2	chr3	142815922	142889211	142889211	-1
PCP2	chr19	7631611	7635831	7635831	-1
PCP4	chr21	39867326	39929397	39867326	1
PCP4L1	chr1	161258136	161285450	161258136	1
PCSK1	chr5	96390333	96434143	96434143	-1
PCSK1N	chrX	48831088	48835632	48835632	-1
PCSK2	chr20	17226107	17484578	17226107	1
PCSK4	chr19	1481428	1490752	1490752	-1
PCSK5	chr9	75890639	76362975	75890639	1
PCSK6	chr15	101289784	101525202	101525202	-1
PCSK7	chr11	117202588	117232628	117232628	-1
PCSK9	chr1	55039445	55064852	55039445	1
PCTP	chr17	55750964	55854857	55750964	1
PCYOX1	chr2	70257386	70281185	70257386	1
PCYOX1L	chr5	149357998	149369653	149357998	1
PCYT1A	chr3	196214222	196287957	196287957	-1
PCYT1B	chrX	24558087	24672904	24672904	-1
PCYT2	chr17	81900958	81911507	81911507	-1
PDAP1	chr7	99392048	99408831	99408831	-1
PDC	chr1	186443566	186461114	186461114	-1
PDCD1	chr2	241849884	241858894	241858894	-1
PDCD10	chr3	167677517	167735039	167735039	-1
PDCD11	chr10	103396602	103446297	103396602	1
PDCD1LG2	chr9	5485745	5571282	5485745	1
PDCD2	chr6	170572301	170584692	170584692	-1
PDCD2L	chr19	34404386	34426169	34404386	1
PDCD4	chr10	110871790	110900013	110871790	1
PDCD5	chr19	32581062	32587453	32581062	1
PDCD6	chr5	271452	314978	271452	1
PDCD6-AHRR	chr5	271670	438291	271670	1
PDCD6IP	chr3	33798318	33869707	33798318	1
PDCD7	chr15	65117379	65133836	65133836	-1
PDCL	chr9	122798389	122828644	122828644	-1
PDCL2	chr4	55556514	55592245	55592245	-1
PDCL3	chr2	100562802	100577483	100562802	1
PDE10A	chr6	165327287	165988117	165988117	-1
PDE11A	chr2	177623244	178108339	178108339	-1
PDE12	chr3	57556249	57656494	57556249	1
PDE1A	chr2	182139968	182523359	182523359	-1
PDE1B	chr12	54549551	54579241	54549551	1
PDE1C	chr7	31615753	32428131	32428131	-1
PDE2A	chr11	72576141	72674591	72674591	-1
PDE3A	chr12	20368322	20688583	20368322	1
PDE3B	chr11	14643663	14874657	14643663	1
PDE4A	chr19	10416773	10469816	10416773	1
PDE4B	chr1	65792514	66374582	65792514	1
PDE4C	chr19	18207965	18248200	18248200	-1
PDE4D	chr5	58969038	60522120	60522120	-1
PDE4DIP	chr1	148808140	149048286	148808140	1
PDE5A	chr4	119494397	119629259	119629259	-1
PDE6A	chr5	149857953	149945287	149945287	-1
PDE6B	chr4	625559	670782	625559	1
PDE6C	chr10	93612533	93666010	93612533	1
PDE6D	chr2	231732354	231786272	231786272	-1
PDE6G	chr17	81650459	81663112	81663112	-1
PDE6H	chr12	14949827	14982699	14949827	1
PDE7A	chr8	65714334	65842573	65842573	-1
PDE7B	chr6	135851587	136195574	135851587	1
PDE8A	chr15	84980440	85139244	84980440	1
PDE8B	chr5	77210449	77428737	77210449	1
PDE9A	chr21	42653584	42776512	42653584	1
PDF	chr16	69321991	69330613	69330613	-1
PDGFA	chr7	497258	520705	520705	-1
PDGFB	chr22	39221746	39244982	39244982	-1
PDGFC	chr4	156758280	156972201	156972201	-1
PDGFD	chr11	103865045	104164391	104164391	-1
PDGFRA	chr4	54229130	54298246	54229130	1
PDGFRB	chr5	150113839	150186363	150186363	-1
PDGFRL	chr8	17576433	17644071	17576433	1
PDHA1	chrX	19343893	19361718	19343893	1
PDHA2	chr4	95840093	95841464	95840093	1
PDHB	chr3	58425143	58434012	58434012	-1
PDHX	chr11	34915829	35021339	34915829	1
PDIA2	chr16	283152	287215	283152	1
PDIA3	chr15	43746364	43773279	43746364	1
PDIA4	chr7	149003046	149028667	149028667	-1
PDIA5	chr3	123067017	123225227	123067017	1
PDIA6	chr2	10781710	10837977	10837977	-1
PDIK1L	chr1	26111141	26125906	26111141	1
PDILT	chr16	20359175	20404737	20404737	-1
PDK1	chr2	172555373	172628598	172555373	1
PDK2	chr17	50094737	50120276	50094737	1
PDK3	chrX	24465244	24550466	24465244	1
PDK4	chr7	95583497	95597638	95597638	-1
PDLIM1	chr10	95237569	95291126	95291126	-1
PDLIM2	chr8	22578058	22598025	22578058	1
PDLIM3	chr4	185499258	185535669	185535669	-1
PDLIM4	chr5	132257640	132273712	132257640	1
PDLIM5	chr4	94451716	94668227	94451716	1
PDLIM7	chr5	177482838	177497664	177497664	-1
PDP1	chr8	93857788	93926068	93857788	1
PDP2	chr16	66878589	66895754	66878589	1
PDPK1	chr16	2537969	2603190	2537969	1
PDPN	chr1	13583465	13617960	13583465	1
PDPR	chr16	70114225	70162537	70114225	1
PDRG1	chr20	31944337	31952079	31952079	-1
PDS5A	chr4	39822863	39977993	39977993	-1
PDS5B	chr13	32586315	32778320	32586315	1
PDSS1	chr10	26697441	26746798	26697441	1
PDSS2	chr6	107152556	107459582	107459582	-1
PDX1	chr13	27919994	27926313	27919994	1
PDXDC1	chr16	14974591	15153671	14974591	1
PDXK	chr21	43719061	43762307	43719061	1
PDXP	chr22	37658715	37666934	37658715	1
PDYN	chr20	1978757	1994692	1994692	-1
PDZD11	chrX	70223409	70290596	70290596	-1
PDZD2	chr5	31638965	32110933	31638965	1
PDZD4	chrX	153802161	153830935	153830935	-1
PDZD7	chr10	101007679	101032295	101032295	-1
PDZD8	chr10	117277274	117376020	117376020	-1
PDZD9	chr16	21983865	22001116	22001116	-1
PDZK1	chr1	145670848	145721615	145721615	-1
PDZK1IP1	chr1	47183582	47191398	47191398	-1
PDZRN3	chr3	73382430	73625273	73625273	-1
PDZRN4	chr12	41188234	41574745	41188234	1
PEA15	chr1	160205328	160220335	160205328	1
PEAK1	chr15	77100656	77420301	77420301	-1
PEAK3	chr19	2274626	2282209	2282209	-1
PEAR1	chr1	156893656	156916432	156893656	1
PEBP1	chr12	118136066	118150564	118136066	1
PEBP4	chr8	22710102	23000000	23000000	-1
PECAM1	chr17	64319415	64431594	64431594	-1
PECR	chr2	215954720	216082955	216082955	-1
PEDS1	chr20	50118254	50153754	50153754	-1
PEDS1-UBE2V1	chr20	50081124	50153637	50153637	-1
PEF1	chr1	31629862	31644910	31644910	-1
PEG10	chr7	94656325	94669695	94656325	1
PEG3	chr19	56810077	56840729	56840729	-1
PELI1	chr2	64092543	64144473	64144473	-1
PELI2	chr14	56117814	56301746	56117814	1
PELI3	chr11	66466303	66478998	66466303	1
PELO	chr5	52787621	52807447	52787621	1
PELP1	chr17	4669774	4704337	4704337	-1
PEMT	chr17	17505559	17592105	17592105	-1
PENK	chr8	56436674	56448048	56448048	-1
PEPD	chr19	33386950	33521823	33521823	-1
PER1	chr17	8140467	8156506	8156506	-1
PER2	chr2	238244044	238290102	238290102	-1
PER3	chr1	7784183	7845181	7784183	1
PERCC1	chr16	1431078	1434441	1431078	1
PERM1	chr1	975194	982137	982137	-1
PERP	chr6	138015003	138107848	138107848	-1
PES1	chr22	30576624	30607083	30607083	-1
PET100	chr19	7629711	7631956	7629711	1
PET117	chr20	18137832	18143290	18137832	1
PEX1	chr7	92487020	92528663	92528663	-1
PEX10	chr1	2403784	2413797	2413797	-1
PEX11A	chr15	89677764	89690786	89690786	-1
PEX11B	chr1	145911348	145918747	145918747	-1
PEX11G	chr19	7476869	7497449	7497449	-1
PEX12	chr17	35574795	35578863	35578863	-1
PEX13	chr2	61017058	61062516	61017058	1
PEX14	chr1	10472288	10630758	10472288	1
PEX16	chr11	45909663	45918854	45918854	-1
PEX19	chr1	160266229	160286348	160286348	-1
PEX2	chr8	76978798	77001044	77001044	-1
PEX26	chr22	18077910	18105396	18077910	1
PEX3	chr6	143450778	143492183	143450778	1
PEX39	chr6	42890265	42890821	42890821	-1
PEX5	chr12	7188653	7218574	7188653	1
PEX5L	chr3	179794958	180037084	180037084	-1
PEX6	chr6	42959717	42979249	42979249	-1
PEX7	chr6	136822546	136914598	136822546	1
PF4	chr4	73980759	73982111	73982111	-1
PF4V1	chr4	73853292	73854483	73853292	1
PFAS	chr17	8247618	8271150	8247618	1
PFDN1	chr5	140234986	140303119	140303119	-1
PFDN2	chr1	161100556	161118070	161118070	-1
PFDN4	chr20	54207817	54228052	54207817	1
PFDN5	chr12	53295291	53299455	53295291	1
PFDN6	chr6	33288680	33298441	33288680	1
PFKFB1	chrX	54931434	54994789	54994789	-1
PFKFB2	chr1	207034366	207081243	207034366	1
PFKFB3	chr10	6144885	6254644	6144885	1
PFKFB4	chr3	48517668	48562015	48562015	-1
PFKL	chr21	44300017	44327377	44300017	1
PFKM	chr12	48105139	48152487	48105139	1
PFKP	chr10	3066333	3140943	3066333	1
PFN1	chr17	4945652	4950517	4950517	-1
PFN2	chr3	149952354	150050788	150050788	-1
PFN3	chr5	177400109	177400661	177400661	-1
PFN4	chr2	24112083	24123734	24123734	-1
PGA3	chr11	61203307	61213098	61203307	1
PGA4	chr11	61222347	61231694	61222347	1
PGA5	chr11	61241175	61251444	61241175	1
PGAM1	chr10	97426105	97433444	97426105	1
PGAM2	chr7	44062724	44065736	44065736	-1
PGAM4	chrX	77967949	77969638	77969638	-1
PGAM5	chr12	132710782	132722734	132710782	1
PGAP1	chr2	196833004	196927796	196927796	-1
PGAP2	chr11	3797724	3835654	3797724	1
PGAP3	chr17	39671120	39696797	39696797	-1
PGAP4	chr9	101470915	101533537	101533537	-1
PGAP6	chr16	370779	387113	387113	-1
PGBD1	chr6	28281488	28303691	28281488	1
PGBD2	chr1	248896647	248929070	248896647	1
PGBD4	chr15	34102083	34108686	34102083	1
PGBD5	chr1	230314490	230426370	230426370	-1
PGC	chr6	41736703	41754109	41754109	-1
PGCKA1	chr4	37453439	37624344	37453439	1
PGD	chr1	10398592	10420511	10398592	1
PGF	chr14	74940965	74955626	74955626	-1
PGGHG	chr11	289078	297510	289078	1
PGGT1B	chr5	115204012	115262882	115262882	-1
PGK1	chrX	77910739	78132378	77910739	1
PGK2	chr6	49773390	49787285	49787285	-1
PGLS	chr19	17511607	17521288	17511607	1
PGLYRP1	chr19	46019153	46023367	46023367	-1
PGLYRP2	chr19	15468625	15498956	15498956	-1
PGLYRP3	chr1	153297116	153312952	153312952	-1
PGLYRP4	chr1	153330120	153348841	153348841	-1
PGM1	chr1	63593151	63660245	63593151	1
PGM2	chr4	37826660	37863028	37826660	1
PGM2L1	chr11	74330315	74398473	74398473	-1
PGM3	chr6	83147324	83194005	83194005	-1
PGM5	chr9	68328308	68535009	68328308	1
PGP	chr16	2211593	2214846	2214846	-1
PGPEP1	chr19	18340562	18369950	18340562	1
PGPEP1L	chr15	98966720	99007792	99007792	-1
PGR	chr11	101029624	101129817	101129817	-1
PGRMC1	chrX	119236226	119244468	119236226	1
PGRMC2	chr4	128268172	128288834	128288834	-1
PGS1	chr17	78378637	78425114	78378637	1
PHACTR1	chr6	12716312	13290446	12716312	1
PHACTR2	chr6	143536582	143831185	143536582	1
PHACTR3	chr20	59577470	59847711	59577470	1
PHACTR4	chr1	28369563	28500369	28369563	1
PHAF1	chr16	67109941	67148544	67109941	1
PHAX	chr5	126600925	126627252	126600925	1
PHB1	chr17	49404009	49436245	49436245	-1
PHB2	chr12	6965327	6970841	6970841	-1
PHC1	chr12	8913824	8944860	8913824	1
PHC2	chr1	33321755	33431095	33431095	-1
PHC3	chr3	170086732	170181768	170181768	-1
PHETA1	chr12	111360651	111369173	111369173	-1
PHETA2	chr22	42073789	42079439	42073789	1
PHEX	chrX	22032293	22494713	22032293	1
PHF1	chr6	33410360	33416453	33410360	1
PHF10	chr6	169703902	169725566	169725566	-1
PHF11	chr13	49495095	49528989	49495095	1
PHF12	chr17	28905247	28951771	28951771	-1
PHF13	chr1	6613723	6624030	6613723	1
PHF14	chr7	10973327	11169623	10973327	1
PHF19	chr9	120854422	120894903	120894903	-1
PHF2	chr9	93576366	93679599	93576366	1
PHF20	chr20	35771947	35950385	35771947	1
PHF20L1	chr8	132775311	132850003	132775311	1
PHF21A	chr11	45929319	46121473	46121473	-1
PHF21B	chr22	44881162	45010022	45010022	-1
PHF23	chr17	7235029	7239722	7239722	-1
PHF24	chr9	34957608	34982544	34957608	1
PHF3	chr6	63635771	63779336	63635771	1
PHF5A	chr22	41448895	41468713	41468713	-1
PHF6	chrX	134373284	134428792	134373284	1
PHF7	chr3	52410504	52427966	52410504	1
PHF8	chrX	53934245	54048958	54048958	-1
PHGDH	chr1	119648411	119744227	119648411	1
PHGR1	chr15	40351025	40357622	40351025	1
PHIP	chr6	78934419	79078544	79078544	-1
PHKA1	chrX	72578814	72714332	72714332	-1
PHKA2	chrX	18889806	18984998	18984998	-1
PHKB	chr16	47461123	47701524	47461123	1
PHKG1	chr7	56079923	56093012	56093012	-1
PHKG2	chr16	30748245	30761176	30748245	1
PHLDA1	chr12	76025447	76032560	76032560	-1
PHLDA2	chr11	2928273	2929593	2929593	-1
PHLDA3	chr1	201463858	201469430	201469430	-1
PHLDB1	chr11	118606396	118658038	118606396	1
PHLDB2	chr3	111732403	111976837	111732403	1
PHLDB3	chr19	43473625	43505301	43505301	-1
PHLPP1	chr18	62715424	62980433	62715424	1
PHLPP2	chr16	71637834	71724701	71724701	-1
PHOSPHO1	chr17	49223346	49230831	49230831	-1
PHOSPHO2	chr2	169694435	169704808	169694435	1
PHOX2A	chr11	72239077	72245664	72245664	-1
PHOX2B	chr4	41744082	41748887	41748887	-1
PHPT1	chr9	136847994	136851043	136847994	1
PHRF1	chr11	576170	612263	576170	1
PHTF1	chr1	113696052	113759908	113759908	-1
PHTF2	chr7	77798652	77957503	77798652	1
PHYH	chr10	13276854	13302412	13302412	-1
PHYHD1	chr9	128920966	128942051	128920966	1
PHYHIP	chr8	22219703	22232376	22232376	-1
PHYHIPL	chr10	59176588	59247942	59176588	1
PHYKPL	chr5	178207127	178233208	178233208	-1
PI15	chr8	74824478	74855029	74824478	1
PI16	chr6	36948258	36965993	36948258	1
PI3	chr20	45174901	45176544	45174901	1
PI4K2A	chr10	97640669	97676814	97640669	1
PI4K2B	chr4	25160663	25280542	25160663	1
PI4KA	chr22	20707691	20859417	20859417	-1
PI4KB	chr1	151291792	151328394	151328394	-1
PIANP	chr12	6693791	6700859	6700859	-1
PIAS1	chr15	68054260	68198603	68054260	1
PIAS2	chr18	46803218	46920160	46920160	-1
PIAS3	chr1	145848521	145859836	145859836	-1
PIAS4	chr19	4007690	4039386	4007690	1
PIBF1	chr13	72781641	73018645	72781641	1
PICALM	chr11	85957157	86069882	86069882	-1
PICK1	chr22	38056311	38076050	38056311	1
PID1	chr2	228850526	229271867	229271867	-1
PIDD1	chr11	798938	809753	809753	-1
PIERCE1	chr9	135494521	135501756	135501756	-1
PIERCE2	chr15	55408480	55418798	55408480	1
PIEZO1	chr16	88715338	88785251	88785251	-1
PIEZO2	chr18	10666483	11149591	11149591	-1
PIF1	chr15	64815629	64825677	64825677	-1
PIGA	chrX	15319452	15335556	15335556	-1
PIGB	chr15	55318944	55355648	55318944	1
PIGBOS1	chr15	55317086	55319419	55319419	-1
PIGC	chr1	172370189	172444148	172444148	-1
PIGF	chr2	46580937	46617067	46617067	-1
PIGG	chr4	499195	541173	499195	1
PIGH	chr14	67581955	67600316	67600316	-1
PIGK	chr1	77088981	77219508	77219508	-1
PIGL	chr17	16217181	16351797	16217181	1
PIGM	chr1	160024953	160031990	160031990	-1
PIGN	chr18	61905255	62187118	62187118	-1
PIGO	chr9	35085492	35096632	35096632	-1
PIGP	chr21	37036533	37073820	37073820	-1
PIGQ	chr16	566995	584121	566995	1
PIGR	chr1	206928522	206949367	206949367	-1
PIGS	chr17	28553383	28571794	28571794	-1
PIGT	chr20	45416084	45456934	45416084	1
PIGU	chr20	34560542	34698790	34698790	-1
PIGV	chr1	26787054	26800659	26787054	1
PIGW	chr17	36534981	36542354	36534981	1
PIGX	chr3	196639775	196736016	196639775	1
PIGY	chr4	88520986	88523776	88523776	-1
PIGZ	chr3	196946344	196969060	196969060	-1
PIH1D1	chr19	49446291	49453537	49453537	-1
PIH1D2	chr11	112052485	112074274	112074274	-1
PIK3AP1	chr10	96591882	96720902	96720902	-1
PIK3C2A	chr11	17077730	17207986	17207986	-1
PIK3C2B	chr1	204421803	204494858	204494858	-1
PIK3C2G	chr12	18242947	18648416	18242947	1
PIK3C3	chr18	41955195	42087830	41955195	1
PIK3CA	chr3	179148114	179240093	179148114	1
PIK3CB	chr3	138652336	138834964	138834964	-1
PIK3CD	chr1	9629889	9730119	9629889	1
PIK3CG	chr7	106865278	106908980	106865278	1
PIK3IP1	chr22	31281594	31292544	31292544	-1
PIK3R1	chr5	68215740	68301821	68215740	1
PIK3R2	chr19	18153155	18170541	18153155	1
PIK3R3	chr1	46040140	46133346	46133346	-1
PIK3R4	chr3	130678923	130746857	130746857	-1
PIK3R5	chr17	8878911	8966008	8966008	-1
PIK3R6	chr17	8802722	8867696	8867696	-1
PIKFYVE	chr2	208266229	208358755	208266229	1
PILRA	chr7	100367530	100400098	100367530	1
PILRB	chr7	100351627	100367831	100351627	1
PIM1	chr6	37170152	37175428	37170152	1
PIM2	chrX	48913172	48919546	48919546	-1
PIM3	chr22	49956491	49991795	49956491	1
PIMREG	chr17	6443544	6451469	6443544	1
PIN1	chr19	9835257	9849690	9835257	1
PIN4	chrX	72181353	72302926	72181353	1
PINK1	chr1	20633436	20652231	20633436	1
PINLYP	chr19	43575801	43583964	43575801	1
PINX1	chr8	10763576	10839904	10839904	-1
PIP	chr7	143132077	143139746	143132077	1
PIP4K2A	chr10	22534854	22714594	22714594	-1
PIP4K2B	chr17	38765691	38800126	38800126	-1
PIP4K2C	chr12	57591161	57603418	57591161	1
PIP4P1	chr14	20457656	20461617	20461617	-1
PIP4P2	chr8	90987561	91041007	91041007	-1
PIP5K1A	chr1	151197949	151249538	151197949	1
PIP5K1B	chr9	68705185	69009191	68705185	1
PIP5K1C	chr19	3630181	3700506	3700506	-1
PIP5KL1	chr9	127920881	127930823	127930823	-1
PIPOX	chr17	28950513	29057583	28950513	1
PIR	chrX	15384799	15493635	15493635	-1
PIRT	chr17	10822470	10838106	10838106	-1
PISD	chr22	31618489	31662251	31662251	-1
PITHD1	chr1	23778365	23788232	23778365	1
PITPNA	chr17	1517718	1562861	1562861	-1
PITPNB	chr22	27851423	27920134	27920134	-1
PITPNC1	chr17	67377258	67697256	67377258	1
PITPNM1	chr11	67491075	67506263	67506263	-1
PITPNM2	chr12	122983480	123151666	123151666	-1
PITPNM3	chr17	6451263	6556567	6556567	-1
PITRM1	chr10	3137728	3172841	3172841	-1
PITX1	chr5	135027734	135034813	135034813	-1
PITX2	chr4	110617423	110642182	110642182	-1
PITX3	chr10	102229754	102241512	102241512	-1
PIWIL1	chr12	130337863	130372637	130337863	1
PIWIL2	chr8	22275310	22358580	22275310	1
PIWIL3	chr22	24719034	24774720	24774720	-1
PIWIL4	chr11	94543840	94621421	94543840	1
PJA1	chrX	69160721	69165526	69165526	-1
PJA2	chr5	109329816	109410034	109410034	-1
PJVK	chr2	178451346	178462408	178451346	1
PKD1	chr16	2088708	2135898	2135898	-1
PKD1L1	chr7	47740202	47948518	47948518	-1
PKD1L2	chr16	81100875	81220370	81220370	-1
PKD1L3	chr16	71929538	72000402	72000402	-1
PKD2	chr4	88007586	88077777	88007586	1
PKD2L1	chr10	100288149	100330264	100330264	-1
PKD2L2	chr5	137887968	137942747	137887968	1
PKDCC	chr2	42048014	42058525	42048014	1
PKDREJ	chr22	46255663	46263343	46263343	-1
PKHD1	chr6	51615299	52087618	52087618	-1
PKHD1L1	chr8	109362429	109537207	109362429	1
PKIA	chr8	78516303	78605267	78516303	1
PKIB	chr6	122471914	122736903	122471914	1
PKIG	chr20	44531748	44624819	44531748	1
PKLR	chr1	155289265	155301443	155301443	-1
PKM	chr15	72199024	72231819	72231819	-1
PKMYT1	chr16	2968024	2980813	2980813	-1
PKN1	chr19	14433053	14471872	14433053	1
PKN2	chr1	88684218	88836255	88684218	1
PKN3	chr9	128702489	128720924	128702489	1
PKNOX1	chr21	42974328	43034494	42974328	1
PKNOX2	chr11	125164537	125434287	125164537	1
PKP1	chr1	201283452	201332993	201283452	1
PKP2	chr12	32790745	32896819	32896819	-1
PKP3	chr11	392574	404908	392574	1
PKP4	chr2	158456895	158682955	158456895	1
PLA1A	chr3	119597808	119629818	119597808	1
PLA2G10	chr16	14672382	14694493	14694493	-1
PLA2G12A	chr4	109709765	109730070	109730070	-1
PLA2G12B	chr10	72913141	72954885	72954885	-1
PLA2G15	chr16	68245304	68261063	68245304	1
PLA2G1B	chr12	120322115	120327785	120327785	-1
PLA2G2A	chr1	19975431	19980462	19980462	-1
PLA2G2C	chr1	20161253	20186524	20186524	-1
PLA2G2D	chr1	20111939	20119566	20119566	-1
PLA2G2E	chr1	19920009	19923617	19923617	-1
PLA2G2F	chr1	20139322	20150381	20139322	1
PLA2G3	chr22	31130768	31140513	31140513	-1
PLA2G4A	chr1	186828949	186989902	186828949	1
PLA2G4B	chr15	41837775	41848147	41837775	1
PLA2G4C	chr19	48047843	48111390	48111390	-1
PLA2G4D	chr15	42067009	42094565	42094565	-1
PLA2G4E	chr15	41981394	42051190	42051190	-1
PLA2G4F	chr15	42139034	42156659	42156659	-1
PLA2G5	chr1	20028179	20091911	20028179	1
PLA2G6	chr22	38111495	38214778	38214778	-1
PLA2G7	chr6	46698431	46735728	46735728	-1
PLA2R1	chr2	159932006	160062906	160062906	-1
PLAA	chr9	26903359	26947495	26947495	-1
PLAAT1	chr3	193240613	193343728	193240613	1
PLAAT2	chr11	63552770	63564157	63564157	-1
PLAAT3	chr11	63569750	63616901	63616901	-1
PLAAT4	chr11	63529451	63549076	63529451	1
PLAAT5	chr11	63461404	63491228	63491228	-1
PLAC1	chrX	134565835	134764355	134764355	-1
PLAC8	chr4	83059493	83137075	83137075	-1
PLAC8L1	chr5	146084313	146106205	146106205	-1
PLAC9	chr10	80131682	80147044	80131682	1
PLAG1	chr8	56160909	56211357	56211357	-1
PLAGL1	chr6	143940300	144064714	144064714	-1
PLAGL2	chr20	32192504	32207759	32207759	-1
PLAT	chr8	42174718	42207709	42207709	-1
PLAU	chr10	73909177	73917501	73909177	1
PLAUR	chr19	43645672	43670547	43670547	-1
PLB1	chr2	28457145	28645904	28457145	1
PLBD1	chr12	14503660	14567928	14567928	-1
PLBD2	chr12	113358543	113391629	113358543	1
PLCB1	chr20	8077251	8968360	8077251	1
PLCB2	chr15	40278176	40307965	40307965	-1
PLCB3	chr11	64251498	64269424	64251498	1
PLCB4	chr20	9067825	9504605	9067825	1
PLCD1	chr3	38007496	38029680	38029680	-1
PLCD3	chr17	45108959	45133354	45133354	-1
PLCD4	chr2	218607855	218637186	218607855	1
PLCE1	chr10	93993807	94332823	93993807	1
PLCG1	chr20	41136931	41196801	41136931	1
PLCG2	chr16	81738248	81962685	81738248	1
PLCH1	chr3	155375578	155745094	155745094	-1
PLCH2	chr1	2425980	2505807	2425980	1
PLCL1	chr2	197804541	198572581	197804541	1
PLCL2	chr3	16802651	17090604	16802651	1
PLCXD1	chrX	276322	303358	276322	1
PLCXD2	chr3	111674655	111846447	111674655	1
PLCXD3	chr5	41306952	41510784	41510784	-1
PLCZ1	chr12	18683169	18738100	18738100	-1
PLD1	chr3	171599049	171810950	171810950	-1
PLD2	chr17	4807074	4823434	4807074	1
PLD3	chr19	40348453	40389472	40348453	1
PLD4	chr14	104924713	104937784	104924713	1
PLD5	chr1	242082986	242524697	242524697	-1
PLD5P1	chr10	38094368	38360098	38094368	1
PLD6	chr17	17200622	17206369	17206369	-1
PLEC	chr8	143915152	143977039	143977039	-1
PLEK	chr2	68365075	68397453	68365075	1
PLEK2	chr14	67385652	67412236	67412236	-1
PLEKHA1	chr10	122374222	122434367	122374222	1
PLEKHA2	chr8	38901024	38973912	38901024	1
PLEKHA3	chr2	178480347	178516463	178480347	1
PLEKHA4	chr19	48837091	48868855	48868855	-1
PLEKHA5	chr12	19129513	19376403	19129513	1
PLEKHA6	chr1	204218851	204378391	204378391	-1
PLEKHA7	chr11	16777297	17014589	17014589	-1
PLEKHA8	chr7	30027404	30130483	30027404	1
PLEKHB1	chr11	73646178	73662819	73646178	1
PLEKHB2	chr2	131104847	131353709	131104847	1
PLEKHD1	chr14	69484692	69531551	69484692	1
PLEKHF1	chr19	29665398	29675497	29665398	1
PLEKHF2	chr8	95115642	95156698	95115642	1
PLEKHG1	chr6	150599687	150843665	150599687	1
PLEKHG2	chr19	39412546	39428415	39412546	1
PLEKHG3	chr14	64704102	64750249	64704102	1
PLEKHG4	chr16	67277510	67289499	67277510	1
PLEKHG4B	chr5	92001	189972	92001	1
PLEKHG5	chr1	6467122	6520074	6520074	-1
PLEKHG6	chr12	6310167	6328934	6310167	1
PLEKHG7	chr12	92702843	92772455	92702843	1
PLEKHH1	chr14	67533063	67589725	67533063	1
PLEKHH2	chr2	43637249	43767987	43637249	1
PLEKHH3	chr17	42667914	42677064	42677064	-1
PLEKHJ1	chr19	2229981	2237704	2237704	-1
PLEKHM1	chr17	45435900	45490986	45490986	-1
PLEKHM2	chr1	15681461	15734771	15681461	1
PLEKHM3	chr2	207821288	208025846	208025846	-1
PLEKHN1	chr1	966437	975865	966437	1
PLEKHO1	chr1	150149183	150164720	150149183	1
PLEKHO2	chr15	64839231	64868002	64839231	1
PLEKHS1	chr10	113751262	113783429	113751262	1
PLET1	chr11	112248153	112260860	112260860	-1
PLG	chr6	160702105	160754469	160702105	1
PLGLB1	chr2	86995172	87021877	87021877	-1
PLGLB2	chr2	87748085	87789333	87748085	1
PLGRKT	chr9	5357961	5439252	5439252	-1
PLIN1	chr15	89664365	89679466	89679466	-1
PLIN2	chr9	19108375	19149369	19149369	-1
PLIN3	chr19	4838334	4867717	4867717	-1
PLIN4	chr19	4502182	4520379	4520379	-1
PLIN5	chr19	4522527	4535285	4535285	-1
PLK1	chr16	23677656	23690372	23677656	1
PLK2	chr5	58453091	58460139	58460139	-1
PLK3	chr1	44799915	44805995	44799915	1
PLK4	chr4	127880890	127899224	127880890	1
PLK5	chr19	1507978	1536046	1507978	1
PLLP	chr16	57248547	57284683	57284683	-1
PLN	chr6	118506292	118562853	118506292	1
PLOD1	chr1	11934205	11975542	11934205	1
PLOD2	chr3	146035022	146163725	146163725	-1
PLOD3	chr7	101205977	101219968	101219968	-1
PLP1	chrX	103742560	103792678	103742560	1
PLP2	chrX	49171787	49175387	49171787	1
PLPBP	chr8	37762580	37782218	37762580	1
PLPP1	chr5	55410510	55535103	55535103	-1
PLPP2	chr19	278504	291421	291421	-1
PLPP3	chr1	56494751	56645301	56645301	-1
PLPP4	chr10	120456898	120592065	120456898	1
PLPP5	chr8	38263095	38269519	38269519	-1
PLPP6	chr9	4662294	4665258	4662294	1
PLPP7	chr9	131289459	131359022	131289459	1
PLPPR1	chr9	101028689	101325337	101028689	1
PLPPR2	chr19	11355386	11365698	11355386	1
PLPPR3	chr19	810908	822619	822619	-1
PLPPR4	chr1	99264258	99309590	99264258	1
PLPPR5	chr1	98890245	99227929	99227929	-1
PLRG1	chr4	154535005	154550415	154550415	-1
PLS1	chr3	142595644	142713869	142595644	1
PLS3	chrX	115560914	115651439	115560914	1
PLSCR1	chr3	146511858	146544862	146544862	-1
PLSCR2	chr3	146391366	146495991	146495991	-1
PLSCR3	chr17	7389727	7397054	7397054	-1
PLSCR4	chr3	146192318	146251220	146251220	-1
PLSCR5	chr3	146576555	146605346	146605346	-1
PLTP	chr20	45897535	45912235	45912235	-1
PLVAP	chr19	17351450	17377356	17377356	-1
PLXDC1	chr17	39063313	39154394	39154394	-1
PLXDC2	chr10	19815943	20289856	19815943	1
PLXNA1	chr3	126982693	127037389	126982693	1
PLXNA2	chr1	208022242	208244850	208244850	-1
PLXNA3	chrX	154458275	154477779	154458275	1
PLXNA4	chr7	132123340	132648688	132648688	-1
PLXNB1	chr3	48401712	48430499	48430499	-1
PLXNB2	chr22	50274976	50307695	50307695	-1
PLXNB3	chrX	153764179	153779346	153764179	1
PLXNC1	chr12	94148555	94307675	94148555	1
PLXND1	chr3	129555213	129606826	129606826	-1
PM20D1	chr1	205825657	205850133	205850133	-1
PM20D2	chr6	89145999	89165565	89145999	1
PMAIP1	chr18	59899644	59904305	59899644	1
PMCH	chr12	102196459	102197833	102197833	-1
PMEL	chr12	55954104	55973317	55973317	-1
PMEPA1	chr20	57648392	57711536	57711536	-1
PMF1	chr1	156212989	156240585	156212989	1
PMF1-BGLAP	chr1	156212982	156243332	156212982	1
PMFBP1	chr16	72111574	72176878	72176878	-1
PMIS2	chr19	35586161	35587296	35586161	1
PML	chr15	73994673	74047827	73994673	1
PMM1	chr22	41576886	41595275	41595275	-1
PMM2	chr16	8788823	8862534	8788823	1
PMP2	chr8	81440326	81447518	81447518	-1
PMP22	chr17	15176316	15272292	15272292	-1
PMPCA	chr9	136410630	136428006	136410630	1
PMPCB	chr7	103295717	103342067	103295717	1
PMS1	chr2	189784062	189878385	189784062	1
PMS2	chr7	5970925	6009130	6009130	-1
PMVK	chr1	154924732	154937008	154937008	-1
PNCK	chrX	153669730	153689033	153689033	-1
PNISR	chr6	99397629	99425963	99425963	-1
PNKD	chr2	218269651	218347057	218269651	1
PNKP	chr19	49859882	49878351	49878351	-1
PNLDC1	chr6	159800249	159820704	159800249	1
PNLIP	chr10	116545931	116567855	116545931	1
PNLIPRP1	chr10	116590385	116609175	116590385	1
PNLIPRP2	chr10	116620953	116645143	116620953	1
PNLIPRP3	chr10	116427847	116477964	116427847	1
PNMA1	chr14	73711783	73714384	73714384	-1
PNMA2	chr8	26504686	26514092	26514092	-1
PNMA3	chrX	153056409	153060467	153056409	1
PNMA5	chrX	152988824	152994116	152994116	-1
PNMA6A	chrX	153072454	153075019	153072454	1
PNMA6E	chrX	153395639	153401392	153401392	-1
PNMA6F	chrX	153317680	153321774	153321774	-1
PNMA8A	chr19	46466491	46471572	46471572	-1
PNMA8B	chr19	46486906	46495879	46495879	-1
PNMA8C	chr19	46424697	46428936	46428936	-1
PNMT	chr17	39667981	39670484	39667981	1
PNN	chr14	39174876	39183432	39174876	1
PNO1	chr2	68157828	68176239	68157828	1
PNOC	chr8	28316980	28343373	28316980	1
PNP	chr14	20461992	20477094	20461992	1
PNPLA1	chr6	36243203	36313955	36243203	1
PNPLA2	chr11	818907	825573	818907	1
PNPLA3	chr22	43923761	43964488	43923761	1
PNPLA4	chrX	7898247	7927739	7927739	-1
PNPLA5	chr22	43878568	43892494	43892494	-1
PNPLA6	chr19	7534004	7561764	7534004	1
PNPLA7	chr9	137459952	137550560	137550560	-1
PNPLA8	chr7	108469926	108569750	108569750	-1
PNPO	chr17	47941506	47964354	47941506	1
PNPT1	chr2	55634061	55693863	55693863	-1
PNRC1	chr6	89080747	89087711	89080747	1
PNRC2	chr1	23956839	23963776	23956839	1
POC1A	chr3	52074590	52154746	52154746	-1
POC1B	chr12	89357869	89526201	89526201	-1
POC1B-GALNT4	chr12	89519408	89526262	89526262	-1
POC5	chr5	75674124	75717453	75717453	-1
PODN	chr1	53061293	53093681	53061293	1
PODNL1	chr19	13931183	13953392	13953392	-1
PODXL	chr7	131500254	131558217	131558217	-1
PODXL2	chr3	127629143	127672810	127629143	1
POF1B	chrX	85276746	85379755	85379755	-1
POFUT1	chr20	32207844	32238658	32207844	1
POFUT2	chr21	45263019	45287898	45287898	-1
POFUT3	chr8	33369346	33473210	33473210	-1
POFUT4	chr10	73772271	73780251	73772271	1
POGK	chr1	166839314	166863955	166839314	1
POGLUT1	chr3	119468791	119494708	119468791	1
POGLUT2	chr13	102784281	102800318	102800318	-1
POGLUT3	chr11	108472106	108498603	108498603	-1
POGZ	chr1	151402724	151459511	151459511	-1
POLA1	chrX	24693864	24996986	24693864	1
POLA2	chr11	65261835	65305959	65261835	1
POLB	chr8	42338454	42373513	42338454	1
POLD1	chr19	50384204	50418018	50384204	1
POLD2	chr7	44114631	44124407	44124407	-1
POLD3	chr11	74493851	74669117	74493851	1
POLD4	chr11	67345400	67356972	67356972	-1
POLDIP2	chr17	28343133	28357623	28357623	-1
POLDIP3	chr22	42582750	42614962	42614962	-1
POLE	chr12	132623753	132687376	132687376	-1
POLE2	chr14	49643555	49688422	49688422	-1
POLE3	chr9	113407232	113410723	113410723	-1
POLE4	chr2	74958636	75147205	74958636	1
POLG	chr15	89305198	89334972	89334972	-1
POLG2	chr17	64477706	64497071	64497071	-1
POLGARF	chr15	89330208	89333809	89333809	-1
POLH	chr6	43575537	43628361	43575537	1
POLI	chr18	54269483	54321266	54269483	1
POLK	chr5	75511377	75609991	75511377	1
POLL	chr10	101576051	101588273	101588273	-1
POLM	chr7	44070915	44082985	44082985	-1
POLN	chr4	2071918	2242138	2242138	-1
POLQ	chr3	121431419	121546007	121546007	-1
POLR1A	chr2	86020216	86106155	86106155	-1
POLR1B	chr2	112541915	112579818	112541915	1
POLR1C	chr6	43509702	43562419	43509702	1
POLR1D	chr13	27620742	27744237	27620742	1
POLR1E	chr9	37481695	37503701	37481695	1
POLR1F	chr7	19695395	19709066	19709066	-1
POLR1G	chr19	45406644	45410737	45406644	1
POLR1H	chr6	30058899	30064909	30058899	1
POLR2A	chr17	7484366	7514616	7484366	1
POLR2B	chr4	56977711	57031158	56977711	1
POLR2C	chr16	57462648	57472010	57462648	1
POLR2D	chr2	127843553	127858163	127858163	-1
POLR2E	chr19	1085104	1095486	1095486	-1
POLR2F	chr22	37952607	38041932	37952607	1
POLR2G	chr11	62761453	62766715	62761453	1
POLR2H	chr3	184360856	184368596	184360856	1
POLR2I	chr19	36111817	36115213	36115213	-1
POLR2J	chr7	102473110	102478936	102478936	-1
POLR2J2	chr7	102665368	102671752	102671752	-1
POLR2J3	chr7	102552328	102572620	102572620	-1
POLR2J3-UPK3BL2	chr7	102637049	102671641	102671641	-1
POLR2K	chr8	100150610	100154005	100150610	1
POLR2L	chr11	837356	842727	842727	-1
POLR2M	chr15	57706641	57782762	57706641	1
POLR3A	chr10	77953148	78029551	78029551	-1
POLR3B	chr12	106357693	106511222	106357693	1
POLR3C	chr1	145823776	145844721	145823776	1
POLR3D	chr8	22245078	22254601	22245078	1
POLR3E	chr16	22297373	22335101	22297373	1
POLR3F	chr20	18466878	18484648	18466878	1
POLR3G	chr5	90471748	90514559	90471748	1
POLR3GL	chr1	145957026	145978849	145957026	1
POLR3H	chr22	41525799	41544606	41544606	-1
POLR3K	chr16	44356	53663	53663	-1
POLRMT	chr19	617168	633619	633619	-1
POM121	chr7	72879349	72951440	72879349	1
POM121C	chr7	75416784	75486358	75486358	-1
POM121L12	chr7	53035633	53036925	53035633	1
POM121L2	chr6	27285903	27312273	27312273	-1
POMC	chr2	25160361	25168952	25168952	-1
POMGNT1	chr1	46188681	46220305	46220305	-1
POMGNT2	chr3	43079229	43106098	43106098	-1
POMK	chr8	43093498	43132733	43093498	1
POMP	chr13	28659040	28681317	28659040	1
POMT1	chr9	131502789	131523806	131502789	1
POMT2	chr14	77274956	77320898	77320898	-1
POMZP3	chr7	76601809	76627288	76627288	-1
PON1	chr7	95297108	95325949	95325949	-1
PON2	chr7	95403733	95435393	95435393	-1
PON3	chr7	95357618	95396493	95396493	-1
POP1	chr8	98117286	98160177	98117286	1
POP4	chr19	29606283	29617237	29606283	1
POP5	chr12	120573578	120581411	120581411	-1
POP7	chr7	100695902	100708628	100695902	1
POPDC1	chr6	105096822	105137237	105137237	-1
POPDC2	chr3	119636457	119665324	119665324	-1
POPDC3	chr6	105157892	105180447	105180447	-1
POR	chr7	75899200	75986855	75899200	1
PORCN	chrX	48508574	48520814	48508574	1
POSTN	chr13	37562582	37598855	37598855	-1
POT1	chr7	124822386	124929983	124929983	-1
POTEA	chr8	43292483	43363518	43292483	1
POTEB	chr15	21846329	21877735	21877735	-1
POTEB2	chr15	20835372	20866314	20866314	-1
POTEB3	chr15	21405401	21440499	21440499	-1
POTEC	chr18	14507339	14543600	14543600	-1
POTED	chr21	13609777	13645823	13609777	1
POTEE	chr2	131209536	131265278	131209536	1
POTEF	chr2	130073535	130129371	130129371	-1
POTEG	chr14	19402486	19434341	19434341	-1
POTEH	chr22	15690026	15721631	15690026	1
POTEI	chr2	130459455	130509707	130509707	-1
POTEJ	chr2	130611440	130658037	130611440	1
POTEM	chr14	18967434	19003752	18967434	1
POU1F1	chr3	87259404	87276584	87276584	-1
POU2AF1	chr11	111352255	111455630	111455630	-1
POU2AF2	chr11	111245725	111286401	111245725	1
POU2AF3	chr11	111298546	111308735	111298546	1
POU2F1	chr1	167220855	167427345	167220855	1
POU2F2	chr19	42086110	42196585	42196585	-1
POU2F3	chr11	120236640	120320040	120236640	1
POU3F1	chr1	38043829	38046793	38046793	-1
POU3F2	chr6	98834574	98839458	98834574	1
POU3F3	chr2	104853287	104858574	104853287	1
POU3F4	chrX	83508290	83512127	83508290	1
POU4F1	chr13	78598362	78603552	78603552	-1
POU4F2	chr4	146638893	146642474	146638893	1
POU4F3	chr5	146338648	146341728	146338648	1
POU5F1	chr6	31163193	31180731	31180731	-1
POU5F1B	chr8	127322183	127420066	127322183	1
POU5F2	chr5	93733220	93741600	93741600	-1
POU6F1	chr12	51186936	51218086	51218086	-1
POU6F2	chr7	38977909	39493095	38977909	1
PP2D1	chr3	19979961	20012267	20012267	-1
PPA1	chr10	70202831	70233911	70233911	-1
PPA2	chr4	105357684	105474113	105474113	-1
PPAN	chr19	10106300	10112813	10106300	1
PPAN-P2RY11	chr19	10106223	10114780	10106223	1
PPARA	chr22	46149924	46243755	46149924	1
PPARD	chr6	35342530	35428193	35342530	1
PPARG	chr3	12287368	12455622	12287368	1
PPARGC1A	chr4	23755041	23904089	23904089	-1
PPARGC1B	chr5	149729994	149855022	149729994	1
PPAT	chr4	56393362	56436038	56436038	-1
PPBP	chr4	73985966	73988276	73988276	-1
PPCDC	chr15	75023550	75117462	75023550	1
PPCS	chr1	42456117	42473417	42456117	1
PPDPF	chr20	63520255	63532108	63520255	1
PPDPFL	chr8	49054311	49076093	49054311	1
PPEF1	chrX	18675909	18828342	18675909	1
PPEF2	chr4	75859864	75902571	75902571	-1
PPFIA1	chr11	70270655	70385312	70270655	1
PPFIA2	chr12	81257975	81759553	81759553	-1
PPFIA3	chr19	49119401	49151027	49119401	1
PPFIA4	chr1	203026470	203078740	203026470	1
PPFIBP1	chr12	27523431	27696302	27523431	1
PPFIBP2	chr11	7513298	7658617	7513298	1
PPHLN1	chr12	42238418	42459715	42238418	1
PPIA	chr7	44796620	44824564	44796620	1
PPIAL4A	chr1	120889771	120890530	120889771	1
PPIAL4C	chr1	149583848	149584607	149583848	1
PPIAL4D	chr1	145241415	145242174	145242174	-1
PPIAL4E	chr1	144372875	144373634	144373634	-1
PPIAL4F	chr1	144592893	144593652	144592893	1
PPIAL4G	chr1	148482548	148483302	148483302	-1
PPIAL4H	chr1	146344006	146344765	146344765	-1
PPIB	chr15	64155740	64163159	64163159	-1
PPIC	chr5	123022052	123036727	123036727	-1
PPID	chr4	158708161	158723418	158723418	-1
PPIE	chr1	39692182	39766108	39692182	1
PPIF	chr10	79347461	79355350	79347461	1
PPIG	chr2	169584337	169642124	169584337	1
PPIH	chr1	42658185	42676758	42658185	1
PPIL1	chr6	36852061	36885868	36885868	-1
PPIL2	chr22	21666000	21700015	21666000	1
PPIL3	chr2	200870907	200889358	200889358	-1
PPIL4	chr6	149501435	149546111	149546111	-1
PPIL6	chr6	109390215	109441171	109441171	-1
PPIP5K1	chr15	43533462	43590228	43590228	-1
PPIP5K2	chr5	103120149	103212799	103120149	1
PPL	chr16	4879449	4960741	4960741	-1
PPM1A	chr14	60245752	60299223	60245752	1
PPM1B	chr2	44167969	44244384	44167969	1
PPM1D	chr17	60599735	60666293	60599735	1
PPM1E	chr17	58755851	58985179	58755851	1
PPM1F	chr22	21903644	21952865	21952865	-1
PPM1G	chr2	27381194	27409674	27409674	-1
PPM1H	chr12	62564639	62935163	62935163	-1
PPM1J	chr1	112709994	112715502	112715502	-1
PPM1K	chr4	88257620	88284769	88284769	-1
PPM1L	chr3	160755526	161078902	160755526	1
PPM1M	chr3	52245741	52250616	52245741	1
PPM1N	chr19	45488777	45503129	45488777	1
PPME1	chr11	74171083	74254714	74171083	1
PPOX	chr1	161165837	161178576	161165837	1
PPP1CA	chr11	67398176	67421183	67421183	-1
PPP1CB	chr2	28751079	28802964	28751079	1
PPP1CC	chr12	110708366	110742939	110742939	-1
PPP1R10	chr6	30600400	30618612	30618612	-1
PPP1R11	chr6	30066709	30074025	30066709	1
PPP1R12A	chr12	79772140	79935460	79935460	-1
PPP1R12B	chr1	202348666	202592706	202348666	1
PPP1R12C	chr19	55090913	55117679	55117679	-1
PPP1R13B	chr14	103733177	103847616	103847616	-1
PPP1R13L	chr19	45379634	45406367	45406367	-1
PPP1R14A	chr19	38250856	38256615	38256615	-1
PPP1R14B	chr11	64244478	64246956	64246956	-1
PPP1R14C	chr6	150142993	150250392	150142993	1
PPP1R14D	chr15	40814731	40829395	40829395	-1
PPP1R15A	chr19	48872212	48879061	48872212	1
PPP1R15B	chr1	204396492	204411887	204411887	-1
PPP1R16A	chr8	144475989	144502126	144475989	1
PPP1R16B	chr20	38804915	38923025	38804915	1
PPP1R17	chr7	31687178	31709288	31687178	1
PPP1R18	chr6	30676389	30687895	30687895	-1
PPP1R1A	chr12	54575387	54588844	54588844	-1
PPP1R1B	chr17	39626740	39636626	39626740	1
PPP1R1C	chr2	181954241	182131398	181954241	1
PPP1R2	chr3	195514416	195543386	195543386	-1
PPP1R21	chr2	48440598	48516174	48440598	1
PPP1R26	chr9	135479073	135488897	135479073	1
PPP1R27	chr17	81833488	81835056	81835056	-1
PPP1R2B	chr5	156850295	156852528	156850295	1
PPP1R2C	chrX	42777366	42778163	42778163	-1
PPP1R35	chr7	100435261	100436546	100436546	-1
PPP1R36	chr14	64549890	64590096	64549890	1
PPP1R37	chr19	45091396	45148077	45091396	1
PPP1R3A	chr7	113874331	114075920	114075920	-1
PPP1R3B	chr8	9136252	9151582	9151582	-1
PPP1R3C	chr10	91619288	91633071	91633071	-1
PPP1R3D	chr20	59936663	59940305	59940305	-1
PPP1R3E	chr14	23295652	23302950	23302950	-1
PPP1R3F	chrX	49269771	49301468	49269771	1
PPP1R3G	chr6	5085341	5089487	5085341	1
PPP1R42	chr8	66964099	67056604	67056604	-1
PPP1R7	chr2	241149549	241183652	241149549	1
PPP1R8	chr1	27830763	27851676	27830763	1
PPP1R9A	chr7	94907202	95296415	94907202	1
PPP1R9B	chr17	50133732	50151020	50151020	-1
PPP2CA	chr5	134193967	134226219	134226219	-1
PPP2CB	chr8	30774096	30814314	30814314	-1
PPP2R1A	chr19	52170936	52229518	52170936	1
PPP2R1B	chr11	111726908	111766713	111766713	-1
PPP2R2A	chr8	26291507	26372692	26291507	1
PPP2R2B	chr5	146580742	147084784	147084784	-1
PPP2R2C	chr4	6320578	6563823	6563823	-1
PPP2R2D	chr10	131900721	132012791	131900721	1
PPP2R3A	chr3	135965655	136148500	135965655	1
PPP2R3B	chrY	333933	387213	387213	-1
PPP2R3C	chr14	35085467	35122547	35122547	-1
PPP2R5A	chr1	212285228	212361863	212285228	1
PPP2R5B	chr11	64917553	64934480	64917553	1
PPP2R5C	chr14	101761639	101928953	101761639	1
PPP2R5D	chr6	42984533	43012346	42984533	1
PPP2R5E	chr14	63368861	63543410	63543410	-1
PPP3CA	chr4	101023409	101348278	101348278	-1
PPP3CB	chr10	73436418	73496034	73496034	-1
PPP3CC	chr8	22440746	22544727	22440746	1
PPP3R1	chr2	68178357	68256237	68256237	-1
PPP3R2	chr9	101591604	101595021	101595021	-1
PPP4C	chr16	30075967	30085391	30075967	1
PPP4R1	chr18	9546791	9615240	9615240	-1
PPP4R2	chr3	72996803	73069198	72996803	1
PPP4R3A	chr14	91457139	91510556	91510556	-1
PPP4R3B	chr2	55547292	55618880	55618880	-1
PPP4R3C	chrX	27460207	27463341	27463341	-1
PPP4R4	chr14	94146128	94280236	94146128	1
PPP5C	chr19	46346994	46393000	46346994	1
PPP6C	chr9	125145008	125189939	125189939	-1
PPP6R1	chr19	55229776	55259070	55259070	-1
PPP6R2	chr22	50330659	50445090	50330659	1
PPP6R3	chr11	68460475	68615343	68460475	1
PPRC1	chr10	102132994	102150333	102132994	1
PPT1	chr1	40072710	40097267	40097267	-1
PPT2	chr6	32146580	32163679	32146580	1
PPT2-EGFL8	chr6	32153845	32171978	32153845	1
PPTC7	chr12	110533245	110583383	110583383	-1
PPWD1	chr5	65563236	65587549	65563236	1
PPY	chr17	43940804	43952444	43952444	-1
PQBP1	chrX	48890197	48903640	48890197	1
PRAC1	chr17	48721719	48723082	48723082	-1
PRAC2	chr17	48720813	48724767	48720813	1
PRADC1	chr2	73228008	73233262	73233262	-1
PRAF2	chrX	49070107	49074022	49074022	-1
PRAG1	chr8	8317736	8387357	8387357	-1
PRAM1	chr19	8490056	8502656	8502656	-1
PRAME	chr22	22547701	22559361	22559361	-1
PRAMEF1	chr1	12791397	12796628	12791397	1
PRAMEF10	chr1	12892250	12898270	12898270	-1
PRAMEF11	chr1	12824605	12831410	12831410	-1
PRAMEF12	chr1	12773738	12777906	12773738	1
PRAMEF13	chr1	13196188	13201409	13201409	-1
PRAMEF14	chr1	13341892	13347134	13347134	-1
PRAMEF15	chr1	13315581	13322598	13315581	1
PRAMEF17	chr1	13389632	13392629	13389632	1
PRAMEF18	chr1	13222695	13226154	13226154	-1
PRAMEF19	chr1	13368431	13371947	13371947	-1
PRAMEF2	chr1	12857086	12861909	12857086	1
PRAMEF20	chr1	13410450	13421328	13410450	1
PRAMEF25	chr1	13068677	13077884	13068677	1
PRAMEF26	chr1	13148905	13158116	13158116	-1
PRAMEF27	chr1	13049476	13056575	13056575	-1
PRAMEF33	chr1	13303539	13308907	13303539	1
PRAMEF4	chr1	12879212	12886201	12886201	-1
PRAMEF5	chr1	13254198	13263435	13254198	1
PRAMEF6	chr1	12938472	12947580	12947580	-1
PRAMEF7	chr1	12916610	12920751	12916610	1
PRAMEF8	chr1	13281304	13285137	13285137	-1
PRAMEF9	chr1	13171848	13179459	13171848	1
PRAP1	chr10	133347147	133354013	133347147	1
PRB1	chr12	11351823	11355591	11355591	-1
PRB2	chr12	11391540	11501041	11501041	-1
PRB3	chr12	11265914	11269910	11269910	-1
PRB4	chr12	11307077	11310438	11310438	-1
PRC1	chr15	90966038	90995629	90995629	-1
PRCC	chr1	156750610	156800818	156750610	1
PRCD	chr17	76527586	76553578	76527586	1
PRCP	chr11	82822381	82970584	82970584	-1
PRDM1	chr6	105993463	106109939	105993463	1
PRDM10	chr11	129899706	130002860	130002860	-1
PRDM11	chr11	45095806	45235110	45095806	1
PRDM12	chr9	130664594	130682986	130664594	1
PRDM13	chr6	99606774	99615578	99606774	1
PRDM14	chr8	70049063	70072862	70072862	-1
PRDM15	chr21	41798225	41879482	41879482	-1
PRDM16	chr1	3069003	3438621	3069003	1
PRDM2	chr1	13699989	13825093	13699989	1
PRDM4	chr12	107732867	107761327	107761327	-1
PRDM5	chr4	120684919	120923089	120923089	-1
PRDM6	chr5	123089224	123194266	123089224	1
PRDM7	chr16	90056566	90092072	90092072	-1
PRDM8	chr4	80183879	80260318	80183879	1
PRDM9	chr5	23443586	23528093	23443586	1
PRDX1	chr1	45510914	45542816	45542816	-1
PRDX2	chr19	12796817	12801882	12801882	-1
PRDX3	chr10	119167699	119178865	119178865	-1
PRDX4	chrX	23664262	23700980	23664262	1
PRDX5	chr11	64317977	64321827	64317977	1
PRDX6	chr1	173476814	173494013	173476814	1
PREB	chr2	27129153	27134689	27134689	-1
PRELID1	chr5	177303787	177306958	177303787	1
PRELID2	chr5	145471799	145835379	145835379	-1
PRELID3A	chr18	12407896	12432254	12407896	1
PRELID3B	chr20	59033092	59042897	59042897	-1
PRELP	chr1	203475760	203491352	203475760	1
PREP	chr6	105273218	105454062	105454062	-1
PREPL	chr2	44316185	44361862	44361862	-1
PREX1	chr20	48624249	48828096	48828096	-1
PREX2	chr8	67951775	68237032	67951775	1
PRF1	chr10	70596401	70602788	70602788	-1
PRG2	chr11	57386780	57393854	57393854	-1
PRG3	chr11	57376769	57381150	57381150	-1
PRG4	chr1	186296222	186314567	186296222	1
PRH1	chr12	10824960	11171608	11171608	-1
PRH2	chr12	10929053	10934845	10929053	1
PRICKLE1	chr12	42456753	42590355	42590355	-1
PRICKLE2	chr3	64092236	64445476	64445476	-1
PRICKLE3	chrX	49174802	49186528	49186528	-1
PRICKLE4	chr6	41780739	41787452	41780739	1
PRIM1	chr12	56730438	56752384	56752384	-1
PRIM2	chr6	57221513	57647924	57221513	1
PRIMA1	chr14	93718298	93789095	93789095	-1
PRIMPOL	chr4	184648461	184698374	184648461	1
PRKAA1	chr5	40759389	40798374	40798374	-1
PRKAA2	chr1	56645206	56715335	56645206	1
PRKAB1	chr12	119667862	119681629	119667862	1
PRKAB2	chr1	147155106	147173716	147173716	-1
PRKACA	chr19	14091688	14118084	14118084	-1
PRKACB	chr1	84077949	84239680	84077949	1
PRKACG	chr9	69012504	69014113	69014113	-1
PRKAG1	chr12	49002272	49018820	49018820	-1
PRKAG2	chr7	151556010	151877563	151877563	-1
PRKAG3	chr2	218819050	218832086	218832086	-1
PRKAR1A	chr17	68511740	68551319	68511740	1
PRKAR1B	chr7	549195	728268	728268	-1
PRKAR2A	chr3	48744591	48847894	48847894	-1
PRKAR2B	chr7	107044627	107161811	107044627	1
PRKCA	chr17	66302567	66810743	66302567	1
PRKCB	chr16	23835939	24220611	23835939	1
PRKCD	chr3	53156009	53192717	53156009	1
PRKCE	chr2	45651096	46187990	45651096	1
PRKCG	chr19	53879190	53907652	53879190	1
PRKCH	chr14	61187559	61550980	61187559	1
PRKCI	chr3	170222124	170322329	170222124	1
PRKCQ	chr10	6427136	6580855	6580855	-1
PRKCSH	chr19	11422369	11450969	11422369	1
PRKCZ	chr1	2050396	2185721	2050396	1
PRKD1	chr14	29576479	30191898	30191898	-1
PRKD2	chr19	46673661	46717144	46717144	-1
PRKD3	chr2	37250502	37324839	37324839	-1
PRKDC	chr8	47772970	47960182	47960182	-1
PRKG1	chr10	50990888	52298423	50990888	1
PRKG2	chr4	81086453	81217970	81217970	-1
PRKN	chr6	161347417	162727775	162727775	-1
PRKRA	chr2	178431292	178451512	178451512	-1
PRKRIP1	chr7	102363808	102426679	102363808	1
PRKX	chrX	3604340	3713657	3713657	-1
PRL	chr6	22287244	22302826	22302826	-1
PRLH	chr2	237559555	237567288	237559555	1
PRLHR	chr10	118589997	118596704	118596704	-1
PRLR	chr5	35048756	35230678	35230678	-1
PRM1	chr16	11280836	11281398	11281398	-1
PRM2	chr16	11275632	11276488	11276488	-1
PRM3	chr16	11273199	11273629	11273629	-1
PRMT1	chr19	49675786	49689029	49675786	1
PRMT2	chr21	46635197	46666229	46635197	1
PRMT3	chr11	20387525	20510856	20387525	1
PRMT5	chr14	22920108	22929458	22929458	-1
PRMT6	chr1	107056674	107067636	107056674	1
PRMT7	chr16	68310916	68360852	68310916	1
PRMT8	chr12	3381349	3593977	3381349	1
PRMT9	chr4	147634894	147684227	147684227	-1
PRND	chr20	4721909	4728460	4721909	1
PRNP	chr20	4685730	4701590	4685730	1
PROB1	chr5	139390592	139395104	139395104	-1
PROC	chr2	127415933	127429762	127415933	1
PROCA1	chr17	28703196	28712313	28712313	-1
PROCR	chr20	35153330	35216253	35153330	1
PRODH	chr22	18912696	18936451	18936451	-1
PRODH2	chr19	35799975	35813299	35813299	-1
PROK1	chr1	110451058	110457358	110451058	1
PROK2	chr3	71770940	71785419	71785419	-1
PROKR1	chr2	68643086	68659042	68643086	1
PROKR2	chr20	5298871	5316959	5316959	-1
PROM1	chr4	15963076	16084378	16084378	-1
PROM2	chr2	95274444	95291308	95274444	1
PROP1	chr5	177992235	177996242	177996242	-1
PRORP	chr14	35121842	35278538	35121842	1
PROS1	chr3	93873038	93980003	93980003	-1
PROSER1	chr13	39009860	39038121	39038121	-1
PROSER2	chr10	11823339	11872277	11823339	1
PROSER3	chr19	35758143	35771398	35758143	1
PROX1	chr1	213982711	214041510	213982711	1
PROX2	chr14	74852871	74876154	74876154	-1
PROZ	chr13	113158388	113173625	113158388	1
PRP4K	chr6	4021199	4064983	4021199	1
PRPF18	chr10	13586922	13668445	13586922	1
PRPF19	chr11	60890547	60906607	60906607	-1
PRPF3	chr1	150321476	150353341	150321476	1
PRPF31	chr19	54115410	54131719	54115410	1
PRPF38A	chr1	52404060	52421226	52404060	1
PRPF38B	chr1	108692292	108702928	108692292	1
PRPF39	chr14	45084074	45116282	45084074	1
PRPF4	chr9	113275637	113295342	113275637	1
PRPF40A	chr2	152651593	152719050	152719050	-1
PRPF40B	chr12	49568218	49644666	49568218	1
PRPF6	chr20	63979671	64033984	63979671	1
PRPF8	chr17	1650624	1684909	1684909	-1
PRPH	chr12	49295141	49298686	49295141	1
PRPH2	chr6	42696598	42722621	42722621	-1
PRPS1	chrX	107628428	107651993	107628428	1
PRPS1L1	chr7	18026770	18027846	18027846	-1
PRPS2	chrX	12791355	12825558	12791355	1
PRPSAP1	chr17	76309478	76384521	76384521	-1
PRPSAP2	chr17	18840085	18931287	18840085	1
PRR11	chr17	59155732	59206709	59155732	1
PRR12	chr19	49591108	49626439	49591108	1
PRR13	chr12	53441308	53446660	53441308	1
PRR14	chr16	30650696	30656427	30650696	1
PRR14L	chr22	31676256	31750207	31750207	-1
PRR15	chr7	29563775	29568145	29563775	1
PRR15L	chr17	47950851	47960483	47960483	-1
PRR16	chr5	120464214	120687346	120464214	1
PRR18	chr6	166305300	166308448	166308448	-1
PRR19	chr19	42302098	42310821	42302098	1
PRR20A	chr13	57140918	57143939	57140918	1
PRR20B	chr13	57147488	57150509	57147488	1
PRR20C	chr13	57140918	57157082	57140918	1
PRR20D	chr13	57160632	57163653	57160632	1
PRR20E	chr13	57167197	57170218	57167197	1
PRR20G	chr3	127283783	127288047	127288047	-1
PRR22	chr19	5782960	5784752	5784752	-1
PRR23A	chr3	139003962	139006268	139006268	-1
PRR23B	chr3	139019031	139020926	139020926	-1
PRR23C	chr3	139042102	139044892	139044892	-1
PRR23D1	chr8	7539627	7542450	7539627	1
PRR23D2	chr8	7778591	7781413	7781413	-1
PRR23E	chr3	127193131	127198185	127193131	1
PRR27	chr4	70133616	70176799	70133616	1
PRR29	chr17	63998344	64004305	63998344	1
PRR3	chr6	30556704	30563723	30556704	1
PRR30	chr2	27136848	27139410	27139410	-1
PRR32	chrX	126819710	126821786	126819710	1
PRR33	chr11	1888078	1917713	1917713	-1
PRR35	chr16	559688	565532	559688	1
PRR36	chr19	7868719	7874674	7874674	-1
PRR4	chr12	10845845	11171600	11171600	-1
PRR5	chr22	44668547	44737681	44668547	1
PRR5-ARHGAP8	chr22	44702233	44862706	44702233	1
PRR5L	chr11	36296120	36465209	36296120	1
PRR7	chr5	177446445	177456291	177446445	1
PRR9	chr1	153217584	153219310	153217584	1
PRRC1	chr5	127517617	127555085	127517617	1
PRRC2A	chr6	31620675	31637771	31620675	1
PRRC2B	chr9	131373636	131500197	131373636	1
PRRC2C	chr1	171485530	171593511	171485530	1
PRRG1	chrX	37349269	37492702	37349269	1
PRRG2	chr19	49580646	49591004	49580646	1
PRRG3	chrX	151694607	151705924	151694607	1
PRRG4	chr11	32829675	32858120	32829675	1
PRRT1	chr6	32147292	32153083	32153083	-1
PRRT1B	chr9	131545520	131560893	131545520	1
PRRT2	chr16	29811382	29815892	29811382	1
PRRT3	chr3	9939450	9952442	9952442	-1
PRRT4	chr7	128350325	128361940	128361940	-1
PRRX1	chr1	170662728	170739421	170662728	1
PRRX2	chr9	129665524	129722674	129665524	1
PRSS1	chr7	142749468	142753072	142749468	1
PRSS12	chr4	118280038	118353230	118353230	-1
PRSS16	chr6	27247701	27256646	27247701	1
PRSS2	chr7	142760398	142774564	142760398	1
PRSS21	chr16	2817130	2826304	2817130	1
PRSS22	chr16	2852728	2858677	2858677	-1
PRSS23	chr11	86791059	86954151	86791059	1
PRSS27	chr16	2712419	2721270	2721270	-1
PRSS3	chr9	33750679	33799231	33750679	1
PRSS33	chr16	2783926	2787948	2787948	-1
PRSS35	chr6	83512478	83525704	83512478	1
PRSS36	chr16	31138926	31150213	31150213	-1
PRSS37	chr7	141836300	141841487	141841487	-1
PRSS38	chr1	227815675	227846478	227815675	1
PRSS41	chr16	2798470	2805304	2798470	1
PRSS48	chr4	151277161	151291862	151277161	1
PRSS50	chr3	46712117	46717869	46717869	-1
PRSS51	chr8	10482878	10547624	10547624	-1
PRSS53	chr16	31083437	31089628	31089628	-1
PRSS54	chr16	58279997	58295047	58295047	-1
PRSS55	chr8	10525532	10554166	10525532	1
PRSS56	chr2	232520388	232525716	232520388	1
PRSS57	chr19	685546	695498	695498	-1
PRSS58	chr7	142252141	142258062	142258062	-1
PRSS8	chr16	31131433	31135727	31135727	-1
PRTFDC1	chr10	24810725	24952767	24952767	-1
PRTG	chr15	55611544	55743203	55743203	-1
PRTN3	chr19	840999	848255	840999	1
PRUNE1	chr1	151008408	151035714	151008408	1
PRUNE2	chr9	76611376	76906591	76906591	-1
PRX	chr19	40393764	40415070	40415070	-1
PRXL2A	chr10	80406443	80437115	80406443	1
PRXL2B	chr1	2586491	2591470	2586491	1
PRXL2C	chr9	96639577	96655337	96655337	-1
PSAP	chr10	71816026	71851388	71851388	-1
PSAPL1	chr4	7430285	7434930	7434930	-1
PSAT1	chr9	78297094	78356024	78297094	1
PSCA	chr8	142670308	142682725	142670308	1
PSD	chr10	102402614	102421539	102421539	-1
PSD2	chr5	139795606	139844470	139795606	1
PSD3	chr8	18527303	19084730	19084730	-1
PSD4	chr2	113157325	113209396	113157325	1
PSEN1	chr14	73136418	73223691	73136418	1
PSEN2	chr1	226870184	226927726	226870184	1
PSENEN	chr19	35745070	35747519	35745070	1
PSG1	chr19	42866462	42879822	42879822	-1
PSG11	chr19	43000002	43026570	43026570	-1
PSG2	chr19	43032685	43083045	43083045	-1
PSG3	chr19	42709084	42740524	42740524	-1
PSG4	chr19	43180630	43207299	43207299	-1
PSG5	chr19	43159949	43186600	43186600	-1
PSG6	chr19	42902060	42919563	42919563	-1
PSG7	chr19	42924130	42937207	42937207	-1
PSG8	chr19	42752686	42765711	42765711	-1
PSG9	chr19	43211791	43269563	43269563	-1
PSIP1	chr9	15461998	15511202	15511202	-1
PSKH1	chr16	67893244	67929676	67893244	1
PSKH2	chr8	86047109	86088621	86088621	-1
PSMA1	chr11	14504211	14643635	14643635	-1
PSMA2	chr7	42916828	42932223	42932223	-1
PSMA3	chr14	58244740	58272096	58244740	1
PSMA4	chr15	78540089	78560795	78540089	1
PSMA5	chr1	109399042	109426471	109426471	-1
PSMA6	chr14	35278596	35318734	35278596	1
PSMA7	chr20	62136725	62143470	62143470	-1
PSMA8	chr18	26133852	26193355	26133852	1
PSMB1	chr6	170428569	170553327	170553327	-1
PSMB10	chr16	67934504	67936865	67936865	-1
PSMB11	chr14	23042212	23044060	23042212	1
PSMB2	chr1	35599541	35641568	35641568	-1
PSMB3	chr17	38752726	38803069	38752726	1
PSMB4	chr1	151399556	151401941	151399556	1
PSMB5	chr14	23016540	23035239	23035239	-1
PSMB6	chr17	4796144	4798503	4796144	1
PSMB7	chr9	124352999	124415476	124415476	-1
PSMB8	chr6	32840717	32844679	32844679	-1
PSMB9	chr6	32844136	32882881	32844136	1
PSMC1	chr14	90256506	90275429	90256506	1
PSMC2	chr7	103328570	103370346	103328570	1
PSMC3	chr11	47418765	47426488	47426488	-1
PSMC3IP	chr17	42572310	42577831	42577831	-1
PSMC4	chr19	39970990	39982814	39970990	1
PSMC5	chr17	63827082	63832244	63827082	1
PSMC6	chr14	52707156	52728605	52707156	1
PSMD1	chr2	231056845	231173116	231056845	1
PSMD10	chrX	108084202	108091637	108091637	-1
PSMD11	chr17	32444379	32483319	32444379	1
PSMD12	chr17	67337916	67366675	67366675	-1
PSMD13	chr11	236948	252986	236948	1
PSMD14	chr2	161308408	161411726	161308408	1
PSMD2	chr3	184299157	184309054	184299157	1
PSMD3	chr17	39980800	39997960	39980800	1
PSMD4	chr1	151254709	151279502	151254709	1
PSMD5	chr9	120815496	120843388	120843388	-1
PSMD6	chr3	64010549	64024010	64024010	-1
PSMD7	chr16	74296781	74306290	74296781	1
PSMD8	chr19	38374563	38383850	38374563	1
PSMD9	chr12	121888725	121918297	121888725	1
PSME1	chr14	24136142	24138967	24136142	1
PSME2	chr14	24143360	24147570	24147570	-1
PSME3	chr17	42824385	42843760	42824385	1
PSME3IP1	chr16	57152466	57186175	57186175	-1
PSME4	chr2	53860621	53971040	53971040	-1
PSMF1	chr20	1113240	1192353	1113240	1
PSMG1	chr21	39172420	39183517	39183517	-1
PSMG2	chr18	12658043	12728945	12658043	1
PSMG3	chr7	1567332	1571078	1571078	-1
PSMG4	chr6	3231403	3304360	3231403	1
PSORS1C1	chr6	31114750	31140092	31114750	1
PSORS1C2	chr6	31137534	31139721	31139721	-1
PSPC1	chr13	19568249	19783019	19783019	-1
PSPH	chr7	56010119	56051609	56051609	-1
PSPN	chr19	6375148	6379058	6379058	-1
PSRC1	chr1	109279053	109284107	109284107	-1
PSTK	chr10	122954381	122997513	122954381	1
PSTPIP1	chr15	76993325	77037475	76993325	1
PSTPIP2	chr18	45983536	46072367	46072367	-1
PTAFR	chr1	28147166	28194083	28194083	-1
PTAR1	chr9	69709522	69760065	69760065	-1
PTBP1	chr19	797075	812327	797075	1
PTBP2	chr1	96721284	96823738	96721284	1
PTBP3	chr9	112215071	112333695	112333695	-1
PTCD1	chr7	99415192	99466201	99466201	-1
PTCD2	chr5	72320318	72368395	72320318	1
PTCD3	chr2	86106223	86142157	86106223	1
PTCH1	chr9	95442980	95517057	95517057	-1
PTCH2	chr1	44819154	44843253	44843253	-1
PTCHD1	chrX	23334076	23404374	23334076	1
PTCHD3	chr10	27397121	27414368	27414368	-1
PTCHD4	chr6	47856673	48111212	48111212	-1
PTCRA	chr6	42915989	42925845	42915989	1
PTDSS1	chr8	96261885	96386078	96261885	1
PTDSS2	chr11	448268	501142	448268	1
PTEN	chr10	87862638	87971930	87862638	1
PTER	chr10	16436940	16515220	16436940	1
PTF1A	chr10	23192305	23194245	23192305	1
PTGDR	chr14	52267667	52276724	52267667	1
PTGDR2	chr11	60850933	60855987	60855987	-1
PTGDS	chr9	136975053	136981750	136975053	1
PTGER1	chr19	14472466	14477272	14477272	-1
PTGER2	chr14	52314226	52329822	52314226	1
PTGER3	chr1	70852305	71047823	71047823	-1
PTGER4	chr5	40679441	40693753	40679441	1
PTGES	chr9	129738331	129753078	129753078	-1
PTGES2	chr9	128120693	128128462	128128462	-1
PTGES3	chr12	56651663	56688408	56688408	-1
PTGES3L	chr17	42968035	42980502	42980502	-1
PTGES3L-AARSD1	chr17	42950526	42980528	42980528	-1
PTGFR	chr1	78303884	78540701	78303884	1
PTGFRN	chr1	116909870	116990358	116909870	1
PTGIR	chr19	46618550	46625534	46625534	-1
PTGIS	chr20	49503874	49568333	49568333	-1
PTGR1	chr9	111546629	111599897	111599897	-1
PTGR2	chr14	73851792	73885726	73851792	1
PTGR3	chr18	75137008	75209607	75209607	-1
PTGS1	chr9	122370530	122395877	122370530	1
PTGS2	chr1	186671791	186680922	186680922	-1
PTH	chr11	13492054	13496181	13496181	-1
PTH1R	chr3	46877706	46903799	46877706	1
PTH2	chr19	49422419	49423660	49423660	-1
PTH2R	chr2	208359714	208854503	208359714	1
PTHLH	chr12	27958084	27972755	27972755	-1
PTK2	chr8	140657900	141002216	141002216	-1
PTK2B	chr8	27311456	27459392	27311456	1
PTK6	chr20	63526306	63537770	63537770	-1
PTK7	chr6	43076256	43161719	43076256	1
PTMA	chr2	231706895	231713552	231706895	1
PTMS	chr12	6765516	6770952	6765516	1
PTN	chr7	137223705	137344358	137344358	-1
PTOV1	chr19	49850735	49860744	49850735	1
PTP4A1	chr6	63521696	63583588	63521696	1
PTP4A2	chr1	31906421	31944856	31944856	-1
PTP4A3	chr8	141391497	141432456	141391497	1
PTPA	chr9	129110550	129148946	129110550	1
PTPDC1	chr9	94030794	94109856	94030794	1
PTPMT1	chr11	47565430	47573461	47565430	1
PTPN1	chr20	50510321	50585241	50510321	1
PTPN11	chr12	112418351	112509918	112418351	1
PTPN12	chr7	77537065	77640072	77537065	1
PTPN13	chr4	86593944	86815180	86593944	1
PTPN14	chr1	214348700	214552449	214552449	-1
PTPN18	chr2	130356026	130375409	130356026	1
PTPN2	chr18	12785478	12929643	12929643	-1
PTPN20	chr10	46911396	47002488	46911396	1
PTPN21	chr14	88465778	88555019	88555019	-1
PTPN22	chr1	113813811	113871753	113871753	-1
PTPN23	chr3	47381011	47413442	47381011	1
PTPN3	chr9	109375464	109498343	109498343	-1
PTPN4	chr2	119759604	119986928	119759604	1
PTPN5	chr11	18727928	18792721	18792721	-1
PTPN6	chr12	6946417	6961316	6946417	1
PTPN7	chr1	202147012	202161588	202161588	-1
PTPN9	chr15	75463251	75579583	75579583	-1
PTPRA	chr20	2870754	3039247	2870754	1
PTPRB	chr12	70515870	70637440	70637440	-1
PTPRC	chr1	198629900	198759346	198629900	1
PTPRCAP	chr11	67435510	67437682	67437682	-1
PTPRD	chr9	8314246	10613002	10613002	-1
PTPRE	chr10	127906800	128085856	127906800	1
PTPRF	chr1	43525086	43626579	43525086	1
PTPRG	chr3	61561569	62297609	61561569	1
PTPRH	chr19	55181230	55209512	55209512	-1
PTPRJ	chr11	47980414	48170839	47980414	1
PTPRK	chr6	127968780	128520761	128520761	-1
PTPRM	chr18	7566782	8406954	7566782	1
PTPRN	chr2	219289623	219309648	219309648	-1
PTPRN2	chr7	157539056	158587841	158587841	-1
PTPRO	chr12	15322257	15602175	15322257	1
PTPRQ	chr12	80402178	80680273	80402178	1
PTPRR	chr12	70638067	70920842	70920842	-1
PTPRS	chr19	5158495	5340941	5340941	-1
PTPRT	chr20	42072752	43189970	43189970	-1
PTPRU	chr1	29236500	29326813	29236500	1
PTPRZ1	chr7	121873089	122062037	121873089	1
PTRH1	chr9	127690102	127724885	127724885	-1
PTRH2	chr17	59674636	59707638	59707638	-1
PTRHD1	chr2	24788911	24793395	24793395	-1
PTS	chr11	112226059	112270449	112226059	1
PTTG1	chr5	160421801	160428748	160421801	1
PTTG1IP	chr21	44849585	44873903	44873903	-1
PTTG1IP2	chr7	90469619	90513402	90469619	1
PTTG2	chr4	37960398	37961128	37960398	1
PTX3	chr3	157436843	157443633	157436843	1
PTX4	chr16	1485886	1488981	1488981	-1
PUDP	chrX	6667865	7148184	7148184	-1
PUF60	chr8	143816344	143830709	143830709	-1
PUM1	chr1	30931505	31065991	31065991	-1
PUM2	chr2	20248692	20352234	20352234	-1
PUM3	chr9	2715909	2844130	2844130	-1
PURA	chr5	140107777	140125619	140107777	1
PURB	chr7	44876299	44885530	44885530	-1
PURG	chr8	30994702	31033715	31033715	-1
PUS1	chr12	131929200	131945896	131929200	1
PUS10	chr2	60938124	61018284	61018284	-1
PUS3	chr11	125892347	125903227	125903227	-1
PUS7	chr7	105439661	105522272	105522272	-1
PUS7L	chr12	43718992	43759193	43759193	-1
PUSL1	chr1	1308547	1311679	1308547	1
PVALB	chr22	36800682	36819479	36819479	-1
PVALEF	chr17	81165507	81183166	81165507	1
PVR	chr19	44643798	44666162	44643798	1
PVRIG	chr7	100218241	100221490	100218241	1
PWP1	chr12	107685760	107713462	107685760	1
PWP2	chr21	44107306	44131181	44107306	1
PWWP2A	chr5	160044317	160119478	160119478	-1
PWWP2B	chr10	132396390	132417863	132396390	1
PWWP3A	chr19	1354293	1378434	1354293	1
PWWP3B	chrX	106168298	106208963	106168298	1
PWWP4	chrX	153266152	153279145	153266152	1
PXDC1	chr6	3721485	3752088	3752088	-1
PXDN	chr2	1630844	1744852	1744852	-1
PXDNL	chr8	51317302	51809462	51809462	-1
PXK	chr3	58332579	58426867	58332579	1
PXMP2	chr12	132687571	132708576	132687571	1
PXMP4	chr20	33702758	33720412	33720412	-1
PXN	chr12	120210439	120265800	120265800	-1
PXT1	chr6	36390551	36442854	36442854	-1
PXYLP1	chr3	141228726	141367753	141228726	1
PYCARD	chr16	31201486	31203450	31203450	-1
PYCR1	chr17	81932378	81942412	81942412	-1
PYCR2	chr1	225914982	225924340	225924340	-1
PYCR3	chr8	143603210	143609773	143609773	-1
PYDC1	chr16	31215962	31217162	31217162	-1
PYDC2	chr3	191461163	191461456	191461163	1
PYDC5	chr1	158999971	159002751	159002751	-1
PYGB	chr20	25248030	25298014	25248030	1
PYGL	chr14	50857891	50944734	50944734	-1
PYGM	chr11	64746389	64759990	64759990	-1
PYGO1	chr15	55538884	55588994	55588994	-1
PYGO2	chr1	154957025	154963853	154963853	-1
PYHIN1	chr1	158930779	158977059	158930779	1
PYM1	chr12	55901413	55932618	55932618	-1
PYROXD1	chr12	21437591	21471250	21437591	1
PYROXD2	chr10	98379888	98415215	98415215	-1
PYURF	chr4	88520986	88523794	88523794	-1
PYY	chr17	43952733	44004469	44004469	-1
PZP	chr12	9148840	9208410	9208410	-1
QARS1	chr3	49095932	49105130	49105130	-1
QDPR	chr4	17460261	17512257	17512257	-1
QKI	chr6	163414000	163578827	163414000	1
QNG1	chr9	83936360	83956986	83956986	-1
QPCT	chr2	37342827	37373323	37342827	1
QPCTL	chr19	45692403	45703989	45692403	1
QPRT	chr16	29662957	29698704	29662957	1
QRFP	chr9	130892707	130896812	130896812	-1
QRFPR	chr4	121327318	121381065	121381065	-1
QRICH1	chr3	49029700	49094545	49094545	-1
QRICH2	chr17	76274049	76308282	76308282	-1
QRSL1	chr6	106629566	106669870	106629566	1
QSER1	chr11	32892811	32993316	32892811	1
QSOX1	chr1	180154806	180204030	180154806	1
QSOX2	chr9	136206332	136245831	136245831	-1
QTGAL	chr17	82942149	83051829	83051829	-1
QTMAN	chr2	143938068	144333107	144333107	-1
QTRT1	chr19	10701430	10713747	10701430	1
QTRT2	chr3	114005833	114088542	114005833	1
R3HCC1	chr8	23270120	23296279	23270120	1
R3HCC1L	chr10	98134608	98245624	98134608	1
R3HDM1	chr2	135531448	135725497	135531448	1
R3HDM2	chr12	57253762	57431051	57431051	-1
R3HDM4	chr19	896503	913245	913245	-1
R3HDML	chr20	44337043	44351238	44337043	1
RAB10	chr2	26033481	26138575	26033481	1
RAB11A	chr15	65726054	65894232	65726054	1
RAB11B	chr19	8389981	8405875	8389981	1
RAB11FIP1	chr8	37858618	37899513	37899513	-1
RAB11FIP2	chr10	118004818	118046949	118046949	-1
RAB11FIP3	chr16	425593	523012	425593	1
RAB11FIP4	chr17	31391605	31538211	31391605	1
RAB11FIP5	chr2	73073382	73156721	73156721	-1
RAB12	chr18	8609405	8639383	8609405	1
RAB13	chr1	153981617	153986382	153986382	-1
RAB14	chr9	121178133	121223014	121223014	-1
RAB15	chr14	64945814	64973226	64973226	-1
RAB17	chr2	237574105	237601638	237601638	-1
RAB18	chr10	27504174	27545117	27504174	1
RAB19	chr7	140404043	140427974	140404043	1
RAB1A	chr2	65070696	65130986	65130986	-1
RAB1B	chr11	66268586	66277492	66268586	1
RAB20	chr13	110523066	110562127	110562127	-1
RAB21	chr12	71754835	71800286	71754835	1
RAB22A	chr20	58309706	58367507	58309706	1
RAB23	chr6	57186103	57222848	57222848	-1
RAB24	chr5	177301198	177303766	177303766	-1
RAB25	chr1	156061147	156070514	156061147	1
RAB26	chr16	2140803	2154165	2140803	1
RAB27A	chr15	55202966	55319174	55319174	-1
RAB27B	chr18	54717857	54895516	54717857	1
RAB28	chr4	13245110	13484365	13484365	-1
RAB29	chr1	205767986	205775489	205775489	-1
RAB2A	chr8	60516890	60624280	60516890	1
RAB2B	chr14	21458704	21476973	21476973	-1
RAB30	chr11	82973133	83071929	83071929	-1
RAB31	chr18	9708218	9862551	9708218	1
RAB32	chr6	146543755	146554964	146543755	1
RAB33A	chrX	130171720	130184874	130171720	1
RAB33B	chr4	139453232	139483974	139453232	1
RAB34	chr17	28713545	28719594	28719594	-1
RAB35	chr12	120094328	120117502	120117502	-1
RAB36	chr22	23145366	23165663	23145366	1
RAB37	chr17	74670578	74747337	74670578	1
RAB38	chr11	88106130	88175512	88175512	-1
RAB39A	chr11	107928448	107968143	107928448	1
RAB39B	chrX	155258235	155264531	155264531	-1
RAB3A	chr19	18196752	18204055	18204055	-1
RAB3B	chr1	51907956	51990746	51990746	-1
RAB3C	chr5	58582221	58859394	58582221	1
RAB3D	chr19	11322047	11346433	11346433	-1
RAB3GAP1	chr2	135052265	135176667	135052265	1
RAB3GAP2	chr1	220148293	220272529	220272529	-1
RAB3IL1	chr11	61897232	61920289	61920289	-1
RAB3IP	chr12	69738785	69823204	69738785	1
RAB40A	chrX	103496510	103526752	103526752	-1
RAB40AL	chrX	102937272	102938300	102937272	1
RAB40B	chr17	82654543	82698734	82698734	-1
RAB40C	chr16	589007	629348	589007	1
RAB41	chrX	70282093	70285003	70282093	1
RAB42	chr1	28592200	28596280	28592200	1
RAB43	chr3	129087569	129123694	129123694	-1
RAB44	chr6	36697826	36733184	36697826	1
RAB4A	chr1	229271062	229307213	229271062	1
RAB4B	chr19	40778191	40798690	40778191	1
RAB4B-EGLN2	chr19	40778242	40808418	40778242	1
RAB5A	chr3	19947068	19987134	19947068	1
RAB5B	chr12	55973859	55996683	55973859	1
RAB5C	chr17	42124976	42155044	42155044	-1
RAB5IF	chr20	36605718	36612557	36605718	1
RAB6A	chr11	73675638	73761465	73761465	-1
RAB6B	chr3	133819939	133895889	133895889	-1
RAB6C	chr2	129979666	129982738	129979666	1
RAB6D	chr2	131360492	131364168	131364168	-1
RAB7A	chr3	128693669	128825980	128693669	1
RAB7B	chr1	205976740	206003544	206003544	-1
RAB8A	chr19	16111653	16134235	16111653	1
RAB8B	chr15	63189530	63268167	63189530	1
RAB9A	chrX	13689117	13712064	13689117	1
RAB9B	chrX	103822327	103835153	103835153	-1
RABAC1	chr19	41956681	41959390	41959390	-1
RABEP1	chr17	5282258	5386871	5282258	1
RABEP2	chr16	28898740	28936526	28936526	-1
RABEPK	chr9	125189186	125234161	125189186	1
RABGAP1	chr9	122940833	123163067	122940833	1
RABGAP1L	chr1	174159339	174995308	174159339	1
RABGEF1	chr7	66682105	66811464	66682105	1
RABGGTA	chr14	24265468	24271620	24271620	-1
RABGGTB	chr1	75786171	75795337	75786171	1
RABIF	chr1	202876229	202889227	202889227	-1
RABL2A	chr2	113627215	113643407	113627215	1
RABL2B	chr22	50767491	50783760	50783760	-1
RABL3	chr3	120684938	120742993	120742993	-1
RABL6	chr9	136807848	136841187	136807848	1
RAC1	chr7	6374098	6404016	6374098	1
RAC2	chr22	37225270	37259594	37259594	-1
RAC3	chr17	82031192	82034218	82031192	1
RACGAP1	chr12	49976923	50033136	50033136	-1
RACK1	chr5	181235391	181248096	181248096	-1
RAD1	chr5	34894176	34930394	34930394	-1
RAD17	chr5	69369293	69414806	69369293	1
RAD18	chr3	8775402	8963773	8963773	-1
RAD21	chr8	116845934	116874924	116874924	-1
RAD21L1	chr20	1226027	1296421	1226027	1
RAD23A	chr19	12945716	12953646	12945716	1
RAD23B	chr9	107283137	107332192	107283137	1
RAD50	chr5	132556019	132646349	132556019	1
RAD51	chr15	40694774	40732344	40694774	1
RAD51AP1	chr12	4538775	4560254	4538775	1
RAD51AP2	chr2	17510159	17518440	17518440	-1
RAD51B	chr14	67819741	68730218	67819741	1
RAD51C	chr17	58692569	58735611	58692569	1
RAD51D	chr17	35092221	35121522	35121522	-1
RAD52	chr12	910870	990053	990053	-1
RAD54B	chr8	94371960	94475134	94475134	-1
RAD54L	chr1	46246461	46282459	46246461	1
RAD54L2	chr3	51538666	51668667	51538666	1
RAD9A	chr11	67317871	67398412	67317871	1
RAD9B	chr12	110501479	110533556	110501479	1
RADIL	chr7	4797055	4883716	4883716	-1
RADX	chrX	106611930	106679439	106611930	1
RAE1	chr20	57351218	57380114	57351218	1
RAET1E	chr6	149882982	149898118	149898118	-1
RAET1G	chr6	149915593	149923126	149923126	-1
RAET1L	chr6	150018334	150025567	150025567	-1
RAF1	chr3	12582101	12664201	12664201	-1
RAG1	chr11	36510348	36593156	36510348	1
RAG2	chr11	36575574	36598279	36598279	-1
RAI1	chr17	17681323	17811453	17681323	1
RAI14	chr5	34655566	34832613	34655566	1
RAI2	chrX	17799788	17861337	17861337	-1
RALA	chr7	39623445	39708217	39623445	1
RALB	chr2	120240050	120305302	120240050	1
RALBP1	chr18	9474991	9538114	9474991	1
RALGAPA1	chr14	35538352	35809325	35809325	-1
RALGAPA2	chr20	20389530	20712673	20712673	-1
RALGAPB	chr20	38472813	38579009	38472813	1
RALGDS	chr9	133097657	133149440	133149440	-1
RALGPS1	chr9	126914761	127223166	126914761	1
RALGPS2	chr1	178724843	178921854	178724843	1
RALY	chr20	33993632	34108308	33993632	1
RALYL	chr8	84182787	84921844	84182787	1
RAMAC	chr15	82986199	82991057	82986199	1
RAMACL	chr6	166583009	166586678	166586678	-1
RAMP1	chr2	237858893	237923438	237858893	1
RAMP2	chr17	42758447	42763537	42758447	1
RAMP3	chr7	45157648	45208133	45157648	1
RAN	chr12	130871993	130877678	130871993	1
RANBP1	chr22	20115877	20128037	20115877	1
RANBP10	chr16	67723070	67806563	67806563	-1
RANBP17	chr5	170861855	171300015	170861855	1
RANBP2	chr2	108719367	108785810	108719367	1
RANBP3	chr19	5916138	5978288	5978288	-1
RANBP3L	chr5	36246912	36302114	36302114	-1
RANBP6	chr9	6011025	6015639	6015639	-1
RANBP9	chr6	13620859	13712089	13712089	-1
RANGAP1	chr22	41243474	41302744	41302744	-1
RANGRF	chr17	8288631	8290092	8288631	1
RAP1A	chr1	111542009	111716691	111542009	1
RAP1B	chr12	68610410	68671901	68610410	1
RAP1GAP	chr1	21596215	21669846	21669846	-1
RAP1GAP2	chr17	2755629	3037741	2755629	1
RAP1GDS1	chr4	98260922	98443866	98260922	1
RAP2A	chr13	97433714	97469128	97433714	1
RAP2B	chr3	153162226	153170627	153162226	1
RAP2C	chrX	132202882	132219627	132219627	-1
RAPGEF1	chr9	131576758	131740134	131740134	-1
RAPGEF2	chr4	159103013	159360175	159103013	1
RAPGEF3	chr12	47734180	47771040	47771040	-1
RAPGEF4	chr2	172735274	173054364	172735274	1
RAPGEF5	chr7	22117700	22357170	22357170	-1
RAPGEF6	chr5	131423858	131635272	131635272	-1
RAPGEFL1	chr17	40177010	40195656	40177010	1
RAPH1	chr2	203394345	203535478	203535478	-1
RAPSN	chr11	47436816	47449192	47449192	-1
RARA	chr17	40309165	40357643	40309165	1
RARB	chr3	24687887	25597932	24687887	1
RARG	chr12	53210566	53232980	53232980	-1
RARRES1	chr3	158689042	158732802	158732802	-1
RARRES2	chr7	150338314	150342144	150342144	-1
RARS1	chr5	168486447	168519325	168486447	1
RARS2	chr6	87513459	87590028	87590028	-1
RASA1	chr5	87267778	87394691	87267778	1
RASA2	chr3	141486967	141615362	141486967	1
RASA3	chr13	113977783	114132775	114132775	-1
RASA4	chr7	102579646	102616779	102616779	-1
RASA4B	chr7	102479976	102517800	102517800	-1
RASAL1	chr12	113096515	113136262	113136262	-1
RASAL2	chr1	178093674	178484147	178093674	1
RASAL3	chr19	15451624	15464583	15464583	-1
RASD1	chr17	17494193	17496402	17496402	-1
RASD2	chr22	35539796	35554003	35539796	1
RASEF	chr9	82979590	83063255	83063255	-1
RASGEF1A	chr10	43194533	43267082	43267082	-1
RASGEF1B	chr4	81426393	82044244	82044244	-1
RASGEF1C	chr5	180100795	180209225	180209225	-1
RASGRF1	chr15	78959906	79090930	79090930	-1
RASGRF2	chr5	80960234	81230166	80960234	1
RASGRP1	chr15	38488103	38565575	38565575	-1
RASGRP2	chr11	64726905	64745456	64745456	-1
RASGRP3	chr2	33436267	33586669	33436267	1
RASGRP4	chr19	38409051	38426305	38426305	-1
RASIP1	chr19	48720571	48740616	48740616	-1
RASL10A	chr22	29312933	29319679	29319679	-1
RASL10B	chr17	35731639	35743521	35731639	1
RASL11A	chr13	27270786	27275192	27270786	1
RASL11B	chr4	52862311	52868585	52862311	1
RASL12	chr15	65053337	65076690	65076690	-1
RASSF1	chr3	50329782	50340980	50340980	-1
RASSF10	chr11	13009316	13012119	13009316	1
RASSF2	chr20	4780019	4823870	4823870	-1
RASSF3	chr12	64507001	64697567	64507001	1
RASSF4	chr10	44959407	44996006	44959407	1
RASSF5	chr1	206507521	206603589	206507521	1
RASSF6	chr4	73571550	73620631	73620631	-1
RASSF7	chr11	560207	564067	560207	1
RASSF8	chr12	25958068	26079892	25958068	1
RASSF9	chr12	85800703	85836589	85836589	-1
RAVER1	chr19	10316212	10333548	10333548	-1
RAVER2	chr1	64744861	64833233	64744861	1
RAX	chr18	59267035	59274086	59274086	-1
RAX2	chr19	3769089	3772238	3772238	-1
RB1	chr13	48303710	48599436	48303710	1
RB1CC1	chr8	52622458	52745843	52745843	-1
RBAK	chr7	5045821	5069491	5045821	1
RBAK-RBAKDN	chr7	4983718	5073221	4983718	1
RBAKDN	chr7	5072125	5073223	5072125	1
RBBP4	chr1	32651043	32705899	32651043	1
RBBP5	chr1	205085685	205122263	205122263	-1
RBBP6	chr16	24537693	24572863	24537693	1
RBBP7	chrX	16838236	16870415	16870415	-1
RBBP8	chr18	22798261	23027561	22798261	1
RBBP8NL	chr20	62410143	62427548	62427548	-1
RBBP8P1	chrX	118632375	118634616	118634616	-1
RBBP9	chr20	18486540	18497260	18497260	-1
RBCK1	chr20	407393	432139	407393	1
RBFA	chr18	80034389	80050651	80034389	1
RBFOX1	chr16	5239802	7713340	5239802	1
RBFOX2	chr22	35738736	36028824	36028824	-1
RBFOX3	chr17	79089345	79611317	79611317	-1
RBIS	chr8	85213641	85220793	85220793	-1
RBKS	chr2	27780857	27890681	27890681	-1
RBL1	chr20	36996088	37096034	37096034	-1
RBL2	chr16	53433977	53491668	53433977	1
RBM10	chrX	47144284	47186814	47144284	1
RBM11	chr21	14216112	14228372	14216112	1
RBM12	chr20	35648925	35664956	35664956	-1
RBM12B	chr8	93728155	93741098	93741098	-1
RBM14	chr11	66616594	66629934	66616594	1
RBM14-RBM4	chr11	66616626	66646469	66616626	1
RBM15	chr1	110338506	110346681	110338506	1
RBM15B	chr3	51391285	51397908	51391285	1
RBM17	chr10	6086898	6117457	6086898	1
RBM18	chr9	122237622	122264855	122264855	-1
RBM19	chr12	113795725	113966367	113966367	-1
RBM20	chr10	110643874	110839471	110643874	1
RBM22	chr5	150690790	150701097	150701097	-1
RBM23	chr14	22893204	22919182	22919182	-1
RBM24	chr6	17280352	17293928	17280352	1
RBM25	chr14	73058307	73123899	73058307	1
RBM26	chr13	79311813	79406477	79406477	-1
RBM27	chr5	146203550	146289462	146203550	1
RBM27-POU4F3	chr5	146203550	146339251	146203550	1
RBM28	chr7	128278493	128343971	128343971	-1
RBM3	chrX	48574056	48581162	48574056	1
RBM33	chr7	155644426	155781485	155644426	1
RBM34	chr1	235131183	235161627	235161627	-1
RBM38	chr20	57391389	57409333	57391389	1
RBM39	chr20	35701347	35742312	35742312	-1
RBM4	chr11	66637771	66668380	66637771	1
RBM41	chrX	107052095	107118859	107118859	-1
RBM42	chr19	35628989	35638927	35628989	1
RBM43	chr2	151247940	151261870	151261870	-1
RBM44	chr2	237798389	237842808	237798389	1
RBM45	chr2	178112384	178139011	178112384	1
RBM46	chr4	154781213	154828813	154781213	1
RBM47	chr4	40423267	40630896	40630896	-1
RBM48	chr7	92528770	92540481	92528770	1
RBM4B	chr11	66664994	66677925	66677925	-1
RBM5	chr3	50088898	50119021	50088898	1
RBM6	chr3	49940007	50100045	49940007	1
RBM7	chr11	114400030	114414203	114400030	1
RBM8A	chr1	145920935	145928067	145928067	-1
RBMS1	chr2	160272151	160494100	160494100	-1
RBMS2	chr12	56521807	56617037	56521807	1
RBMS3	chr3	28574791	30010391	28574791	1
RBMX	chrX	136847801	136880784	136880784	-1
RBMX2	chrX	130401922	130462404	130401922	1
RBMXL1	chr1	88978813	88993002	88993002	-1
RBMXL2	chr11	7088998	7091148	7088998	1
RBMXL3	chrX	115189410	115192868	115189410	1
RBMY1A1	chrY	21534855	21549330	21534855	1
RBMY1B	chrY	21511338	21560066	21511338	1
RBMY1D	chrY	21880076	21894526	21894526	-1
RBMY1E	chrY	21900656	21918055	21918055	-1
RBMY1F	chrY	22162882	22182989	22182989	-1
RBMY1J	chrY	22403410	22417881	22403410	1
RBP1	chr3	139517434	139540396	139540396	-1
RBP2	chr3	139452884	139480767	139480767	-1
RBP3	chr10	47348363	47357881	47348363	1
RBP4	chr10	93590170	93603110	93603110	-1
RBP5	chr12	7115736	7128891	7128891	-1
RBP7	chr1	9997050	10016022	9997050	1
RBPJ	chr4	26163455	26435131	26163455	1
RBPJL	chr20	45306840	45317824	45306840	1
RBPMS	chr8	30383636	30572261	30383636	1
RBPMS2	chr15	64739886	64775860	64775860	-1
RBSN	chr3	15068565	15099163	15099163	-1
RBX1	chr22	40951277	40973539	40951277	1
RC3H1	chr1	173931084	174022418	174022418	-1
RC3H2	chr9	122844556	122905513	122905513	-1
RCAN1	chr21	34513142	34615323	34615323	-1
RCAN2	chr6	46220718	46491972	46491972	-1
RCAN3	chr1	24502320	24541040	24502320	1
RCBTB1	chr13	49531939	49586740	49586740	-1
RCBTB2	chr13	48488858	48536006	48536006	-1
RCC1	chr1	28505932	28539300	28505932	1
RCC1L	chr7	75026190	75074228	75074228	-1
RCC2	chr1	17406755	17439992	17439992	-1
RCCD1	chr15	90954825	90964809	90954825	1
RCE1	chr11	66842835	66848159	66842835	1
RCHY1	chr4	75479033	75514764	75514764	-1
RCL1	chr9	4792881	4928572	4792881	1
RCN1	chr11	32090968	32107639	32090968	1
RCN2	chr15	76931649	76954393	76931649	1
RCN3	chr19	49526534	49579703	49526534	1
RCOR1	chr14	102592649	102743672	102592649	1
RCOR2	chr11	63910992	63919787	63919787	-1
RCOR3	chr1	211258377	211316385	211258377	1
RCSD1	chr1	167629660	167708706	167629660	1
RCVRN	chr17	9896320	9905580	9905580	-1
RD3	chr1	211476522	211492490	211492490	-1
RD3L	chr14	103940426	103942561	103942561	-1
RDH10	chr8	73294243	73325281	73294243	1
RDH11	chr14	67676792	67695793	67695793	-1
RDH12	chr14	67701886	67734451	67701886	1
RDH13	chr19	55039108	55071291	55071291	-1
RDH14	chr2	18554543	18560697	18560697	-1
RDH16	chr12	56950087	56959374	56959374	-1
RDH5	chr12	55720367	55724714	55720367	1
RDH8	chr19	10013249	10022279	10013249	1
RDM1	chr17	35918066	35930794	35930794	-1
RDX	chr11	109864295	110297617	110297617	-1
REC114	chr15	73443147	73560020	73443147	1
REC8	chr14	24171853	24180923	24171853	1
RECK	chr9	36036896	36124457	36036896	1
RECQL	chr12	21464720	21501669	21501669	-1
RECQL4	chr8	144511284	144517890	144517890	-1
RECQL5	chr17	75626839	75667197	75667197	-1
REDIC1	chr12	39626167	39908300	39626167	1
REELD1	chr4	146214515	146232267	146214515	1
REEP1	chr2	86210522	86338083	86338083	-1
REEP2	chr5	138438976	138446969	138438976	1
REEP3	chr10	63521331	63625128	63521331	1
REEP4	chr8	22138007	22141951	22141951	-1
REEP5	chr5	112876385	112922363	112922363	-1
REEP6	chr19	1491016	1497928	1491016	1
REG1A	chr2	79111236	79123410	79111236	1
REG1B	chr2	79085023	79088019	79088019	-1
REG3A	chr2	79157003	79159757	79159757	-1
REG3G	chr2	79025686	79028507	79025686	1
REG4	chr1	119794017	119811580	119811580	-1
REL	chr2	60881491	60940021	60881491	1
RELA	chr11	65653599	65663138	65663138	-1
RELB	chr19	45001431	45038194	45001431	1
RELCH	chr18	62187255	62310249	62187255	1
RELL1	chr4	37590800	37686413	37686413	-1
RELL2	chr5	141636950	141641065	141636950	1
RELN	chr7	103471381	103989669	103989669	-1
RELT	chr11	73376325	73397474	73376325	1
REM1	chr20	31474979	31484917	31474979	1
REM2	chr14	22883136	22887686	22883136	1
REN	chr1	204154815	204190324	204190324	-1
RENBP	chrX	153935269	153944688	153944688	-1
REP15	chr12	27696447	27697596	27696447	1
REPIN1	chr7	150368067	150374045	150368067	1
REPS1	chr6	138902982	138988356	138988356	-1
REPS2	chrX	16946658	17187961	16946658	1
RER1	chr1	2390670	2405444	2390670	1
RERE	chr1	8352397	8848921	8848921	-1
RERG	chr12	15107783	15390485	15390485	-1
RERGL	chr12	18080869	18320107	18320107	-1
RESF1	chr12	31959370	31993114	31959370	1
RESP18	chr2	219327407	219335552	219335552	-1
REST	chr4	56907853	56967011	56907853	1
RET	chr10	43077026	43130351	43077026	1
RETN	chr19	7669044	7670456	7669044	1
RETNLB	chr3	108743424	108757410	108757410	-1
RETREG1	chr5	16473038	16617194	16617194	-1
RETREG2	chr2	219176225	219185917	219176225	1
RETREG3	chr17	42579508	42610623	42610623	-1
RETSAT	chr2	85341948	85354655	85354655	-1
REV1	chr2	99400475	99490466	99490466	-1
REV3L	chr6	111299028	111483729	111483729	-1
REX1BD	chr19	18588685	18592342	18588685	1
REXO1	chr19	1815248	1848493	1848493	-1
REXO2	chr11	114439359	114468149	114439359	1
REXO4	chr9	133406026	133418096	133418096	-1
REXO5	chr16	20806157	20850126	20806157	1
RFC1	chr4	39287455	39366400	39366400	-1
RFC2	chr7	74223231	74254458	74254458	-1
RFC3	chr13	33818049	34031334	33818049	1
RFC4	chr3	186789866	186807058	186807058	-1
RFC5	chr12	118013588	118033545	118013588	1
RFESD	chr5	95646718	95684773	95646718	1
RFFL	chr17	35005990	35089899	35089899	-1
RFK	chr9	76385517	76394536	76394536	-1
RFLNA	chr12	123973241	124316024	123973241	1
RFLNB	chr17	439978	445939	445939	-1
RFNG	chr17	82047902	82051871	82051871	-1
RFPL1	chr22	29438583	29442455	29438583	1
RFPL2	chr22	32190433	32205073	32205073	-1
RFPL3	chr22	32354885	32361161	32354885	1
RFPL4A	chr19	55759043	55763424	55759043	1
RFPL4AL1	chr19	55769118	55773420	55769118	1
RFPL4B	chr6	112347330	112351294	112347330	1
RFT1	chr3	53048135	53130661	53130661	-1
RFTN1	chr3	16313574	16514026	16514026	-1
RFTN2	chr2	197568224	197676168	197676168	-1
RFWD3	chr16	74621393	74666912	74666912	-1
RFX1	chr19	13961529	14007084	14007084	-1
RFX2	chr19	5993164	6199572	6199572	-1
RFX3	chr9	3218297	3526919	3526919	-1
RFX4	chr12	106582691	106762803	106582691	1
RFX5	chr1	151340640	151347339	151347339	-1
RFX6	chr6	116877212	116933069	116877212	1
RFX7	chr15	56087280	56245103	56245103	-1
RFX8	chr2	101397359	101475112	101475112	-1
RFXANK	chr19	19191957	19202844	19191957	1
RFXAP	chr13	36819188	36848169	36819188	1
RGCC	chr13	41456949	41470883	41456949	1
RGL1	chr1	183636066	183928532	183636066	1
RGL2	chr6	33291180	33299534	33299534	-1
RGL3	chr19	11384341	11419372	11419372	-1
RGL4	chr22	23688136	23699176	23688136	1
RGMA	chr15	93035271	93089290	93089290	-1
RGMB	chr5	98768004	98798643	98768004	1
RGN	chrX	47061388	47096431	47061388	1
RGP1	chr9	35748613	35759600	35748613	1
RGPD1	chr2	86913783	87013976	86913783	1
RGPD2	chr2	87755958	87825962	87825962	-1
RGPD3	chr2	106391290	106468413	106468413	-1
RGPD4	chr2	107826892	107892544	107826892	1
RGPD5	chr2	109792758	109857705	109792758	1
RGPD6	chr2	110513802	110610840	110610840	-1
RGPD8	chr2	112368369	112434488	112434488	-1
RGR	chr10	84230666	84260637	84230666	1
RGS1	chr1	192575763	192580037	192575763	1
RGS10	chr10	119499603	119543620	119543620	-1
RGS11	chr16	268301	275980	275980	-1
RGS12	chr4	3292982	3439913	3292982	1
RGS13	chr1	192636061	192660311	192636061	1
RGS14	chr5	177357654	177374390	177357654	1
RGS16	chr1	182598623	182604394	182604394	-1
RGS17	chr6	153004449	153131306	153131306	-1
RGS18	chr1	192158344	192187172	192158344	1
RGS19	chr20	64073181	64079988	64079988	-1
RGS2	chr1	192809038	192812283	192809038	1
RGS20	chr8	53851795	53959303	53851795	1
RGS21	chr1	192316992	192367285	192316992	1
RGS22	chr8	99960936	100131268	100131268	-1
RGS3	chr9	113444731	113597743	113444731	1
RGS4	chr1	163068775	163076802	163068775	1
RGS5	chr1	163111121	163321791	163321791	-1
RGS6	chr14	71931979	72566530	71931979	1
RGS7	chr1	240767636	241357374	241357374	-1
RGS7BP	chr5	64505934	64614661	64505934	1
RGS8	chr1	182641816	182684587	182684587	-1
RGS9	chr17	65100812	65227703	65100812	1
RGS9BP	chr19	32675848	32678300	32675848	1
RGSL1	chr1	182409192	182560599	182409192	1
RHAG	chr6	49605157	49636839	49636839	-1
RHBDD1	chr2	226835581	227001006	226835581	1
RHBDD2	chr7	75842602	75890056	75842602	1
RHBDD3	chr22	29259850	29268221	29268221	-1
RHBDF1	chr16	58058	78176	78176	-1
RHBDF2	chr17	76470884	76501790	76501790	-1
RHBDL1	chr16	675605	678275	675605	1
RHBDL2	chr1	38885806	38941845	38941845	-1
RHBDL3	chr17	32265787	32338568	32265787	1
RHBG	chr1	156369015	156385221	156369015	1
RHCE	chr1	25362249	25430192	25430192	-1
RHCG	chr15	89451995	89496815	89496815	-1
RHD	chr1	25272393	25330445	25272393	1
RHEB	chr7	151465976	151520120	151520120	-1
RHEBL1	chr12	49064675	49070127	49070127	-1
RHEX	chr1	206053145	206102452	206053145	1
RHNO1	chr12	2876258	2890261	2876258	1
RHO	chr3	129528637	129535344	129528637	1
RHOA	chr3	49359136	49412998	49412998	-1
RHOB	chr2	20447074	20449440	20447074	1
RHOBTB1	chr10	60869438	61001454	61001454	-1
RHOBTB2	chr8	22987222	23020723	22987222	1
RHOBTB3	chr5	95713522	95824383	95713522	1
RHOC	chr1	112699765	112707897	112707897	-1
RHOD	chr11	67056608	67072044	67056608	1
RHOF	chr12	121768283	121803403	121803403	-1
RHOG	chr11	3826978	3841346	3841346	-1
RHOH	chr4	40191011	40246967	40191011	1
RHOJ	chr14	63204114	63293518	63204114	1
RHOQ	chr2	46541806	46602046	46541806	1
RHOT1	chr17	32142435	32253391	32142435	1
RHOT2	chr16	668081	674174	668081	1
RHOU	chr1	228735147	228746669	228735147	1
RHOV	chr15	40872214	40874245	40874245	-1
RHOXF1	chrX	120109049	120245290	120245290	-1
RHOXF1P3	chrX	119942834	119992838	119942834	1
RHOXF2	chrX	120158536	120165630	120158536	1
RHOXF2B	chrX	120072264	120077748	120077748	-1
RHPN1	chr8	143368810	143384221	143368810	1
RHPN2	chr19	32978592	33064888	33064888	-1
RIBC1	chrX	53421951	53431624	53421951	1
RIBC2	chr22	45413680	45437426	45413680	1
RIC1	chr9	5628738	5778255	5628738	1
RIC3	chr11	8092965	8169096	8169096	-1
RIC8A	chr11	207478	215164	207478	1
RIC8B	chr12	106774322	106889316	106774322	1
RICTOR	chr5	38937920	39074544	39074544	-1
RIDA	chr8	98085179	98117206	98117206	-1
RIF1	chr2	151409883	151508013	151409883	1
RIGI	chr9	32455302	32526348	32526348	-1
RIIAD1	chr1	151710433	151729805	151710433	1
RILP	chr17	1646138	1650083	1650083	-1
RILPL1	chr12	123467802	123534417	123534417	-1
RILPL2	chr12	123409258	123436756	123436756	-1
RIMBP2	chr12	130396131	130768228	130768228	-1
RIMBP3	chr22	18605815	18611919	18611919	-1
RIMBP3B	chr22	21383751	21389478	21383751	1
RIMBP3C	chr22	21545666	21551461	21551461	-1
RIMKLA	chr1	42380772	42424232	42380772	1
RIMKLB	chr12	8681483	8783095	8681483	1
RIMOC1	chr5	41904188	41921692	41904188	1
RIMS1	chr6	71886550	72403150	71886550	1
RIMS2	chr8	103499638	104254698	103499638	1
RIMS3	chr1	40620679	40665728	40665728	-1
RIMS4	chr20	44751808	44810556	44810556	-1
RIN1	chr11	66330241	66336840	66336840	-1
RIN2	chr20	19757594	20003572	19757594	1
RIN3	chr14	92513433	92688994	92513433	1
RING1	chr6	33208033	33212722	33208033	1
RINL	chr19	38867830	38878275	38878275	-1
RINT1	chr7	105532116	105569207	105532116	1
RIOK1	chr6	7389462	7418037	7389462	1
RIOK2	chr5	97160867	97183297	97183297	-1
RIOK3	chr18	23453265	23486603	23453265	1
RIOX1	chr14	73490933	73520134	73490933	1
RIOX2	chr3	97941333	97972457	97972457	-1
RIPK1	chr6	3063824	3115188	3063824	1
RIPK2	chr8	89757733	89791847	89757733	1
RIPK3	chr14	24336025	24340022	24340022	-1
RIPK4	chr21	41739369	41767109	41767109	-1
RIPOR1	chr16	67518418	67546788	67518418	1
RIPOR2	chr6	24803362	25042170	25042170	-1
RIPOR3	chr20	50585180	50692021	50692021	-1
RIPPLY1	chrX	106900063	106903364	106903364	-1
RIPPLY2	chr6	83853360	83857515	83853360	1
RIPPLY3	chr21	37006150	37019662	37006150	1
RIT1	chr1	155897808	155911408	155911408	-1
RIT2	chr18	42743218	43115723	43115723	-1
RITA1	chr12	113185045	113193653	113185045	1
RLBP1	chr15	89209869	89222577	89222577	-1
RLF	chr1	40161357	40240923	40161357	1
RLIG1	chr12	88033846	88050160	88033846	1
RLIM	chrX	74582976	74614646	74614646	-1
RLN1	chr9	5334930	5339876	5339876	-1
RLN2	chr9	5298698	5304716	5304716	-1
RLN3	chr19	14028148	14031552	14028148	1
RMC1	chr18	23503460	23533181	23503460	1
RMDN1	chr8	86467055	86514357	86514357	-1
RMDN2	chr2	37923187	38067142	37923187	1
RMDN3	chr15	40720655	40755851	40755851	-1
RMI1	chr9	83980355	84004078	83980355	1
RMI2	chr16	11249619	11381662	11249619	1
RMND1	chr6	151398824	151452181	151452181	-1
RMND5A	chr2	86720053	86778049	86720053	1
RMND5B	chr5	178129068	178152762	178129068	1
RMP24	chr18	35972600	36010346	35972600	1
RMP64	chr3	113001460	113019861	113019861	-1
RNASE1	chr14	20801228	20802884	20802884	-1
RNASE10	chr14	20505537	20513884	20505537	1
RNASE11	chr14	20582892	20609884	20609884	-1
RNASE12	chr14	20590073	20591376	20591376	-1
RNASE13	chr14	21032818	21034807	21034807	-1
RNASE2	chr14	20955345	20956436	20955345	1
RNASE3	chr14	20882394	20892348	20882394	1
RNASE4	chr14	20681073	20701216	20681073	1
RNASE6	chr14	20781031	20783793	20781031	1
RNASE7	chr14	21042316	21044234	21042316	1
RNASE8	chr14	21057822	21058455	21057822	1
RNASE9	chr14	20556093	20561049	20561049	-1
RNASEH1	chr2	3541430	3558371	3558371	-1
RNASEH2A	chr19	12806505	12813644	12806505	1
RNASEH2B	chr13	50909746	51024120	50909746	1
RNASEH2C	chr11	65713901	65720988	65720988	-1
RNASEK	chr17	7012412	7014535	7012412	1
RNASEK-C17orf49	chr17	7012635	7017520	7012635	1
RNASEL	chr1	182563015	182589272	182589272	-1
RNASET2	chr6	166922113	166957448	166957448	-1
RND1	chr12	48857134	48865870	48865870	-1
RND2	chr17	43025210	43047509	43025210	1
RND3	chr2	150468195	150539011	150539011	-1
RNF10	chr12	120533480	120577592	120533480	1
RNF103	chr2	86602511	86623900	86623900	-1
RNF103-CHMP3	chr2	86505668	86721122	86721122	-1
RNF11	chr1	51235625	51289232	51235625	1
RNF111	chr15	58865175	59097508	58865175	1
RNF112	chr17	19410959	19417281	19410959	1
RNF113A	chrX	119870475	119871733	119871733	-1
RNF113B	chr13	98175785	98177269	98177269	-1
RNF114	chr20	49936336	49953892	49936336	1
RNF115	chr1	145738868	145824134	145824134	-1
RNF121	chr11	71929005	71997597	71929005	1
RNF122	chr8	33547754	33567170	33567170	-1
RNF123	chr3	49688740	49723389	49688740	1
RNF125	chr18	32018174	32090798	32018174	1
RNF126	chr19	647526	663336	663336	-1
RNF128	chrX	106693739	106797016	106693739	1
RNF13	chr3	149809445	150032337	149809445	1
RNF130	chr5	179911651	180072151	180072151	-1
RNF133	chr7	122697735	122699117	122699117	-1
RNF135	chr17	30970513	30999911	30970513	1
RNF138	chr18	32091850	32132124	32091850	1
RNF139	chr8	124474699	124488618	124474699	1
RNF14	chr5	141958305	142003016	141958305	1
RNF141	chr11	10511522	10541334	10541334	-1
RNF144A	chr2	6917386	7068286	6917386	1
RNF144B	chr6	18307066	18468874	18307066	1
RNF145	chr5	159154603	159210053	159210053	-1
RNF146	chr6	127266582	127290408	127266582	1
RNF148	chr7	122701668	122702922	122702922	-1
RNF149	chr2	101271215	101308770	101308770	-1
RNF150	chr4	140859807	141212877	141212877	-1
RNF151	chr16	1966823	1968975	1966823	1
RNF152	chr18	61808067	61895097	61895097	-1
RNF157	chr17	76142460	76240662	76240662	-1
RNF166	chr16	88696494	88706424	88706424	-1
RNF167	chr17	4939997	4945223	4939997	1
RNF168	chr3	196468783	196503824	196503824	-1
RNF169	chr11	74748832	74842413	74748832	1
RNF17	chr13	24764169	24879921	24764169	1
RNF170	chr8	42849637	42897309	42897309	-1
RNF175	chr4	153710158	153760251	153760251	-1
RNF180	chr5	64165291	64376245	64165291	1
RNF181	chr2	85595620	85598589	85595620	1
RNF182	chr6	13924446	13980310	13924446	1
RNF183	chr9	113297093	113303376	113303376	-1
RNF185	chr22	31160149	31207019	31160149	1
RNF186	chr1	19814029	19815283	19815283	-1
RNF187	chr1	228487357	228499899	228487357	1
RNF19A	chr8	100234202	100336218	100336218	-1
RNF19B	chr1	32929036	32964938	32964938	-1
RNF2	chr1	185044865	185102850	185044865	1
RNF20	chr9	101533821	101563348	101533821	1
RNF207	chr1	6205392	6224634	6205392	1
RNF208	chr9	137219577	137222312	137222312	-1
RNF212	chr4	1056247	1113697	1113697	-1
RNF212B	chr14	23185316	23273477	23185316	1
RNF213	chr17	80260807	80398794	80260807	1
RNF214	chr11	117232154	117287429	117232154	1
RNF215	chr22	30368811	30421771	30421771	-1
RNF216	chr7	5620047	5781696	5781696	-1
RNF217	chr6	124961875	125092633	124961875	1
RNF220	chr1	44405142	44651724	44405142	1
RNF222	chr17	8390702	8397827	8397827	-1
RNF223	chr1	1070967	1074306	1074306	-1
RNF224	chr9	137226908	137229640	137226908	1
RNF225	chr19	58395656	58397079	58395656	1
RNF227	chr17	7913238	7916377	7916377	-1
RNF228	chr2	222314148	222320155	222320155	-1
RNF24	chr20	3927309	4015598	4015598	-1
RNF25	chr2	218662081	218672009	218672009	-1
RNF26	chr11	119334527	119337309	119334527	1
RNF31	chr14	24146683	24160660	24146683	1
RNF32	chr7	156640281	156677780	156640281	1
RNF34	chr12	121400078	121446466	121400078	1
RNF38	chr9	36336396	36487548	36487548	-1
RNF39	chr6	30070266	30075849	30075849	-1
RNF4	chr4	2462220	2515871	2462220	1
RNF40	chr16	30761561	30780421	30761561	1
RNF41	chr12	56202179	56224275	56224275	-1
RNF43	chr17	58353671	58417735	58417735	-1
RNF44	chr5	176526700	176543514	176543514	-1
RNF5	chr6	32178391	32184769	32178391	1
RNF6	chr13	26132112	26222549	26222549	-1
RNF7	chr3	141738189	141747611	141738189	1
RNF8	chr6	37353970	37394737	37353970	1
RNFT1	chr17	59896781	59964777	59964777	-1
RNFT2	chr12	116738178	116853631	116738178	1
RNGTT	chr6	88607995	88963636	88963636	-1
RNH1	chr11	494510	507395	507395	-1
RNLS	chr10	88273551	88584530	88584530	-1
RNMT	chr18	13726582	13764556	13726582	1
RNPC3	chr1	103525672	103555239	103525672	1
RNPEP	chr1	201982372	202006175	201982372	1
RNPEPL1	chr2	240565804	240581372	240565804	1
RNPS1	chr16	2253116	2268413	2268413	-1
RO60	chr1	193059422	193091777	193059422	1
ROBO1	chr3	78595957	79768025	79768025	-1
ROBO2	chr3	75906667	77649964	75906667	1
ROBO3	chr11	124865413	124881471	124865413	1
ROBO4	chr11	124883666	124898500	124898500	-1
ROCK1	chr18	20944612	21111882	21111882	-1
ROCK2	chr2	11179759	11348330	11348330	-1
ROGDI	chr16	4796962	4802926	4802926	-1
ROM1	chr11	62611722	62615116	62611722	1
ROMO1	chr20	35699228	35703939	35699228	1
ROPN1	chr3	123968521	123992178	123992178	-1
ROPN1B	chr3	125969153	125983454	125969153	1
ROPN1L	chr5	10441524	10561685	10441524	1
ROR1	chr1	63773987	64181625	63773987	1
ROR2	chr9	91563091	91950278	91950278	-1
RORA	chr15	60488284	61229302	61229302	-1
RORB	chr9	74497329	74693177	74497329	1
RORC	chr1	151806021	151831845	151831845	-1
ROS1	chr6	117287353	117425946	117425946	-1
RP1	chr8	54509422	54871720	54509422	1
RP1L1	chr8	10606349	10712187	10712187	-1
RP2	chrX	46836922	46889240	46836922	1
RP9	chr7	33094797	33109601	33109601	-1
RPA1	chr17	1829702	1900082	1829702	1
RPA2	chr1	27891524	27914751	27914751	-1
RPA3	chr7	7634843	7718607	7718607	-1
RPA4	chrX	96883908	96885467	96883908	1
RPAIN	chr17	5419066	5432888	5419066	1
RPAP1	chr15	41516557	41544281	41544281	-1
RPAP2	chr1	92299010	92438687	92299010	1
RPAP3	chr12	47660814	47706038	47706038	-1
RPE	chr2	210002565	210027529	210002565	1
RPE65	chr1	68428822	68451103	68451103	-1
RPEL1	chr10	103245887	103248016	103245887	1
RPF1	chr1	84479245	84499677	84479245	1
RPF2	chr6	110982015	111028264	110982015	1
RPGR	chrX	38269115	38327573	38327573	-1
RPGRIP1	chr14	21280083	21351301	21280083	1
RPGRIP1L	chr16	53598153	53703938	53703938	-1
RPH3A	chr12	112570380	112898881	112570380	1
RPH3AL	chr17	210130	386376	386376	-1
RPIA	chr2	88691642	88750935	88691642	1
RPL10	chrX	154389955	154409168	154389955	1
RPL10A	chr6	35468366	35470786	35468366	1
RPL10L	chr14	46651010	46651781	46651781	-1
RPL11	chr1	23691685	23698426	23691685	1
RPL12	chr9	127447422	127452094	127452094	-1
RPL13	chr16	89560637	89567834	89560637	1
RPL13A	chr19	49487510	49493057	49487510	1
RPL14	chr3	40457292	40468587	40457292	1
RPL15	chr3	23916591	23924374	23916591	1
RPL17	chr18	49488346	49492564	49492564	-1
RPL17-C18orf32	chr18	49481681	49492479	49492479	-1
RPL18	chr19	48615284	48619213	48619213	-1
RPL18A	chr19	17859868	17871283	17859868	1
RPL19	chr17	39200282	39204840	39200282	1
RPL21	chr13	27251283	27266550	27251283	1
RPL22	chr1	6185020	6209389	6209389	-1
RPL22L1	chr3	170864875	170870475	170870475	-1
RPL23	chr17	38847860	38868644	38868644	-1
RPL23A	chr17	28719940	28724365	28719940	1
RPL24	chr3	101677660	101686825	101686825	-1
RPL26	chr17	8377500	8384062	8384062	-1
RPL26L1	chr5	172954004	172974768	172954004	1
RPL27	chr17	42998265	43002973	42998265	1
RPL27A	chr11	8682732	8714759	8682732	1
RPL28	chr19	55383856	55403342	55383856	1
RPL29	chr3	51993522	51996021	51996021	-1
RPL3	chr22	39312870	39320389	39320389	-1
RPL30	chr8	98016387	98046469	98046469	-1
RPL31	chr2	100997746	101024037	100997746	1
RPL32	chr3	12834467	12841587	12841587	-1
RPL34	chr4	108620508	108632886	108620508	1
RPL35	chr9	124857873	124862017	124862017	-1
RPL35A	chr3	197949957	197956610	197949957	1
RPL36	chr19	5674947	5691881	5674947	1
RPL36A	chrX	101390824	101396155	101390824	1
RPL36A-HNRNPH2	chrX	101391011	101412297	101391011	1
RPL36AL	chr14	49600815	49620649	49620649	-1
RPL37	chr5	40822128	40835336	40835336	-1
RPL37A	chr2	216498797	216580097	216498797	1
RPL38	chr17	74202841	74212852	74202841	1
RPL39	chrX	119756748	119792074	119792074	-1
RPL39L	chr3	187120927	187180972	187180972	-1
RPL3L	chr16	1943791	1957606	1957606	-1
RPL4	chr15	66498015	66524532	66524532	-1
RPL41	chr12	56116585	56117967	56116585	1
RPL5	chr1	92831990	92841924	92831990	1
RPL6	chr12	112403955	112418844	112418844	-1
RPL7	chr8	73276478	73295789	73295789	-1
RPL7A	chr9	133347950	133351435	133347950	1
RPL7L1	chr6	42879602	42889925	42879602	1
RPL8	chr8	144789765	144793502	144793502	-1
RPL9	chr4	39450679	39472424	39472424	-1
RPLP0	chr12	120196698	120201235	120201235	-1
RPLP1	chr15	69452656	69456205	69452656	1
RPLP2	chr11	799414	812891	799414	1
RPN1	chr3	128619968	128681075	128681075	-1
RPN2	chr20	37178396	37241630	37178396	1
RPP14	chr3	58306239	58324695	58306239	1
RPP21	chr6	30345125	30346884	30345125	1
RPP25	chr15	74954418	74956772	74956772	-1
RPP25L	chr9	34610486	34612605	34612605	-1
RPP30	chr10	90871487	90908553	90871487	1
RPP38	chr10	15097073	15139818	15097073	1
RPP40	chr6	4984787	5004063	5004063	-1
RPRD1A	chr18	35982919	36067651	36067651	-1
RPRD1B	chr20	38033514	38127780	38033514	1
RPRD2	chr1	150363091	150476999	150363091	1
RPRM	chr2	153477338	153478762	153478762	-1
RPRML	chr17	46978156	46979253	46979253	-1
RPS10	chr6	34417447	34426237	34426237	-1
RPS10-NUDT3	chr6	34284887	34426071	34426071	-1
RPS11	chr19	49496233	49499903	49496233	1
RPS12	chr6	132814542	132825144	132814542	1
RPS13	chr11	17066750	17077729	17077729	-1
RPS14	chr5	150429756	150449952	150449952	-1
RPS15	chr19	1438149	1440508	1438149	1
RPS15A	chr16	18775365	18790420	18790420	-1
RPS16	chr19	39433136	39436131	39436131	-1
RPS17	chr15	82536592	82540622	82540622	-1
RPS18	chr6	33271730	33276513	33271730	1
RPS19	chr19	41859848	41872931	41859848	1
RPS19BP1	chr22	39522878	39532826	39532826	-1
RPS2	chr16	1961987	1965510	1965510	-1
RPS20	chr8	56020034	56074575	56074575	-1
RPS21	chr20	62365598	62388680	62365598	1
RPS23	chr5	82186517	82278599	82278599	-1
RPS24	chr10	78033723	78056813	78033723	1
RPS25	chr11	119014665	119018724	119018724	-1
RPS26	chr12	56041351	56044697	56041351	1
RPS27	chr1	153990749	153992344	153990749	1
RPS27A	chr2	55229447	55236649	55229447	1
RPS27L	chr15	63125859	63158021	63158021	-1
RPS28	chr19	8307760	8323567	8307760	1
RPS29	chr14	49500452	49599164	49599164	-1
RPS3	chr11	75394327	75422304	75394327	1
RPS3A	chr4	151099564	151104652	151099564	1
RPS4X	chrX	72255661	72277344	72277344	-1
RPS4Y1	chrY	2841402	2932000	2841402	1
RPS4Y2	chrY	20756108	20781032	20756108	1
RPS5	chr19	58380570	58394810	58380570	1
RPS6	chr9	19200287	19380299	19380299	-1
RPS6KA1	chr1	26529746	26575032	26529746	1
RPS6KA2	chr6	166409364	166906451	166906451	-1
RPS6KA3	chrX	20149911	20267519	20267519	-1
RPS6KA4	chr11	64359134	64372215	64359134	1
RPS6KA5	chr14	90847861	91060685	91060685	-1
RPS6KA6	chrX	84058346	84206356	84206356	-1
RPS6KB1	chr17	59893035	59963336	59893035	1
RPS6KB2	chr11	67428442	67435414	67428442	1
RPS6KC1	chr1	213051232	213276001	213051232	1
RPS6KL1	chr14	74903951	74923308	74923308	-1
RPS7	chr2	3575198	3580952	3575198	1
RPS8	chr1	44775251	44779124	44775251	1
RPS9	chr19	54200466	54249003	54200466	1
RPSA	chr3	39406709	39426255	39406709	1
RPSA2	chr19	23762944	23871162	23762944	1
RPTN	chr1	152153595	152159228	152159228	-1
RPTOR	chr17	80544819	80966371	80544819	1
RPUSD1	chr16	784974	788406	788406	-1
RPUSD2	chr15	40569289	40575171	40569289	1
RPUSD3	chr3	9831633	9844602	9844602	-1
RPUSD4	chr11	126201792	126211692	126211692	-1
RRAD	chr16	66921682	66926308	66926308	-1
RRAGA	chr9	19049427	19051025	19049427	1
RRAGB	chrX	55717612	55758777	55717612	1
RRAGC	chr1	38838198	38859772	38859772	-1
RRAGD	chr6	89361102	89412735	89412735	-1
RRAS	chr19	49634555	49640211	49640211	-1
RRAS2	chr11	14277919	14364506	14364506	-1
RRBP1	chr20	17613678	17682295	17682295	-1
RREB1	chr6	7107418	7251982	7107418	1
RRH	chr4	109827972	109849123	109827972	1
RRM1	chr11	4094707	4140686	4094707	1
RRM2	chr2	10120698	10213114	10120698	1
RRM2B	chr8	102204502	102239382	102239382	-1
RRN3	chr16	15059964	15094311	15094311	-1
RRP1	chr21	43789513	43821500	43789513	1
RRP12	chr10	97356357	97426076	97426076	-1
RRP15	chr1	218285261	218337983	218285261	1
RRP1B	chr21	43659542	43696080	43659542	1
RRP36	chr6	43021588	43034156	43021588	1
RRP7A	chr22	42507982	42519853	42519853	-1
RRP8	chr11	6496506	6603638	6603638	-1
RRP9	chr3	51933425	51941946	51941946	-1
RRS1	chr8	66429014	66430733	66429014	1
RS1	chrX	18639688	18672108	18672108	-1
RSAD1	chr17	50478770	50486371	50478770	1
RSAD2	chr2	6865557	6899287	6865557	1
RSBN1	chr1	113761429	113812551	113812551	-1
RSBN1L	chr7	77696440	77783022	77696440	1
RSC1A1	chr1	15659713	15662033	15659713	1
RSF1	chr11	77660009	77821020	77821020	-1
RSKR	chr17	28455752	28614210	28614210	-1
RSL1D1	chr16	11833850	11851586	11851586	-1
RSL24D1	chr15	55180797	55197076	55197076	-1
RSPH1	chr21	42472486	42496366	42496366	-1
RSPH10B	chr7	5925544	5970702	5970702	-1
RSPH10B2	chr7	6754101	6799365	6754101	1
RSPH14	chr22	23059415	23145021	23145021	-1
RSPH3	chr6	158968232	159000238	159000238	-1
RSPH4A	chr6	116616474	116634765	116616474	1
RSPH6A	chr19	45795713	45815308	45815308	-1
RSPH9	chr6	43644229	43674358	43644229	1
RSPO1	chr1	37610802	37635604	37635604	-1
RSPO2	chr8	107899316	108083791	108083791	-1
RSPO3	chr6	127118658	127199481	127118658	1
RSPO4	chr20	958452	1002510	1002510	-1
RSPRY1	chr16	57186137	57242505	57186137	1
RSRC1	chr3	158105675	158545734	158105675	1
RSRC2	chr12	122503454	122527100	122527100	-1
RSRP1	chr1	25242248	25338244	25338244	-1
RSU1	chr10	16567276	16817603	16817603	-1
RTBDN	chr19	12825477	12838362	12838362	-1
RTCA	chr1	100266154	100292769	100266154	1
RTCB	chr22	32387575	32412265	32412265	-1
RTEL1	chr20	63657810	63696253	63657810	1
RTEL1-TNFRSF6B	chr20	63659300	63698684	63659300	1
RTF1	chr15	41408408	41483563	41408408	1
RTF2	chr20	56468585	56519449	56468585	1
RTKN	chr2	74424131	74442422	74442422	-1
RTKN2	chr10	62180806	62268900	62268900	-1
RTL1	chr14	100879753	100903722	100903722	-1
RTL10	chr22	19846138	19854939	19854939	-1
RTL3	chrX	78656068	78659532	78659532	-1
RTL4	chrX	112082965	112458566	112082965	1
RTL5	chrX	72127110	72131915	72131915	-1
RTL6	chr22	44491942	44498404	44498404	-1
RTL8A	chrX	135050932	135052196	135052196	-1
RTL8B	chrX	135020513	135022542	135022542	-1
RTL8C	chrX	135032355	135033546	135032355	1
RTL9	chrX	110358848	110456334	110358848	1
RTN1	chr14	59595976	59870850	59870850	-1
RTN2	chr19	45485292	45497055	45497055	-1
RTN3	chr11	63681444	63759909	63681444	1
RTN4	chr2	54971931	55112621	55112621	-1
RTN4IP1	chr6	106559393	106629503	106629503	-1
RTN4R	chr22	20241415	20283246	20283246	-1
RTN4RL1	chr17	1934677	2025355	2025355	-1
RTN4RL2	chr11	57460484	57477534	57460484	1
RTP1	chr3	187197486	187202504	187197486	1
RTP2	chr3	187698259	187702656	187702656	-1
RTP3	chr3	46494611	46501506	46494611	1
RTP4	chr3	187368368	187372076	187368368	1
RTP5	chr2	241869600	241873823	241869600	1
RTRAF	chr14	51989441	52012737	51989441	1
RTTN	chr18	70003031	70206097	70206097	-1
RUBCN	chr3	197668867	197749727	197749727	-1
RUBCNL	chr13	46334681	46438190	46438190	-1
RUFY1	chr5	179550542	179610015	179550542	1
RUFY2	chr10	68341107	68407381	68407381	-1
RUFY3	chr4	70704204	70808619	70704204	1
RUFY4	chr2	218034960	218090649	218034960	1
RUNDC1	chr17	42980552	42995142	42980552	1
RUNDC3A	chr17	44307945	44318675	44307945	1
RUNDC3B	chr7	87627548	87832298	87627548	1
RUNX1	chr21	34787801	36004667	36004667	-1
RUNX1T1	chr8	91954972	92103414	92103414	-1
RUNX2	chr6	45328157	45664349	45328157	1
RUNX3	chr1	24899511	24965121	24965121	-1
RUSC1	chr1	155320739	155331422	155320739	1
RUSC2	chr9	35489670	35562266	35489670	1
RUSF1	chr16	31489465	31509309	31509309	-1
RUVBL1	chr3	128063024	128153914	128153914	-1
RUVBL2	chr19	48993476	49017868	48993476	1
RWDD1	chr6	116571386	116598204	116571386	1
RWDD2A	chr6	83193337	83198950	83193337	1
RWDD2B	chr21	29003761	29019374	29019374	-1
RWDD3	chr1	95234067	95247691	95234067	1
RWDD4	chr4	183639635	183659203	183659203	-1
RXFP1	chr4	158315311	158653372	158315311	1
RXFP2	chr13	31739526	31803389	31739526	1
RXFP3	chr5	33936386	33938918	33936386	1
RXFP4	chr1	155941638	155943087	155941638	1
RXRA	chr9	134317098	134440585	134317098	1
RXRB	chr6	33193585	33200693	33200693	-1
RXRG	chr1	165400922	165445355	165445355	-1
RXYLT1	chr12	63779807	63809792	63779807	1
RYBP	chr3	72371825	72446621	72446621	-1
RYK	chr3	134065303	134250929	134250929	-1
RYR1	chr19	38433691	38595273	38433691	1
RYR2	chr1	237042184	237833988	237042184	1
RYR3	chr15	33310947	33866121	33310947	1
S100A1	chr1	153608923	153632044	153608923	1
S100A10	chr1	151981697	151993891	151993891	-1
S100A11	chr1	152032504	152047907	152047907	-1
S100A12	chr1	153373703	153375660	153375660	-1
S100A13	chr1	153618612	153634442	153634442	-1
S100A14	chr1	153614255	153616996	153616996	-1
S100A16	chr1	153606882	153614012	153614012	-1
S100A2	chr1	153560950	153586676	153586676	-1
S100A3	chr1	153547329	153550151	153550151	-1
S100A4	chr1	153543613	153552135	153552135	-1
S100A5	chr1	153537147	153543074	153543074	-1
S100A6	chr1	153532726	153536549	153536549	-1
S100A7	chr1	153457742	153460653	153460653	-1
S100A7A	chr1	153416520	153423222	153416520	1
S100A8	chr1	153390018	153422638	153422638	-1
S100A9	chr1	153357767	153361036	153357767	1
S100B	chr21	46598355	46605208	46605208	-1
S100G	chrX	16650158	16654670	16650158	1
S100P	chr4	6693821	6697171	6693821	1
S100PBP	chr1	32816408	32858879	32816408	1
S100Z	chr5	76850001	76936332	76850001	1
S1PR1	chr1	101235366	101243749	101235366	1
S1PR2	chr19	10221433	10231331	10231331	-1
S1PR3	chr9	88990863	89005328	88990863	1
S1PR4	chr19	3172346	3180332	3172346	1
S1PR5	chr19	10512742	10517981	10517981	-1
SAA1	chr11	18266118	18271130	18266118	1
SAA2	chr11	18238236	18248668	18248668	-1
SAA2-SAA4	chr11	18231423	18248635	18248635	-1
SAA4	chr11	18229731	18236860	18236860	-1
SAAL1	chr11	18069935	18106108	18106108	-1
SAC3D1	chr11	65040897	65047320	65040897	1
SACM1L	chr3	45689056	45745425	45689056	1
SACS	chr13	23288689	23433763	23433763	-1
SAE1	chr19	47113274	47210636	47113274	1
SAFB	chr19	5622963	5668478	5622963	1
SAFB2	chr19	5586981	5624046	5624046	-1
SAG	chr2	233307816	233347055	233307816	1
SAGE1	chrX	135890182	135913062	135890182	1
SALL1	chr16	51135841	51152683	51152683	-1
SALL2	chr14	21521080	21537230	21537230	-1
SALL3	chr18	78979419	79002677	78979419	1
SALL4	chr20	51782331	51802578	51802578	-1
SAMD1	chr19	14086762	14091036	14091036	-1
SAMD10	chr20	63973610	63980008	63980008	-1
SAMD11	chr1	923895	944590	923895	1
SAMD12	chr8	118189455	118622112	118622112	-1
SAMD13	chr1	84298366	84389957	84298366	1
SAMD14	chr17	50110040	50130160	50130160	-1
SAMD15	chr14	77376689	77392372	77376689	1
SAMD3	chr6	130144313	130365604	130365604	-1
SAMD4A	chr14	54566117	54793312	54566117	1
SAMD4B	chr19	39342404	39385710	39342404	1
SAMD5	chr6	147508633	147737547	147508633	1
SAMD7	chr3	169911572	169939175	169911572	1
SAMD8	chr10	75099586	75182128	75099586	1
SAMD9	chr7	93099513	93118042	93118042	-1
SAMD9L	chr7	93130056	93148410	93148410	-1
SAMHD1	chr20	36890216	36951893	36951893	-1
SAMM50	chr22	43955399	44010531	43955399	1
SAMSN1	chr21	14485228	14658821	14658821	-1
SAMTOR	chr7	112800369	112939887	112939887	-1
SANBR	chr2	61065871	61138034	61065871	1
SAP130	chr2	127941217	128028124	128028124	-1
SAP18	chr13	21140119	21149452	21140119	1
SAP25	chr7	100572228	100573916	100573916	-1
SAP30	chr4	173369969	173380480	173369969	1
SAP30BP	chr17	75667230	75708062	75667230	1
SAP30L	chr5	154445976	154461053	154445976	1
SAPCD1	chr6	31762656	31764851	31762656	1
SAPCD2	chr9	137062127	137070593	137070593	-1
SAR1A	chr10	70147289	70186284	70186284	-1
SAR1B	chr5	134601149	134649271	134649271	-1
SARAF	chr8	30062853	30083331	30083331	-1
SARDH	chr9	133663528	133739976	133739976	-1
SARM1	chr17	28364356	28404049	28364356	1
SARNP	chr12	55751195	55817912	55817912	-1
SARS1	chr1	109213844	109239456	109213844	1
SARS2	chr19	38915265	38930779	38930779	-1
SART1	chr11	65961681	65980137	65961681	1
SART3	chr12	108522214	108561400	108561400	-1
SASH1	chr6	148272304	148552044	148272304	1
SASH3	chrX	129779901	129795201	129779901	1
SASS6	chr1	100083563	100132955	100132955	-1
SAT1	chrX	23783171	23786210	23783171	1
SAT2	chr17	7626234	7627879	7627879	-1
SATB1	chr3	18345056	18445621	18445621	-1
SATB2	chr2	199268900	199471271	199471271	-1
SATL1	chrX	85092284	85243911	85243911	-1
SAV1	chr14	50626616	50668600	50668600	-1
SAXO1	chr9	18858906	19049358	19049358	-1
SAXO2	chr15	82262745	82284930	82262745	1
SAXO3	chr19	49017968	49020549	49020549	-1
SAXO4	chr11	61481120	61490931	61481120	1
SAXO5	chr19	7492976	7509030	7492976	1
SAYSD1	chr6	39104063	39115193	39115193	-1
SBDS	chr7	66987679	66995693	66995693	-1
SBF1	chr22	50443219	50483923	50483923	-1
SBF2	chr11	9776776	10304877	10304877	-1
SBK1	chr16	28259246	28323849	28259246	1
SBK2	chr19	55528607	55537143	55537143	-1
SBK3	chr19	55539018	55550284	55550284	-1
SBNO1	chr12	123289109	123365220	123365220	-1
SBNO2	chr19	1107634	1174295	1174295	-1
SBSN	chr19	35523367	35528351	35528351	-1
SBSPON	chr8	73061426	73124088	73124088	-1
SC5D	chr11	121292681	121313410	121292681	1
SCAF1	chr19	49640488	49658649	49640488	1
SCAF11	chr12	45919131	45992120	45992120	-1
SCAF4	chr21	31667491	31732184	31732184	-1
SCAF8	chr6	154733378	154843331	154733378	1
SCAI	chr9	124942608	125143582	125143582	-1
SCAMP1	chr5	78360101	78480739	78360101	1
SCAMP2	chr15	74843728	74873374	74873374	-1
SCAMP3	chr1	155255979	155262433	155262433	-1
SCAMP4	chr19	1905214	1926013	1905214	1
SCAMP5	chr15	74957219	75021497	74957219	1
SCAND1	chr20	35953617	35959472	35959472	-1
SCAND3	chr6	28570535	28616212	28616212	-1
SCAP	chr3	47413681	47477126	47477126	-1
SCAPER	chr15	76347904	76905970	76905970	-1
SCARA3	chr8	27633372	27698687	27633372	1
SCARA5	chr8	27869883	27992840	27992840	-1
SCARB1	chr12	124776856	124882668	124882668	-1
SCARB2	chr4	76158723	76234536	76234536	-1
SCARF1	chr17	1633848	1646122	1646122	-1
SCARF2	chr22	20424584	20438332	20438332	-1
SCART1	chr10	133453928	133523558	133453928	1
SCCPDH	chr1	246724064	246768798	246724064	1
SCD	chr10	100346508	100364837	100346508	1
SCD5	chr4	82629539	82799109	82799109	-1
SCEL	chr13	77535605	77646770	77535605	1
SCFD1	chr14	30622262	30738338	30622262	1
SCFD2	chr4	52871918	53366100	53366100	-1
SCG2	chr2	223596092	223602773	223602773	-1
SCG3	chr15	51681439	51721026	51681439	1
SCG5	chr15	32641385	32697613	32641385	1
SCGB1A1	chr11	62405103	62423195	62405103	1
SCGB1C1	chr11	193078	194575	193078	1
SCGB1C2	chr17	137569	139067	137569	1
SCGB1D1	chr11	62190216	62193539	62190216	1
SCGB1D2	chr11	62242210	62244812	62242210	1
SCGB1D4	chr11	62296281	62299075	62299075	-1
SCGB2A1	chr11	62208666	62213943	62208666	1
SCGB2A2	chr11	62270158	62273160	62270158	1
SCGB2B2	chr19	34590644	34677159	34677159	-1
SCGB3A1	chr5	180590105	180591706	180591706	-1
SCGB3A2	chr5	147869800	147882310	147869800	1
SCGN	chr6	25652201	25701792	25652201	1
SCHIP1	chr3	159273244	159897629	159273244	1
SCIMP	chr17	5208915	5234869	5234869	-1
SCIN	chr7	12570577	12660182	12570577	1
SCLT1	chr4	128864921	129093622	129093622	-1
SCLY	chr2	238060876	238099413	238060876	1
SCMH1	chr1	41025400	41242324	41242324	-1
SCML1	chrX	17737115	17754988	17737115	1
SCML2	chrX	18239307	18355149	18355149	-1
SCML4	chr6	107701722	107824328	107824328	-1
SCN10A	chr3	38696802	38816286	38816286	-1
SCN11A	chr3	38845758	39052157	39052157	-1
SCN1A	chr2	165984641	166182806	166182806	-1
SCN1B	chr19	35030444	35040455	35030444	1
SCN2A	chr2	165194993	165392310	165194993	1
SCN2B	chr11	118162806	118176653	118176653	-1
SCN3A	chr2	165087516	165204093	165204093	-1
SCN3B	chr11	123629187	123655244	123655244	-1
SCN4A	chr17	63938554	63972918	63972918	-1
SCN4B	chr11	118133377	118152906	118152906	-1
SCN5A	chr3	38548057	38649743	38649743	-1
SCN7A	chr2	166403472	166611482	166611482	-1
SCN8A	chr12	51590266	51812864	51590266	1
SCN9A	chr2	166195185	166376001	166376001	-1
SCNM1	chr1	151156664	151179006	151156664	1
SCNN1A	chr12	6345124	6383917	6383917	-1
SCNN1B	chr16	23278231	23381299	23278231	1
SCNN1D	chr1	1280436	1292029	1280436	1
SCNN1G	chr16	23182677	23216883	23182677	1
SCO1	chr17	10672474	10698375	10698375	-1
SCO2	chr22	50523564	50526461	50526461	-1
SCOC	chr4	140257206	140385728	140257206	1
SCP2	chr1	52927255	53051708	52927255	1
SCP2D1	chr20	18813783	18814378	18813783	1
SCPEP1	chr17	56978107	57006785	56978107	1
SCPPPQ1	chr4	87460802	87471050	87471050	-1
SCRG1	chr4	173384701	173416521	173416521	-1
SCRIB	chr8	143790920	143815792	143815792	-1
SCRN1	chr7	29920103	29990289	29990289	-1
SCRN2	chr17	47837683	47842125	47842125	-1
SCRN3	chr2	174395724	174432340	174395724	1
SCRT1	chr8	144330565	144336503	144336503	-1
SCRT2	chr20	661596	675802	675802	-1
SCT	chr11	626309	627236	627236	-1
SCTR	chr2	119439839	119525301	119525301	-1
SCUBE1	chr22	43197280	43343379	43343379	-1
SCUBE2	chr11	9019476	9138114	9138114	-1
SCUBE3	chr6	35213859	35253080	35213859	1
SCX	chr8	144266446	144268481	144266446	1
SCYGR1	chr2	227387683	227387949	227387949	-1
SCYGR10	chr2	227608784	227609101	227608784	1
SCYGR2	chr2	227598893	227599255	227598893	1
SCYGR3	chr2	227614538	227614840	227614840	-1
SCYGR4	chr2	227617498	227617815	227617498	1
SCYGR5	chr2	227666804	227667061	227666804	1
SCYGR6	chr2	227724440	227724757	227724757	-1
SCYGR7	chr2	227728335	227728625	227728335	1
SCYGR8	chr2	227745894	227746220	227745894	1
SCYL1	chr11	65525044	65538711	65525044	1
SCYL2	chr12	100266830	100341993	100266830	1
SCYL3	chr1	169816039	169894267	169894267	-1
SDAD1	chr4	75940950	75990962	75990962	-1
SDC1	chr2	20200796	20225512	20225512	-1
SDC2	chr8	96493410	96613465	96493410	1
SDC3	chr1	30869466	30908813	30908813	-1
SDC4	chr20	45325288	45348433	45348433	-1
SDCBP	chr8	58552924	58584380	58552924	1
SDCBP2	chr20	1309909	1329211	1329211	-1
SDCCAG8	chr1	243255349	243517961	243255349	1
SDE2	chr1	225982693	225999385	225999385	-1
SDF2	chr17	28648346	28662189	28662189	-1
SDF2L1	chr22	21642261	21644299	21642261	1
SDF4	chr1	1216887	1240964	1240964	-1
SDHA	chr5	218206	257084	218206	1
SDHAF1	chr19	35995188	35996312	35995188	1
SDHAF2	chr11	61430032	61473614	61430032	1
SDHAF3	chr7	97117677	97181765	97117677	1
SDHAF4	chr6	70566909	70598427	70566909	1
SDHB	chr1	17018664	17054210	17054210	-1
SDHC	chr1	161314352	161363774	161314352	1
SDHD	chr11	112086361	112120016	112086361	1
SDK1	chr7	3301252	4269000	3301252	1
SDK2	chr17	73334384	73645257	73645257	-1
SDR16C5	chr8	56300005	56320776	56320776	-1
SDR39U1	chr14	24439651	24442905	24442905	-1
SDR42E1	chr16	81988855	82011500	82011500	-1
SDR42E2	chr16	22162492	22192208	22162492	1
SDR9C7	chr12	56923133	56934408	56934408	-1
SDS	chr12	113392423	113426301	113426301	-1
SDSL	chr12	113409798	113438395	113409798	1
SEBOX	chr17	28363506	28365199	28365199	-1
SEC11A	chr15	84669529	84716466	84716466	-1
SEC11C	chr18	59139470	59158850	59139470	1
SEC13	chr3	10293131	10321207	10321207	-1
SEC14L1	chr17	77088749	77217101	77088749	1
SEC14L2	chr22	30396941	30425303	30396941	1
SEC14L3	chr22	30447959	30472056	30472056	-1
SEC14L4	chr22	30488890	30505725	30505725	-1
SEC14L5	chr16	4958290	5019157	4958290	1
SEC14L6	chr22	30522799	30546741	30546741	-1
SEC16A	chr9	136440096	136483843	136483843	-1
SEC16B	chr1	177923699	177984303	177984303	-1
SEC22A	chr3	123201859	123275509	123201859	1
SEC22B	chr1	120150898	120176533	120176533	-1
SEC22C	chr3	42546350	42601300	42601300	-1
SEC23A	chr14	39031917	39109646	39109646	-1
SEC23B	chr20	18507520	18561422	18507520	1
SEC23IP	chr10	119892593	119944657	119892593	1
SEC24A	chr5	134648587	134727911	134648587	1
SEC24B	chr4	109433602	109540896	109433602	1
SEC24C	chr10	73744348	73772173	73744348	1
SEC24D	chr4	118722572	118838683	118838683	-1
SEC31A	chr4	82817500	82901166	82901166	-1
SEC31B	chr10	100484998	100519892	100519892	-1
SEC61A1	chr3	128051641	128071705	128051641	1
SEC61A2	chr10	12129637	12169961	12129637	1
SEC61B	chr9	99222064	99230696	99222064	1
SEC61G	chr7	54752136	54759974	54759974	-1
SEC62	chr3	169966635	169998373	169966635	1
SEC63	chr6	107867756	107958311	107958311	-1
SECISBP2	chr9	89318460	89367116	89318460	1
SECISBP2L	chr15	48988476	49046568	49046568	-1
SECTM1	chr17	82321024	82335518	82335518	-1
SEH1L	chr18	12947133	12987713	12947133	1
SEL1L	chr14	81471547	81533882	81533882	-1
SEL1L2	chr20	13849247	13996443	13996443	-1
SEL1L3	chr4	25713965	25863760	25863760	-1
SELE	chr1	169722640	169764705	169764705	-1
SELENBP1	chr1	151364157	151372716	151372716	-1
SELENOF	chr1	86861214	86914424	86914424	-1
SELENOH	chr11	57741491	57743554	57741491	1
SELENOI	chr2	26308547	26395885	26308547	1
SELENOK	chr3	53883496	53891885	53891885	-1
SELENOM	chr22	31104772	31120069	31120069	-1
SELENON	chr1	25800180	25818221	25800180	1
SELENOO	chr22	50200994	50217616	50200994	1
SELENOP	chr5	42795418	42887392	42887392	-1
SELENOS	chr15	101270329	101277500	101277500	-1
SELENOT	chr3	150602875	150631370	150602875	1
SELENOV	chr19	39515139	39520675	39515139	1
SELENOW	chr19	47778508	47784686	47778508	1
SELL	chr1	169690665	169712202	169712202	-1
SELP	chr1	169588421	169630193	169630193	-1
SELPLG	chr12	108620413	108633894	108633894	-1
SEM1	chr7	96481626	96709893	96709893	-1
SEMA3A	chr7	83902491	84492939	84492939	-1
SEMA3B	chr3	50267507	50277573	50267507	1
SEMA3C	chr7	80742538	80922393	80922393	-1
SEMA3D	chr7	84995193	85187068	85187068	-1
SEMA3E	chr7	83363238	83649188	83649188	-1
SEMA3F	chr3	50155012	50189075	50155012	1
SEMA3G	chr3	52433035	52445103	52445103	-1
SEMA4A	chr1	156147366	156178869	156147366	1
SEMA4B	chr15	90160604	90229679	90160604	1
SEMA4C	chr2	96859718	96873840	96873840	-1
SEMA4D	chr9	89360781	89498201	89498201	-1
SEMA4F	chr2	74654226	74707584	74654226	1
SEMA4G	chr10	100969493	100985871	100969493	1
SEMA5A	chr5	9035033	9546142	9546142	-1
SEMA5B	chr3	122908722	123028605	123028605	-1
SEMA6A	chr5	116443555	116576161	116576161	-1
SEMA6B	chr19	4542588	4581795	4581795	-1
SEMA6C	chr1	151131685	151147813	151147813	-1
SEMA6D	chr15	47184079	47774228	47184079	1
SEMA7A	chr15	74409289	74433965	74433965	-1
SEMG1	chr20	45206973	45210605	45206973	1
SEMG2	chr20	45221373	45224462	45221373	1
SENP1	chr12	48039784	48106316	48106316	-1
SENP2	chr3	185582496	185633551	185582496	1
SENP3	chr17	7561867	7571969	7561867	1
SENP3-EIF4A1	chr17	7563287	7578715	7563287	1
SENP5	chr3	196867856	196934718	196867856	1
SENP6	chr6	75601509	75718281	75601509	1
SENP7	chr3	101324205	101513241	101513241	-1
SENP8	chr15	72114258	72143692	72114258	1
SEPHS1	chr10	13317425	13348596	13348596	-1
SEPHS2	chr16	30443631	30445874	30445874	-1
SEPSECS	chr4	25119291	25160550	25160550	-1
SEPTIN1	chr16	30378135	30395991	30395991	-1
SEPTIN10	chr2	109542703	109614221	109614221	-1
SEPTIN11	chr4	76949700	77040942	76949700	1
SEPTIN12	chr16	4777606	4788398	4788398	-1
SEPTIN14	chr7	55793540	55862755	55862755	-1
SEPTIN2	chr2	241314923	241354030	241314923	1
SEPTIN3	chr22	41969443	41998221	41969443	1
SEPTIN4	chr17	58519969	58544368	58544368	-1
SEPTIN5	chr22	19714117	19724781	19714117	1
SEPTIN6	chrX	119615724	119694346	119694346	-1
SEPTIN7	chr7	35800932	35907110	35800932	1
SEPTIN8	chr5	132750138	132807241	132807241	-1
SEPTIN9	chr17	77280569	77500596	77280569	1
SERAC1	chr6	158109515	158168295	158168295	-1
SERBP1	chr1	67406389	67430418	67430418	-1
SERF1A	chr5	70900669	70918530	70900669	1
SERF1B	chr5	70025241	70043113	70025241	1
SERF2	chr15	43777087	43796089	43777087	1
SERGEF	chr11	17788043	18013199	18013199	-1
SERHL2	chr22	42553617	42574387	42553617	1
SERINC1	chr6	122443348	122471854	122471854	-1
SERINC2	chr1	31409565	31434680	31409565	1
SERINC3	chr20	44494494	44522110	44522110	-1
SERINC4	chr15	43794162	43800523	43800523	-1
SERINC5	chr5	80111221	80256088	80256088	-1
SERP1	chr3	150518545	150603228	150603228	-1
SERP2	chr13	44372086	44397716	44372086	1
SERPINA1	chr14	94376745	94391024	94391024	-1
SERPINA10	chr14	94278767	94293320	94293320	-1
SERPINA11	chr14	94440599	94452828	94452828	-1
SERPINA12	chr14	94487274	94517844	94517844	-1
SERPINA2	chr14	94364316	94366698	94366698	-1
SERPINA3	chr14	94598861	94627000	94598861	1
SERPINA4	chr14	94561390	94570995	94561390	1
SERPINA5	chr14	94561399	94597042	94561399	1
SERPINA6	chr14	94304245	94323401	94323401	-1
SERPINA7	chrX	106015189	106038778	106038778	-1
SERPINA9	chr14	94462717	94481125	94481125	-1
SERPINB1	chr6	2832332	2842035	2842035	-1
SERPINB10	chr18	63907958	63936111	63907958	1
SERPINB11	chr18	63647579	63726432	63647579	1
SERPINB12	chr18	63542369	63569329	63542369	1
SERPINB13	chr18	63586654	63604639	63586654	1
SERPINB2	chr18	63871692	63903888	63871692	1
SERPINB3	chr18	63652584	63661893	63661893	-1
SERPINB4	chr18	63637259	63644263	63644263	-1
SERPINB5	chr18	63476817	63505085	63476817	1
SERPINB6	chr6	2944468	2972375	2972375	-1
SERPINB7	chr18	63752935	63805376	63752935	1
SERPINB8	chr18	63970029	64019965	63970029	1
SERPINB9	chr6	2887169	2903318	2903318	-1
SERPINC1	chr1	173903414	173917543	173917543	-1
SERPIND1	chr22	20774092	20787721	20774092	1
SERPINE1	chr7	101122158	101139263	101122158	1
SERPINE2	chr2	223975045	224039688	224039688	-1
SERPINE3	chr13	51335773	51364735	51335773	1
SERPINF1	chr17	1761958	1777627	1761958	1
SERPINF2	chr17	1742069	1755271	1742069	1
SERPING1	chr11	57597387	57619246	57597387	1
SERPINH1	chr11	75561564	75575646	75561564	1
SERPINI1	chr3	167735065	167828461	167735065	1
SERPINI2	chr3	167438967	167478972	167478972	-1
SERTAD1	chr19	40421589	40426001	40426001	-1
SERTAD2	chr2	64631621	64751005	64751005	-1
SERTAD3	chr19	40440642	40445114	40445114	-1
SERTAD4	chr1	210232572	210247734	210232572	1
SERTM1	chr13	36673798	36698457	36673798	1
SERTM2	chrX	111511645	111522473	111511645	1
SESN1	chr6	108984309	109095097	109095097	-1
SESN2	chr1	28259473	28282491	28259473	1
SESN3	chr11	95165513	95232541	95232541	-1
SESTD1	chr2	179101678	179265200	179265200	-1
SET	chr9	128683424	128696400	128683424	1
SETBP1	chr18	44680066	45068510	44680066	1
SETD1A	chr16	30957294	30984664	30957294	1
SETD1B	chr12	121803858	121832656	121803858	1
SETD2	chr3	47016428	47164148	47164148	-1
SETD3	chr14	99395061	99480927	99480927	-1
SETD4	chr21	36034534	36079389	36079389	-1
SETD5	chr3	9397609	9479240	9397609	1
SETD6	chr16	58515479	58523842	58515479	1
SETD7	chr4	139492974	139606699	139606699	-1
SETD9	chr5	56909260	56926521	56909260	1
SETDB1	chr1	150926263	150964748	150926263	1
SETDB2	chr13	49443794	49495003	49443794	1
SETMAR	chr3	4303304	4321454	4303304	1
SETSIP	chr1	92074533	92075411	92075411	-1
SETX	chr9	132261356	132355117	132355117	-1
SEZ6	chr17	28954901	29006440	29006440	-1
SEZ6L	chr22	26169120	26383597	26169120	1
SEZ6L2	chr16	29871159	29899582	29899582	-1
SF1	chr11	64764605	64778802	64778802	-1
SF3A1	chr22	30331988	30356919	30356919	-1
SF3A2	chr19	2236813	2248677	2236813	1
SF3A3	chr1	37956975	37990681	37990681	-1
SF3B1	chr2	197388515	197435079	197435079	-1
SF3B2	chr11	66050729	66069308	66050729	1
SF3B3	chr16	70523782	70577670	70523782	1
SF3B4	chr1	149923317	149928268	149928268	-1
SF3B5	chr6	144094884	144095573	144095573	-1
SF3B6	chr2	24066654	24076476	24076476	-1
SFI1	chr22	31488688	31618588	31488688	1
SFMBT1	chr3	52903345	53046750	53046750	-1
SFMBT2	chr10	7158624	7411497	7411497	-1
SFN	chr1	26863149	26864456	26863149	1
SFPQ	chr1	35176378	35193446	35193446	-1
SFR1	chr10	104122058	104126385	104122058	1
SFRP1	chr8	41261956	41309511	41309511	-1
SFRP2	chr4	153780544	153791620	153791620	-1
SFRP4	chr7	37903004	38025695	38025695	-1
SFRP5	chr10	97766751	97772287	97772287	-1
SFSWAP	chr12	131711079	131799738	131711079	1
SFT2D1	chr6	166319724	166342610	166342610	-1
SFT2D2	chr1	168225938	168263172	168225938	1
SFT2D3	chr2	127701497	127705242	127701497	1
SFTA2	chr6	30931353	30955636	30955636	-1
SFTA3	chr14	36473207	36521149	36521149	-1
SFTPA1	chr10	79559387	79649708	79559387	1
SFTPA2	chr10	79555761	79611921	79611921	-1
SFTPB	chr2	85655154	85668741	85668741	-1
SFTPC	chr8	22156913	22164479	22156913	1
SFTPD	chr10	79936423	79983996	79983996	-1
SFXN1	chr5	175477062	175530177	175477062	1
SFXN2	chr10	102714476	102743492	102714476	1
SFXN3	chr10	101031229	101041244	101031229	1
SFXN4	chr10	119120955	119165724	119165724	-1
SFXN5	chr2	72939248	73075619	73075619	-1
SGCA	chr17	50164214	50175935	50164214	1
SGCB	chr4	52020697	52038305	52038305	-1
SGCD	chr5	155870344	156767788	155870344	1
SGCE	chr7	94524204	94656572	94656572	-1
SGCG	chr13	23160011	23325958	23160011	1
SGCZ	chr8	14084845	15238436	15238436	-1
SGF29	chr16	28538176	28591792	28538176	1
SGIP1	chr1	66533267	66751139	66533267	1
SGK1	chr6	134169248	134318117	134318117	-1
SGK2	chr20	43558968	43588237	43558968	1
SGK3	chr8	66712484	66862022	66712484	1
SGMS1	chr10	50305586	50625189	50625189	-1
SGMS2	chr4	107824563	107915047	107824563	1
SGO1	chr3	20155363	20186800	20186800	-1
SGO2	chr2	200510008	200584096	200510008	1
SGPL1	chr10	70815899	70958721	70815899	1
SGPP1	chr14	63684201	63728336	63728336	-1
SGPP2	chr2	222423982	222650897	222423982	1
SGSH	chr17	80206716	80220928	80220928	-1
SGSM1	chr22	24806067	24932150	24806067	1
SGSM2	chr17	2337488	2381058	2337488	1
SGSM3	chr22	40370564	40410837	40370564	1
SGTA	chr19	2754711	2783390	2783390	-1
SGTB	chr5	65665928	65723035	65723035	-1
SH2B1	chr16	28846584	28875103	28846584	1
SH2B2	chr7	102284995	102321712	102284995	1
SH2B3	chr12	111404986	111451623	111404986	1
SH2D1A	chrX	124227868	124373197	124227868	1
SH2D1B	chr1	162395164	162412138	162412138	-1
SH2D2A	chr1	156806235	156817014	156817014	-1
SH2D3A	chr19	6751899	6768109	6768109	-1
SH2D3C	chr9	127738317	127778771	127778771	-1
SH2D4A	chr8	19313312	19406660	19313312	1
SH2D4B	chr10	80537902	80646560	80537902	1
SH2D5	chr1	20719724	20732837	20732837	-1
SH2D6	chr2	85418714	85437029	85418714	1
SH2D7	chr15	78077808	78104370	78077808	1
SH3BGR	chr21	39445855	39515519	39445855	1
SH3BGRL	chrX	81201852	81298872	81201852	1
SH3BGRL2	chr6	79537185	79703655	79537185	1
SH3BGRL3	chr1	26279128	26281522	26279128	1
SH3BP1	chr22	37634654	37656117	37634654	1
SH3BP2	chr4	2793015	2841291	2793015	1
SH3BP4	chr2	234951950	235055714	234951950	1
SH3BP5	chr3	15254254	15341368	15341368	-1
SH3BP5L	chr1	248810446	248826522	248826522	-1
SH3D19	chr4	151102751	151409365	151409365	-1
SH3D21	chr1	36306314	36329340	36306314	1
SH3GL1	chr19	4360367	4400573	4400573	-1
SH3GL2	chr9	17579060	17797129	17579060	1
SH3GL3	chr15	83447228	83618747	83447228	1
SH3GLB1	chr1	86704510	86748184	86704510	1
SH3GLB2	chr9	128992788	129028369	129028369	-1
SH3KBP1	chrX	19533966	19887650	19887650	-1
SH3PXD2A	chr10	103594027	103855773	103855773	-1
SH3PXD2B	chr5	172323171	172454536	172454536	-1
SH3RF1	chr4	169094259	169271185	169271185	-1
SH3RF2	chr5	145936425	146085976	145936425	1
SH3RF3	chr2	109128228	109504638	109128228	1
SH3TC1	chr4	8181940	8241803	8181940	1
SH3TC2	chr5	148923639	149063163	149063163	-1
SH3YL1	chr2	217278	266398	266398	-1
SHANK1	chr19	50659255	50719802	50719802	-1
SHANK2	chr11	70467805	71252844	71252844	-1
SHANK3	chr22	50674408	50733212	50674408	1
SHARPIN	chr8	144097513	144108124	144108124	-1
SHB	chr9	37915349	38069270	38069270	-1
SHBG	chr17	7613946	7633469	7613946	1
SHC1	chr1	154962284	154974452	154974452	-1
SHC2	chr19	416315	461100	461100	-1
SHC3	chr9	89005771	89180070	89180070	-1
SHC4	chr15	48823741	48963925	48963925	-1
SHCBP1	chr16	46578565	46621404	46621404	-1
SHCBP1L	chr1	182899865	182953525	182953525	-1
SHD	chr19	4279013	4290728	4279013	1
SHE	chr1	154469637	154502866	154502866	-1
SHF	chr15	45165572	45201175	45201175	-1
SHFL	chr19	10086017	10093252	10086017	1
SHH	chr7	155799980	155812463	155812463	-1
SHISA2	chr13	26044497	26052023	26052023	-1
SHISA3	chr4	42397348	42402487	42397348	1
SHISA4	chr1	201888675	201893072	201888675	1
SHISA5	chr3	48464205	48504826	48504826	-1
SHISA6	chr17	11240538	11564063	11240538	1
SHISA7	chr19	55428740	55452900	55452900	-1
SHISA8	chr22	41906316	41915129	41915129	-1
SHISA9	chr16	12901592	13240416	12901592	1
SHISAL1	chr22	44243665	44332009	44332009	-1
SHISAL2A	chr1	52633168	52670143	52633168	1
SHISAL2B	chr5	64690194	64718192	64690194	1
SHKBP1	chr19	40576844	40591399	40576844	1
SHLD1	chr20	5750334	5865795	5750334	1
SHLD2	chr10	87094006	87191478	87094006	1
SHLD3	chr5	65624733	65631064	65624733	1
SHMT1	chr17	18327686	18363562	18363562	-1
SHMT2	chr12	57226554	57234935	57226554	1
SHOC1	chr9	111686171	111795008	111795008	-1
SHOC2	chr10	110917932	111017314	110917932	1
SHOX	chrX	624344	659411	624344	1
SHOX2	chr3	158095905	158106420	158106420	-1
SHPK	chr17	3607433	3636637	3636637	-1
SHPRH	chr6	145863881	145964449	145964449	-1
SHQ1	chr3	72749275	72861914	72861914	-1
SHROOM1	chr5	132821271	132830924	132830924	-1
SHROOM2	chrX	9786378	9949443	9786378	1
SHROOM3	chr4	76435158	76783253	76435158	1
SHROOM4	chrX	50586796	50814316	50814316	-1
SHTN1	chr10	116881477	117126586	117126586	-1
SI	chr3	164978898	165078496	165078496	-1
SIAE	chr11	124633113	124695707	124695707	-1
SIAH1	chr16	48356364	48448402	48448402	-1
SIAH2	chr3	150741125	150763496	150763496	-1
SIAH3	chr13	45777242	45851767	45851767	-1
SIDT1	chr3	113532400	113629714	113532400	1
SIDT2	chr11	117178730	117197452	117178730	1
SIGIRR	chr11	405711	417473	417473	-1
SIGLEC1	chr20	3686970	3712647	3712647	-1
SIGLEC10	chr19	51410020	51417858	51417858	-1
SIGLEC11	chr19	49948910	49961172	49961172	-1
SIGLEC12	chr19	51491227	51501800	51501800	-1
SIGLEC14	chr19	51639478	51646825	51646825	-1
SIGLEC15	chr18	45825675	45844218	45825675	1
SIGLEC16	chr19	49969600	49975819	49969600	1
SIGLEC5	chr19	51610948	51630401	51630401	-1
SIGLEC6	chr19	51516902	51531856	51531856	-1
SIGLEC7	chr19	51142288	51153702	51142288	1
SIGLEC8	chr19	51450847	51458474	51458474	-1
SIGLEC9	chr19	51124871	51141053	51124871	1
SIGLECL1	chr19	51246348	51269330	51246348	1
SIGMAR1	chr9	34631716	34637844	34637844	-1
SIK1	chr21	43414483	43427137	43427137	-1
SIK2	chr11	111602383	111730855	111602383	1
SIK3	chr11	116843402	117098463	117098463	-1
SIKE1	chr1	114769479	114780706	114780706	-1
SIL1	chr5	138886914	139293557	139293557	-1
SIM1	chr6	100385009	100464946	100464946	-1
SIM2	chr21	36699104	36751135	36699104	1
SIMC1	chr5	176238364	176346137	176238364	1
SIN3A	chr15	75369379	75455842	75455842	-1
SIN3B	chr19	16829387	16880355	16829387	1
SINHCAF	chr12	31280423	31327058	31327058	-1
SIPA1	chr11	65638086	65650930	65638086	1
SIPA1L1	chr14	71320277	71741230	71320277	1
SIPA1L2	chr1	232397620	232631404	232631404	-1
SIPA1L3	chr19	37907200	38208369	37907200	1
SIRPA	chr20	1892726	1940592	1892726	1
SIRPB1	chr20	1561385	1620061	1620061	-1
SIRPB2	chr20	1470741	1491587	1491587	-1
SIRPD	chr20	1534251	1557705	1557705	-1
SIRPG	chr20	1629152	1657779	1657779	-1
SIRT1	chr10	67884647	67918392	67884647	1
SIRT2	chr19	38878555	38900501	38900501	-1
SIRT3	chr11	215026	236931	236931	-1
SIRT4	chr12	120292162	120313249	120292162	1
SIRT5	chr6	13512411	13615158	13512411	1
SIRT6	chr19	4174104	4182604	4182604	-1
SIRT7	chr17	81911939	81921323	81921323	-1
SIT1	chr9	35649288	35650970	35650970	-1
SIVA1	chr14	104753122	104768494	104753122	1
SIX1	chr14	60643421	60658259	60658259	-1
SIX2	chr2	45005182	45009520	45009520	-1
SIX3	chr2	44941696	44946071	44941696	1
SIX4	chr14	60709539	60724362	60724362	-1
SIX5	chr19	45764767	45769252	45769252	-1
SIX6	chr14	60509146	60512850	60509146	1
SKA1	chr18	50374996	50394176	50374996	1
SKA2	chr17	59109857	59155260	59155260	-1
SKA3	chr13	21152061	21176605	21176605	-1
SKAP1	chr17	48133433	48430275	48430275	-1
SKAP2	chr7	26667003	26995239	26995239	-1
SKI	chr1	2227388	2310213	2227388	1
SKIC2	chr6	31959025	31969852	31959025	1
SKIC3	chr5	95461755	95555050	95555050	-1
SKIC8	chr15	78269375	78306573	78306573	-1
SKIDA1	chr10	21513475	21526368	21526368	-1
SKIL	chr3	170357287	170396848	170357287	1
SKOR1	chr15	67819704	67834582	67819704	1
SKOR2	chr18	47206056	47251660	47251660	-1
SKP1	chr5	134145693	134177911	134177911	-1
SKP2	chr5	36151989	36196849	36151989	1
SLA	chr8	133035385	133129216	133129216	-1
SLA2	chr20	36612318	36646219	36646219	-1
SLAIN1	chr13	77697687	77764614	77697687	1
SLAIN2	chr4	48341375	48426201	48341375	1
SLAMF1	chr1	160608100	160647056	160647056	-1
SLAMF6	chr1	160484817	160523273	160523273	-1
SLAMF7	chr1	160739057	160754821	160739057	1
SLAMF8	chr1	159826682	159837492	159826682	1
SLAMF9	chr1	159951492	159954237	159954237	-1
SLBP	chr4	1692731	1712344	1712344	-1
SLC10A1	chr14	69768055	69797665	69797665	-1
SLC10A2	chr13	103043998	103066417	103066417	-1
SLC10A3	chrX	154487306	154490690	154490690	-1
SLC10A4	chr4	48483131	48489526	48483131	1
SLC10A5	chr8	81693631	81695058	81695058	-1
SLC10A6	chr4	86823468	86849389	86849389	-1
SLC10A7	chr4	146253975	146522372	146522372	-1
SLC11A1	chr2	218382006	218396906	218382006	1
SLC11A2	chr12	50952060	51028566	51028566	-1
SLC12A1	chr15	48178392	48304078	48178392	1
SLC12A2	chr5	128083165	128189687	128083165	1
SLC12A3	chr16	56865203	56915850	56865203	1
SLC12A4	chr16	67943474	67969601	67969601	-1
SLC12A5	chr20	46021675	46060150	46021675	1
SLC12A6	chr15	34229784	34338060	34338060	-1
SLC12A7	chr5	1050384	1156237	1156237	-1
SLC12A8	chr3	125082636	125213229	125213229	-1
SLC12A9	chr7	100826820	100867017	100826820	1
SLC13A1	chr7	123113531	123200047	123200047	-1
SLC13A2	chr17	28473275	28497782	28473275	1
SLC13A3	chr20	46557823	46684467	46684467	-1
SLC13A4	chr7	135681231	135729258	135729258	-1
SLC13A5	chr17	6684715	6713377	6713377	-1
SLC14A1	chr18	45687025	45752521	45687025	1
SLC14A2	chr18	45212995	45683688	45212995	1
SLC15A1	chr13	98683693	98752880	98752880	-1
SLC15A2	chr3	121894355	121944188	121894355	1
SLC15A3	chr11	60937060	60952653	60952653	-1
SLC15A4	chr12	128793193	128824039	128824039	-1
SLC15A5	chr12	16188485	16277685	16277685	-1
SLC16A1	chr1	112904043	112957593	112957593	-1
SLC16A10	chr6	111087445	111258090	111087445	1
SLC16A11	chr17	7041605	7044092	7044092	-1
SLC16A12	chr10	89430174	89556701	89556701	-1
SLC16A13	chr17	7035981	7041031	7035981	1
SLC16A14	chr2	230034974	230069004	230069004	-1
SLC16A2	chrX	74421383	74534693	74421383	1
SLC16A3	chr17	82217878	82261176	82217878	1
SLC16A4	chr1	110362847	110391082	110391082	-1
SLC16A5	chr17	75077226	75107420	75077226	1
SLC16A6	chr17	68267026	68291267	68291267	-1
SLC16A7	chr12	59595952	59789855	59595952	1
SLC16A8	chr22	38078134	38084186	38084186	-1
SLC16A9	chr10	59649270	59736002	59736002	-1
SLC17A1	chr6	25781532	25832067	25832067	-1
SLC17A2	chr6	25906892	25930815	25930815	-1
SLC17A3	chr6	25833066	25882478	25882478	-1
SLC17A4	chr6	25753300	25783316	25753300	1
SLC17A5	chr6	73593364	73654106	73654106	-1
SLC17A6	chr11	22337853	22379503	22337853	1
SLC17A7	chr19	49429399	49443197	49443197	-1
SLC17A8	chr12	100356842	100422055	100356842	1
SLC17A9	chr20	62952645	62969588	62952645	1
SLC18A1	chr8	20144186	20183206	20183206	-1
SLC18A2	chr10	117240830	117279431	117240830	1
SLC18A3	chr10	49610310	49612720	49610310	1
SLC18B1	chr6	132769370	132813339	132813339	-1
SLC19A1	chr21	45493572	45573564	45573564	-1
SLC19A2	chr1	169463539	169485988	169485988	-1
SLC19A3	chr2	227683763	227718088	227718088	-1
SLC1A1	chr9	4490207	4587469	4490207	1
SLC1A2	chr11	35251205	35420063	35420063	-1
SLC1A3	chr5	36596584	36688335	36596584	1
SLC1A4	chr2	64988477	65023865	64988477	1
SLC1A5	chr19	46758394	46788617	46788617	-1
SLC1A6	chr19	14950024	15022990	15022990	-1
SLC1A7	chr1	53087179	53142638	53142638	-1
SLC20A1	chr2	112645853	112664727	112645853	1
SLC20A2	chr8	42416449	42542530	42542530	-1
SLC22A1	chr6	160121372	160160590	160121372	1
SLC22A10	chr11	63268022	63311874	63268022	1
SLC22A11	chr11	64555632	64572875	64555632	1
SLC22A12	chr11	64590641	64602353	64590641	1
SLC22A13	chr3	38265812	38278757	38265812	1
SLC22A14	chr3	38282294	38318575	38282294	1
SLC22A15	chr1	115976310	116072747	115976310	1
SLC22A16	chr6	110424687	110476681	110476681	-1
SLC22A17	chr14	23346314	23352912	23352912	-1
SLC22A2	chr6	160171061	160277638	160277638	-1
SLC22A23	chr6	3268962	3457100	3457100	-1
SLC22A24	chr11	63077406	63144221	63144221	-1
SLC22A25	chr11	63158437	63243788	63243788	-1
SLC22A3	chr6	160348316	160455027	160348316	1
SLC22A31	chr16	89195458	89201692	89201692	-1
SLC22A4	chr5	132293737	132344206	132293737	1
SLC22A5	chr5	132369493	132395615	132369493	1
SLC22A6	chr11	62936385	62984973	62984973	-1
SLC22A7	chr6	43295694	43305543	43295694	1
SLC22A8	chr11	62989154	63017561	63017561	-1
SLC22A9	chr11	63369217	63411798	63369217	1
SLC23A1	chr5	139366642	139385495	139385495	-1
SLC23A2	chr20	4851729	5010313	5010313	-1
SLC23A3	chr2	219161465	219170095	219170095	-1
SLC24A1	chr15	65611366	65662034	65611366	1
SLC24A2	chr9	19507452	19789224	19789224	-1
SLC24A3	chr20	19212495	19724784	19212495	1
SLC24A4	chr14	92322581	92501481	92322581	1
SLC24A5	chr15	48120990	48142698	48120990	1
SLC25A1	chr22	19175573	19178863	19178863	-1
SLC25A10	chr17	81711951	81721969	81711951	1
SLC25A11	chr17	4934570	4940156	4940156	-1
SLC25A12	chr2	171781168	171999859	171999859	-1
SLC25A13	chr7	96120218	96322181	96322181	-1
SLC25A14	chrX	130339886	130373453	130339886	1
SLC25A15	chr13	40789409	40812460	40789409	1
SLC25A16	chr10	68473079	68527539	68527539	-1
SLC25A17	chr22	40769630	40819402	40819402	-1
SLC25A18	chr22	17562670	17591927	17562670	1
SLC25A19	chr17	75272012	75289968	75289968	-1
SLC25A2	chr5	141302635	141304049	141304049	-1
SLC25A20	chr3	48856926	48898993	48898993	-1
SLC25A21	chr14	36677921	37172743	37172743	-1
SLC25A22	chr11	790474	798321	798321	-1
SLC25A23	chr19	6436068	6465203	6465203	-1
SLC25A24	chr1	108128729	108200877	108200877	-1
SLC25A25	chr9	128068169	128109245	128068169	1
SLC25A26	chr3	66133610	66388116	66133610	1
SLC25A27	chr6	46652915	46678190	46652915	1
SLC25A28	chr10	99610509	99622793	99622793	-1
SLC25A29	chr14	100291116	100306547	100306547	-1
SLC25A3	chr12	98574411	98606379	98574411	1
SLC25A30	chr13	45393316	45434697	45434697	-1
SLC25A31	chr4	127730400	127774292	127730400	1
SLC25A32	chr8	103398635	103415189	103415189	-1
SLC25A33	chr1	9539437	9585173	9539437	1
SLC25A34	chr1	15736176	15741392	15736176	1
SLC25A35	chr17	8287762	8295410	8295410	-1
SLC25A36	chr3	140941797	140980995	140941797	1
SLC25A37	chr8	23528859	23654350	23528859	1
SLC25A38	chr3	39383292	39397426	39383292	1
SLC25A39	chr17	44316821	44326639	44326639	-1
SLC25A4	chr4	185143233	185150393	185143233	1
SLC25A40	chr7	87833561	87876404	87876404	-1
SLC25A41	chr19	6426037	6433779	6433779	-1
SLC25A42	chr19	19061697	19113030	19061697	1
SLC25A43	chrX	119399295	119454478	119399295	1
SLC25A44	chr1	156193932	156212796	156193932	1
SLC25A45	chr11	65375186	65384550	65384550	-1
SLC25A46	chr5	110738136	110765173	110738136	1
SLC25A47	chr14	100323156	100330421	100323156	1
SLC25A48	chr5	135476913	135890730	135476913	1
SLC25A5	chrX	119468395	119472949	119468395	1
SLC25A51	chr9	37879400	37904387	37904387	-1
SLC25A52	chr18	31759584	31760880	31760880	-1
SLC25A53	chrX	104099214	104157016	104157016	-1
SLC25A6	chrY	1350030	1392929	1392929	-1
SLC26A1	chr4	978992	997659	997659	-1
SLC26A11	chr17	80219699	80253509	80219699	1
SLC26A2	chr5	149960748	149993455	149960748	1
SLC26A3	chr7	107764219	107803630	107803630	-1
SLC26A4	chr7	107660594	107717809	107660594	1
SLC26A5	chr7	103352730	103446212	103446212	-1
SLC26A6	chr3	48625718	48635510	48635510	-1
SLC26A7	chr8	91209494	91398155	91209494	1
SLC26A8	chr6	35943516	36028767	36028767	-1
SLC26A9	chr1	205913048	205943460	205943460	-1
SLC27A1	chr19	17467666	17506190	17467666	1
SLC27A2	chr15	50182196	50236450	50182196	1
SLC27A3	chr1	153774208	153780180	153774208	1
SLC27A4	chr9	128340475	128363283	128340475	1
SLC27A5	chr19	58479512	58512413	58512413	-1
SLC27A6	chr5	128538013	129036767	128538013	1
SLC28A1	chr15	84884569	84975691	84884569	1
SLC28A2	chr15	45252227	45277846	45252227	1
SLC28A3	chr9	84275457	84340758	84340758	-1
SLC29A1	chr6	44219245	44243425	44219245	1
SLC29A2	chr11	66360101	66372476	66372476	-1
SLC29A3	chr10	71319232	71381423	71319232	1
SLC29A4	chr7	5274369	5307194	5274369	1
SLC2A1	chr1	42925353	42958904	42958904	-1
SLC2A10	chr20	46709577	46737312	46709577	1
SLC2A11	chr22	23856703	23886312	23856703	1
SLC2A12	chr6	133987132	134052660	134052660	-1
SLC2A13	chr12	39755025	40106094	40106094	-1
SLC2A14	chr12	7812512	7891202	7891202	-1
SLC2A2	chr3	170994621	171026775	171026775	-1
SLC2A3	chr12	7919228	8019007	8019007	-1
SLC2A4	chr17	7281664	7289241	7281664	1
SLC2A4RG	chr20	63739758	63744603	63739758	1
SLC2A5	chr1	9035106	9088478	9088478	-1
SLC2A6	chr9	133462053	133479148	133479148	-1
SLC2A7	chr1	9002973	9026423	9026423	-1
SLC2A8	chr9	127397131	127408424	127397131	1
SLC2A9	chr4	9771148	10054936	10054936	-1
SLC30A1	chr1	211571568	211579218	211579218	-1
SLC30A10	chr1	219685427	219959018	219959018	-1
SLC30A2	chr1	26037252	26046174	26046174	-1
SLC30A3	chr2	27253509	27275817	27275817	-1
SLC30A4	chr15	45479606	45522834	45522834	-1
SLC30A5	chr5	69093917	69156940	69093917	1
SLC30A6	chr2	32165841	32224802	32165841	1
SLC30A7	chr1	100896061	100996627	100896061	1
SLC30A8	chr8	116950273	117176714	116950273	1
SLC30A9	chr4	41990492	42099369	41990492	1
SLC31A1	chr9	113221191	113266935	113221191	1
SLC31A2	chr9	113150951	113164140	113150951	1
SLC32A1	chr20	38724394	38729372	38724394	1
SLC33A1	chr3	155821024	155854563	155854563	-1
SLC33A2	chr8	144508263	144511317	144508263	1
SLC34A1	chr5	177379235	177398848	177379235	1
SLC34A2	chr4	25648011	25679132	25648011	1
SLC34A3	chr9	137230757	137236555	137230757	1
SLC35A1	chr6	87470623	87512336	87470623	1
SLC35A2	chrX	48903180	48911958	48911958	-1
SLC35A3	chr1	99969351	100035634	99969351	1
SLC35A4	chr5	140564440	140569215	140564440	1
SLC35A5	chr3	112561269	112587350	112561269	1
SLC35B1	chr17	49682022	49709014	49709014	-1
SLC35B2	chr6	44253872	44257890	44257890	-1
SLC35B3	chr6	8411435	8435983	8435983	-1
SLC35B4	chr7	134289205	134317117	134317117	-1
SLC35C1	chr11	45804071	45813016	45804071	1
SLC35D1	chr1	66945905	67054400	67054400	-1
SLC35D2	chr9	96312092	96383845	96383845	-1
SLC35D3	chr6	136921923	136925660	136921923	1
SLC35D4	chr18	23197144	23437976	23437976	-1
SLC35E1	chr19	16549831	16572432	16572432	-1
SLC35E2B	chr1	1659529	1693059	1693059	-1
SLC35E3	chr12	68746080	68793974	68746080	1
SLC35E4	chr22	30635673	30669016	30635673	1
SLC35F1	chr6	117907264	118318566	117907264	1
SLC35F2	chr11	107790455	107928293	107928293	-1
SLC35F3	chr1	233904477	234326085	233904477	1
SLC35F4	chr14	57563820	57982194	57982194	-1
SLC35F5	chr2	113705011	113756700	113756700	-1
SLC35F6	chr2	26764240	26781231	26764240	1
SLC35G1	chr10	93893918	93956062	93893918	1
SLC35G2	chr3	136818463	136857531	136818463	1
SLC35G3	chr17	35192520	35194393	35194393	-1
SLC35G4	chr18	11609596	11610612	11609596	1
SLC35G5	chr8	11331012	11332360	11331012	1
SLC35G6	chr17	7481446	7483496	7481446	1
SLC35H1	chr20	46345980	46364460	46364460	-1
SLC36A1	chr5	151437046	151525119	151437046	1
SLC36A2	chr5	151314972	151347602	151347602	-1
SLC36A3	chr5	151276358	151303766	151303766	-1
SLC36A4	chr11	93143979	93197993	93197993	-1
SLC37A1	chr21	42495994	42581440	42495994	1
SLC37A2	chr11	125063067	125090516	125063067	1
SLC37A3	chr7	140293693	140404433	140404433	-1
SLC37A4	chr11	119023751	119030906	119030906	-1
SLC38A1	chr12	46183054	46270070	46270070	-1
SLC38A10	chr17	81244811	81295567	81295567	-1
SLC38A11	chr2	164894354	164955632	164955632	-1
SLC38A12	chr17	74776477	74839764	74776477	1
SLC38A2	chr12	46358185	46372832	46372832	-1
SLC38A3	chr3	50202871	50221504	50202871	1
SLC38A4	chr12	46763642	46832500	46832500	-1
SLC38A5	chrX	48458536	48470554	48470554	-1
SLC38A6	chr14	60981106	61114316	60981106	1
SLC38A7	chr16	58663015	58684770	58684770	-1
SLC38A8	chr16	84009558	84043143	84043143	-1
SLC38A9	chr5	55621278	55773194	55773194	-1
SLC39A1	chr1	153959099	153968667	153968667	-1
SLC39A10	chr2	195575977	195737706	195575977	1
SLC39A11	chr17	72645947	73092723	73092723	-1
SLC39A12	chr10	17951825	18043292	17951825	1
SLC39A13	chr11	47407132	47416587	47407132	1
SLC39A14	chr8	22366727	22434129	22366727	1
SLC39A2	chr14	20999255	21001871	20999255	1
SLC39A3	chr19	2732204	2740071	2740071	-1
SLC39A4	chr8	144409742	144416894	144416894	-1
SLC39A5	chr12	56230039	56238214	56230039	1
SLC39A6	chr18	36108531	36129827	36129827	-1
SLC39A7	chr6	33200305	33204439	33200305	1
SLC39A8	chr4	102251037	102431258	102431258	-1
SLC39A9	chr14	69398015	69463644	69398015	1
SLC3A1	chr2	44275458	44322674	44275458	1
SLC3A2	chr11	62855970	62888910	62855970	1
SLC40A1	chr2	189560491	189583758	189583758	-1
SLC41A1	chr1	205789091	205813767	205813767	-1
SLC41A2	chr12	104801801	104958759	104958759	-1
SLC41A3	chr3	126005662	126101561	126101561	-1
SLC43A1	chr11	57484064	57515780	57515780	-1
SLC43A2	chr17	1569268	1630103	1630103	-1
SLC43A3	chr11	57406954	57457505	57457505	-1
SLC44A1	chr9	105244519	105439873	105244519	1
SLC44A2	chr19	10602457	10644559	10602457	1
SLC44A3	chr1	94820278	94895246	94820278	1
SLC44A4	chr6	31863173	31879198	31879198	-1
SLC44A5	chr1	75202129	75611114	75611114	-1
SLC45A1	chr1	8318081	8344296	8318081	1
SLC45A2	chr5	33943530	33986124	33986124	-1
SLC45A3	chr1	205657851	205680990	205680990	-1
SLC45A4	chr8	141207166	141308385	141308385	-1
SLC46A1	chr17	28394642	28407197	28407197	-1
SLC46A2	chr9	112878920	112890919	112890919	-1
SLC46A3	chr13	28659982	28719018	28719018	-1
SLC47A1	chr17	19495385	19579044	19495385	1
SLC47A2	chr17	19677390	19718979	19718979	-1
SLC48A1	chr12	47753916	47782751	47753916	1
SLC49A3	chr4	681824	689548	689548	-1
SLC49A4	chr3	122794819	122881144	122794819	1
SLC4A1	chr17	44248390	44268162	44268162	-1
SLC4A10	chr2	161424332	161985329	161424332	1
SLC4A11	chr20	3227417	3239580	3239580	-1
SLC4A1AP	chr2	27663426	27695756	27663426	1
SLC4A2	chr7	151057210	151076527	151057210	1
SLC4A3	chr2	219627011	219641982	219627011	1
SLC4A4	chr4	71062644	71572087	71062644	1
SLC4A5	chr2	74216242	74343416	74343416	-1
SLC4A7	chr3	27372723	27484451	27484451	-1
SLC4A8	chr12	51391317	51515763	51391317	1
SLC4A9	chr5	140360188	140375324	140360188	1
SLC50A1	chr1	155135344	155138857	155135344	1
SLC51A	chr3	196211487	196244766	196211487	1
SLC51B	chr15	65045132	65053397	65045132	1
SLC52A1	chr17	5032600	5052009	5052009	-1
SLC52A2	chr8	144333957	144361447	144333957	1
SLC52A3	chr20	758695	776015	776015	-1
SLC5A1	chr22	32043050	32113029	32043050	1
SLC5A10	chr17	18949746	19022595	18949746	1
SLC5A11	chr16	24845841	24911628	24845841	1
SLC5A12	chr11	26667020	26723427	26723427	-1
SLC5A2	chr16	31483002	31490860	31483002	1
SLC5A3	chr21	34073509	34106260	34073509	1
SLC5A4	chr22	32216637	32255347	32255347	-1
SLC5A5	chr19	17871939	17895174	17871939	1
SLC5A6	chr2	27199587	27212958	27212958	-1
SLC5A7	chr2	107986516	108014213	107986516	1
SLC5A8	chr12	101155188	101210243	101210243	-1
SLC5A9	chr1	48222685	48248911	48222685	1
SLC60A1	chr1	205568833	205602918	205568833	1
SLC60A2	chr6	111259327	111445354	111259327	1
SLC61A1	chr12	53251251	53254406	53251251	1
SLC66A1	chr1	19288044	19332427	19288044	1
SLC66A2	chr18	79901157	79951677	79951677	-1
SLC66A3	chr2	11155198	11178870	11155198	1
SLC67A1	chr11	2899718	2925247	2899718	1
SLC67A2	chr2	102711173	102736899	102736899	-1
SLC68A1	chr10	102461363	102477046	102461363	1
SLC6A1	chr3	10992177	11039247	10992177	1
SLC6A11	chr3	10816201	10940728	10816201	1
SLC6A12	chr12	190069	220144	220144	-1
SLC6A13	chr12	220621	264195	264195	-1
SLC6A14	chrX	116436606	116461458	116436606	1
SLC6A15	chr12	84859491	84913629	84913629	-1
SLC6A16	chr19	49289638	49325215	49325215	-1
SLC6A17	chr1	110150482	110202202	110150482	1
SLC6A18	chr5	1225381	1246189	1225381	1
SLC6A19	chr5	1201595	1225111	1201595	1
SLC6A2	chr16	55655961	55707645	55655961	1
SLC6A20	chr3	45748903	45796654	45796654	-1
SLC6A3	chr5	1392794	1445514	1445514	-1
SLC6A4	chr17	30194258	30238482	30238482	-1
SLC6A5	chr11	20599594	20659285	20599594	1
SLC6A6	chr3	14402564	14489349	14402564	1
SLC6A7	chr5	150190041	150222788	150190041	1
SLC6A8	chrX	153687914	153696591	153687914	1
SLC6A9	chr1	43989353	44031767	44031767	-1
SLC71A1	chr1	100038076	100083948	100038076	1
SLC71A2	chr9	94374403	94461042	94374403	1
SLC75A1	chr4	2929917	2935462	2935462	-1
SLC7A1	chr13	29509410	29595792	29595792	-1
SLC7A10	chr19	33208656	33225853	33225853	-1
SLC7A11	chr4	138164097	138242541	138242541	-1
SLC7A13	chr8	86214063	86321146	86321146	-1
SLC7A14	chr3	170459548	170586149	170586149	-1
SLC7A2	chr8	17496975	17570573	17496975	1
SLC7A3	chrX	70925556	70931149	70931149	-1
SLC7A4	chr22	21028715	21032933	21032933	-1
SLC7A5	chr16	87830016	87869514	87869514	-1
SLC7A6	chr16	68264173	68301853	68264173	1
SLC7A6OS	chr16	68284498	68310968	68310968	-1
SLC7A7	chr14	22773222	22829820	22829820	-1
SLC7A8	chr14	23125295	23183683	23183683	-1
SLC7A9	chr19	32830508	32869805	32869805	-1
SLC8A1	chr2	40097270	40611053	40611053	-1
SLC8A2	chr19	47428017	47472184	47472184	-1
SLC8A3	chr14	70044215	70189480	70189480	-1
SLC8B1	chr12	113298759	113359502	113359502	-1
SLC9A1	chr1	27098809	27166981	27166981	-1
SLC9A2	chr2	102619278	102711788	102619278	1
SLC9A3	chr5	470456	524450	524450	-1
SLC9A4	chr2	102473220	102533972	102473220	1
SLC9A5	chr16	67237683	67272191	67237683	1
SLC9A6	chrX	135973841	136047269	135973841	1
SLC9A7	chrX	46599251	46759215	46759215	-1
SLC9A8	chr20	49812677	49892242	49812677	1
SLC9A9	chr3	143265222	143848485	143848485	-1
SLC9B1	chr4	102870501	103019793	103019793	-1
SLC9B2	chr4	103019868	103085829	103085829	-1
SLC9C1	chr3	112140898	112294227	112294227	-1
SLC9C2	chr1	173500460	173603077	173603077	-1
SLC9D1	chr13	113490719	113554590	113490719	1
SLCO1A2	chr12	21264600	21419676	21419676	-1
SLCO1B1	chr12	21127862	21298065	21127862	1
SLCO1B3	chr12	20806645	20918230	20806645	1
SLCO1B3-SLCO1B7	chr12	20815674	21090245	20815674	1
SLCO1C1	chr12	20695332	20753386	20695332	1
SLCO2A1	chr3	133930258	134052184	134052184	-1
SLCO2B1	chr11	75100563	75214681	75100563	1
SLCO3A1	chr15	91853300	92172435	91853300	1
SLCO4A1	chr20	62642440	62685785	62642440	1
SLCO4C1	chr5	102233943	102296467	102296467	-1
SLCO5A1	chr8	69667041	69835064	69835064	-1
SLCO6A1	chr5	102371774	102499016	102499016	-1
SLF1	chr5	94618054	94739436	94618054	1
SLF2	chr10	100912963	100965134	100912963	1
SLFN11	chr17	35350305	35373701	35373701	-1
SLFN12	chr17	35409339	35433475	35433475	-1
SLFN12L	chr17	35464249	35537770	35537770	-1
SLFN13	chr17	35435096	35449766	35449766	-1
SLFN14	chr17	35543985	35560819	35560819	-1
SLFN5	chr17	35243043	35273655	35243043	1
SLFNL1	chr1	41015589	41024551	41024551	-1
SLIRP	chr14	77708045	77761104	77708045	1
SLIT1	chr10	96998038	97186121	97186121	-1
SLIT2	chr4	20251897	20621249	20251897	1
SLIT3	chr5	168661740	169301173	169301173	-1
SLITRK1	chr13	83877205	83882474	83882474	-1
SLITRK2	chrX	145817797	145829856	145817797	1
SLITRK3	chr3	165186325	165197109	165197109	-1
SLITRK4	chrX	143622790	143636112	143636112	-1
SLITRK5	chr13	87671355	87696272	87671355	1
SLITRK6	chr13	85790683	85806683	85806683	-1
SLK	chr10	103966916	104029242	103966916	1
SLMAP	chr3	57755450	57931461	57755450	1
SLN	chr11	107706978	107719703	107719703	-1
SLPI	chr20	45251638	45254568	45254568	-1
SLTM	chr15	58879046	58934012	58934012	-1
SLU7	chr5	160400535	160421711	160421711	-1
SLURP1	chr8	142740941	142742414	142742414	-1
SLURP2	chr8	142764334	142769828	142769828	-1
SLX1A	chr16	30193875	30197566	30193875	1
SLX1B	chr16	29454501	29458223	29454501	1
SLX4	chr16	3579654	3611617	3611617	-1
SLX4IP	chr20	10434668	10638912	10434668	1
SLX9	chr21	44939938	44977014	44939938	1
SMAD1	chr4	145480769	145559191	145480769	1
SMAD2	chr18	47808957	47931569	47931569	-1
SMAD3	chr15	67063763	67195173	67063763	1
SMAD4	chr18	51028528	51085045	51028528	1
SMAD5	chr5	136132828	136188747	136132828	1
SMAD6	chr15	66701224	66782860	66701224	1
SMAD7	chr18	48919853	48952026	48952026	-1
SMAD9	chr13	36844831	36920887	36920887	-1
SMAGP	chr12	51244558	51270517	51270517	-1
SMAP1	chr6	70667646	70862015	70667646	1
SMAP2	chr1	40344850	40423326	40344850	1
SMARCA1	chrX	129446402	129523947	129523947	-1
SMARCA2	chr9	1980290	2193624	1980290	1
SMARCA4	chr19	10960824	11079426	10960824	1
SMARCA5	chr4	143513445	143557486	143513445	1
SMARCAD1	chr4	94207598	94291293	94207598	1
SMARCAL1	chr2	216412383	216483056	216412383	1
SMARCB1	chr22	23786931	23838009	23786931	1
SMARCC1	chr3	47585269	47782106	47782106	-1
SMARCC2	chr12	56162359	56189587	56189587	-1
SMARCD1	chr12	50085196	50101870	50085196	1
SMARCD2	chr17	63832078	63843065	63843065	-1
SMARCD3	chr7	151238764	151277896	151277896	-1
SMARCE1	chr17	40624962	40648667	40648667	-1
SMC1A	chrX	53361522	53422750	53422750	-1
SMC1B	chr22	45344063	45413619	45413619	-1
SMC2	chr9	104093695	104144488	104093695	1
SMC3	chr10	110567668	110606063	110567668	1
SMC4	chr3	160399274	160437759	160399274	1
SMC5	chr9	70258270	70354874	70258270	1
SMC6	chr2	17662940	17800242	17800242	-1
SMCHD1	chr18	2655656	2805398	2655656	1
SMCO1	chr3	196506877	196515368	196515368	-1
SMCO2	chr12	27446736	27502873	27446736	1
SMCO3	chr12	14804065	14814189	14814189	-1
SMCO4	chr11	93478468	93543764	93543764	-1
SMCP	chr1	152870060	152885047	152870060	1
SMCR8	chr17	18315293	18328056	18315293	1
SMDT1	chr22	42079564	42090033	42079564	1
SMG1	chr16	18804860	18926459	18926459	-1
SMG5	chr1	156249223	156282862	156282862	-1
SMG6	chr17	2059839	2303934	2303934	-1
SMG7	chr1	183471871	183598246	183471871	1
SMG8	chr17	59209400	59215249	59209400	1
SMG9	chr19	43727983	43755605	43755605	-1
SMIM1	chr1	3772648	3782178	3772648	1
SMIM10	chrX	134990991	134992473	134990991	1
SMIM10L1	chr12	11171156	11211467	11171156	1
SMIM10L2A	chrX	135421939	135428504	135421939	1
SMIM10L2B	chrX	135092533	135098754	135098754	-1
SMIM10L2B-AS1	chrX	135059685	135123952	135059685	1
SMIM10L3	chr7	6329409	6348967	6348967	-1
SMIM11	chr21	34375107	34416961	34375107	1
SMIM12	chr1	34712737	34859830	34859830	-1
SMIM13	chr6	11093820	11138733	11093820	1
SMIM14	chr4	39546336	39639092	39639092	-1
SMIM15	chr5	61153910	61163142	61163142	-1
SMIM17	chr19	56643141	56657252	56643141	1
SMIM18	chr8	30638559	30647260	30638559	1
SMIM19	chr8	42541132	42555195	42541132	1
SMIM20	chr4	25861830	25931807	25861830	1
SMIM21	chr18	75409476	75427703	75427703	-1
SMIM22	chr16	4788376	4796731	4788376	1
SMIM23	chr5	171782432	171796126	171782432	1
SMIM24	chr19	3473986	3480557	3480557	-1
SMIM26	chr20	18567347	18570995	18567347	1
SMIM27	chr9	32551144	32568621	32551144	1
SMIM28	chr6	138377905	138383486	138377905	1
SMIM29	chr6	34245865	34249113	34249113	-1
SMIM3	chr5	150777883	150796736	150777883	1
SMIM30	chr7	113115911	113118582	113118582	-1
SMIM31	chr4	164754064	164805901	164754064	1
SMIM32	chr5	136191468	136193162	136193162	-1
SMIM33	chr5	139471004	139474650	139471004	1
SMIM34	chr21	34414494	34423951	34423951	-1
SMIM35	chr11	118003634	118088299	118088299	-1
SMIM36	chr17	55449856	55511452	55511452	-1
SMIM38	chr11	69155478	69162440	69155478	1
SMIM39	chr2	131034894	131047263	131034894	1
SMIM40	chr6	33323628	33329279	33329279	-1
SMIM41	chr12	52079704	52108255	52079704	1
SMIM42	chr1	158127287	158128301	158128301	-1
SMIM43	chr4	121758533	121766260	121766260	-1
SMIM44	chr19	3482110	3483441	3483441	-1
SMIM45	chr22	41947178	41958942	41947178	1
SMIM46	chr19	14112324	14112476	14112476	-1
SMIM47	chr19	50776141	50793142	50793142	-1
SMIM5	chr17	75628368	75642570	75628368	1
SMIM7	chr19	16630744	16660442	16660442	-1
SMIM8	chr6	87322559	87401050	87322559	1
SMIM9	chrX	154823348	154834662	154834662	-1
SMKR1	chr7	129502498	129512918	129502498	1
SMLR1	chr6	130827406	130848147	130827406	1
SMN1	chr5	70925030	70953942	70925030	1
SMN2	chr5	70049635	70078522	70049635	1
SMNDC1	chr10	110289425	110305001	110305001	-1
SMO	chr7	129188501	129213546	129188501	1
SMOC1	chr14	69854131	70092752	69854131	1
SMOC2	chr6	168440656	168673445	168440656	1
SMOX	chr20	4120980	4187748	4120980	1
SMPD1	chr11	6390381	6394998	6390381	1
SMPD2	chr6	109440678	109446515	109440678	1
SMPD3	chr16	68358327	68448550	68448550	-1
SMPD4	chr2	130150745	130183922	130183922	-1
SMPDL3A	chr6	122788456	122811801	122788456	1
SMPDL3B	chr1	27934967	27959157	27934967	1
SMPX	chrX	21704788	21758254	21758254	-1
SMR3A	chr4	70360760	70367158	70360760	1
SMR3B	chr4	70370093	70390244	70370093	1
SMS	chrX	21940557	21994837	21940557	1
SMTN	chr22	31064105	31104757	31064105	1
SMTNL1	chr11	57537575	57550618	57537575	1
SMTNL2	chr17	4583999	4608798	4583999	1
SMU1	chr9	33041765	33081411	33081411	-1
SMUG1	chr12	54121277	54189008	54189008	-1
SMURF1	chr7	99027435	99144171	99144171	-1
SMURF2	chr17	64542282	64662356	64662356	-1
SMYD1	chr2	88067773	88113384	88067773	1
SMYD2	chr1	214280722	214338880	214280722	1
SMYD3	chr1	245749342	246507323	246507323	-1
SMYD4	chr17	1779485	1830634	1830634	-1
SMYD5	chr2	73214222	73227229	73214222	1
SNAI1	chr20	49982979	49988886	49982979	1
SNAI2	chr8	48917284	48921740	48921740	-1
SNAI3	chr16	88674992	88686513	88686513	-1
SNAP23	chr15	42491233	42545358	42491233	1
SNAP25	chr20	10172395	10308258	10172395	1
SNAP29	chr22	20858537	20891218	20858537	1
SNAP47	chr1	227728200	227781826	227728200	1
SNAP91	chr6	83552690	83709691	83709691	-1
SNAPC1	chr14	61762319	61796443	61762319	1
SNAPC2	chr19	7920314	7923250	7920314	1
SNAPC3	chr9	15422661	15465953	15422661	1
SNAPC4	chr9	136375567	136400226	136400226	-1
SNAPC5	chr15	66487639	66497823	66497823	-1
SNAPIN	chr1	153658674	153663930	153658674	1
SNCA	chr4	89700345	89838321	89838321	-1
SNCAIP	chr5	122311354	122464224	122311354	1
SNCB	chr5	176620082	176630672	176630672	-1
SNCG	chr10	86955753	86963264	86955753	1
SND1	chr7	127652123	128092609	127652123	1
SNED1	chr2	240998612	241095579	240998612	1
SNF8	chr17	48928972	48944842	48944842	-1
SNIP1	chr1	37534449	37554304	37554304	-1
SNN	chr16	11668027	11679164	11668027	1
SNORC	chr2	232857270	232878708	232857270	1
SNPH	chr20	1266265	1309328	1266265	1
SNRK	chr3	43286510	43424764	43286510	1
SNRNP200	chr2	96274336	96321271	96321271	-1
SNRNP25	chr16	53817	60009	53817	1
SNRNP27	chr2	69893944	69907658	69893944	1
SNRNP35	chr12	123458078	123473154	123458078	1
SNRNP40	chr1	31259042	31296823	31296823	-1
SNRNP48	chr6	7590181	7612832	7590181	1
SNRNP70	chr19	49085164	49108618	49085164	1
SNRPA	chr19	40750585	40765393	40750585	1
SNRPA1	chr15	101281508	101295305	101295305	-1
SNRPB	chr20	2461634	2470884	2470884	-1
SNRPB2	chr20	16729958	16742564	16729958	1
SNRPC	chr6	34757097	34774045	34757097	1
SNRPD1	chr18	21612266	21633524	21612266	1
SNRPD2	chr19	45677907	45692569	45692569	-1
SNRPD3	chr22	24555418	24584050	24555418	1
SNRPE	chr1	203861496	203871152	203861496	1
SNRPF	chr12	95858762	95903828	95858762	1
SNRPG	chr2	70281204	70293766	70293766	-1
SNRPN	chr15	24823627	24978723	24823627	1
SNTA1	chr20	33407955	33443897	33443897	-1
SNTB1	chr8	120535005	120813273	120813273	-1
SNTB2	chr16	69187140	69309052	69187140	1
SNTG1	chr8	49909789	50796692	49909789	1
SNTG2	chr2	950816	1367613	950816	1
SNTN	chr3	63652664	63679020	63652664	1
SNU13	chr22	41666627	41690504	41690504	-1
SNUPN	chr15	75597266	75626469	75626469	-1
SNURF	chr15	24954920	24977850	24954920	1
SNW1	chr14	77709019	77761207	77761207	-1
SNX1	chr15	64094123	64146571	64094123	1
SNX10	chr7	26291851	26374383	26291851	1
SNX11	chr17	48103357	48128226	48103357	1
SNX12	chrX	70963111	71073426	71073426	-1
SNX13	chr7	17790747	17940712	17940712	-1
SNX14	chr6	85504776	85594156	85594156	-1
SNX15	chr11	65027404	65040578	65027404	1
SNX16	chr8	81799581	81842866	81842866	-1
SNX17	chr2	27370496	27377535	27370496	1
SNX18	chr5	54517707	54546586	54517707	1
SNX19	chr11	130866250	130916505	130916505	-1
SNX2	chr5	122774980	122834543	122774980	1
SNX20	chr16	50666300	50681743	50681743	-1
SNX21	chr20	45833633	45843276	45833633	1
SNX22	chr15	64151601	64157481	64151601	1
SNX24	chr5	122843439	123030349	122843439	1
SNX25	chr4	185204237	185390928	185204237	1
SNX27	chr1	151611985	151699091	151611985	1
SNX29	chr16	11976694	12574287	11976694	1
SNX3	chr6	108210873	108261255	108261255	-1
SNX30	chr9	112750724	112881671	112750724	1
SNX31	chr8	100572882	100663415	100663415	-1
SNX32	chr11	65833664	65856896	65833664	1
SNX33	chr15	75647797	75662301	75647797	1
SNX4	chr3	125446642	125520233	125520233	-1
SNX5	chr20	17941597	17969022	17969022	-1
SNX6	chr14	34561093	34630208	34630208	-1
SNX7	chr1	98661625	98777717	98661625	1
SNX8	chr7	2251770	2354318	2354318	-1
SNX9	chr6	157700387	157945077	157700387	1
SOAT1	chr1	179293440	179358680	179293440	1
SOAT2	chr12	53103457	53124538	53103457	1
SOBP	chr6	107489897	107661306	107489897	1
SOCS1	chr16	11246400	11256556	11256556	-1
SOCS2	chr12	93569808	93586595	93569808	1
SOCS3	chr17	78356778	78360930	78360930	-1
SOCS4	chr14	55027116	55049489	55027116	1
SOCS5	chr2	46698423	46781466	46698423	1
SOCS6	chr18	70288876	70330199	70288876	1
SOCS7	chr17	38351844	38405593	38351844	1
SOD1	chr21	31659617	31668931	31659617	1
SOD2	chr6	159569593	159762529	159762529	-1
SOD3	chr4	24789912	24801561	24789912	1
SOHLH1	chr9	135693407	135704498	135704498	-1
SOHLH2	chr13	36168217	36214588	36214588	-1
SON	chr21	33542214	33577481	33542214	1
SORBS1	chr10	95311390	95561469	95561469	-1
SORBS2	chr4	185585444	185956721	185956721	-1
SORBS3	chr8	22544986	22575788	22544986	1
SORCS1	chr10	106573663	107164713	107164713	-1
SORCS2	chr4	7192538	7743642	7192538	1
SORCS3	chr10	104641290	105265242	104641290	1
SORD	chr15	45023116	45077185	45023116	1
SORL1	chr11	121451581	121633763	121451581	1
SORT1	chr1	109309568	109397967	109397967	-1
SOS1	chr2	38962206	39124345	39124345	-1
SOS2	chr14	50116801	50231930	50231930	-1
SOST	chr17	43753738	43758791	43758791	-1
SOSTDC1	chr7	16460622	16530580	16530580	-1
SOWAHA	chr5	132813302	132816786	132813302	1
SOWAHB	chr4	76894152	76898144	76898144	-1
SOWAHC	chr2	109614364	109618990	109614364	1
SOWAHD	chrX	119758588	119760202	119758588	1
SOX1	chr13	112067149	112071706	112067149	1
SOX10	chr22	37970686	37987422	37987422	-1
SOX11	chr2	5692384	5701385	5692384	1
SOX12	chr20	325552	330224	325552	1
SOX13	chr1	204073106	204127744	204073106	1
SOX14	chr3	137764315	137766334	137764315	1
SOX15	chr17	7588178	7590101	7590101	-1
SOX17	chr8	54457928	54462314	54457928	1
SOX18	chr20	64047582	64050629	64050629	-1
SOX2	chr3	181711925	181714436	181711925	1
SOX21	chr13	94709622	94712545	94712545	-1
SOX3	chrX	140502985	140505069	140505069	-1
SOX30	chr5	157624798	157671480	157671480	-1
SOX4	chr6	21593751	21598619	21593751	1
SOX5	chr12	23529504	24562544	24562544	-1
SOX6	chr11	15966449	16739591	16739591	-1
SOX7	chr8	10723570	10730690	10730690	-1
SOX8	chr16	981444	986979	981444	1
SOX9	chr17	72121013	72126416	72121013	1
SP1	chr12	53380135	53416446	53380135	1
SP100	chr2	230414871	230545700	230414871	1
SP110	chr2	230165186	230225729	230225729	-1
SP140	chr2	230203110	230316577	230203110	1
SP140L	chr2	230326762	230407086	230326762	1
SP2	chr17	47896150	47928964	47896150	1
SP3	chr2	173880850	173965877	173965877	-1
SP4	chr7	21428024	21514822	21428024	1
SP5	chr2	170715287	170718078	170715287	1
SP6	chr17	47844908	47855874	47855874	-1
SP7	chr12	53326575	53345315	53345315	-1
SP8	chr7	20779744	20786907	20786907	-1
SP9	chr2	174334948	174338707	174334948	1
SPA17	chr11	124673327	124698312	124673327	1
SPAAR	chr9	35909488	35937153	35909488	1
SPACA1	chr6	88047841	88066838	88047841	1
SPACA3	chr17	32970376	32997877	32970376	1
SPACA4	chr19	48606742	48607962	48606742	1
SPACA5	chrX	48004336	48009735	48004336	1
SPACA5B	chrX	48130626	48132620	48130626	1
SPACA6	chr19	51688346	51712387	51688346	1
SPACA7	chr13	112376309	112434695	112376309	1
SPACA9	chr9	132878027	132890316	132878027	1
SPACDR	chr7	100456620	100464277	100464277	-1
SPADH	chr10	122672850	122679494	122672850	1
SPAG1	chr8	100157853	100259278	100157853	1
SPAG11A	chr8	7847876	7868867	7847876	1
SPAG11B	chr8	7442684	7463674	7463674	-1
SPAG16	chr2	213284360	214410501	213284360	1
SPAG17	chr1	117953222	118185244	118185244	-1
SPAG4	chr20	35615594	35621613	35615594	1
SPAG5	chr17	28577565	28599052	28599052	-1
SPAG6	chr10	22345445	22454224	22345445	1
SPAG7	chr17	4959226	4967835	4967835	-1
SPAG8	chr9	35808045	35812272	35812272	-1
SPAG9	chr17	50962174	51120926	51120926	-1
SPAM1	chr7	123925237	123971414	123925237	1
SPANXA1	chrX	141583674	141584738	141584738	-1
SPANXA2	chrX	141589708	141590762	141589708	1
SPANXB1	chrX	141002594	141003706	141002594	1
SPANXC	chrX	141241463	141242517	141242517	-1
SPANXD	chrX	141697411	141698739	141698739	-1
SPANXN1	chrX	145247503	145256208	145247503	1
SPANXN2	chrX	143711955	143720755	143720755	-1
SPANXN3	chrX	143508735	143517475	143517475	-1
SPANXN4	chrX	143025927	143034702	143025927	1
SPANXN5	chrX	52796144	52797427	52797427	-1
SPARC	chr5	151661096	151687352	151687352	-1
SPARCL1	chr4	87473329	87531118	87531118	-1
SPART	chr13	36301638	36370217	36370217	-1
SPAST	chr2	32063525	32157637	32063525	1
SPATA1	chr1	84505491	84567379	84505491	1
SPATA12	chr3	57060659	57075530	57060659	1
SPATA13	chr13	23979677	24307074	23979677	1
SPATA16	chr3	172889357	173141235	173141235	-1
SPATA17	chr1	217631324	217871696	217631324	1
SPATA18	chr4	52051263	52100515	52051263	1
SPATA19	chr11	133840631	133845538	133845538	-1
SPATA2	chr20	49903391	49915759	49915759	-1
SPATA20	chr17	50543058	50558366	50543058	1
SPATA21	chr1	16387117	16437424	16437424	-1
SPATA22	chr17	3440011	3513852	3513852	-1
SPATA24	chr5	139396563	139404094	139404094	-1
SPATA25	chr20	45886491	45887626	45887626	-1
SPATA2L	chr16	89696357	89701733	89701733	-1
SPATA3	chr2	230990324	231025055	230990324	1
SPATA31A1	chr9	39355669	39361962	39355669	1
SPATA31A3	chr9	66986304	66992550	66992550	-1
SPATA31A5	chr9	60914407	60920653	60914407	1
SPATA31A6	chr9	42183659	42189887	42183659	1
SPATA31A7	chr9	61190036	61196280	61190036	1
SPATA31C1	chr9	87914488	87923657	87914488	1
SPATA31C2	chr9	88129305	88138475	88138475	-1
SPATA31D1	chr9	81988772	81995253	81988772	1
SPATA31D3	chr9	81943500	81950093	81943500	1
SPATA31D4	chr9	81928428	81934998	81928428	1
SPATA31E1	chr9	87882877	87888903	87882877	1
SPATA31F1	chr9	34719196	34729538	34729538	-1
SPATA31F3	chr9	34889062	34895797	34895797	-1
SPATA31G1	chr9	35041095	35045986	35041095	1
SPATA31H1	chr2	27537386	27582722	27537386	1
SPATA31J1	chr5	179641544	179658432	179658432	-1
SPATA32	chr17	45254388	45262116	45262116	-1
SPATA33	chr16	89657740	89671287	89657740	1
SPATA4	chr4	176184499	176195585	176195585	-1
SPATA45	chr1	212814251	212847658	212847658	-1
SPATA46	chr1	162373203	162376874	162376874	-1
SPATA6	chr1	48294990	48472279	48472279	-1
SPATA6L	chr9	4553386	4666674	4666674	-1
SPATA7	chr14	88384924	88472529	88384924	1
SPATA9	chr5	95652181	95698711	95698711	-1
SPATC1	chr8	144012275	144047114	144012275	1
SPATC1L	chr21	46161148	46184476	46184476	-1
SPATS1	chr6	44342650	44380179	44342650	1
SPATS2	chr12	49366240	49528438	49366240	1
SPATS2L	chr2	200305881	200482264	200305881	1
SPC24	chr19	11131419	11155815	11155815	-1
SPC25	chr2	168834132	168913371	168913371	-1
SPCS1	chr3	52704955	52711148	52704955	1
SPCS2	chr11	74949259	74981633	74949259	1
SPCS3	chr4	176319960	176333045	176319960	1
SPDEF	chr6	34537796	34556358	34556358	-1
SPDL1	chr5	169583632	169604780	169583632	1
SPDYA	chr2	28782517	28850611	28782517	1
SPDYC	chr11	65166137	65173380	65166137	1
SPDYE1	chr7	43997897	44010124	43997897	1
SPDYE10	chr7	73104008	73155431	73155431	-1
SPDYE11	chr7	73047862	73057911	73057911	-1
SPDYE12	chr7	74904289	74915078	74915078	-1
SPDYE13	chr7	75280790	75289501	75280790	1
SPDYE14	chr7	75307376	75317429	75307376	1
SPDYE15	chr7	75335343	75345396	75335343	1
SPDYE16	chr7	76531313	76543297	76543297	-1
SPDYE17	chr7	77022306	77032361	77032361	-1
SPDYE18	chr7	77050391	77063938	77063938	-1
SPDYE2	chr7	102551226	102563538	102551226	1
SPDYE21	chr7	67276941	67289005	67276941	1
SPDYE2B	chr7	102650319	102662625	102650319	1
SPDYE3	chr7	100307702	100322372	100307702	1
SPDYE4	chr17	8747524	8758559	8758559	-1
SPDYE5	chr7	75492320	75504316	75492320	1
SPDYE6	chr7	102345746	102356444	102356444	-1
SPDYE8	chr7	73019719	73029766	73029766	-1
SPDYE9	chr7	73075972	73086038	73086038	-1
SPECC1	chr17	20008865	20319026	20008865	1
SPECC1L	chr22	24270777	24417740	24270777	1
SPECC1L-ADORA2A	chr22	24270898	24442356	24270898	1
SPEF1	chr20	3777504	3781448	3781448	-1
SPEF2	chr5	35617839	35814611	35617839	1
SPEG	chr2	219434471	219493629	219434471	1
SPEGNB	chr2	219496129	219498287	219496129	1
SPEM1	chr17	7420323	7421637	7420323	1
SPEM2	chr17	7425563	7427568	7425563	1
SPEM3	chr17	7428857	7432820	7428857	1
SPEN	chr1	15836095	15940456	15836095	1
SPESP1	chr15	68818221	68946984	68818221	1
SPESP1-NOX5	chr15	68930504	69062743	68930504	1
SPG11	chr15	44554436	44663688	44663688	-1
SPG21	chr15	64954566	64990312	64990312	-1
SPG7	chr16	89490719	89557768	89490719	1
SPHK1	chr17	76376584	76387860	76376584	1
SPHK2	chr19	48619291	48630717	48619291	1
SPHKAP	chr2	227979866	228182020	228182020	-1
SPI1	chr11	47354860	47409369	47409369	-1
SPIB	chr19	50418931	50431314	50418931	1
SPIC	chr12	101474914	101487135	101474914	1
SPICE1	chr3	113442718	113515606	113515606	-1
SPICE1-CFAP44	chr3	113361901	113515151	113515151	-1
SPIDR	chr8	47260568	47737022	47260568	1
SPIN1	chr9	88387434	88480349	88387434	1
SPIN2A	chrX	57129745	57137679	57137679	-1
SPIN2B	chrX	57118551	57121846	57121846	-1
SPIN3	chrX	56818298	56995827	56995827	-1
SPIN4	chrX	63347228	63351332	63351332	-1
SPINDOC	chr11	63813405	63827718	63813405	1
SPINK1	chr5	147824572	147831679	147831679	-1
SPINK13	chr5	148268180	148286255	148268180	1
SPINK14	chr5	148168546	148175619	148168546	1
SPINK2	chr4	56809857	56821869	56821869	-1
SPINK4	chr9	33218365	33248567	33218365	1
SPINK5	chr5	148025683	148141031	148025683	1
SPINK6	chr5	148202794	148215137	148202794	1
SPINK7	chr5	148312419	148315924	148312419	1
SPINK8	chr3	48306840	48333661	48333661	-1
SPINK9	chr5	148321203	148339852	148321203	1
SPINT1	chr15	40843513	40860274	40843513	1
SPINT2	chr19	38244035	38292615	38244035	1
SPINT3	chr20	45512461	45515622	45515622	-1
SPINT4	chr20	45722347	45725830	45722347	1
SPIRE1	chr18	12446512	12658129	12658129	-1
SPIRE2	chr16	89818179	89871320	89818179	1
SPMAP1	chr17	38835086	38841438	38841438	-1
SPMAP2	chr19	361747	376026	376026	-1
SPMAP2L	chr4	56530601	56603556	56530601	1
SPMIP1	chr7	128866330	128872047	128866330	1
SPMIP10	chr5	126631705	126636284	126631705	1
SPMIP11	chr12	48727435	48765790	48727435	1
SPMIP2	chr4	158893134	159038760	159038760	-1
SPMIP3	chr1	244352629	244389663	244352629	1
SPMIP4	chr7	25134676	25180385	25180385	-1
SPMIP5	chr10	116662208	116670312	116670312	-1
SPMIP6	chr9	34379019	34397828	34397828	-1
SPMIP7	chr7	50095883	50159256	50095883	1
SPMIP8	chr16	57976435	57988116	57976435	1
SPMIP9	chr2	88524619	88529591	88524619	1
SPN	chr16	29662957	29670876	29662957	1
SPNS1	chr16	28974126	28984548	28974126	1
SPNS2	chr17	4498839	4539036	4498839	1
SPNS3	chr17	4433940	4488208	4433940	1
SPO11	chr20	57329755	57343994	57329755	1
SPOCD1	chr1	31790421	31816022	31816022	-1
SPOCK1	chr5	136975298	137598379	137598379	-1
SPOCK2	chr10	72059016	72089032	72089032	-1
SPOCK3	chr4	166733384	167234796	167234796	-1
SPON1	chr11	13962372	14268133	13962372	1
SPON2	chr4	1166928	1208962	1208962	-1
SPOP	chr17	49598884	49678201	49678201	-1
SPOPL	chr2	138494828	138574458	138494828	1
SPOUT1	chr9	128819651	128829838	128829838	-1
SPP1	chr4	87975667	87983532	87975667	1
SPP2	chr2	234050617	234108287	234050617	1
SPPL2A	chr15	50702266	50765948	50765948	-1
SPPL2B	chr19	2328346	2355100	2328346	1
SPPL2C	chr17	45844881	45847067	45844881	1
SPPL3	chr12	120762510	120904414	120904414	-1
SPR	chr2	72887374	72892158	72887374	1
SPRED1	chr15	38252076	38358502	38252076	1
SPRED2	chr2	65310851	65432682	65432682	-1
SPRED3	chr19	38388421	38399588	38388421	1
SPRING1	chr12	116710171	116738082	116738082	-1
SPRN	chr10	133420666	133424625	133424625	-1
SPRR1A	chr1	152984081	152985814	152984081	1
SPRR1B	chr1	153031196	153032900	153031196	1
SPRR2A	chr1	153056118	153065583	153065583	-1
SPRR2B	chr1	153070216	153087834	153087834	-1
SPRR2D	chr1	153039726	153066351	153066351	-1
SPRR2E	chr1	153093135	153119469	153119469	-1
SPRR2F	chr1	153112119	153122899	153122899	-1
SPRR2G	chr1	153149565	153164447	153164447	-1
SPRR3	chr1	153001743	153003859	153001743	1
SPRR4	chr1	152970648	152972574	152970648	1
SPRR5	chr1	152947206	152949255	152947206	1
SPRTN	chr1	231337104	231375416	231337104	1
SPRY1	chr4	123396754	123407429	123396754	1
SPRY2	chr13	80335518	80342983	80342983	-1
SPRY3	chrX	155612298	155782459	155612298	1
SPRY4	chr5	142310420	142326455	142326455	-1
SPRYD3	chr12	53064316	53079414	53079414	-1
SPRYD4	chr12	56468537	56479708	56468537	1
SPRYD7	chr13	49912702	49936513	49936513	-1
SPSB1	chr1	9292101	9369532	9292101	1
SPSB2	chr12	6870934	6889358	6889358	-1
SPSB3	chr16	1776710	1793700	1793700	-1
SPSB4	chr3	141050744	141148613	141050744	1
SPTA1	chr1	158610704	158686715	158686715	-1
SPTAN1	chr9	128552558	128633663	128552558	1
SPTB	chr14	64746283	64880019	64880019	-1
SPTBN1	chr2	54456266	54671446	54456266	1
SPTBN2	chr11	66682496	66744670	66744670	-1
SPTBN4	chr19	40466241	40576464	40466241	1
SPTBN5	chr15	41848146	41894053	41894053	-1
SPTLC1	chr9	92000087	92115491	92115491	-1
SPTLC2	chr14	77505997	77616781	77616781	-1
SPTLC3	chr20	13008925	13171072	13008925	1
SPTSSA	chr14	34432624	34462273	34462273	-1
SPTSSB	chr3	161344798	161372941	161372941	-1
SPTY2D1	chr11	18606399	18634791	18634791	-1
SPX	chr12	21526296	21541249	21526296	1
SPZ1	chr5	80319625	80321842	80319625	1
SQLE	chr8	124998467	125022294	124998467	1
SQOR	chr15	45631148	45691299	45631148	1
SQSTM1	chr5	179806398	179838078	179806398	1
SRA1	chr5	140536450	140557920	140557920	-1
SRARP	chr1	16004229	16009382	16004229	1
SRBD1	chr2	45384544	45612165	45612165	-1
SRC	chr20	37344673	37406050	37344673	1
SRCAP	chr16	30698128	30741409	30698128	1
SRCIN1	chr17	38530031	38605952	38605952	-1
SRD5A1	chr5	6633290	6676539	6633290	1
SRD5A2	chr2	31522480	31580943	31580943	-1
SRD5A3	chr4	55346073	55373100	55346073	1
SREBF1	chr17	17810399	17837035	17837035	-1
SREBF2	chr22	41833029	41907308	41833029	1
SREK1	chr5	66139971	66183615	66139971	1
SREK1IP1	chr5	64718148	64768702	64768702	-1
SRF	chr6	43170910	43181506	43170910	1
SRFBP1	chr5	121961956	122075858	121961956	1
SRGAP1	chr12	63843756	64162217	63843756	1
SRGAP2	chr1	206203346	206464436	206203346	1
SRGAP2B	chr1	144887191	145095528	145095528	-1
SRGAP2C	chr1	121184811	121392874	121184811	1
SRGAP3	chr3	8980591	9363053	9363053	-1
SRGN	chr10	69087579	69105696	69087579	1
SRI	chr7	88201117	88226997	88226997	-1
SRL	chr16	4189369	4242283	4242283	-1
SRM	chr1	11054584	11060078	11060078	-1
SRMS	chr20	63538489	63547752	63547752	-1
SRP14	chr15	40032985	40039186	40039186	-1
SRP19	chr5	112861188	112898371	112861188	1
SRP54	chr14	34981957	35029686	34981957	1
SRP68	chr17	76037989	76072718	76072718	-1
SRP72	chr4	56467591	56503891	56467591	1
SRP9	chr1	225777699	225790670	225777699	1
SRPK1	chr6	35832966	35921342	35921342	-1
SRPK2	chr7	105110704	105399308	105399308	-1
SRPK3	chrX	153781001	153785768	153781001	1
SRPRA	chr11	126255132	126269144	126269144	-1
SRPRB	chr3	133784023	133825772	133784023	1
SRPX	chrX	38149336	38220941	38220941	-1
SRPX2	chrX	100644195	100675788	100644195	1
SRR	chr17	2303383	2326656	2303383	1
SRRD	chr22	26483858	26494658	26483858	1
SRRM1	chr1	24631716	24673281	24631716	1
SRRM2	chr16	2752008	2772538	2752008	1
SRRM3	chr7	76201864	76287288	76201864	1
SRRM4	chr12	118981355	119163051	118981355	1
SRRM5	chr19	43596617	43614498	43596617	1
SRRT	chr7	100875065	100888664	100875065	1
SRSF1	chr17	57996889	58007346	58007346	-1
SRSF10	chr1	23962474	23980927	23980927	-1
SRSF11	chr1	70205670	70253052	70205670	1
SRSF12	chr6	89093949	89118086	89118086	-1
SRSF2	chr17	76734115	76737919	76737919	-1
SRSF3	chr6	36593777	36641535	36593777	1
SRSF4	chr1	29147743	29181994	29181994	-1
SRSF5	chr14	69726822	69773904	69726822	1
SRSF6	chr20	43457875	43504984	43457875	1
SRSF7	chr2	38743599	38751498	38751498	-1
SRSF8	chr11	95066919	95071225	95066919	1
SRSF9	chr12	120456138	120495946	120495946	-1
SRXN1	chr20	646614	653404	653404	-1
SRY	chrY	2786855	2787682	2787682	-1
SS18	chr18	26016253	26091217	26091217	-1
SS18L1	chr20	62143606	62182514	62143606	1
SS18L2	chr3	42581840	42596985	42581840	1
SSB	chr2	169791933	169812091	169791933	1
SSBP1	chr7	141731899	141787922	141731899	1
SSBP2	chr5	81412804	81752038	81752038	-1
SSBP3	chr1	54225313	54413479	54413479	-1
SSBP4	chr19	18418864	18434563	18418864	1
SSC4D	chr7	76389017	76409744	76409744	-1
SSC5D	chr19	55488404	55519099	55488404	1
SSH1	chr12	108778191	108857637	108857637	-1
SSH2	chr17	29625938	29930276	29930276	-1
SSH3	chr11	67303478	67312608	67303478	1
SSMEM1	chr7	130206344	130219343	130206344	1
SSNA1	chr9	137188640	137190371	137188640	1
SSPN	chr12	26121991	26299290	26121991	1
SSR1	chr6	7268306	7347446	7347446	-1
SSR2	chr1	156009041	156020972	156020972	-1
SSR3	chr3	156480877	156559474	156559474	-1
SSR4	chrX	153793516	153798510	153793516	1
SSRP1	chr11	57325982	57335952	57335952	-1
SST	chr3	187668856	187670401	187670401	-1
SSTR1	chr14	38207895	38213067	38207895	1
SSTR2	chr17	73164253	73176633	73164253	1
SSTR3	chr22	37204237	37212482	37212482	-1
SSTR4	chr20	23035312	23039237	23035312	1
SSTR5	chr16	1063867	1081470	1063867	1
SSU72	chr1	1541673	1574887	1574887	-1
SSU72L1	chr11	4338245	4339345	4339345	-1
SSU72L2	chr11	4241641	4242706	4242706	-1
SSU72L3	chr11	4329790	4330864	4329790	1
SSU72L4	chr11	4287084	4288185	4288185	-1
SSU72L5	chr11	4233217	4234287	4233217	1
SSU72L6	chr7	124476317	124477664	124476317	1
SSUH2	chr3	8619386	8745040	8745040	-1
SSX1	chrX	48255368	48267444	48255368	1
SSX2	chrX	52696896	52707178	52707178	-1
SSX2B	chrX	52751132	52790305	52751132	1
SSX2IP	chr1	84643121	84690955	84690955	-1
SSX3	chrX	48337725	48356750	48356750	-1
SSX4	chrX	48383516	48393347	48383516	1
SSX4B	chrX	48402082	48411960	48411960	-1
SSX5	chrX	48186220	48196797	48196797	-1
SSX7	chrX	52644061	52654900	52654900	-1
ST13	chr22	40824445	40856919	40856919	-1
ST14	chr11	130159741	130210368	130159741	1
ST18	chr8	52110415	52460983	52460983	-1
ST20-MTHFS	chr15	79845150	79923754	79923754	-1
ST3GAL1	chr8	133454848	133572518	133572518	-1
ST3GAL2	chr16	70375977	70439263	70439263	-1
ST3GAL3	chr1	43705824	43931167	43705824	1
ST3GAL4	chr11	126354677	126442293	126354677	1
ST3GAL5	chr2	85837120	85905199	85905199	-1
ST3GAL6	chr3	98732175	98821201	98732175	1
ST6GAL1	chr3	186930325	187078932	186930325	1
ST6GAL2	chr2	106801600	106887286	106887286	-1
ST6GALNAC1	chr17	76624228	76643907	76643907	-1
ST6GALNAC2	chr17	76564424	76586956	76586956	-1
ST6GALNAC3	chr1	76074702	76634603	76074702	1
ST6GALNAC4	chr9	127906919	127917057	127917057	-1
ST6GALNAC5	chr1	76867325	77067849	76867325	1
ST6GALNAC6	chr9	127885320	127906632	127906632	-1
ST7	chr7	116952980	117230812	116952980	1
ST7L	chr1	112523473	112620825	112620825	-1
ST8SIA1	chr12	22063773	22437041	22437041	-1
ST8SIA2	chr15	92393844	92468728	92393844	1
ST8SIA3	chr18	57352430	57371731	57352430	1
ST8SIA4	chr5	100806933	100903290	100903290	-1
ST8SIA5	chr18	46667821	46759257	46759257	-1
ST8SIA6	chr10	17315416	17454681	17454681	-1
STAB1	chr3	52495331	52524512	52495331	1
STAB2	chr12	103587267	103766845	103587267	1
STAC	chr3	36380321	36548045	36380321	1
STAC2	chr17	39210540	39225945	39225945	-1
STAC3	chr12	57243453	57251195	57251195	-1
STAG1	chr3	136336234	136752464	136752464	-1
STAG2	chrX	123960212	124422664	123960212	1
STAG3	chr7	100177563	100214387	100177563	1
STAM	chr10	17644124	17735901	17644124	1
STAM2	chr2	152116801	152175781	152175781	-1
STAMBP	chr2	73828916	73873670	73828916	1
STAMBPL1	chr10	88879363	88975153	88879363	1
STAP1	chr4	67558482	67607343	67558482	1
STAP2	chr19	4324040	4342786	4342786	-1
STAR	chr8	38138571	38151102	38151102	-1
STARD10	chr11	72753216	72794047	72794047	-1
STARD13	chr13	33103137	33350685	33350685	-1
STARD3	chr17	39637058	39664201	39637058	1
STARD3NL	chr7	38178217	38230688	38178217	1
STARD4	chr5	111495284	111513044	111513044	-1
STARD5	chr15	81309053	81324183	81324183	-1
STARD6	chr18	54324358	54357964	54357964	-1
STARD7	chr2	96184859	96208854	96208854	-1
STARD8	chrX	68647666	68725842	68647666	1
STARD9	chr15	42575574	42720998	42575574	1
STAT1	chr2	190908460	191020960	191020960	-1
STAT2	chr12	56338356	56360283	56360283	-1
STAT3	chr17	42313322	42388574	42388574	-1
STAT4	chr2	191029570	191178435	191178435	-1
STAT5A	chr17	42287547	42311943	42287547	1
STAT5B	chr17	42199176	42288633	42288633	-1
STAT6	chr12	57095403	57132139	57132139	-1
STATH	chr4	69995966	70002570	69995966	1
STAU1	chr20	49113324	49188417	49188417	-1
STAU2	chr8	73419991	73747708	73747708	-1
STBD1	chr4	76306275	76314086	76306275	1
STC1	chr8	23841929	23854815	23854815	-1
STC2	chr5	173314708	173328447	173328447	-1
STEAP1	chr7	90154180	90164829	90154180	1
STEAP1B	chr7	22416932	22727789	22727789	-1
STEAP2	chr7	90167590	90243408	90167590	1
STEAP3	chr2	119222447	119265652	119222447	1
STEAP4	chr7	88270892	88307061	88307061	-1
STEEP1	chrX	119535669	119565417	119565417	-1
STH	chr17	45999250	45999694	45999250	1
STIL	chr1	47250139	47314892	47314892	-1
STIM1	chr11	3854527	4093210	3854527	1
STIM2	chr4	26857601	27026269	26857601	1
STIMATE	chr3	52836219	52897621	52897621	-1
STIMATE-MUSTN1	chr3	52833121	52897562	52897562	-1
STING1	chr5	139475528	139482935	139482935	-1
STIP1	chr11	64185272	64204549	64185272	1
STK10	chr5	172042079	172188411	172188411	-1
STK11	chr19	1177558	1228431	1177558	1
STK11IP	chr2	219595805	219616452	219595805	1
STK16	chr2	219245212	219250339	219245212	1
STK17A	chr7	43582758	43650713	43582758	1
STK17B	chr2	196133559	196176503	196176503	-1
STK24	chr13	98445185	98577940	98577940	-1
STK25	chr2	241482075	241509730	241509730	-1
STK26	chrX	132023223	132075948	132023223	1
STK3	chr8	98371228	98942827	98942827	-1
STK31	chr7	23710203	23832513	23710203	1
STK32A	chr5	147234963	147393401	147234963	1
STK32B	chr4	5051400	5500994	5051400	1
STK32C	chr10	132207483	132331894	132331894	-1
STK33	chr11	8391864	8594292	8594292	-1
STK35	chr20	2101767	2177038	2101767	1
STK36	chr2	218672027	218702717	218672027	1
STK38	chr6	36493880	36547516	36547516	-1
STK38L	chr12	27243968	27325961	27243968	1
STK39	chr2	167949175	168247894	168247894	-1
STK4	chr20	44966474	45084214	44966474	1
STK40	chr1	36339620	36385932	36385932	-1
STKLD1	chr9	133376332	133406096	133376332	1
STMN1	chr1	25884181	25908470	25908470	-1
STMN2	chr8	79610919	79666175	79610919	1
STMN3	chr20	63639705	63657682	63657682	-1
STMN4	chr8	27230877	27258475	27258475	-1
STMND1	chr6	17102046	17131378	17102046	1
STMP1	chr7	135662472	135702061	135662472	1
STN1	chr10	103856791	103918762	103918762	-1
STOM	chr9	121328424	121370304	121370304	-1
STOML1	chr15	73978926	73994622	73994622	-1
STOML2	chr9	35099469	35103195	35103195	-1
STOML3	chr13	38965925	38990871	38990871	-1
STON1	chr2	48529376	48598922	48529376	1
STON1-GTF2A1L	chr2	48529925	48776517	48529925	1
STON2	chr14	81260652	81436517	81436517	-1
STOX1	chr10	68827199	68895448	68827199	1
STOX2	chr4	183797692	184023526	183797692	1
STPG1	chr1	24355830	24416934	24416934	-1
STPG2	chr4	97184093	98143485	98143485	-1
STPG3	chr9	137250608	137253483	137250608	1
STPG4	chr2	47045538	47155308	47155308	-1
STRA6	chr15	74179466	74212267	74212267	-1
STRA8	chr7	135231979	135258666	135231979	1
STRADA	chr17	63682336	63742005	63742005	-1
STRADB	chr2	201387858	201502687	201387858	1
STRAP	chr12	15882000	15904448	15882000	1
STRBP	chr9	123109494	123269102	123269102	-1
STRC	chr15	43597892	43618800	43618800	-1
STRIP1	chr1	110031577	110074641	110031577	1
STRIP2	chr7	129434392	129488399	129434392	1
STRIT1	chr3	155287622	155294017	155294017	-1
STRN	chr2	36835737	36967622	36967622	-1
STRN3	chr14	30893561	31026553	31026553	-1
STRN4	chr19	46719507	46746994	46746994	-1
STS	chrX	7147237	7804358	7147237	1
STT3A	chr11	125591712	125625220	125591712	1
STT3B	chr3	31532190	31638548	31532190	1
STUB1	chr16	679980	682870	679980	1
STUM	chr1	226548714	226609230	226548714	1
STX10	chr19	13144058	13150383	13150383	-1
STX11	chr6	144149970	144191939	144149970	1
STX12	chr1	27773153	27824450	27773153	1
STX16	chr20	58650262	58679526	58650262	1
STX16-NPEPL1	chr20	58651434	58715410	58651434	1
STX17	chr9	99906654	99974534	99906654	1
STX18	chr4	4414973	4542346	4542346	-1
STX19	chr3	94012043	94028658	94028658	-1
STX1A	chr7	73699205	73719706	73719706	-1
STX1B	chr16	30989256	31010897	31010897	-1
STX2	chr12	130789597	130839297	130839297	-1
STX3	chr11	59713456	59838302	59713456	1
STX4	chr16	31032889	31042975	31032889	1
STX5	chr11	62806860	62832076	62832076	-1
STX6	chr1	180972712	181023121	181023121	-1
STX7	chr6	132409374	132513999	132513999	-1
STX8	chr17	9250149	9576591	9576591	-1
STXBP1	chr9	127579370	127696027	127579370	1
STXBP2	chr19	7636772	7647875	7636772	1
STXBP3	chr1	108746606	108809526	108746606	1
STXBP4	chr17	54968713	55173632	54968713	1
STXBP5	chr6	147203502	147391010	147203502	1
STXBP5L	chr3	120908072	121424761	120908072	1
STXBP6	chr14	24809454	25050333	25050333	-1
STYK1	chr12	10616641	10674318	10674318	-1
STYX	chr14	52730043	52775008	52730043	1
STYXL1	chr7	75996315	76048809	76048809	-1
STYXL2	chr1	167094069	167129209	167094069	1
SUB1	chr5	32505893	32604507	32505893	1
SUCLA2	chr13	47745736	48037968	48037968	-1
SUCLG1	chr2	84423526	84460045	84460045	-1
SUCLG2	chr3	67240707	67654630	67654630	-1
SUCNR1	chr3	151873635	151884619	151873635	1
SUCO	chr1	172532349	172613183	172532349	1
SUDS3	chr12	118376504	118418963	118376504	1
SUFU	chr10	102503952	102633535	102503952	1
SUGCT	chr7	40134044	40861613	40134044	1
SUGP1	chr19	19276018	19320511	19320511	-1
SUGP2	chr19	18990887	19061647	19061647	-1
SUGT1	chr13	52652447	52700909	52652447	1
SULF1	chr8	69466618	69660935	69466618	1
SULF2	chr20	47656197	47786842	47786842	-1
SULT1A1	chr16	28604997	28612503	28612503	-1
SULT1A2	chr16	28589688	28599913	28599913	-1
SULT1A3	chr16	30198059	30204324	30198059	1
SULT1A4	chr16	29458993	29464979	29458993	1
SULT1B1	chr4	69721167	69787961	69787961	-1
SULT1C2	chr2	108288639	108310568	108288639	1
SULT1C3	chr2	108239968	108266254	108239968	1
SULT1C4	chr2	108377911	108388990	108377911	1
SULT1E1	chr4	69822203	69861075	69861075	-1
SULT2A1	chr19	47870327	47886479	47886479	-1
SULT2B1	chr19	48552140	48599425	48552140	1
SULT4A1	chr22	43824507	43862545	43862545	-1
SULT6B1	chr2	37167820	37196598	37196598	-1
SUMF1	chr3	3700814	4467278	4467278	-1
SUMF2	chr7	56064002	56087955	56064002	1
SUMO1	chr2	202206171	202238604	202238604	-1
SUMO2	chr17	75165586	75182991	75182991	-1
SUMO3	chr21	44805604	44818779	44818779	-1
SUMO4	chr6	149400262	149401278	149400262	1
SUN1	chr7	816591	896435	816591	1
SUN2	chr22	38733280	38794198	38794198	-1
SUN3	chr7	47987148	48029119	48029119	-1
SUN5	chr20	32983773	33004433	33004433	-1
SUOX	chr12	55996855	56006641	55996855	1
SUPT16H	chr14	21351289	21384042	21384042	-1
SUPT20H	chr13	37006027	37059728	37059728	-1
SUPT20HL1	chrX	24360639	24367839	24360639	1
SUPT20HL2	chrX	24308210	24314069	24314069	-1
SUPT3H	chr6	44809317	45377953	45377953	-1
SUPT4H1	chr17	58345175	58353099	58353099	-1
SUPT5H	chr19	39436156	39476670	39436156	1
SUPT6H	chr17	28661920	28702682	28661920	1
SUPT7L	chr2	27642568	27663847	27663847	-1
SUPV3L1	chr10	69180234	69209108	69180234	1
SURF1	chr9	133351069	133356676	133356676	-1
SURF2	chr9	133356520	133362917	133356520	1
SURF4	chr9	133361450	133376233	133376233	-1
SURF6	chr9	133328684	133336289	133336289	-1
SUSD1	chr9	112040777	112175535	112175535	-1
SUSD2	chr22	24181451	24191986	24181451	1
SUSD3	chr9	93058684	93085141	93058684	1
SUSD4	chr1	223220819	223365279	223365279	-1
SUSD5	chr3	33150038	33219278	33219278	-1
SUSD6	chr14	69611567	69715144	69611567	1
SUV39H1	chrX	48695554	48709556	48695554	1
SUV39H2	chr10	14878323	14906331	14878323	1
SUZ12	chr17	31936994	32001108	31936994	1
SV2A	chr1	149903318	149918572	149918572	-1
SV2B	chr15	91099700	91302565	91099700	1
SV2C	chr5	76083224	76353939	76083224	1
SVBP	chr1	42788324	42824810	42824810	-1
SVEP1	chr9	110365248	110580170	110580170	-1
SVIL	chr10	29457332	29737123	29737123	-1
SVIP	chr11	22812155	22830299	22830299	-1
SVOP	chr12	108907741	109021068	109021068	-1
SVOPL	chr7	138594285	138701382	138701382	-1
SWAP70	chr11	9664058	9753298	9664058	1
SWI5	chr9	128275379	128316123	128275379	1
SWSAP1	chr19	11374658	11379194	11374658	1
SWT1	chr1	185156103	185292205	185156103	1
SYAP1	chrX	16719545	16765340	16719545	1
SYBU	chr8	109573978	109691799	109691799	-1
SYCE1	chr10	133552822	133569835	133569835	-1
SYCE1L	chr16	77199400	77213215	77199400	1
SYCE2	chr19	12898786	12919306	12919306	-1
SYCE3	chr22	50551109	50562954	50562954	-1
SYCN	chr19	39202825	39204283	39204283	-1
SYCP1	chr1	114854836	114995370	114854836	1
SYCP2	chr20	59863558	59933684	59933684	-1
SYCP2L	chr6	10886831	10979320	10886831	1
SYCP3	chr12	101728646	101739534	101739534	-1
SYDE1	chr19	15107296	15114988	15107296	1
SYDE2	chr1	85156511	85201751	85201751	-1
SYF2	chr1	25220702	25232509	25232509	-1
SYK	chr9	90801579	90898549	90801579	1
SYMPK	chr19	45815410	45866862	45866862	-1
SYN1	chrX	47571890	47619970	47619970	-1
SYN2	chr3	12004325	12192032	12004325	1
SYN3	chr22	32507820	33058388	33058388	-1
SYNC	chr1	32679412	32703596	32703596	-1
SYNCRIP	chr6	85607390	85644063	85644063	-1
SYNDIG1	chr20	24468025	24666616	24468025	1
SYNDIG1L	chr14	74405894	74426325	74426325	-1
SYNE1	chr6	152121687	152637801	152637801	-1
SYNE2	chr14	63761899	64228142	63761899	1
SYNE3	chr14	95407266	95516854	95516854	-1
SYNE4	chr19	36000545	36008831	36008831	-1
SYNGAP1	chr6	33419661	33453689	33419661	1
SYNGR1	chr22	39349856	39385760	39349856	1
SYNGR2	chr17	78168545	78176005	78168545	1
SYNGR3	chr16	1989637	1994275	1989637	1
SYNGR4	chr19	48364260	48376377	48364260	1
SYNJ1	chr21	32628756	32728395	32728395	-1
SYNJ2	chr6	157981824	158099176	157981824	1
SYNJ2BP	chr14	70366499	70417102	70417102	-1
SYNJ2BP-COX16	chr14	70326064	70417074	70417074	-1
SYNM	chr15	99098217	99135848	99098217	1
SYNPO	chr5	150601080	150659208	150601080	1
SYNPO2	chr4	118850688	119101481	118850688	1
SYNPO2L	chr10	73644881	73663803	73663803	-1
SYNPR	chr3	63228315	63616924	63228315	1
SYNRG	chr17	37514795	37609490	37609490	-1
SYP	chrX	49187807	49200218	49200218	-1
SYPL1	chr7	106086672	106112618	106112618	-1
SYPL2	chr1	109466529	109482142	109466529	1
SYS1	chr20	45359977	45376798	45359977	1
SYS1-DBNDD2	chr20	45363200	45410610	45363200	1
SYT1	chr12	78863650	79452009	78863650	1
SYT10	chr12	33373512	33439996	33439996	-1
SYT11	chr1	155859449	155885199	155859449	1
SYT12	chr11	67006772	67051110	67006772	1
SYT13	chr11	45240302	45286347	45286347	-1
SYT14	chr1	209900923	210171389	209900923	1
SYT15	chr10	46578217	46597107	46578217	1
SYT15B	chr10	47744717	47763592	47763592	-1
SYT16	chr14	61811849	62112550	61811849	1
SYT17	chr16	19167971	19268334	19167971	1
SYT2	chr1	202590596	202710526	202710526	-1
SYT3	chr19	50621307	50640040	50640040	-1
SYT4	chr18	43267079	43277535	43277535	-1
SYT5	chr19	55171196	55180328	55180328	-1
SYT6	chr1	114089291	114153880	114153880	-1
SYT7	chr11	61513714	61581201	61581201	-1
SYT8	chr11	1828307	1837521	1828307	1
SYT9	chr11	7238778	7469785	7238778	1
SYTL1	chr1	27342009	27353937	27342009	1
SYTL2	chr11	85694224	85811182	85811182	-1
SYTL3	chr6	158644387	158768361	158644387	1
SYTL4	chrX	100671783	100732154	100732154	-1
SYTL5	chrX	38006515	38128964	38006515	1
SYVN1	chr11	65121780	65146912	65146912	-1
SZRD1	chr1	16352575	16398147	16352575	1
SZT2	chr1	43389882	43454247	43389882	1
TAAR1	chr6	132643312	132659207	132659207	-1
TAAR2	chr6	132617022	132624275	132624275	-1
TAAR5	chr6	132588592	132589741	132589741	-1
TAAR6	chr6	132570322	132571359	132570322	1
TAAR8	chr6	132552672	132553756	132552672	1
TAAR9	chr6	132538277	132539336	132538277	1
TAB1	chr22	39399778	39437128	39399778	1
TAB2	chr6	149218641	149411901	149218641	1
TAB3	chrX	30827442	30975084	30975084	-1
TAC1	chr7	97731907	97740472	97731907	1
TAC3	chr12	57010000	57028883	57028883	-1
TAC4	chr17	49838300	49848071	49848071	-1
TACC1	chr8	38728157	38853028	38728157	1
TACC2	chr10	121989163	122254560	121989163	1
TACC3	chr4	1712858	1745178	1712858	1
TACO1	chr17	63600879	63612023	63600879	1
TACR1	chr2	75046463	75199526	75199526	-1
TACR2	chr10	69402885	69416923	69416923	-1
TACR3	chr4	103585817	103719986	103719986	-1
TACSTD2	chr1	58575433	58577252	58577252	-1
TADA1	chr1	166856375	166876360	166876360	-1
TADA2A	chr17	37406731	37479807	37406731	1
TADA2B	chr4	7041899	7100148	7041899	1
TADA3	chr3	9779964	9793011	9793011	-1
TAF1	chrX	71366129	71532374	71366129	1
TAF10	chr11	6606294	6612539	6612539	-1
TAF11	chr6	34829083	34889192	34889192	-1
TAF11L10	chr5	17597232	17597828	17597828	-1
TAF11L11	chr5	17604177	17605910	17604177	1
TAF11L12	chr5	17610392	17612111	17610392	1
TAF11L13	chr5	17632088	17632684	17632088	1
TAF11L14	chr5	17634460	17635053	17634460	1
TAF11L2	chr5	17498231	17498827	17498231	1
TAF11L3	chr5	17518367	17518963	17518367	1
TAF11L4	chr5	17521801	17522397	17521801	1
TAF11L5	chr5	17525235	17525831	17525235	1
TAF11L6	chr5	17528669	17529265	17528669	1
TAF11L7	chr5	17585162	17585758	17585758	-1
TAF11L8	chr5	17590364	17590960	17590960	-1
TAF11L9	chr5	17593798	17594394	17594394	-1
TAF12	chr1	28587829	28648364	28648364	-1
TAF13	chr1	109062489	109076014	109076014	-1
TAF15	chr17	35809475	35864615	35809475	1
TAF1A	chr1	222557901	222590162	222590162	-1
TAF1B	chr2	9843340	9934994	9843340	1
TAF1C	chr16	84177846	84187070	84187070	-1
TAF1D	chr11	93729948	93784391	93784391	-1
TAF1L	chr9	32629454	32635669	32635669	-1
TAF2	chr8	119730772	119832863	119832863	-1
TAF3	chr10	7818497	8016631	7818497	1
TAF4	chr20	61953469	62065881	62065881	-1
TAF4B	chr18	26226386	26391685	26226386	1
TAF5	chr10	103367948	103389323	103367948	1
TAF5L	chr1	229593111	229626134	229626134	-1
TAF6	chr7	100106876	100127187	100127187	-1
TAF6L	chr11	62771307	62787342	62771307	1
TAF7	chr5	141259884	141320784	141320784	-1
TAF7L	chrX	101268253	101293057	101293057	-1
TAF8	chr6	42050513	42087461	42050513	1
TAF9	chr5	69362026	69370026	69370026	-1
TAF9B	chrX	78126646	78139705	78139705	-1
TAFA1	chr3	68004247	68547279	68004247	1
TAFA2	chr12	61707341	62279150	62279150	-1
TAFA3	chr1	112718881	112729076	112718881	1
TAFA4	chr3	68731593	68953297	68953297	-1
TAFA5	chr22	48489186	48850912	48489186	1
TAFAZZIN	chrX	154409456	154421726	154409456	1
TAGAP	chr6	159034481	159095823	159095823	-1
TAGLN	chr11	117197509	117207464	117197509	1
TAGLN2	chr1	159918106	159925546	159925546	-1
TAGLN3	chr3	111998735	112013890	111998735	1
TAL1	chr1	47216290	47232225	47232225	-1
TAL2	chr9	105656229	105665420	105656229	1
TALDO1	chr11	747399	765035	747399	1
TAMALIN	chr12	52006941	52015893	52006941	1
TAMM41	chr3	11790442	11846919	11846919	-1
TANC1	chr2	158968503	159232692	158968503	1
TANC2	chr17	62966201	63427703	62966201	1
TANGO2	chr22	20016615	20067962	20016615	1
TANGO6	chr16	68843517	69086516	68843517	1
TANK	chr2	161136908	161236568	161136908	1
TAOK1	chr17	29390336	29551903	29390336	1
TAOK2	chr16	29973675	29992262	29973675	1
TAOK3	chr12	118149801	118372939	118372939	-1
TAP1	chr6	32845204	32854026	32854026	-1
TAP2	chr6	32821833	32838802	32838802	-1
TAPBP	chr6	33299694	33314284	33314284	-1
TAPBPL	chr12	6451690	6466517	6451690	1
TAPT1	chr4	16160505	16227606	16227606	-1
TARBP1	chr1	234391304	234479197	234479197	-1
TARBP2	chr12	53500921	53506431	53500921	1
TARDBP	chr1	11012344	11037991	11012344	1
TARM1	chr19	54069895	54081365	54081365	-1
TARP	chr7	38259643	38273636	38273636	-1
TARS1	chr5	33440696	33471929	33440696	1
TARS2	chr1	150487325	150507614	150487325	1
TARS3	chr15	101653575	101724565	101724565	-1
TAS1R1	chr1	6555303	6579755	6555303	1
TAS1R2	chr1	18839599	18859660	18859660	-1
TAS1R3	chr1	1331275	1335314	1331275	1
TAS2R1	chr5	9627347	9712378	9712378	-1
TAS2R10	chr12	10825219	10826358	10826358	-1
TAS2R13	chr12	10907926	10909562	10909562	-1
TAS2R14	chr12	10937408	11171573	11171573	-1
TAS2R16	chr7	122994704	122995700	122995700	-1
TAS2R19	chr12	11021619	11022620	11022620	-1
TAS2R20	chr12	10995961	10998304	10998304	-1
TAS2R3	chr7	141764097	141765197	141764097	1
TAS2R30	chr12	11132958	11134644	11134644	-1
TAS2R31	chr12	11030387	11031407	11031407	-1
TAS2R38	chr7	141972631	141973773	141973773	-1
TAS2R39	chr7	143183419	143184435	143183419	1
TAS2R4	chr7	141776674	141781691	141776674	1
TAS2R40	chr7	143222037	143223079	143222037	1
TAS2R41	chr7	143477873	143478796	143477873	1
TAS2R42	chr12	11185993	11186937	11186937	-1
TAS2R43	chr12	11091287	11092313	11092313	-1
TAS2R46	chr12	11061365	11062294	11062294	-1
TAS2R5	chr7	141790217	141791367	141790217	1
TAS2R50	chr12	10985913	10986912	10986912	-1
TAS2R60	chr7	143443453	143444409	143443453	1
TAS2R7	chr12	10801532	10802627	10802627	-1
TAS2R8	chr12	10806051	10807286	10807286	-1
TAS2R9	chr12	10809094	10810168	10810168	-1
TASL	chrX	30557703	30577921	30577921	-1
TASOR	chr3	56620132	56683305	56683305	-1
TASOR2	chr10	5684731	5765722	5684731	1
TASP1	chr20	13387216	13639109	13639109	-1
TAT	chr16	71565660	71577096	71577096	-1
TATDN1	chr8	124488485	124539458	124539458	-1
TATDN2	chr3	10248023	10281218	10248023	1
TATDN3	chr1	212791828	212816916	212791828	1
TAX1BP1	chr7	27739331	27844565	27739331	1
TAX1BP3	chr17	3659751	3668679	3668679	-1
TBATA	chr10	70771238	70785401	70785401	-1
TBC1D1	chr4	37890673	38139175	37890673	1
TBC1D10A	chr22	30291990	30326947	30326947	-1
TBC1D10B	chr16	30357102	30370529	30370529	-1
TBC1D10C	chr11	67398454	67410092	67398454	1
TBC1D12	chr10	94402377	94537452	94402377	1
TBC1D13	chr9	128787227	128810432	128787227	1
TBC1D14	chr4	6909240	7033118	6909240	1
TBC1D15	chr12	71839707	71927248	71839707	1
TBC1D16	chr17	79932343	80035887	80035887	-1
TBC1D17	chr19	49877501	49888751	49877501	1
TBC1D19	chr4	26576437	26761664	26576437	1
TBC1D2	chr9	98198999	98256427	98256427	-1
TBC1D20	chr20	423596	462566	462566	-1
TBC1D21	chr15	73873564	73889214	73873564	1
TBC1D22A	chr22	46762617	47175699	46762617	1
TBC1D22B	chr6	37257713	37332970	37257713	1
TBC1D23	chr3	100260780	100325251	100260780	1
TBC1D24	chr16	2475051	2509671	2475051	1
TBC1D25	chrX	48539623	48562613	48539623	1
TBC1D26	chr17	15732247	15746162	15732247	1
TBC1D28	chr17	18634247	18644427	18644427	-1
TBC1D2B	chr15	77984036	78077752	78077752	-1
TBC1D3	chr17	38181659	38194017	38194017	-1
TBC1D30	chr12	64759484	64881033	64759484	1
TBC1D31	chr8	123041968	123152257	123041968	1
TBC1D32	chr6	121079494	121334745	121334745	-1
TBC1D3B	chr17	36165683	36176636	36176636	-1
TBC1D3C	chr17	38057693	38068634	38068634	-1
TBC1D3D	chr17	38003976	38014908	38003976	1
TBC1D3E	chr17	38127951	38138868	38127951	1
TBC1D3F	chr17	36428612	36439566	36439566	-1
TBC1D3G	chr17	36323884	36334759	36323884	1
TBC1D3H	chr17	36377531	36388435	36388435	-1
TBC1D3I	chr17	36253456	36264570	36264570	-1
TBC1D3K	chr17	37924415	37935371	37924415	1
TBC1D3L	chr17	37978154	37989389	37989389	-1
TBC1D4	chr13	75283488	75482660	75482660	-1
TBC1D5	chr3	17157162	18444817	18444817	-1
TBC1D7	chr6	13266536	13328583	13328583	-1
TBC1D8	chr2	101005602	101252866	101252866	-1
TBC1D8B	chrX	106802662	106876150	106802662	1
TBC1D9	chr4	140620781	140757049	140757049	-1
TBC1D9B	chr5	179861160	179907933	179907933	-1
TBCA	chr5	77690172	77868780	77868780	-1
TBCB	chr19	36114289	36125948	36114289	1
TBCC	chr6	42744498	42746103	42746103	-1
TBCCD1	chr3	186546024	186570543	186570543	-1
TBCD	chr17	82751845	82945918	82751845	1
TBCE	chr1	235367360	235452443	235367360	1
TBCEL	chr11	121024070	121092082	121024070	1
TBCEL-TECTA	chr11	121024125	121113108	121024125	1
TBCK	chr4	106041599	106316683	106316683	-1
TBK1	chr12	64452090	64502116	64452090	1
TBKBP1	chr17	47694030	47712063	47694030	1
TBL1X	chrX	9463258	9741723	9463258	1
TBL1XR1	chr3	177019340	177228000	177228000	-1
TBL1Y	chrY	6910562	7101970	6910562	1
TBL2	chr7	73567537	73578791	73578791	-1
TBL3	chr16	1971972	1983056	1971972	1
TBP	chr6	170554266	170577194	170554266	1
TBPL1	chr6	133947770	133990432	133947770	1
TBPL2	chr14	55414210	55456726	55456726	-1
TBR1	chr2	161416206	161425870	161416206	1
TBRG1	chr11	124622792	124648640	124622792	1
TBRG4	chr7	45097497	45112048	45112048	-1
TBX1	chr22	19756703	19783593	19756703	1
TBX10	chr11	67631303	67639767	67639767	-1
TBX15	chr1	118883046	118989556	118989556	-1
TBX18	chr6	84687351	84764613	84764613	-1
TBX19	chr1	168280877	168314426	168280877	1
TBX2	chr17	61399630	61409466	61399630	1
TBX20	chr7	35202430	35254100	35254100	-1
TBX21	chr17	47733236	47746126	47733236	1
TBX22	chrX	80014747	80031908	80014747	1
TBX3	chr12	114670255	114684414	114684414	-1
TBX4	chr17	61451906	61485110	61451906	1
TBX5	chr12	114353911	114409103	114409103	-1
TBX6	chr16	30085793	30091933	30091933	-1
TBXA2R	chr19	3594506	3606900	3606900	-1
TBXAS1	chr7	139777051	140020325	139777051	1
TBXT	chr6	166157656	166168815	166168815	-1
TC2N	chr14	91779746	91867536	91867536	-1
TCAF1	chr7	143850360	143903890	143903890	-1
TCAF2	chr7	143620952	143732460	143620952	1
TCAF2C	chr7	143639230	143647646	143647646	-1
TCAIM	chr3	44338097	44409451	44338097	1
TCAP	chr17	39664990	39666554	39664990	1
TCEA1	chr8	53966552	54022508	54022508	-1
TCEA2	chr20	64049836	64072352	64049836	1
TCEA3	chr1	23370591	23425169	23425169	-1
TCEAL1	chrX	103628701	103630958	103628701	1
TCEAL2	chrX	102125130	102140426	102125130	1
TCEAL3	chrX	103607451	103629690	103607451	1
TCEAL4	chrX	103576231	103590355	103576231	1
TCEAL5	chrX	103273689	103277004	103277004	-1
TCEAL6	chrX	102140476	102142970	102142970	-1
TCEAL7	chrX	103310446	103332332	103310446	1
TCEAL8	chrX	103249397	103255207	103255207	-1
TCEAL9	chrX	103356162	103358696	103356162	1
TCEANC	chrX	13653078	13681964	13653078	1
TCEANC2	chr1	54052867	54112524	54052867	1
TCERG1	chr5	146447311	146511963	146447311	1
TCERG1L	chr10	131092391	131311781	131311781	-1
TCF12	chr15	56918099	57299707	56918099	1
TCF15	chr20	603801	610316	610316	-1
TCF19	chr6	31158331	31167252	31158331	1
TCF20	chr22	42160013	42343616	42343616	-1
TCF21	chr6	133889106	133896857	133889106	1
TCF23	chr2	27148999	27156974	27148999	1
TCF24	chr8	66946491	66962626	66962626	-1
TCF25	chr16	89873214	89913627	89873214	1
TCF3	chr19	1609291	1652911	1652911	-1
TCF4	chr18	55222185	55664787	55664787	-1
TCF7	chr5	134114645	134151865	134114645	1
TCF7L1	chr2	85133348	85310388	85133348	1
TCF7L2	chr10	112950015	113167678	112950015	1
TCFL5	chr20	62840997	62861840	62861840	-1
TCHH	chr1	152106317	152115444	152115444	-1
TCHHL1	chr1	152084141	152089064	152089064	-1
TCHP	chr12	109900264	109983841	109900264	1
TCIM	chr8	40153482	40155310	40153482	1
TCIRG1	chr11	68038977	68050899	68038977	1
TCL1A	chr14	95694156	95714196	95714196	-1
TCL1B	chr14	95686397	95692638	95686397	1
TCN1	chr11	59852800	59866489	59866489	-1
TCN2	chr22	30607003	30630712	30607003	1
TCOF1	chr5	150357629	150400510	150357629	1
TCP1	chr6	159778498	159789707	159789707	-1
TCP10L	chr21	32497967	32587373	32587373	-1
TCP11	chr6	35118071	35148610	35148610	-1
TCP11L1	chr11	33039417	33105943	33039417	1
TCP11L2	chr12	106301929	106347704	106301929	1
TCP11X1	chrX	102215298	102229532	102215298	1
TCP11X2	chrX	102456862	102471842	102471842	-1
TCTA	chr3	49412212	49455826	49412212	1
TCTN1	chr12	110614027	110663587	110614027	1
TCTN2	chr12	123671110	123708403	123671110	1
TCTN3	chr10	95659823	95694143	95694143	-1
TDG	chr12	103965799	103988874	103965799	1
TDO2	chr4	155854738	155921470	155854738	1
TDP1	chr14	89954939	90044820	89954939	1
TDP2	chr6	24649917	24667052	24667052	-1
TDRD1	chr10	114179270	114232666	114179270	1
TDRD10	chr1	154501508	154548147	154501508	1
TDRD12	chr19	32719735	32829580	32719735	1
TDRD15	chr2	21123968	21144368	21123968	1
TDRD3	chr13	60396457	60573879	60396457	1
TDRD5	chr1	179591613	179691272	179591613	1
TDRD6	chr6	46687875	46704319	46687875	1
TDRD7	chr9	97411974	97496125	97411974	1
TDRD9	chr14	103928424	104052682	103928424	1
TDRKH	chr1	151769799	151791416	151791416	-1
TDRP	chr8	451913	545781	545781	-1
TEAD1	chr11	12674371	12944751	12674371	1
TEAD2	chr19	49340389	49362729	49362729	-1
TEAD3	chr6	35473597	35497868	35497868	-1
TEAD4	chr12	2959031	3040676	2959031	1
TEC	chr4	48134633	48269858	48269858	-1
TECPR1	chr7	98214624	98252240	98252240	-1
TECPR2	chr14	102362933	102502477	102362933	1
TECR	chr19	14517085	14565988	14517085	1
TECRL	chr4	64275255	64409578	64409578	-1
TECTA	chr11	121101243	121191490	121101243	1
TECTB	chr10	112283400	112305047	112283400	1
TEDC1	chr14	105489855	105501129	105489855	1
TEDC2	chr16	2460085	2464963	2460085	1
TEDDM1	chr1	182398117	182400667	182400667	-1
TEF	chr22	41367333	41399326	41367333	1
TEFM	chr17	30897336	30906762	30906762	-1
TEK	chr9	27109030	27232092	27109030	1
TEKT1	chr17	6789133	6831761	6831761	-1
TEKT2	chr1	36084080	36088278	36084080	1
TEKT3	chr17	15303811	15341632	15341632	-1
TEKT4	chr2	94871381	94876832	94871381	1
TEKT5	chr16	10627501	10694930	10694930	-1
TEKTIP1	chr19	3539169	3544030	3539169	1
TEKTL1	chr19	15010726	15023276	15010726	1
TELO2	chr16	1493329	1512551	1493329	1
TEN1	chr17	75979212	76000587	75979212	1
TEN1-CDK3	chr17	75979231	76005999	75979231	1
TENM1	chrX	124375903	125204312	125204312	-1
TENM2	chr5	166979015	168264157	166979015	1
TENM3	chr4	182143918	182803024	182143918	1
TENM4	chr11	78652829	79441030	79441030	-1
TENT2	chr5	79611811	79688246	79611811	1
TENT4A	chr5	6713291	6757045	6713291	1
TENT4B	chr16	50152901	50235310	50152901	1
TENT5A	chr6	81491439	81752774	81752774	-1
TENT5B	chr1	27000133	27012884	27012884	-1
TENT5C	chr1	117605926	117628389	117605926	1
TENT5D	chrX	80335504	80445311	80335504	1
TEP1	chr14	20365667	20413507	20413507	-1
TEPSIN	chr17	81228277	81239095	81239095	-1
TERB1	chr16	66754640	66801620	66801620	-1
TERB2	chr15	44956687	44979229	44956687	1
TERF1	chr8	73008398	73048123	73008398	1
TERF2	chr16	69355464	69408571	69408571	-1
TERF2IP	chr16	75647725	75761872	75647725	1
TERT	chr5	1253147	1295086	1295086	-1
TES	chr7	116210493	116258919	116210493	1
TESC	chr12	117038923	117099479	117099479	-1
TESK1	chr9	35605235	35610328	35605235	1
TESK2	chr1	45343877	45491203	45491203	-1
TESMIN	chr11	68705313	68751569	68751569	-1
TESPA1	chr12	54948015	54989104	54989104	-1
TET1	chr10	68560285	68698063	68560285	1
TET2	chr4	105145875	105279816	105145875	1
TET3	chr2	73984910	74108177	73984910	1
TEX10	chr9	100301780	100352957	100352957	-1
TEX101	chr19	43401496	43418613	43401496	1
TEX11	chrX	70528940	70908711	70908711	-1
TEX12	chr11	112167313	112173057	112167313	1
TEX13A	chrX	105218929	105220694	105220694	-1
TEX13B	chrX	107980864	107982370	107982370	-1
TEX13C	chrX	125319871	125325216	125319871	1
TEX13D	chrX	124246249	124336863	124246249	1
TEX14	chr17	58556678	58692055	58692055	-1
TEX15	chr8	30831425	30913024	30913024	-1
TEX19	chr17	82359246	82363775	82359246	1
TEX2	chr17	64147227	64263293	64263293	-1
TEX22	chr14	105398525	105450106	105398525	1
TEX26	chr13	30932639	30982522	30932639	1
TEX261	chr2	70968325	70994873	70994873	-1
TEX264	chr3	51662693	51704323	51662693	1
TEX28	chrX	154271265	154295853	154295853	-1
TEX29	chr13	111316184	111344249	111316184	1
TEX30	chr13	102765816	102775375	102775375	-1
TEX35	chr1	178513108	178548602	178513108	1
TEX36	chr10	125576522	125683163	125683163	-1
TEX38	chr1	46668855	46673595	46668855	1
TEX44	chr2	231592864	231594276	231592864	1
TEX46	chr1	23010833	23019100	23019100	-1
TEX47	chr7	88794106	88795737	88795737	-1
TEX48	chr9	114666434	114682192	114682192	-1
TEX50	chr1	173635338	173637130	173635338	1
TEX51	chr2	126898864	126902097	126898864	1
TEX52	chr12	2849026	2857062	2857062	-1
TEX53	chr9	114656302	114662374	114662374	-1
TEX54	chr11	62832321	62832841	62832841	-1
TEX55	chr3	119146151	119160042	119146151	1
TEX9	chr15	56243971	56445997	56243971	1
TF	chr3	133745862	133796641	133745862	1
TFAM	chr10	58385345	58401706	58385345	1
TFAP2A	chr6	10393186	10419659	10419659	-1
TFAP2B	chr6	50818702	50847619	50818702	1
TFAP2C	chr20	56629306	56639283	56629306	1
TFAP2D	chr6	50713526	50773033	50713526	1
TFAP2E	chr1	35573309	35595590	35573309	1
TFAP4	chr16	4257186	4273075	4273075	-1
TFB1M	chr6	155253147	155314519	155314519	-1
TFB2M	chr1	246540561	246566290	246566290	-1
TFCP2	chr12	51093656	51173137	51173137	-1
TFCP2L1	chr2	121216587	121285263	121285263	-1
TFDP1	chr13	113584525	113641509	113584525	1
TFDP2	chr3	141944428	142149598	142149598	-1
TFDP3	chrX	133216662	133218354	133218354	-1
TFE3	chrX	49028726	49043512	49043512	-1
TFEB	chr6	41683978	41736259	41736259	-1
TFEC	chr7	115935148	116159896	116159896	-1
TFF1	chr21	42362282	42366541	42366541	-1
TFF2	chr21	42346357	42350997	42350997	-1
TFF3	chr21	42311667	42315530	42315530	-1
TFG	chr3	100709295	100793279	100709295	1
TFIP11	chr22	26490722	26512505	26512505	-1
TFPI	chr2	187463823	187565846	187565846	-1
TFPI2	chr7	93856698	93890957	93890957	-1
TFPT	chr19	54107015	54115666	54115666	-1
TFR2	chr7	100620416	100642779	100642779	-1
TFRC	chr3	196012511	196082162	196082162	-1
TG	chr8	132866953	133134903	132866953	1
TGDS	chr13	94574041	94596286	94596286	-1
TGFA	chr2	70447284	70554193	70554193	-1
TGFB1	chr19	41288203	41353961	41353961	-1
TGFB1I1	chr16	31471585	31478727	31471585	1
TGFB2	chr1	218345336	218444619	218345336	1
TGFB3	chr14	75958066	75983026	75983026	-1
TGFBI	chr5	136028854	136103902	136028854	1
TGFBR1	chr9	99104038	99154395	99104038	1
TGFBR2	chr3	30606478	30694249	30606478	1
TGFBR3	chr1	91680343	91906335	91906335	-1
TGFBR3L	chr19	7914760	7919097	7914760	1
TGFBRAP1	chr2	105264287	105330049	105330049	-1
TGIF1	chr18	3411608	3459978	3411608	1
TGIF2	chr20	36571894	36593950	36571894	1
TGIF2-RAB5IF	chr20	36574553	36612384	36574553	1
TGIF2LX	chrX	89921908	89922883	89921908	1
TGIF2LY	chrY	3579067	3580041	3579067	1
TGM1	chr14	24249114	24264432	24264432	-1
TGM2	chr20	38127385	38168463	38168463	-1
TGM3	chr20	2295994	2341177	2295994	1
TGM4	chr3	44874608	44914990	44874608	1
TGM5	chr15	43232590	43266933	43266933	-1
TGM6	chr20	2380901	2432753	2380901	1
TGM7	chr15	43276271	43302255	43302255	-1
TGOLN2	chr2	85311668	85328301	85328301	-1
TGS1	chr8	55773065	55827247	55773065	1
TH	chr11	2163929	2171968	2171968	-1
THADA	chr2	43230126	43596070	43596070	-1
THAP1	chr8	42836249	42843364	42843364	-1
THAP10	chr15	70881330	70892570	70892570	-1
THAP11	chr16	67842320	67844195	67842320	1
THAP12	chr11	76349813	76381144	76381144	-1
THAP2	chr12	71663968	71680644	71663968	1
THAP3	chr1	6624845	6635612	6624845	1
THAP4	chr2	241584405	241637581	241637581	-1
THAP5	chr7	108541198	108569750	108569750	-1
THAP6	chr4	75513946	75550473	75513946	1
THAP7	chr22	20999104	21002196	21002196	-1
THAP8	chr19	36033393	36054739	36054739	-1
THAP9	chr4	82900684	82920287	82900684	1
THBD	chr20	23045633	23049672	23049672	-1
THBS1	chr15	39580130	39599466	39580130	1
THBS2	chr6	169215780	169254060	169254060	-1
THBS3	chr1	155195584	155209203	155209203	-1
THBS4	chr5	79991311	80084042	79991311	1
THEM4	chr1	151870866	151909879	151909879	-1
THEM5	chr1	151847101	151853712	151853712	-1
THEM6	chr8	142727176	142736938	142727176	1
THEMIS	chr6	127706178	127918631	127918631	-1
THEMIS2	chr1	27872537	27887067	27872537	1
THG1L	chr5	157731402	157741449	157731402	1
THNSL1	chr10	25016574	25026859	25016574	1
THNSL2	chr2	88170295	88189578	88170295	1
THOC1	chr18	214249	268065	268065	-1
THOC2	chrX	123600561	123733061	123733061	-1
THOC3	chr5	175775484	176034680	176034680	-1
THOC5	chr22	29505879	29555216	29555216	-1
THOC6	chr16	3022541	3027755	3022541	1
THOC7	chr3	63833870	63864350	63864350	-1
THOP1	chr19	2785444	2815807	2785444	1
THPO	chr3	184367389	184381968	184381968	-1
THRA	chr17	40058290	40093867	40058290	1
THRAP3	chr1	36224392	36305376	36224392	1
THRB	chr3	24117153	24495756	24495756	-1
THRSP	chr11	78063660	78068351	78063660	1
THSD1	chr13	52360302	52416373	52416373	-1
THSD4	chr15	71096952	71783383	71096952	1
THSD7A	chr7	11370365	11832450	11832450	-1
THSD7B	chr2	136765545	137677718	136765545	1
THSD8	chr19	12802031	12813581	12802031	1
THTPA	chr14	23555988	23560778	23555988	1
THUMPD1	chr16	20702816	20742084	20742084	-1
THUMPD2	chr2	39733423	39779288	39779288	-1
THUMPD3	chr3	9362967	9389323	9362967	1
THY1	chr11	119415476	119424985	119424985	-1
THYN1	chr11	134247921	134253373	134253373	-1
TIA1	chr2	70209444	70248761	70248761	-1
TIAL1	chr10	119571802	119597181	119597181	-1
TIAM1	chr21	31117985	31559977	31559977	-1
TIAM2	chr6	154832697	155257922	154832697	1
TICAM1	chr19	4815932	4831749	4831749	-1
TICAM2	chr5	115578121	115602529	115602529	-1
TICRR	chr15	89575455	89631056	89575455	1
TIE1	chr1	43300958	43325215	43300958	1
TIFA	chr4	112272966	112302436	112302436	-1
TIFAB	chr5	135444226	135452388	135452388	-1
TIGAR	chr12	4307763	4360028	4307763	1
TIGD1	chr2	232543883	232550557	232550557	-1
TIGD2	chr4	89111522	89114901	89111522	1
TIGD3	chr11	65354746	65357613	65354746	1
TIGD4	chr4	152767910	152779778	152779778	-1
TIGD5	chr8	143597831	143603224	143597831	1
TIGD6	chr5	149992252	150001160	150001160	-1
TIGD7	chr16	3298390	3305729	3305729	-1
TIGIT	chr3	114276913	114310288	114276913	1
TIMD4	chr5	156918639	156963230	156963230	-1
TIMELESS	chr12	56416363	56449457	56449457	-1
TIMM10	chr11	57524761	57531031	57531031	-1
TIMM10B	chr11	6481446	6493041	6481446	1
TIMM13	chr19	2425624	2427593	2427593	-1
TIMM17A	chr1	201955476	201970780	201955476	1
TIMM17B	chrX	48880274	48898143	48898143	-1
TIMM21	chr18	74148512	74160531	74148512	1
TIMM22	chr17	997090	1003671	997090	1
TIMM23	chr10	45972479	46006801	45972479	1
TIMM23B	chr10	49942031	49977625	49942031	1
TIMM23B-AGAP6	chr10	49942056	50011654	49942056	1
TIMM29	chr19	10928716	10933535	10928716	1
TIMM44	chr19	7926715	7943773	7943773	-1
TIMM50	chr19	39479795	39493785	39479795	1
TIMM8A	chrX	101320050	101349001	101349001	-1
TIMM8B	chr11	112082730	112086799	112086799	-1
TIMM9	chr14	58398508	58427662	58427662	-1
TIMMDC1	chr3	119498515	119525090	119498515	1
TIMP1	chrX	47582227	47586793	47582227	1
TIMP2	chr17	78852977	78925396	78925396	-1
TIMP3	chr22	32801576	32863042	32801576	1
TIMP4	chr3	12149834	12159395	12159395	-1
TINAG	chr6	54307859	54390142	54307859	1
TINAGL1	chr1	31576357	31587691	31576357	1
TINCR	chr19	5552723	5578349	5578349	-1
TINF2	chr14	24234009	24242666	24242666	-1
TIPARP	chr3	156673235	156706770	156673235	1
TIPIN	chr15	66336191	66386756	66386756	-1
TIPRL	chr1	168178820	168202114	168178820	1
TIRAP	chr11	126282497	126298845	126282497	1
TJAP1	chr6	43477523	43506562	43477523	1
TJP1	chr15	29699167	29969078	29969078	-1
TJP2	chr9	69121264	69274641	69121264	1
TJP3	chr19	3708310	3750813	3708310	1
TK1	chr17	78172779	78187233	78187233	-1
TK2	chr16	66508003	66552544	66552544	-1
TKFC	chr11	61333205	61354339	61333205	1
TKT	chr3	53223040	53256055	53256055	-1
TKTL1	chrX	154295795	154330350	154295795	1
TKTL2	chr4	163471095	163473754	163473754	-1
TLCD1	chr17	28723435	28727935	28727935	-1
TLCD2	chr17	1688598	1710639	1710639	-1
TLCD3A	chr17	732412	743009	732412	1
TLCD3B	chr16	30024425	30052978	30052978	-1
TLCD4	chr1	95096670	95197607	95096670	1
TLCD4-RWDD3	chr1	95117923	95247225	95117923	1
TLCD5	chr11	120325180	120335122	120325180	1
TLDC2	chr20	36873061	36898931	36873061	1
TLE1	chr9	81582313	81689681	81689681	-1
TLE2	chr19	2997632	3047635	3047635	-1
TLE3	chr15	70047774	70098176	70098176	-1
TLE4	chr9	79571773	79726882	79571773	1
TLE5	chr19	3052908	3063112	3063112	-1
TLE6	chr19	2977538	2995179	2977538	1
TLE7	chr16	71429980	71442054	71442054	-1
TLK1	chr2	170990823	171231314	171231314	-1
TLK2	chr17	62458658	62615481	62458658	1
TLL1	chr4	165873058	166105178	165873058	1
TLL2	chr10	96364608	96513958	96513958	-1
TLN1	chr9	35696925	35732212	35732212	-1
TLN2	chr15	62390489	62844631	62390489	1
TLNRD1	chr15	81000923	81005788	81000923	1
TLR1	chr4	38787555	38856817	38856817	-1
TLR10	chr4	38772238	38782990	38782990	-1
TLR2	chr4	153684050	153708537	153684050	1
TLR3	chr4	186068911	186088073	186068911	1
TLR4	chr9	117704170	117724735	117704170	1
TLR5	chr1	223108387	223143318	223143318	-1
TLR6	chr4	38822897	38856901	38856901	-1
TLR7	chrX	12866994	12890361	12866994	1
TLR8	chrX	12906620	12923169	12906620	1
TLR9	chr3	52221080	52225651	52225651	-1
TLX1	chr10	101131011	101137789	101131011	1
TLX2	chr2	74513463	74517148	74513463	1
TLX3	chr5	171309191	171312139	171309191	1
TM2D1	chr1	61673636	61725423	61725423	-1
TM2D2	chr8	38988808	38996824	38996824	-1
TM2D3	chr15	101555713	101652401	101652401	-1
TM4SF1	chr3	149369022	149377729	149377729	-1
TM4SF18	chr3	149318498	149334414	149334414	-1
TM4SF19	chr3	196319342	196338604	196338604	-1
TM4SF19-DYNLT2B	chr3	196316082	196338373	196338373	-1
TM4SF20	chr2	227362038	227381995	227381995	-1
TM4SF4	chr3	149473937	149503394	149473937	1
TM4SF5	chr17	4771835	4783220	4771835	1
TM6SF1	chr15	83107369	83161068	83107369	1
TM6SF2	chr19	19263385	19273406	19273406	-1
TM7SF2	chr11	65111845	65116677	65111845	1
TM7SF3	chr12	26954298	27014507	27014507	-1
TM9SF1	chr14	24189140	24196287	24196287	-1
TM9SF2	chr13	99446311	99564048	99446311	1
TM9SF3	chr10	96518110	96587452	96587452	-1
TM9SF4	chr20	32109570	32174005	32109570	1
TMA16	chr4	163494442	163527120	163494442	1
TMA7	chr3	48440213	48444218	48440213	1
TMA7B	chr22	39960397	39964905	39960397	1
TMBIM1	chr2	218274193	218292589	218292589	-1
TMBIM4	chr12	66135846	66170074	66170074	-1
TMBIM6	chr12	49707725	49764935	49707725	1
TMC1	chr9	72521608	72838297	72521608	1
TMC2	chr20	2536573	2643580	2536573	1
TMC3	chr15	81331088	81374219	81374219	-1
TMC4	chr19	54160095	54173250	54173250	-1
TMC5	chr16	19410428	19499117	19410428	1
TMC6	chr17	78107397	78132579	78132579	-1
TMC7	chr16	18983928	19063947	18983928	1
TMC8	chr17	78130770	78142968	78130770	1
TMCC1	chr3	129647792	129893778	129893778	-1
TMCC2	chr1	205227912	205285632	205227912	1
TMCC3	chr12	94567122	94650614	94650614	-1
TMCO1	chr1	165723729	165827755	165827755	-1
TMCO2	chr1	40245947	40251684	40245947	1
TMCO4	chr1	19682207	19800500	19800500	-1
TMCO5A	chr15	37921858	37967724	37921858	1
TMCO6	chr5	140639396	140647730	140639396	1
TMDD1	chr12	51813921	51814925	51814925	-1
TMED1	chr19	10832067	10836330	10836330	-1
TMED10	chr14	75131106	75176652	75176652	-1
TMED2	chr12	123584514	123598582	123584514	1
TMED3	chr15	79219934	79427432	79219934	1
TMED4	chr7	44576392	44582309	44582309	-1
TMED5	chr1	93054822	93181131	93181131	-1
TMED6	chr16	69343018	69351811	69351811	-1
TMED7	chr5	115607318	115634830	115634830	-1
TMED7-TICAM2	chr5	115578642	115626161	115626161	-1
TMED8	chr14	77335024	77377348	77377348	-1
TMED9	chr5	177592174	177597242	177592174	1
TMEFF1	chr9	100473084	100577636	100473084	1
TMEFF2	chr2	191904245	192195246	192195246	-1
TMEM100	chr17	55718739	55732121	55732121	-1
TMEM101	chr17	44008986	44023946	44023946	-1
TMEM102	chr17	7435344	7437679	7435344	1
TMEM106A	chr17	43211835	43220041	43211835	1
TMEM106B	chr7	12210931	12243367	12210931	1
TMEM106C	chr12	47963543	47970504	47963543	1
TMEM107	chr17	8172440	8176408	8176408	-1
TMEM108	chr3	133038276	133397775	133038276	1
TMEM109	chr11	60912521	60923443	60912521	1
TMEM11	chr17	21193990	21214620	21214620	-1
TMEM114	chr16	8537605	8590511	8590511	-1
TMEM115	chr3	50352820	50359566	50359566	-1
TMEM116	chr12	111893714	112014271	112014271	-1
TMEM117	chr12	43835749	44389762	43835749	1
TMEM119	chr12	108589851	108598320	108598320	-1
TMEM120A	chr7	75973304	75994669	75994669	-1
TMEM120B	chr12	121712725	121783001	121712725	1
TMEM121	chr14	105525996	105530205	105525996	1
TMEM121B	chr22	17116297	17121367	17121367	-1
TMEM123	chr11	102396329	102470384	102470384	-1
TMEM125	chr1	43269976	43274007	43269976	1
TMEM126A	chr11	85647956	85656547	85647956	1
TMEM126B	chr11	85628556	85638965	85628556	1
TMEM127	chr2	96248500	96266082	96266082	-1
TMEM128	chr4	4235541	4248372	4248372	-1
TMEM129	chr4	1715951	1721367	1721367	-1
TMEM130	chr7	98846478	98870771	98870771	-1
TMEM131	chr2	97756333	97996226	97996226	-1
TMEM131L	chr4	153466307	153637612	153466307	1
TMEM132A	chr11	60924453	60937159	60924453	1
TMEM132B	chr12	125186386	125662377	125186386	1
TMEM132C	chr12	128267163	128707911	128267163	1
TMEM132D	chr12	129071725	129904210	129904210	-1
TMEM132E	chr17	34579487	34639318	34579487	1
TMEM134	chr11	67461710	67469291	67469291	-1
TMEM135	chr11	87037824	87328824	87037824	1
TMEM138	chr11	61361964	61377890	61361964	1
TMEM139	chr7	143279937	143288240	143279937	1
TMEM140	chr7	135148028	135166519	135148028	1
TMEM141	chr9	136791303	136793317	136791303	1
TMEM143	chr19	48329918	48364245	48364245	-1
TMEM144	chr4	158201604	158255416	158201604	1
TMEM145	chr19	42313299	42325064	42313299	1
TMEM147	chr19	35545600	35547527	35545600	1
TMEM14A	chr6	52671072	52686592	52671072	1
TMEM14B	chr6	10747695	10866590	10747695	1
TMEM14C	chr6	10722915	10731141	10722915	1
TMEM150A	chr2	85598547	85603201	85603201	-1
TMEM150B	chr19	55309440	55334048	55334048	-1
TMEM150C	chr4	82483170	82562357	82562357	-1
TMEM151A	chr11	66291832	66299036	66291832	1
TMEM151B	chr6	44270450	44307506	44270450	1
TMEM154	chr4	152618628	152680051	152680051	-1
TMEM156	chr4	38965999	39032922	39032922	-1
TMEM158	chr3	45224466	45226287	45226287	-1
TMEM160	chr19	47045909	47048650	47048650	-1
TMEM161A	chr19	19119148	19138513	19138513	-1
TMEM161B	chr5	88185575	88269476	88269476	-1
TMEM163	chr2	134455759	134719168	134719168	-1
TMEM164	chrX	110002631	110334219	110002631	1
TMEM165	chr4	55395624	55453888	55395624	1
TMEM167A	chr5	83022799	83077863	83077863	-1
TMEM167B	chr1	109090362	109096935	109090362	1
TMEM168	chr7	112762335	112790715	112790715	-1
TMEM169	chr2	216081866	216102783	216081866	1
TMEM17	chr2	62500218	62511894	62511894	-1
TMEM170A	chr16	75443054	75465497	75465497	-1
TMEM170B	chr6	11537679	11583524	11537679	1
TMEM171	chr5	73120547	73131823	73120547	1
TMEM174	chr5	73173193	73175143	73173193	1
TMEM175	chr4	932153	958989	932153	1
TMEM176A	chr7	150799598	150805122	150799598	1
TMEM176B	chr7	150789455	150823877	150823877	-1
TMEM177	chr2	119679137	119690407	119679137	1
TMEM178A	chr2	39664982	39718982	39664982	1
TMEM178B	chr7	141074038	141480380	141074038	1
TMEM179	chr14	104474678	104605647	104605647	-1
TMEM179B	chr11	62787375	62792166	62787375	1
TMEM18	chr2	663877	677470	677470	-1
TMEM181	chr6	158536436	158635519	158536436	1
TMEM182	chr2	102736905	103019900	102736905	1
TMEM183A	chr1	203006598	203025368	203006598	1
TMEM184A	chr7	1542235	1560821	1560821	-1
TMEM184B	chr22	38215914	38273805	38273805	-1
TMEM184C	chr4	147617374	147672044	147617374	1
TMEM185A	chrX	149596551	149631912	149631912	-1
TMEM185B	chr2	120217479	120223400	120223400	-1
TMEM186	chr16	8778233	8797763	8797763	-1
TMEM187	chrX	153972290	153983194	153972290	1
TMEM19	chr12	71686063	71705047	71686063	1
TMEM190	chr19	55376816	55378246	55376816	1
TMEM191B	chr22	18527802	18530573	18527802	1
TMEM191C	chr22	21466423	21471269	21466423	1
TMEM192	chr4	165070608	165208549	165208549	-1
TMEM196	chr7	19719315	19773633	19773633	-1
TMEM198	chr2	219543130	219550595	219543130	1
TMEM200A	chr6	130365404	130443424	130365404	1
TMEM200B	chr1	29119426	29123935	29123935	-1
TMEM200C	chr18	5882072	5896084	5896084	-1
TMEM201	chr1	9588718	9614879	9588718	1
TMEM202	chr15	72398302	72408367	72398302	1
TMEM203	chr9	137204082	137205648	137205648	-1
TMEM204	chr16	1528674	1555580	1528674	1
TMEM205	chr19	11342775	11346534	11346534	-1
TMEM207	chr3	190428655	190449901	190449901	-1
TMEM208	chr16	67227103	67229281	67227103	1
TMEM209	chr7	130164713	130207770	130207770	-1
TMEM210	chr9	137170858	137172056	137172056	-1
TMEM212	chr3	171843338	171938715	171843338	1
TMEM213	chr7	138797952	138838711	138797952	1
TMEM214	chr2	27032910	27041697	27032910	1
TMEM215	chr9	32783535	32789201	32783535	1
TMEM216	chr11	61392393	61400408	61392393	1
TMEM217	chr6	37212180	37258155	37258155	-1
TMEM217B	chr6	37212181	37258155	37258155	-1
TMEM218	chr11	125094379	125111870	125111870	-1
TMEM219	chr16	29940885	29973052	29940885	1
TMEM220	chr17	10699015	10730380	10730380	-1
TMEM221	chr19	17435509	17448679	17448679	-1
TMEM222	chr1	27322139	27336401	27322139	1
TMEM223	chr11	62771629	62792022	62792022	-1
TMEM225	chr11	123882920	123885670	123885670	-1
TMEM225B	chr7	99597868	99611045	99597868	1
TMEM229A	chr7	124030921	124033067	124033067	-1
TMEM229B	chr14	67447084	67533878	67533878	-1
TMEM230	chr20	5068232	5113452	5113452	-1
TMEM231	chr16	75536573	75556289	75556289	-1
TMEM232	chr5	110289233	110738960	110738960	-1
TMEM233	chr12	119593559	119643075	119593559	1
TMEM234	chr1	32214432	32222361	32222361	-1
TMEM235	chr17	78231287	78240987	78231287	1
TMEM236	chr10	17752201	17800868	17752201	1
TMEM237	chr2	201620184	201643570	201643570	-1
TMEM238	chr19	55379244	55384305	55384305	-1
TMEM238L	chr17	10794908	10804104	10804104	-1
TMEM239	chr20	2816302	2820284	2816302	1
TMEM240	chr1	1534778	1540624	1540624	-1
TMEM242	chr6	157285350	157324256	157324256	-1
TMEM243	chr7	87191688	87220597	87220597	-1
TMEM244	chr6	129827945	129861547	129861547	-1
TMEM245	chr9	109015135	109119975	109119975	-1
TMEM247	chr2	46479565	46484425	46479565	1
TMEM248	chr7	66921160	66958551	66921160	1
TMEM25	chr11	118530636	118548273	118530636	1
TMEM250	chr9	136113067	136118946	136118946	-1
TMEM252	chr9	68534940	68540884	68540884	-1
TMEM253	chr14	21098811	21103724	21098811	1
TMEM254	chr10	80078641	80092862	80078641	1
TMEM255A	chrX	120258650	120311556	120311556	-1
TMEM255B	chr13	113759194	113816995	113759194	1
TMEM256	chr17	7402774	7404138	7404138	-1
TMEM256-PLSCR3	chr17	7389734	7404097	7404097	-1
TMEM258	chr11	61768455	61792802	61792802	-1
TMEM259	chr19	1009615	1021270	1021270	-1
TMEM26	chr10	61406639	61453390	61453390	-1
TMEM260	chr14	56488354	56650606	56488354	1
TMEM263	chr12	106955667	106978882	106955667	1
TMEM265	chr16	30737880	30745196	30737880	1
TMEM266	chr15	76059916	76229121	76059916	1
TMEM267	chr5	43444249	43484476	43484476	-1
TMEM268	chr9	114611206	114646422	114611206	1
TMEM269	chr1	42784991	42816619	42784991	1
TMEM270	chr7	73861159	73865891	73861159	1
TMEM271	chr4	573880	576295	576295	-1
TMEM272	chr13	51813347	51845272	51845272	-1
TMEM273	chr10	49153753	49188585	49188585	-1
TMEM275	chr1	46532166	46544566	46544566	-1
TMEM276	chr8	144463817	144466890	144466890	-1
TMEM276-ZFTRAF1	chr8	144449582	144465430	144465430	-1
TMEM278	chr1	1425871	1430255	1425871	1
TMEM30A	chr6	75252924	75284948	75284948	-1
TMEM30B	chr14	61277370	61281761	61281761	-1
TMEM31	chrX	103710909	103714036	103710909	1
TMEM33	chr4	41934380	41960803	41934380	1
TMEM35A	chrX	101078870	101096367	101078870	1
TMEM35B	chr1	34981380	34985350	34985350	-1
TMEM37	chr2	119429901	119448664	119429901	1
TMEM38A	chr19	16660370	16690041	16660370	1
TMEM38B	chr9	105694340	105776629	105694340	1
TMEM39A	chr3	119428949	119468854	119468854	-1
TMEM39B	chr1	32072031	32102866	32072031	1
TMEM40	chr3	12733528	12769457	12769457	-1
TMEM41A	chr3	185475950	185499096	185499096	-1
TMEM41B	chr11	9280654	9314687	9314687	-1
TMEM42	chr3	44861857	44867848	44861857	1
TMEM43	chr3	14124998	14143681	14124998	1
TMEM44	chr3	194587673	194633689	194633689	-1
TMEM45A	chr3	100492219	100579281	100492219	1
TMEM45B	chr11	129815786	129862079	129815786	1
TMEM47	chrX	34627075	34657333	34657333	-1
TMEM50A	chr1	25337915	25362362	25337915	1
TMEM50B	chr21	33432190	33480004	33480004	-1
TMEM51	chr1	15152498	15220484	15152498	1
TMEM52	chr1	1917589	1919329	1919329	-1
TMEM52B	chr12	10170512	10191807	10170512	1
TMEM53	chr1	44635237	44674619	44674619	-1
TMEM54	chr1	32894593	32901440	32901440	-1
TMEM59	chr1	54026681	54053504	54053504	-1
TMEM59L	chr19	18607335	18621050	18607335	1
TMEM60	chr7	77793728	77799723	77799723	-1
TMEM61	chr1	54886833	54992296	54886833	1
TMEM62	chr15	43123279	43185144	43123279	1
TMEM63A	chr1	225845532	225884122	225884122	-1
TMEM63B	chr6	44126614	44155520	44126614	1
TMEM63C	chr14	77116568	77259498	77116568	1
TMEM64	chr8	90621995	90791632	90791632	-1
TMEM65	chr8	124305120	124372711	124372711	-1
TMEM67	chr8	93754840	93819234	93754840	1
TMEM68	chr8	55696424	55773417	55773417	-1
TMEM69	chr1	45688149	45718150	45688149	1
TMEM70	chr8	73972437	73986514	73972437	1
TMEM71	chr8	132685007	132760712	132760712	-1
TMEM72	chr10	44911215	44937010	44911215	1
TMEM74	chr8	108606850	108787624	108787624	-1
TMEM74B	chr20	1178989	1186842	1186842	-1
TMEM79	chr1	156282928	156293185	156282928	1
TMEM80	chr11	695011	705028	695011	1
TMEM81	chr1	205083129	205084460	205084460	-1
TMEM82	chr1	15742488	15747982	15742488	1
TMEM86A	chr11	18693122	18705736	18693122	1
TMEM86B	chr19	55226524	55228784	55228784	-1
TMEM87A	chr15	42209667	42274128	42274128	-1
TMEM87B	chr2	112055202	112119870	112055202	1
TMEM88	chr17	7855057	7856114	7855057	1
TMEM89	chr3	48620759	48621769	48621769	-1
TMEM8B	chr9	35814451	35865518	35814451	1
TMEM9	chr1	201134772	201172330	201172330	-1
TMEM91	chr19	41350885	41384742	41350885	1
TMEM92	chr17	50271406	50281916	50271406	1
TMEM94	chr17	75441159	75500452	75441159	1
TMEM95	chr17	7355123	7357219	7355123	1
TMEM97	chr17	28319097	28332671	28319097	1
TMEM98	chr17	32917424	32945259	32917424	1
TMEM9B	chr11	8946992	8965011	8965011	-1
TMF1	chr3	69019827	69052382	69052382	-1
TMIE	chr3	46694528	46710886	46694528	1
TMIGD1	chr17	30310988	30334098	30334098	-1
TMIGD2	chr19	4292227	4302431	4302431	-1
TMIGD3	chr1	111480668	111563962	111563962	-1
TMLHE	chrX	155414745	155719107	155719107	-1
TMOD1	chr9	97501180	97606817	97501180	1
TMOD2	chr15	51751564	51816363	51751564	1
TMOD3	chr15	51829626	51947295	51829626	1
TMOD4	chr1	151169984	151176284	151176284	-1
TMPO	chr12	98515483	98550351	98515483	1
TMPPE	chr3	33083568	33097229	33097229	-1
TMPRSS11A	chr4	67909395	67964140	67964140	-1
TMPRSS11B	chr4	68226653	68245694	68245694	-1
TMPRSS11D	chr4	67820876	67884002	67884002	-1
TMPRSS11E	chr4	68447428	68500544	68447428	1
TMPRSS11F	chr4	68053198	68129869	68129869	-1
TMPRSS12	chr12	50842920	50887884	50842920	1
TMPRSS13	chr11	117900641	117929459	117929459	-1
TMPRSS15	chr21	18269116	18485879	18485879	-1
TMPRSS2	chr21	41464296	41531116	41531116	-1
TMPRSS3	chr21	42371840	42396122	42396122	-1
TMPRSS4	chr11	118076986	118125510	118076986	1
TMPRSS5	chr11	113687543	113706390	113706390	-1
TMPRSS6	chr22	37065005	37110890	37110890	-1
TMPRSS7	chr3	112034736	112081269	112034736	1
TMPRSS9	chr19	2360238	2426261	2360238	1
TMSB10	chr2	84904923	84906680	84904923	1
TMSB15A	chrX	102513670	102516795	102516795	-1
TMSB15B	chrX	103918815	103966712	103918815	1
TMSB15C	chrX	104063871	104076236	104076236	-1
TMSB4X	chrX	12975003	12977228	12975003	1
TMSB4Y	chrY	13702892	13707652	13702892	1
TMT1A	chr12	50923472	50932510	50923472	1
TMT1B	chr12	55681445	55695748	55681445	1
TMTC1	chr12	29500826	29784759	29784759	-1
TMTC2	chr12	82686880	83134870	82686880	1
TMTC3	chr12	88142181	88199887	88142181	1
TMTC4	chr13	100603625	100675633	100675633	-1
TMUB1	chr7	151081082	151083533	151083533	-1
TMUB2	chr17	44186955	44191931	44186955	1
TMX1	chr14	51240152	51259059	51240152	1
TMX2	chr11	57712365	57742987	57712365	1
TMX3	chr18	68673688	68715210	68715210	-1
TMX4	chr20	7976690	8019829	8019829	-1
TNC	chr9	115019575	115118257	115118257	-1
TNF	chr6	31575558	31578336	31575558	1
TNFAIP1	chr17	28335572	28349943	28335572	1
TNFAIP2	chr14	103121265	103137441	103121265	1
TNFAIP3	chr6	137866383	137885836	137866383	1
TNFAIP6	chr2	151357585	151380931	151357585	1
TNFAIP8	chr5	119268691	119399688	119268691	1
TNFAIP8L1	chr19	4639503	4655568	4639503	1
TNFAIP8L2	chr1	151156621	151160255	151156621	1
TNFAIP8L3	chr15	51053489	51105276	51105276	-1
TNFRSF10A	chr8	23183123	23225145	23225145	-1
TNFRSF10B	chr8	23020133	23069121	23069121	-1
TNFRSF10C	chr8	23102921	23122014	23102921	1
TNFRSF10D	chr8	23135588	23164030	23164030	-1
TNFRSF11A	chr18	62325086	62391288	62325086	1
TNFRSF11B	chr8	118923557	118952251	118952251	-1
TNFRSF12A	chr16	3018445	3022385	3018445	1
TNFRSF13B	chr17	16929816	16972118	16972118	-1
TNFRSF13C	chr22	41922032	41926806	41926806	-1
TNFRSF14	chr1	2554244	2565382	2554244	1
TNFRSF17	chr16	11965138	11968068	11965138	1
TNFRSF18	chr1	1203508	1206814	1206814	-1
TNFRSF19	chr13	23570194	23676105	23570194	1
TNFRSF1A	chr12	6328757	6342114	6342114	-1
TNFRSF1B	chr1	12166970	12209228	12166970	1
TNFRSF21	chr6	47231531	47310006	47310006	-1
TNFRSF25	chr1	6460786	6466190	6466190	-1
TNFRSF4	chr1	1211326	1214153	1214153	-1
TNFRSF6B	chr20	63696368	63698689	63696368	1
TNFRSF8	chr1	12063079	12144221	12063079	1
TNFRSF9	chr1	7915871	7943165	7943165	-1
TNFSF10	chr3	172505503	172523529	172523529	-1
TNFSF11	chr13	42562736	42608013	42562736	1
TNFSF12	chr17	7548508	7557890	7548508	1
TNFSF12-TNFSF13	chr17	7549099	7561601	7549099	1
TNFSF13	chr17	7558251	7561660	7558251	1
TNFSF13B	chr13	108251240	108308484	108251240	1
TNFSF14	chr19	6658085	6670621	6670621	-1
TNFSF15	chr9	114784652	114806094	114806094	-1
TNFSF18	chr1	173039202	173050941	173050941	-1
TNFSF4	chr1	173162645	173477583	173477583	-1
TNFSF8	chr9	114893343	114930596	114930596	-1
TNFSF9	chr19	6530985	6535926	6530985	1
TNIK	chr3	171058414	171460473	171460473	-1
TNIP1	chr5	151029935	151093577	151093577	-1
TNIP2	chr4	2741648	2756406	2756406	-1
TNIP3	chr4	121129422	121227615	121227615	-1
TNK1	chr17	7380534	7389779	7380534	1
TNK2	chr3	195863364	195911945	195911945	-1
TNKS	chr8	9555906	9782346	9555906	1
TNKS1BP1	chr11	57299588	57325682	57325682	-1
TNKS2	chr10	91798357	91866753	91798357	1
TNMD	chrX	100584929	100601108	100584929	1
TNN	chr1	175067509	175148075	175067509	1
TNNC1	chr3	52451082	52454071	52454071	-1
TNNC2	chr20	45823214	45833745	45833745	-1
TNNI1	chr1	201403784	201429866	201429866	-1
TNNI2	chr11	1838971	1841680	1838971	1
TNNI3	chr19	55151763	55157774	55157774	-1
TNNI3K	chr1	74235285	74544432	74235285	1
TNNT1	chr19	55131662	55149351	55149351	-1
TNNT2	chr1	201356606	201379773	201379773	-1
TNNT3	chr11	1919456	1938711	1919456	1
TNP1	chr2	216859458	216865732	216865732	-1
TNP2	chr16	11267748	11269533	11269533	-1
TNPO1	chr5	72816312	72916741	72816312	1
TNPO2	chr19	12699111	12724011	12724011	-1
TNPO3	chr7	128954180	129055208	129055208	-1
TNR	chr1	175315194	175743704	175743704	-1
TNRC18	chr7	5306790	5425414	5425414	-1
TNRC6A	chr16	24610209	24827632	24610209	1
TNRC6B	chr22	40044756	40335808	40044756	1
TNRC6C	chr17	77958613	78108822	77958613	1
TNS1	chr2	217799588	218033982	218033982	-1
TNS2	chr12	53046969	53064621	53046969	1
TNS3	chr7	47275149	47582633	47582633	-1
TNS4	chr17	40475828	40501630	40501630	-1
TNXB	chr6	32041153	32115334	32115334	-1
TOB1	chr17	50861311	50867978	50867978	-1
TOB2	chr22	41433489	41447602	41447602	-1
TOE1	chr1	45339938	45345623	45339938	1
TOGARAM1	chr14	44962183	45074431	44962183	1
TOGARAM2	chr2	28956506	29052236	28956506	1
TOLLIP	chr11	1264771	1310258	1310258	-1
TOM1	chr22	35299275	35351740	35299275	1
TOM1L1	chr17	54899387	54963841	54899387	1
TOM1L2	chr17	17843507	17972470	17972470	-1
TOMM20	chr1	235109337	235128962	235128962	-1
TOMM20L	chr14	58395928	58408702	58395928	1
TOMM22	chr22	38681924	38687684	38681924	1
TOMM34	chr20	44942130	44960449	44960449	-1
TOMM40	chr19	44890569	44903695	44890569	1
TOMM40L	chr1	161225939	161233755	161225939	1
TOMM5	chr9	37582646	37592619	37592619	-1
TOMM6	chr6	41787620	41872570	41787620	1
TOMM7	chr7	22812628	22822891	22822891	-1
TOMM70	chr3	100363431	100401423	100401423	-1
TOMT	chr11	72103506	72111546	72103506	1
TONSL	chr8	144428763	144444488	144444488	-1
TOP1	chr20	41028815	41124487	41028815	1
TOP1MT	chr8	143301453	143359979	143359979	-1
TOP2A	chr17	40388521	40417941	40417941	-1
TOP2B	chr3	25597978	25664973	25664973	-1
TOP3A	chr17	18271428	18315025	18315025	-1
TOP3B	chr22	21957025	21982818	21982818	-1
TOP6BL	chr11	66744451	66843516	66744451	1
TOPAZ1	chr3	44241886	44332098	44241886	1
TOPBP1	chr3	133598175	133662380	133662380	-1
TOPORS	chr9	32540544	32552611	32552611	-1
TOR1A	chr9	129812942	129824247	129824247	-1
TOR1AIP1	chr1	179882042	179921442	179882042	1
TOR1AIP2	chr1	179839967	179883034	179883034	-1
TOR1B	chr9	129803131	129813640	129803131	1
TOR2A	chr9	127731516	127735355	127735355	-1
TOR3A	chr1	179081854	179098028	179081854	1
TOR4A	chr9	137274854	137282641	137274854	1
TOX	chr8	58805412	59119310	59119310	-1
TOX2	chr20	43914802	44069616	43914802	1
TOX3	chr16	52436417	52547802	52547802	-1
TOX4	chr14	21476597	21504234	21476597	1
TP53	chr17	7661779	7687546	7687546	-1
TP53AIP1	chr11	128934731	128943399	128943399	-1
TP53BP1	chr15	43403061	43510728	43510728	-1
TP53BP2	chr1	223779893	223846012	223846012	-1
TP53I11	chr11	44885903	44951306	44951306	-1
TP53I13	chr17	29566052	29582340	29566052	1
TP53I3	chr2	24077433	24085861	24085861	-1
TP53INP1	chr8	94925972	94949400	94949400	-1
TP53INP2	chr20	34701662	34713442	34701662	1
TP53RK	chr20	46684344	46689664	46689664	-1
TP53TG3	chr16	32673528	32676165	32676165	-1
TP53TG3B	chr16	33360841	33363478	33360841	1
TP53TG3C	chr16	33194226	33196858	33194226	1
TP53TG3D	chr16	32253286	32255934	32253286	1
TP53TG3E	chr16	33304306	33306945	33304306	1
TP53TG3F	chr16	33459612	33462249	33459612	1
TP53TG5	chr20	45371804	45407889	45407889	-1
TP63	chr3	189631252	189897276	189631252	1
TP73	chr1	3652307	3736201	3652307	1
TPBG	chr6	82363200	82370827	82363200	1
TPBGL	chr11	75240774	75243704	75240774	1
TPCN1	chr12	113221050	113301325	113221050	1
TPCN2	chr11	69048844	69136317	69048844	1
TPD52	chr8	80034745	80231232	80231232	-1
TPD52L1	chr6	125119049	125264407	125119049	1
TPD52L2	chr20	63865199	63892266	63865199	1
TPD52L3	chr9	6328375	6331891	6328375	1
TPGS1	chr19	507488	520846	507488	1
TPGS2	chr18	36777647	36829216	36829216	-1
TPH1	chr11	18017555	18046269	18046269	-1
TPH2	chr12	71938845	72186618	71938845	1
TPI1	chr12	6867119	6878513	6867119	1
TPK1	chr7	144451941	144836419	144836419	-1
TPM1	chr15	63042130	63071915	63042130	1
TPM2	chr9	35681992	35691116	35691116	-1
TPM3	chr1	154155308	154194648	154194648	-1
TPM4	chr19	16067021	16103011	16067021	1
TPMT	chr6	18128311	18155348	18155348	-1
TPO	chr2	1373933	1543711	1373933	1
TPP1	chr11	6612768	6619448	6619448	-1
TPP2	chr13	102596936	102679958	102596936	1
TPPP	chr5	658850	693997	693997	-1
TPPP2	chr14	21024086	21036276	21024086	1
TPPP3	chr16	67389027	67393518	67393518	-1
TPR	chr1	186311188	186375693	186375693	-1
TPRA1	chr3	127571232	127598318	127598318	-1
TPRG1	chr3	188947165	189325304	188947165	1
TPRG1L	chr1	3624979	3630131	3624979	1
TPRKB	chr2	73709704	73737421	73737421	-1
TPRN	chr9	137191617	137204193	137204193	-1
TPRX1	chr19	47801232	47819051	47819051	-1
TPRX2	chr19	47859235	47861721	47859235	1
TPSAB1	chr16	1239266	1242555	1239266	1
TPSB2	chr16	1227272	1233725	1233725	-1
TPSD1	chr16	1256059	1259008	1256059	1
TPSG1	chr16	1221651	1225793	1225793	-1
TPST1	chr7	66205289	66420549	66205289	1
TPST2	chr22	26521996	26596717	26596717	-1
TPT1	chr13	45320399	45341284	45341284	-1
TPTE	chr21	10521553	10606140	10521553	1
TPTE2	chr13	19422876	19561625	19561625	-1
TPTEP2-CSNK1E	chr22	38291918	38398522	38398522	-1
TPX2	chr20	31739248	31801805	31739248	1
TRA2A	chr7	23504780	23532041	23532041	-1
TRA2B	chr3	185914558	185938103	185938103	-1
TRABD	chr22	50184717	50199600	50184717	1
TRABD2A	chr2	84821647	84907008	84907008	-1
TRABD2B	chr1	47760528	47997391	47997391	-1
TRADD	chr16	67153969	67163760	67163760	-1
TRAF1	chr9	120902393	120931875	120931875	-1
TRAF2	chr9	136881903	136929221	136881903	1
TRAF3	chr14	102777326	102911500	102777326	1
TRAF3IP1	chr2	238320441	238402114	238320441	1
TRAF3IP2	chr6	111555381	111606910	111606910	-1
TRAF3IP3	chr1	209755573	209782320	209755573	1
TRAF4	chr17	28743978	28772894	28743978	1
TRAF5	chr1	211326325	211375117	211326325	1
TRAF6	chr11	36483769	36510308	36510308	-1
TRAF7	chr16	2155692	2178129	2155692	1
TRAFD1	chr12	112125514	112153610	112125514	1
TRAIP	chr3	49828595	49856597	49856597	-1
TRAK1	chr3	42013624	42225890	42013624	1
TRAK2	chr2	201377207	201453449	201453449	-1
TRAM1	chr8	70549165	70608581	70608581	-1
TRAM1L1	chr4	117083554	117085576	117085576	-1
TRAM2	chr6	52497408	52577316	52577316	-1
TRANK1	chr3	36826095	36945128	36945128	-1
TRAP1	chr16	3651639	3717595	3717595	-1
TRAPPC1	chr17	7930345	7932123	7932123	-1
TRAPPC10	chr21	44012280	44106553	44012280	1
TRAPPC11	chr4	183659267	183714419	183659267	1
TRAPPC12	chr2	3379669	3485094	3379669	1
TRAPPC13	chr5	65624733	65667114	65624733	1
TRAPPC14	chr7	100154420	100158737	100158737	-1
TRAPPC2	chrX	13712244	13734638	13734638	-1
TRAPPC2B	chr19	57363478	57365509	57363478	1
TRAPPC2L	chr16	88856220	88862686	88856220	1
TRAPPC3	chr1	36136570	36156053	36156053	-1
TRAPPC3L	chr6	116494989	116545684	116545684	-1
TRAPPC4	chr11	119018733	119025454	119018733	1
TRAPPC5	chr19	7680823	7687703	7680823	1
TRAPPC6A	chr19	45162928	45178268	45178268	-1
TRAPPC6B	chr14	39140363	39170532	39170532	-1
TRAPPC8	chr18	31829187	31953136	31953136	-1
TRAPPC9	chr8	139726939	140458579	140458579	-1
TRARG1	chr17	1279554	1300978	1279554	1
TRAT1	chr3	108822770	108855005	108822770	1
TRBV11-2	chr7	142433895	142434394	142433895	1
TRDMT1	chr10	17137336	17202054	17202054	-1
TRDN	chr6	123215088	123637316	123637316	-1
TREH	chr11	118657265	118679694	118679694	-1
TREM1	chr6	41267099	41286703	41286703	-1
TREM2	chr6	41158488	41163203	41163203	-1
TREML1	chr6	41149167	41155556	41155556	-1
TREML2	chr6	41189749	41201149	41201149	-1
TREML4	chr6	41228339	41238882	41228339	1
TRERF1	chr6	42224931	42452225	42452225	-1
TREX1	chr3	48465811	48467645	48465811	1
TREX2	chrX	153444473	153470592	153470592	-1
TRH	chr3	129974293	129977940	129974293	1
TRHDE	chr12	72087266	72670758	72087266	1
TRHR	chr8	109086585	109121565	109086585	1
TRIAP1	chr12	120443065	120446415	120446415	-1
TRIB1	chr8	125430152	125438957	125430152	1
TRIB2	chr2	12716910	12742734	12716910	1
TRIB3	chr20	362835	398964	362835	1
TRIL	chr7	28953358	28958330	28958330	-1
TRIM10	chr6	30151943	30161288	30161288	-1
TRIM11	chr1	228393672	228406841	228406841	-1
TRIM13	chr13	49935920	50020481	49935920	1
TRIM14	chr9	98035242	98119404	98119404	-1
TRIM15	chr6	30163194	30173160	30163194	1
TRIM16	chr17	15627950	15684311	15684311	-1
TRIM17	chr1	228406860	228416902	228416902	-1
TRIM2	chr4	153152163	153339319	153152163	1
TRIM21	chr11	4384897	4393747	4393747	-1
TRIM22	chr11	5689610	5737089	5689610	1
TRIM23	chr5	65587492	65625975	65625975	-1
TRIM24	chr7	138460193	138590023	138460193	1
TRIM25	chr17	56836387	56914080	56914080	-1
TRIM26	chr6	30184446	30214158	30214158	-1
TRIM27	chr6	28903002	28924018	28924018	-1
TRIM28	chr19	58543740	58550773	58543740	1
TRIM29	chr11	120111286	120185529	120185529	-1
TRIM3	chr11	6448613	6474459	6474459	-1
TRIM31	chr6	30102886	30113126	30113126	-1
TRIM32	chr9	116687298	116702493	116687298	1
TRIM33	chr1	114392781	114511244	114511244	-1
TRIM34	chr11	5619764	5644398	5619764	1
TRIM35	chr8	27284884	27311289	27311289	-1
TRIM36	chr5	115124745	115180546	115180546	-1
TRIM37	chr17	58982633	59106921	59106921	-1
TRIM38	chr6	25962693	25991231	25962693	1
TRIM39	chr6	30325880	30344265	30325880	1
TRIM39-RPP21	chr6	30328907	30346854	30328907	1
TRIM4	chr7	99876958	99919604	99919604	-1
TRIM40	chr6	30136028	30151592	30136028	1
TRIM41	chr5	181222499	181235808	181222499	1
TRIM42	chr3	140678064	140701150	140678064	1
TRIM43	chr2	95592001	95599778	95592001	1
TRIM43B	chr2	95477008	95484754	95484754	-1
TRIM44	chr11	35662406	35818007	35662406	1
TRIM45	chr1	117111060	117122587	117122587	-1
TRIM46	chr1	155173787	155184971	155173787	1
TRIM47	chr17	75874161	75878637	75878637	-1
TRIM48	chr11	55262155	55271114	55262155	1
TRIM49	chr11	89797655	89808575	89808575	-1
TRIM49B	chr11	49027501	49038451	49027501	1
TRIM49C	chr11	90031106	90042025	90031106	1
TRIM49D1	chr11	89911111	89922245	89922245	-1
TRIM49D2	chr11	89924064	89933063	89924064	1
TRIM5	chr11	5663195	5938619	5938619	-1
TRIM50	chr7	73312536	73328082	73328082	-1
TRIM51	chr11	55883297	55891810	55883297	1
TRIM51G	chr11	48975498	48983885	48983885	-1
TRIM52	chr5	181254077	181262068	181262068	-1
TRIM54	chr2	27282366	27309400	27282366	1
TRIM55	chr8	66126872	66175750	66126872	1
TRIM56	chr7	101085234	101097967	101085234	1
TRIM58	chr1	247857144	247880138	247857144	1
TRIM59	chr3	160432445	160485773	160485773	-1
TRIM59-IFT80	chr3	160227454	160449829	160449829	-1
TRIM6	chr11	5596109	5612958	5596109	1
TRIM6-TRIM34	chr11	5596725	5644398	5596725	1
TRIM60	chr4	165016458	165041749	165016458	1
TRIM61	chr4	164954446	164977681	164977681	-1
TRIM62	chr1	33145399	33182092	33182092	-1
TRIM63	chr1	26051301	26068436	26068436	-1
TRIM64	chr11	89966037	89974072	89966037	1
TRIM64B	chr11	89870145	89878487	89878487	-1
TRIM64C	chr11	49053714	49059112	49059112	-1
TRIM65	chr17	75879538	75897018	75897018	-1
TRIM66	chr11	8612037	8682694	8682694	-1
TRIM67	chr1	231162058	231221565	231162058	1
TRIM68	chr11	4597095	4608238	4608238	-1
TRIM69	chr15	44728986	44767829	44728986	1
TRIM7	chr5	181193924	181205309	181205309	-1
TRIM71	chr3	32817017	32897824	32817017	1
TRIM72	chr16	31214017	31231537	31214017	1
TRIM73	chr7	75395063	75410996	75395063	1
TRIM74	chr7	72959485	72969466	72969466	-1
TRIM75	chr4	165053866	165060554	165053866	1
TRIM77	chr11	89710299	89717872	89710299	1
TRIM8	chr10	102642394	102662789	102642394	1
TRIM9	chr14	50975254	51096084	51096084	-1
TRIML1	chr4	188139441	188147743	188139441	1
TRIML2	chr4	188091247	188109637	188109637	-1
TRIO	chr5	14143223	14532128	14143223	1
TRIOBP	chr22	37696983	37776581	37696983	1
TRIP10	chr19	6737925	6751530	6737925	1
TRIP11	chr14	91965991	92040902	92040902	-1
TRIP12	chr2	229763835	229923239	229923239	-1
TRIP13	chr5	892849	919357	892849	1
TRIP4	chr15	64387748	64458653	64387748	1
TRIP6	chr7	100867126	100873524	100867126	1
TRIQK	chr8	92883530	93017786	93017786	-1
TRIR	chr19	12730640	12734747	12734747	-1
TRIT1	chr1	39838110	39883511	39883511	-1
TRMO	chr9	97894512	97922570	97922570	-1
TRMT1	chr19	13104899	13117567	13117567	-1
TRMT10A	chr4	99546700	99564070	99564070	-1
TRMT10B	chr9	37753768	37780789	37753768	1
TRMT10C	chr3	101561834	101566446	101561834	1
TRMT11	chr6	125986423	126203817	125986423	1
TRMT112	chr11	64316460	64318086	64318086	-1
TRMT13	chr1	100133043	100151150	100133043	1
TRMT1L	chr1	185118085	185157072	185157072	-1
TRMT2A	chr22	20111866	20117392	20117392	-1
TRMT2B	chrX	100973670	101052135	101052135	-1
TRMT44	chr4	8436140	8496273	8436140	1
TRMT5	chr14	60971441	60981694	60981694	-1
TRMT6	chr20	5936920	5950566	5950566	-1
TRMT61A	chr14	103521582	103537073	103521582	1
TRMT61B	chr2	28798308	28870392	28870392	-1
TRMT9B	chr8	12945642	13031503	12945642	1
TRMU	chr22	46330875	46357344	46330875	1
TRNAU1AP	chr1	28552991	28578549	28552991	1
TRNP1	chr1	26993649	27002812	26993649	1
TRNT1	chr3	3126364	3153435	3126364	1
TRO	chrX	54920462	54931436	54920462	1
TROAP	chr12	49323165	49331735	49323165	1
TRPA1	chr8	72019608	72089998	72089998	-1
TRPC1	chr3	142724000	142807888	142724000	1
TRPC3	chr4	121874481	121952082	121952082	-1
TRPC4	chr13	37632063	37870344	37870344	-1
TRPC4AP	chr20	34995209	35092868	35092868	-1
TRPC5	chrX	111768011	112082776	112082776	-1
TRPC5OS	chrX	111876051	111903990	111876051	1
TRPC6	chr11	101447437	101872562	101872562	-1
TRPC7	chr5	136212745	136365545	136365545	-1
TRPM1	chr15	31001065	31161160	31161160	-1
TRPM2	chr21	44350072	44445246	44350072	1
TRPM3	chr9	70529060	71446977	71446977	-1
TRPM4	chr19	49157737	49211841	49157737	1
TRPM5	chr11	2404515	2444519	2444519	-1
TRPM6	chr9	74722495	74888094	74888094	-1
TRPM7	chr15	50552473	50686845	50686845	-1
TRPM8	chr2	233917373	234019522	233917373	1
TRPS1	chr8	115408496	115809673	115809673	-1
TRPT1	chr11	64223799	64226823	64226823	-1
TRPV1	chr17	3565444	3609880	3609880	-1
TRPV2	chr17	16407465	16437861	16407465	1
TRPV3	chr17	3510502	3557812	3557812	-1
TRPV4	chr12	109783087	109833542	109833542	-1
TRPV5	chr7	142904277	142933746	142933746	-1
TRPV6	chr7	142871208	142885781	142885781	-1
TRRAP	chr7	98877933	99050831	98877933	1
TRUB1	chr10	114938194	114977677	114938194	1
TRUB2	chr9	128305159	128322741	128322741	-1
TSACC	chr1	156337314	156347019	156337314	1
TSBP1	chr6	32288526	32371907	32371907	-1
TSC1	chr9	132891348	132946874	132946874	-1
TSC2	chr16	2047345	2089491	2047345	1
TSC22D1	chr13	44432143	44577433	44577433	-1
TSC22D2	chr3	150408241	150466422	150408241	1
TSC22D3	chrX	107713221	107777342	107777342	-1
TSC22D4	chr7	100466508	100479257	100479257	-1
TSEN15	chr1	184051629	184123978	184051629	1
TSEN2	chr3	12480529	12541549	12480529	1
TSEN34	chr19	54188464	54194538	54188464	1
TSEN54	chr17	75515944	75524748	75515944	1
TSFM	chr12	57782731	57828655	57782731	1
TSG101	chr11	18468336	18526965	18526965	-1
TSGA10	chr2	98995156	99154964	99154964	-1
TSGA10IP	chr11	65945480	65960217	65945480	1
TSGA13	chr7	130668643	130687432	130687432	-1
TSHB	chr1	115029826	115034302	115029826	1
TSHR	chr14	80954989	81146306	80954989	1
TSHZ1	chr18	75210755	75290129	75210755	1
TSHZ2	chr20	52972358	53495330	52972358	1
TSHZ3	chr19	31149979	31349814	31349814	-1
TSKS	chr19	49739753	49763329	49763329	-1
TSKU	chr11	76781403	76798157	76781403	1
TSLP	chr5	111070062	111078026	111070062	1
TSN	chr2	121737103	121767871	121737103	1
TSNARE1	chr8	142212077	142403270	142403270	-1
TSNAX	chr1	231528541	231566524	231528541	1
TSNAX-DISC1	chr1	231528653	231819244	231528653	1
TSNAXIP1	chr16	67806765	67832148	67806765	1
TSPAN1	chr1	46173780	46196490	46173780	1
TSPAN10	chr17	81637171	81648754	81637171	1
TSPAN11	chr12	30926428	30996602	30926428	1
TSPAN12	chr7	120786660	120858402	120858402	-1
TSPAN13	chr7	16753727	16784652	16753727	1
TSPAN14	chr10	80453875	80533178	80453875	1
TSPAN15	chr10	69451150	69507676	69451150	1
TSPAN16	chr19	11296139	11326996	11296139	1
TSPAN17	chr5	176647387	176667523	176647387	1
TSPAN18	chr11	44726322	44932427	44726322	1
TSPAN19	chr12	85014311	85036277	85036277	-1
TSPAN2	chr1	115047056	115089528	115089528	-1
TSPAN3	chr15	77041404	77083984	77083984	-1
TSPAN31	chr12	57738013	57751383	57738013	1
TSPAN32	chr11	2301981	2318204	2301981	1
TSPAN33	chr7	129144690	129177456	129144690	1
TSPAN4	chr11	840686	867120	840686	1
TSPAN5	chr4	98470365	98658713	98658713	-1
TSPAN6	chrX	100627080	100639991	100639991	-1
TSPAN7	chrX	38561498	38689249	38561498	1
TSPAN8	chr12	71124454	71441898	71441898	-1
TSPAN9	chr12	3071181	3286564	3071181	1
TSPEAR	chr21	44497893	44712286	44712286	-1
TSPO	chr22	43151077	43163246	43151077	1
TSPO2	chr6	41039278	41044344	41039278	1
TSPOAP1	chr17	58301228	58328823	58328823	-1
TSPY1	chrY	9466955	9469749	9466955	1
TSPY10	chrY	9527880	9530683	9527880	1
TSPY2	chrY	6246223	6249020	6246223	1
TSPY3	chrY	9398421	9401223	9398421	1
TSPY4	chrY	9337464	9340286	9337464	1
TSPY8	chrY	9357797	9360599	9357797	1
TSPY9	chrY	9487267	9490088	9487267	1
TSPYL1	chr6	116267760	116279930	116279930	-1
TSPYL2	chrX	53081937	53088542	53081937	1
TSPYL4	chr6	116249964	116254075	116254075	-1
TSPYL5	chr8	97273488	97277928	97277928	-1
TSPYL6	chr2	54253178	54256229	54256229	-1
TSR1	chr17	2322376	2337965	2337965	-1
TSR2	chrX	54440402	54448640	54440402	1
TSR3	chr16	1349236	1351898	1351898	-1
TSSC4	chr11	2400488	2403878	2400488	1
TSSK1B	chr5	113432553	113434989	113434989	-1
TSSK2	chr22	19131308	19132622	19131308	1
TSSK3	chr1	32351521	32364312	32351521	1
TSSK4	chr14	24205696	24208362	24205696	1
TSSK6	chr19	19512396	19515553	19515553	-1
TST	chr22	37010859	37024797	37024797	-1
TSTD1	chr1	161037619	161039118	161039118	-1
TSTD2	chr9	97600080	97633576	97633576	-1
TTBK1	chr6	43243481	43288258	43243481	1
TTBK2	chr15	42738730	42920850	42920850	-1
TTC1	chr5	160009100	160065550	160009100	1
TTC12	chr11	113314543	113383544	113314543	1
TTC13	chr1	230902936	230978893	230978893	-1
TTC14	chr3	180602078	180618342	180602078	1
TTC16	chr9	127716074	127731590	127716074	1
TTC17	chr11	43358910	43494933	43358910	1
TTC19	chr17	15999386	16068416	15999386	1
TTC21A	chr3	39107194	39140973	39107194	1
TTC21B	chr2	165857475	165953851	165953851	-1
TTC22	chr1	54779712	54801508	54801508	-1
TTC23	chr15	99136323	99251232	99251232	-1
TTC23L	chr5	34838833	34903125	34838833	1
TTC24	chr1	156579723	156587719	156579723	1
TTC27	chr2	32628019	32821052	32628019	1
TTC28	chr22	27978014	28679925	28679925	-1
TTC29	chr4	146703989	146945882	146945882	-1
TTC3	chr21	37073206	37203112	37073206	1
TTC31	chr2	74482617	74496915	74482617	1
TTC32	chr2	19896631	19902282	19902282	-1
TTC33	chr5	40512218	40755975	40755975	-1
TTC34	chr1	2636986	2801693	2801693	-1
TTC36	chr11	118527314	118531197	118527314	1
TTC38	chr22	46267961	46295097	46267961	1
TTC39A	chr1	51286312	51345121	51345121	-1
TTC39B	chr9	15163622	15307360	15307360	-1
TTC39C	chr18	23992773	24135970	23992773	1
TTC4	chr1	54715818	54743465	54715818	1
TTC5	chr14	20256558	20305968	20305968	-1
TTC6	chr14	37595382	38041442	37595382	1
TTC7A	chr2	46915869	47076137	46915869	1
TTC7B	chr14	90524564	90816525	90816525	-1
TTC8	chr14	88824153	88881079	88824153	1
TTC9	chr14	70641492	70682242	70641492	1
TTC9B	chr19	40216058	40218521	40218521	-1
TTC9C	chr11	62727687	62740293	62727687	1
TTF1	chr9	132375497	132406853	132406853	-1
TTF2	chr1	117060285	117107453	117060285	1
TTI1	chr20	37983007	38033461	38033461	-1
TTI2	chr8	33473386	33513185	33513185	-1
TTK	chr6	80003887	80043580	80003887	1
TTL	chr2	112482112	112541739	112482112	1
TTLL1	chr22	43039447	43089430	43089430	-1
TTLL10	chr1	1173880	1197940	1173880	1
TTLL11	chr9	121815674	122093606	122093606	-1
TTLL12	chr22	43164366	43187160	43187160	-1
TTLL13	chr15	90249530	90265482	90249530	1
TTLL2	chr6	167325071	167359503	167325071	1
TTLL3	chr3	9808086	9856087	9808086	1
TTLL4	chr2	218710773	218759724	218710773	1
TTLL5	chr14	75633625	75955084	75633625	1
TTLL6	chr17	48762234	48817229	48817229	-1
TTLL7	chr1	83865024	83999413	83999413	-1
TTLL8	chr22	50018575	50058298	50058298	-1
TTLL9	chr20	31870634	31945000	31870634	1
TTN	chr2	178525989	178830802	178830802	-1
TTPA	chr8	63048139	63086197	63086197	-1
TTPAL	chr20	44470527	44494604	44470527	1
TTR	chr18	31557008	31606585	31557008	1
TTYH1	chr19	54415219	54436904	54415219	1
TTYH2	chr17	74213499	74262022	74213499	1
TTYH3	chr7	2631898	2664816	2631898	1
TUB	chr11	8019193	8106243	8019193	1
TUBA1A	chr12	49184146	49189324	49189324	-1
TUBA1B	chr12	49127780	49131398	49131398	-1
TUBA1C	chr12	49188736	49274600	49188736	1
TUBA3C	chr13	19173770	19181824	19181824	-1
TUBA3D	chr2	131476118	131482935	131476118	1
TUBA3E	chr2	130191743	130198461	130198461	-1
TUBA3FP	chr22	21007199	21014301	21014301	-1
TUBA4A	chr2	219249710	219277902	219277902	-1
TUBA4B	chr2	219253243	219272197	219253243	1
TUBA8	chr22	18109704	18146683	18109704	1
TUBAL3	chr10	5393101	5404832	5404832	-1
TUBB	chr6	30717435	30725538	30717435	1
TUBB1	chr20	59019379	59026654	59019379	1
TUBB2A	chr6	3153497	3157553	3157553	-1
TUBB2B	chr6	3223324	3231730	3231730	-1
TUBB3	chr16	89921392	89938761	89921392	1
TUBB4A	chr19	6494308	6502848	6502848	-1
TUBB4B	chr9	137241278	137243713	137241278	1
TUBB6	chr18	12307287	12345784	12307287	1
TUBB8	chr10	46888	74163	74163	-1
TUBB8B	chr18	47221	73545	73545	-1
TUBD1	chr17	59859038	59892951	59892951	-1
TUBE1	chr6	112070660	112087569	112087569	-1
TUBG1	chr17	42609411	42615253	42609411	1
TUBG2	chr17	42659223	42667007	42659223	1
TUBGCP2	chr10	133278635	133318823	133318823	-1
TUBGCP3	chr13	112485005	112588205	112588205	-1
TUBGCP4	chr15	43369221	43409771	43369221	1
TUBGCP5	chr15	22983025	23039645	23039645	-1
TUBGCP6	chr22	50217621	50245033	50245033	-1
TUFM	chr16	28841618	28846419	28846419	-1
TUFT1	chr1	151540305	151583583	151540305	1
TUG1	chr22	30969245	30979413	30969245	1
TULP1	chr6	35497874	35512941	35512941	-1
TULP2	chr19	48880965	48898744	48898744	-1
TULP3	chr12	2877223	2941142	2877223	1
TULP4	chr6	158232236	158511828	158232236	1
TUNAR	chr14	95866587	95925871	95866587	1
TUSC1	chr9	25676969	25678444	25678444	-1
TUSC2	chr3	50320027	50328251	50328251	-1
TUSC3	chr8	15417215	15789603	15417215	1
TUT1	chr11	62575045	62591637	62591637	-1
TUT4	chr1	52408282	52553504	52553504	-1
TUT7	chr9	86287725	86354810	86354810	-1
TVP23A	chr16	10760919	10818794	10818794	-1
TVP23B	chr17	18781111	18806772	18781111	1
TVP23C	chr17	15502264	15563595	15563595	-1
TVP23C-CDRT4	chr17	15436021	15563561	15563561	-1
TWF1	chr12	43793460	43806328	43806328	-1
TWF2	chr3	52228612	52246788	52246788	-1
TWIST1	chr7	19020991	19117645	19117645	-1
TWIST2	chr2	238848031	238910548	238848031	1
TWNK	chr10	100987367	100994403	100987367	1
TWSG1	chr18	9334618	9402424	9334618	1
TXK	chr4	48063158	48134265	48134265	-1
TXLNA	chr1	32178097	32198299	32178097	1
TXLNB	chr6	139239083	139291998	139291998	-1
TXLNG	chrX	16786415	16844519	16786415	1
TXN	chr9	110243810	110256636	110256636	-1
TXN2	chr22	36466895	36482072	36482072	-1
TXNDC11	chr16	11679073	11743703	11743703	-1
TXNDC12	chr1	52020130	52056188	52056188	-1
TXNDC15	chr5	134874308	134902952	134874308	1
TXNDC16	chr14	52429472	52553563	52553563	-1
TXNDC17	chr17	6640712	6646374	6640712	1
TXNDC2	chr18	9885766	9889275	9885766	1
TXNDC5	chr6	7881440	7911011	7911011	-1
TXNDC8	chr9	110303476	110337891	110337891	-1
TXNDC9	chr2	99306476	99340702	99340702	-1
TXNIP	chr1	145992435	145996580	145996580	-1
TXNL1	chr18	56597209	56651600	56651600	-1
TXNL4A	chr18	79970691	80033949	80033949	-1
TXNL4B	chr16	72084853	72094431	72094431	-1
TXNRD1	chr12	104215773	104352786	104215773	1
TXNRD2	chr22	19875517	19941934	19941934	-1
TXNRD3	chr3	126571779	126655149	126655149	-1
TYK2	chr19	10350528	10380608	10380608	-1
TYMP	chr22	50525752	50530326	50530326	-1
TYMS	chr18	657127	676613	657127	1
TYR	chr11	89177875	89295759	89177875	1
TYRO3	chr15	41557675	41584334	41557675	1
TYROBP	chr19	35904398	35908318	35908318	-1
TYRP1	chr9	12333995	12710597	12333995	1
TYSND1	chr10	70137978	70146720	70146720	-1
TYW1	chr7	66995173	67239525	66995173	1
TYW1B	chr7	72558744	72828260	72828260	-1
TYW2	chr8	124450820	124462150	124450820	1
TYW3	chr1	74733114	74767555	74733114	1
TYW5	chr2	199928913	199955818	199955818	-1
U2AF1	chr21	43092956	43107605	43107605	-1
U2AF1L4	chr19	35742464	35745460	35745460	-1
U2AF2	chr19	55654115	55674717	55654115	1
U2SURP	chr3	142964497	143061401	142964497	1
UACA	chr15	70654554	70763570	70763570	-1
UAP1	chr1	162561476	162616939	162561476	1
UAP1L1	chr9	137077470	137084544	137077470	1
UBA1	chrX	47190713	47215173	47190713	1
UBA2	chr19	34428352	34471251	34428352	1
UBA3	chr3	69053972	69080408	69080408	-1
UBA5	chr3	132654446	132679794	132654446	1
UBA52	chr19	18571722	18577550	18571722	1
UBA6	chr4	67610428	67701338	67701338	-1
UBA7	chr3	49805205	49814151	49814151	-1
UBAC1	chr9	135924661	135961400	135961400	-1
UBAC2	chr13	99200758	99386504	99200758	1
UBALD1	chr16	4608879	4615046	4615046	-1
UBALD2	chr17	76265197	76271298	76265197	1
UBAP1	chr9	34179005	34252523	34179005	1
UBAP1L	chr15	65091766	65115200	65115200	-1
UBAP2	chr9	33921691	34049420	34049420	-1
UBAP2L	chr1	154220172	154271510	154220172	1
UBASH3A	chr21	42403447	42447684	42403447	1
UBASH3B	chr11	122655722	122814473	122655722	1
UBB	chr17	16378898	16382745	16378898	1
UBC	chr12	124910297	124939924	124939924	-1
UBD	chr6	29552554	29559738	29559738	-1
UBE2A	chrX	119474802	119592795	119474802	1
UBE2B	chr5	134371174	134394447	134371174	1
UBE2C	chr20	45812561	45816965	45812561	1
UBE2D1	chr10	58334974	58371520	58334974	1
UBE2D2	chr5	139526431	139633291	139526431	1
UBE2D3	chr4	102793516	102869287	102869287	-1
UBE2D4	chr7	43925799	43956136	43925799	1
UBE2E1	chr3	23805907	23892208	23805907	1
UBE2E2	chr3	23203015	23592847	23203015	1
UBE2E3	chr2	180937685	181076590	180937685	1
UBE2F	chr2	237966827	238051730	237966827	1
UBE2F-SCLY	chr2	237967014	238099412	237967014	1
UBE2G1	chr17	4269221	4366678	4366678	-1
UBE2G2	chr21	44768580	44801826	44801826	-1
UBE2H	chr7	129830732	129952988	129952988	-1
UBE2I	chr16	1291357	1327018	1291357	1
UBE2J1	chr6	89321391	89353180	89353180	-1
UBE2J2	chr1	1253907	1274477	1274477	-1
UBE2K	chr4	39697879	39782792	39697879	1
UBE2L3	chr22	21549447	21624034	21549447	1
UBE2L5	chr13	30422488	30429758	30422488	1
UBE2L6	chr11	57551656	57568284	57568284	-1
UBE2M	chr19	58555709	58558986	58558986	-1
UBE2N	chr12	93405673	93442263	93442263	-1
UBE2NL	chrX	143884071	143885255	143884071	1
UBE2O	chr17	76389456	76453226	76453226	-1
UBE2Q1	chr1	154548550	154559028	154559028	-1
UBE2Q2	chr15	75843110	75901116	75843110	1
UBE2QL1	chr5	6448623	6496723	6448623	1
UBE2R2	chr9	33817160	33920401	33817160	1
UBE2S	chr19	55385311	55408164	55408164	-1
UBE2T	chr1	202328714	202341984	202341984	-1
UBE2U	chr1	64203623	64267368	64203623	1
UBE2V1	chr20	50081122	50115959	50115959	-1
UBE2V2	chr8	48008410	48067523	48008410	1
UBE2W	chr8	73756076	73878913	73878913	-1
UBE2Z	chr17	48908368	48929062	48908368	1
UBE3A	chr15	25333728	25439122	25439122	-1
UBE3B	chr12	109477375	109536705	109477375	1
UBE3C	chr7	157138908	157269372	157138908	1
UBE3D	chr6	82892390	83065860	83065860	-1
UBE4A	chr11	118359578	118399211	118359578	1
UBE4B	chr1	10032832	10181244	10032832	1
UBFD1	chr16	23557557	23574394	23557557	1
UBIAD1	chr1	11273189	11297104	11273189	1
UBL3	chr13	29764274	29850710	29850710	-1
UBL4A	chrX	154483717	154486661	154486661	-1
UBL4B	chr1	110112443	110113947	110112443	1
UBL5	chr19	9827887	9830369	9827887	1
UBL7	chr15	74445187	74461189	74461189	-1
UBLCP1	chr5	159263072	159287721	159263072	1
UBN1	chr16	4846665	4882401	4846665	1
UBN2	chr7	139230356	139330427	139230356	1
UBOX5	chr20	3107573	3160196	3160196	-1
UBP1	chr3	33388336	33441407	33441407	-1
UBQLN1	chr9	83657386	83708232	83708232	-1
UBQLN2	chrX	56563627	56567868	56563627	1
UBQLN3	chr11	5507300	5509958	5509958	-1
UBQLN4	chr1	156026961	156053814	156053814	-1
UBQLNL	chr11	5514393	5518431	5518431	-1
UBR1	chr15	42942897	43106141	43106141	-1
UBR2	chr6	42563969	42693505	42563969	1
UBR3	chr2	169827396	170084461	169827396	1
UBR4	chr1	19074510	19210329	19210329	-1
UBR5	chr8	102250605	102412883	102412883	-1
UBR7	chr14	93207237	93229226	93207237	1
UBTD1	chr10	97498852	97571206	97498852	1
UBTD2	chr5	172209642	172284102	172284102	-1
UBTF	chr17	44205033	44221626	44221626	-1
UBTFL1	chr11	90085950	90087131	90085950	1
UBXN1	chr11	62676498	62679332	62679332	-1
UBXN10	chr1	20183293	20196050	20183293	1
UBXN11	chr1	26281328	26318363	26318363	-1
UBXN2A	chr2	23926788	24004909	23926788	1
UBXN2B	chr8	58411348	58453627	58411348	1
UBXN4	chr2	135741626	135785063	135741626	1
UBXN6	chr19	4444999	4457794	4457794	-1
UBXN7	chr3	196347659	196432476	196432476	-1
UBXN8	chr8	30729131	30767009	30729131	1
UCHL1	chr4	41256413	41268567	41256413	1
UCHL3	chr13	75549483	75610084	75549483	1
UCHL5	chr1	193012245	193060080	193060080	-1
UCK1	chr9	131523756	131531289	131531289	-1
UCK2	chr1	165827491	165911618	165827491	1
UCKL1	chr20	63939811	63956500	63956500	-1
UCMA	chr10	13220609	13234428	13234428	-1
UCN	chr2	27307400	27308445	27308445	-1
UCN2	chr3	48561718	48563781	48563781	-1
UCN3	chr10	5364966	5374692	5364966	1
UCP1	chr4	140559431	140569001	140569001	-1
UCP2	chr11	73973431	73983542	73983542	-1
UCP3	chr11	74000277	74009241	74009241	-1
UEVLD	chr11	18529607	18588747	18588747	-1
UFC1	chr1	161152776	161159368	161152776	1
UFD1	chr22	19449899	19479695	19479695	-1
UFL1	chr6	96521595	96555943	96521595	1
UFM1	chr13	38349528	38363619	38349528	1
UFSP1	chr7	100888721	100889715	100889715	-1
UFSP2	chr4	185397598	185425987	185425987	-1
UGCG	chr9	111896772	111935384	111896772	1
UGDH	chr4	39498755	39528311	39528311	-1
UGGT1	chr2	128091151	128195677	128091151	1
UGGT2	chr13	95801580	96053482	96053482	-1
UGP2	chr2	63840945	63951431	63840945	1
UGT1A1	chr2	233760262	233773313	233760262	1
UGT1A10	chr2	233636447	233773310	233636447	1
UGT1A3	chr2	233729042	233773310	233729042	1
UGT1A4	chr2	233718727	233773310	233718727	1
UGT1A5	chr2	233712907	233773310	233712907	1
UGT1A6	chr2	233691607	233773300	233691607	1
UGT1A7	chr2	233681885	233773310	233681885	1
UGT1A8	chr2	233617633	233773310	233617633	1
UGT1A9	chr2	233671734	233773310	233671734	1
UGT2A1	chr4	69588417	69653251	69653251	-1
UGT2A2	chr4	69588417	69639642	69639642	-1
UGT2A3	chr4	68928458	68951806	68951806	-1
UGT2B10	chr4	68815895	68835737	68815895	1
UGT2B11	chr4	69199951	69214748	69214748	-1
UGT2B15	chr4	68646590	68670684	68670684	-1
UGT2B17	chr4	68516301	68627039	68627039	-1
UGT2B28	chr4	69280475	69295050	69280475	1
UGT2B4	chr4	69478118	69526017	69526017	-1
UGT2B7	chr4	69051363	69112987	69051363	1
UGT3A1	chr5	35951006	36001028	36001028	-1
UGT3A2	chr5	36029949	36071358	36071358	-1
UGT8	chr4	114598335	114679771	114598335	1
UHMK1	chr1	162497251	162529631	162497251	1
UHRF1	chr19	4903080	4962154	4903080	1
UHRF2	chr9	6413151	6507056	6413151	1
UIMC1	chr5	176902225	177022646	177022646	-1
ULBP1	chr6	149963935	149973715	149963935	1
ULBP2	chr6	149941938	149949235	149941938	1
ULBP3	chr6	150057438	150069191	150069191	-1
ULK1	chr12	131894596	131923161	131894596	1
ULK2	chr17	19770829	19867965	19867965	-1
ULK3	chr15	74836116	74843346	74843346	-1
ULK4	chr3	41246599	41962236	41962236	-1
UMAD1	chr7	7640661	7968020	7640661	1
UMOD	chr16	20331489	20356402	20356402	-1
UMODL1	chr21	42062959	42143453	42062959	1
UMPS	chr3	124730433	124749384	124730433	1
UNC119	chr17	28546705	28552655	28552655	-1
UNC119B	chr12	120710426	120723640	120710426	1
UNC13A	chr19	17601327	17688382	17688382	-1
UNC13B	chr9	35161829	35405339	35161829	1
UNC13C	chr15	53978201	54631744	53978201	1
UNC13D	chr17	75827032	75845353	75845353	-1
UNC45A	chr15	90930180	90954093	90930180	1
UNC45B	chr17	35146495	35189346	35146495	1
UNC50	chr2	98608174	98618604	98608174	1
UNC5A	chr5	176810451	176880898	176810451	1
UNC5B	chr10	71212523	71302885	71212523	1
UNC5C	chr4	95162504	95549206	95549206	-1
UNC5CL	chr6	41026895	41039221	41039221	-1
UNC5D	chr8	35235475	35796552	35235475	1
UNC79	chr14	93333219	93710826	93333219	1
UNC80	chr2	209771569	209999300	209771569	1
UNC93A	chr6	167269010	167316028	167269010	1
UNC93B1	chr11	67991100	68004982	68004982	-1
UNCX	chr7	1232872	1237326	1232872	1
UNG	chr12	109097569	109126725	109097569	1
UNK	chr17	75784799	75825799	75784799	1
UNKL	chr16	1363205	1414751	1414751	-1
UPB1	chr22	24494107	24552470	24494107	1
UPF1	chr19	18831905	18868232	18831905	1
UPF2	chr10	11920020	12043170	12043170	-1
UPF3A	chr13	114281442	114305817	114281442	1
UPF3B	chrX	119832664	119853083	119853083	-1
UPK1A	chr19	35666516	35678481	35666516	1
UPK1B	chr3	119173516	119205758	119173516	1
UPK2	chr11	118925164	118958559	118925164	1
UPK3A	chr22	45284924	45295874	45284924	1
UPK3B	chr7	76510353	76532774	76510353	1
UPK3BL1	chr7	102637024	102642980	102642980	-1
UPK3BL2	chr7	102537919	102543759	102543759	-1
UPP1	chr7	48088598	48108736	48088598	1
UPP2	chr2	157876557	158136154	157876557	1
UPRT	chrX	75156388	75307811	75156388	1
UQCC1	chr20	35301219	35412070	35412070	-1
UQCC2	chr6	33690635	33711748	33711748	-1
UQCC3	chr11	62670273	62674001	62670273	1
UQCC4	chr16	1419752	1420756	1420756	-1
UQCC5	chr3	52533950	52579237	52533950	1
UQCC6	chr12	103940763	103966119	103966119	-1
UQCR10	chr22	29767352	29770413	29767352	1
UQCR11	chr19	1593987	1605500	1605500	-1
UQCRB	chr8	96222947	96235621	96235621	-1
UQCRC1	chr3	48598990	48610976	48610976	-1
UQCRC2	chr16	21952636	21990814	21952636	1
UQCRFS1	chr19	29202811	29213151	29213151	-1
UQCRH	chr1	46300900	46334910	46300900	1
UQCRHL	chr1	15807169	15809348	15809348	-1
UQCRQ	chr5	132866623	132868847	132866623	1
URAD	chr13	27977717	27988693	27988693	-1
URB1	chr21	32311018	32393042	32393042	-1
URB2	chr1	229625855	229661709	229625855	1
URGCP	chr7	43873645	43926411	43926411	-1
URGCP-MRPS24	chr7	43866558	43906589	43906589	-1
URI1	chr19	29923644	30017781	29923644	1
URM1	chr9	128371341	128392017	128371341	1
UROC1	chr3	126481165	126517778	126517778	-1
UROD	chr1	45010950	45015577	45010950	1
UROS	chr10	125784980	125823288	125823288	-1
USB1	chr16	57999546	58021618	57999546	1
USE1	chr19	17215337	17220245	17215337	1
USF1	chr1	161039249	161045982	161045982	-1
USF2	chr19	35268485	35279821	35268485	1
USF3	chr3	113632051	113696667	113696667	-1
USH1C	chr11	17493895	17544435	17544435	-1
USH1G	chr17	74916083	74923256	74923256	-1
USH2A	chr1	215621576	216423448	216423448	-1
USHBP1	chr19	17249171	17282786	17282786	-1
USO1	chr4	75724522	75814290	75724522	1
USP1	chr1	62436041	62454457	62436041	1
USP10	chr16	84699942	84779926	84699942	1
USP11	chrX	47232866	47248328	47232866	1
USP12	chr13	27066146	27171885	27171885	-1
USP13	chr3	179652730	179804368	179652730	1
USP14	chr18	158328	214629	158328	1
USP15	chr12	62260074	62417431	62260074	1
USP16	chr21	29024629	29055846	29024629	1
USP17L1	chr8	7332387	7333979	7332387	1
USP17L10	chr4	9210657	9212249	9210657	1
USP17L11	chr4	9215405	9216997	9215405	1
USP17L12	chr4	9220152	9221744	9220152	1
USP17L13	chr4	9224896	9226488	9224896	1
USP17L15	chr4	9234385	9236046	9234385	1
USP17L17	chr4	9243879	9245471	9243879	1
USP17L18	chr4	9248630	9250222	9248630	1
USP17L19	chr4	9253378	9254970	9253378	1
USP17L2	chr8	12136435	12138849	12138849	-1
USP17L20	chr4	9258124	9259716	9258124	1
USP17L21	chr4	9262872	9264464	9262872	1
USP17L22	chr4	9267619	9269211	9267619	1
USP17L23	chr4	9272364	9272914	9272364	1
USP17L24	chr4	9325165	9326757	9325165	1
USP17L25	chr4	9329911	9331503	9329911	1
USP17L26	chr4	9334658	9336250	9334658	1
USP17L27	chr4	9344148	9345740	9344148	1
USP17L28	chr4	9348893	9350485	9348893	1
USP17L29	chr4	9353638	9355230	9353638	1
USP17L3	chr8	7976393	7977985	7977985	-1
USP17L30	chr4	9363129	9364721	9363129	1
USP17L4	chr8	7337115	7338707	7337115	1
USP17L5	chr4	9339403	9340995	9339403	1
USP17L7	chr8	12132417	12134099	12134099	-1
USP17L8	chr8	7971661	7973253	7973253	-1
USP18	chr22	18148399	18177400	18148399	1
USP19	chr3	49105758	49120940	49120940	-1
USP2	chr11	119355215	119381720	119381720	-1
USP20	chr9	129834698	129881842	129834698	1
USP21	chr1	161159450	161165723	161159450	1
USP22	chr17	20999593	21043760	21043760	-1
USP24	chr1	55066222	55215753	55215753	-1
USP25	chr21	15729898	15880068	15729898	1
USP26	chrX	133023168	133097109	133097109	-1
USP27X	chrX	49879484	49882558	49879484	1
USP28	chr11	113797870	113875615	113875615	-1
USP29	chr19	57119138	57131926	57119138	1
USP3	chr15	63504501	63594640	63504501	1
USP30	chr12	109023089	109088023	109023089	1
USP31	chr16	23061406	23149466	23149466	-1
USP32	chr17	60177184	60422470	60422470	-1
USP33	chr1	77694724	77759904	77759904	-1
USP34	chr2	61186845	61471105	61471105	-1
USP35	chr11	78188797	78215232	78188797	1
USP36	chr17	78787381	78841441	78841441	-1
USP37	chr2	218450251	218568768	218568768	-1
USP38	chr4	143184917	143228233	143184917	1
USP39	chr2	85602856	85657710	85602856	1
USP4	chr3	49277144	49340712	49340712	-1
USP40	chr2	233475526	233566783	233566783	-1
USP42	chr7	6104755	6164429	6104755	1
USP43	chr17	9644663	9729774	9644663	1
USP44	chr12	95515926	95553341	95553341	-1
USP45	chr6	99432325	99521728	99521728	-1
USP46	chr4	52590047	52659394	52659394	-1
USP47	chr11	11841423	11961887	11841423	1
USP48	chr1	21675521	21783618	21783618	-1
USP49	chr6	41789896	41895395	41895395	-1
USP5	chr12	6852098	6866632	6852098	1
USP50	chr15	50494018	50546708	50546708	-1
USP51	chrX	55484616	55489874	55489874	-1
USP53	chr4	119212128	119296162	119212128	1
USP54	chr10	73497538	73626117	73626117	-1
USP6	chr17	5116032	5175034	5116032	1
USP6NL	chr10	11460328	11611807	11611807	-1
USP7	chr16	8892094	8975328	8975328	-1
USP8	chr15	50423584	50514421	50423584	1
USP9X	chrX	41085346	41236579	41085346	1
USP9Y	chrY	12537650	12860852	12537650	1
USPL1	chr13	30617693	30660770	30617693	1
UST	chr6	148746895	149078419	148746895	1
UTF1	chr10	133229352	133231558	133229352	1
UTP11	chr1	38009111	38024828	38009111	1
UTP14A	chrX	129906114	129929957	129906114	1
UTP14C	chr13	52024691	52034196	52024691	1
UTP15	chr5	73565443	73583380	73565443	1
UTP18	chr17	51260477	51297936	51260477	1
UTP20	chr12	101280095	101386618	101280095	1
UTP23	chr8	116766492	116850585	116766492	1
UTP25	chr1	209827956	209857565	209827956	1
UTP3	chr4	70688532	70690551	70688532	1
UTP4	chr16	69131291	69231130	69131291	1
UTP6	chr17	31860898	31901751	31901751	-1
UTRN	chr6	144284852	144853034	144284852	1
UTS2	chr1	7843008	7853512	7853512	-1
UTS2B	chr3	191267168	191330572	191330572	-1
UTS2R	chr17	82368266	82377709	82368266	1
UTY	chrY	13234577	13480673	13480673	-1
UVRAG	chr11	75815174	76144259	75815174	1
UVSSA	chr4	1345691	1395989	1345691	1
UXS1	chr2	106090915	106194371	106194371	-1
UXT	chrX	47651792	47659301	47659301	-1
VAC14	chr16	70687436	70801178	70801178	-1
VAMP1	chr12	6462237	6470948	6470948	-1
VAMP2	chr17	8159149	8163584	8163584	-1
VAMP3	chr1	7771264	7781447	7771264	1
VAMP4	chr1	171700160	171743206	171743206	-1
VAMP5	chr2	85584397	85593421	85584397	1
VAMP7	chrY	57067747	57130289	57067747	1
VAMP8	chr2	85561562	85582032	85561562	1
VANGL1	chr1	115641854	115698224	115641854	1
VANGL2	chr1	160400528	160428678	160400528	1
VAPA	chr18	9913916	9960021	9913916	1
VAPB	chr20	58389114	58451101	58389114	1
VARS1	chr6	31777518	31795975	31795975	-1
VARS2	chr6	30914205	30928614	30914205	1
VASH1	chr14	76760942	76783015	76760942	1
VASH2	chr1	212950520	212992838	212950520	1
VASN	chr16	4371841	4383538	4371841	1
VASP	chr19	45506579	45527839	45506579	1
VAT1	chr17	42999182	43025123	43025123	-1
VAT1L	chr16	77788527	77980107	77788527	1
VAV1	chr19	6772676	6857366	6772676	1
VAV2	chr9	133761892	133992854	133992854	-1
VAV3	chr1	107571161	107965275	107965275	-1
VAX1	chr10	117128521	117138629	117138629	-1
VAX2	chr2	70900488	70965431	70900488	1
VBP1	chrX	155197007	155239841	155197007	1
VCAM1	chr1	100719684	100739045	100719684	1
VCAN	chr5	83471618	83585130	83471618	1
VCF1	chr17	73207353	73236753	73236753	-1
VCF2	chrX	55143102	55161310	55161310	-1
VCL	chr10	73995193	74123073	73995193	1
VCP	chr9	35053928	35072725	35072725	-1
VCPIP1	chr8	66628487	66667263	66667263	-1
VCPKMT	chr14	50108631	50116600	50116600	-1
VCX	chrX	7842262	7844143	7842262	1
VCX2	chrX	8169944	8171267	8171267	-1
VCX3A	chrX	6533618	6535118	6535118	-1
VCX3B	chrX	8464830	8466510	8464830	1
VCY	chrY	13985772	13986473	13986473	-1
VCY1B	chrY	14056227	14056958	14056227	1
VDAC1	chr5	133971871	134005360	134005360	-1
VDAC2	chr10	75209978	75231463	75209978	1
VDAC3	chr8	42391624	42407493	42391624	1
VDR	chr12	47841537	47943048	47943048	-1
VEGFA	chr6	43770184	43786487	43770184	1
VEGFB	chr11	64234406	64239264	64234406	1
VEGFC	chr4	176681719	176792957	176792957	-1
VEGFD	chrX	15345594	15384510	15384510	-1
VENTX	chr10	133235769	133241929	133235769	1
VEPH1	chr3	157259742	157533619	157533619	-1
VEZF1	chr17	57971547	57988389	57988389	-1
VEZT	chr12	95217746	95305319	95217746	1
VGF	chr7	101162509	101167245	101167245	-1
VGLL1	chrX	136532135	136556807	136532135	1
VGLL2	chr6	117265558	117276512	117265558	1
VGLL3	chr3	86876388	86991312	86991312	-1
VGLL4	chr3	11556069	11771350	11771350	-1
VHL	chr3	10141764	10153676	10141764	1
VHLL	chr1	156298624	156299307	156299307	-1
VIL1	chr2	218419083	218453295	218419083	1
VILL	chr3	37987960	38007535	37987960	1
VIM	chr10	17228241	17237595	17228241	1
VIP	chr6	152746498	152760674	152746498	1
VIPAS39	chr14	77426674	77457952	77457952	-1
VIPR1	chr3	42489299	42537696	42489299	1
VIPR2	chr7	159027660	159144991	159144991	-1
VIRMA	chr8	94487689	94553529	94553529	-1
VIT	chr2	36696679	36814798	36696679	1
VKORC1	chr16	31090260	31095980	31095980	-1
VKORC1L1	chr7	65873069	65959563	65873069	1
VLDLR	chr9	2621182	2660056	2621182	1
VMA12	chr17	28357636	28363683	28357636	1
VMA21	chrX	151396515	151409571	151396515	1
VMA22	chr2	130337922	130342699	130342699	-1
VMAC	chr19	5904723	5910853	5904723	1
VMO1	chr17	4785281	4790406	4790406	-1
VMP1	chr17	59707192	59842255	59707192	1
VN1R1	chr19	57454790	57457140	57457140	-1
VN1R2	chr19	53258292	53261837	53258292	1
VN1R4	chr19	53266676	53267723	53267723	-1
VN1R5	chr1	247255972	247257210	247255972	1
VNN1	chr6	132680849	132719962	132719962	-1
VNN2	chr6	132743870	132763466	132763466	-1
VOPP1	chr7	55427766	55572988	55572988	-1
VPREB1	chr22	22244780	22245515	22244780	1
VPREB3	chr22	23752741	23754454	23754454	-1
VPS11	chr11	119067789	119082753	119067789	1
VPS13A	chr9	77177403	77421537	77177403	1
VPS13B	chr8	99013254	99877580	99013254	1
VPS13C	chr15	61852389	62060482	62060482	-1
VPS13D	chr1	12230007	12512047	12230007	1
VPS16	chr20	2840689	2867031	2840689	1
VPS18	chr15	40894412	40903975	40894412	1
VPS25	chr17	42773439	42779600	42773439	1
VPS26A	chr10	69123512	69174412	69123512	1
VPS26B	chr11	134224613	134247794	134224613	1
VPS26C	chr21	37221749	37268104	37268104	-1
VPS28	chr8	144423597	144429499	144429499	-1
VPS29	chr12	110469903	110502132	110502132	-1
VPS33A	chr12	122229564	122266502	122266502	-1
VPS33B	chr15	90997635	91022614	91022614	-1
VPS35	chr16	46656132	46689518	46689518	-1
VPS35L	chr16	19555240	19706793	19555240	1
VPS36	chr13	52411117	52450688	52450688	-1
VPS37A	chr8	17246896	17333474	17246896	1
VPS37B	chr12	122865328	122896140	122896140	-1
VPS37C	chr11	61111002	61167355	61167355	-1
VPS37D	chr7	73667831	73682024	73667831	1
VPS39	chr15	42158701	42208326	42208326	-1
VPS41	chr7	38722221	38932394	38932394	-1
VPS45	chr1	150067279	150145329	150067279	1
VPS4A	chr16	69311299	69326939	69311299	1
VPS4B	chr18	63389119	63422521	63422521	-1
VPS50	chr7	93232340	93361123	93232340	1
VPS51	chr11	65089324	65111862	65089324	1
VPS52	chr6	33250272	33272047	33272047	-1
VPS53	chr17	508503	721717	721717	-1
VPS54	chr2	63891701	64019550	64019550	-1
VPS72	chr1	151176304	151195321	151195321	-1
VPS8	chr3	184812113	185054009	184812113	1
VPS9D1	chr16	89707128	89721879	89721879	-1
VRK1	chr14	96797304	96954846	96797304	1
VRK2	chr2	57907580	58164001	57907580	1
VRK3	chr19	49974537	50025946	50025946	-1
VRTN	chr14	74303069	74360011	74303069	1
VSIG1	chrX	108044968	108079184	108044968	1
VSIG10	chr12	118063593	118136026	118136026	-1
VSIG10L	chr19	51331536	51342310	51342310	-1
VSIG10L2	chr11	125946044	125958647	125946044	1
VSIG2	chr11	124747472	124752274	124752274	-1
VSIG4	chrX	66021738	66040146	66040146	-1
VSIG8	chr1	159854316	159862657	159862657	-1
VSIR	chr10	71747556	71773608	71773608	-1
VSNL1	chr2	17539020	17657624	17539020	1
VSTM1	chr19	54040825	54063959	54063959	-1
VSTM2A	chr7	54541995	54574103	54541995	1
VSTM2B	chr19	29524739	29564553	29524739	1
VSTM2L	chr20	37902987	37945354	37902987	1
VSTM4	chr10	49014236	49115555	49115555	-1
VSTM5	chr11	93818232	93850641	93850641	-1
VSX1	chr20	25069941	25082141	25082141	-1
VSX2	chr14	74239449	74262738	74239449	1
VTA1	chr6	142147162	142224685	142147162	1
VTCN1	chr1	117142381	117210960	117210960	-1
VTI1A	chr10	112446998	112818897	112446998	1
VTI1B	chr14	67635307	67674920	67674920	-1
VTN	chr17	28366414	28373091	28373091	-1
VWA1	chr1	1434861	1446012	1434861	1
VWA2	chr10	114239246	114294489	114239246	1
VWA3A	chr16	22092508	22156964	22092508	1
VWA3B	chr2	98087116	98313299	98087116	1
VWA5A	chr11	124115404	124147721	124115404	1
VWA5B1	chr1	20290875	20359534	20290875	1
VWA5B2	chr3	184228996	184242342	184228996	1
VWA7	chr6	31765590	31777328	31777328	-1
VWA8	chr13	41566834	41961143	41961143	-1
VWC2	chr7	49772822	49921950	49772822	1
VWC2L	chr2	214411054	214578976	214411054	1
VWCE	chr11	61255672	61295553	61295553	-1
VWDE	chr7	12330201	12404033	12404033	-1
VWF	chr12	5948877	6124770	6124770	-1
VXN	chr8	66492326	66518524	66492326	1
WAC	chr10	28532493	28623112	28532493	1
WAPL	chr10	86435256	86521843	86521843	-1
WARS1	chr14	100333782	100376805	100376805	-1
WARS2	chr1	119029164	119140679	119140679	-1
WAS	chrX	48676593	48691431	48676593	1
WASF1	chr6	110099581	110180032	110180032	-1
WASF2	chr1	27404226	27490308	27490308	-1
WASF3	chr13	26557650	26688948	26557650	1
WASH6P	chrY	57207346	57212230	57207346	1
WASHC1	chr9	14469	73865	73865	-1
WASHC2A	chr10	50067881	50136578	50067881	1
WASHC2C	chr10	45727193	45792967	45727193	1
WASHC3	chr12	102011737	102062149	102062149	-1
WASHC4	chr12	105107324	105169401	105107324	1
WASHC5	chr8	125024260	125091819	125091819	-1
WASL	chr7	123681938	123749181	123749181	-1
WBP1	chr2	74458263	74461077	74458263	1
WBP11	chr12	14783595	14803510	14803510	-1
WBP1L	chr10	102743923	102834613	102743923	1
WBP2	chr17	75845699	75856507	75856507	-1
WBP2NL	chr22	41998725	42058456	41998725	1
WBP4	chr13	41060607	41084012	41060607	1
WDCP	chr2	24029347	24049575	24049575	-1
WDFY1	chr2	223855716	223945357	223945357	-1
WDFY2	chr13	51583879	51767709	51583879	1
WDFY3	chr4	84668765	84966924	84966924	-1
WDFY4	chr10	48684825	48982959	48684825	1
WDHD1	chr14	54938949	55027450	55027450	-1
WDPCP	chr2	63119559	63827843	63827843	-1
WDR1	chr4	10068089	10116988	10116988	-1
WDR11	chr10	120851175	120909524	120851175	1
WDR12	chr2	202874261	203014798	203014798	-1
WDR13	chrX	48589838	48608869	48589838	1
WDR17	chr4	176065840	176182820	176065840	1
WDR18	chr19	984248	998438	984248	1
WDR19	chr4	39182463	39285810	39182463	1
WDR20	chr14	102139503	102224847	102139503	1
WDR24	chr16	684614	690444	690444	-1
WDR25	chr14	100376418	100530306	100376418	1
WDR26	chr1	224385146	224437033	224437033	-1
WDR27	chr6	169457211	169702729	169702729	-1
WDR3	chr1	117929063	117966543	117929063	1
WDR31	chr9	113313222	113340337	113340337	-1
WDR33	chr2	127701027	127811195	127811195	-1
WDR35	chr2	19910260	19990162	19990162	-1
WDR36	chr5	111092303	111130502	111092303	1
WDR37	chr10	1049265	1160991	1049265	1
WDR38	chr9	124853266	124859596	124853266	1
WDR4	chr21	42843013	42879583	42879583	-1
WDR41	chr5	77424462	77620611	77620611	-1
WDR43	chr2	28894611	28948926	28894611	1
WDR44	chrX	118345968	118457616	118345968	1
WDR45	chrX	49074431	49101203	49101203	-1
WDR45B	chr17	82614562	82648553	82648553	-1
WDR46	chr6	33279103	33289523	33289523	-1
WDR47	chr1	108970211	109042169	109042169	-1
WDR48	chr3	39051991	39096671	39051991	1
WDR49	chr3	167477789	167653983	167653983	-1
WDR5	chr9	134134346	134159971	134134346	1
WDR53	chr3	196552217	196569263	196569263	-1
WDR54	chr2	74421477	74425770	74421477	1
WDR55	chr5	140664476	140674124	140664476	1
WDR59	chr16	74862165	75000173	75000173	-1
WDR5B	chr3	122411846	122416464	122416464	-1
WDR6	chr3	49007062	49015953	49007062	1
WDR62	chr19	36054649	36105112	36054649	1
WDR64	chr1	241652278	241802777	241652278	1
WDR7	chr18	56651248	57029811	56651248	1
WDR70	chr5	37379244	37753534	37379244	1
WDR72	chr15	53513741	53762878	53762878	-1
WDR73	chr15	84639283	84654343	84654343	-1
WDR74	chr11	62832342	62842228	62842228	-1
WDR75	chr2	189441429	189485916	189441429	1
WDR76	chr15	43824498	43868414	43824498	1
WDR77	chr1	111437222	111449297	111449297	-1
WDR81	chr17	1716523	1738599	1716523	1
WDR82	chr3	52254434	52288020	52288020	-1
WDR83	chr19	12666802	12675832	12666802	1
WDR83OS	chr19	12668065	12669467	12669467	-1
WDR86	chr7	151375909	151410727	151410727	-1
WDR87	chr19	37884823	37906677	37906677	-1
WDR88	chr19	33132092	33175799	33132092	1
WDR89	chr14	63581588	63642080	63642080	-1
WDR90	chr16	649287	667837	649287	1
WDR91	chr7	135183838	135211557	135211557	-1
WDR93	chr15	89690810	89743639	89690810	1
WDR97	chr8	144107726	144118328	144107726	1
WDSUB1	chr2	159234903	159287347	159287347	-1
WDTC1	chr1	27233776	27308715	27233776	1
WEE1	chr11	9573540	9593457	9573540	1
WEE2	chr7	141702227	141731271	141702227	1
WFDC1	chr16	84294615	84329853	84294615	1
WFDC10A	chr20	45629733	45631196	45629733	1
WFDC10B	chr20	45684651	45705019	45705019	-1
WFDC11	chr20	45648563	45670270	45670270	-1
WFDC12	chr20	45123425	45124465	45124465	-1
WFDC13	chr20	45702038	45708817	45702038	1
WFDC2	chr20	45469166	45481533	45469166	1
WFDC3	chr20	45747944	45791932	45791932	-1
WFDC5	chr20	45109452	45115217	45115217	-1
WFDC6	chr20	45533091	45539496	45539496	-1
WFDC8	chr20	45551153	45579326	45579326	-1
WFDC9	chr20	45607939	45631284	45631284	-1
WFIKKN1	chr16	629239	634117	629239	1
WFIKKN2	chr17	50834650	50842353	50834650	1
WFS1	chr4	6269832	6303265	6269832	1
WHAMM	chr15	82809581	82836108	82809581	1
WHR1	chr6	31971091	31982821	31971091	1
WHRN	chr9	114402078	114505530	114505530	-1
WIF1	chr12	65050565	65121582	65121582	-1
WIPF1	chr2	174559563	174682916	174682916	-1
WIPF2	chr17	40218743	40284136	40218743	1
WIPF3	chr7	29806447	29917061	29806447	1
WIPI1	chr17	68420948	68457563	68457563	-1
WIPI2	chr7	5190182	5233855	5190182	1
WIZ	chr19	15419978	15450038	15450038	-1
WLS	chr1	68095398	68233120	68233120	-1
WNK1	chr12	752536	911452	752536	1
WNK2	chr9	93184122	93320572	93184122	1
WNK3	chrX	54192823	54358642	54358642	-1
WNK4	chr17	42780593	42797066	42780593	1
WNT1	chr12	48978322	48982620	48978322	1
WNT10A	chr2	218880852	218899581	218880852	1
WNT10B	chr12	48965185	48972669	48972669	-1
WNT11	chr11	76186325	76210762	76210762	-1
WNT16	chr7	121325367	121341252	121325367	1
WNT2	chr7	117273513	117323392	117323392	-1
WNT2B	chr1	112466541	112530165	112466541	1
WNT3	chr17	46762493	46833154	46833154	-1
WNT3A	chr1	228006924	228061328	228006924	1
WNT4	chr1	22117313	22143969	22143969	-1
WNT5A	chr3	55465715	55490539	55490539	-1
WNT5B	chr12	1529854	1647243	1529854	1
WNT6	chr2	218859795	218874233	218859795	1
WNT7A	chr3	13816157	13880104	13880104	-1
WNT7B	chr22	45920366	45977260	45977260	-1
WNT8A	chr5	138083990	138092365	138083990	1
WNT8B	chr10	100463009	100483744	100463009	1
WNT9A	chr1	227918656	227947939	227947939	-1
WNT9B	chr17	46833201	46886730	46833201	1
WRAP53	chr17	7686071	7703505	7686071	1
WRAP73	chr1	3630767	3652761	3652761	-1
WRN	chr8	31033761	31176138	31033761	1
WRNIP1	chr6	2765323	2791517	2765323	1
WSB1	chr17	27294048	27315938	27294048	1
WSB2	chr12	118030630	118062430	118062430	-1
WSCD1	chr17	6057807	6124427	6057807	1
WSCD2	chr12	108129128	108250537	108129128	1
WT1	chr11	32387775	32435885	32435885	-1
WTAP	chr6	159716378	159756319	159716378	1
WTIP	chr19	34481682	34512304	34481682	1
WWC1	chr5	168291563	168472303	168291563	1
WWC2	chr4	183099120	183320777	183099120	1
WWC3	chrX	10015254	10144592	10015254	1
WWOX	chr16	78099400	79212667	78099400	1
WWP1	chr8	86342486	86478420	86342486	1
WWP2	chr16	69762281	69944553	69762281	1
WWTR1	chr3	149517235	149736714	149736714	-1
XAB2	chr19	7619523	7629573	7629573	-1
XAF1	chr17	6755375	6775647	6755375	1
XAGE1A	chrX	52494851	52500817	52494851	1
XAGE1B	chrX	52512073	52520803	52520803	-1
XAGE2	chrX	52368510	52375734	52368510	1
XAGE3	chrX	52862517	52868613	52868613	-1
XAGE5	chrX	52811250	52818319	52811250	1
XBP1	chr22	28793534	28800597	28800597	-1
XCL1	chr1	168576596	168582069	168576596	1
XCL2	chr1	168540765	168544113	168544113	-1
XCR1	chr3	46016988	46085850	46085850	-1
XDH	chr2	31334320	31414756	31414756	-1
XG	chrX	2751798	2816500	2751798	1
XIAP	chrX	123859693	123913972	123859693	1
XIRP1	chr3	39183210	39192660	39192660	-1
XIRP2	chr2	166888480	167260119	166888480	1
XK	chrX	37685558	37732130	37685558	1
XKR3	chr22	16783412	16851222	16851222	-1
XKR4	chr8	55102028	55542054	55102028	1
XKR5	chr8	6805013	6835536	6835536	-1
XKR6	chr8	10895891	11201833	11201833	-1
XKR7	chr20	31968151	32003387	31968151	1
XKR8	chr1	27959588	27968094	27959588	1
XKR9	chr8	70669331	70790371	70669331	1
XKRX	chrX	100886924	100929433	100929433	-1
XNDC1N	chr11	71865504	71928917	71928917	-1
XNDC1N-ZNF705EP-ALG1L9P	chr11	71804997	71928656	71928656	-1
XPA	chr9	97653139	97697408	97697408	-1
XPC	chr3	14145145	14178767	14178767	-1
XPNPEP1	chr10	109864491	109923574	109923574	-1
XPNPEP2	chrX	129738949	129770164	129738949	1
XPNPEP3	chr22	40857054	40932815	40857054	1
XPO1	chr2	61476032	61538753	61538753	-1
XPO4	chr13	20777329	20903048	20903048	-1
XPO5	chr6	43522334	43576091	43576091	-1
XPO6	chr16	28097976	28212065	28212065	-1
XPO7	chr8	21919545	22006585	21919545	1
XPOT	chr12	64404168	64451130	64404168	1
XPR1	chr1	180632006	180890279	180632006	1
XRCC1	chr19	43543306	43580473	43580473	-1
XRCC2	chr7	152644771	152676201	152676201	-1
XRCC3	chr14	103697569	103715504	103715504	-1
XRCC4	chr5	83077498	83370453	83077498	1
XRCC5	chr2	216107464	216207528	216107464	1
XRCC6	chr22	41620786	41664087	41620786	1
XRN1	chr3	142306607	142448087	142448087	-1
XRN2	chr20	21303281	21390251	21303281	1
XRRA1	chr11	74807739	74949200	74949200	-1
XXYLT1	chr3	195067373	195271176	195271176	-1
XYLB	chr3	38346743	38428434	38346743	1
XYLT1	chr16	17101769	17470977	17470977	-1
XYLT2	chr17	50346080	50363138	50346080	1
YAE1	chr7	39566368	39612089	39566368	1
YAF2	chr12	42157104	42238368	42238368	-1
YAP1	chr11	102109968	102233534	102109968	1
YARS1	chr1	32774776	32818031	32818031	-1
YARS2	chr12	32725785	32755948	32755948	-1
YBEY	chr21	46285831	46313301	46285831	1
YBX1	chr1	42682144	42703805	42682144	1
YBX2	chr17	7288253	7294750	7294750	-1
YBX3	chr12	10693264	10723689	10723689	-1
YDJC	chr22	21628089	21630070	21630070	-1
YEATS2	chr3	183697748	183812809	183697748	1
YEATS4	chr12	69359669	69398005	69359669	1
YES1	chr18	721587	813276	813276	-1
YIF1A	chr11	66284253	66289688	66289688	-1
YIF1B	chr19	38303558	38317273	38317273	-1
YIPF1	chr1	53847531	53890683	53890683	-1
YIPF2	chr19	10918919	10928704	10928704	-1
YIPF3	chr6	43511200	43516985	43516985	-1
YIPF4	chr2	32277868	32320896	32277868	1
YIPF5	chr5	144158161	144170714	144170714	-1
YIPF6	chrX	68498549	68614530	68498549	1
YIPF7	chr4	44622088	44678795	44678795	-1
YJEFN3	chr19	19528851	19537584	19528851	1
YJU2	chr19	4247062	4269091	4247062	1
YJU2B	chr19	13731746	13763298	13731746	1
YKT6	chr7	44200959	44214294	44200959	1
YLPM1	chr14	74763289	74859435	74763289	1
YME1L1	chr10	27107777	27155266	27155266	-1
YOD1	chr1	207043849	207052980	207052980	-1
YPEL1	chr22	21697536	21735838	21735838	-1
YPEL2	chr17	59331591	59401729	59331591	1
YPEL3	chr16	30092314	30096915	30096915	-1
YPEL4	chr11	57645087	57649944	57649944	-1
YPEL5	chr2	30146555	30160538	30146555	1
YRDC	chr1	37802945	37808216	37808216	-1
YTHDC1	chr4	68310387	68350110	68350110	-1
YTHDC2	chr5	113513677	113595291	113513677	1
YTHDF1	chr20	63195429	63216149	63216149	-1
YTHDF2	chr1	28736608	28770214	28736608	1
YTHDF3	chr8	63168260	63212786	63168260	1
YWHAB	chr20	44885676	44908715	44885676	1
YWHAE	chr17	1344275	1400326	1400326	-1
YWHAG	chr7	76326799	76359022	76359022	-1
YWHAH	chr22	31944465	31957603	31944465	1
YWHAQ	chr2	9583334	9639472	9639472	-1
YWHAZ	chr8	100914526	100953397	100953397	-1
YY1	chr14	100238298	100282788	100238298	1
YY1AP1	chr1	155659446	155689334	155689334	-1
YY2	chrX	21855987	21858740	21855987	1
ZACN	chr17	76071961	76083666	76071961	1
ZAN	chr7	100733595	100797797	100733595	1
ZAP70	chr2	97713190	97744327	97713190	1
ZAR1	chr4	48490252	48494389	48490252	1
ZAR1L	chr13	32303699	32315363	32315363	-1
ZBBX	chr3	167239843	167407874	167407874	-1
ZBED1	chrY	2486169	2502862	2502862	-1
ZBED2	chr3	111592900	111595394	111595394	-1
ZBED3	chr5	77072072	77087361	77087361	-1
ZBED4	chr22	49853827	49897383	49853827	1
ZBED5	chr11	10812074	10858796	10858796	-1
ZBED6	chr1	203795623	203854999	203795623	1
ZBP1	chr20	57603575	57620576	57620576	-1
ZBTB1	chr14	64502152	64533690	64502152	1
ZBTB10	chr8	80485596	80526265	80485596	1
ZBTB11	chr3	101648889	101677135	101677135	-1
ZBTB12	chr6	31899065	31902103	31902103	-1
ZBTB14	chr18	5285882	5297053	5297053	-1
ZBTB16	chr11	114058335	114256765	114058335	1
ZBTB17	chr1	15940148	15976132	15976132	-1
ZBTB18	chr1	244048547	244057476	244048547	1
ZBTB2	chr6	151364105	151391700	151391700	-1
ZBTB20	chr3	114314500	115147356	115147356	-1
ZBTB21	chr21	41986293	42010387	42010387	-1
ZBTB22	chr6	33314406	33318021	33318021	-1
ZBTB24	chr6	109460632	109483273	109483273	-1
ZBTB25	chr14	64430818	64505232	64505232	-1
ZBTB26	chr9	122915548	122931565	122931565	-1
ZBTB3	chr11	62737172	62758835	62758835	-1
ZBTB32	chr19	35704558	35717048	35704558	1
ZBTB33	chrX	120250712	120259741	120250712	1
ZBTB34	chr9	126860626	126885878	126860626	1
ZBTB37	chr1	173868082	173903547	173868082	1
ZBTB38	chr3	141324154	141449792	141324154	1
ZBTB39	chr12	56998836	57006560	57006560	-1
ZBTB4	chr17	7459366	7484278	7484278	-1
ZBTB40	chr1	22428838	22531157	22428838	1
ZBTB41	chr1	197153682	197201449	197201449	-1
ZBTB42	chr14	104799415	104804712	104799415	1
ZBTB43	chr9	126804988	126838210	126804988	1
ZBTB44	chr11	130226677	130314917	130314917	-1
ZBTB45	chr19	58513530	58538911	58538911	-1
ZBTB46	chr20	63743668	63832455	63832455	-1
ZBTB47	chr3	42652900	42667580	42652900	1
ZBTB48	chr1	6579994	6589290	6579994	1
ZBTB49	chr4	4290221	4321786	4290221	1
ZBTB5	chr9	37437687	37468850	37468850	-1
ZBTB6	chr9	122908053	122913333	122913333	-1
ZBTB7A	chr19	4041419	4067636	4067636	-1
ZBTB7B	chr1	155002543	155018525	155002543	1
ZBTB7C	chr18	48025767	48410752	48410752	-1
ZBTB8A	chr1	32539134	32605941	32539134	1
ZBTB8B	chr1	32465047	32496686	32465047	1
ZBTB8OS	chr1	32599890	32651011	32651011	-1
ZBTB9	chr6	33453970	33457544	33453970	1
ZC2HC1A	chr8	78666050	78719765	78666050	1
ZC2HC1B	chr6	143864436	143940363	143864436	1
ZC2HC1C	chr14	75064109	75119502	75064109	1
ZC3H10	chr12	56118243	56127514	56118243	1
ZC3H11A	chr1	203795562	203854999	203795562	1
ZC3H11B	chr1	219608012	219613105	219613105	-1
ZC3H11C	chr6	65301476	65306574	65301476	1
ZC3H12A	chr1	37474496	37484379	37474496	1
ZC3H12B	chrX	65034788	65507887	65034788	1
ZC3H12C	chr11	110093373	110171841	110093373	1
ZC3H12D	chr6	149446795	149485036	149485036	-1
ZC3H13	chr13	45954364	46052781	46052781	-1
ZC3H14	chr14	88562948	88627596	88562948	1
ZC3H15	chr2	186485890	186513373	186485890	1
ZC3H18	chr16	88570388	88631966	88570388	1
ZC3H3	chr8	143437655	143541578	143541578	-1
ZC3H4	chr19	47064187	47113776	47113776	-1
ZC3H6	chr2	112275565	112340059	112275565	1
ZC3H7A	chr16	11750586	11797263	11797263	-1
ZC3H7B	chr22	41301457	41360155	41301457	1
ZC3H8	chr2	112211529	112255151	112255151	-1
ZC3HAV1	chr7	139043515	139132122	139132122	-1
ZC3HAV1L	chr7	139021498	139036219	139036219	-1
ZC3HC1	chr7	130018286	130051401	130051401	-1
ZC4H2	chrX	64915802	65034713	65034713	-1
ZCCHC10	chr5	132996985	133026604	133026604	-1
ZCCHC12	chrX	118823779	118826982	118823779	1
ZCCHC13	chrX	74304180	74305034	74304180	1
ZCCHC14	chr16	87406246	87493030	87493030	-1
ZCCHC17	chr1	31296942	31371032	31296942	1
ZCCHC18	chrX	104112060	104115851	104112060	1
ZCCHC2	chr18	62522994	62587709	62522994	1
ZCCHC24	chr10	79351307	79445673	79445673	-1
ZCCHC3	chr20	297570	300321	297570	1
ZCCHC4	chr4	25312768	25372306	25312768	1
ZCCHC7	chr9	37118631	37383818	37118631	1
ZCCHC8	chr12	122471600	122501002	122501002	-1
ZCCHC9	chr5	81301580	81315599	81301580	1
ZCRB1	chr12	42303157	42326257	42326257	-1
ZCWPW1	chr7	100400826	100428992	100428992	-1
ZCWPW2	chr3	28348697	28538122	28348697	1
ZDBF2	chr2	206274653	206393968	206274653	1
ZDHHC1	chr16	67394152	67416833	67416833	-1
ZDHHC11	chr5	795605	858973	858973	-1
ZDHHC11B	chr5	710355	784729	784729	-1
ZDHHC12	chr9	128720862	128724146	128724146	-1
ZDHHC13	chr11	19117099	19177712	19117099	1
ZDHHC14	chr6	157381133	157678157	157381133	1
ZDHHC15	chrX	75327087	75523502	75523502	-1
ZDHHC16	chr10	97446141	97457934	97446141	1
ZDHHC17	chr12	76763993	76853940	76763993	1
ZDHHC18	chr1	26826668	26857604	26826668	1
ZDHHC19	chr3	196197452	196211437	196211437	-1
ZDHHC2	chr8	17155974	17225786	17155974	1
ZDHHC20	chr13	21348784	21459467	21459467	-1
ZDHHC21	chr9	14586766	14694198	14694198	-1
ZDHHC22	chr14	77131266	77143032	77143032	-1
ZDHHC23	chr3	113947706	113965401	113947706	1
ZDHHC24	chr11	66520620	66546244	66546244	-1
ZDHHC3	chr3	44914692	44976282	44976282	-1
ZDHHC4	chr7	6577405	6589374	6577405	1
ZDHHC5	chr11	57667433	57702260	57667433	1
ZDHHC6	chr10	112424416	112447631	112447631	-1
ZDHHC7	chr16	84973744	85011541	85011541	-1
ZDHHC8	chr22	20129456	20148007	20129456	1
ZDHHC9	chrX	129797030	129844215	129844215	-1
ZEB1	chr10	31318495	31529814	31318495	1
ZEB2	chr2	144364364	144521057	144521057	-1
ZER1	chr9	128729785	128772414	128772414	-1
ZFAND1	chr8	81701180	81732903	81732903	-1
ZFAND2A	chr7	1151903	1175914	1175914	-1
ZFAND2B	chr2	219195237	219209651	219195237	1
ZFAND3	chr6	37819401	38154642	37819401	1
ZFAND4	chr10	45613374	45673047	45673047	-1
ZFAND5	chr9	72350313	72365785	72365785	-1
ZFAND6	chr15	80058894	80140292	80058894	1
ZFAT	chr8	134477251	134713175	134713175	-1
ZFC3H1	chr12	71606412	71667725	71667725	-1
ZFHX2	chr14	23520851	23556192	23556192	-1
ZFHX3	chr16	72782885	73891871	73891871	-1
ZFHX4	chr8	76681239	76867281	76681239	1
ZFP1	chr16	75148494	75172254	75148494	1
ZFP14	chr19	36334453	36379208	36379208	-1
ZFP2	chr5	178895889	178933415	178895889	1
ZFP28	chr19	56538875	56557597	56538875	1
ZFP3	chr17	5078241	5096376	5078241	1
ZFP30	chr19	37613645	37692337	37692337	-1
ZFP36	chr19	39406412	39411635	39406412	1
ZFP36L1	chr14	68787655	68796269	68796269	-1
ZFP36L2	chr2	43221825	43226612	43226612	-1
ZFP37	chr9	113038377	113056802	113056802	-1
ZFP41	chr8	143245996	143262705	143245996	1
ZFP42	chr4	187994044	188007005	187994044	1
ZFP57	chr6	29672482	29681174	29681174	-1
ZFP62	chr5	180843577	180861285	180861285	-1
ZFP64	chr20	52046638	52204308	52204308	-1
ZFP69	chr1	40477233	40497331	40477233	1
ZFP69B	chr1	40450053	40464142	40450053	1
ZFP82	chr19	36383120	36418924	36418924	-1
ZFP90	chr16	68530090	68577886	68530090	1
ZFP91	chr11	58578476	58621674	58578476	1
ZFP91-CNTF	chr11	58579172	58624639	58579172	1
ZFP92	chrX	153411434	153426481	153411434	1
ZFPL1	chr11	65084210	65088409	65084210	1
ZFPM1	chr16	88453208	88537031	88453208	1
ZFPM2	chr8	104590733	105805813	104590733	1
ZFR	chr5	32354344	32444766	32444766	-1
ZFR2	chr19	3804024	3869055	3869055	-1
ZFTA	chr11	63759892	63769752	63769752	-1
ZFTRAF1	chr8	144447345	144462908	144462908	-1
ZFX	chrX	24148970	24216255	24148970	1
ZFY	chrY	2935201	2982579	2935201	1
ZFYVE1	chr14	72969445	73027140	73027140	-1
ZFYVE16	chr5	80407149	80483379	80407149	1
ZFYVE19	chr15	40807086	40815084	40807086	1
ZFYVE21	chr14	103715725	103733669	103715725	1
ZFYVE26	chr14	67727374	67816590	67816590	-1
ZFYVE27	chr10	97737111	97760907	97737111	1
ZFYVE28	chr4	2269578	2418794	2418794	-1
ZFYVE9	chr1	52141883	52348671	52141883	1
ZG16	chr16	29760591	29783885	29760591	1
ZG16B	chr16	2830162	2839585	2830162	1
ZGLP1	chr19	10304803	10309880	10309880	-1
ZGPAT	chr20	63707353	63736150	63707353	1
ZGRF1	chr4	112534428	112637402	112637402	-1
ZHX1	chr8	123246669	123275541	123275541	-1
ZHX1-C8orf76	chr8	123226189	123274284	123274284	-1
ZHX2	chr8	122781298	122974521	122781298	1
ZHX3	chr20	41178448	41317783	41317783	-1
ZIC1	chr3	147393422	147510293	147393422	1
ZIC2	chr13	99981266	99986765	99981266	1
ZIC3	chrX	137563314	137577691	137563314	1
ZIC4	chr3	147386046	147406809	147406809	-1
ZIC5	chr13	99962964	99971767	99971767	-1
ZIK1	chr19	57578456	57595040	57578456	1
ZIM2	chr19	56754335	56840755	56840755	-1
ZIM3	chr19	57134096	57145202	57145202	-1
ZKSCAN1	chr7	100015570	100047430	100015570	1
ZKSCAN2	chr16	25236001	25257859	25257859	-1
ZKSCAN3	chr6	28349911	28369186	28349911	1
ZKSCAN4	chr6	28241011	28252924	28252924	-1
ZKSCAN5	chr7	99504634	99535360	99504634	1
ZKSCAN7	chr3	44555193	44594173	44555193	1
ZKSCAN8	chr6	28141732	28160205	28141732	1
ZKSCAN8P1	chr6	28161756	28170549	28161756	1
ZMAT1	chrX	101882288	101932090	101932090	-1
ZMAT2	chr5	140698680	140707729	140698680	1
ZMAT3	chr3	178958103	179072323	179072323	-1
ZMAT4	chr8	40530590	40897864	40897864	-1
ZMAT5	chr22	29728138	29767084	29767084	-1
ZMIZ1	chr10	79068904	79316550	79068904	1
ZMIZ2	chr7	44748548	44770112	44748548	1
ZMPSTE24	chr1	40258041	40294199	40258041	1
ZMYM1	chr1	35032172	35118818	35032172	1
ZMYM2	chr13	19958673	20091856	19958673	1
ZMYM3	chrX	71239617	71255269	71255269	-1
ZMYM4	chr1	35268664	35423213	35268664	1
ZMYM5	chr13	19823482	19864935	19864935	-1
ZMYM6	chr1	34986144	35031973	35031973	-1
ZMYND10	chr3	50341110	50345746	50345746	-1
ZMYND11	chr10	130088	254771	130088	1
ZMYND12	chr1	42430315	42456253	42456253	-1
ZMYND15	chr17	4739108	4746119	4739108	1
ZMYND19	chr9	137582066	137590520	137590520	-1
ZMYND8	chr20	47209214	47357806	47357806	-1
ZNF10	chr12	133130349	133159465	133130349	1
ZNF100	chr19	21722771	21767628	21767628	-1
ZNF101	chr19	19668781	19683509	19668781	1
ZNF106	chr15	42412823	42491150	42491150	-1
ZNF107	chr7	64666099	64736981	64666099	1
ZNF112	chr19	44307664	44367217	44367217	-1
ZNF114	chr19	48270041	48289292	48270041	1
ZNF117	chr7	64970663	65006721	65006721	-1
ZNF12	chr7	6688433	6706979	6706979	-1
ZNF121	chr19	9560329	9584545	9584545	-1
ZNF124	chr1	247121975	247172063	247172063	-1
ZNF131	chr5	43065176	43192021	43065176	1
ZNF132	chr19	58432814	58440172	58440172	-1
ZNF133	chr20	18288265	18316996	18288265	1
ZNF134	chr19	57614233	57624724	57614233	1
ZNF135	chr19	58059238	58086310	58059238	1
ZNF136	chr19	12163052	12189871	12163052	1
ZNF138	chr7	64794374	64834306	64794374	1
ZNF14	chr19	19708130	19733119	19733119	-1
ZNF140	chr12	133080388	133107981	133080388	1
ZNF141	chr4	337762	384868	337762	1
ZNF142	chr2	218633329	218659655	218659655	-1
ZNF143	chr11	9460319	9529155	9460319	1
ZNF146	chr19	36214602	36239969	36214602	1
ZNF148	chr3	125225669	125375842	125375842	-1
ZNF154	chr19	57696275	57709215	57709215	-1
ZNF155	chr19	43967862	43998326	43967862	1
ZNF157	chrX	47366479	47414624	47366479	1
ZNF16	chr8	144929355	144950888	144950888	-1
ZNF160	chr19	53064884	53103464	53103464	-1
ZNF165	chr6	28080276	28089563	28080276	1
ZNF169	chr9	94259280	94324660	94259280	1
ZNF17	chr19	57410723	57422156	57410723	1
ZNF174	chr16	3401194	3409478	3401194	1
ZNF175	chr19	51571250	51592510	51571250	1
ZNF177	chr19	9363001	9382617	9363001	1
ZNF18	chr17	11956202	11997494	11997494	-1
ZNF180	chr19	44470957	44500547	44500547	-1
ZNF181	chr19	34734155	34750437	34734155	1
ZNF182	chrX	47974851	48004375	48004375	-1
ZNF184	chr6	27449021	27473141	27473141	-1
ZNF185	chrX	152896695	152973511	152896695	1
ZNF189	chr9	101398842	101414176	101398842	1
ZNF19	chr16	71464555	71565502	71565502	-1
ZNF195	chr11	3339261	3379222	3379222	-1
ZNF197	chr3	44584832	44648471	44584832	1
ZNF2	chr2	95165432	95184317	95165432	1
ZNF20	chr19	12092843	12140355	12140355	-1
ZNF200	chr16	3222324	3236221	3236221	-1
ZNF202	chr11	123723043	123742513	123742513	-1
ZNF205	chr16	3112550	3120527	3112550	1
ZNF207	chr17	32350122	32381885	32350122	1
ZNF208	chr19	21932872	22010994	22010994	-1
ZNF211	chr19	57630395	57644044	57630395	1
ZNF212	chr7	149239651	149255956	149239651	1
ZNF213	chr16	3129777	3142804	3129777	1
ZNF214	chr11	6996643	7020385	7020385	-1
ZNF215	chr11	6926343	7001004	6926343	1
ZNF217	chr20	53567071	53609907	53609907	-1
ZNF219	chr14	21089468	21104722	21104722	-1
ZNF22	chr10	45000262	45007206	45000262	1
ZNF221	chr19	43951204	43972739	43951204	1
ZNF222	chr19	44025326	44033222	44025326	1
ZNF223	chr19	44051367	44069308	44051367	1
ZNF224	chr19	44094326	44111682	44094326	1
ZNF225	chr19	44112181	44135473	44112181	1
ZNF226	chr19	44165069	44178381	44165069	1
ZNF227	chr19	44207475	44238179	44207475	1
ZNF229	chr19	44417519	44448578	44448578	-1
ZNF23	chr16	71447597	71463095	71463095	-1
ZNF230	chr19	44002934	44013924	44002934	1
ZNF232	chr17	5105269	5123162	5123162	-1
ZNF233	chr19	44259863	44277043	44259863	1
ZNF234	chr19	44141355	44160839	44141355	1
ZNF235	chr19	44228729	44305046	44305046	-1
ZNF236	chr18	76822367	76972901	76822367	1
ZNF239	chr10	43552197	43574623	43574623	-1
ZNF24	chr18	35332227	35345502	35345502	-1
ZNF248	chr10	37773571	37858107	37858107	-1
ZNF25	chr10	37916979	37976658	37976658	-1
ZNF250	chr8	144876497	144902217	144902217	-1
ZNF251	chr8	144720515	144756417	144756417	-1
ZNF253	chr19	19865812	19897770	19865812	1
ZNF254	chr19	24033405	24179008	24033405	1
ZNF256	chr19	57939738	57947715	57947715	-1
ZNF257	chr19	22052430	22123402	22052430	1
ZNF26	chr12	132986185	133032952	132986185	1
ZNF260	chr19	36510687	36528696	36528696	-1
ZNF263	chr16	3263800	3301705	3263800	1
ZNF264	chr19	57191465	57222846	57191465	1
ZNF266	chr19	9412210	9435601	9435601	-1
ZNF267	chr16	31873783	31918055	31873783	1
ZNF268	chr12	133181409	133214832	133181409	1
ZNF273	chr7	64870172	64944241	64870172	1
ZNF274	chr19	58183029	58215964	58183029	1
ZNF275	chrX	153334122	153360110	153334122	1
ZNF276	chr16	89720400	89740925	89720400	1
ZNF277	chr7	112206619	112356519	112206619	1
ZNF28	chr19	52796894	52857649	52857649	-1
ZNF280A	chr22	22513226	22520273	22520273	-1
ZNF280B	chr22	22484421	22508815	22508815	-1
ZNF280C	chrX	130202699	130268923	130268923	-1
ZNF280D	chr15	56630164	56734086	56734086	-1
ZNF281	chr1	200400937	200410063	200410063	-1
ZNF282	chr7	149195502	149226243	149195502	1
ZNF283	chr19	43827297	43852017	43827297	1
ZNF284	chr19	44072138	44089613	44072138	1
ZNF285	chr19	44382298	44401624	44401624	-1
ZNF286A	chr17	15699577	15720787	15699577	1
ZNF286A-TBC1D26	chr17	15699552	15745940	15699552	1
ZNF287	chr17	16546954	16569218	16569218	-1
ZNF292	chr6	87151803	87300928	87151803	1
ZNF296	chr19	45071500	45076485	45076485	-1
ZNF3	chr7	100056868	100082706	100082706	-1
ZNF30	chr19	34926887	34945172	34926887	1
ZNF300	chr5	150893804	150904987	150904987	-1
ZNF302	chr19	34677084	34687065	34677084	1
ZNF304	chr19	57351255	57360022	57351255	1
ZNF311	chr6	28994040	29005651	29005651	-1
ZNF316	chr7	6637298	6658279	6637298	1
ZNF317	chr19	9140377	9163424	9140377	1
ZNF318	chr6	43307134	43369687	43369687	-1
ZNF319	chr16	57994673	58000718	58000718	-1
ZNF32	chr10	43643859	43649367	43649367	-1
ZNF320	chr19	52860851	52897720	52897720	-1
ZNF322	chr6	26634383	26659759	26659759	-1
ZNF324	chr19	58467052	58475436	58467052	1
ZNF324B	chr19	58450369	58459868	58450369	1
ZNF326	chr1	89995110	90035548	89995110	1
ZNF329	chr19	58126248	58155110	58155110	-1
ZNF330	chr4	141220280	141234697	141220280	1
ZNF331	chr19	53519527	53580271	53519527	1
ZNF333	chr19	14689801	14733746	14689801	1
ZNF334	chr20	46499630	46513596	46513596	-1
ZNF335	chr20	45948653	45972358	45972358	-1
ZNF337	chr20	25673195	25696884	25696884	-1
ZNF33A	chr10	38010295	38085091	38010295	1
ZNF33B	chr10	42572956	42638863	42638863	-1
ZNF34	chr8	144770441	144788684	144788684	-1
ZNF341	chr20	33731657	33792269	33731657	1
ZNF343	chr20	2471467	2525028	2525028	-1
ZNF345	chr19	36850338	36913029	36850338	1
ZNF346	chr5	177022059	177081202	177022059	1
ZNF347	chr19	53124072	53159075	53159075	-1
ZNF35	chr3	44648720	44665331	44648720	1
ZNF350	chr19	51963979	51986860	51986860	-1
ZNF354A	chr5	178711510	178732381	178732381	-1
ZNF354B	chr5	178859925	178889464	178859925	1
ZNF354C	chr5	179060354	179113455	179060354	1
ZNF358	chr19	7515292	7521027	7515292	1
ZNF362	chr1	33256273	33300719	33256273	1
ZNF365	chr10	62374089	62482255	62374089	1
ZNF366	chr5	72439903	72507428	72507428	-1
ZNF367	chr9	96385838	96418470	96418470	-1
ZNF37A	chr10	38094270	38150293	38094270	1
ZNF382	chr19	36604817	36634114	36604817	1
ZNF383	chr19	37217926	37248740	37217926	1
ZNF384	chr12	6665037	6689572	6689572	-1
ZNF385A	chr12	54369129	54391338	54391338	-1
ZNF385B	chr2	179441982	179861617	179861617	-1
ZNF385C	chr17	42025576	42098479	42098479	-1
ZNF385D	chr3	21412218	22373321	22373321	-1
ZNF391	chr6	27374615	27405026	27374615	1
ZNF394	chr7	99473877	99504918	99504918	-1
ZNF395	chr8	28345590	28402701	28402701	-1
ZNF396	chr18	35366694	35381746	35381746	-1
ZNF397	chr18	35240508	35267133	35240508	1
ZNF398	chr7	149126416	149183042	149126416	1
ZNF404	chr19	43864321	43901831	43901831	-1
ZNF407	chr18	74597848	75065671	74597848	1
ZNF408	chr11	46701011	46705913	46701011	1
ZNF41	chrX	47444693	47483247	47483247	-1
ZNF410	chr14	73886201	73932521	73886201	1
ZNF414	chr19	8509678	8514177	8514177	-1
ZNF415	chr19	53107879	53133077	53133077	-1
ZNF416	chr19	57571016	57578921	57578921	-1
ZNF417	chr19	57900292	57916616	57916616	-1
ZNF418	chr19	57920526	57935413	57935413	-1
ZNF419	chr19	57487711	57496098	57487711	1
ZNF420	chr19	37007819	37130368	37007819	1
ZNF423	chr16	49487524	49857919	49857919	-1
ZNF425	chr7	149102784	149126348	149126348	-1
ZNF426	chr19	9523223	9538826	9538826	-1
ZNF428	chr19	43607223	43619914	43619914	-1
ZNF429	chr19	21496682	21556270	21496682	1
ZNF43	chr19	21804937	21852125	21852125	-1
ZNF430	chr19	21020614	21060923	21020614	1
ZNF431	chr19	21142001	21196053	21142001	1
ZNF432	chr19	52031378	52095773	52095773	-1
ZNF433	chr19	11988498	12035741	12035741	-1
ZNF436	chr1	23359448	23369960	23369960	-1
ZNF438	chr10	30820207	31032110	31032110	-1
ZNF439	chr19	11848716	11883750	11848716	1
ZNF44	chr19	12224686	12294883	12294883	-1
ZNF440	chr19	11814257	11835567	11814257	1
ZNF441	chr19	11767000	11784078	11767000	1
ZNF442	chr19	12345944	12365905	12365905	-1
ZNF443	chr19	12429706	12441021	12441021	-1
ZNF444	chr19	56132599	56160897	56132599	1
ZNF445	chr3	44431705	44477694	44477694	-1
ZNF446	chr19	58474017	58483992	58474017	1
ZNF449	chrX	135344199	135363413	135344199	1
ZNF45	chr19	43910549	43935306	43935306	-1
ZNF451	chr6	57086844	57170305	57086844	1
ZNF454	chr5	178940827	178966649	178940827	1
ZNF460	chr19	57279926	57296357	57279926	1
ZNF461	chr19	36636618	36666853	36666853	-1
ZNF462	chr9	106862286	107013634	106862286	1
ZNF467	chr7	149764175	149776519	149776519	-1
ZNF468	chr19	52835761	52857649	52857649	-1
ZNF469	chr16	88382959	88440757	88382959	1
ZNF470	chr19	56567018	56588911	56567018	1
ZNF471	chr19	56507730	56530276	56507730	1
ZNF473	chr19	50025714	50053414	50025714	1
ZNF474	chr5	122129540	122184959	122129540	1
ZNF475	chr5	122129622	122184959	122129622	1
ZNF479	chr7	57117676	57139864	57139864	-1
ZNF48	chr16	30378106	30400108	30378106	1
ZNF480	chr19	52297146	52325926	52297146	1
ZNF483	chr9	111525054	111578138	111525054	1
ZNF484	chr9	92843171	92878050	92878050	-1
ZNF485	chr10	43606413	43621706	43606413	1
ZNF486	chr19	20167182	20201889	20167182	1
ZNF487	chr10	43436830	43483181	43436830	1
ZNF488	chr10	47356520	47384331	47384331	-1
ZNF490	chr19	12575832	12640098	12640098	-1
ZNF491	chr19	11797642	11809622	11797642	1
ZNF492	chr19	22634318	22667671	22634318	1
ZNF493	chr19	21397080	21428596	21397080	1
ZNF496	chr1	247290854	247332822	247332822	-1
ZNF497	chr19	58354357	58362848	58362848	-1
ZNF500	chr16	4748239	4767624	4767624	-1
ZNF501	chr3	44729593	44738101	44729593	1
ZNF502	chr3	44712635	44724198	44712635	1
ZNF503	chr10	75397830	75402399	75402399	-1
ZNF506	chr19	19761038	19821784	19821784	-1
ZNF507	chr19	32345594	32387667	32345594	1
ZNF510	chr9	96754553	96778129	96778129	-1
ZNF511	chr10	133308885	133313163	133308885	1
ZNF511-PRAP1	chr10	133309410	133352529	133309410	1
ZNF512	chr2	27582969	27623217	27582969	1
ZNF512B	chr20	63956704	63969967	63969967	-1
ZNF513	chr2	27377235	27380790	27380790	-1
ZNF514	chr2	95122087	95165672	95165672	-1
ZNF516	chr18	76357682	76496132	76496132	-1
ZNF517	chr8	144798863	144813034	144798863	1
ZNF518A	chr10	96129695	96205288	96129695	1
ZNF518B	chr4	10439873	10461381	10461381	-1
ZNF519	chr18	14020702	14132490	14132490	-1
ZNF521	chr18	25061924	25352316	25352316	-1
ZNF524	chr19	55599714	55603592	55599714	1
ZNF525	chr19	53365671	53393980	53365671	1
ZNF526	chr19	42216774	42231887	42216774	1
ZNF527	chr19	37371061	37393066	37371061	1
ZNF528	chr19	52397842	52418412	52397842	1
ZNF529	chr19	36534774	36605554	36605554	-1
ZNF530	chr19	57599874	57612722	57599874	1
ZNF532	chr18	58862600	58986480	58862600	1
ZNF534	chr19	52429143	52452315	52429143	1
ZNF536	chr19	30224799	30713586	30224799	1
ZNF540	chr19	37551406	37614179	37551406	1
ZNF541	chr19	47520638	47573148	47573148	-1
ZNF543	chr19	57320462	57335049	57320462	1
ZNF544	chr19	58228594	58278375	58228594	1
ZNF546	chr19	39984134	40021038	39984134	1
ZNF547	chr19	57363477	57379565	57363477	1
ZNF548	chr19	57389841	57404246	57389841	1
ZNF549	chr19	57527316	57557542	57527316	1
ZNF550	chr19	57535257	57559870	57559870	-1
ZNF551	chr19	57681969	57717397	57681969	1
ZNF552	chr19	57768451	57814972	57814972	-1
ZNF554	chr19	2819853	2836735	2819853	1
ZNF555	chr19	2841437	2860471	2841437	1
ZNF556	chr19	2867292	2883445	2867292	1
ZNF557	chr19	7069416	7096206	7069416	1
ZNF558	chr19	8806170	8832319	8832319	-1
ZNF559	chr19	9323717	9351162	9323717	1
ZNF559-ZNF177	chr19	9324174	9382617	9324174	1
ZNF560	chr19	9464959	9498626	9498626	-1
ZNF561	chr19	9590381	9622601	9622601	-1
ZNF562	chr19	9641807	9675106	9675106	-1
ZNF563	chr19	12317477	12333723	12333723	-1
ZNF564	chr19	12524903	12551542	12551542	-1
ZNF565	chr19	36181542	36246257	36246257	-1
ZNF566	chr19	36445119	36489902	36489902	-1
ZNF567	chr19	36687268	36762843	36687268	1
ZNF568	chr19	36916311	37005037	36916311	1
ZNF569	chr19	37410878	37469282	37469282	-1
ZNF57	chr19	2900914	2919102	2900914	1
ZNF570	chr19	37467508	37488652	37467508	1
ZNF571	chr19	37554780	37595147	37595147	-1
ZNF572	chr8	124973265	124992210	124973265	1
ZNF573	chr19	37735833	37817300	37817300	-1
ZNF574	chr19	42068477	42083096	42068477	1
ZNF575	chr19	43525497	43541813	43525497	1
ZNF576	chr19	43593805	43601189	43593805	1
ZNF577	chr19	51804816	51890950	51890950	-1
ZNF578	chr19	52453551	52516882	52453551	1
ZNF579	chr19	55576774	55580921	55580921	-1
ZNF580	chr19	55635003	55643470	55635003	1
ZNF581	chr19	55624664	55647294	55624664	1
ZNF582	chr19	56375840	56393606	56393606	-1
ZNF583	chr19	56397966	56436035	56397966	1
ZNF584	chr19	58401504	58431736	58401504	1
ZNF585A	chr19	37106734	37172741	37172741	-1
ZNF585B	chr19	37181145	37218153	37218153	-1
ZNF586	chr19	57769636	57819939	57769636	1
ZNF587	chr19	57849818	57865117	57849818	1
ZNF587B	chr19	57819706	57846238	57819706	1
ZNF589	chr3	48241052	48299344	48241052	1
ZNF592	chr15	84748348	84806445	84748348	1
ZNF593	chr1	26169892	26170873	26169892	1
ZNF593OS	chr1	26169516	26171832	26171832	-1
ZNF594	chr17	5174019	5191907	5191907	-1
ZNF595	chr4	53283	106453	53283	1
ZNF596	chr8	232120	265321	232120	1
ZNF597	chr16	3432414	3443539	3443539	-1
ZNF598	chr16	1997654	2009821	2009821	-1
ZNF599	chr19	34758073	34773253	34773253	-1
ZNF600	chr19	52749942	52786836	52786836	-1
ZNF605	chr12	132918306	132956330	132956330	-1
ZNF606	chr19	57977053	58003349	58003349	-1
ZNF607	chr19	37696349	37719780	37719780	-1
ZNF608	chr5	124636913	124748824	124748824	-1
ZNF609	chr15	64460549	64686068	64460549	1
ZNF610	chr19	52336238	52367835	52336238	1
ZNF611	chr19	52701842	52735102	52735102	-1
ZNF613	chr19	51927147	51948759	51927147	1
ZNF614	chr19	52012765	52030240	52030240	-1
ZNF615	chr19	51991332	52008237	52008237	-1
ZNF616	chr19	52112053	52139965	52139965	-1
ZNF618	chr9	113876052	114056593	113876052	1
ZNF619	chr3	40477105	40491053	40477105	1
ZNF620	chr3	40477105	40521481	40477105	1
ZNF621	chr3	40524877	40576698	40524877	1
ZNF622	chr5	16451511	16465811	16465811	-1
ZNF623	chr8	143635518	143656418	143635518	1
ZNF624	chr17	16620734	16653860	16653860	-1
ZNF625	chr19	12142088	12156832	12156832	-1
ZNF625-ZNF20	chr19	12132117	12156731	12156731	-1
ZNF626	chr19	20619939	20661603	20661603	-1
ZNF627	chr19	11559374	11622582	11559374	1
ZNF628	chr19	55476597	55484487	55476597	1
ZNF629	chr16	30778456	30787214	30787214	-1
ZNF630	chrX	47983356	48071893	48071893	-1
ZNF638	chr2	71276537	71437183	71276537	1
ZNF639	chr3	179322856	179338583	179322856	1
ZNF641	chr12	48337180	48351414	48351414	-1
ZNF644	chr1	90912452	91022376	91022376	-1
ZNF646	chr16	31074394	31084196	31074394	1
ZNF648	chr1	182054570	182061712	182061712	-1
ZNF649	chr19	51888539	51905057	51905057	-1
ZNF652	chr17	49289206	49362473	49362473	-1
ZNF653	chr19	11483134	11505839	11505839	-1
ZNF654	chr3	88058723	88144664	88058723	1
ZNF655	chr7	99558389	99578948	99558389	1
ZNF658	chr9	66856426	66932141	66856426	1
ZNF66	chr19	20776270	20858313	20776270	1
ZNF660	chr3	44578223	44599694	44578223	1
ZNF662	chr3	42905941	42919334	42905941	1
ZNF664	chr12	123971745	124015445	123971745	1
ZNF665	chr19	53159213	53193389	53193389	-1
ZNF667	chr19	56438631	56478099	56478099	-1
ZNF668	chr16	31059772	31074240	31074240	-1
ZNF669	chr1	247098035	247104386	247104386	-1
ZNF670	chr1	247033691	247078818	247078818	-1
ZNF670-ZNF695	chr1	246945547	247078811	247078811	-1
ZNF671	chr19	57719751	57727648	57727648	-1
ZNF672	chr1	248838210	248849520	248838210	1
ZNF674	chrX	46497725	46545459	46545459	-1
ZNF675	chr19	23525631	23687234	23687234	-1
ZNF676	chr19	22178486	22215801	22215801	-1
ZNF677	chr19	53234942	53254937	53254937	-1
ZNF678	chr1	227542091	227679669	227542091	1
ZNF679	chr7	64228474	64266931	64228474	1
ZNF680	chr7	64492233	64563106	64563106	-1
ZNF681	chr19	23739195	23758927	23758927	-1
ZNF682	chr19	19995131	20039533	20039533	-1
ZNF683	chr1	26361634	26374522	26374522	-1
ZNF684	chr1	40531557	40593265	40531557	1
ZNF687	chr1	151281502	151292180	151281502	1
ZNF688	chr16	30569281	30572734	30572734	-1
ZNF689	chr16	30602558	30624012	30624012	-1
ZNF69	chr19	11887759	11919844	11887759	1
ZNF691	chr1	42846573	42854023	42846573	1
ZNF692	chr1	248850004	248859144	248859144	-1
ZNF695	chr1	246945315	247008093	247008093	-1
ZNF696	chr8	143289676	143299952	143289676	1
ZNF697	chr1	119619377	119648454	119648454	-1
ZNF699	chr19	9291140	9309838	9309838	-1
ZNF7	chr8	144826894	144848546	144826894	1
ZNF70	chr22	23738682	23751730	23751730	-1
ZNF700	chr19	11925064	11950774	11925064	1
ZNF701	chr19	52555822	52599928	52555822	1
ZNF703	chr8	37695744	37700019	37695744	1
ZNF704	chr8	80628451	80874781	80874781	-1
ZNF705A	chr12	8157015	8188537	8157015	1
ZNF705B	chr8	7926337	7952413	7926337	1
ZNF705D	chr8	12089338	12115516	12089338	1
ZNF705G	chr8	7355517	7385558	7385558	-1
ZNF706	chr8	101171214	101207085	101207085	-1
ZNF707	chr8	143684452	143713898	143684452	1
ZNF708	chr19	21284033	21329443	21329443	-1
ZNF709	chr19	12461184	12513854	12513854	-1
ZNF71	chr19	56595257	56626833	56595257	1
ZNF710	chr15	89999180	90082206	89999180	1
ZNF711	chrX	85243839	85273771	85243839	1
ZNF713	chr7	55887260	55942530	55887260	1
ZNF714	chr19	21077069	21126740	21077069	1
ZNF716	chr7	57450177	57473559	57450177	1
ZNF717	chr3	75678660	75785592	75785592	-1
ZNF718	chr4	124456	210714	124456	1
ZNF721	chr4	391179	499159	499159	-1
ZNF722	chr7	63998849	64018081	63998849	1
ZNF723	chr19	22832291	22858667	22832291	1
ZNF724	chr19	23219261	23250408	23250408	-1
ZNF726	chr19	23914874	23945159	23914874	1
ZNF727	chr7	64045404	64114556	64045404	1
ZNF728	chr19	22972747	23003190	23003190	-1
ZNF729	chr19	22286441	22317176	22286441	1
ZNF730	chr19	23075210	23149789	23075210	1
ZNF732	chr4	270675	305483	305483	-1
ZNF735	chr7	64207203	64220290	64207203	1
ZNF736	chr7	64306826	64356634	64306826	1
ZNF737	chr19	20528988	20565840	20565840	-1
ZNF738	chr19	21358927	21388582	21358927	1
ZNF74	chr22	20394115	20409406	20394115	1
ZNF740	chr12	53180555	53195142	53180555	1
ZNF746	chr7	149472696	149497831	149497831	-1
ZNF747	chr16	30529534	30535347	30535347	-1
ZNF749	chr19	57435263	57449309	57435263	1
ZNF750	chr17	82829434	82840030	82840030	-1
ZNF75A	chr16	3305385	3320003	3305385	1
ZNF75D	chrX	135248590	135344113	135344113	-1
ZNF76	chr6	35258909	35295985	35258909	1
ZNF761	chr19	53431948	53462809	53431948	1
ZNF763	chr19	11965030	11983128	11965030	1
ZNF764	chr16	30553764	30558524	30558524	-1
ZNF765	chr19	53389793	53430413	53389793	1
ZNF766	chr19	52269559	52296046	52269559	1
ZNF768	chr16	30524001	30527328	30527328	-1
ZNF77	chr19	2931137	2944971	2944971	-1
ZNF770	chr15	34978341	34989479	34989479	-1
ZNF771	chr16	30407143	30431108	30407143	1
ZNF772	chr19	57436886	57477571	57477571	-1
ZNF773	chr19	57499877	57519627	57499877	1
ZNF774	chr15	90352240	90369146	90352240	1
ZNF775	chr7	150368790	150398634	150368790	1
ZNF776	chr19	57746800	57758148	57746800	1
ZNF777	chr7	149429030	149461067	149461067	-1
ZNF778	chr16	89217683	89237141	89217683	1
ZNF780A	chr19	40069152	40091140	40091140	-1
ZNF780B	chr19	40023079	40056305	40056305	-1
ZNF782	chr9	96781393	96875623	96875623	-1
ZNF783	chr7	149262022	149297303	149262022	1
ZNF784	chr19	55620741	55624570	55624570	-1
ZNF785	chr16	30573740	30585806	30585806	-1
ZNF786	chr7	149069491	149090784	149090784	-1
ZNF787	chr19	56087366	56121534	56121534	-1
ZNF789	chr7	99472794	99503650	99472794	1
ZNF79	chr9	127424374	127449728	127424374	1
ZNF790	chr19	36816904	36850797	36850797	-1
ZNF791	chr19	12610916	12633840	12610916	1
ZNF792	chr19	34956167	34964293	34964293	-1
ZNF793	chr19	37506396	37548762	37506396	1
ZNF799	chr19	12390016	12401280	12401280	-1
ZNF8	chr19	58278949	58302791	58278949	1
ZNF80	chr3	114234631	114237578	114237578	-1
ZNF800	chr7	127346790	127431924	127431924	-1
ZNF804A	chr2	184598529	184939492	184598529	1
ZNF804B	chr7	88759700	89338528	88759700	1
ZNF805	chr19	57240613	57274149	57240613	1
ZNF808	chr19	52527623	52564464	52527623	1
ZNF81	chrX	47836471	48003066	47836471	1
ZNF813	chr19	53467703	53496255	53467703	1
ZNF814	chr19	57848731	57889077	57889077	-1
ZNF816	chr19	52947420	52962911	52962911	-1
ZNF816-ZNF321P	chr19	52928475	52962823	52962823	-1
ZNF821	chr16	71859676	71895336	71895336	-1
ZNF823	chr19	11721263	11739027	11739027	-1
ZNF827	chr4	145757627	145939036	145939036	-1
ZNF829	chr19	36888052	36916291	36916291	-1
ZNF83	chr19	52612356	52638388	52638388	-1
ZNF830	chr17	34961540	34963777	34961540	1
ZNF831	chr20	59123381	59259113	59123381	1
ZNF835	chr19	56661980	56671783	56671783	-1
ZNF836	chr19	52153864	52171678	52171678	-1
ZNF837	chr19	58367614	58381054	58381054	-1
ZNF839	chr14	102317377	102344638	102317377	1
ZNF84	chr12	133037262	133063304	133037262	1
ZNF840P	chr20	46459441	46495558	46459441	1
ZNF841	chr19	52058490	52095773	52095773	-1
ZNF843	chr16	31432593	31444323	31444323	-1
ZNF844	chr19	12064690	12081565	12064690	1
ZNF845	chr19	53333733	53357023	53333733	1
ZNF846	chr19	9749546	9793180	9793180	-1
ZNF85	chr19	20923222	20954499	20923222	1
ZNF850	chr19	36714383	36772857	36772857	-1
ZNF852	chr3	44491766	44510636	44510636	-1
ZNF853	chr7	6615305	6624290	6615305	1
ZNF860	chr3	31981722	31994074	31981722	1
ZNF862	chr7	149838375	149867479	149838375	1
ZNF865	chr19	55605502	55617269	55605502	1
ZNF875	chr19	37312837	37369417	37312837	1
ZNF878	chr19	12040992	12052983	12052983	-1
ZNF879	chr5	179023797	179036933	179023797	1
ZNF880	chr19	52369914	52393738	52369914	1
ZNF883	chr9	112988129	113012242	113012242	-1
ZNF888	chr19	52904415	52923496	52923496	-1
ZNF891	chr12	133104779	133130485	133130485	-1
ZNF892	chr2	95207510	95259774	95207510	1
ZNF90	chr19	20077933	20132733	20077933	1
ZNF91	chr19	23304991	23395527	23395527	-1
ZNF92	chr7	65373799	65401136	65373799	1
ZNF93	chr19	19900888	19963464	19900888	1
ZNF98	chr19	22391019	22532485	22532485	-1
ZNF99	chr19	22752183	22784151	22784151	-1
ZNFX1	chr20	49237946	49278473	49278473	-1
ZNG1A	chr9	119288	179147	179147	-1
ZNG1B	chr2	113437691	113496204	113437691	1
ZNG1C	chr9	68232003	68300036	68232003	1
ZNG1E	chr9	65668805	65735823	65668805	1
ZNG1F	chr9	41131287	41199261	41199261	-1
ZNHIT1	chr7	101218117	101224195	101218117	1
ZNHIT2	chr11	65116403	65117701	65117701	-1
ZNHIT3	chr17	36486629	36499310	36486629	1
ZNHIT6	chr1	85649417	85708433	85708433	-1
ZNRD2	chr11	65570459	65574203	65570459	1
ZNRF1	chr16	74999007	75110994	74999007	1
ZNRF2	chr7	30284413	30371239	30284413	1
ZNRF3	chr22	28883537	29057488	28883537	1
ZNRF4	chr19	5455417	5456856	5455417	1
ZP1	chr11	60867542	60875693	60867542	1
ZP2	chr16	21197450	21214510	21214510	-1
ZP3	chr7	76397497	76442071	76397497	1
ZP4	chr1	237877864	237890922	237890922	-1
ZPBP	chr7	49850421	50121329	50121329	-1
ZPBP2	chr17	39868202	39877896	39868202	1
ZPLD1	chr3	102099244	102479841	102099244	1
ZPR1	chr11	116773799	116788477	116788477	-1
ZRANB1	chr10	124942123	124988412	124942123	1
ZRANB2	chr1	71063251	71081289	71081289	-1
ZRANB3	chr2	135136916	135531228	135531228	-1
ZRSR2	chrX	15790106	15830694	15790106	1
ZSCAN1	chr19	58034002	58054631	58034002	1
ZSCAN10	chr16	3088888	3099370	3099370	-1
ZSCAN12	chr6	28378821	28399808	28399808	-1
ZSCAN16	chr6	28107681	28131659	28107681	1
ZSCAN18	chr19	58083318	58118427	58118427	-1
ZSCAN2	chr15	84600986	84627796	84600986	1
ZSCAN20	chr1	33472467	33501643	33472467	1
ZSCAN21	chr7	100049767	100081304	100049767	1
ZSCAN22	chr19	58326994	58342346	58326994	1
ZSCAN23	chr6	28421577	28443502	28443502	-1
ZSCAN25	chr7	99616623	99738531	99616623	1
ZSCAN26	chr6	28267045	28278224	28267045	1
ZSCAN29	chr15	43357920	43371058	43371058	-1
ZSCAN30	chr18	35251058	35290268	35290268	-1
ZSCAN31	chr6	28312837	28356271	28356271	-1
ZSCAN32	chr16	3382081	3401483	3401483	-1
ZSCAN4	chr19	57668935	57679152	57668935	1
ZSCAN5A	chr19	56219670	56368383	56368383	-1
ZSCAN5B	chr19	56189686	56197815	56197815	-1
ZSCAN5C	chr19	56202273	56209461	56202273	1
ZSCAN9	chr6	28224886	28233487	28224886	1
ZSWIM1	chr20	45881201	45885266	45881201	1
ZSWIM2	chr2	186826860	186849208	186849208	-1
ZSWIM3	chr20	45857591	45879131	45857591	1
ZSWIM4	chr19	13795395	13832254	13795395	1
ZSWIM5	chr1	45016395	45306209	45306209	-1
ZSWIM6	chr5	61332258	61546519	61332258	1
ZSWIM7	chr17	15976219	15999717	15999717	-1
ZSWIM8	chr10	73785549	73801797	73785549	1
ZSWIM9	chr19	48170645	48197624	48170645	1
ZUP1	chr6	116635616	116668816	116668816	-1
ZW10	chr11	113729794	113773771	113773771	-1
ZWILCH	chr15	66504959	66550130	66504959	1
ZWINT	chr10	56352710	56361392	56361392	-1
ZXDA	chrX	57905430	57910458	57910458	-1
ZXDB	chrX	57592011	57597477	57592011	1
ZXDC	chr3	126436365	126476022	126476022	-1
ZYG11A	chr1	52842511	52894998	52842511	1
ZYG11B	chr1	52726390	52827336	52726390	1
ZYX	chr7	143381076	143391111	143381076	1
ZZEF1	chr17	4004432	4143628	4143628	-1
ZZZ3	chr1	77562416	77683550	77683550	-1
