,0
,0.4440632673885683
A1BG,-0.16774252356688546
A1CF,1.1226574162791496
A2M,0.21568300983256528
A2ML1,0.42380271125893165
A3GALT2,0.06695463828151427
A4GALT,0.26188758207291796
A4GNT,-0.6269795028130388
AAAS,0.04401698348952632
AACS,0.19988988973908128
AADAC,2.3743978259782237
AADACL3,0.4729043515323826
AADACL4,0.7253541535815194
AADAT,-0.1441966230960423
AAGAB,0.026582249251159595
AAK1,-0.22194445695336157
AAMDC,0.06297301042558612
AAMP,0.011715803205156305
AANAT,-0.08768905277229155
AAR2,-0.0059491103028475045
AARD,0.6212202259732286
AARS1,-0.12824820062161102
AARS2,-0.3332093221875905
AARSD1,0.0007134703518074659
AASDH,0.17079954313485146
AASDHPPT,0.6333716186063254
AASS,0.331320759038805
AATK,0.14527450630326566
ABAT,0.2331362701659816
ABCA1,0.038429224654489946
ABCA10,-0.8239941815177443
ABCA12,-0.2609151421796436
ABCA13,1.5690562698913606
ABCA2,-0.03213497912995589
ABCA3,0.5313095969811421
ABCA4,-0.5996117531128741
ABCA5,-0.003024075573299534
ABCA6,1.1345247835059378
ABCA7,0.015897445203074234
ABCA8,0.2681938792259311
ABCA9,1.7512627270608963
ABCB1,-0.18591483739218662
ABCB10,-0.06081573176284838
ABCB11,-0.30756588118026407
ABCB4,0.6426514661494079
ABCB5,-0.7036778462057232
ABCB6,0.05086154748750227
ABCB7,0.11764818702671365
ABCB8,-0.09976612280651498
ABCB9,-0.10942166047224156
ABCC1,-0.1599949092413494
ABCC10,0.24499717466422233
ABCC11,0.24244201416252295
ABCC12,0.3859415714179164
ABCC2,-0.21811396304216935
ABCC3,-0.45549409632058907
ABCC4,-0.28332712464387644
ABCC5,0.08931893243561007
ABCC8,0.3636532081690429
ABCC9,0.46119133812649443
ABCD1,-0.0011488483428756524
ABCD2,0.34032842610754876
ABCD3,0.1263765426663186
ABCD4,9.947786177200157e-05
ABCE1,0.2602991806107635
ABCF2,-0.024978311883486093
ABCF2-H2BK1,-0.026101140686167312
ABCF3,-0.03428881240572679
ABCG1,-0.7477373675264545
ABCG2,0.7924645814180671
ABCG4,-0.11071966818726775
ABCG5,-0.3282857908639232
ABCG8,-0.30814569142684467
ABHD1,-0.2372908197582584
ABHD10,0.06737461566046488
ABHD11,-0.11636272126551184
ABHD12,0.05651785559455558
ABHD12B,1.0017562402553881
ABHD13,0.23912518785673953
ABHD14A,-0.22356440552230628
ABHD14A-ACY1,-0.14660669791017433
ABHD14B,0.08460760795030442
ABHD15,-0.10286724493301769
ABHD16B,0.22964426970045804
ABHD17A,0.0795999836459691
ABHD17B,0.006684961308420334
ABHD17C,0.010708215647943053
ABHD18,-0.05581585539656686
ABHD2,0.018085039907120404
ABHD3,-0.08423678398918266
ABHD4,0.30159369233988764
ABHD5,0.12224188034080807
ABHD6,-0.0985231900881045
ABHD8,-0.07497887691516247
ABI1,-0.07638131670416204
ABI2,-0.15640392861444408
ABI3,0.5739952961170509
ABI3BP,0.7323373520850346
ABITRAM,-0.004953495099586647
ABL1,-0.21698599550208897
ABL2,0.4629730200508009
ABLIM1,0.01159331804069108
ABLIM2,0.04610994003149482
ABLIM3,0.0565020371482543
ABO,-0.6959364960439813
ABR,0.5739572232184694
ABRA,0.08279732760176972
ABRACL,0.19728439877466641
ABRAXAS1,-0.1990035566935765
ABRAXAS2,-0.15996097209162397
ABT1,0.28089130635694737
ABTB1,-0.25137766577622944
ABTB2,-0.04427360703331473
ABTB3,0.05844248042810474
ACAA1,-0.0015440714160783742
ACAA2,0.3778631172523701
ACACA,-0.3286631355114682
ACACB,-0.6153384308232746
ACAD10,0.2814232688472158
ACAD11,-0.07330106482727228
ACAD8,-0.023052083990204864
ACAD9,0.08596413309969186
ACADL,0.0439075513435061
ACADM,0.05040129642666624
ACADS,0.003014478791093289
ACADSB,-0.026384466793336614
ACADVL,-0.09430111454579837
ACAN,-0.4565970450971268
ACAP1,-0.35740468046318963
ACAP2,-0.015839001291849897
ACAP3,-0.08182728242570736
ACAT1,0.48348097074816626
ACAT2,-0.23268470746075032
ACBD3,-0.08556600164933847
ACBD4,-0.07851849220935936
ACBD5,-0.022861527663125436
ACBD6,-0.02608029450827587
ACBD7,-0.1383352073106865
ACCS,0.28123397866522404
ACCSL,0.25268625847065374
ACD,-0.023829606244215817
ACE,-0.2669559750391155
ACE2,-0.29733950803890696
ACER1,-0.011747305187819967
ACER2,-0.08973793379584105
ACER3,0.09157363763438386
ACHE,0.048685477528134236
ACIN1,-0.022657777685231473
ACKR1,-0.15963359399493407
ACKR2,0.06725512099132214
ACKR3,0.06518104816325776
ACKR4,0.6507567556239455
ACLY,0.08104989032661702
ACMSD,0.2604065821765609
ACO1,-0.02407311822332181
ACO2,-0.11466974343891145
ACOD1,0.7251741887335622
ACOT11,-0.00812118944128759
ACOT12,-0.9774210575866558
ACOT13,0.008828007886425127
ACOT2,-0.11186172136858774
ACOT4,-0.28527291703632823
ACOT6,-0.18821746160090175
ACOT7,-0.03953024806610461
ACOT8,0.09776412519082811
ACOT9,-0.7088758754954172
ACOX1,0.041431138508993826
ACOX2,-0.09720422205462809
ACOX3,-0.014066498348684675
ACOXL,-0.2789889450738376
ACP1,0.00880254612727871
ACP2,-0.03566769505373557
ACP3,-0.032532988212641945
ACP4,-0.6351532132175608
ACP5,-0.07785811888429092
ACP6,0.10709203665389477
ACP7,-0.361767128716761
ACR,-0.07710021080346321
ACRBP,0.06379429494527855
ACRV1,-0.5620452817428543
ACSBG1,-0.7608302254453762
ACSBG2,-0.3190401915044313
ACSF2,0.021827614624769787
ACSF3,0.2367998013341498
ACSL1,0.08211493471455222
ACSL3,-0.12950218441306127
ACSL4,-0.24944682528961826
ACSL5,-0.22232134322759656
ACSL6,0.20846456258311719
ACSM1,-0.01926581214206169
ACSM2A,0.23944586109030963
ACSM2B,0.4641605247611844
ACSM3,-0.4732487265841151
ACSM4,-0.4888225913378688
ACSM5,-0.023656758601253935
ACSM6,-0.6836801933595755
ACSS1,-0.15725847583462382
ACSS2,-0.02003688883803001
ACSS3,-0.12087375027741543
ACTA1,-0.33361943841869335
ACTA2,-0.2328399676541526
ACTB,0.031018896329881862
ACTBL2,1.0655803616591448
ACTC1,0.38855680217778926
ACTG1,-0.15496062058889182
ACTG2,0.5829759608473835
ACTL10,-0.3190705113679899
ACTL6A,-0.08479562119703932
ACTL6B,0.354142402874968
ACTL7A,0.6475976099147366
ACTL7B,-0.3906466192375347
ACTL8,-1.0690545136345568
ACTL9,-0.0746989616895839
ACTMAP,-0.024503787757674367
ACTN1,-0.31370723857068317
ACTN2,0.7967387058383602
ACTN3,0.2048030407384287
ACTN4,0.23628487634782225
ACTR10,0.2740390712439513
ACTR1A,0.007056256255153492
ACTR1B,-0.007912034945799284
ACTR2,-0.043252338936294876
ACTR3,0.014275585954031556
ACTR3B,-0.08896514578856074
ACTR3C,0.09661567612941191
ACTR5,0.035356900186550355
ACTR6,-0.16329733763047916
ACTR8,0.04777070354577706
ACTRT1,-0.01915246771675827
ACTRT2,1.1063457984438663
ACTRT3,-0.030166656685274518
ACVR1,-0.01961869036347519
ACVR1B,-0.015070848438964113
ACVR1C,-0.11847458923892029
ACVR2A,0.932984237194272
ACVR2B,0.08620317342350514
ACVRL1,0.20019676519549456
ACY1,0.08387994800854504
ACY3,-0.03061682566797952
ACYP1,-0.23691934718860863
ACYP2,-0.12495099908638885
ADA,-0.07352872437221958
ADA2,-0.6222694722528403
ADAD1,-1.3184513129801472
ADAD2,0.165436517100241
ADAM10,-0.051639812738375035
ADAM11,-0.0550302738875299
ADAM12,-0.008894021361150584
ADAM15,0.018278672771481652
ADAM17,-0.049581938774419854
ADAM19,0.43441447506809183
ADAM20,0.7966139658303372
ADAM21,-0.3684927542658829
ADAM22,0.03681527541022067
ADAM23,0.07590502854227066
ADAM28,-0.05084219085060604
ADAM29,1.4867078175770305
ADAM30,-0.15594394091509645
ADAM33,-0.37563674388931934
ADAM7,-0.03839267546483205
ADAM8,-0.8225635738405866
ADAM9,-0.056011739712235276
ADAMDEC1,0.8669031228467581
ADAMTS1,0.24758239434571916
ADAMTS10,0.5181272146187017
ADAMTS13,-1.0893784024869737
ADAMTS14,0.07533034156915397
ADAMTS15,-0.27343109451208525
ADAMTS16,-0.6439644403285375
ADAMTS17,-0.33932372048384085
ADAMTS18,-0.4378482812945823
ADAMTS19,-0.11130270798198527
ADAMTS2,0.04525485219252401
ADAMTS20,-0.6734590220339949
ADAMTS3,-0.17044663791966963
ADAMTS4,-0.2906618962561316
ADAMTS5,0.6063437398027863
ADAMTS6,0.3550643709041337
ADAMTS7,0.07391057761620323
ADAMTS8,-0.38369889189162765
ADAMTS9,-0.017332824444371397
ADAMTSL1,-0.4805157602939213
ADAMTSL2,-0.42053968850182555
ADAMTSL3,-0.6646520935008231
ADAMTSL4,-0.12858696041079654
ADAMTSL5,-0.5842508843887564
ADAP1,0.32233354160148464
ADAP2,0.10821540322127188
ADAR,0.18717771184319254
ADARB1,0.3193210068699024
ADARB2,-0.21655212574773774
ADAT1,0.03907678532984171
ADAT2,0.2376305447209175
ADAT3,-0.2532357419604967
ADCK1,-0.007490298081724411
ADCK2,-0.13768689538397538
ADCK5,0.04033261050601755
ADCY1,0.061934743200176445
ADCY10,0.11157996577843898
ADCY2,-0.5606016502501145
ADCY3,-0.029091184563466932
ADCY4,-0.12503495806154197
ADCY5,0.11361738595747306
ADCY6,-0.5516267173777369
ADCY7,-0.2109975196702707
ADCY8,-0.20643805445654428
ADCY9,-0.3582495360729858
ADCYAP1,0.08966095999008283
ADCYAP1R1,0.3338843789798243
ADD1,-0.0047916970845731655
ADD2,-0.13554297669495652
ADD3,-0.17828363730516206
ADGB,-0.32934843303641737
ADGRA1,0.28683153347748447
ADGRA2,-0.2445922911218329
ADGRA3,-0.12264705934649411
ADGRB1,0.1867011108276483
ADGRB2,0.14029388130725806
ADGRB3,0.2739396624532424
ADGRD1,0.10124491045803816
ADGRD2,-0.3887662015901303
ADGRE1,1.0120056178204935
ADGRE2,-0.6233118045701624
ADGRE3,0.010555996228023723
ADGRE5,0.363207891063027
ADGRF1,-1.229743403226093
ADGRF3,0.06280293522373448
ADGRF4,-1.12769562322858
ADGRF5,-1.2905551891778726
ADGRG1,-0.18595430047501668
ADGRG2,-0.022846242142575912
ADGRG3,-0.037476280892117964
ADGRG4,-0.9765126658947497
ADGRG5,0.7786025713477559
ADGRG6,0.29436363227596174
ADGRG7,0.18774903883017302
ADGRL1,-0.346769570069847
ADGRL2,0.2955637503174682
ADGRL3,-1.474552548554502
ADGRL4,-1.8217463149798199
ADGRV1,-0.04487951612818808
ADH1A,0.0
ADH1B,-0.08265872454875911
ADH1C,-0.6219290903735417
ADH4,-0.34629410508038605
ADH5,0.18940686765810621
ADH6,1.5987131886158312
ADH7,0.7972576209965516
ADHFE1,0.21236305990564186
ADI1,-0.025506430134001334
ADIG,0.3971386493817166
ADIPOQ,0.7112256467413428
ADIPOR1,-0.12263278763800933
ADIPOR2,-0.4527768837420121
ADIRF,0.04248120172530445
ADISSP,-0.16539676203012998
ADK,0.014418719345604458
ADM,0.06671359429954915
ADM2,-0.05318091516113377
ADM5,0.09834810241897074
ADNP,-0.2908978669967164
ADNP2,-0.06496980363085303
ADO,0.11818641408439756
ADORA1,-0.39051107305799965
ADORA2A,0.019833966106117318
ADORA2B,0.06243378517605791
ADORA3,1.0256488865892075
ADPGK,0.38651943338514916
ADPRH,-0.5319302756072326
ADPRHL1,-0.8559174537341673
ADPRM,-0.235147504995731
ADPRS,0.0008015340354363687
ADRA1A,0.3716203547927186
ADRA1B,0.696116578410946
ADRA1D,0.09636179843011099
ADRA2A,0.3562527571164007
ADRA2B,-0.11205371418699617
ADRA2C,-0.5373383909353568
ADRB1,-0.022261970531400443
ADRB2,0.13683016560153094
ADRB3,0.3880517278153581
ADRM1,0.06493752879355164
ADSL,-0.07173451706654976
ADSS1,-0.08649837588713627
ADSS2,0.02753615875353077
ADTRP,0.25925873347645634
AEBP1,-0.22747835582228326
AEBP2,0.28629577550177787
AEN,-0.21843186299101625
AFAP1,-0.12205471062857676
AFAP1L1,0.03288643742588371
AFAP1L2,-0.3465778054188182
AFDN,-0.3636927842509481
AFF1,-0.19588861614929653
AFF2,-0.3224310973026867
AFF3,0.38300587912439954
AFF4,-0.06588769059624955
AFG1L,-0.016462914193293265
AFG2A,0.09971656633467685
AFG2B,-0.011155701709944843
AFG3L2,-0.10213973812882227
AFM,-1.3587745378089178
AFMID,-0.043034748758914
AFP,0.06231481961446583
AFTPH,0.0512265724717853
AGA,-0.20317669253339332
AGAP1,0.2797866012413921
AGAP2,-0.07243757813255236
AGAP3,-0.0867204139599349
AGAP4,-0.10907301734156105
AGAP5,-0.5676286849797558
AGAP6,-0.8147791170803136
AGAP9,0.22161425290049674
AGBL1,0.4824306609963688
AGBL2,0.1388311768205721
AGBL3,-0.017631419277057248
AGBL4,-0.8667225500006037
AGBL5,0.4841861021400715
AGFG1,-0.19645675336433222
AGFG2,-0.029815016274588935
AGGF1,0.10545878064661696
AGK,-0.021648029778062572
AGL,-0.08448121277082699
AGMAT,0.0042819544804881815
AGMO,-1.3315617021162933
AGO1,0.9873313683877085
AGO2,-0.11759006719540022
AGO3,0.14938070412095072
AGO4,-0.23341360398264843
AGPAT1,-1.2752895329683114
AGPAT2,-0.032951335575328145
AGPAT3,-0.21924559378055353
AGPAT4,0.0883829781094585
AGPAT5,0.14297160379208762
AGPS,-0.16248165846562257
AGR2,-0.27082019837978727
AGR3,0.931403352631574
AGRN,0.03111184547480761
AGRP,0.48441230272082325
AGT,0.6367406424946451
AGTPBP1,-0.02080850520683697
AGTR1,0.34093646967555624
AGTR2,1.0577039999946516
AGTRAP,-0.050966663804829615
AGXT,0.40958695093893466
AGXT2,-1.0574743209584834
AHCTF1,-0.03065510269610705
AHCY,-0.08923910881898056
AHCYL1,0.038223315476416886
AHCYL2,-0.03529849853537659
AHDC1,-0.3228676645312101
AHI1,-0.01504114113421906
AHNAK,0.04078389265102267
AHNAK2,-0.3906453850882923
AHR,0.32287192990459723
AHRR,0.04598875967285321
AHSA1,0.015628029506274288
AHSG,-0.008402617939684554
AHSP,0.35730903932707314
AICDA,0.0477511502554252
AIDA,0.20305684875016894
AIF1L,-0.028311740440222888
AIFM1,0.2955137547640314
AIFM2,-0.44168374316520337
AIFM3,0.21171980093095844
AIG1,0.022096294397896177
AIM2,0.04452276024918089
AIMP1,0.21939293550419592
AIMP2,-0.05838639992787975
AIP,0.011056075998814308
AIPL1,0.06063863752638676
AIRE,-0.2706647802690175
AIRIM,0.05682510209766889
AJAP1,-1.1693728731165325
AJM1,-0.3179701694678334
AJUBA,0.05393319010885467
AK1,0.27205374952378514
AK2,0.1860479164906108
AK3,-0.2653508585904505
AK4,-0.08762324637923102
AK4P3,1.085762560557385
AK5,0.08347533360979131
AK7,0.0964517752065035
AK8,0.10375187731306923
AK9,0.11553097938336787
AKAIN1,-0.34817240388901316
AKAP1,-0.14935018462927818
AKAP10,0.07826451870879403
AKAP11,-0.04508733918058638
AKAP12,-0.3329205565288638
AKAP13,0.1591435013158442
AKAP14,-0.007716638217295735
AKAP3,0.2508441628874776
AKAP4,-0.0668636222562804
AKAP5,-0.41853429785733187
AKAP6,-0.2611517826509638
AKAP7,0.38235701366538644
AKAP8,-0.0023615207410481176
AKAP8L,0.12281435273556784
AKAP9,0.07577208350876852
AKIP1,0.10565153714923436
AKIRIN1,0.2605182982406071
AKIRIN2,-0.05896589970777999
AKNA,0.21940346079957598
AKNAD1,0.07617528651058691
AKR1A1,-0.035351774329155816
AKR1B1,0.007312113383995289
AKR1B10,-0.48294766679577183
AKR1B15,0.026111230694104703
AKR1C1,-0.3865616967725618
AKR1C2,0.23675142615625455
AKR1C3,0.6323002543779805
AKR1C4,0.6496057626450513
AKR1C8,1.1176643770256465
AKR1D1,0.005965902576769544
AKR1E2,0.9337900840364997
AKR7A2,0.1127234291620125
AKR7A3,1.1018524448161584
AKR7L,-1.3720616886499988
AKT1,-0.35463106356523655
AKT1S1,0.007256097213494073
AKT2,-0.09678672576207248
AKTIP,0.04229108016981531
ALAD,-0.19931330786870927
ALAS1,0.1220520794654254
ALAS2,0.05615158980370416
ALB,-0.2645290719379516
ALCAM,0.16311265709357148
ALDH16A1,0.07138694094738529
ALDH18A1,0.030531560445410832
ALDH1A1,0.015578688527199902
ALDH1A2,0.5666076240870543
ALDH1A3,0.12927348376678466
ALDH1B1,-0.345938873908084
ALDH1L1,-0.0331555391503508
ALDH1L2,-0.011271522664723754
ALDH2,0.47982231152818455
ALDH3A1,0.2447671412920207
ALDH3A2,0.2251715135922181
ALDH3B1,-0.24807922379770386
ALDH3B2,-0.9731439185109629
ALDH4A1,-0.0801171114349426
ALDH5A1,0.061519585105286545
ALDH6A1,-0.12045223155785756
ALDH7A1,-0.15674468690758847
ALDH8A1,0.09099106802213333
ALDH9A1,-0.023280447703911022
ALDOA,-0.10707799273867913
ALDOB,0.012443244504186046
ALDOC,-0.23382564094159664
ALG1,0.1342313414418017
ALG10,-0.15857965843115807
ALG10B,-0.10486409222337478
ALG11,0.09899167810073006
ALG12,0.0237645173522667
ALG13,-0.2561844865565899
ALG14,0.24149365224916597
ALG2,0.044797861053350374
ALG3,-0.008333042825910297
ALG5,0.11083479593216783
ALG6,-0.0038048556858081284
ALG8,-0.04638475289363608
ALG9,0.3805980868571113
ALK,-0.28560608739055415
ALKAL1,-0.9418274847811605
ALKAL2,-0.37638618222285136
ALKBH1,0.08170919493239914
ALKBH2,0.06914186912112186
ALKBH3,-0.08481575245667283
ALKBH4,0.1666925544654383
ALKBH5,0.07739190887688885
ALKBH6,0.07089031529046785
ALKBH7,0.06250809974134963
ALKBH8,0.15503824743318795
ALLC,0.2775858899848777
ALMS1,-0.1617652028299288
ALOX12,-0.02876674184082176
ALOX12B,-0.6550654580530818
ALOX15,-0.590716875225006
ALOX15B,-0.22797507753966864
ALOX5AP,-0.9584652857069788
ALOXE3,-0.018720850620536744
ALPG,0.7523542927156187
ALPI,-0.555500746929474
ALPK1,-0.09017062189435077
ALPK2,0.8797174583754929
ALPK3,0.38668068463167726
ALPL,-0.4537292966052928
ALPP,1.0240050895689492
ALS2,0.09226858754949108
ALS2CL,0.22157243746507982
ALX1,-0.08098085495046181
ALX3,0.3083156103999496
ALX4,0.4348553853209156
ALYREF,0.02566532005072375
AMACR,0.26498132705263533
AMBN,0.7417472167918621
AMBP,-0.2130891194365378
AMBRA1,0.26585234163132787
AMD1,0.051271355027841636
AMDHD1,-0.021409936374896965
AMDHD2,-0.08849241257062035
AMELX,-0.6720348324631611
AMER1,0.16233679939079249
AMER2,-0.017495406149190096
AMER3,-0.13354253422912787
AMFR,-0.22721911588424648
AMH,-0.5103608553655383
AMHR2,-0.0761395692799588
AMIGO1,0.12355894917013144
AMIGO2,0.39223943190681965
AMIGO3,-0.2739302031370263
AMMECR1,0.9240200418123556
AMMECR1L,-0.1403268155168358
AMN,-0.18691447977390996
AMN1,0.024443134403952627
AMOT,-0.1798249255622668
AMOTL1,0.03903462064887708
AMOTL2,-0.10202018098467125
AMPD1,-0.21329720237483873
AMPD2,0.3386397533148464
AMPD3,0.11757242169572013
AMPH,0.17066449625733449
AMT,0.2599634010334139
AMTN,0.4641605247611844
AMY1B,-0.4391387975029386
AMY2A,-0.14939427729937638
AMY2B,0.596102592925755
AMZ1,-0.06448604076195097
AMZ2,-0.1204501982805466
ANAPC1,-0.10003390271714352
ANAPC10,0.26478726649698814
ANAPC11,-0.08903204741470194
ANAPC13,-0.017179502358974474
ANAPC15,-0.008813286728341474
ANAPC16,-0.003952844840740433
ANAPC2,0.2875834448677379
ANAPC4,-0.10971072969625695
ANAPC5,0.07543211227977853
ANAPC7,0.030045389412732604
ANG,0.20208471873685863
ANGEL1,1.0748654511318807
ANGEL2,0.1074523021180136
ANGPT1,0.11919836869273026
ANGPT2,0.27472636844236586
ANGPT4,-0.35919927699379295
ANGPTL1,-0.19782862618025054
ANGPTL2,-0.01733931199945904
ANGPTL3,-0.2669404338426995
ANGPTL4,-0.03888230194425679
ANGPTL5,0.1866313579425098
ANGPTL6,-0.01118415633960046
ANGPTL7,0.34060642479588743
ANGPTL8,-0.7285390506576799
ANHX,0.7649212615213395
ANK1,-0.17598685704681172
ANK2,0.23834405460303065
ANK3,0.5012107672267077
ANKAR,-0.2047825442858252
ANKDD1A,0.25761352990631936
ANKDD1B,0.4044640943507014
ANKEF1,-0.9085374655298268
ANKFN1,-0.020726665994598714
ANKFY1,-0.049245404422373795
ANKH,-0.029092507802819245
ANKHD1,0.0
ANKHD1-EIF4EBP3,-0.01623450916155722
ANKIB1,-0.012103685020900201
ANKK1,0.8793537532341749
ANKLE1,-0.13844443884767887
ANKLE2,0.056831279176892124
ANKMY1,-0.11198511708756698
ANKMY2,-0.03485507537076327
ANKRA2,-0.08645869219188373
ANKRD1,0.452855443091574
ANKRD10,-0.0804729559078563
ANKRD11,0.038345638356406475
ANKRD12,0.19558799016496664
ANKRD13A,0.23483837726739143
ANKRD13B,-0.2669540388223597
ANKRD13C,-0.054950598730715505
ANKRD13D,-0.16039034632093863
ANKRD16,-0.025441854753824877
ANKRD17,0.10066998632548874
ANKRD18A,-0.32637580779017217
ANKRD18B,-0.37384622740629414
ANKRD2,0.11380755932227515
ANKRD20A1,-0.1104576619409541
ANKRD22,0.4333693281461639
ANKRD23,-0.0575055770140116
ANKRD24,-0.1383872988688033
ANKRD26,0.16667102219343555
ANKRD27,-0.12885383094756975
ANKRD28,0.1131886660313155
ANKRD29,-0.12076274660108943
ANKRD30A,0.302787071235175
ANKRD30B,-0.27963280500879284
ANKRD30BL,-0.41038166677390486
ANKRD31,-0.0902151949274943
ANKRD33,-1.0920003414622057
ANKRD33B,0.0621441983845199
ANKRD34A,0.22176152262321214
ANKRD34B,-0.3673683602454372
ANKRD34C,0.022129135368053166
ANKRD35,-0.09955181465478358
ANKRD36,-0.29199436344178764
ANKRD36B,-0.18334517043055154
ANKRD36C,-0.23712864495873243
ANKRD37,0.04873262634416342
ANKRD39,-0.05554483767176421
ANKRD40,-0.0037780942433629505
ANKRD40CL,0.5870537440355785
ANKRD42,-0.024650125594077643
ANKRD44,-0.06507627416427075
ANKRD45,0.012580752510394477
ANKRD46,-0.015382101396800962
ANKRD49,-0.09507635077159815
ANKRD50,0.038125150565954335
ANKRD52,-0.16560794191348194
ANKRD53,-1.473727998894945
ANKRD54,-0.007681990548176643
ANKRD55,-0.5298995063907019
ANKRD6,0.1168551941897884
ANKRD60,-0.7419506490901244
ANKRD61,0.2022672370071151
ANKRD62,0.19067283017635717
ANKRD63,-0.03682518900825027
ANKRD65,-0.09619061676853491
ANKRD66,-0.4934472672522814
ANKRD7,0.13139825693309426
ANKRD9,0.04009774265278798
ANKS1A,-0.05336380011256381
ANKS1B,0.2577263429081311
ANKS3,0.02279805005004132
ANKS4B,-0.5511165380579836
ANKS6,0.2401179106338418
ANKUB1,0.3846782018512326
ANKZF1,-0.05682735322536292
ANLN,-0.09567721911137461
ANO1,-0.3459688139151519
ANO10,0.006142923720855009
ANO2,0.15395150292866666
ANO3,-0.17354470222126084
ANO4,0.6381908142819445
ANO5,1.283707846075881
ANO6,0.12321222832928136
ANO7,0.027397296099283874
ANO8,0.22684612504490254
ANO9,0.06802395066696842
ANOS1,1.5987617925884532
ANP32A,0.07406833402971902
ANP32B,-0.15816873163111733
ANP32D,0.03893431837105643
ANP32E,-0.030928181839121827
ANPEP,-0.4898450682125557
ANTKMT,-0.40908813859849236
ANTXR1,0.03592172911985525
ANTXR2,0.5039339960553293
ANTXRL,0.03242295770089809
ANXA1,0.6297987972143233
ANXA10,-0.05802313525457237
ANXA11,-0.07918452305518198
ANXA13,0.13664961784288532
ANXA2,0.28657450155585873
ANXA2R,-0.019410649219666176
ANXA3,-0.20672404454815796
ANXA4,0.1804333634913764
ANXA5,-0.07165773820218657
ANXA6,-0.07251232032859134
ANXA7,0.03194721384616628
ANXA8,0.2515086083919198
ANXA8L1,-1.1896850171235593
ANXA9,-0.2004990559549169
AOAH,0.28359965731376136
AOC1,-0.34446675374016467
AOC2,0.010592535899155986
AOC3,-0.4982803393968271
AOPEP,0.10943642237437423
AOX1,0.5796403091798032
AP1AR,-0.053518453356305784
AP1B1,-0.06012335267269764
AP1G1,0.13849489747090526
AP1G2,-0.16036333155229165
AP1M1,0.14858203895818178
AP1M2,-0.233451170444765
AP1S1,0.13868476311105393
AP1S2,-0.1437892323895289
AP1S3,-0.17810168488964528
AP2A1,-0.21676971847422877
AP2A2,0.36950723776843564
AP2B1,0.09567823523173402
AP2M1,0.12224831789033175
AP2S1,0.04650300083158587
AP3B1,0.3926345307648136
AP3B2,0.18107351855283227
AP3D1,-0.04099448668763728
AP3M1,0.015360780538328456
AP3M2,-0.05376188668081738
AP3S1,0.098757961184055
AP3S2,0.06809907081039457
AP4B1,0.13702491194937938
AP4E1,0.03600070953935397
AP4M1,0.09265274602829265
AP4S1,0.0915956158018636
AP5B1,0.01973432909647954
AP5M1,-0.20583091860699998
AP5S1,0.14913591426039252
AP5Z1,-0.02527034894082547
APAF1,-0.025069710654445743
APBA1,-0.04050135075778627
APBA2,-0.6252420806074914
APBA3,0.24756831579556948
APBB1,-0.16822187448142323
APBB1IP,-0.08797726975470788
APBB2,-0.2716430279452693
APBB3,-0.18822915514254657
APC,0.15330249710493327
APC2,-0.07124775461045108
APCDD1,-0.09789429316210807
APCDD1L,0.07844069010089666
APCS,0.0951912055052484
APEH,-0.013943422032693498
APELA,-0.24185888419470358
APEX1,0.07564573776396699
APEX2,-0.030596491662870484
APH1A,-0.054369973981097
APH1B,-0.13160772560845335
API5,-0.10581478480374074
APIP,-0.00862289673843808
APLF,0.06616594669113418
APLN,-0.14980951491070016
APLNR,-0.4250003041896879
APLP1,-0.15310531911259284
APLP2,0.011043603680688463
APMAP,0.0196391479252096
APOA1,-0.11155609030417324
APOA2,-0.48372524625369673
APOA4,-0.26117547763598037
APOA5,-0.464746464687958
APOB,-0.04360778837949497
APOBEC1,0.2156253745212363
APOBEC2,0.7209434964757324
APOBEC3B,0.15108461170843213
APOBEC3C,0.44256683012208964
APOBEC3D,-0.2132934267308726
APOBEC3F,-0.41835126817588986
APOBEC3G,-0.1790236619793984
APOBEC3H,-0.4058914047290849
APOBEC4,0.7400109667775743
APOBR,0.2558983608730543
APOC1,-0.06978465644407628
APOC2,-0.2919414208468498
APOC3,-0.3180369837035689
APOC4,0.12480751101242815
APOC4-APOC2,0.12454957346561668
APOD,0.19150024539996036
APOE,-0.7547782520197455
APOF,-0.220814176990698
APOH,0.292787987089707
APOL1,-0.5790916361722918
APOL2,-0.047848358799832624
APOL3,-0.029249131633403813
APOL4,-0.18631667228364418
APOL6,-0.10641540605682076
APOLD1,0.08703851667433415
APOO,-0.03517825170517863
APOOL,0.11410096151272509
APP,-0.23045985296120453
APPBP2,-0.12869768418480376
APPL1,0.03795559376833069
APPL2,0.15963668579226242
APRT,0.019879316140162473
APTX,0.021974941684826277
AQP1,0.17247841592824698
AQP10,0.027234936633295237
AQP11,-0.7322919233235585
AQP12A,-1.2749076228707201
AQP12B,-0.27622376468260895
AQP2,0.6619594173365326
AQP3,-0.29174471126644796
AQP4,0.7676590354324693
AQP5,-0.22181457251436942
AQP6,-0.11972982158175949
AQP7,-0.30157859529256525
AQP7B,0.09513689325843422
AQP8,-1.2685166741355154
AQP9,-1.1362558756750578
AQR,0.10842312251022879
AR,0.1032153946320391
ARAF,-0.08946923004823137
ARAP1,-0.04922212313522589
ARAP2,0.02276309181095648
ARAP3,-0.48980392289224006
ARB2A,0.03739967232748409
ARC,0.5322956576648776
ARCN1,0.23053566405251047
AREG,0.17676264444824907
AREL1,-0.06678884238776828
ARF1,-0.33806627684221713
ARF3,-0.1599881551719431
ARF4,0.013842325660296417
ARF5,-0.09145969951985133
ARF6,0.15090785733649614
ARFGAP1,-0.041183780600193565
ARFGAP2,-0.15020923087101234
ARFGAP3,0.06769865332709823
ARFGEF1,0.08099453264545353
ARFGEF2,-0.22727256072266933
ARFGEF3,0.7395146019341055
ARFIP1,0.08747068602770369
ARFIP2,0.04676459210759987
ARFRP1,-0.09681494589266482
ARG1,-0.07123108626027896
ARG2,0.1280778778033378
ARGFX,-0.08970902491131788
ARGLU1,0.09732514597561615
ARHGAP1,-0.09136018382876188
ARHGAP10,-0.04565944389688692
ARHGAP11B,-0.9972746281608122
ARHGAP12,0.106245702810142
ARHGAP15,-0.6288662688931812
ARHGAP17,-0.18485529664572464
ARHGAP18,0.13627567464594703
ARHGAP19,0.0639754791522229
ARHGAP19-SLIT1,0.06545809957841531
ARHGAP20,0.6500994149714319
ARHGAP21,-0.01716947932962576
ARHGAP22,0.03836276009481043
ARHGAP24,0.3384757898543551
ARHGAP25,-0.6448234596917646
ARHGAP26,0.09905152200238021
ARHGAP28,0.15445461458287957
ARHGAP29,0.2976531780366283
ARHGAP30,-0.04079080043438221
ARHGAP31,0.39252527965163253
ARHGAP32,0.21144791827757903
ARHGAP33,-0.17159113471910192
ARHGAP35,-0.22289719011318354
ARHGAP36,-0.411422721028899
ARHGAP4,-0.02477915947547782
ARHGAP40,0.07700894534578495
ARHGAP42,0.026910982488602464
ARHGAP44,0.2974958727719459
ARHGAP45,0.19058454821604354
ARHGAP5,-0.19296614482732632
ARHGAP6,0.13021090066614693
ARHGAP8,-0.6556785658802698
ARHGAP9,0.08426278434411039
ARHGDIA,0.008019087987650053
ARHGDIB,0.17502778844918598
ARHGDIG,-0.7933931674308823
ARHGEF1,0.19466292003877061
ARHGEF10L,-0.48578257286429205
ARHGEF11,1.0549460756020477
ARHGEF12,0.11389474218737927
ARHGEF15,-0.19728730163042818
ARHGEF16,0.185821055895103
ARHGEF17,-0.09949456430792658
ARHGEF18,-0.18943835013174182
ARHGEF19,0.1446113516443478
ARHGEF2,-0.5193238089998703
ARHGEF25,-0.4184974482668651
ARHGEF26,-1.5348449103861932
ARHGEF28,-0.16003494327697698
ARHGEF3,-0.05086397182456448
ARHGEF33,0.5175321862676956
ARHGEF37,0.11523598371385457
ARHGEF38,-0.7107973940003263
ARHGEF39,-0.00802665768875973
ARHGEF4,-0.13303514392321003
ARHGEF40,0.07276439969064574
ARHGEF5,0.0
ARHGEF6,0.11339920318657004
ARHGEF7,-0.46173050808779526
ARHGEF9,0.860394291168721
ARID1A,0.11171498899730281
ARID1B,-0.20826792338401656
ARID2,-0.09337501018933114
ARID3A,0.07313140373099447
ARID3B,-0.165694796006294
ARID3C,0.5925551178230832
ARID4A,0.09145438059502098
ARID4B,0.06438577526848288
ARID5A,-0.08392233204528488
ARID5B,0.23838735943363254
ARIH1,-0.08862927205381332
ARIH2,-0.08385692180578452
ARK2C,0.17377943181939326
ARK2N,0.08895002027656584
ARL1,0.20183307217593516
ARL10,-0.14396191728861618
ARL11,-0.7249937380452582
ARL13A,0.9903515687069642
ARL13B,-0.1152484689508837
ARL14,0.18064600458802604
ARL14EP,0.17554850809760048
ARL14EPL,-0.7072772640205456
ARL15,0.16776043577584954
ARL16,0.0742349394208146
ARL2,-0.07928256258582511
ARL2-SNX15,-0.07968287193302981
ARL2BP,-0.0710399095471379
ARL3,0.0070140873280459815
ARL4A,-0.0816114749912531
ARL4C,0.11549841441800313
ARL4D,0.16989401778325242
ARL5A,-0.004272184802997181
ARL5B,-0.07302088855959266
ARL5C,-0.6026017794978067
ARL6,0.24326777091366658
ARL6IP1,-0.013758040203825317
ARL6IP4,-0.05801446447622727
ARL6IP5,0.23864518342771746
ARL6IP6,0.08388548484442726
ARL8A,0.03684181623369209
ARL8B,0.032801564739862954
ARL9,-0.2898445336245427
ARMC1,0.08257589773083218
ARMC10,-0.1536952881358955
ARMC12,-0.0628745554396346
ARMC2,0.08045008778540375
ARMC3,-0.23798805155581437
ARMC5,-0.1797282016950641
ARMC6,-0.014313144421552515
ARMC7,0.07016546078487629
ARMC8,0.03308938435996822
ARMC9,0.010198992103121363
ARMCX1,-0.016252851816190628
ARMCX2,-1.188202640677719
ARMCX3,0.14639698967816206
ARMCX4,-0.3399789213304316
ARMCX5,-0.18133080797529932
ARMCX5-GPRASP2,0.03270823977016024
ARMCX6,-0.24957727299369314
ARMH1,0.011296926420977904
ARMH2,1.0048060306556372
ARMH3,0.0022886286417591606
ARMH4,0.0865661863661602
ARMS2,-0.23661509399581437
ARMT1,-0.022406450026102753
ARNT,-0.015581637726453934
ARNT2,0.03435018572178117
ARPC1A,0.04099573130908585
ARPC1B,-0.13272630127925655
ARPC2,0.07298169502933938
ARPC3,0.08811381982522093
ARPC4,0.0018130800167082128
ARPC4-TTLL3,-0.010978753481852621
ARPC5,0.03317848875769247
ARPC5L,-0.06904904642914111
ARPIN,-0.717353244764465
ARPIN-AP3S2,-0.7169706031608439
ARPP19,-0.2593719741503504
ARPP21,-0.0360755552005072
ARR3,1.3637959747699935
ARRB1,0.18688655577745727
ARRB2,0.05058393621824653
ARRDC1,0.01565131646013196
ARRDC2,0.00797066239404387
ARRDC3,-0.014698438648607315
ARRDC4,-0.21151797418544316
ARRDC5,0.45509559777073166
ARSA,-0.22034763962140413
ARSB,0.14667213477866126
ARSD,-0.5014963202268654
ARSF,-0.2884624743965596
ARSG,-0.4169803716679388
ARSH,0.6253113040844092
ARSI,-0.36143494780981616
ARSJ,-1.4641624204407155
ARSK,-0.0006355072280186391
ARSL,-0.34696466794342934
ART1,-0.8533792351168208
ART3,-0.6498490157415647
ART4,-0.37253929799866015
ART5,-0.15780648463100677
ARTN,-0.24516788958184343
ARV1,-0.18895855226704583
ARVCF,0.3234193687580378
ARX,0.36326372154402575
AS3MT,0.23032416643461362
ASAH1,0.2163552815740104
ASAH2,0.4952369092008787
ASAH2B,0.2608748236173669
ASAP1,0.07578001295819603
ASAP2,-0.15921588522695984
ASAP3,-0.25602757805171095
ASB1,0.09288563651427939
ASB10,0.5969275499182387
ASB11,0.6272143082252257
ASB12,-0.7824254633130574
ASB13,0.15024594516139045
ASB14,-0.10608663245666738
ASB15,-0.6959719375387055
ASB16,0.002223286684578829
ASB17,0.16588820676453075
ASB18,0.4735114608493822
ASB3,-1.1528274293293945
ASB4,-0.1357567977765948
ASB5,0.46761860825005286
ASB6,-0.0008582630175828498
ASB7,-0.09771585731543642
ASB8,-0.64279140021419
ASB9,0.7058241493175244
ASCC1,-0.12721904580328758
ASCC2,-0.0373261693416147
ASCC3,0.03821338622289083
ASCL1,0.6382674019996043
ASCL2,0.2300261293388331
ASCL3,-0.6064830598999562
ASCL4,0.1601208320387295
ASCL5,0.0015995635978537648
ASDURF,0.014257806900582537
ASF1A,0.0607863755554412
ASF1B,-0.0926247991754634
ASGR1,-0.3018374573496818
ASGR2,-0.11983698025444434
ASH1L,-0.13304677345855076
ASH2L,0.021292504802202572
ASIC1,0.12389038108356676
ASIC2,-0.11815353269570261
ASIC3,0.1491238073316672
ASIC4,0.016045339950949256
ASIP,0.26355023545822154
ASL,-0.2176824276113365
ASNS,0.13296005643454833
ASNSD1,0.015420097601059446
ASPA,-0.10536940628700697
ASPDH,-0.25278392864824406
ASPG,0.4200690914549131
ASPH,-0.10363000958559532
ASPHD1,-0.06385049928604403
ASPHD2,0.10017590528623543
ASPM,0.001373160492533998
ASPN,1.7366522351879297
ASPRV1,-0.1476018595186146
ASPSCR1,-0.3952913818741255
ASRGL1,0.18730350965101117
ASS1,0.05588586320496791
ASTE1,0.20726343196406027
ASTL,0.6836048226239559
ASTN1,-0.7810740581462112
ASTN2,-0.20657181665976454
ASXL1,-0.0017094308069829367
ASXL2,0.06918538967295884
ASXL3,-0.10095817302179855
ASZ1,-0.22321466361486716
ATAD1,0.3274690728212528
ATAD2,-0.08598955316690304
ATAD2B,-0.010623350833068201
ATAD3A,0.19983797097632117
ATAD3B,0.13471131660702307
ATAD3C,-0.9471763153291144
ATAD5,-0.11132673091464262
ATCAY,-0.1296764405937494
ATE1,-0.1070280454603898
ATF1,0.0704874233354067
ATF2,-0.07849600418017033
ATF3,0.01047499020703524
ATF4,0.0759879532314276
ATF5,-0.098697627048284
ATF6,-0.08914176398960771
ATF7,0.0096447259496788
ATF7-NPFF,-0.008509554567359245
ATF7IP,0.05721824662774733
ATF7IP2,0.7924183858630292
ATG10,-0.2738626935446131
ATG101,-0.07155778413309921
ATG12,0.09375461344542124
ATG13,0.05843876574118667
ATG14,0.20928374452769116
ATG16L1,0.1881950245187422
ATG16L2,-0.13379777773071133
ATG2A,-0.04168327230696445
ATG2B,0.052983565948728994
ATG3,0.02994170279112751
ATG4A,0.11027833693370592
ATG4B,-0.12950766145401627
ATG4C,0.0833616302039637
ATG4D,-0.34466693978771445
ATG5,0.06057650228856559
ATG7,-0.016831636550897144
ATG9A,-0.05888892047860317
ATG9B,-0.2772629009752276
ATIC,-0.21795744244979076
ATL1,0.010959586461520843
ATL2,-0.21877404061691674
ATL3,0.08244215360804574
ATM,0.04260717272471659
ATMIN,-0.08534084674111941
ATN1,-0.025544052321317956
ATOH1,-0.06111567005450236
ATOH7,0.8966863553704032
ATOH8,-0.0035131017582523683
ATOSA,-0.21403847892890562
ATOSB,0.12086140579570515
ATOX1,-0.07903784326465502
ATP10A,0.2570272073391538
ATP10B,1.1725259376359705
ATP10D,0.23122228894126184
ATP11A,0.367001761604973
ATP11B,-0.06382611905791435
ATP11C,0.3832935369919852
ATP12A,0.45823519756845177
ATP13A1,-0.0060628142716634414
ATP13A2,-0.07706686298664334
ATP13A3,0.5829784134307447
ATP13A4,0.16235805959416094
ATP13A5,0.5226845941069171
ATP1A1,0.23440590513293724
ATP1A2,0.22035121866372054
ATP1A3,0.10119063958333951
ATP1A4,-0.2253156920519752
ATP1B1,0.050653793334560326
ATP1B2,0.4059684278558584
ATP1B3,0.11751122025300287
ATP1B4,0.4004193136312555
ATP23,0.4393957459875302
ATP2A1,0.21540281856201204
ATP2A2,-0.0292421695072429
ATP2A3,-0.12834203995890459
ATP2B1,-0.038624293524016196
ATP2B2,-0.015700034576857647
ATP2B3,-0.28546955669028606
ATP2B4,0.16369421670350182
ATP2C1,0.22958626661601667
ATP2C2,-0.1406735477930971
ATP4A,0.17035439007557462
ATP4B,0.00016277807277265133
ATP5F1A,-0.20175832645510328
ATP5F1B,0.09156343350068852
ATP5F1C,0.10187160738332057
ATP5F1D,-0.0827021188183048
ATP5F1E,-0.03042595578366214
ATP5IF1,-0.09158636913876705
ATP5MC1,0.019752399126281794
ATP5MC2,-0.4191773324411623
ATP5MC3,-0.2850596872522635
ATP5ME,0.011667482810563179
ATP5MF,-0.11369605309207209
ATP5MF-PTCD1,-0.11308794958073598
ATP5MG,-0.005555086960139732
ATP5MGL,-0.33050480379871916
ATP5MJ,-0.26238602370940073
ATP5MK,0.10832885254272728
ATP5PB,-0.15831023189986393
ATP5PD,-0.11316296933302628
ATP5PF,0.2133375657911749
ATP5PO,0.09341436851858376
ATP6AP1,-0.013819455094744804
ATP6AP2,0.7169316896810842
ATP6V0A1,-0.011108083255410683
ATP6V0A2,0.15874148112406417
ATP6V0A4,-0.43563261078759385
ATP6V0B,-0.04177255459657392
ATP6V0C,-0.1370751006407449
ATP6V0D1,0.008853367076524066
ATP6V0D2,0.7558646007256551
ATP6V0E1,-0.010940314388423467
ATP6V0E2,0.1328241152439329
ATP6V1A,0.03994454339375153
ATP6V1B1,0.003984754960131398
ATP6V1B2,0.03437923781521679
ATP6V1C1,-0.06779740954457925
ATP6V1C2,0.3093150082351158
ATP6V1D,-0.12890981354601916
ATP6V1E1,0.10028506204787302
ATP6V1E2,-0.30495098052384906
ATP6V1F,0.05779286435236575
ATP6V1G1,0.18242611093520544
ATP6V1H,0.11000676562176981
ATP7A,-0.18777862324320527
ATP7B,0.11721281204427392
ATP8A1,0.05518028605336944
ATP8A2,0.3137165450075619
ATP8B1,0.5104847812589998
ATP8B2,0.08851689614687075
ATP8B3,-0.2352567371094345
ATP8B4,-0.24940834008362422
ATP9A,0.3717330752246166
ATPAF1,-0.2502783558467763
ATPAF2,-0.13515525055417932
ATPSCKMT,0.06788934829510751
ATR,-0.10346734403652125
ATRAID,-0.12077766203856655
ATRIP,-0.021207910879220027
ATRN,-0.2038507529358169
ATRNL1,-0.15730583359292005
ATRX,0.00455842817669927
ATXN1,-0.1795695651801159
ATXN10,-0.11971810007454042
ATXN1L,0.08000347417049802
ATXN2,-0.047957174719996054
ATXN2L,-0.2473402802387401
ATXN3,-0.08817489735942008
ATXN3L,-1.6307862034940817
ATXN7,0.03100446723507977
ATXN7L1,0.23300852421537943
ATXN7L2,-0.06541343162205049
ATXN7L3,-0.2440424565056185
ATXN7L3B,0.035193222228748766
AUH,-0.35394490714768523
AUNIP,0.2727863358486715
AUP1,-0.20772690954823947
AURKA,-0.07377042446004811
AURKAIP1,-0.06043277297431615
AURKB,0.017807008837561256
AURKC,-0.7580231870118476
AUTS2,0.1259280567212766
AVEN,0.4918275016774696
AVIL,0.8395093288897832
AVL9,0.0678055445130461
AVP,0.6063197702354686
AVPI1,0.04278622896904416
AVPR1A,0.27209439983537265
AVPR1B,-0.6522083759851496
AVPR2,-0.045973213669059376
AWAT1,0.4276655239525209
AWAT2,0.5274768192537257
AXDND1,0.1828877064151273
AXIN1,-0.03785091135677732
AXIN2,0.14774353059084877
AXL,0.6737194872873631
AZGP1,-0.48172290756959174
AZI2,0.11279222735921479
AZIN1,0.045553319059307595
AZIN2,0.1838444733707334
AZU1,-0.8147791170803136
B2M,0.3506185923191292
B3GALNT1,-0.40193309897790114
B3GALNT2,0.011171053881668058
B3GALT1,-0.13322336546470925
B3GALT2,-0.0993566952168452
B3GALT5,0.17598193413800656
B3GALT6,-0.07044784886550381
B3GALT9,-0.1630074844793863
B3GAT1,-0.21138501062829418
B3GAT2,0.1318178884224488
B3GAT3,-0.13518074416610393
B3GLCT,0.00448490344482444
B3GNT2,0.24510362028936594
B3GNT3,-0.05579653809175866
B3GNT4,-0.10487875088689647
B3GNT5,-0.8603317550136989
B3GNT6,-0.6723943122806216
B3GNT7,-0.48052403180105524
B3GNT8,-0.6554690708182012
B3GNT9,-0.2939500599127556
B3GNTL1,-0.7104633227597079
B4GALNT1,-0.01759805599247599
B4GALNT2,1.0187420866271504
B4GALNT3,-0.12949563939345676
B4GALNT4,-0.497114867193171
B4GALT1,0.09730719278029643
B4GALT2,-0.17280603587525545
B4GALT3,-0.08628388687213917
B4GALT4,-0.03446772179048274
B4GALT5,-0.05806196169443556
B4GALT6,0.010625711519125502
B4GALT7,0.1972446423446641
B4GAT1,-0.2107249298478715
B9D1,0.08103774543610687
B9D2,0.04933989052329313
BAALC,-1.5350854285512208
BAAT,0.8004533444997026
BABAM1,0.03198875135407153
BABAM2,0.007655303737834629
BACE1,-0.17917737286717417
BACE2,-0.015684666690582105
BACH1,1.052890361243845
BACH2,-0.08197094961552365
BAD,-0.0989978701018579
BAG1,-0.08032305074640078
BAG2,0.1347412544683637
BAG3,0.0711508893345223
BAG4,0.036660523521935495
BAG5,-0.10646245748191152
BAHCC1,0.0048124714757360465
BAHD1,0.11761337977454245
BAIAP2,0.3644590742949232
BAIAP2L1,-0.2822294774582088
BAIAP2L2,-0.5261166363037707
BAIAP3,0.02132218313168721
BAK1,-0.1163615802616933
BAMBI,-0.016533520705467986
BANF1,0.21000723092993656
BANF2,-0.2715830287619561
BANK1,-0.38106358471029544
BANP,0.3624989049641074
BAP1,0.010069901781869284
BARD1,0.14865502363384842
BARHL1,-0.2606925441896202
BARHL2,-0.9671267450701512
BARX1,0.4621201554673807
BARX2,0.20668001009263492
BASP1,-1.127647652058706
BATF,-0.18393070506212483
BATF2,0.08247413586554875
BATF3,0.02325349218875239
BAX,-0.22771455370269322
BAZ1A,-0.04330053253298738
BAZ1B,-0.03578598171138747
BAZ2A,-0.003122029129742465
BAZ2B,0.07006745438378847
BBC3,0.2866218953807569
BBIP1,0.013397249261180022
BBLN,-0.07448932299334476
BBOF1,0.001702889139456154
BBOX1,1.1451208211335104
BBS1,0.2109834253885312
BBS10,-0.13583644033452824
BBS12,0.050476326470475286
BBS2,0.09283625506543569
BBS4,0.030005603547507143
BBS5,-0.07103161142499381
BBS7,0.00223787631338368
BBS9,0.16651106941780647
BBX,0.08434959459250546
BCAM,-0.49259977309546105
BCAN,-0.5191879539239422
BCAP29,0.11178896638592839
BCAP31,0.0069355416820968685
BCAR1,-0.15312347649636615
BCAR3,-0.09497517927604804
BCAS1,0.16901508986422187
BCAS2,-0.05334378847141874
BCAS3,-0.0015638448015753426
BCAS4,-0.024799359241537644
BCAT1,0.28509263322003076
BCAT2,0.15578555689597628
BCCIP,0.11651926833511972
BCDIN3D,0.3759860316259145
BCHE,0.05443507425119698
BCKDHA,0.050043015572886596
BCKDHB,-0.18670106062623137
BCKDK,-0.058184534636021024
BCL10,0.1268202709658599
BCL11A,-0.03803802368572651
BCL11B,-0.03302923690457593
BCL2,-0.021598097315814968
BCL2A1,1.689405762762517
BCL2L1,-0.08034470798404669
BCL2L10,0.37111950128486176
BCL2L11,0.004801786830380017
BCL2L12,0.0059652177544720075
BCL2L13,0.09708143240017364
BCL2L14,-0.3486913201729869
BCL2L15,-0.15336124260125783
BCL2L2,0.1438801024004452
BCL2L2-PABPN1,-0.7743739367739441
BCL3,0.8038607016192651
BCL6,0.14087874673125933
BCL6B,-0.046026037153975796
BCL7A,-0.7457916786135171
BCL7B,0.12299110301597604
BCL7C,0.29670042068128044
BCL9,0.04782939189382862
BCL9L,-0.01624610932216708
BCLAF1,0.09416004643399578
BCLAF3,-0.008538457204973149
BCO1,-0.5468306677984544
BCO2,-0.5698580998009932
BCOR,0.07952120169953147
BCORL1,0.07373715134617242
BCR,-0.07905967973619399
BCS1L,0.21042791326270915
BDH1,1.5112649479810933
BDH2,0.45556180210717345
BDKRB1,-0.12354918586705016
BDKRB2,0.37679427574538527
BDNF,0.929035441461765
BEAN1,-0.18560273097859828
BECN1,-0.21015093829860376
BECN2,-0.26313367725489
BEGAIN,-0.1562324008878737
BEND2,0.2593827111325713
BEND3,0.0165858510375001
BEND4,-0.03980480122657237
BEND5,0.006630417961697166
BEND6,-0.09493693838738437
BEND7,-0.010703317132493506
BEST1,0.14538578319363826
BEST2,-0.14620621578619475
BEST3,-0.0779526756897132
BEST4,-0.07208016635133663
BET1,0.14787377628583442
BET1L,0.08649176772961908
BEX1,-0.1560243037165323
BEX2,0.4500559042418071
BEX3,0.19715270443677602
BEX4,0.1548560265058252
BEX5,0.12087699258452389
BFAR,-0.2791465912859348
BFSP1,-0.09592524432614091
BFSP2,0.7910010099264294
BGLAP,-0.1895193751481532
BGN,-0.5743297375145291
BHLHA15,-0.18448590304521006
BHLHA9,-0.10341556792522077
BHLHE22,0.6878183943912262
BHLHE23,-0.2511792674237068
BHLHE40,0.05322007874651735
BHLHE41,0.017976234364816435
BHMT,0.7384658998758749
BHMT2,0.9009546539215351
BICC1,0.1797160106479258
BICD1,0.1233942107250483
BICD2,-0.17673935578953248
BICDL1,0.15072165732356968
BICDL2,-0.3629836237609846
BICRA,-0.18844896511919806
BICRAL,-0.05527027891757719
BID,-0.25977766129691915
BIK,-0.12449652820231538
BIN1,0.19603625781422784
BIN2,-0.15966067651978655
BIN3,-0.038133668986296776
BIRC2,0.08918390400562792
BIRC3,0.3582960851470993
BIRC5,-0.011819199596106778
BIRC6,-0.1630098187257749
BIRC7,0.002423213826098003
BIVM,-0.2183669218609383
BIVM-ERCC5,-0.2182678022499056
BLACAT1,-0.49808505096844524
BLCAP,0.08421333742640602
BLID,0.3917827513421596
BLK,-0.3549981246549372
BLM,-0.14799891130671394
BLMH,0.04422359966955991
BLNK,-1.208383565739102
BLOC1S1,-0.282052857770565
BLOC1S2,0.16616046092454528
BLOC1S3,0.10289550576444206
BLOC1S4,0.06169025100844561
BLOC1S5,-0.2675661177969264
BLOC1S5-TXNDC5,-0.26797288690614174
BLOC1S6,-0.11575652310455897
BLTP1,0.013582388425946057
BLTP2,0.14179981178703738
BLTP3A,-0.07962859407017042
BLTP3B,-0.10936089752083866
BLVRA,0.059026171714323894
BLVRB,-0.18926985893268888
BLZF1,0.20154000365096536
BMAL1,-0.026214635738068814
BMAL2,-0.4006403510729406
BMF,-0.17607690438768397
BMI1,-0.0981030308255244
BMP1,-0.3696236402655768
BMP10,0.8327592291362368
BMP15,0.7385492697334723
BMP2,0.5933828403035466
BMP2K,0.04322770116487806
BMP3,-1.0063709288297957
BMP4,-0.439577550229273
BMP5,-0.16708891717365426
BMP6,-0.20248146470961315
BMP7,1.3338964223381737
BMP8A,-0.1969628795709042
BMP8B,-0.29579201535602984
BMPER,0.2641251528195534
BMPR1A,-0.17500609969988723
BMPR1B,0.3367833769239298
BMPR2,-0.044337550515686885
BMS1,0.05804613243479473
BMX,0.14391052912810798
BNC1,-0.21796451328211444
BNC2,0.4192451825152428
BNIP1,-0.14310916851599087
BNIP2,0.0898433362610529
BNIP3,-0.019857035487372166
BNIP3L,-0.023212427593811924
BNIP5,-0.33198663958808694
BNIPL,0.6894182503076027
BOC,-0.3361824299041354
BOD1,0.1303696312447018
BOD1L1,0.029959910605046325
BOD1L2,-0.3604416931619119
BOK,-0.8299735024053784
BOLA1,-0.0018634432631943199
BOLA2B,0.0
BOLA3,-0.14323220127705927
BOLL,-0.3047174898750081
BOP1,-0.00434961746639928
BORA,-0.24399078835459065
BORCS5,-0.008659140016225031
BORCS6,-0.0848621220153758
BORCS7,-0.07708907592472691
BORCS7-ASMT,-0.07775565587753253
BORCS8,0.023096529515662212
BORCS8-MEF2B,0.020230733994715422
BPGM,0.07596432410397824
BPHL,0.059052782116419955
BPI,-0.11738820102599268
BPIFA1,0.3534329744162674
BPIFA2,-0.5293138685401706
BPIFA3,-0.8815914617516267
BPIFB1,0.7435998338654225
BPIFB2,0.10440012771587981
BPIFB3,-0.44373365447661894
BPIFB4,0.17799927924006087
BPIFB6,0.21565665317883148
BPIFC,1.3946065577948934
BPNT1,0.39402159344485455
BPNT2,0.17182670751014317
BPTF,-0.03551060501108427
BRAF,-0.09538810738119752
BRAP,0.28332453255818546
BRAT1,0.04787906644398898
BRCA1,0.09450309570375648
BRCA2,-0.0012550209477977248
BRCC3,-0.2623025142988311
BRD1,-0.34910801588192353
BRD10,-0.22923505752760942
BRD3,0.007289407803153125
BRD3OS,-0.1434997485379279
BRD4,-0.22778729196125047
BRD7,-0.2174482980175636
BRD8,-0.1029168885615821
BRD9,0.05288468391473433
BRDT,0.0805643172571524
BRF1,0.023380215219334755
BRF2,0.012708485407279646
BRI3,0.10936473715537698
BRI3BP,0.05435030611226033
BRICD5,-0.2717217185414471
BRINP1,0.37950372124955245
BRINP2,-0.7206876221496985
BRINP3,-0.19459183926416423
BRIP1,-0.05947164408001626
BRIX1,-0.13801806864218857
BRK1,-0.07243946549281599
BRME1,0.23389183086923548
BRMS1,-0.09058701899923438
BRMS1L,0.07403695785223885
BROX,0.15740501057366263
BRPF1,-0.0623764806625573
BRPF3,-0.07402366474289934
BRS3,0.06389311571631628
BRSK1,0.5772351841033363
BRSK2,-0.010449315960248562
BRWD1,0.6837602730064016
BRWD3,0.13565433536502702
BSCL2,-0.030254694541105964
BSDC1,-0.050757590671432595
BSG,-0.03266345515991809
BSN,0.18055576367770776
BSND,-1.00832761822564
BSPH1,1.2251412042539194
BSPRY,-0.2969450410058192
BST1,-0.017607890661249126
BST2,-0.06844994434105933
BSX,0.20859961098223412
BTAF1,-0.038630196192192656
BTBD1,0.08687712417180116
BTBD10,-0.01305370660215921
BTBD16,-0.14247233936183606
BTBD17,0.11947715778477441
BTBD18,0.8492174970763611
BTBD19,0.051476288758714794
BTBD2,-0.16145363772858956
BTBD3,0.3142552011651363
BTBD6,-0.14736462678134643
BTBD8,-0.18279329261191313
BTBD9,0.19712682369450896
BTC,0.37144060239153187
BTD,0.06720516985783753
BTF3,-0.15946167099356323
BTF3L4,0.25667398994172164
BTG1,0.12402247160197355
BTG2,-0.02815826664740939
BTG4,0.09506224801645846
BTK,0.05137218819166822
BTLA,0.4455908307530656
BTN1A1,0.11515868474262046
BTN2A1,-0.16240837925077667
BTN2A2,0.06590746421474813
BTN3A1,-0.18267540413586714
BTN3A2,0.3408518626242998
BTN3A3,-0.36984128156193163
BTNL3,0.5518461920583648
BTNL8,0.4190980126731103
BTNL9,0.27905783066958495
BTRC,0.13882791066963485
BUB1,-0.044857693225144324
BUB1B,-0.2481207110598147
BUB1B-PAK6,-1.4716124856730666
BUB3,0.12761129960987194
BUD13,-0.05730307983553384
BUD23,0.0679344102267212
BUD31,0.005490721983758995
BVES,-0.24029769512647015
BYSL,0.007026494060293764
BZW1,-0.04536161776582137
BZW2,-0.03132713769881956
C10orf105,-0.03152313195687917
C10orf120,0.7895918389368778
C10orf143,-0.0474716878072865
C10orf53,0.5991601020199353
C10orf62,0.6232597780546478
C10orf67,-0.54209170958272
C10orf71,-0.36477368153009504
C10orf88,0.007059772391405872
C10orf90,1.348171459174393
C10orf95,-0.15743292885886895
C11orf16,0.44101652148872017
C11orf21,0.28201265851856294
C11orf24,9.482202259825101e-06
C11orf42,-0.5630526163845283
C11orf52,-0.4422052941591049
C11orf54,-0.026478041313224843
C11orf58,0.5015481021464758
C11orf65,0.0395716394827792
C11orf68,0.27517208195101883
C11orf71,0.1478493759086037
C11orf86,-0.2353913734932953
C11orf87,1.0097178257191424
C11orf91,0.09272657179288224
C11orf96,0.007995246332459516
C11orf97,1.0142172975863994
C11orf98,-0.01884427119265819
C12orf42,-0.23634034835414797
C12orf43,0.14770315055134553
C12orf50,0.7560421179130606
C12orf54,0.2162247683231342
C12orf56,0.42431670487189665
C12orf57,0.1501992659756981
C12orf60,0.023618588289379794
C12orf71,0.7175883470417944
C12orf75,0.19310509678561028
C12orf76,0.5002909829137725
C13orf42,0.3193323754628056
C13orf46,-0.8013289710104337
C14orf119,-0.024215154307202447
C14orf132,0.034305520817190405
C14orf28,-0.19570660500637072
C14orf39,0.7108514193414677
C14orf93,-0.273665795779229
C15orf39,0.17082792616546055
C15orf40,0.2841108587258949
C15orf48,-0.45349156097278986
C15orf61,-0.14500791099011057
C15orf62,-0.4543329517797847
C16orf46,0.07914537981268488
C16orf54,0.12114036291976316
C16orf74,0.15829286942744103
C16orf78,0.3846750224524018
C16orf82,0.9877125761927141
C16orf86,-0.23195067496427413
C16orf87,-0.10643798519846737
C16orf89,-0.32539273709416505
C16orf90,-0.1946706027146115
C16orf92,-0.3943879787832431
C16orf95,0.008578070338885802
C16orf96,0.23507018314305628
C17orf100,-0.06296475572982274
C17orf107,-0.6756548229878039
C17orf113,-0.1769263718137517
C17orf114,-0.03127917813056946
C17orf49,0.06060508424494415
C17orf50,0.1947694372396013
C17orf58,-0.08829613357743193
C17orf67,0.5311160846317211
C17orf75,-0.05080801986458727
C17orf99,-0.2604845576902912
C18orf21,0.05647156430098921
C18orf32,0.10235797849823403
C18orf54,0.1859738124687178
C18orf63,-0.6501972887352007
C19orf12,-0.02616875537573282
C19orf18,-0.2518917679846875
C19orf25,0.010773189936421623
C19orf33,-0.1211447811607538
C19orf38,-0.05405927727459581
C19orf44,-0.0062936375198878736
C19orf47,0.1264583036154754
C19orf53,0.24513011729402479
C19orf67,-0.21992934657602686
C19orf73,0.022672258190398864
C19orf81,0.3346823659387703
C19orf84,-1.2016073023745215
C19orf85,0.1767788261957679
C1D,-0.24996040761898686
C1GALT1,0.11881353760385327
C1GALT1C1,-0.16474120181009955
C1GALT1C1L,0.551503678287302
C1QA,-0.6657881142069939
C1QB,-0.1502362239770183
C1QBP,0.4275464570155546
C1QC,-0.03787126197928714
C1QL1,-0.0023533193783853434
C1QL2,-0.8402759452178443
C1QL3,0.09238727592607388
C1QL4,-0.0885364063164431
C1QTNF1,-0.027334754846299214
C1QTNF12,-0.3401491324000596
C1QTNF2,-1.0147564203493462
C1QTNF3,-0.00803069217312169
C1QTNF3-AMACR,1.1674776378992715
C1QTNF4,0.5945847674376735
C1QTNF5,-0.32087430297142827
C1QTNF6,0.11150754324822199
C1QTNF7,0.8716492236047808
C1QTNF8,-0.14735101178139987
C1QTNF9,0.5015627746283436
C1QTNF9B,0.36266360261303987
C1R,0.20802368049679965
C1RL,0.16145178065311505
C1S,-0.7844334180393465
C1orf105,0.0939620296716357
C1orf115,-0.6553569410251577
C1orf116,-0.6612198728657341
C1orf122,0.17982169830410166
C1orf127,-0.4859563287662765
C1orf131,-0.025510359227151724
C1orf141,0.07581811163045521
C1orf146,-0.36044208852564613
C1orf159,-0.06285079062239074
C1orf162,0.39910423745517193
C1orf167,-0.08108303475714651
C1orf174,-0.03924425192676395
C1orf185,-1.0743804940219666
C1orf198,-0.1305245955896095
C1orf202,-0.09104624299489128
C1orf21,-0.0879337205921713
C1orf210,-0.7084194553742463
C1orf216,0.40537266858787513
C1orf226,-0.5705067127373592
C1orf232,-0.14783920432133124
C1orf35,0.14315327564518432
C1orf43,0.06449450484553054
C1orf50,-0.025613451951118194
C1orf52,0.19321767084342856
C1orf53,-0.04917745163684195
C1orf54,-0.06719581070813696
C1orf56,0.3735863607338169
C1orf74,0.10554740655450612
C1orf87,0.9718805458791305
C1orf94,-0.7075267998047285
C20orf141,0.18473025925784536
C20orf144,-0.014390331698511005
C20orf173,-0.14606971154674897
C20orf202,0.2661371886478484
C20orf203,-0.13967668199257766
C20orf204,0.0947872595215844
C20orf96,-0.043481443759667116
C21orf58,-0.09725144385548123
C21orf91,0.2879325702967783
C22orf15,0.2598841187753116
C22orf23,0.1459955429886417
C22orf31,0.6395142482621805
C22orf39,0.052123426047283594
C22orf42,-0.03140999339771322
C2CD2,-0.18661516923105245
C2CD2L,0.11218551068957261
C2CD3,0.05156019366447939
C2CD4A,-0.05623784327506831
C2CD4B,-0.2104780145433578
C2CD4C,-0.3790795458175089
C2CD4D,0.08740802069548437
C2CD5,-0.07110925910517008
C2CD6,-0.549334605888175
C2orf15,0.005078305706374131
C2orf42,0.08961504365819373
C2orf49,0.1540867836144133
C2orf66,0.003866031357969979
C2orf68,-0.04428116639126678
C2orf69,-0.06006506101210096
C2orf72,0.02867003412715005
C2orf74,0.9498928293397829
C2orf76,0.009652806302258732
C2orf78,-0.5038779563334876
C2orf80,0.27698893327320495
C2orf81,0.02581775601443681
C2orf88,1.2196918488116542
C2orf92,-0.004128647912927441
C3,-0.17956512707068634
C3AR1,0.35377078458665
C3orf18,0.8162355176632521
C3orf20,0.5116680846832459
C3orf22,0.28952529428937623
C3orf33,-0.04316421076733157
C3orf38,-0.06307504860160407
C3orf49,0.6230835166914677
C3orf52,-0.8537731442890575
C3orf62,-0.15159285740273562
C3orf70,0.09017100186803795
C3orf80,-0.1218889113401973
C3orf85,-1.6431111724951037
C4BPA,0.5042469099712313
C4BPB,-0.38068969885359305
C4orf17,1.5553613208788668
C4orf19,-0.3491382370492393
C4orf3,-2.039159142399763
C4orf33,0.04225752494873358
C4orf36,-0.10445685130225568
C4orf46,-0.004640004186793334
C4orf50,-0.12410561802653053
C4orf51,-0.3721611055889782
C4orf54,0.4557983808054725
C5,0.302568839559167
C5AR1,-0.5610130364415901
C5AR2,0.28267525287812534
C5orf15,-0.08696136437437652
C5orf22,0.09422499182018651
C5orf24,-0.2634348202401915
C5orf34,0.015071765638528412
C5orf46,1.827838300769266
C5orf47,0.2041037131057215
C5orf52,-0.12936369712368578
C5orf58,0.02529445584556489
C5orf63,0.4154310780119914
C6,0.31780120418612245
C6orf118,-0.08541130658590323
C6orf120,-0.07588770941217948
C6orf132,0.48925608682019833
C6orf141,0.6089973088194878
C6orf163,1.498703653311386
C6orf226,-0.05901738434090964
C6orf52,0.059496050186534255
C6orf58,-0.9490981845979397
C6orf62,0.06941119147444219
C6orf89,0.12637213457970042
C7,-1.2992670890231972
C7orf25,0.02485533943990692
C7orf33,0.3945423901546903
C7orf50,0.06035615664033145
C7orf57,-0.30253133566541063
C7orf78,0.39487164360291094
C8A,-0.4660392791727124
C8B,-0.032327694310429145
C8G,-0.21359044506928715
C8orf33,-0.002183684983668499
C8orf34,0.5207680177652869
C8orf44-SGK3,0.013281503689992924
C8orf48,0.6325825926716551
C8orf58,-0.6659137769379724
C8orf74,-0.06828918304776904
C8orf76,-0.34990958980139286
C8orf82,0.09747280733781949
C8orf88,-0.12097074505789518
C8orf89,0.024500462548908697
C8orf90,0.4973518848638785
C9,-0.1753017769154015
C9orf152,-0.6657674097165969
C9orf153,0.591355426511718
C9orf40,-0.042492375270378524
C9orf43,-0.12474276022563657
C9orf50,0.1650436730991771
C9orf57,-1.0857405609956596
C9orf72,0.22261841618697975
C9orf78,-0.0021654010543601387
C9orf85,-0.0015601703368908204
CA1,-0.06457063879216851
CA10,-0.8438549021916304
CA11,-0.051211865288526504
CA12,0.18370132213641144
CA13,0.048094152634138965
CA14,0.09008327270865779
CA2,0.01442267264980801
CA3,0.5254597061616004
CA4,-0.12255298855422359
CA5A,0.36936978123279074
CA5B,-0.6639242168408768
CA6,0.9340519276017403
CA7,0.013681448539715146
CA8,-0.029244331033574156
CA9,-0.5893341496215887
CAAP1,-0.147894447390847
CAB39,-0.11712404046921154
CAB39L,-0.06080983993139011
CABCOCO1,0.91825122010735
CABIN1,-0.7951927187748713
CABLES1,0.07447171834441324
CABLES2,0.074008679562235
CABP1,-0.2658520316356512
CABP2,-0.2530478239381329
CABP4,-0.0013092828529850387
CABP5,-1.7490983566825735
CABP7,-0.5748420199191454
CABS1,-0.826487203838546
CABYR,0.06553762723739681
CACFD1,-0.06207375497739065
CACHD1,-0.007826898457401477
CACNA1A,-0.07159743066710805
CACNA1B,-0.8437228879934242
CACNA1C,-0.22341096053326082
CACNA1D,0.42946546935371566
CACNA1E,0.33945843937472764
CACNA1F,0.6054927004184538
CACNA1G,-0.2301846255254385
CACNA1H,0.06515547015438261
CACNA1I,-1.5525560993613645
CACNA1S,0.09951671319296496
CACNA2D1,-0.5359441511332625
CACNA2D2,0.19956664078289243
CACNA2D3,0.37312972710437453
CACNA2D4,0.031754193091618754
CACNB1,0.10425251203339858
CACNB2,0.5605797636850627
CACNB3,0.012281363737932427
CACNB4,-0.23406657926977603
CACNG1,-0.18398894910090322
CACNG2,-0.14158905869835614
CACNG3,0.12733572552683858
CACNG4,-0.1320256807316793
CACNG5,0.01750114251854056
CACNG6,-0.15062539115315832
CACNG7,-0.41896675266445704
CACNG8,-0.4175988198236686
CACTIN,0.08921709403188238
CACUL1,-0.01584091045350622
CACYBP,0.1294059478998042
CAD,-0.02237446712281166
CADM1,-0.24226879368885434
CADM2,0.16909302206959076
CADM3,-0.026372279228318724
CADM4,0.3198630247384613
CADPS,0.4939420202557231
CADPS2,-0.15443773389866688
CAGE1,0.12006003268325305
CALB1,1.8250433302401006
CALB2,-0.09056688507597421
CALCA,-0.010577658415087066
CALCB,0.5752318501996389
CALCOCO1,-0.014868103606705318
CALCOCO2,-0.188326827459536
CALCR,0.33392397038226174
CALCRL,-1.2191799515358646
CALD1,0.06979621024649119
CALHM1,0.23497267349566053
CALHM2,-0.2335215298232285
CALHM3,-0.5424534617075487
CALHM4,0.08797971240778651
CALHM5,0.7707398569884059
CALHM6,0.007941568573791358
CALM1,0.09297503119016959
CALM2,-0.18036283604757664
CALM3,0.018755600656414018
CALML3,0.5131548142991
CALML4,0.11286311207840027
CALML5,0.123057424660589
CALML6,-0.6389238441863616
CALN1,-0.21346293142733197
CALR,-0.10241775890887173
CALR3,0.0008219505214457357
CALU,0.03359737577870625
CALY,-0.19439055943691308
CAMK1,-0.19012253577197802
CAMK1D,0.18871173304349753
CAMK1G,0.2947993337919086
CAMK2A,-1.6617527745151552
CAMK2B,0.17161178669408572
CAMK2D,0.056974635510008476
CAMK2G,0.15356059447609205
CAMK2N1,0.05232836176192812
CAMK2N2,0.07072842331788864
CAMK4,-0.2706749043926262
CAMKK1,-0.1259101742721418
CAMKK2,-0.08341757163189678
CAMKMT,0.06186514133424037
CAMKV,-0.14468213836863253
CAMLG,-0.364988913281203
CAMP,0.6543758151932387
CAMSAP1,-0.1847051373736921
CAMSAP2,-0.08627181201782896
CAMSAP3,-0.5683845135447712
CAMTA1,-0.011023752952999288
CAMTA2,-0.18367817217267124
CAND1,0.06582940078375987
CAND2,-0.30313453241460486
CANT1,0.028033685802587804
CANX,-0.0687768402043023
CAP1,-0.06293788818804291
CAP2,0.455172464155738
CAPG,0.0039404933730891045
CAPN1,-0.14084426319424592
CAPN10,-0.07584052453679302
CAPN11,-0.23898902304393518
CAPN12,-0.33654321006305565
CAPN13,0.5226847885371392
CAPN14,0.11238832744116367
CAPN2,-0.5303611125674975
CAPN3,2.0767532180770885
CAPN5,-0.006027847790415208
CAPN6,0.40029023932261754
CAPN7,0.011225027103130003
CAPN8,0.07093789908202497
CAPN9,-0.11042555464660109
CAPNS1,-0.07270178340458866
CAPNS2,-1.020334486955303
CAPRIN1,0.12020339669088465
CAPRIN2,0.34309349100223185
CAPS,-0.6087778539634853
CAPS2,-0.16099900630043873
CAPSL,-0.25653780127146564
CAPZA1,0.03683858494104797
CAPZA2,0.7076062001724825
CAPZA3,-0.29468607459957674
CAPZB,0.11615550858734736
CARD10,-0.3726828590047544
CARD11,-0.05905758311125675
CARD14,0.04832729593011531
CARD18,-0.07999345313647988
CARD19,-0.030982278237594585
CARD6,0.15267031190689218
CARD8,0.21771228892517414
CARD9,0.4364464232796361
CARF,0.051474788699295004
CARHSP1,-0.09612991200273235
CARM1,-0.03558651751692654
CARMIL1,0.23683873161637115
CARMIL2,-0.24019268931310478
CARMIL3,-0.2667127503739515
CARNMT1,-0.17783486962150974
CARNS1,-0.4346673728318804
CARS1,-0.11964189652960755
CARS2,0.054300665136110204
CARTPT,-0.018596832589483192
CASC3,-0.16632132763427165
CASD1,-0.25757938078331
CASK,-0.005945407610864706
CASKIN1,-0.1404908517741732
CASKIN2,0.03246825253960317
CASP1,-1.2971765208501835
CASP10,-0.05081225352916796
CASP12,-1.5430323549507237
CASP14,0.5842798685945716
CASP2,0.05656448433012873
CASP3,-0.06791332549538875
CASP4,-1.5927179311407336
CASP5,-0.12796534840242724
CASP6,-0.2667502445157588
CASP7,-0.07834363441742553
CASP8,0.11571121646486837
CASP8AP2,0.03769061917104377
CASP9,0.13547216034393816
CASQ1,0.49945212024699687
CASQ2,-2.1190768354530958
CASR,-0.3305341020801279
CASS4,0.10726277351588642
CAST,0.6102204139947756
CASTOR1,-0.026246495511650814
CASTOR2,-0.8914562249838736
CASZ1,-0.06134720071288102
CAT,0.10819367322352136
CATIP,-0.1464838971001905
CATSPER1,0.6211034771265107
CATSPER3,-0.7275719677524581
CATSPER4,-0.0638158488055649
CATSPERD,-0.05316625615306858
CATSPERE,-0.08109184113168
CATSPERG,0.07479705338198794
CATSPERZ,0.014437082802632784
CAV1,-0.05994157700559799
CAV2,0.595031801458197
CAV3,-0.3560578962588308
CAVIN1,-0.026185607323407356
CAVIN2,-0.5965857562114308
CAVIN3,0.35507581604478655
CAVIN4,0.22161425290049674
CBARP,0.4887062637709012
CBFA2T2,-0.10833237850022304
CBFA2T3,0.11188186315589421
CBFB,0.0671429044631342
CBL,-0.013212613362009407
CBLB,0.1656800744701208
CBLC,-1.403864117230649
CBLIF,-0.5054422368442539
CBLL1,-0.07893215119136432
CBLL2,0.7212674660784936
CBLN1,-0.02323050563617879
CBLN2,-1.7180693411539623
CBLN3,0.02578574086275154
CBLN4,-1.2110625106427941
CBR1,-0.8865314053878623
CBR3,0.06871054786072417
CBR4,0.05200293238740539
CBS,0.4641605247611844
CBX1,0.11077665724797559
CBX2,-0.1601641660173594
CBX3,0.007104783999971609
CBX4,-0.0937301865483473
CBX5,0.008674299839903199
CBX6,0.09259031215091618
CBX7,0.17140964949203852
CBX8,0.27353362708481255
CBY1,0.015712255215910353
CBY2,1.4607838036145895
CBY3,0.41991511434047346
CC2D1A,0.21306399790700237
CC2D1B,-0.0056745477467581296
CC2D2A,0.36080794589853693
CC2D2B,0.053773547472992345
CCAR1,-0.04100430792372034
CCAR2,-0.0912588922991171
CCBE1,-0.8492087860888329
CCDC102A,0.14078304011805542
CCDC102B,0.020801477443204597
CCDC103,0.16775019095123067
CCDC106,0.013386980200317034
CCDC107,0.055101269407535014
CCDC110,0.17725940753095726
CCDC112,0.03281690693606132
CCDC115,0.04500991449273606
CCDC116,0.12700952143195465
CCDC117,-0.16564969961437903
CCDC12,0.1577340558221052
CCDC120,-0.166838697971599
CCDC121,-0.22100620788113723
CCDC122,0.06525067989426736
CCDC124,0.005238703391379218
CCDC125,-0.6058093987918238
CCDC126,-0.08944760006708474
CCDC127,0.24535694394491614
CCDC13,-0.10056742971384036
CCDC134,-0.2284413847560831
CCDC136,-0.019639633330636563
CCDC137,-0.09714518536186834
CCDC138,-0.0853814584327397
CCDC14,-0.11821762811361847
CCDC141,0.32364905164827773
CCDC142,0.00981335031724928
CCDC144A,-0.5016651228005501
CCDC146,-0.05052376161231109
CCDC148,-0.15425555559393533
CCDC149,0.844124511771883
CCDC15,-0.2535713887886253
CCDC150,-0.012672632043045695
CCDC152,0.2245051209452047
CCDC154,-0.5503593431793288
CCDC157,0.07370942051074092
CCDC158,0.43614260390889914
CCDC159,-0.3327741301853313
CCDC160,-0.7606915689208065
CCDC163,0.08863649421935982
CCDC167,0.1615120204432552
CCDC168,-1.11080955007376
CCDC169,-0.3250721968922268
CCDC169-SOHLH2,-0.324518591097684
CCDC17,0.24812913073985743
CCDC170,-0.4760477161518806
CCDC171,0.1713898670589007
CCDC172,0.6470836700346645
CCDC174,0.06650508721160531
CCDC175,-0.04692175287919964
CCDC177,0.2278409789145015
CCDC178,0.3933743551752442
CCDC179,-0.6758004169762462
CCDC18,-0.1166235676497065
CCDC180,-1.2024376509839103
CCDC181,0.2474304758001864
CCDC182,0.8071467144740168
CCDC183,-0.36961616586641277
CCDC184,0.07163374179157245
CCDC185,0.39243877905158486
CCDC186,0.29770353070510325
CCDC187,-0.3901799094934564
CCDC188,-0.9597998502493621
CCDC190,-1.2253795866189912
CCDC191,0.14171112201341174
CCDC192,1.3967147895861576
CCDC194,-0.6292400860328444
CCDC195,0.5892824217133354
CCDC196,0.8321341264770368
CCDC198,0.8532016888999072
CCDC200,-0.9546254116952049
CCDC201,0.14163542318133238
CCDC22,-0.4606136668367329
CCDC24,-0.08148775660552765
CCDC25,-0.021655581263792634
CCDC27,0.053608824444030034
CCDC28A,-0.010320251749464049
CCDC28B,0.08464491854509859
CCDC3,0.22806334058298772
CCDC30,-0.033187148437336056
CCDC32,-0.06793349655606473
CCDC33,0.5820890645561105
CCDC34,-0.006884500761393575
CCDC38,0.015180300160076321
CCDC39,-0.21178862043141866
CCDC40,-0.08111492157462852
CCDC42,-0.08242085009215305
CCDC43,0.03231574848115404
CCDC47,-0.6656727836852848
CCDC50,-0.27653212089288437
CCDC51,0.06335927826944321
CCDC54,-1.7583616383102423
CCDC57,0.2838132254454875
CCDC59,0.22192574240870577
CCDC6,-0.022451829052645422
CCDC60,1.5566887430956342
CCDC61,-0.030558521484046253
CCDC62,1.0340042553935689
CCDC63,0.520794958996242
CCDC65,-0.04112963711322193
CCDC66,-0.2071044792722585
CCDC68,-0.6705294476580668
CCDC69,0.1274073368712616
CCDC7,-0.2249957559153195
CCDC70,0.09253027441292527
CCDC71,-0.10752351848034358
CCDC71L,-0.16899084242125362
CCDC73,1.171363756714162
CCDC74A,-0.27515788069117786
CCDC74B,-0.39709350015301315
CCDC77,0.325151492954765
CCDC78,-0.18235158047184008
CCDC8,0.03796256585171372
CCDC80,-1.3226941039028974
CCDC81,-1.09110092121912
CCDC82,0.18302126162000398
CCDC83,-0.05218898595568433
CCDC85A,0.002081262522248828
CCDC85B,-0.04017224990227852
CCDC85C,-0.16281417877837168
CCDC86,-0.08221879976117297
CCDC87,0.03188767933826231
CCDC88A,-0.10709706607629599
CCDC88B,0.2113140416372037
CCDC88C,-0.12187156797413046
CCDC89,-0.4979983275832559
CCDC9,-0.1345094986930615
CCDC90B,-0.005625128847935201
CCDC91,-0.5942326538118963
CCDC92,0.056336035953499675
CCDC92B,-0.2603259749790059
CCDC93,-0.1716366562311098
CCDC97,0.23160948416852278
CCDC9B,-0.322647366212709
CCER1,0.09756972309376355
CCER2,0.55159985361604
CCHCR1,-0.8531711451590795
CCIN,1.0695441924876985
CCK,-0.20120702147348934
CCKAR,0.21026038065834396
CCKBR,0.19009066467932323
CCL1,0.002010280910043738
CCL11,-0.12693373760172022
CCL13,0.3055784847300166
CCL15,-1.0853835021300724
CCL15-CCL14,-1.0966283673279387
CCL17,-0.5189003246796333
CCL19,0.8139189711862547
CCL2,-0.05809136117801042
CCL20,0.17819082553563037
CCL21,1.3341068083529177
CCL22,0.17848388918931704
CCL24,0.22322588342653005
CCL25,-0.3430054692110175
CCL26,-0.1481372361432246
CCL27,-0.37720083353594624
CCL28,1.003397268079805
CCL7,0.17511625217675852
CCL8,-0.5101422496625377
CCM2,-0.2338979206489462
CCM2L,0.47405022212712983
CCN1,0.41284600784979
CCN2,0.14401490014845636
CCN3,-0.29592685600046975
CCN4,-0.16323143309750243
CCN5,0.2429071545844182
CCN6,-1.0560040420684578
CCNA1,-0.5591964686384304
CCNA2,-0.33898390401086065
CCNB1,0.1910684923290109
CCNB1IP1,0.18454415666357438
CCNB2,0.13333165002169256
CCNB3,-0.3068558347124186
CCNC,0.03703757711230882
CCND1,-0.09509291918207063
CCND2,0.1325995628275365
CCND3,0.06240190410360835
CCNDBP1,-0.08487628635697675
CCNE1,0.05274911353845502
CCNE2,-0.13973425875128598
CCNF,-0.20283085251368593
CCNG1,-0.009218939827590589
CCNG2,0.19201337081516545
CCNH,0.13883506058031259
CCNI,0.03411567596813203
CCNI2,-0.31663007626467765
CCNJ,0.10009832474050828
CCNJL,-0.2628170146764619
CCNK,-0.04560720775817195
CCNL1,-0.23362461969493786
CCNL2,-0.12233597590021095
CCNO,-0.06567582756497714
CCNP,-0.17381175523763304
CCNQ,-0.24535905779980816
CCNT1,0.2030898844722513
CCNT2,-0.00015013144687259228
CCNY,0.3875857450269844
CCNYL1,0.0997831278063872
CCP110,0.06619821275337046
CCPG1,-0.05942515393692194
CCR1,0.6169475437990448
CCR10,-0.17284560512429503
CCR2,0.8506510847506146
CCR3,0.16586768158232612
CCR4,0.19512060186270075
CCR5,0.3997501105464587
CCR6,1.4342597680959865
CCR7,0.18169294645779255
CCR8,0.15780163485716137
CCR9,-0.4349633574087269
CCRL2,-0.2926785264755196
CCS,0.03449409288752303
CCSAP,-0.14323950245327666
CCSER1,0.2831794042435631
CCSER2,-0.0340230096974512
CCT2,-0.26916342157310513
CCT3,0.17410298239781707
CCT4,-0.014002793419130022
CCT5,0.07108396477160639
CCT6A,-0.04687403556477854
CCT6B,0.04286367261828694
CCT7,-0.14139868783778553
CCT8,-0.07195504857469448
CCT8L2,0.24996031865880008
CCZ1,-1.4019898067321837
CCZ1B,-0.4712548415745499
CD101,0.38341139495474813
CD109,0.13765698608136478
CD14,0.1318651776277573
CD151,-0.08970321962059824
CD160,-0.28950224825582777
CD163,0.08280838063507967
CD163L1,1.2146958561821535
CD164,0.25002103438212764
CD164L2,0.5024853460716818
CD177,-0.03418033557464445
CD180,0.2442788841269724
CD19,-0.13388942055588193
CD1A,0.07311017084851867
CD1B,0.07678688656107546
CD1C,0.5220763517194618
CD1D,-0.3888994348229534
CD1E,-0.19759616170434757
CD2,0.47234066995847845
CD200,-0.5098496451696113
CD200R1,-0.2631166121342624
CD200R1L,0.21817797048862486
CD207,0.849616716184924
CD209,-0.07821132086782479
CD22,-0.22751380513736957
CD226,0.20313164292295338
CD24,0.5853849478511429
CD244,0.0575792976333791
CD247,0.04099517117190565
CD248,0.3003683868402618
CD27,0.1174312469604537
CD274,0.10467233099314699
CD276,-0.19073242365198306
CD28,0.052537898409204864
CD2AP,0.041857873527286316
CD2BP2,0.15230835298056267
CD300A,-0.46179708217748927
CD300C,0.06711885138547546
CD300E,-1.2148390669963862
CD300H,-0.10261965844198229
CD300LB,-0.5737934286488242
CD300LD,-0.41938457825686926
CD300LF,0.22889885387036907
CD300LG,-0.20218332277825857
CD302,-0.9409736099368529
CD320,-0.02828169465226349
CD33,-0.4122307007572449
CD34,-0.24264449320334558
CD36,1.078792429539698
CD37,0.6535030169640355
CD38,-0.22100266079502484
CD3D,0.13900019854786905
CD3E,-0.022711285591145547
CD3G,-0.01066582093083035
CD4,0.33188622962649195
CD40,-0.45900662341721604
CD40LG,0.9019960895979715
CD44,-0.62472844786877
CD46,0.055034133016675035
CD47,-0.13898495473149275
CD48,0.5767917246158376
CD5,0.059474086130210324
CD52,0.4779770318499401
CD53,0.5331436905387666
CD55,0.01676348117356863
CD58,-0.012380168175339712
CD59,0.23194032733587466
CD5L,0.5670108789477049
CD6,-0.05498148990638274
CD63,0.20611138288519637
CD68,-0.16252122015469084
CD69,0.9073255475974582
CD7,-0.24112978197469914
CD70,0.43665340903431715
CD72,0.023842904908586426
CD74,0.8149428269385618
CD79A,-0.369931671775956
CD79B,-0.4783517561160837
CD80,0.09966096484948705
CD81,0.1281165263741606
CD82,0.12281768133773685
CD83,0.3098526621215876
CD84,0.630895476828379
CD86,1.543237542675514
CD8A,-0.022553458446923358
CD8B,-1.5816347615951798
CD8B2,1.217336395698012
CD9,0.11954995346847297
CD93,-0.1946834183112529
CD96,0.3253856122666735
CD99L2,-0.20674615856729783
CDA,0.10326512840493374
CDADC1,0.022801486915422498
CDAN1,-0.05279667942533717
CDC123,0.06288263591757381
CDC14A,0.8025797173447105
CDC14B,0.03449489266306416
CDC14C,-0.5797643323207673
CDC16,0.03846905989476479
CDC20,-0.09942269507868318
CDC20B,0.31332219864157773
CDC23,-0.21148315703373477
CDC25A,0.09569957825035402
CDC25B,-0.09097503346857794
CDC25C,-0.10685114312697053
CDC26,0.02029825905411453
CDC27,-0.008866155122355224
CDC34,-0.10622143431901687
CDC37,-0.0425552930790829
CDC37L1,-0.0592688298230204
CDC40,0.020911307189908968
CDC42,-0.0592890810929374
CDC42BPA,-0.11978403725799058
CDC42BPB,0.008629418951644707
CDC42BPG,-0.06784816470189092
CDC42EP1,-0.048893547906704
CDC42EP2,0.07640461627899064
CDC42EP3,-0.12874855764236126
CDC42EP4,0.09229609237076852
CDC42SE1,-0.18643572253882912
CDC42SE2,-0.4800448800089361
CDC45,-0.006477116796862248
CDC5L,-0.1374633316553311
CDC6,-0.008187958814291463
CDC7,-0.1600638173743354
CDC73,0.09417988785233966
CDCA2,0.07429906362346994
CDCA3,-0.05891260776692686
CDCA4,-0.18226940398248193
CDCA5,0.06946014450344329
CDCA7,-0.11043679233602699
CDCA7L,-0.15786652468275264
CDCA8,0.036600922971249616
CDCP1,-0.40947097462473225
CDCP2,-0.6819725971139562
CDH1,-0.3423622940158471
CDH10,-0.41400467107868777
CDH11,0.5750494902476984
CDH12,0.10631879352314633
CDH13,-0.6216835571324397
CDH15,0.028853147112807953
CDH16,-0.7370819625097743
CDH17,-0.6497074702405143
CDH18,1.3186569630950578
CDH19,0.0694016833294755
CDH2,0.36288677914126666
CDH20,1.1497046521311498
CDH22,-0.37862697999797046
CDH23,-0.2837263318978698
CDH24,0.10043987810326183
CDH26,-0.06743348602791555
CDH3,0.23715590839236889
CDH4,-0.012389525301786275
CDH5,-0.24071629983608825
CDH6,-0.5266973442471654
CDH7,-0.35448543634118734
CDH8,-0.558400951553367
CDH9,1.1784409433837069
CDHR1,-0.36009516272107384
CDHR2,-0.034309979074158115
CDHR3,0.23089994589106366
CDHR4,0.6323031972159484
CDIN1,0.24805205993752866
CDIP1,-0.12361116443726594
CDIPT,-0.0586596566856441
CDK1,0.049088089107462096
CDK10,-1.2637484889442325
CDK11A,-0.047195059137630224
CDK11B,-0.007195429885518578
CDK12,-0.007504709161237244
CDK13,-0.08958962022234118
CDK14,-0.19303817060709783
CDK15,-0.2171349047897746
CDK16,0.05820297087634163
CDK17,0.08939582265189827
CDK18,0.06541704563185124
CDK19,0.20751318409174857
CDK2,0.0047487466884375
CDK20,-0.12511345923674266
CDK2AP1,0.17318258133477826
CDK2AP2,-0.05443641727648885
CDK3,0.2480987405070576
CDK4,-0.12361082459409056
CDK5,0.03526448364457391
CDK5R1,0.1044140053541982
CDK5R2,-0.22234460330673667
CDK5RAP1,-0.03955602092663835
CDK5RAP2,0.006801439715856894
CDK5RAP3,-1.147805807140084
CDK6,0.06357799528569341
CDK7,-0.0960881164150087
CDK8,-0.031191944036266683
CDK9,-0.03406756685223211
CDKAL1,0.29279506030670444
CDKL1,0.48578257286429205
CDKL2,0.40934870275940893
CDKL3,0.11863178875259184
CDKL4,-0.021963425466303477
CDKL5,0.09698102483859916
CDKN1A,-0.2130727375443741
CDKN1B,-0.5096614545192506
CDKN2AIP,-0.22823650887625568
CDKN2AIPNL,-0.46225674182168497
CDKN2C,-0.0769839063794775
CDKN2D,-0.05041062237682947
CDKN3,-0.007105622167306258
CDNF,0.053674890691551624
CDO1,0.9341000166044262
CDON,-0.1928505916735368
CDPF1,-0.12683395001886044
CDR2,0.034782277453738075
CDR2L,0.07968624896947141
CDRT15,0.9980906982759779
CDRT15L2,-0.3352540981517671
CDRT4,-1.3278990252755993
CDS1,-0.13662691620359002
CDS2,0.1353381044264852
CDSN,-0.12896612807126817
CDT1,-0.1451833588980458
CDV3,-0.10210782326190326
CDX1,-0.086105305018781
CDX2,1.037158057480191
CDX4,-0.7075502332991741
CDYL,-0.0564509206850734
CDYL2,0.16541572669558013
CEACAM1,0.32306132099007356
CEACAM16,-0.053542325076371966
CEACAM18,-0.7312421305662749
CEACAM19,-0.19273279131885368
CEACAM20,-0.06087524066045613
CEACAM3,-0.027159506564699343
CEACAM5,-0.29213125545093
CEACAM6,0.7240678812824863
CEACAM7,-0.10713620961707404
CEACAM8,0.0036401985304062023
CEBPA,0.18589209285727915
CEBPB,0.32185425996857564
CEBPD,-0.15552078637382705
CEBPE,-0.022545801502678486
CEBPG,-0.2701533416234243
CEBPZ,0.09199744459083314
CEBPZOS,-0.12375825749828229
CECR2,0.8299987953293778
CEL,-0.769220040897765
CELA1,-0.10118016329745899
CELA2A,-0.5541609793847352
CELA2B,-0.43008762575286874
CELA3A,-1.0039967725684973
CELA3B,-0.37000433538170074
CELF1,-0.33959581534858074
CELF2,-0.6819654345273829
CELF3,-0.01001794448912463
CELF4,-0.07713806719764582
CELF5,-0.4706692929413778
CELF6,0.044414022497936134
CELSR1,-0.05110430057807758
CELSR2,0.07578320190386822
CELSR3,-0.0870194591354676
CEMIP,1.5939988770366256
CEMIP2,-0.3613368079540658
CEMP1,-0.1426087577998567
CENATAC,0.0777088649873452
CEND1,0.17375278617001877
CENPA,0.09184525705034341
CENPB,-0.08932420843380928
CENPC,0.08091974770751698
CENPE,0.3017007307072346
CENPF,-0.02320324782084704
CENPH,-0.06742755313513893
CENPI,0.11699768269014577
CENPJ,0.04907714121438911
CENPK,0.05166847667060548
CENPL,0.08701236386695044
CENPM,-0.08994483891857996
CENPN,0.07267326218780479
CENPO,0.16837273105583872
CENPP,-0.010091905577439775
CENPQ,0.20334173921559806
CENPS,-0.15082844026026532
CENPS-CORT,-0.14955579234117877
CENPT,-0.08380641992011828
CENPU,0.07262512206823324
CENPV,0.19180981998857316
CENPVL1,0.27349550916940535
CENPVL3,0.3157203808717186
CENPW,0.0429139364470803
CENPX,0.00753599856219811
CEP104,-0.008640156633067164
CEP112,-0.027166121540544985
CEP120,0.18617318098379343
CEP126,0.02915199759131859
CEP128,-0.18090633361318886
CEP131,-0.06825790770198648
CEP135,-0.008791202414251131
CEP15,0.5785402168355349
CEP152,0.09639520328687379
CEP162,0.11682481138192813
CEP164,0.22222988810679467
CEP170B,0.007551505975654127
CEP19,0.047130201287484574
CEP192,-0.07863775388151417
CEP250,-0.04115858541294859
CEP290,0.08275857282872856
CEP295,-0.1520059936372764
CEP295NL,-0.1074659904629589
CEP350,0.04387374221714957
CEP41,0.5979365605764517
CEP43,0.0005364021828953014
CEP44,-0.0078575296260599
CEP55,0.015255801999918717
CEP57,0.1691671927623597
CEP57L1,0.08431917999083449
CEP63,0.019717764474183497
CEP68,-0.05043792665460867
CEP70,0.07004111687013381
CEP72,-0.7351693997144877
CEP76,0.14053736334622702
CEP78,-0.08165830015949282
CEP83,0.035937637812378576
CEP85,-0.14405493897038113
CEP85L,-0.01727030171805133
CEP89,0.07601052740834646
CEP95,-0.05732102266379702
CEP97,0.026887497028202922
CEPT1,0.025513946313408198
CER1,-0.022144854750979492
CERCAM,0.010556539429924516
CERK,-0.10818097134353977
CERKL,-0.49076559715939294
CERS1,0.057211109341498645
CERS2,-0.022363613118715264
CERS3,-0.5888550849476601
CERS4,0.9473063560161965
CERS5,-0.09366780458682733
CERS6,-0.13599978048863282
CERT1,0.06640493963561678
CES1,0.7429875776346466
CES2,-0.15714441265856305
CES3,-0.06653614736132152
CES4A,0.11106743329043078
CETN1,0.08519536456544019
CETN2,-0.15772362550579722
CETN3,-0.01504805966782019
CETP,0.4704613205762286
CFAP100,-0.08548097540578398
CFAP107,-0.021266300577815977
CFAP119,-0.016515191066086565
CFAP126,-0.8477600559962837
CFAP141,0.231159286934289
CFAP144,0.9265840020776606
CFAP144P1,0.15289599531939713
CFAP157,-0.31203925101818175
CFAP161,-1.5977210005862643
CFAP184,-0.08776731131116389
CFAP20,-0.2661683845553018
CFAP206,0.1556554794292273
CFAP20DC,-0.12393081455807309
CFAP210,-0.04897029225640992
CFAP221,0.342815733449628
CFAP251,-0.1666574322008456
CFAP263,0.5042831904381178
CFAP276,0.09976211577714622
CFAP298,0.16917460140677765
CFAP298-TCP10L,0.18244537316997977
CFAP299,-0.361585470325541
CFAP300,0.27799430584951623
CFAP36,0.06329660312479302
CFAP410,-0.15488587977807455
CFAP418,-0.030594913370521226
CFAP43,1.8457285999609419
CFAP44,-0.5440965943280667
CFAP45,-0.3247637165159586
CFAP46,0.3443057380837811
CFAP47,1.5922468501380833
CFAP52,0.17185489540194165
CFAP53,0.2150386079348081
CFAP54,0.019843310410139203
CFAP57,-0.3072082577660078
CFAP58,0.0444609626257062
CFAP61,-0.07131545118799654
CFAP65,0.20599336988329764
CFAP68,0.08294462412899595
CFAP69,0.3984916742089539
CFAP70,-0.051299340649799685
CFAP73,0.03331894725910001
CFAP74,-0.5184954031155233
CFAP77,-0.21477471527097336
CFAP90,-0.5311659123100947
CFAP91,0.6832185841749625
CFAP92,-0.01680021069363269
CFAP95,-0.1831324767784648
CFAP96,0.06680880963414282
CFAP97,0.35799301156365004
CFAP97D1,-0.06266690740049219
CFAP97D2,-0.7574751373405813
CFAP99,-0.12243138415952615
CFC1,0.04877800928284737
CFDP1,0.1760391420577525
CFH,-0.2824580728354559
CFHR1,0.9035164166163794
CFHR2,0.030474069640063828
CFHR3,0.16603588581046824
CFHR4,0.4076861908484297
CFHR5,-0.9653711879249036
CFI,0.48612234312622493
CFL1,-0.2303644873938948
CFL2,-0.09206000498839284
CFLAR,0.02267619788526609
CFP,0.0029533492355240387
CFTR,0.3321379370978419
CGA,-1.1204173063829128
CGAS,-0.750643981117418
CGB1,-0.24130720008001738
CGB2,-0.22289296672960246
CGB3,0.3324338364251722
CGB5,-1.4287198685835376
CGB7,-0.3920576818038608
CGB8,-0.5449795122976051
CGGBP1,-0.0722074927088574
CGN,-0.06196904720742502
CGNL1,-0.4048057783548606
CGREF1,-0.28182763362854485
CGRRF1,0.034469019804102885
CH25H,-0.3904354521348288
CHAC1,-0.032461143820168736
CHAC2,0.029911512708854282
CHAD,-1.043690677056628
CHADL,0.1243858257729864
CHAF1A,-0.08798090248700685
CHAF1B,-0.22715453694291998
CHAMP1,-0.03644472134115162
CHAT,0.05113371876166917
CHCHD1,0.029052379284060237
CHCHD10,-0.0404907068370961
CHCHD2,0.3137765131188699
CHCHD3,0.09959401736692897
CHCHD4,0.055246712256384
CHCHD5,-0.21681550913168018
CHCHD6,0.16783679241699723
CHCHD7,-0.089476091179991
CHCT1,-0.20466657193098303
CHD1,-0.011100377650685722
CHD1L,-0.16951337551174905
CHD2,-0.019331243373240437
CHD3,-0.32400137002142104
CHD4,-0.14366513455578556
CHD5,-0.6653980773230495
CHD6,0.13800452844814526
CHD7,-0.1977631944658449
CHD8,0.12237450323388632
CHD9,0.06494471112864986
CHD9NB,0.4077960962436564
CHDH,0.33086091076577395
CHEK1,0.11890600315175792
CHEK2,-0.193081146024646
CHERP,0.02092195832589372
CHFR,-0.3813334786021789
CHGB,-0.029362327005048705
CHI3L1,0.03726480963712464
CHI3L2,0.4164404074491359
CHIA,-0.5549779295384678
CHIC1,-0.036379840791749274
CHIC2,0.08389623419964565
CHID1,-0.2378239649573045
CHIT1,-0.2663537226507988
CHKA,-0.11250548593496212
CHKB,-0.06604171011808796
CHKB-CPT1B,-0.07046224873511697
CHL1,-0.040276652653107314
CHM,-0.02863849466161872
CHML,-0.2764232954150918
CHMP1A,-0.29546487756322026
CHMP1B,0.18120545774394525
CHMP2A,0.006305941892964739
CHMP2B,0.045254059229117516
CHMP3,0.09712012239646572
CHMP4A,0.05031368781649892
CHMP4B,-0.1896236938250384
CHMP4BP1,-0.0896201371949088
CHMP4C,-0.4684486041829954
CHMP5,-0.08421118275356321
CHMP6,0.021673756674553957
CHMP7,0.04472889666175561
CHN1,-0.13247585102212955
CHN2,0.14187453405152262
CHODL,-0.30600357511879084
CHORDC1,-0.0364414938090567
CHP1,-0.21237117331757194
CHP2,0.3025363495000577
CHPF,0.03153244111720088
CHPF2,0.046985255112449664
CHPT1,-0.01989894495429345
CHRAC1,-0.030991487560234177
CHRD,0.696219396314119
CHRDL1,-0.26338823948223444
CHRDL2,-0.9608457852239184
CHRM1,-0.5459275533522985
CHRM2,0.2206672719684296
CHRM3,-1.1082065434669617
CHRM4,0.021752941250447577
CHRM5,0.0
CHRNA1,0.36066371861339785
CHRNA10,-0.24387596448530957
CHRNA2,-0.05389774546157587
CHRNA3,-0.24092080235889224
CHRNA4,-0.28696048129072294
CHRNA5,-0.10141375860555524
CHRNA6,-0.42372860713164445
CHRNA9,0.21491513427916142
CHRNB1,0.020660867043146958
CHRNB2,0.0571138265329707
CHRNB3,-0.05067096195339227
CHRNB4,-0.1659045059023958
CHRND,0.17068350178055436
CHRNE,-0.19546803052398398
CHRNG,-0.33635356182955745
CHST1,-0.26229528198947394
CHST10,-0.05345487058612752
CHST11,-0.26691255774778844
CHST12,0.0693948945545344
CHST13,-0.1451074888935575
CHST14,-0.16529501164955107
CHST15,0.22838372247169936
CHST2,0.1363527337084518
CHST3,-0.35741457033115553
CHST4,-0.5875186007648892
CHST5,0.40552911185464746
CHST6,0.3939838388838733
CHST7,-0.0939862891432881
CHST8,-1.0384953946184727
CHST9,0.6404783364684279
CHSY1,0.11948151297689868
CHSY3,0.244920699986221
CHTF18,0.12539315186730082
CHTF8,0.03500823673158937
CHTOP,-0.08543956252368368
CHUK,-0.04185446924920733
CHURC1,0.15316548381219874
CHURC1-FNTB,0.15313029164734626
CIAO1,-0.037241583816926216
CIAO2A,0.12093333195299838
CIAO2B,-0.15507017660594613
CIAO3,0.10511083150216205
CIAPIN1,-0.13292861007094192
CIART,-0.05456215698679168
CIB1,-0.14257295989787
CIB2,-0.2640329687710228
CIB3,-0.5229962504126137
CIB4,-0.2978573955656022
CIBAR1,0.8582978661614774
CIBAR2,0.5031821414512083
CIC,0.0
CIDEA,-0.3166211071480536
CIDEB,-0.9392906567105306
CIDEC,-0.06378408859476359
CIITA,-0.49951513945537507
CILK1,-0.02635869907192223
CILP,0.03355935198126736
CILP2,-0.45824652246744657
CIMAP1A,-0.8267481084651411
CIMAP1B,0.03428768539547655
CIMAP1C,-0.2680970842739585
CIMAP1D,-0.009296606687273279
CIMAP2,0.18957067776077216
CIMAP3,-0.15095046788180344
CIMIP1,-0.3978634584017171
CIMIP2A,0.41419525520904976
CIMIP2B,-0.01886851914646301
CIMIP2C,-0.06294280263431418
CIMIP3,0.4026860267349377
CIMIP4,-0.23889133351981134
CIMIP5,-0.010112926190617877
CIMIP6,-0.07806930626291386
CIMIP7,0.0572288435950048
CINP,-0.04037189135131136
CIP2A,-0.05395544219190107
CIPC,0.007995917098476468
CIR1,0.15133763457334837
CIRBP,0.29624823060433236
CIROP,0.19760719318024433
CISD1,-0.07959251246909194
CISD2,-0.0895627531953993
CISH,0.07778725010942544
CIST1,0.6087349063805341
CIT,0.0781482878447699
CITED1,0.07226133514386213
CITED2,-0.10159208835285494
CITED4,0.019259010120702413
CIZ1,-0.1570438806128096
CKAP2,-0.08940699762385229
CKAP2L,0.1514024613717524
CKAP4,0.7239218212089744
CKAP5,-0.05590171442551117
CKB,-0.032586719462125435
CKLF,-0.19599481853819256
CKLF-CMTM1,-0.19366561786861958
CKM,-0.6220523922244463
CKMT1A,0.2791465912859348
CKMT1B,0.7470711146301752
CKMT2,0.32270784767661354
CKS1B,-0.04128720255194729
CKS2,-0.007011350290237139
CLASP1,-0.008555391982334015
CLASP2,-0.025644950337071926
CLASRP,0.26836442565734675
CLBA1,-0.1368339059405166
CLC,0.6447610250709084
CLCA1,0.13500140003412198
CLCA2,0.412976649268082
CLCA4,0.21065204037995344
CLCC1,0.08086646778326223
CLCF1,0.2577736010145766
CLCN1,-1.2261655817849242
CLCN2,-0.10034601053972736
CLCN3,0.04968237984524926
CLCN4,0.0845659156633276
CLCN5,0.03724807204668856
CLCN6,-0.02532690058310294
CLCN7,-0.01673011362506216
CLCNKA,-0.3472147048231915
CLCNKB,0.7547374739797598
CLDN1,0.2483746889453382
CLDN10,1.168601738171907
CLDN11,0.5401424917853523
CLDN12,0.5517296210938594
CLDN14,-0.9380817258394005
CLDN15,-0.4478626241837228
CLDN16,0.22252874845081516
CLDN17,0.17256968661123606
CLDN18,0.3850201017039241
CLDN19,0.06787301465501627
CLDN2,-0.36041681931429675
CLDN20,0.44677693306005817
CLDN22,-0.11789749682349943
CLDN23,-0.4983350562250264
CLDN24,0.6905258355569616
CLDN25,0.26812300746884776
CLDN3,-0.020913632889954847
CLDN34,1.3592383010762574
CLDN4,0.46096647910594657
CLDN5,-0.2848255390186436
CLDN6,-0.2899491746348599
CLDN7,-0.20739218997153364
CLDN8,-0.01947729107677043
CLDN9,-0.4409891402999495
CLDND1,-0.12966192514710784
CLDND2,0.16153026730091113
CLEC10A,0.1979272460436573
CLEC11A,-0.1340309325358504
CLEC12A,-0.021220175887811443
CLEC12B,-0.3209115278317125
CLEC14A,0.05694963879480597
CLEC16A,-0.11195898990748976
CLEC17A,0.6117882920725057
CLEC18A,1.0966283673279387
CLEC18B,-0.4462927654278741
CLEC18C,-2.004463463400478
CLEC19A,1.5343012445779158
CLEC1A,-0.691448493586869
CLEC1B,0.8059761782514527
CLEC20A,0.710755144198747
CLEC2A,0.12642547375819335
CLEC2B,-0.12254878012555714
CLEC2D,0.7675056923329606
CLEC2L,0.30090343849702883
CLEC3A,0.3659497741602472
CLEC3B,0.043756194561108415
CLEC4A,0.7702330538053735
CLEC4C,0.35173097898560624
CLEC4D,-0.3209189078000825
CLEC4E,-0.2561322019345844
CLEC4F,0.31327417500996646
CLEC4G,0.052381536560423436
CLEC4M,-1.2048003476021178
CLEC5A,-0.3674025688728556
CLEC6A,0.2978529124907352
CLEC7A,1.362059296164156
CLEC9A,-0.6069450607426099
CLGN,-0.03255219730067349
CLHC1,-0.007547818983003829
CLIC1,0.20874905912966613
CLIC2,0.6873668224908127
CLIC3,0.00020463935577819115
CLIC4,0.07101732085873724
CLIC5,0.3511760781895167
CLIC6,0.12259442584159827
CLINT1,0.04460250152076162
CLIP1,-0.077376526807301
CLIP2,0.3472535762678719
CLIP3,-0.06334337988965144
CLIP4,-0.8027827809509771
CLK1,-0.10137917650928863
CLK3,-0.23961106972797427
CLK4,0.7185053785304216
CLMN,-0.18785204369282704
CLMP,-0.9304541225714054
CLN3,0.5286485901647064
CLN5,-0.22601218260026146
CLN6,-0.8891232081778702
CLNK,-0.27337534881067094
CLNS1A,0.20128764839016444
CLOCK,-0.26495640580888047
CLP1,-0.2839059798147683
CLPB,-0.012400649085299698
CLPP,0.08436715466532085
CLPS,-1.043640344864625
CLPSL1,1.0069794649467725
CLPSL2,0.20520431886279744
CLPTM1,0.28465590000492913
CLPTM1L,-0.8147791170803136
CLPX,0.15097523829447557
CLRN1,0.14054591203130284
CLRN2,-0.3082271304789771
CLRN3,-0.904555962977907
CLSPN,-0.12766771758320683
CLSTN1,-0.3711743307190094
CLSTN2,0.16403179483186792
CLSTN3,0.022113251788112187
CLTA,-0.20415937082960234
CLTB,-0.269619310371465
CLTC,0.11287287570682025
CLTCL1,0.01904675285464963
CLTRN,0.08862318311372253
CLU,0.3736767189636909
CLUAP1,-0.19845612310279748
CLUH,-0.0337103806772765
CLUL1,0.5388347442215116
CLVS1,0.6680664276925061
CLVS2,-1.1212041515473683
CLXN,-0.7282623843944372
CLYBL,0.05643067541859814
CMA1,0.24699867600303188
CMAS,0.09279028387068777
CMBL,0.3159947452270264
CMC1,-0.021191494732965666
CMC2,-0.3902395500344944
CMC4,-0.2649758984575312
CMIP,-0.17893243626201016
CMKLR1,0.4774015173810171
CMKLR2,0.013284813206932353
CMPK1,0.11695133431400251
CMPK2,-0.24635313789850777
CMSS1,-0.07459904980112153
CMTM1,0.40495364279184554
CMTM2,-0.8809546737034541
CMTM3,0.04219746625414089
CMTM4,0.16698591382592465
CMTM5,-0.01990030499583273
CMTM6,0.007883791479798674
CMTM7,-0.22881423546499047
CMTM8,-0.29177228239341435
CMTR1,-0.22384148246598023
CMTR2,-0.05308120821337248
CMYA5,0.4046299911980633
CNBD1,0.4256531604424205
CNBD2,-0.03492981984471033
CNBP,-0.05387750458162888
CNDP1,-1.4561430162261841
CNDP2,-0.17406183902764205
CNEP1R1,0.04308759510066196
CNFN,-0.5760774911230827
CNGA1,-0.11345504674623097
CNGA2,1.1284835969753062
CNGA3,0.10849540115530892
CNGA4,0.08233459609495064
CNGB1,-0.3720004054827481
CNGB3,0.2818492502476251
CNIH1,-0.1997772944703149
CNIH2,-0.1242087993502059
CNIH3,-0.027365972318703413
CNIH4,-0.01735802428742872
CNKSR1,-0.7308181520807843
CNKSR2,-0.49345785671728815
CNKSR3,0.3890440774230681
CNMD,0.29494801329116627
CNN1,0.033274988641224246
CNN2,0.025758797726193272
CNN3,-0.04272587635430369
CNNM1,-0.494934740016049
CNNM2,0.05278866710894814
CNNM3,0.12757579663886975
CNNM4,-0.0017820975094977598
CNOT1,0.11736892374675367
CNOT10,0.05629659715409829
CNOT11,-0.14898000032051506
CNOT2,-0.06356497109550752
CNOT3,-0.9519344085997753
CNOT4,0.08906677953171993
CNOT6,-0.03272737573630469
CNOT6L,-0.07398769663781479
CNOT7,-0.016461418532276006
CNOT8,-0.039857274840384704
CNOT9,0.08775250743850993
CNP,-0.1507840064966386
CNPPD1,0.14696627762443715
CNPY1,-0.44484205765058726
CNPY2,0.02986960193345478
CNPY3,0.23837439594019294
CNPY4,0.20500059005226046
CNR1,0.8239715358862207
CNR2,-0.19515021487471662
CNRIP1,-0.32321896588093324
CNST,0.020058482405877598
CNTD1,-0.17025501535843723
CNTF,0.013536250380160042
CNTFR,-0.19383880298232725
CNTLN,-0.06861656970473229
CNTN1,1.062893357662118
CNTN2,0.5780504778936997
CNTN3,0.04098128282818703
CNTN4,0.45112242809556324
CNTN5,0.5092233268638611
CNTN6,-0.04415659706908048
CNTNAP1,0.15559185233265094
CNTNAP2,0.09499493946279658
CNTNAP3B,-0.7951927187748713
CNTNAP3C,-0.18501393347524964
CNTNAP4,-0.07672265817183277
CNTNAP5,0.07327077270162713
CNTRL,0.32889071839381767
CNTROB,-0.03751647070633979
COA1,-0.022058122146029646
COA3,-0.17776931239108595
COA4,0.014233860943147825
COA5,0.06851807465437165
COA6,-0.04101947021340013
COA7,-0.16121472560240857
COA8,-0.09861605071073676
COASY,0.015346678763527244
COBL,0.13357301762361784
COBLL1,-0.3130466196509428
COCH,-0.09561155513512531
COG1,-0.22062181393156077
COG2,0.16538536169149864
COG3,-0.17092922335835503
COG4,0.28356419314757275
COG5,0.06198780592024811
COG6,0.28273986141239593
COG7,0.04601534112424055
COG8,0.07213239423176265
COIL,0.01755492972012096
COL10A1,2.1872949022069226
COL11A1,0.328610767742853
COL12A1,0.6907087555255735
COL13A1,-0.3022226739179765
COL14A1,-0.22097474858837982
COL15A1,-1.2839884111141608
COL16A1,-0.5499602781646413
COL17A1,0.1787179531087899
COL18A1,-0.35706334399703965
COL19A1,0.0029920113895807177
COL1A1,-0.2726548238778572
COL1A2,0.44714541789148843
COL20A1,-0.13819988633980174
COL21A1,0.11229439440966216
COL22A1,0.9918359365364539
COL23A1,-0.1487438068078032
COL24A1,0.030542048553537482
COL25A1,0.07474853852384822
COL26A1,0.1501572041384457
COL27A1,0.0164647952493695
COL28A1,0.16276109137727368
COL2A1,-0.37278641316950056
COL3A1,-0.49746162761626267
COL4A1,-0.02914824915881016
COL4A2,-0.6893530619783348
COL4A3,-0.058913571809582344
COL4A4,-0.050193802374789875
COL4A5,0.21933629167925628
COL4A6,0.03879698807656773
COL5A1,0.4197488177984069
COL5A2,-0.7946075910449157
COL5A3,-0.05272445380798596
COL6A1,0.4496816241660504
COL6A2,0.18008390735416224
COL6A3,0.6573716173170061
COL6A5,-1.228133039530504
COL6A6,1.1784423227886265
COL7A1,-0.8443017463563485
COL8A1,1.6508242155102575
COL8A2,-0.4095537262555782
COL9A1,0.3995384906754103
COL9A2,0.07319323451234361
COL9A3,-0.04237896179661149
COLEC10,0.038081444225555705
COLEC11,0.22969938998166572
COLEC12,-0.08776924335395708
COLGALT1,-0.4512844135576932
COLGALT2,-1.2833655898894794
COLQ,0.14794528437950882
COMMD1,-0.009419563248559193
COMMD10,-0.03966805000643259
COMMD2,0.13581507715000019
COMMD3,-0.03363982794332632
COMMD3-BMI1,-0.033691382556445326
COMMD4,-0.5579922372624417
COMMD5,0.028070468610711607
COMMD6,0.12077947427430313
COMMD7,0.03852471858058548
COMMD8,0.15779741298250727
COMMD9,-0.06856195723861624
COMP,-0.621887160427879
COMT,-0.1266648203172407
COMTD1,-0.32662507117935746
COP1,0.03700604924268269
COPA,-0.11252906192234491
COPB1,0.09184386742951034
COPB2,0.0053788971683044196
COPE,0.13695917317719974
COPG1,-0.13144428367459415
COPG2,-0.1441515857088449
COPRS,0.2441685283784385
COPS2,0.06638555103652966
COPS3,-0.20386042182954345
COPS4,0.0423610269594068
COPS5,-0.5622976228483871
COPS6,-0.14122579671649316
COPS7A,0.08237198298232062
COPS7B,-0.04253568908559835
COPS8,-0.18981442949640837
COPS9,-0.0799447221349392
COPZ1,-0.2673645052752107
COPZ2,-0.6477239092272378
COQ10A,-0.005011289522477647
COQ10B,0.06527160049789416
COQ2,0.1343386667165749
COQ3,-0.09672672791182801
COQ4,-0.1251613707709618
COQ5,-0.12694704889825292
COQ6,-0.018090398542763175
COQ7,-0.05416826056439561
COQ8A,0.04981076962437392
COQ8B,0.6351493430478479
COQ9,-0.1320143466799797
CORIN,-0.22601534785266852
CORO1A,-0.2956565519641119
CORO1B,-0.0560274307514228
CORO1C,-0.031008281552579398
CORO2A,-0.011037340164038234
CORO2B,-0.07498131822648024
CORO6,-0.4447832395750302
CORT,-0.20313071210793027
COTL1,-0.09326874729760704
COX10,0.10467865900612683
COX11,0.005692319832655279
COX14,-0.018286391062583007
COX15,0.07784836216356616
COX16,-0.37906048671819637
COX17,-0.07439798261973607
COX18,0.12039207261853146
COX19,-0.05428156969608544
COX20,0.0026310640213011993
COX4I1,-0.3125077260242395
COX4I2,-0.06947359297434519
COX5A,-0.27542643300137826
COX5B,0.08953123983377598
COX6A1,0.03736379684735258
COX6A2,1.1133037184929333
COX6B1,0.03144092166755996
COX6B2,-0.18162667697729296
COX6C,0.12892390274999022
COX7A1,0.5672277651312588
COX7A2,0.13472914338547493
COX7A2L,0.03263509825784583
COX7B,0.11663748444639488
COX7B2,0.12390841571768929
COX7C,0.1507929017148717
COX8A,-0.07293712837429744
CP,1.2829777886641112
CPA1,-0.39806457114490457
CPA2,-0.5154775582898972
CPA3,-0.6580511091481529
CPA4,-0.23236611772719995
CPA5,0.6669248712457843
CPA6,0.18412117060132482
CPAMD8,-1.3310324606096209
CPB1,0.9897277510351296
CPB2,0.4880657852136235
CPD,-0.02068628339128331
CPE,1.8122196055562436
CPEB1,0.03247941613297245
CPEB2,0.018094082138232714
CPEB3,-0.08913345432447617
CPEB4,0.08587841406964714
CPED1,-0.1356612230064469
CPHXL,0.3216263452236805
CPHXL2,0.5954883369078259
CPLANE1,-0.14639866002906654
CPLANE2,-0.04736856297841907
CPLX1,-0.0652696971165283
CPLX2,-0.06858074886911414
CPLX3,-0.18951997407557708
CPLX4,-1.3083367601467877
CPM,0.2060716214549576
CPN1,1.0624602062429487
CPN2,-0.3606146027803714
CPNE1,0.01315033644841268
CPNE2,0.3079548206365774
CPNE3,0.44199958130316674
CPNE4,0.5185721871333486
CPNE5,0.04866837000263535
CPNE6,-0.19302097825129305
CPNE7,-0.3812511978325648
CPNE8,-0.549101372390231
CPNE9,0.072138423975147
CPO,1.0198394331291751
CPOX,0.013482889447401725
CPPED1,0.04228227426940201
CPQ,1.4489391327467775
CPS1,0.42202028819758164
CPSF1,-0.19829999130957354
CPSF2,0.16207448866360608
CPSF3,-0.016361187933209287
CPSF4,-0.06130209923468666
CPSF4L,0.5188350964656094
CPSF6,-0.06277331678359843
CPSF7,0.05064545798586639
CPT1A,-0.21139463372984713
CPT1B,-0.017882087853873685
CPT1C,0.14345566039351043
CPT2,-0.13534527298081223
CPTP,-0.3619585953127995
CPVL,0.33319842946498834
CPXCR1,-0.828005586794514
CPXM1,-0.17714219846121448
CPXM2,1.0807255070552513
CPZ,0.17082139148074432
CR1,0.139806696685723
CR1L,0.3857035061194484
CR2,-1.0792543310461746
CRABP1,0.5832736657664708
CRABP2,0.17399066366050775
CRACD,-0.2228591140346161
CRACDL,-0.5116975700304373
CRACR2A,-0.16014072315575656
CRACR2B,-0.06867013383994669
CRADD,-0.01678439482638261
CRAMP1,-0.030631043789383305
CRAT,-0.12163850455422676
CRB1,-0.45162210018264426
CRB2,-0.44835507983742584
CRB3,-0.39288252249974
CRBN,0.05681065005989616
CRCP,-0.13290233489578895
CRCT1,0.0482616571144765
CREB1,-0.12358453533998759
CREB3,0.2071828782884202
CREB3L1,0.23088084151873822
CREB3L2,0.02458664427052426
CREB3L3,-0.04511405069008467
CREB3L4,0.11707908796392097
CREB5,0.2639715360883906
CREBBP,-0.3687092151058806
CREBL2,0.06746340338362078
CREBRF,0.02682567052646423
CREBZF,0.215791319509687
CREG1,-0.06830131502132097
CREG2,-0.5656722490418624
CRELD1,0.011253078719117404
CRELD2,0.032653120030134986
CREM,0.12117410098334691
CRH,0.17376540109513972
CRHBP,0.7184282276734801
CRHR2,0.16465956059263742
CRIP1,-0.015438506689271048
CRIP2,-0.15313963954754195
CRIP3,-0.47265370836045995
CRIPT,0.03300696594270658
CRIPTO,0.38128068221582223
CRIPTO3,0.7511431258222956
CRISP1,1.3565349342798938
CRISP2,-0.6623683851062032
CRISP3,-0.28385708360527806
CRISPLD1,0.10162029299077657
CRISPLD2,0.3330959481517515
CRK,-0.16612470937166357
CRKL,-0.032428984120714155
CRLF1,0.18558310353424745
CRLF3,-0.03815215069316302
CRLS1,-0.20799198612410486
CRMP1,-0.7977039887994706
CRNKL1,0.22918461250090383
CRNN,0.24349134805286748
CROCC,0.11158481288853528
CROCC2,-0.11596749040946508
CROT,0.07600089258810971
CRP,-1.3829437445176573
CRPPA,-1.8348495682919674
CRTAC1,0.8541010604393274
CRTAM,0.5515309192896571
CRTAP,-0.23774115988394318
CRTC1,0.28103327057266725
CRTC2,0.056478617003492104
CRTC3,0.22457793045724594
CRX,0.06724093539268432
CRY1,-0.02334455245246847
CRY2,0.014298569233137215
CRYAB,0.18428863920623006
CRYBA1,0.9593007931985353
CRYBA2,-0.6681603483384287
CRYBA4,0.337728528663082
CRYBB1,-0.12085417212048766
CRYBB2,0.40492174768025446
CRYBB3,0.814180442181301
CRYBG1,-0.10196705701601783
CRYBG2,0.09473603722831925
CRYBG3,-0.060677407874282885
CRYGA,0.921703380032926
CRYGB,-0.41510034445057375
CRYGC,-1.7367439055229021
CRYGD,-0.23380624056741572
CRYGN,0.23597743300350782
CRYGS,0.07441606558298675
CRYL1,-0.009001887331697489
CRYM,-0.37068442195773654
CRYZ,0.3477482477917295
CRYZL1,0.24575614667154433
CS,0.036705603241853346
CSAD,-0.058155289668113674
CSAG1,-0.5583263731019223
CSDC2,-0.2393260159493722
CSDE1,0.09834540094037525
CSE1L,-0.09482041018281695
CSF1,-0.3056087427392646
CSF1R,0.6107901399668683
CSF2,0.561426918905499
CSF2RB,-0.05934033063768547
CSF3,0.10239312698203484
CSF3R,0.41937511390527316
CSGALNACT1,-0.14883243105454946
CSGALNACT2,0.011435831082577508
CSH1,-0.3288319273077702
CSH2,-1.2502344642703547
CSHL1,-0.018709814758700816
CSK,0.21959757577539207
CSKMT,-0.01298849462939522
CSMD1,0.40944060426058587
CSMD2,-0.3207465613746274
CSMD3,0.142252840804713
CSN1S1,-1.321398189203013
CSN2,-0.08261980311457529
CSN3,-0.2542819565369614
CSNK1A1,0.1387205165954546
CSNK1A1L,-0.628380978084389
CSNK1D,0.11923269195997221
CSNK1E,-0.2483193777714563
CSNK1G1,-0.126151285681388
CSNK1G2,0.046808061002105994
CSNK1G3,0.021835480034840593
CSNK2A1,0.03858691153419702
CSNK2A2,-0.37811931567284685
CSNK2A2IP,-0.7200654134399762
CSNK2A3,-0.310943029200231
CSPG4,-0.8563508765611529
CSPG5,0.1439328838005276
CSPP1,0.13417966880471965
CSRNP1,0.23264755401588744
CSRNP2,-0.11675730252626693
CSRNP3,0.10550781306023582
CSRP1,0.43328236510926854
CSRP2,0.1065636645267185
CSRP3,-0.8004533444997026
CST1,-0.6396942238245307
CST11,-0.3314339534859654
CST2,-0.3295291875520501
CST3,0.2685768370225823
CST4,-0.9260841571573505
CST5,0.43270950341328396
CST6,-0.24907258793565978
CST7,-0.22128336298822493
CST8,-0.47532537635314664
CST9,0.41812013748705423
CST9L,0.2804605185948622
CSTA,-0.1914889246082372
CSTB,0.1612384873403423
CSTF1,-0.07340778988421359
CSTF2,-0.07512470510685354
CSTF2T,0.31493783358279304
CSTF3,0.05306829276119096
CSTL1,0.02440515762890949
CSTPP1,-0.054560574861474365
CT45A1,-0.8618143710537453
CT45A10,-0.020211648582463937
CT47B1,-1.096628882018854
CT47C1,-0.2738022307461694
CT55,-0.9727612896924797
CT83,-1.0244450492695178
CTAG1A,-0.8147791170803136
CTAG2,-0.3366821060248466
CTAGE1,-0.8717735066739261
CTAGE15,-0.5356325257943788
CTAGE6,1.0143159910004225
CTAGE9,-0.4641605247611844
CTBP1,-0.06324075872181867
CTBP2,-0.35414452121514106
CTBS,-0.09374042204231081
CTC1,0.011916619039020304
CTCF,-0.14061839685471433
CTCFL,-0.7555569767454846
CTDNEP1,-0.18116530951846155
CTDSP1,-0.08074962577204658
CTDSP2,-0.09088430291589056
CTDSPL,0.15330255666077708
CTDSPL2,0.017906842046135907
CTF1,-0.13194140236506824
CTH,0.16421454104240052
CTHRC1,-0.13949926391295797
CTIF,0.0793465118771346
CTLA4,0.022387050558078936
CTNNA1,-0.021011393848787918
CTNNA2,0.5311648450222382
CTNNA3,0.08600887753850461
CTNNAL1,0.08092552888391413
CTNNB1,0.8685038197484859
CTNNBIP1,-0.03730046833648881
CTNNBL1,0.056884571342131984
CTNND1,1.2558681997967651
CTNND2,-1.3091196237955953
CTNS,0.060966141327358336
CTPS1,0.024582836857186763
CTPS2,-1.5733224585691101
CTR9,0.16983861642983733
CTRB1,0.22909880463141613
CTRB2,-0.33584074640192463
CTRC,-0.40583577222354195
CTRL,0.0212555763526856
CTSA,-0.14757699629533372
CTSB,0.33769274505364066
CTSC,0.9569553271082067
CTSD,0.14334886748285314
CTSE,-0.36150863083256013
CTSF,-0.0034602284978064723
CTSG,-0.23224711671476195
CTSH,0.6215884438255541
CTSK,-0.42864775063767113
CTSL,-0.1696067293164365
CTSS,0.29033828609621093
CTSV,0.24931288908277383
CTSW,-0.08333720598373251
CTSZ,0.6630132715380569
CTTN,0.17431156712795248
CTTNBP2,0.6094719246898773
CTTNBP2NL,0.15106717005734538
CTU1,-0.05913595914304981
CTU2,-0.019745343188533937
CTXN1,-0.18120640113301434
CTXN2,0.23155950536488135
CTXN3,0.08468233859026941
CTXND1,-0.678734300737727
CTXND2,1.220350654099205
CUBN,-0.7881138307283861
CUEDC1,-0.3559013566610383
CUEDC2,-0.1336997962110935
CUL1,0.04101021951276129
CUL2,0.12327082469391293
CUL3,-0.010219589964057363
CUL4A,-0.018596294400343716
CUL4B,0.1491023814952812
CUL5,-0.15431986569063927
CUL7,0.013239387549557335
CUL9,0.06608616375671694
CUTC,-0.5433060995505554
CUX1,-0.0673832119951232
CUX2,-1.023352050716405
CUZD1,0.06969252389845293
CWC15,-0.05669118168431808
CWC22,0.3263754236843832
CWC27,-0.08494665099160525
CWF19L1,0.14735737534921078
CWF19L2,0.23633732305541688
CWH43,0.46117963506240334
CX3CL1,-0.1808359254280244
CX3CR1,0.18537995031912757
CXADR,0.0005540658281386612
CXCL1,-0.4546301682619375
CXCL10,1.0716824212415155
CXCL11,0.5723182569346634
CXCL12,0.06917587366886968
CXCL13,1.712017355959135
CXCL14,1.595780039498385
CXCL16,-0.3070825201909937
CXCL17,0.001049375114579032
CXCL2,2.4530959638825194
CXCL3,0.47068303562863356
CXCL5,0.10888320389221062
CXCL6,0.5462087220016996
CXCL8,-0.0013295413770262332
CXCL9,0.606063471537708
CXCR1,-0.13285908476245822
CXCR2,-0.13244728462250577
CXCR3,-0.39113617118569177
CXCR4,0.1734217499899069
CXCR5,0.5989299832168374
CXCR6,0.0
CXXC1,-0.01760669370532053
CXXC4,-0.10317692438302517
CXXC5,-0.41296906679113965
CXorf38,0.05266661771426229
CXorf49B,-0.26026307884073985
CXorf58,-0.03676526240639433
CXorf65,0.2293320730885
CXorf66,-0.053319306558508806
CYB561,0.1055337647962884
CYB561A3,0.24360772570927836
CYB561D1,-0.12350532208638043
CYB561D2,0.02348924688816112
CYB5A,0.19420015968787396
CYB5B,0.059369114141096024
CYB5D1,-0.022489022913549483
CYB5D2,0.03962009806175448
CYB5R1,-0.09924554794555362
CYB5R2,0.31486147375068807
CYB5R3,-0.05273985296435685
CYB5R4,0.01662753436833686
CYB5RL,-0.0010278985209879465
CYBA,-0.16726798891440264
CYBB,-0.40852837658585006
CYBC1,-0.18947971894111593
CYBRD1,-0.03798444321046279
CYC1,-0.13536617642840998
CYCS,0.18209788418381656
CYFIP1,0.4641605247611844
CYFIP2,-0.18749954881495956
CYGB,1.0878253295093128
CYLC1,0.7531748295385494
CYLC2,0.7552036760912002
CYLD,0.09966332497772612
CYP11A1,0.11143845951899745
CYP11B1,0.918783804681827
CYP11B2,-1.105511313410346
CYP17A1,0.6108174406036799
CYP19A1,0.23047367653235684
CYP1A1,0.06472283686423363
CYP1A2,-1.1253768443007377
CYP1B1,-0.3434151464827917
CYP20A1,0.028810226285288287
CYP24A1,-0.8434680010893663
CYP26A1,-0.32259336985202314
CYP26B1,-1.204623375246492
CYP26C1,-0.4934776248023861
CYP27A1,0.4032097400723704
CYP27B1,-0.06364526755709976
CYP27C1,0.2898905661944986
CYP2A13,0.5009779049327793
CYP2A6,-0.018932999854069432
CYP2A7,0.47819405056249453
CYP2B6,0.4991656617573613
CYP2C18,-0.14681778911347942
CYP2C19,-0.28749850235463326
CYP2C8,0.9185979617470393
CYP2C9,0.3401579637191492
CYP2E1,-0.001977297706941883
CYP2F1,-1.1317004512173694
CYP2J2,-0.08343056937336657
CYP2R1,-0.04819962448523896
CYP2S1,0.24264371315711353
CYP2U1,-0.23571568628092443
CYP2W1,0.36848642905138607
CYP39A1,-0.010839682024819108
CYP3A4,0.04549107407123054
CYP3A43,0.5404415221141265
CYP3A5,-0.05134913343517687
CYP3A7,-1.15129208984511
CYP3A7-CYP3A51P,-1.1892708945985706
CYP46A1,-0.12659732355288966
CYP4A11,-0.5251750775619487
CYP4A22,0.3810948359729336
CYP4B1,1.057670690288674
CYP4F11,0.4912075174493695
CYP4F12,0.10630805156641276
CYP4F2,0.6974648310544833
CYP4F22,0.5380498456233667
CYP4F3,-0.8997624903116996
CYP4F8,-0.2355734837031523
CYP4V2,0.025927607152945065
CYP4X1,0.05798253642963658
CYP4Z1,0.43833323558277204
CYP51A1,0.009115516285358005
CYP7A1,-0.2759547846492243
CYP7B1,0.7065104615952188
CYP8B1,0.0009654001187765493
CYREN,-0.08558923719471423
CYRIA,0.04831914727664999
CYRIB,0.3222989764724593
CYS1,0.17585140044011882
CYSLTR1,-0.9402924814424479
CYSLTR2,0.30035174070876103
CYSRT1,-0.30430734341019994
CYSTM1,-0.0645530809528081
CYTH1,-0.21605690618967177
CYTH2,-0.05023533927105994
CYTH3,0.09514682574181332
CYTH4,-0.20828360043992938
CYTIP,-0.25679810752718407
CYTL1,0.1780769871918264
CYYR1,-0.766458330654765
CZIB,0.2656925200780744
D2HGDH,-0.22019497295883284
DAAM1,-0.1292058541446579
DAAM2,-0.41173543035501936
DAB1,0.11551789866791395
DAB2,0.44409240709881986
DAB2IP,0.6522572676906866
DACH1,0.20476209068386098
DACH2,-0.6064917261315173
DACT1,0.354834428674338
DACT2,0.09909728813663055
DACT3,0.06544159914242886
DAD1,0.1590397047732024
DAG1,-0.06163597105167273
DAGLA,0.04608262297168597
DAGLB,0.17473543702674643
DALRD3,-0.07748201991360393
DAND5,-0.04430380387147892
DAO,-0.04148275042342542
DAOA,-0.11925528559466558
DAP,-0.178173564469561
DAP3,-0.253095348246303
DAPK1,0.13004771024538125
DAPK2,0.187091664873835
DAPK3,-0.13928273581419592
DAPL1,0.7553568006978069
DAPP1,0.12952194540675555
DARS1,0.09461179465923131
DARS2,0.0862877546810541
DAW1,0.6838330422157463
DAZAP1,-0.07526943135281083
DAZAP2,0.07957305931993908
DAZL,1.2177746572834651
DBF4,-0.09601261536021433
DBF4B,-0.10586157662762208
DBH,0.21143477882900108
DBI,0.011586691554836825
DBN1,0.19713478101811344
DBNDD1,0.23361296232695006
DBNDD2,0.14980609070075923
DBNL,-0.04965099194896894
DBP,0.011403471535039067
DBR1,-0.014782365073992665
DBT,0.1511503720762173
DBX1,-0.7711939369811002
DBX2,0.91758644958044
DCAF1,-0.09722907621097487
DCAF10,0.07814222734479959
DCAF11,0.03479247365868954
DCAF12,0.21211101534020926
DCAF12L1,-0.10533375259310129
DCAF12L2,0.09284687185355023
DCAF13,-0.06558293512735336
DCAF15,0.00922757968405108
DCAF16,0.06798516540033273
DCAF17,-0.04179676160640522
DCAF4,0.12750243483425017
DCAF4L1,-0.13076406450695444
DCAF4L2,-0.7737810405172012
DCAF5,0.1140724959288697
DCAF6,-0.06734367669066543
DCAF7,-0.04612562225317074
DCAF8,0.1630575844337825
DCAF8L1,-0.1490895338079692
DCAF8L2,0.9444155343540048
DCAKD,-0.023539637323978013
DCANP1,-0.7528649874993731
DCBLD1,0.24605055625882155
DCBLD2,-0.18904986102739318
DCC,0.48478074179751784
DCD,0.16125263962005268
DCDC1,0.030323337659536875
DCDC2,-0.1708085546788789
DCDC2B,0.24181192734965107
DCDC2C,-0.3601589382155973
DCHS1,0.25164275414981474
DCHS2,-0.2753386426933795
DCK,-0.007131519580458434
DCLK1,-0.4795262266325278
DCLK2,-0.28732244681427277
DCLK3,-0.3205499106239835
DCLRE1A,0.16568467754076455
DCLRE1B,0.11722572402598885
DCLRE1C,0.08053428109631167
DCN,-0.4699271244650176
DCP1A,0.0396101056999445
DCP1B,0.034794558808217246
DCP2,-0.11398142578691672
DCPS,-0.01699918389421118
DCST1,0.07833803008652429
DCST2,0.05228557516251742
DCSTAMP,0.398977515248855
DCT,-0.028896665589024262
DCTD,-0.021258553322275997
DCTN1,-0.1868050497656606
DCTN2,0.022548501190057912
DCTN3,-0.12454545523138849
DCTN4,0.0164176756661103
DCTN5,0.05117185186713691
DCTN6,0.3147702083750943
DCTPP1,-0.16373290048803035
DCUN1D1,0.33881769620839863
DCUN1D2,0.10959112437911145
DCUN1D3,0.028933105819613836
DCUN1D4,0.08693147440727333
DCUN1D5,0.0783774536471924
DCX,0.9395359180660094
DCXR,-0.05774733586302716
DDA1,-0.0374950162737715
DDAH1,-0.2129018077889122
DDB1,-0.33746074572197926
DDB2,-0.14760800347600878
DDC,-0.02676287011142381
DDHD1,0.12564668689238268
DDHD2,-0.22976368929470364
DDI1,0.1122875441418218
DDI2,-0.025643652547833184
DDIAS,0.08588786512128532
DDIT3,0.06305164653312545
DDIT4,0.03743856378789889
DDIT4L,0.8431784018252276
DDN,-0.31870563490165393
DDO,0.5770058407445556
DDOST,-0.05249528286575611
DDR2,1.6754365120308519
DDRGK1,-0.1401514616300794
DDX1,0.25526629449093097
DDX10,0.012294509345608162
DDX11,-0.13517726767482685
DDX17,-0.11253692029923501
DDX18,0.08242915408483142
DDX19A,0.039293642258515504
DDX19B,-0.1235522223930472
DDX20,0.16928813164435486
DDX21,0.062195981908920395
DDX23,-0.031984628287846206
DDX25,0.13716410586938554
DDX27,0.05948095919352614
DDX28,-0.0035332771180485167
DDX31,0.302540644760648
DDX39A,0.13128510034216312
DDX3X,0.009365491230738598
DDX4,-0.4848315359434805
DDX41,0.02184480808466649
DDX42,0.0006365670145163094
DDX43,0.1644609509886663
DDX46,-0.03419440131075113
DDX47,0.20695180199423913
DDX49,0.12235666576728033
DDX5,-0.21891846925165392
DDX50,-0.03989901178941846
DDX51,0.17932082268042304
DDX52,-0.6324681964167782
DDX53,-0.6859992927807349
DDX54,-0.10426150670203782
DDX55,-0.06930609131576304
DDX56,0.020745827302034225
DDX59,-0.07123979793864166
DDX6,0.09704522512572744
DDX60,-0.14793714723106
DDX60L,-0.07191538307589007
DEAF1,-0.5678942607160058
DECR1,0.044508488221608467
DECR2,-0.5679764222561413
DEDD,-0.060633538183235025
DEDD2,0.14060783551673417
DEF6,-0.30124886469099543
DEF8,0.1989921593763837
DEFA1,0.2910431513300158
DEFA1B,0.0
DEFA3,0.4355128376749844
DEFA4,-0.3882132910517871
DEFA5,0.3263991859004709
DEFA6,1.1524364575232233
DEFB1,0.3558806574623218
DEFB104B,-0.8267938400182886
DEFB108B,-0.4603247028231445
DEFB110,0.9449081859063742
DEFB112,0.9830436447501061
DEFB113,-0.2759547846492243
DEFB114,2.0788092548797614
DEFB115,0.4760973082018094
DEFB116,0.1995762946284786
DEFB118,-0.43747947829436606
DEFB119,-0.4324269436404734
DEFB121,0.5580343049098615
DEFB123,0.4864002681171409
DEFB124,-0.23849213832755267
DEFB125,1.0663520818949352
DEFB126,0.18471768374936115
DEFB127,-0.5101458335117499
DEFB128,-0.8334223691071194
DEFB129,0.4677440792937152
DEFB131A,0.8550291699157013
DEFB131B,-0.40525274924126453
DEFB132,0.3453631070595081
DEFB134,-0.21499904143570692
DEFB135,-0.14082110941632187
DEFB136,-1.0943977256917683
DEFB4A,-0.21377352702029428
DEFB4B,-0.4641605247611844
DEGS1,-0.3503207520989563
DEGS2,0.05974413175267701
DEK,-0.06665672952589397
DELE1,-0.08439315684008086
DENND10,0.19813741732451806
DENND11,-0.9484590377094912
DENND1A,0.1408949808635369
DENND1B,0.19710111103297656
DENND1C,-0.5185516341907066
DENND2A,-0.1144347966907886
DENND2B,0.1134781717105362
DENND2C,0.79717414402321
DENND2D,-0.15670483506682498
DENND3,0.21339875148531173
DENND4A,-0.10969336131070762
DENND4B,-0.13344026467612657
DENND4C,-0.14798691554664067
DENND5A,0.4945625424382114
DENND5B,0.0023534272499703413
DENND6A,0.12235312730641823
DENND6B,0.06519521554903651
DENR,0.10025707620587365
DEPDC1,-0.1520909841289435
DEPDC1B,0.12342958590699826
DEPDC4,0.04803125874962699
DEPDC5,-0.0948355838406929
DEPDC7,0.42275075940533413
DEPP1,-0.31606040017074966
DEPTOR,-0.05142199592654251
DERA,0.24009762132712753
DERL1,0.16883195210576574
DERL2,0.04700339514430674
DERPC,0.0350719323404487
DES,0.40704475478465074
DESI1,-0.07123395927565568
DESI2,-0.06014581885092429
DET1,-0.08548245055719228
DEUP1,-0.004791586373030787
DEXI,-0.05843965106616178
DFFA,0.17761625447402896
DFFB,-0.015376036968993034
DGAT1,0.006595837281229144
DGAT2,0.4605011834213969
DGAT2L6,-0.5600134138939765
DGCR2,-0.08160826672007104
DGCR6L,0.07921690092475675
DGCR8,0.04011023594060159
DGKA,0.0016250626301355098
DGKB,0.1274029893444677
DGKD,0.07786496126248688
DGKE,-0.08008744125384659
DGKG,-0.0034224274337366634
DGKH,0.03093070973156209
DGKI,0.024789437866868838
DGKK,-0.594279413311561
DGKQ,0.26060709197733
DGKZ,0.10013553028970801
DGLUCY,-0.013618405928246702
DGUOK,-0.11459293834703388
DHCR24,0.023906472317718475
DHCR7,0.06891375493956886
DHDDS,0.06810643126162574
DHDH,0.22780888013984502
DHFR,-0.15004849635461515
DHFR2,-0.014806539892786574
DHH,-0.21270053849950998
DHODH,0.07692521073765146
DHPS,0.08176752603969106
DHRS1,0.11638302127153644
DHRS12,-0.25483594992913705
DHRS13,-0.027473277438174293
DHRS2,-0.24758899297089265
DHRS3,0.11711964559023347
DHRS4,-0.16854324168346313
DHRS4L2,0.3243166058225029
DHRS7,0.02939200516252738
DHRS7B,0.13893216778137346
DHRS7C,0.8714271686174351
DHRS9,-0.054849803139150666
DHTKD1,-0.04983223622187438
DHX15,0.12632659355683185
DHX29,0.2066922961738804
DHX30,-0.03954337509133321
DHX32,0.22530384084936816
DHX33,-0.06713240235058482
DHX34,-0.08032324132800461
DHX35,0.08941090476903213
DHX36,0.1601054493455596
DHX37,-0.19600551842629965
DHX38,0.04909459675759287
DHX40,-0.18244713694402082
DHX57,0.13061560024804297
DHX58,-0.14731323499684823
DHX8,0.08994865192315338
DHX9,-0.03695565538443901
DIABLO,-0.014102044953984816
DIAPH1,-0.02696002573044254
DIAPH2,-0.09533229588258862
DIAPH3,0.06920168097875212
DICER1,0.041830997221983246
DIDO1,-0.06535889349667734
DIMT1,-0.17197030827862836
DIO1,0.47764816136397537
DIO2,0.26757098534500945
DIO3,-0.27737715126384993
DIP2A,0.19712668019766166
DIP2B,-0.033154000705546416
DIP2C,0.17068660594811547
DIPK1A,0.01582288119367181
DIPK1B,0.0521836080394138
DIPK1C,-0.0990384795936441
DIPK2A,-0.08628559467323704
DIPK2B,-0.5149208629304365
DIRAS1,0.08427036079622474
DIRAS2,-0.3547274402940861
DIRAS3,0.05542899112282895
DIS3,-0.03727156204254101
DIS3L,-0.037008967250113045
DIS3L2,-0.1976720721340186
DISC1,-0.22661845038297201
DISP1,-0.049483660301838484
DISP2,0.02934758493723333
DISP3,0.0307449418301724
DIXDC1,-0.09117155895699636
DKC1,-0.072683547679115
DKK1,-0.3154601791847651
DKK2,1.7787695852143999
DKK3,-0.11661939688908685
DKK4,-0.1519247202207163
DKKL1,-0.3930609110808836
DLAT,0.14458529218417215
DLC1,0.4691586474867856
DLD,0.2724047036293378
DLEC1,0.02945181661691887
DLEU7,-1.2023277588592756
DLG1,0.01689253379132616
DLG2,0.18231060174448732
DLG3,-0.4917440381867655
DLG4,0.10683412488034083
DLGAP1,-1.136312085879824
DLGAP3,0.2901074757633426
DLGAP4,0.36125328289890324
DLGAP5,-0.0480979098168568
DLK1,-0.01930011592800196
DLK2,0.12881502344077989
DLL3,-0.1089512134552697
DLL4,0.2513013231471857
DLST,0.12424645372289689
DLX1,0.11607198364175986
DLX2,0.05637292096426183
DLX3,0.22827430351605393
DLX4,-0.1780326811433639
DLX5,0.2818755493520604
DLX6,-0.02760867523835442
DMAC1,-0.7604125809005404
DMAC2,0.13749100701884576
DMAC2L,0.021992945675023634
DMAP1,0.13760700922681135
DMBT1,-0.2968002374777249
DMBX1,0.07201187074011939
DMC1,-0.14036331135908853
DMD,-0.3542840382045951
DMGDH,-0.19719982689482052
DMKN,0.04463303848989364
DMP1,1.3592383010762574
DMPK,-0.10033307468665464
DMRT1,-0.3951052279437304
DMRT2,0.14619407049774802
DMRT3,-1.2389849213832824
DMRTA2,-0.057163393357515524
DMRTB1,0.2858781453791236
DMRTC1,0.037159549083304544
DMRTC1B,0.4307139897168235
DMRTC2,0.771311097789227
DMTF1,0.033753740006562616
DMTN,-0.35347046711384733
DMWD,0.005355952177467316
DMXL1,-0.2972218358296923
DMXL2,-0.04882657672889046
DNA2,-0.20251499290126151
DNAAF1,-0.5642824751562836
DNAAF10,-0.03172019848590679
DNAAF11,-0.04093043403082408
DNAAF2,-0.010426673542916376
DNAAF3,0.07933211439011068
DNAAF4,-0.7607801228971015
DNAAF5,0.023856825286008743
DNAAF6,0.35692932910327135
DNAAF8,0.016506802046523994
DNAAF9,-0.25378159861430394
DNAH1,-0.12958948889829225
DNAH10,0.16180323970145327
DNAH11,-0.3925665086029301
DNAH12,0.17843582630861288
DNAH14,-0.6755769304061345
DNAH17,-0.6090928887522815
DNAH2,0.23866480344684637
DNAH3,-0.25124174407070177
DNAH5,1.0106216637844894
DNAH6,0.3456349842770341
DNAH7,-0.19286205643307675
DNAH8,0.04245007834155978
DNAH9,-0.9114537692310872
DNAI1,0.3241693819235554
DNAI2,-0.10885030709106114
DNAI3,0.2796428554881989
DNAI4,0.06190736227135307
DNAI7,0.18220617708652664
DNAJA1,0.035978305649415177
DNAJA2,0.013866570671142497
DNAJA4,0.12779791511748018
DNAJB1,0.5342054399652418
DNAJB11,0.16592808374071577
DNAJB12,0.014822447944572659
DNAJB13,0.0066090359077890515
DNAJB14,-0.3336720822435266
DNAJB2,-0.10753287483081131
DNAJB4,0.10417804688811305
DNAJB5,0.09392634262325128
DNAJB6,-0.7704413296390499
DNAJB7,-0.17209425879161316
DNAJB8,0.6415119284051467
DNAJB9,0.14089776723274738
DNAJC1,-0.14443799383003864
DNAJC10,0.1361147452274878
DNAJC11,-0.16007970378759762
DNAJC12,-0.19137538909976248
DNAJC13,0.04955576155263142
DNAJC14,-0.07121493201507878
DNAJC15,-0.0725974789569257
DNAJC16,0.14153947130505617
DNAJC17,0.017043913509580122
DNAJC18,0.0020512884173623513
DNAJC19,0.08141584891941456
DNAJC2,0.06534477278220407
DNAJC21,-0.04343942705438231
DNAJC22,0.3362366379271724
DNAJC24,0.03195118473423797
DNAJC25,-0.28468945090454767
DNAJC25-GNG10,-0.28745581279680454
DNAJC27,-0.01765291381681955
DNAJC3,-0.10968255309788155
DNAJC30,0.06877465045047604
DNAJC4,0.06678148099232661
DNAJC5,0.06517098654969544
DNAJC5B,-0.3600384959154508
DNAJC5G,0.3948925871624579
DNAJC6,0.9852283568064002
DNAJC7,-0.0602141955176585
DNAJC8,-0.17342517470053753
DNAJC9,-0.08361380587857425
DNAL1,0.0046399729966575265
DNAL4,0.1889060062822132
DNALI1,0.8385141645441055
DNASE1,0.07731784218502291
DNASE1L1,-0.13391313430188845
DNASE1L2,-0.30391838691244333
DNASE1L3,0.03452204756713839
DNASE2,0.07245724964227485
DNASE2B,0.9666758018800574
DND1,-0.020670523737045032
DNER,0.34974064707062746
DNHD1,-0.35925947397048463
DNLZ,-0.0912059225252353
DNM1,-0.14379446136115304
DNM1L,0.05408294946527281
DNM2,0.022941374181834284
DNM3,0.942986409473668
DNMBP,0.035394898254527796
DNMT1,-0.39563350618792814
DNMT3A,-0.25848615640368333
DNMT3B,-0.14311362209087353
DNMT3L,0.13428821480440178
DNPEP,0.6797851495009186
DNPH1,-0.003211545623750922
DNTT,-0.5903410758141807
DNTTIP1,0.06569168750976484
DNTTIP2,0.30243077134448093
DOC2A,-0.39985823056477887
DOC2B,-0.8147791170803136
DOCK1,-0.670774925288874
DOCK10,-0.06412831565463151
DOCK11,-0.15649872523531183
DOCK2,-0.29831846779956805
DOCK3,0.1803420125067574
DOCK4,0.12351319958925622
DOCK5,0.2082254300937807
DOCK6,-0.15406997554268967
DOCK7,0.06908129998190926
DOCK8,0.18085299255024162
DOCK9,0.005545190974056702
DOHH,0.01412610915811019
DOK1,0.29722597627390435
DOK2,0.3291914383465757
DOK3,-0.2840657665659414
DOK4,-0.17890207128141578
DOK5,0.5012629950508373
DOK6,-1.9233605446727267
DOK7,0.2043065978674593
DOLK,0.013839426628946327
DOLPP1,-0.007858043453873975
DONSON,-0.10539679053279816
DOP1A,0.13973451681999016
DOP1B,-0.0707022148119405
DOT1L,0.012594579932658334
DPAGT1,-0.11428639175367028
DPCD,-0.09459524271494857
DPEP1,0.08488208621319071
DPEP2,0.2384315009854956
DPEP2NB,-0.05209871154330631
DPEP3,-0.08725557863247521
DPF1,0.371195549206611
DPF2,0.25932864817424406
DPF3,0.024322859700181
DPH1,0.01818878571318372
DPH2,0.018548220125433446
DPH3,0.1643788564906803
DPH5,-0.0996368291807812
DPH6,-0.16365863402405711
DPH7,0.11982489837837207
DPM1,0.12190334967809324
DPM2,-0.05637263620972455
DPM3,0.048426292286674055
DPP10,0.03236359970193892
DPP3,0.047304846521622146
DPP4,-0.007371110329775554
DPP6,0.6378889597187078
DPP7,-0.05423329682279765
DPP8,-0.02461690770000402
DPP9,0.03814278882608679
DPPA2,-0.6022380193746489
DPPA3,1.2612511574621679
DPPA4,0.7647858517451358
DPPA5,-0.8165594916060435
DPRX,1.2075501212144562
DPT,-0.216087281584707
DPY19L1,0.11365419480340222
DPY19L2,-0.22850294807074878
DPY19L3,0.06706677506259151
DPY19L4,0.0063471996056767566
DPY30,-0.1872799299896304
DPYD,0.6905982939878613
DPYS,-0.9150964010742918
DPYSL2,0.001100143958642441
DPYSL3,-0.8286025604715609
DPYSL4,-0.6198794906054621
DPYSL5,-0.01607807963235741
DQX1,-0.5510816434730628
DR1,0.03411315855792019
DRAM1,0.24678190341641137
DRAM2,-0.014305420036559546
DRAP1,0.2800407154707365
DRAXIN,0.49798353067378365
DRC1,0.22900137961501277
DRC12,-0.18819175121555665
DRC3,0.08116259740272813
DRC7,0.0011769829415295696
DRD1,-0.3571088621128047
DRD2,-0.7041983665883229
DRD3,-1.6913755493268676
DRD5,-0.25626312297453435
DRG1,-0.13458807552740115
DRG2,-0.10905189540829774
DRGX,-0.7193764768894897
DRICH1,0.2564704872689403
DROSHA,0.07884685886005371
DRP2,0.31446481186502034
DSC1,0.9516211410932484
DSC2,-0.02931491209280196
DSC3,0.7691717456434323
DSCAM,0.679875396446509
DSCAML1,0.4705336088830787
DSCC1,-0.22937284983533646
DSE,0.029009206000360166
DSG1,-0.4412136858240938
DSG2,-0.26204011127600335
DSG3,-0.16147278096455386
DSG4,-0.12013460737198689
DSN1,0.04950128639881779
DSP,0.06293486954325056
DSPP,-0.24199853217553935
DST,-0.045809928603635974
DSTN,-0.11555673046905479
DSTYK,0.03629959713813058
DTD1,-0.021463598072835044
DTD2,-0.05252969522647977
DTHD1,0.3949096623481112
DTL,0.1141819837739817
DTNA,0.953205445124555
DTNB,0.010293203929493622
DTNBP1,-0.030718435928622334
DTWD1,-0.1605928525466327
DTWD2,0.15645454165695316
DTX1,0.0570987691918865
DTX2,-1.0409525256487546
DTX3,0.08074739934432507
DTX3L,-0.09262823351071336
DTX4,0.007912523145245487
DTYMK,-0.1651519907890444
DUOX1,0.32903622381111247
DUOX2,0.23720689327605626
DUOXA1,0.3321192625502959
DUOXA2,0.1966544813418083
DUS1L,-0.550470247667687
DUS2,0.23431003647850313
DUS3L,-0.10256068118034456
DUS4L,0.03187191642543219
DUS4L-BCAP29,0.060778658547554265
DUSP1,0.10628715920372667
DUSP10,0.21913784393361713
DUSP11,0.08405817246746317
DUSP12,-0.09677126812169679
DUSP13A,-0.4468101758523728
DUSP13B,-0.460794852856818
DUSP15,0.17878567759283692
DUSP16,0.04205557770565704
DUSP18,0.16826694701951617
DUSP19,1.0720652717433028
DUSP2,-0.04631722556846096
DUSP21,1.6760759197483346
DUSP22,0.074997488737373
DUSP23,0.21013364900107812
DUSP26,0.8739766947843755
DUSP28,-0.09167228146959339
DUSP29,0.2868290467113557
DUSP3,0.07988171254539811
DUSP4,0.1410689570996544
DUSP5,0.15549822707606076
DUSP6,-0.04797247332691157
DUSP7,-0.009627887837589277
DUSP9,0.1235326334542961
DUT,0.013170580378478292
DUXA,1.0554351005941016
DUXB,-0.7055477708186468
DVL1,-0.12905864850405813
DVL2,0.043133146351549634
DVL3,-0.04608262297168597
DYDC1,-0.7025269853236491
DYDC2,0.18225601115326434
DYM,-0.24357582013762702
DYNAP,-0.6177633472546447
DYNC1H1,0.2075213554578239
DYNC1I1,-0.02237328689907825
DYNC1I2,0.19608660714171133
DYNC1LI1,-0.09649265469632518
DYNC1LI2,-0.038179390130588686
DYNC2H1,-0.1316572234511595
DYNC2I1,0.17073705713731346
DYNC2I2,-0.15334461431221325
DYNC2LI1,-0.09306071973644814
DYNLL1,0.05978481767129651
DYNLL2,0.022598557918939832
DYNLRB1,0.18449141369267075
DYNLRB2,-0.8552489516263944
DYNLT1,-0.15910498594862865
DYNLT2B,-0.18161367901798275
DYNLT3,-0.05338689410827735
DYNLT4,-0.05293712844208498
DYNLT5,0.030803760856134704
DYRK1A,-0.46913007284031005
DYRK1B,-0.42331012544137225
DYRK2,0.06832691225934884
DYRK3,0.0730802386783358
DYRK4,-0.9918426264054881
DYSF,-0.16289203862979962
DYTN,0.0
DZANK1,-0.00971448277499487
DZIP1,-0.22507019181598187
DZIP1L,-0.024827649768370375
DZIP3,-0.07094894112983852
E2F1,0.022023842062528054
E2F2,-0.08340098971087695
E2F3,-0.04736668869287364
E2F4,-0.08914910946241505
E2F5,0.1743371004843528
E2F6,0.1420848592038233
E2F7,-0.14569182154431104
E2F8,-0.008841208493985953
E4F1,-0.030421478350099562
EAF1,-0.073679826994419
EAF2,-0.05401338312872728
EAPP,-0.13935912260593764
EARS2,-0.07248271966968645
EBAG9,-0.015503810576101174
EBF1,0.02190498468067048
EBF2,-0.01665993359868434
EBF3,0.3804945041660432
EBF4,0.005647324938551357
EBI3,-0.23292046656247406
EBLN1,0.014254379130962613
EBLN2,0.09366730013439839
EBNA1BP2,0.7390361193154429
EBP,-0.06558271219609146
EBPL,0.023450867504265283
ECD,-0.20358392825513416
ECE1,-0.027997619035489585
ECE2,0.0017690989710092975
ECEL1,-0.1364345620518148
ECH1,-0.02684205971996345
ECHDC1,-0.06703884580703523
ECHDC2,-0.11985278098043839
ECHDC3,1.264712063121015
ECHS1,0.12974493224986716
ECI1,-0.4366417106717002
ECI2,-0.006801868009438827
ECM1,0.6420729724527698
ECM2,-0.5248719898924272
ECPAS,-0.33707424991246926
ECRG4,-0.48690592910392194
ECSCR,-0.21302749564910597
ECSIT,-0.1707203008421745
ECT2,0.10212686804530868
ECT2L,-0.08306968023532746
EDA,-0.2270948873731955
EDA2R,0.41441416457803193
EDAR,0.7224629909196629
EDARADD,0.43808974039837867
EDC3,-0.06333091543522062
EDC4,0.12887384623765996
EDDM13,-0.03244818937171556
EDDM3A,1.0225788671716751
EDDM3B,-0.3417475983987815
EDEM1,-0.1404051278663001
EDEM2,0.006543312753260366
EDEM3,0.0485064335461356
EDF1,0.1162547300093113
EDIL3,-0.2808308206842859
EDN1,0.14164371310631862
EDN2,0.13723702351783018
EDN3,-0.739104529029168
EDNRA,-0.21832090939223425
EDNRB,-0.39995126251671226
EDRF1,-0.04107301938881225
EEA1,-0.08255792392030958
EED,0.99516567769288
EEF1A1,0.4364719127357919
EEF1A2,-0.05260931243002265
EEF1AKMT1,-0.01301517255782425
EEF1AKMT2,0.020280155650898912
EEF1AKMT3,-0.13915790932196614
EEF1AKMT4,-0.006079822254614342
EEF1AKMT4-ECE2,-0.007025744212945995
EEF1B2,0.014502846251065904
EEF1E1,-0.04831870938165572
EEF1E1-BLOC1S5,-0.050224029663028524
EEF1G,0.08872177042179175
EEF2,0.17449086132076186
EEF2K,0.03022444389223722
EEF2KMT,-0.32891554120381183
EEFSEC,-0.06583386370436539
EEIG1,0.15647668051428898
EEIG2,-0.02221540434565661
EEPD1,0.05378729124174608
EFCAB10,-0.551799145037404
EFCAB11,0.17980996361234602
EFCAB12,-0.37922966809930986
EFCAB13,0.14847874749531442
EFCAB14,-0.11422816755235132
EFCAB2,-0.13114124395342142
EFCAB3,0.44995086547125207
EFCAB5,0.04211550751444548
EFCAB6,0.27173034275050867
EFCAB7,-0.11810078421237691
EFCAB8,-0.2562934608593408
EFCAB9,-0.06018293487524304
EFCC1,0.1699930754728507
EFEMP1,0.5486297146350887
EFEMP2,-0.025308584639778253
EFHB,-0.025882070100401222
EFHC1,0.07090241955108478
EFHC2,0.14053049784386396
EFHD1,0.17599113343888462
EFHD2,-0.021299728177363697
EFL1,-0.24067582888203898
EFNA1,0.1716175473789754
EFNA2,-0.11533808517895627
EFNA3,-0.1327647551969502
EFNA4,-0.06973111823067502
EFNA4-EFNA3,-0.0656350330376938
EFNA5,-0.30155351014301734
EFNB1,0.02315085732330857
EFNB2,-0.2212318899271768
EFNB3,-0.12237706804465365
EFR3A,0.17854391891182697
EFR3B,-0.029912293040337268
EFS,0.06949332910509087
EFTUD2,0.1930184728358686
EGF,0.3081587001443038
EGFL6,0.48627707231262607
EGFL7,-0.08872782788151667
EGFLAM,-0.4986976989624652
EGFR,-0.4943117152249307
EGLN1,-0.1529667636404275
EGLN2,-0.027065912182638208
EGLN3,0.22225488082488232
EGR1,0.25330804517878214
EGR2,-0.010567127632274964
EGR3,0.38264158759467914
EGR4,-0.15174181436668066
EHBP1,0.20616900739280525
EHBP1L1,0.1946790520419608
EHD1,-0.1301551954197464
EHD2,-0.21286833756648726
EHD3,0.09830968454047806
EHD4,-0.07215396617536474
EHF,-0.572575331748331
EHHADH,0.37705621262502437
EHMT1,0.10031759724723344
EI24,-0.09040392943693565
EID1,-0.08262199242968205
EID2,0.27035137681771815
EID2B,-0.037744983822546097
EID3,1.0412584612657176
EIF1,-0.006416659533726055
EIF1AD,0.215375183546632
EIF1AX,0.0073224312475614894
EIF1B,0.10218850499628296
EIF2A,0.043047624141012264
EIF2AK1,-0.032732078518391106
EIF2AK2,-0.4221747727222209
EIF2AK3,0.06778384401576609
EIF2AK4,-0.2432115012073126
EIF2B1,-0.04374692182720619
EIF2B2,-0.11231267749640939
EIF2B3,-0.025013710613587037
EIF2B4,0.01966221340601315
EIF2B5,0.08484553353402369
EIF2D,-0.01725103126299299
EIF2S1,-0.1293966513571485
EIF2S2,-0.051611137712481714
EIF2S3,0.02378127449812073
EIF2S3B,1.769736509106311
EIF3A,-0.092576483473497
EIF3B,-0.10821221754795918
EIF3C,0.8147791170803136
EIF3CL,-0.5049899726476406
EIF3D,0.04153967652817947
EIF3E,0.08357262017289546
EIF3G,-0.08582043976726528
EIF3H,0.12331094194054781
EIF3I,0.15342832876875345
EIF3J,-0.05362562004702909
EIF3K,-0.013592959184275166
EIF3L,-0.07620407567122367
EIF3M,0.10745068787458312
EIF4A1,0.14496628960482383
EIF4A2,-0.06262863534418806
EIF4A3,0.055641299685342815
EIF4B,-0.0239588318701891
EIF4E,0.09536308211509148
EIF4E1B,-0.35834828677949004
EIF4E2,0.03478225351372011
EIF4E3,0.2454365518531616
EIF4EBP1,-0.2399691458158122
EIF4EBP2,0.003968689798245606
EIF4EBP3,-0.1712916946193248
EIF4ENIF1,0.11870663419040817
EIF4G1,-0.19500540117511278
EIF4G2,0.06986328173254375
EIF4G3,-0.021261527550794135
EIF4H,-0.11122983740988257
EIF5,0.012107362851996761
EIF5A,0.04723150474172311
EIF5A2,0.23291505265334278
EIF5AL1,1.0966283673279387
EIF5B,0.2053941325037476
EIF6,-0.018025641433223605
EIPR1,-0.05053067996443783
ELAC1,-0.25419868880856367
ELAC2,0.09685625075492421
ELANE,0.3506185923191292
ELAPOR1,0.107576393926335
ELAPOR2,0.24148275176660583
ELAVL1,-0.08731225796173936
ELAVL2,0.7978495853409511
ELAVL3,-0.2427600882639802
ELAVL4,-1.01238501492243
ELF1,0.06520303894029755
ELF2,-0.06909373165543897
ELF3,0.23166236862932998
ELF4,-0.39787051243740335
ELF5,0.0841050339513971
ELFN1,0.24651479306406102
ELFN2,-0.5625679007061666
ELK1,0.03327668835678654
ELK3,0.1179580038558874
ELK4,0.029367774837184335
ELL,0.0785432439509508
ELL2,0.032356151307118886
ELL3,-0.25147089065410544
ELMO1,0.00898530009204368
ELMO2,1.1865263134196051
ELMO3,0.39086761555635885
ELMOD1,0.30450083413076534
ELMOD2,0.1915429219092033
ELMOD3,0.09688526000624531
ELN,-0.20111576079351012
ELOA,0.008467034139044927
ELOA2,-0.20988818449094357
ELOB,0.02405979713770634
ELOC,0.042407920292451884
ELOF1,-0.12560673308869497
ELOVL1,-0.0702588859599178
ELOVL2,-0.04716773201357993
ELOVL3,-0.006248404697886567
ELOVL4,-0.12582784180625595
ELOVL5,-0.02586911671373482
ELOVL6,-0.013001996963371454
ELOVL7,-0.18178618387328527
ELP1,-0.008803919659590598
ELP2,0.066999772323312
ELP3,0.5450302804854971
ELP4,0.22919815460938242
ELP5,-0.11017660771091631
ELP6,-0.0515400461640656
ELSPBP1,-0.28090538334965154
EMB,0.555283301532191
EMC1,0.21383996355593826
EMC10,-0.05391384432209012
EMC2,0.0834617728763174
EMC3,-0.12113248894939388
EMC4,0.03581864268999002
EMC6,-0.06464708584914813
EMC7,-0.06855300431387867
EMC8,-0.2761934396256178
EMC9,0.0
EMCN,0.3922758577780935
EMD,-0.1027170491335676
EME1,-0.08276950133864514
EME2,0.022363169645160497
EMG1,-0.05778265749365108
EMID1,-0.36163082610579744
EMILIN1,0.026524254612637632
EMILIN2,0.1408821570083827
EMILIN3,0.08118525534808968
EML1,0.14477546112909645
EML2,-0.24488940610059284
EML3,-0.10245712297465559
EML4,-0.25162958562158755
EML5,0.0649453279607215
EML6,-0.20297969512464142
EMP1,-0.27297037556767356
EMP2,0.5775155965149434
EMP3,0.014786988861911432
EMSY,0.11533760124096659
EMX1,0.09344401600507268
EMX2,0.8260234975285119
EN1,0.9898611321048454
EN2,-1.8867110431224743
ENAH,-0.10069251553317127
ENAM,-0.9367817419441957
ENC1,-0.10329034429880579
ENDOD1,-0.06441943127364258
ENDOG,0.1476255233719641
ENDOU,-0.24927923922712297
ENDOV,0.135142454994849
ENG,-0.23507815401734194
ENGASE,0.1552054832099703
ENHO,-0.021681337353410157
ENKD1,-0.17863305430843734
ENKUR,0.8323368322973398
ENO1,-0.0119398935908972
ENO2,-0.3172875198010843
ENO3,-0.15272264350145814
ENO4,0.18195980865323325
ENOPH1,-0.0038498733582255085
ENOSF1,-0.26270604398097497
ENOX1,-0.18811844497594254
ENOX2,0.1103243027357248
ENPEP,1.4949548790136438
ENPP1,0.12989564785747865
ENPP2,-0.17394530473111997
ENPP3,0.20868962570484317
ENPP4,0.052051390937949193
ENPP5,-0.5584102796850163
ENPP6,0.17383930403040704
ENPP7,0.026821650826578614
ENSA,0.16539676203012998
ENTHD1,-0.41089329314365197
ENTPD1,0.08661451434822753
ENTPD2,-0.9210893478380636
ENTPD3,0.9006803269382513
ENTPD4,0.17236236058023646
ENTPD5,0.0031945321704682783
ENTPD6,-0.16113233238946556
ENTPD7,0.2807651321923412
ENTPD8,-0.07378950151062097
ENTR1,0.2029891536021884
ENTREP1,1.1190647735925512
ENY2,-0.013676702438556454
EOGT,0.12451286301026021
EOLA1,-0.22567401639322426
EOLA2,-0.019772407762773447
EOMES,-0.22988693486582878
EP300,-0.15862919823931154
EP400,-0.10714135228945043
EPAS1,-0.6128817913949691
EPB41,-0.057242379067106164
EPB41L1,0.7188068792551974
EPB41L2,-0.05870474026652506
EPB41L3,-1.0230688043727565
EPB41L4A,0.08268667722972045
EPB41L4B,0.18718073753252673
EPB41L5,0.2372261666829667
EPB42,0.16947072152782197
EPC1,0.20116938921486538
EPC2,0.050549219644866916
EPCAM,0.5056097369521697
EPDR1,0.053714569834530046
EPG5,-0.011591821044523165
EPGN,0.3998696489777491
EPHA1,-0.3149611657714395
EPHA10,-0.20726206034755368
EPHA2,0.17140078812875947
EPHA3,0.07328343658529146
EPHA4,0.2817176257517475
EPHA5,-0.22165579665159063
EPHA6,-0.18932586017707576
EPHA7,-0.7339240918058648
EPHA8,-0.3382485903200477
EPHB1,0.07449893580284961
EPHB2,0.24260391107509616
EPHB3,-0.09048228817594595
EPHB4,0.01548402907904567
EPHB6,0.06697759337575127
EPHX1,-0.14054724265392426
EPHX2,-0.10282309667300904
EPHX3,-0.2865968205177797
EPHX4,-0.08264017258658407
EPM2A,-0.008055525961945698
EPM2AIP1,0.028854727809757286
EPN1,-0.016436831587977707
EPN3,0.051099392030468094
EPO,-1.0794258913859678
EPOR,0.07087312622133579
EPPIN,0.38716965300351375
EPPIN-WFDC6,0.38136056636534454
EPPK1,-0.04431739089753428
EPRS1,0.008559160944008326
EPS15,0.11324378955590086
EPS15L1,-0.020676198990154937
EPS8,0.09719380570277636
EPS8L2,-0.23791907048418004
EPS8L3,0.011558023738250878
EPSTI1,0.039032335108987404
EPX,0.40187323479850146
EPYC,-0.03388383257961225
EQTN,0.8595321538272719
ERAL1,-0.2504506462035394
ERAP1,-0.1281595476872468
ERAP2,0.16636031640784577
ERAS,0.8929236360571347
ERBB2,-0.0996858128018836
ERBB3,0.3895755350887277
ERBB4,0.1434379961906976
ERBIN,0.20228699078093726
ERC1,-0.21007038902922837
ERC2,0.591299881405386
ERCC1,0.005829265766961633
ERCC2,-0.14180151493391158
ERCC3,-0.0024964547110633006
ERCC4,0.15569223925731457
ERCC5,0.07110856971415469
ERCC6,0.09421541438278158
ERCC6L,-0.05007694122629491
ERCC6L2,-1.3323113033480092
ERCC8,0.052885198357825125
EREG,0.009387966617537935
ERF,-0.12294379626813079
ERFE,-0.24861074720213105
ERFL,0.3285397495033511
ERG,-1.2684941010196917
ERG28,-0.003836295745164975
ERGIC1,0.05028546821730728
ERGIC2,0.03283222325354984
ERGIC3,-0.17858143297633422
ERH,0.3249405533564156
ERI1,-0.015992116556807545
ERI2,0.027518547116939907
ERI3,-0.021427574011722683
ERICH2,0.24489639336590097
ERICH3,0.41508315070579055
ERICH4,0.04462306549853906
ERICH5,0.1729126347062251
ERICH6,-0.08974874949834577
ERICH6B,0.06762460749365173
ERLEC1,-0.050968552655001886
ERLIN1,0.062430856619870134
ERLIN2,0.060889780516861336
ERMAP,0.03393272030693506
ERMN,0.0011632106107222207
ERMP1,0.25527936915002775
ERN1,-0.0636492199781129
ERN2,-0.4257902926877162
ERO1A,-0.14355856053240146
ERO1B,-0.12772787160930754
ERP27,0.25443696951758277
ERP29,0.05584211059327604
ERP44,0.04356959976019592
ERRFI1,0.458843598491967
ERV3-1,-0.15447775303666855
ERVFRD-1,-0.8378538637724016
ERVH48-1,0.22406727080309485
ERVK3-1,-0.020563813473905235
ERVMER34-1,-0.20287651048451472
ERVV-1,-0.03340794342716902
ERVV-2,-0.6048638732974849
ERVW-1,0.2551424852607336
ESAM,-0.1771116195111464
ESCO1,-0.12980299521732874
ESCO2,0.029034567016833712
ESD,0.014685577018208384
ESF1,0.08300483837259254
ESM1,0.91971079130977
ESPL1,-0.10975277713169618
ESPN,-0.33961546465933523
ESPNL,-0.8380866227167244
ESR1,-0.2845047302806134
ESR2,-0.10392547222731618
ESRP1,-0.3479616351397683
ESRP2,-0.6247725937737552
ESRRA,-0.06207118384722854
ESRRB,-0.348399341776391
ESRRG,0.1430168689250091
ESS2,0.08650726892070537
ESX1,-1.8516637235863063
ESYT1,-0.03452062024085212
ESYT2,0.10461063831797457
ESYT3,-0.04855077720982326
ETAA1,0.03969590703975712
ETDA,0.7653053917971842
ETDB,-1.3323117404662008
ETDC,0.026263857752101605
ETF1,-0.032500965583524
ETFA,-0.13511345371517303
ETFB,0.016528414377367184
ETFBKMT,-0.5740028459006888
ETFDH,-0.004461405268305185
ETFRF1,0.18300303081458313
ETHE1,0.36544853288535917
ETNK1,0.042171385585729304
ETNK2,0.26478087642844406
ETNPPL,-0.15970688159954516
ETS1,0.4883321443624627
ETS2,0.08581337746300921
ETV1,0.22761119733253743
ETV2,-0.16837974057425953
ETV3,-0.004865759044544227
ETV3L,0.41400498326208135
ETV4,0.9668655880725434
ETV5,0.1929577556336266
ETV6,0.14845387333375726
ETV7,-0.9354693284011433
EVA1A,-0.15384637745515262
EVA1B,-0.30819092184658725
EVA1C,-0.20042555573348686
EVC,0.5147398052440357
EVC2,0.09676381206933979
EVI2A,0.06340293642509431
EVI2B,0.05886513957062389
EVI5,0.21935234241625276
EVI5L,-0.09289406611414464
EVL,0.03579767697134972
EVPL,0.3376794633720357
EVPLL,-0.06272031341135631
EVX1,-0.08191816928003082
EVX2,0.01861841310151824
EWSR1,-0.15083011005821856
EXD1,-0.2304429631818996
EXD2,-0.18195954306736173
EXD3,0.1437835957475298
EXO1,0.021605695728281304
EXO5,0.028001899871658686
EXOC1,0.15779073731575943
EXOC1L,-1.4850255060349986
EXOC2,-0.09769973814763055
EXOC3,-0.2558308474553921
EXOC3L1,-0.5605100067068307
EXOC3L2,-0.40493869535205235
EXOC3L4,0.3145772939403867
EXOC4,0.1934613364348401
EXOC5,-0.20428509586887955
EXOC6,-0.2057307663466753
EXOC6B,-0.08480360733183945
EXOC7,0.14395335720686164
EXOC8,0.1211033547247995
EXOG,-0.01830960254667957
EXOSC1,0.15441028505550758
EXOSC10,0.1196474264227323
EXOSC2,0.076736406270701
EXOSC3,-0.6979796303847932
EXOSC4,0.06427882303863086
EXOSC5,0.022145158617550287
EXOSC6,0.04200954006187452
EXOSC7,0.11192268027696617
EXOSC8,0.09004655200660672
EXOSC9,0.184429919630972
EXPH5,-0.2925342895136631
EXT1,0.028477199730587266
EXT2,0.25468114230367167
EXTL1,-0.30203548991551954
EXTL2,0.1608209878196476
EXTL3,-0.07418374903366898
EYA1,0.5739220991265488
EYA2,-1.083591563037496
EYA3,0.11073601574308078
EYA4,-0.6628958536635277
EYS,-0.16726338272116203
EZH1,0.02259420620854513
EZH2,0.13438226679334253
EZHIP,-0.7224465216961855
EZR,-0.048045467752233506
F10,-0.45911735362296124
F11,0.054861794327778934
F11R,1.1611268805824826
F12,0.17405423105060935
F13A1,0.6665622480089133
F13B,0.5101664279684545
F2,-0.12771154976573995
F2R,0.1954617645890666
F2RL1,-0.10983153153930392
F2RL2,-0.18535984224797497
F2RL3,-0.5272553112146499
F3,0.3504219885395399
F5,-0.15416043899726972
F7,0.31461182650666175
F8,-0.07636227247459981
F8A1,-0.8944302274136038
F8A3,0.07773491127664744
F9,0.13301873797103148
FA2H,-0.39465883615380726
FAAH,-1.0239288361665007
FAAH2,0.2885943539143354
FAAP100,-0.016145358755076167
FAAP20,-0.1569860017588316
FAAP24,0.06557981812607672
FABP1,-0.4132877707191846
FABP12,0.03619616390468372
FABP2,0.8659627891626198
FABP3,-0.7436721570433382
FABP4,0.19374828192157967
FABP5,-0.13533295235544607
FABP6,0.11538912848412686
FABP7,1.1363123054449307
FABP9,1.95875050532597
FADD,0.20609813903100616
FADS1,-0.020387508699601042
FADS2,-0.1399653407418766
FADS3,0.27209984726214564
FADS6,-0.10041801933504396
FAF1,-0.07477067974852769
FAF2,0.01967076045024907
FAH,-0.07079331469677053
FAHD1,0.045154809473757496
FAHD2A,0.1148048353272717
FAHD2B,-0.2972253467910919
FAIM,-0.13035746686653393
FAIM2,-0.3623298936454853
FAM107A,0.30192170271809193
FAM107B,0.6880895742520493
FAM110A,0.041426312858654946
FAM110B,-0.7389152674323896
FAM110C,0.05881162409775875
FAM110D,0.18158336262673336
FAM111A,0.06290370989775518
FAM111B,-0.24795184940769355
FAM114A1,-0.6711595656567274
FAM114A2,0.07779881034856029
FAM117A,-0.014019992139163051
FAM117B,-0.14532226931740322
FAM118A,0.11577802929142944
FAM118B,0.04464869639558344
FAM120A,-0.3689394052509605
FAM120AOS,0.012220980746191934
FAM120C,-0.3612739912022924
FAM124A,0.0064992293840511195
FAM124B,-0.446914540661712
FAM131A,-0.38056525117914797
FAM131B,-0.4066191058312616
FAM131C,-0.3451031480966189
FAM133A,0.5002313022654516
FAM133B,-0.0711885472106415
FAM135A,0.03069403522616554
FAM135B,0.19603598892313867
FAM136A,-0.29389406726781875
FAM13A,-0.07201681276334337
FAM13B,-0.45127845709658365
FAM13C,-0.34753852579095446
FAM149A,0.4368624029612618
FAM149B1,-0.10253611344760305
FAM151A,-0.691512985297694
FAM151B,0.300828921009144
FAM153A,0.14011701981563318
FAM153CP,-0.8147791170803136
FAM156A,0.09946471136347856
FAM161A,0.005719641304404277
FAM161B,-0.016413089837548966
FAM162A,0.0545925446716371
FAM162B,0.19372517417987106
FAM163A,-0.6554548706354458
FAM163B,-0.13338664572559145
FAM167A,0.14293369541098555
FAM167B,0.09854488119330629
FAM168A,-0.10125920595951676
FAM168B,0.10985538170148246
FAM169A,-0.021600218449476127
FAM170A,0.8743219514534212
FAM170B,0.5255333476307418
FAM171A1,-0.0477806431598391
FAM171A2,-0.01437976912443606
FAM171B,0.061945522393652475
FAM174A,0.42757412812956597
FAM174B,-0.07217025276962197
FAM174C,-0.05371444458380559
FAM177A1,0.3911475534551805
FAM177B,-0.3763555954373775
FAM178B,0.27622451558957634
FAM180A,0.2659908118786909
FAM180B,-0.15508657433546946
FAM181B,0.45711375771859475
FAM184A,0.4512165882378055
FAM184B,0.605286341927809
FAM185A,-0.33892738606030726
FAM186A,0.07786536783628666
FAM186B,-0.3903638681034074
FAM187A,0.22813641093184356
FAM187B,0.2885811705946872
FAM193A,-0.0943855022260438
FAM193B,0.21194101466346282
FAM199X,-0.16920600273741382
FAM200A,-0.01210792740497002
FAM200B,-0.05952571041910648
FAM200C,-0.21037169614592965
FAM204A,-0.013564314736453476
FAM209A,-0.1623448676826407
FAM209B,0.7242816399996419
FAM20A,-0.2599068032069335
FAM20B,-0.30018411946775636
FAM210A,-0.022148008644166772
FAM210B,-0.1762565657914319
FAM216A,-0.20789601680587655
FAM216B,0.04592514241030987
FAM217A,-0.11635846868657174
FAM217B,-0.04409275519533917
FAM219A,0.1313933336410189
FAM219B,0.07601182944128038
FAM220A,-0.09170441713880528
FAM221A,-0.4203606436597709
FAM221B,-0.08329929525573831
FAM222A,-0.017148840484147776
FAM222B,-0.25362932712105835
FAM227A,0.015168055502605249
FAM227B,-0.16548322351539468
FAM228A,0.37391888530351225
FAM228B,0.023783009325871518
FAM229A,0.2771385114185527
FAM229B,-0.0565142071257112
FAM234A,-0.10223363885660053
FAM234B,0.045407480661527444
FAM236C,-0.44250340857692283
FAM237A,-0.24052974545879507
FAM237B,-0.23200828593704487
FAM240A,0.6714485915374063
FAM240B,1.135086367891588
FAM241A,0.16045741547876613
FAM241B,0.11842992164200172
FAM246A,-0.36135941371620817
FAM246C,0.5710964621668095
FAM24A,0.9618032427398708
FAM24B,0.07839646992320137
FAM25A,-0.3093306685126834
FAM32A,0.14797054420326372
FAM3A,-0.1448985293525089
FAM3B,-0.6032417183202735
FAM3C,-0.020808488304975725
FAM3D,-0.7093720116007457
FAM43A,0.01987616775162948
FAM43B,-0.3932545846805955
FAM47A,0.6469819350545847
FAM47B,-0.2889280160235894
FAM47C,-0.5273427564612645
FAM47E,-0.023180487193943833
FAM47E-STBD1,-0.0210411067269759
FAM50A,-0.001025712314258076
FAM50B,0.2030844803570453
FAM53A,0.005841114554116622
FAM53B,0.22887185371675223
FAM53C,-0.02722397333901405
FAM72A,-0.8024783044579239
FAM72B,-0.14316926504186078
FAM72C,-1.2222137377412712
FAM72D,-0.23312400833998104
FAM76A,-0.13025155130393884
FAM76B,0.14404687140218098
FAM78A,-0.04491343805455461
FAM78B,-0.010598297299165615
FAM81A,-1.5970669179425776
FAM81B,-0.27996158820975764
FAM83A,-0.7341624076781695
FAM83B,1.394858974025033
FAM83C,-0.5015767835790019
FAM83D,-0.01717001165073384
FAM83E,0.21097063912777658
FAM83F,0.796480875594882
FAM83G,0.005681577892642675
FAM86B1,-0.6673212311216843
FAM86B2,0.36889324509392474
FAM89A,0.05597240167625417
FAM89B,0.0848782112080988
FAM8A1,-0.11994725538038242
FAM90A1,-0.4448650339643905
FAM90A10,0.4641605247611844
FAM90A20,0.06266249740738639
FAM90A27P,0.5461390800145055
FAM91A1,-0.004750608824845237
FAM98A,0.05766647299789707
FAM98B,-0.0519591392771761
FAM98C,-0.07184333980633362
FAM9A,0.6281597497481475
FAM9B,-0.5146668194322616
FAM9C,0.23900816296217425
FANCA,-0.00029434698809183146
FANCB,0.008124148522672847
FANCC,0.17411879324753565
FANCD2,0.021427707914034144
FANCD2OS,-0.2139492081744968
FANCE,-0.161685340599929
FANCF,0.08591956847135851
FANCG,-0.06648868747109749
FANCI,-0.0722714353988847
FANCL,0.3416424289565976
FANCM,0.3656010221555528
FANK1,0.2634910627095959
FAP,-0.23371576637034375
FAR1,-0.1293828873239793
FAR2,-0.03991075928025367
FARP1,-0.17696368708382781
FARP2,-0.07728891532916027
FARS2,0.07158791190948932
FARSA,-0.27795114440328117
FARSB,-0.016006131501145937
FAS,-0.08531651371207744
FASLG,2.1050717463684387
FASN,-0.12419908216428333
FASTK,-0.1695536944244589
FASTKD1,0.129772722956357
FASTKD2,0.012615629797863015
FASTKD3,-0.08332630738568625
FASTKD5,-0.1023111394550611
FAT1,-0.19898147292062607
FAT2,0.8364194270811596
FAT3,0.187988831650034
FAT4,0.08336322021937548
FATE1,-0.13805703293687033
FAU,0.06971577864161738
FAXC,-0.3758819813068923
FAXDC2,0.01466137828214098
FBF1,-0.23885401248892713
FBH1,-0.05343425971760496
FBL,0.1670601466559063
FBLIM1,-0.6600040485186294
FBLL1,-0.10551933668888706
FBLN1,-1.09916937351203
FBLN2,0.03230905405369011
FBLN5,0.11810513258624555
FBLN7,0.3458127756835819
FBN1,0.027190586366215186
FBN2,-1.3318656984862511
FBN3,0.19062350009964946
FBP1,0.07346274594890789
FBP2,0.6675901968403477
FBRS,-0.026903496682209926
FBRSL1,0.02323839833998953
FBXL12,-0.0028611940585250295
FBXL13,-0.1533905762986505
FBXL14,0.04843331948711693
FBXL15,-0.13806674844286793
FBXL16,-0.4508856765314597
FBXL17,-0.1015619739182565
FBXL18,0.1946379665348834
FBXL19,-0.12020493140514699
FBXL2,-0.09417813762064009
FBXL20,-0.017328531598177044
FBXL22,0.549126313167655
FBXL3,-0.18780493622602457
FBXL4,-0.19528868823053092
FBXL5,-0.059813288145822874
FBXL6,-0.05378616387337587
FBXL7,0.240165536150877
FBXL8,0.06843240817184704
FBXO10,-1.0756950297873256
FBXO11,-0.07838348009485241
FBXO15,0.03671033546869573
FBXO16,-0.23952913876971849
FBXO17,0.06792532844711376
FBXO2,0.20324360893968185
FBXO21,-0.056901486035861204
FBXO22,-0.13281249319364274
FBXO24,0.2608507326463334
FBXO25,0.16907905775908283
FBXO27,0.7308535620848524
FBXO28,0.18132999835296904
FBXO3,-0.13205718597630067
FBXO30,-0.004750102515479249
FBXO31,-0.0594841990706394
FBXO32,0.14975274480011436
FBXO33,-0.002282551073376382
FBXO34,-0.0848253309394984
FBXO36,0.06397633510533662
FBXO38,0.2541842258548819
FBXO39,0.1413794502188408
FBXO4,-0.14258112529663602
FBXO40,0.08931824910424035
FBXO41,-0.14016487362740193
FBXO42,0.010710691986172804
FBXO43,-0.013206489650047892
FBXO44,-0.007705002444031495
FBXO45,-0.11518143309717921
FBXO46,0.01896261215566053
FBXO47,-1.9263835896391572
FBXO48,0.068680944207407
FBXO5,0.11051769050690297
FBXO6,0.07836984497899246
FBXO7,0.261154475301848
FBXO8,-0.01430283306603286
FBXO9,0.20739878941890433
FBXW10,0.4798706508956314
FBXW10B,-1.266677863777193
FBXW11,-0.002099167437953575
FBXW12,-0.7287924380477371
FBXW2,-0.09272400963337812
FBXW4,-0.20532385312654355
FBXW5,-0.22840051853187138
FBXW7,-0.12869277865894713
FBXW8,0.07485224906768462
FBXW9,0.04468808928181467
FCAMR,-0.734004645048486
FCER1A,-0.43612052440225724
FCER1G,-0.9422199126042347
FCER2,0.3887229433970043
FCF1,-0.06559343211404123
FCGBP,-0.5213012813170483
FCGR1A,-1.3124447653904139
FCGR2A,0.1929463216975318
FCGR3A,0.24331684035198142
FCGRT,-0.2949972217893002
FCHO1,-0.049033623430402073
FCHO2,-0.10388259561038815
FCHSD1,-1.0831093230035904
FCHSD2,-0.15253698656850645
FCMR,-0.08587481655891871
FCN1,0.5914492554731272
FCN2,0.08839420714122867
FCN3,-0.26036598954606466
FCRL1,1.4957991514846587
FCRL2,-0.7550130730839621
FCRL3,0.6331037747361473
FCRL4,0.8120209641311442
FCRL5,-0.3943106480998525
FCRL6,-0.37562521586332176
FCRLA,0.023635714120180618
FCRLB,0.5485867219675469
FCSK,0.009706213383811058
FDCSP,0.4761752476991594
FDFT1,0.06942207766687214
FDPS,0.0673647786496323
FDX1,0.1768490498730344
FDX2,-0.3697800165391998
FDXACB1,0.3042599189592283
FDXR,-0.040298309249751085
FECH,-0.06606566397670299
FEM1A,-0.043150531292898364
FEM1B,-0.05701573439517027
FEM1C,0.0009570018950002535
FEN1,-0.13865722017082227
FER,-0.04944871181200572
FER1L5,0.5508811966970145
FER1L6,-0.626444997249879
FERD3L,0.7086542253912477
FERMT1,0.13346329398059575
FERMT2,-0.07178109380282471
FERMT3,0.09226728713035559
FERRY3,0.047317262177631214
FES,-0.20891750924940977
FETUB,0.7448186461381123
FEV,0.28700260423810553
FEZ1,0.008840670398117645
FEZ2,-0.2651598552508457
FEZF1,-0.7380343222148014
FEZF2,0.46580680637563476
FFAR1,-0.18945972970608294
FFAR2,0.19115538070811
FFAR3,-0.19811158400615267
FFAR4,0.8704215908597641
FGA,0.10391637497985728
FGB,0.47648501055305026
FGD1,0.030664919856362882
FGD2,0.443032219256364
FGD3,-0.21254067116588393
FGD4,-0.12394690703014
FGD5,0.008907915045218429
FGD6,0.02580284505812358
FGF1,0.6226085032509487
FGF10,-1.351138745366921
FGF11,0.2333802372576277
FGF12,-0.6070747210751393
FGF13,-0.6592185576930616
FGF14,-0.15241174437055927
FGF16,-0.5157260397612623
FGF17,0.10667814353458782
FGF18,-0.08628816707256348
FGF19,-0.5644796421332368
FGF2,0.6456929994137339
FGF20,-0.07387402729154458
FGF21,0.4596437347226833
FGF22,0.17012302686489011
FGF23,0.7514111929201976
FGF3,0.3246831847408568
FGF4,0.3280177296807152
FGF5,0.2222039160588829
FGF6,-0.22491957623977527
FGF7,0.3254738385553364
FGF8,-0.7794493027699221
FGF9,0.10986725060191382
FGFBP1,0.7271540720197238
FGFBP2,0.3308265497857643
FGFBP3,-0.371683770304732
FGFR1,0.047458622813422835
FGFR1OP2,0.042074558748303126
FGFR2,-0.44243321358892107
FGFR3,0.3137012116415696
FGFR4,-0.09198388749230446
FGFRL1,-0.08450249343735994
FGG,0.761198473988701
FGGY,-0.04261377312755332
FGL1,-0.2981774139395508
FGL2,-0.3200403198313557
FGR,-0.0528468531056987
FH,0.11893323764144714
FHAD1,0.4029450405852566
FHDC1,-0.03911564712547344
FHIP1A,0.257433653151657
FHIP1B,0.07708850194572747
FHIP2A,-0.2024518171734453
FHIP2B,0.11534566656970391
FHIT,-0.08305729201818313
FHL1,0.029847460147864435
FHL2,0.06941602524092638
FHL3,0.10944940354952548
FHL5,-0.3416115273635374
FHOD1,0.07506262851817613
FHOD3,-0.3963051126398136
FIBCD1,0.15123360614212816
FIBIN,-0.04453817413701966
FIBP,-0.0952032451564806
FICD,-0.0811464549807388
FIG4,0.10099796415866624
FIGLA,0.5862445783479937
FIGN,-0.7377411368278237
FIGNL1,0.07580159061391001
FIGNL2,-0.2015048893952075
FILIP1,0.2880092301613322
FILIP1L,1.674586342291233
FIP1L1,-0.021522377811911575
FIRRM,-1.147876224471939
FIS1,0.011668246856545217
FITM1,1.0156444175954644
FITM2,0.08893195542449206
FIZ1,0.021959799197017738
FJX1,0.025716955250361107
FKBP10,0.12550156789157274
FKBP11,-0.09599981103763167
FKBP14,0.0707389704449346
FKBP15,0.016688714532815396
FKBP1A,-0.15201963314171785
FKBP1B,-0.09211129148342945
FKBP1C,0.21116239749841337
FKBP2,0.029952410450732714
FKBP3,0.11687361648627803
FKBP4,0.6909034678775003
FKBP5,-0.19562588184998475
FKBP6,0.47901680888108183
FKBP7,-0.024016931756152715
FKBP8,-0.32138193451981767
FKBP9,-0.4988437064180275
FKBPL,-0.22161425290049674
FKRP,-0.023213553392520403
FKTN,0.10895347277209133
FLACC1,0.09032591617216323
FLAD1,0.019075544090378038
FLCN,0.1176825973593294
FLG,0.7079670734225525
FLG2,1.5127928133402169
FLI1,0.46159199799261674
FLII,-0.01811900208737427
FLNA,-0.16503615202132393
FLNB,-0.23001588706448572
FLNC,0.05834671841352268
FLOT2,-0.11841871999836684
FLRT1,-0.17366478763426896
FLRT2,0.7987355269150134
FLRT3,0.370910719395674
FLT1,0.1622144211890788
FLT3,0.25604936355690544
FLT3LG,0.15685422150769313
FLT4,-0.2465879863393314
FLVCR1,0.22817291757710656
FLVCR2,-0.08605919251309757
FLYWCH1,0.07215414305443524
FLYWCH2,-0.012990166247629276
FMC1,-0.1743077819462897
FMC1-LUC7L2,0.12767926307898225
FMN1,0.015492961644974601
FMN2,1.5951834640145377
FMNL1,0.1325580330621996
FMNL2,0.059992639339402576
FMNL3,0.13983339228609726
FMO1,0.13516971316863796
FMO2,0.8102200683456551
FMO3,0.4515005960908665
FMO4,0.05017784656565727
FMO5,-0.13811120252950815
FMOD,0.3158436015487457
FMR1,0.17442766422192335
FMR1NB,-0.19950657895384372
FN1,0.0802299674621817
FN3K,0.5215593619020628
FN3KRP,-0.10206096508695772
FNBP1,-0.21271816999648419
FNBP1L,0.0008139096621260222
FNBP4,-0.0395512934948572
FNDC1,0.2724598273159038
FNDC10,-0.20842633933423427
FNDC11,-0.37081715787243197
FNDC3A,-0.0365919591634265
FNDC3B,-0.21677059715648372
FNDC4,-0.8341955726646049
FNDC5,-0.16094034949081637
FNDC7,0.3406137001068039
FNDC8,-0.6362811620413674
FNDC9,-0.052441284417440004
FNIP1,0.07670266897634814
FNIP2,0.3770724264599217
FNTA,0.5023960589630607
FNTB,0.09151227742507206
FOCAD,-0.3237935747718995
FOLH1,-0.8232949463409057
FOLR1,0.5231347916776244
FOLR2,-0.6576717657076815
FOLR3,0.09677570876308278
FOS,0.2493676411120429
FOSB,0.01978753734401817
FOSL1,0.023303827102076458
FOSL2,0.035361383967910776
FOXA1,-0.06817340935229499
FOXA2,0.10046154000367535
FOXA3,-0.08811927172677336
FOXB1,0.0916318345138043
FOXB2,-0.10132267127985117
FOXC1,-0.6277942583444496
FOXC2,-0.44179173428704477
FOXD1,0.09519655772176838
FOXD2,-0.09026224109950842
FOXD3,-0.5113268438357084
FOXD4,-0.6812549058951298
FOXD4L1,0.022885206285340298
FOXD4L4,0.05148846642551819
FOXE1,0.07941848814943225
FOXE3,0.6421316547411219
FOXF1,0.6899314078527214
FOXF2,-0.26366933997236025
FOXG1,0.3069020127686082
FOXH1,0.1010806640989328
FOXI1,-0.27988692399911647
FOXI2,-0.6779696033235812
FOXI3,0.714177848091293
FOXJ1,0.13300949318396071
FOXJ2,-0.1234296636726171
FOXJ3,-0.043153637880424256
FOXK1,0.06495994656716286
FOXK2,-0.004418386883305203
FOXL1,-1.114779883670087
FOXL2,0.07153850172925558
FOXL2NB,0.03914911833867474
FOXL3,-0.19437145597302946
FOXM1,-0.139619256383126
FOXN1,0.13171433123132548
FOXN2,-0.10498859102458091
FOXN3,0.09788449669591337
FOXN4,-0.4153722198734324
FOXO1,0.09729048707999333
FOXO3,0.23026296242180955
FOXO3B,-0.35943769354106747
FOXO4,0.046209774689216054
FOXO6,0.054007962831045475
FOXP1,-0.4353475746656308
FOXP2,0.1223993765286231
FOXP3,-0.5983076939094162
FOXP4,0.1454413164349786
FOXQ1,0.6336014013928967
FOXR1,-1.1855993038481893
FOXR2,0.18249562738829095
FOXRED1,0.0325739395037532
FOXRED2,-0.1171539630850269
FOXS1,-0.17571212195750796
FPGS,0.26848759893136376
FPGT,0.15907143182602468
FPGT-TNNI3K,0.15895225478406516
FPR1,0.7649076100441368
FPR2,-0.5387677360741101
FPR3,1.2317461732772628
FRA10AC1,0.00839302545430698
FRAS1,0.19628439078885318
FRAT1,0.06254385129329787
FRAT2,0.17840923141103993
FREM1,-1.3092356596078547
FREM2,0.11820297167664562
FREM3,0.14199876373954856
FREY1,-0.43944986344241244
FRG2B,-0.4641605247611844
FRG2C,0.1031447485582675
FRK,0.08151352282655078
FRMD1,-0.21183314857822572
FRMD3,0.11712601126386568
FRMD4A,0.11970840971622221
FRMD4B,0.14797205623972176
FRMD5,-0.08234793254952688
FRMD6,-1.145296013079471
FRMD7,-0.9417242125950425
FRMD8,-0.06916523345829884
FRMPD1,-0.1217558152544429
FRMPD2,0.4928910250234495
FRMPD3,-0.4910194977612039
FRMPD4,0.45005383510067776
FRRS1,-0.1176125460142341
FRRS1L,0.6019725666226667
FRS2,0.13140511471564942
FRS3,-0.05476928075658183
FRY,0.1526161411873561
FRYL,-0.00853912618290753
FRZB,0.3074242097652218
FSBP,0.5916657717964986
FSCB,-0.34093330869222105
FSCN1,0.056559074787534414
FSCN2,-0.47492519129724275
FSCN3,0.282000546953722
FSD1,-0.4286957715816131
FSD1L,-0.012588172056435809
FSD2,0.9944752919378611
FSHB,0.6107780977948498
FSHR,1.8705031927802034
FSIP1,0.22310763751610985
FSIP2,0.3788136943307907
FST,0.37128160369923147
FSTL1,0.3296880896773371
FSTL3,0.2052201425213518
FSTL4,-0.12814964596754652
FSTL5,0.37592203697083826
FTCD,-0.3070746631068322
FTCDNL1,0.13286305555667433
FTH1,0.0383617560202314
FTHL17,-0.21947623668856986
FTL,0.10157225681334214
FTMT,-1.3803329793465084
FTO,-0.24647019284020644
FTSJ1,0.09542307812404704
FTSJ3,-0.1445926508620874
FUBP1,0.1014634592596888
FUBP3,-0.24593914983170873
FUCA1,0.06102134107891466
FUCA2,-2.0456495144274167
FUNDC1,-0.018684624551675633
FUNDC2,-0.31427405517297746
FUOM,0.04223687760166417
FURIN,0.9363494798167378
FUS,-0.06635734692262929
FUT1,0.3972678897812555
FUT10,0.017025997262441805
FUT11,-0.018261067641605955
FUT2,-0.663164303009738
FUT3,-0.5244897006510453
FUT4,0.1598825427084467
FUT5,-0.7257348131888737
FUT6,0.22580615541778837
FUT7,-0.3639618224755723
FUT8,0.3102738089700243
FUT9,0.1453552180938132
FUZ,-0.20638540829634966
FXN,-0.17658263785842276
FXR1,0.05327447836943125
FXR2,-0.0697678300704423
FXYD1,0.2673827366578696
FXYD2,-0.0449659179584998
FXYD3,-0.10077903716182579
FXYD4,-0.4429609524395268
FXYD5,-0.012176780704515444
FXYD6,0.27268353113967625
FXYD6-FXYD2,0.06284047027944784
FXYD7,-0.22550626914165273
FYB1,0.910357321435572
FYB2,0.9217113554251631
FYCO1,-0.02273436523996164
FYN,0.16140369869153748
FYTTD1,-0.13240663227827554
FZD1,-0.04714829237448903
FZD10,-0.5694615308487829
FZD2,-0.054025091323754104
FZD3,0.14785801266166398
FZD4,0.31413855930196766
FZD5,0.22810056843343496
FZD6,-0.15701160431783467
FZD7,0.1612146264497456
FZD8,0.04747101901258688
FZD9,0.027264052240861147
FZR1,-0.049508945081137234
G0S2,0.12155147423120519
G2E3,0.15795668954417064
G3BP1,-0.06879872940316911
G3BP2,-0.08237285329768529
G6PC1,0.22880466981576153
G6PC3,0.30683328081892647
G6PD,0.08204726162478959
GAA,-0.015408662703692677
GAB1,-0.14789304724857688
GAB2,0.02762674268363252
GAB3,-0.17719932170730823
GAB4,-0.5448649306208181
GABARAP,0.08938818308662366
GABARAPL1,0.2687611812572719
GABARAPL2,-0.18560901607724656
GABBR2,0.8290953776312261
GABPA,0.20014342237628657
GABPB1,-0.00417125349829206
GABPB2,-0.1887591634653356
GABRA1,-0.9315979442040954
GABRA2,1.4719457867710313
GABRA3,0.3141923058103364
GABRA4,0.6120093282903203
GABRA5,-0.059806482991491716
GABRA6,0.36520441563438233
GABRB1,0.23263480875243192
GABRB2,0.2841581886294271
GABRB3,0.8426739950279092
GABRD,0.06045638927536501
GABRE,-0.6288305427344903
GABRG1,-0.14768326104494967
GABRG2,-0.25699592020427353
GABRG3,-0.7543036852905861
GABRP,-0.3066944624261325
GABRQ,-0.400299247018144
GABRR1,0.8502681869334567
GABRR2,0.6772529619610346
GABRR3,-0.6442042435548876
GAD1,0.1682205705070856
GAD2,0.01489655004357493
GADD45A,0.0019352954920872634
GADD45B,0.21714577337741314
GADD45G,0.4003190815918498
GADD45GIP1,-0.22441068616780768
GADL1,0.3504219217878711
GAGE10,0.192585116323998
GAGE12B,-0.3586931441612995
GAGE12J,-0.7470711146301752
GAGE13,0.9834598120486571
GAGE2A,-0.6405486565360261
GAGE2E,-0.65009507799983
GAK,-0.02429415456730144
GAL,0.30922016142762754
GAL3ST1,-0.11059228729600612
GAL3ST2,-0.38868691489744694
GAL3ST3,0.21165205721736058
GAL3ST4,0.15915615737740474
GALC,0.07083652723328182
GALE,0.17099645518252427
GALK1,-0.14534738756514276
GALK2,0.06559317940690068
GALM,0.03846848918576877
GALNS,-0.011675438344717293
GALNT1,-0.3961263836783946
GALNT10,-0.13343085329107973
GALNT11,0.26936678863355223
GALNT12,0.056967641910011135
GALNT13,0.2076685733251029
GALNT14,-0.4823456011880401
GALNT15,0.4445011066717788
GALNT16,0.2955576121503093
GALNT17,0.09455667885594199
GALNT18,0.0019307388506444312
GALNT2,-0.33200059920578356
GALNT3,-0.05584767705210303
GALNT4,0.2926527147715752
GALNT5,0.7570431309247201
GALNT6,0.28364165781122885
GALNT7,0.07866200044428329
GALNT8,0.6811219918828023
GALNT9,0.4186858373652447
GALNTL5,0.15127431346649658
GALNTL6,0.7533331732194541
GALP,-0.3033131372129432
GALR1,-0.7105500390173891
GALR2,-0.8330596306479671
GALR3,0.6928279493451788
GALT,0.12140106661749961
GAMT,-0.3147113400617503
GAN,0.16387997428683398
GANAB,0.010168259471173613
GANC,0.1777894079955855
GAP43,-0.039468411386213265
GAPDH,-0.027337199278714586
GAPDHS,-0.08483583336794753
GAPT,-1.5231445668244195
GAPVD1,0.08197889321077412
GAR1,0.1302286975436786
GAREM1,-0.13668884621814748
GAREM2,-0.06759162567189225
GARIN1A,-0.7600409247879487
GARIN1B,1.6993451216475493
GARIN2,0.5080518217699791
GARIN3,-0.5317621175442041
GARIN4,0.3137188181362238
GARIN5A,-0.05317788726043915
GARIN5B,0.6423781365645369
GARIN6,0.2596895754883906
GARNL3,-0.07822500253380316
GARS1,-0.9492391694529074
GART,-0.0490203519086565
GAS1,0.017325968913231016
GAS2,0.07838763824115791
GAS2L1,-0.023793833497268047
GAS2L2,0.8418587559040586
GAS2L3,-1.4298818353486262
GAS6,0.5579044475882504
GAS7,-0.09602610748200657
GAS8,0.06129172592261645
GASK1A,-0.022644026495611147
GASK1B,0.2596254725250945
GAST,0.6918508174104595
GATA1,0.23706306593173104
GATA2,0.011937817417736696
GATA3,0.4660523032021051
GATA4,-0.6297306512695402
GATA5,0.2786804881320163
GATA6,-0.003937039253185226
GATAD1,0.3796337934468301
GATAD2A,-0.0132452435328414
GATAD2B,0.03789257540757962
GATB,-0.05696081628315053
GATC,0.006066690537105401
GATD1,0.0671941258241846
GATD3,-0.8168087761860454
GATM,-0.010153149571408449
GBA2,-0.0996659958490902
GBA3,0.8922746995379148
GBE1,0.15954692969068862
GBF1,-0.036536914967014056
GBGT1,0.013266927555196872
GBP1,0.3879187391432547
GBP2,-0.44670411247962283
GBP3,0.39768444089377986
GBP4,0.5786744875566147
GBP5,0.4794539016064241
GBP6,-0.20333766615170046
GBP7,0.19569971164296485
GBX1,-1.0929207483601693
GBX2,-0.22722679129503676
GC,-1.189684879962507
GCA,-0.2622912670914026
GCAT,-0.0672296580549796
GCC1,0.3315295677215374
GCC2,0.19972966548718585
GCDH,0.07616835575349246
GCFC2,0.3274220011408113
GCG,0.3242841092595352
GCGR,-0.5598723438909846
GCH1,-0.16096404107524354
GCHFR,0.04211540376474465
GCK,-0.6189582743253502
GCKR,-0.8968517665891453
GCLC,-0.24406315272980172
GCLM,-0.11651117036603331
GCM1,0.9866560397702252
GCM2,0.14393954649102125
GCN1,0.08256094342817999
GCNA,0.24744407536902402
GCNT1,0.9177851532203084
GCNT2,-0.31408185696820645
GCNT3,0.16806447538278801
GCNT4,-0.4115347618671441
GCNT7,0.5075046659428262
GCOM1,-0.667391913791595
GCSAM,-0.2531037775934244
GCSAML,-0.49536220038320067
GCSH,0.07238784805242826
GDA,0.9172207448696641
GDAP1,-0.07195687591595235
GDAP1L1,0.09439782966936291
GDAP2,-0.05413011822804492
GDE1,0.33408089904242466
GDF1,-0.11347357091020216
GDF10,-0.016492393724722554
GDF11,0.21191356666699512
GDF15,-0.2923331416324977
GDF2,0.026520129529233327
GDF3,0.5391132483304594
GDF5,-0.023360979157613926
GDF6,0.6089724295603502
GDF7,0.9032173278530948
GDF9,0.12689115164319276
GDI1,0.01926431837089515
GDI2,0.45690619269833777
GDNF,-1.165448708110755
GDPD1,-0.11640679911453145
GDPD2,-0.2177110695061807
GDPD3,0.23806133747032643
GDPD4,-0.1284207641264239
GDPD5,-0.06985235132081069
GDPGP1,-0.139254238502172
GEM,0.2869639437363283
GEMIN2,0.04156564897284376
GEMIN4,0.04878410903253694
GEMIN5,-0.04136228982385948
GEMIN6,0.004234206392207618
GEMIN7,-0.2366393941645999
GEMIN8,0.1768139421704893
GEN1,0.21117249112390546
GET1,-0.18934381506944753
GET1-SH3BGR,0.19748153330330442
GET3,0.1705308393195013
GET4,0.16405071553971862
GFAP,-0.419575110960846
GFER,0.021280970463883442
GFI1,0.031265874460753906
GFI1B,-0.021965334166110573
GFM1,-0.1225338418372397
GFM2,0.10621516533888187
GFOD1,0.09565609171579581
GFOD2,0.1284120958407442
GFPT1,-0.053780373312911856
GFPT2,0.5135780737006583
GFRA1,-0.029075964723184092
GFRA2,-0.18740212353290842
GFRA3,-0.15218089007441682
GFRA4,-0.012388030943111916
GFRAL,-0.5611744857182825
GFUS,0.07034491553200528
GFY,-0.01920377046283983
GGA1,-0.05998337549355792
GGA2,0.8960917933000436
GGA3,0.0011016600270883359
GGACT,0.016193139202896667
GGCT,0.09074393862067609
GGCX,0.028803310379374558
GGH,0.11365902916781145
GGN,0.10179241581247211
GGPS1,-0.003578462017579831
GGT1,0.13278843184741607
GGT5,-0.3851981797407229
GGT6,0.050286213787867906
GGT7,0.06645045191234011
GGTA1,-0.5554543569625782
GGTLC1,-0.07856536908701606
GGTLC2,0.4641605247611844
GGTLC3,0.0
GH1,-0.36255176427361535
GH2,0.5079279121420639
GHDC,-0.025236138032086686
GHITM,0.06990059287110295
GHR,-0.26945792323741113
GHRH,-0.011987677440429723
GHRHR,-0.013048141195266538
GHRL,0.03047285607712752
GHSR,-0.09394611250265605
GID4,-0.14093705345327034
GID8,-0.0568293668653812
GIGYF1,0.02919907276106759
GIGYF2,-0.13953643079217493
GIMAP1,0.2333583212762944
GIMAP1-GIMAP5,0.2249258708958748
GIMAP2,0.2865399273760598
GIMAP4,0.49974607226767254
GIMAP5,0.6193372415798666
GIMAP6,0.3383355928713587
GIMAP7,0.5046728929660422
GIMAP8,-0.0655131277927139
GIMD1,-0.015125896519469273
GIN1,0.23511522026726706
GINM1,-0.10852873037964361
GINS1,0.047215641421271215
GINS2,-0.10377898520416817
GINS3,0.32970388698083264
GINS4,-0.1404597966916743
GIP,0.05621944717689942
GIPC1,0.11700688479036625
GIPC2,0.07705492597416175
GIPC3,-0.4824383097717402
GIPR,-0.053946408888633446
GIT1,-0.12959162885548325
GIT2,-0.2087104436200642
GJA1,-0.1681260625609866
GJA10,0.06210940008769597
GJA3,0.08744147248223832
GJA4,0.04892679680943468
GJA5,-0.5157106735109456
GJA8,0.9274426898427431
GJA9,1.6030708515130296
GJB1,-0.5734085620104399
GJB2,-0.19157942024754915
GJB3,0.060066413790311746
GJB4,0.4229716762331852
GJB5,-0.25654971653899006
GJB6,-0.3400152308830634
GJB7,-0.5175321862676956
GJC1,0.0007761585063530418
GJC2,-0.6237958721704158
GJC3,0.1398762560796416
GJD2,-0.33543794593735105
GJD3,0.1259607169665229
GJD4,0.04944449660600131
GJE1,0.18034754797909436
GK,-0.10176178753760201
GK2,0.19701382460143835
GK3,0.4682018942609467
GK5,-0.12973529630051672
GKAP1,-0.35294518465930524
GKN1,-0.3801025748913256
GKN2,-0.03167184312523519
GLA,0.0015004131428613121
GLB1,0.09929334658599398
GLB1L,0.1955029596425195
GLB1L2,-0.11167905838137493
GLB1L3,-0.20690775084941815
GLCCI1,-0.017131827573873437
GLCE,0.02862220743956545
GLDC,0.04251338289422968
GLDN,-0.06604651157530511
GLE1,0.0054262563729921
GLG1,0.05627235669585495
GLI1,0.05193886450524854
GLI2,-0.3975314123599234
GLI3,0.21138588906635042
GLI4,-0.22144385935902733
GLIPR1,0.6826747221073441
GLIPR1L1,0.09262248518965244
GLIPR1L2,-0.1409934876118511
GLIPR2,-0.13673816393825078
GLIS1,0.2620374668287031
GLIS3,1.209789517746563
GLMN,-0.14520397109441774
GLMP,0.006095229715654682
GLO1,0.10761446943558806
GLOD4,0.003686730016061901
GLOD5,-0.8175258570691817
GLP1R,0.06305304435250614
GLP2R,-0.63461854689752
GLRA1,-0.5423927257112247
GLRA2,0.4227052030679541
GLRA3,1.3625986095603593
GLRB,0.2780208425696207
GLRX,0.13619325182953634
GLRX2,-0.22150581672283254
GLRX3,-0.06636928527407271
GLRX5,0.03998007507698187
GLS,-0.010770736127089009
GLS2,1.02197929897602
GLT1D1,-0.29767569977515945
GLT6D1,-0.6277016683440737
GLT8D1,0.00997957666797511
GLT8D2,-0.13103540180575468
GLTP,-0.21141979265382727
GLTPD2,0.021441124911467213
GLUD1,-0.1036460065296998
GLUD2,0.23963327929411804
GLUL,0.10965434426527487
GLYAT,-0.10800255939808245
GLYATL1,-1.7299217343661395
GLYATL1B,0.008826128739806927
GLYATL2,0.36058045957304197
GLYATL3,-0.17799400306809732
GLYCTK,0.03654352470606348
GLYR1,-0.19757213816435115
GM2A,0.3746485971072735
GMCL1,-0.02912798995295862
GMCL2,0.4201888710330459
GMDS,-0.09578107280897896
GMEB1,0.000692979922356507
GMEB2,0.10469609054991746
GMFB,0.3978766824245863
GMFG,0.11918807610847093
GMIP,-0.1874205862474616
GML,0.9978579001053258
GMNC,-0.11607898261995375
GMNN,-0.0984202131787777
GMPPA,0.0981481427852744
GMPPB,-0.008677645516307564
GMPR,0.06844995325512637
GMPR2,0.1402277168360575
GMPS,-0.23020871758394001
GNA11,-0.5503902504638691
GNA12,-0.3102932591116203
GNA13,-0.14355159982731003
GNA14,0.08414899963932304
GNA15,0.2614195244510351
GNAI1,-0.4283711826621355
GNAI2,0.12731343956583618
GNAI3,0.03959137177143557
GNAL,-0.23010787227791196
GNAO1,0.1523417537311076
GNAQ,0.2989610854333282
GNAS,-0.08298423412776168
GNAT1,0.20746957791531218
GNAT2,0.2237706922584879
GNAT3,-0.8860375945169372
GNAZ,-0.05022063106368169
GNB1,-0.05347812216474601
GNB1L,-0.17197621122077233
GNB2,-0.04840432310844012
GNB3,0.18852998099024298
GNB4,0.0914161193147125
GNB5,-0.4719660339186235
GNE,-0.8502922209052461
GNG10,0.08011306127782891
GNG11,0.7100160993727267
GNG12,-0.16020213665838767
GNG13,-0.12497594547361013
GNG14,-0.4101009227498146
GNG2,0.6838134970422783
GNG3,0.3171325794394795
GNG4,0.7870829313534826
GNG5,0.027759620552104458
GNG5B,0.850982553600572
GNG7,0.035947060780509243
GNG8,-0.2732514895777869
GNGT1,-0.17489234886158334
GNGT2,0.7874580017440374
GNL2,0.1385796155137884
GNL3,0.8758634925997539
GNL3L,-0.15090771402248926
GNLY,-0.4497891185233208
GNMT,0.27063816059106954
GNPAT,-0.025289553194820513
GNPDA1,0.21761701289524327
GNPDA2,0.07816604005470706
GNPNAT1,0.05713879469816696
GNPTAB,-0.025006439661722446
GNPTG,0.006467458812649873
GNRH1,0.9389383441740182
GNRH2,-0.08524670287200364
GNRHR,0.24090921453992853
GNS,0.055389900029554795
GOLGA1,0.5979230876065742
GOLGA2,-0.19281357395956356
GOLGA3,-0.08694793087903374
GOLGA4,0.0462421253083205
GOLGA5,0.027996163044740285
GOLGA6A,-0.4391387975029386
GOLGA6C,0.4641605247611844
GOLGA6L10,0.3070746631068322
GOLGA6L2,-0.6237302914947426
GOLGA6L22,0.3070746631068322
GOLGA6L26,-1.2192766203203447
GOLGA6L4,-0.21794419600608128
GOLGA6L7,-0.26052631029032797
GOLGA7,-0.5026098653209612
GOLGA7B,0.26190653846518286
GOLGA8A,0.6871487359537635
GOLGA8B,0.1156762012822301
GOLGB1,0.056835461942324805
GOLIM4,-0.47303474748984653
GOLM1,-0.09783333518773363
GOLM2,0.013382656887973354
GOLPH3,0.022833973624486248
GOLPH3L,0.03466282924647146
GOLT1A,-0.4908537074447419
GOLT1B,0.09544788451991604
GON4L,-0.04088325672071225
GON7,-0.36135941371620817
GOPC,0.11786856447492688
GORAB,0.1535396622298979
GORASP1,-0.15298096893340496
GORASP2,0.09104609116709916
GOSR1,0.21195152516724658
GOSR2,0.08605903597310238
GOT1,-0.11605383649348244
GOT1L1,0.9925505974077775
GOT2,0.020316771868306382
GP1BA,-0.4515178431310971
GP1BB,-0.02498805439657459
GP2,1.7936227284025965
GP5,-0.33018420873029
GP9,0.16522927614759036
GPA33,0.7135051512191176
GPAA1,0.06531134308453179
GPALPP1,0.17921809491574425
GPAM,1.1495875103107125
GPAT3,-0.02474222741971399
GPAT4,0.011471850795736316
GPATCH1,0.13368542165434238
GPATCH11,-0.15696863042169262
GPATCH2,-0.045687451785141775
GPATCH2L,-0.013076517134833487
GPATCH3,0.15099651201148623
GPATCH4,-0.15472792230548738
GPATCH8,-0.014626031083115443
GPBAR1,0.4930746008164073
GPBP1,-0.054002441009595614
GPBP1L1,-0.027009173726320057
GPC1,-0.023990692215776654
GPC2,0.002678205614023099
GPC3,0.12281056287264652
GPC4,0.01728772808082457
GPC5,0.4146916741476172
GPC6,-0.8666478666090143
GPCPD1,0.06086343638615421
GPD1,0.2655177473945449
GPD1L,0.024397513249968306
GPD2,-0.22260594062531247
GPER1,0.05724417171644869
GPHA2,0.8704036934177795
GPHB5,-0.6950110609716293
GPHN,0.03272360598668733
GPIHBP1,-0.40957472945334805
GPKOW,-0.15333316617695125
GPLD1,0.05858787323765835
GPM6A,-0.17299545131265137
GPM6B,-0.23121686710746658
GPN1,-0.2488574065208633
GPN2,0.02387060815051445
GPN3,-0.19894180635495928
GPNMB,0.017534872791327927
GPR101,0.15253027345103032
GPR107,0.014517961106985222
GPR108,-0.06901861225390249
GPR119,0.7582560189782798
GPR12,0.16660010986706897
GPR132,-0.10321198506422657
GPR135,-0.7326196691020194
GPR137,-0.15927963364918174
GPR137B,0.1593490723730433
GPR137C,-0.01464161323360269
GPR139,1.1449120744844137
GPR141,-0.02120784053344149
GPR142,0.5376082641077291
GPR143,-1.0311584607404245
GPR146,0.19371300223666132
GPR148,-0.3750543902678538
GPR149,0.07428533850305641
GPR15,-0.6396231728701266
GPR150,-0.6439604386699577
GPR151,-0.23612129108925894
GPR152,0.05099971105543788
GPR153,-0.03384695277047989
GPR155,-0.03447017981404077
GPR156,0.4280705503843073
GPR157,0.005932181310035034
GPR158,-0.29262162031656125
GPR15LG,1.069205762409163
GPR160,-0.44569619918613324
GPR161,0.14122766227391437
GPR162,-0.2511560756603788
GPR17,-0.44465199244335807
GPR171,0.4081274527991572
GPR173,-0.0849700295037954
GPR174,0.5110695592543961
GPR176,0.05225210148890813
GPR18,-0.9652601271903893
GPR180,-0.1246236295491121
GPR182,0.6938776071504753
GPR183,0.49415016371909926
GPR19,0.2847924933477286
GPR21,0.07818030663716158
GPR22,1.1653545408608361
GPR25,0.5214644667643624
GPR26,-0.4091981672607557
GPR27,-0.6392930898114766
GPR3,-0.0345274723636102
GPR31,0.2962910679178926
GPR32,0.6021293556300836
GPR33,0.33787915203578645
GPR34,1.581301382535003
GPR35,0.08428601578259068
GPR37,0.39622172096932795
GPR37L1,0.25869192779551076
GPR39,0.756908603154073
GPR4,-0.9703785407951786
GPR42,-0.2887496665251865
GPR45,0.3419152186819747
GPR50,0.39182993722844833
GPR52,-0.4633273989616793
GPR55,0.6908933274319298
GPR6,0.4793260326370199
GPR61,0.38668989097599016
GPR62,0.18879651274050424
GPR63,-0.07279702429878743
GPR65,0.761656874248765
GPR68,-0.2450097145662662
GPR75,-0.9549875351273801
GPR78,-1.140791305791869
GPR82,-0.07266721945328247
GPR83,-0.38019404479229313
GPR84,0.6630458959335848
GPR85,0.19516324655783346
GPR87,0.7352673680560976
GPR88,-0.2753208152588211
GPR89A,-0.3082098074634567
GPR89B,-0.28890437469749664
GPRASP1,-0.7735773492640512
GPRASP2,0.04821679819994529
GPRASP3,-0.6704122743993739
GPRC5A,0.004254903404373511
GPRC5B,-0.09792226554369154
GPRC5C,-0.06383138513594289
GPRC5D,0.4879484824315169
GPRC6A,0.6232352016028176
GPRIN1,-0.24227294220752116
GPRIN2,0.006281998483066986
GPRIN3,-0.07848348660476345
GPS1,-0.1600598346142701
GPS2,-0.14822772674957907
GPSM1,-0.25584351921442194
GPSM2,-0.15698256175641323
GPT,0.05436585265371985
GPT2,-0.07224014974467607
GPX1,0.02488612673435231
GPX2,1.4246847984086908
GPX3,0.5480440796236512
GPX4,0.02257608084234075
GPX7,0.20129944463708993
GPX8,0.046171741206433775
GRAMD1A,0.36318847785018077
GRAMD1B,-0.21321781940790152
GRAMD1C,0.8775519715054304
GRAMD2A,-0.40714915743950253
GRAMD2B,-0.7166546745507596
GRAMD4,-0.34902510691671607
GRAP,0.6467769437859092
GRAP2,0.03589932259259232
GRAPL,-0.755514975315394
GRB10,0.721535525634583
GRB14,-0.46424665314158475
GRB2,0.0350138691933406
GRB7,-0.12345969569940407
GREB1,-2.273916351294175
GREB1L,0.0565311595575726
GREM2,0.13800031517247668
GREP1,-0.06809311379472804
GRHL1,0.12851186340911624
GRHL2,-0.5458453019135325
GRHL3,0.20145563682636514
GRHPR,0.13123646562521607
GRIA1,0.7886265617725674
GRIA2,0.17096512263053787
GRIA3,0.28637899439360637
GRIA4,-0.02180517549447769
GRID1,0.1091592162430417
GRID2,1.9487613966412818
GRID2IP,0.8231244110391029
GRIFIN,0.011026554980600567
GRIK1,0.15404409235108535
GRIK2,0.019586711173780635
GRIK3,0.24960523554046776
GRIK4,-0.13098030720086573
GRIK5,0.035425590360446235
GRIN1,-0.5244885756717865
GRIN2A,-0.17419945503513024
GRIN2B,0.4156525022962121
GRIN2C,-0.5095423541686537
GRIN2D,-0.07079699530936479
GRIN3A,0.08592608408288605
GRIN3B,0.13797605493345788
GRINA,-0.04113446796993436
GRIP1,0.21828738773176193
GRIP2,0.5040553720380414
GRIPAP1,-0.16897363145758337
GRK1,-0.1484614924673724
GRK2,-0.32225428325150896
GRK3,-0.12073429050758921
GRK4,0.0039839556325658165
GRK5,-0.09254017250400537
GRK6,-0.12052048115769676
GRK7,-0.06540770470695323
GRM1,-0.3461718739892096
GRM2,0.012450733888702048
GRM3,-0.30723770229689346
GRM4,0.21217971269125346
GRM5,-0.5772838338231594
GRM6,0.1379340447751316
GRM8,0.106290756006306
GRN,0.03436004937483794
GRP,0.16845473585114695
GRPEL1,-0.0863475646485945
GRPEL2,0.11216366820121237
GRPR,0.003387627905013124
GRSF1,-0.2302942858479815
GRTP1,-0.4936526391018097
GRWD1,-0.0615803694057222
GRXCR1,0.23723899106141966
GRXCR2,-0.25826318726888653
GSAP,0.3791887391062023
GSC,-0.3465426716626865
GSC2,0.46420435964276585
GSDMA,-0.20949492092207267
GSDMB,-0.3382193860111356
GSDMC,0.4661761649563044
GSDME,0.17424262665762535
GSE1,-0.8696053845130506
GSG1,0.3040675743961743
GSG1L,-0.4074609523166659
GSG1L2,-0.5031767934163295
GSK3A,-0.2041081245100136
GSK3B,-0.019304194849691036
GSKIP,0.056646469463300875
GSN,0.00019922889875434446
GSPT1,-0.06600750951603374
GSPT2,0.4375560167661541
GSR,-0.053048523910058876
GSS,-0.010863231352812974
GSTA1,-0.6772530913142167
GSTA2,1.712413739166409
GSTA3,0.86704880056827
GSTA4,0.0037205114564073938
GSTA5,-0.5655229718898315
GSTCD,-0.10953401218001968
GSTK1,0.636850894683756
GSTM1,-0.17053622861055207
GSTM2,0.29297986982347
GSTM3,-0.02242472752999891
GSTM4,-0.12957643764887372
GSTM5,-0.9540662107553793
GSTO1,0.3627052439985039
GSTO2,-0.07040708997596923
GSTP1,0.135081580678734
GSTZ1,-0.1079910910662587
GSX1,0.6767096511323433
GSX2,0.09316473755432342
GTDC1,-0.07038732838529516
GTF2A1,0.19836083333979815
GTF2A1L,-0.7532160454518515
GTF2A2,0.12558675650717266
GTF2B,0.14085779416657918
GTF2E1,0.06277202717627173
GTF2E2,0.013378201247340904
GTF2F1,0.026812513724840947
GTF2F2,0.1854306230424685
GTF2H1,0.06030328872681956
GTF2H3,-0.04427638960367464
GTF2H5,0.14765875661892913
GTF2I,0.7077924399369055
GTF2IRD1,0.10066519184542688
GTF2IRD2,-0.47706800082779166
GTF2IRD2B,-0.4010130741680209
GTF3A,-0.10876057839168851
GTF3C1,0.11702928665829049
GTF3C2,-0.061519326945309594
GTF3C3,0.055556689666333536
GTF3C4,0.28913087409825433
GTF3C5,0.11383605658808538
GTF3C6,-0.04394827495995024
GTPBP1,-0.06587777590019872
GTPBP10,0.014805549382036709
GTPBP2,0.101524827799099
GTPBP3,0.24096310886803085
GTPBP4,0.07360331934568709
GTPBP8,-0.09545221098961054
GTSE1,-0.16429662725246796
GTSF1,0.073574632936805
GTSF1L,-1.1917284073023084
GUCA1A,-0.8667901858745266
GUCA1ANB-GUCA1A,0.5654446194602188
GUCA1B,0.8948697742108275
GUCA1C,0.19329227212292333
GUCA2A,-0.584348293632829
GUCA2B,-0.11215009413420385
GUCD1,-0.022085514622931512
GUCY1A1,-0.21247649087461173
GUCY1A2,0.022024358286304224
GUCY1B1,0.20251848400424688
GUCY2C,0.024503296354664666
GUCY2D,-0.8349866729489153
GUCY2F,0.24537224828321236
GUF1,0.12283777977633381
GUK1,0.0433604879330467
GULP1,0.5524594318388731
GUSB,-0.06388089701983102
GVQW3,0.15272076324184525
GXYLT1,0.13554947831470443
GXYLT2,0.17092613922053612
GYG1,-2.9161520238574212e-05
GYG2,1.2236658662982018
GYPA,0.3779805115699968
GYPB,-0.04252057130137832
GYPC,-0.06755704670070184
GYPE,-0.9645106174284559
GYS1,-0.03663388222541286
GYS2,-0.2444279750818542
GZF1,0.04303285755288755
GZMA,0.18921357399706107
GZMB,-0.6556670555934017
GZMH,-0.06174615458379873
GZMK,-0.13550700591844964
GZMM,0.05439637144250198
H1-0,0.07548560007312499
H1-1,0.5898904409792922
H1-10,-0.1298915716959561
H1-2,0.1301046655918432
H1-3,0.03185033539367588
H1-4,0.16207510010226756
H1-5,0.07333716263249457
H1-6,0.33349722405074933
H1-7,0.9446130492882637
H1-8,0.1763058427908965
H2AB1,-0.8569556113765593
H2AC1,-0.507058594741324
H2AC11,-0.002789799212573385
H2AC12,0.6332528774657253
H2AC13,-0.09435112331535844
H2AC14,-0.08636201575386337
H2AC15,0.08542553724650137
H2AC16,-0.3302899139739145
H2AC17,-0.13982324239587385
H2AC18,-0.5699689900521929
H2AC19,-0.16325043873774714
H2AC20,0.02331950893543766
H2AC21,0.0004976428270744293
H2AC25,0.07017041646730604
H2AC4,0.05136319073609297
H2AC6,-0.07224202272691738
H2AC7,0.03858577878658043
H2AC8,0.06106864684407859
H2AJ,0.31672614415215167
H2AL1Q,-0.31123471129972735
H2AL3,-0.23244704562042773
H2AP,-0.4306431987020898
H2AX,-0.029294639028326408
H2AZ1,0.012375711140064638
H2AZ2,-0.05980529111045296
H2BC1,-0.11606026333511177
H2BC10,0.24079618234551337
H2BC11,-0.006043018147123824
H2BC12,0.16677903518218828
H2BC13,-0.08416154909649354
H2BC14,-0.0825828909199755
H2BC15,0.09917846068324199
H2BC17,-0.1367929087213211
H2BC18,-0.03695602646067009
H2BC21,0.03869988512175038
H2BC26,0.07074259773189784
H2BC3,-1.0063655821021555
H2BC4,-0.06438089477554332
H2BC5,-0.023244305135820653
H2BC6,0.09732933932944121
H2BC7,0.04624696522412197
H2BC8,0.11729762012448985
H2BC9,-0.6492732995868434
H2BK1,0.13857057930573857
H2BN1,0.737498394765705
H2BW1,0.5993296720399397
H2BW2,-0.1679652017071278
H3-3A,-0.10071079091574475
H3-3B,-0.04055259881938422
H3-4,0.31475397440336506
H3-5,-0.6081952182608498
H3-7,0.2818492502476251
H3C1,0.06370616827434628
H3C10,-0.06468287306381182
H3C11,-0.06071675637306484
H3C12,-0.1340363488898504
H3C13,-0.5222285606472736
H3C14,0.9530413613209725
H3C15,-0.6524838388331453
H3C2,-0.04668835653579517
H3C3,-0.5694081956328026
H3C4,-0.121628148300573
H3C6,-0.8478815332949667
H3C7,-1.0814809423578837
H3C8,-0.02670784618266797
H3Y1,1.4958443147824734
H3Y2,0.5684273985472107
H4C1,0.12407509019730867
H4C11,-0.10131234237235365
H4C12,-0.09171315208608188
H4C13,-0.1101693813841127
H4C14,-0.2793510501731972
H4C15,-1.838983296302493
H4C16,0.14458858881727732
H4C2,-0.040617765346609325
H4C3,0.29136590924991856
H4C4,-0.0914840007622022
H4C5,-0.023080157212170604
H4C6,-1.004032729583944
H4C7,-0.7189122597203937
H4C8,-0.01333968706904276
H4C9,-0.19287731773770656
H6PD,-0.06946788377524982
HAAO,-1.3137951787560582
HABP2,-0.16606220156171125
HABP4,-0.01180443385148422
HACD1,-0.26339295081575465
HACD2,0.005860843183287834
HACD3,-0.03074144362780995
HACD4,-0.14360436789262643
HACE1,-0.21268411463600234
HACL1,0.06742838482397762
HADH,-0.03338960926353085
HADHA,-0.08853361955217043
HADHB,0.2548759125453506
HAGH,0.0
HAGHL,-0.18695981451384025
HAL,-0.29857207951264786
HAMP,-0.15554310280005001
HAND1,0.4868299324002415
HAND2,-0.5680190724188172
HAO1,-0.705803403715315
HAO2,1.1039746653765201
HAP1,-0.41475292875625236
HAPLN1,1.1522546176705692
HAPLN2,-0.23658567416462106
HAPLN3,0.2066247115003672
HAPLN4,-0.22779094698430669
HAPSTR1,-0.0583919530530288
HAPSTR2,-0.7847301106896512
HARBI1,0.03965036709766423
HARS1,0.49528113686397734
HARS2,0.5006040176766522
HAS1,0.44949675660910604
HAS2,0.2154811295812349
HAS3,-0.21510252818413234
HASPIN,0.21139148109654649
HAT1,-0.1711862119719596
HAUS1,-0.19142249094113817
HAUS2,0.14891643415121525
HAUS3,0.04402098286773448
HAUS4,0.11104348961035537
HAUS5,-0.19060494782335002
HAUS6,0.16424890135833436
HAUS7,-0.646349111608154
HAUS8,0.13963186667146044
HAVCR1,-0.9011143190292558
HAVCR2,0.015768208393653893
HAX1,-0.008374736355793999
HBA1,0.4015252633362943
HBA2,0.8330023752107747
HBB,0.32780095573144474
HBD,0.773980017507775
HBE1,-0.06417835391478627
HBEGF,0.13323482341397552
HBG1,0.7690214798690769
HBG2,-0.09646136971735414
HBM,-0.7405422805513017
HBP1,0.068483359221446
HBQ1,-0.13248781878675953
HBS1L,0.11177988799612892
HBZ,-0.44682467650235347
HCAR1,0.19654724808019974
HCAR2,-0.6959138163307952
HCAR3,-0.8025370615188181
HCCS,0.0
HCFC1,-0.06019412175829775
HCFC1R1,-0.024910579059494786
HCFC2,-0.11272881141592794
HCK,0.19311666194717853
HCLS1,0.0887045222482854
HCN1,-0.7951927187748713
HCN2,-0.09881664976252136
HCN4,0.11786922595402982
HCRT,0.24031361563395048
HCRTR1,-0.3172209258808869
HCRTR2,-0.36252965085348077
HCST,0.1192402059449158
HDAC1,0.057272919422581836
HDAC10,-0.06468027398512444
HDAC11,-0.006554699518214413
HDAC2,0.22754153243522152
HDAC3,-0.28370718688158725
HDAC4,-0.10173787425707115
HDAC5,-0.28993173076564727
HDAC6,-0.0028338875633284744
HDAC7,-0.07545630168082607
HDAC8,-0.47287979692739013
HDAC9,-0.22782639561692597
HDC,0.5965309473969588
HDDC2,0.3105263615828462
HDDC3,-0.1555824127587151
HDGF,0.07297813006786313
HDGFL1,0.22542741141336264
HDGFL2,0.015018002818712795
HDGFL3,0.22260667946496016
HDHD2,0.22481835189228772
HDHD3,-0.18255759665244709
HDHD5,-0.4565766171343744
HDLBP,-0.06542645618572784
HDX,0.35292518242063387
HEATR1,0.10495836909200662
HEATR3,0.07509953431373528
HEATR4,0.1217173859530103
HEATR5A,0.05800147056436433
HEATR5B,-0.1599726050535364
HEATR6,0.011065593427713516
HEBP1,-0.009472582817239505
HEBP2,-0.2850052862495902
HECA,0.1964838881342037
HECTD1,-0.0933920854204624
HECTD2,0.09908743700349465
HECTD3,-0.2153625823974652
HECTD4,-0.07430913511286708
HECW1,0.3563929128343028
HECW2,-0.16904575891386076
HEG1,-0.07885344445155118
HELB,0.2910195008035168
HELLS,-0.2480849423961522
HELQ,0.07864717438592184
HELT,-0.003556564455185776
HELZ,-0.10874843411212787
HELZ2,0.022742900097493024
HEMGN,-0.4376369074787687
HEMK1,0.03714697134478939
HENMT1,-0.01342379819873063
HEPACAM,0.21703413396035673
HEPACAM2,0.95791456743117
HEPH,0.27161749528862855
HEPHL1,-0.27207044890165266
HEPN1,0.03156976186240476
HERC1,-0.11374358284167752
HERC3,-0.13542232014916689
HERC4,0.16987138574174132
HERC5,-0.15406255340676722
HERC6,-0.27191214036097255
HERPUD1,0.08686297705089174
HERPUD2,0.009418087823969301
HES1,0.2595073508494963
HES2,-0.3131938946052495
HES3,0.0043292614777135086
HES4,0.03733867290423021
HES6,0.10451738796505561
HES7,-0.09239877833591414
HESX1,0.041948327347263614
HEXA,-0.16963187134788882
HEXB,-0.07176209707342718
HEXD,0.24294300781292133
HEXIM1,0.04546138448724957
HEXIM2,-0.28730998864985935
HEY1,0.13134335041070244
HEY2,0.18633042445424985
HEYL,-0.3605425135130371
HFE,0.2691358178699583
HFM1,-0.0026996852347673794
HGD,1.0243101957851273
HGF,0.10586401382009236
HGFAC,-0.0408814510578166
HGH1,-0.010698463761954713
HGS,0.04205956337917005
HGSNAT,-0.14499415010659167
HHAT,0.09254073512848393
HHATL,0.5361494105815099
HHEX,-0.205988499267598
HHIP,0.1741130487723348
HHIPL1,-0.7654722224401805
HHIPL2,-0.26244315024644527
HHLA1,0.47719314536397023
HHLA2,0.12780406146380235
HIBADH,-0.07994621456268103
HIBCH,0.4205497759763806
HIC1,-0.03979365724433315
HIC2,-0.14278568408977227
HID1,-0.2689890726972104
HIF1A,-0.15132701075999933
HIF1AN,0.012994514779730792
HIF3A,0.32813817799225664
HIGD1A,0.05657207833631084
HIGD1B,-0.6627053204418987
HIGD1C,0.7711536030958285
HIGD2A,-0.07702231429195905
HIGD2B,0.030005635881425796
HIKESHI,0.013541212064069441
HILPDA,0.07083288260222265
HINFP,0.12334857807997945
HINT1,0.6102974451798415
HINT2,0.03674721137568415
HINT3,0.15253255102690488
HIP1,0.01603223001627363
HIP1R,-0.1617584851214482
HIPK1,0.2562627246862963
HIPK2,0.09607148824939671
HIPK3,-0.041625571626020985
HIPK4,-0.44417205799514725
HIRA,0.02071940678525941
HIRIP3,-0.020194977472756115
HIVEP1,0.049142966965408874
HIVEP2,-0.17473414315520164
HIVEP3,0.17381265942701773
HJURP,-0.0053376869279588846
HJV,0.022719485511082382
HK1,1.7529453161051818
HK2,-0.07913251454045511
HK3,-0.008081108110826518
HKDC1,0.574065199995955
HLA-A,-0.3956062600484206
HLA-B,-0.10081663117240747
HLA-C,-0.8147791170803136
HLA-DQB1,1.1056860318229007
HLA-DRB1,-0.6693976974153855
HLA-DRB5,-0.5077044539734814
HLA-F,-0.9556343220185615
HLCS,-0.014251332002447548
HLF,-0.07814939696409828
HLTF,0.05168460697986088
HLX,0.04459275644471161
HM13,-0.08143726373840376
HMBOX1,-0.09641505057298172
HMBS,-0.244712687373279
HMCES,0.01588672524477186
HMCN1,0.5426268373134404
HMCN2,0.050599947451968774
HMG20A,0.26892437472297903
HMG20B,-0.07663778812057132
HMGA1,0.08944219874538728
HMGA2,-0.15523319348888664
HMGB1,0.07003432694455736
HMGB1P1,0.017913004200104332
HMGB2,-0.12950990129997564
HMGB3,0.8607660642466841
HMGB4,-0.27948406630653566
HMGCL,0.10357962751052341
HMGCLL1,1.5575621325076299
HMGCR,-0.01190259850964459
HMGCS1,0.09273968189220128
HMGCS2,0.20104665394030652
HMGN1,0.16169402492313
HMGN2,-0.057200516669731805
HMGN3,0.31483335473458096
HMGN4,0.07167624287752883
HMGN5,-0.2254087822568862
HMGXB3,-0.0750048500240812
HMGXB4,-0.09177271525279185
HMHB1,-0.6564731080428781
HMMR,0.10093602600001539
HMOX1,0.3064588866958702
HMSD,0.5225969515864005
HMX1,-0.4903605989985341
HMX2,0.07767454969452725
HMX3,0.20019467703347793
HNF1A,-0.19936284841229152
HNF4A,-0.15126360405052902
HNF4G,0.23560799137040547
HNMT,-0.4485941251079312
HNRNPA0,0.07243641870749595
HNRNPA1,0.0617377641190604
HNRNPA1L2,-0.5877527610168715
HNRNPA1L3,0.5876980562789982
HNRNPA2B1,0.03171708117837557
HNRNPA3,-0.06148453143456667
HNRNPAB,0.09960135587134644
HNRNPC,-0.043354836845042044
HNRNPCL1,1.3270227534206662
HNRNPD,-0.13279951955137737
HNRNPDL,-0.018537910180202566
HNRNPF,-0.02603330313175789
HNRNPH1,-0.47324834435898067
HNRNPH2,0.0021454869893746675
HNRNPH3,-0.07612648451261261
HNRNPK,0.048515696145781106
HNRNPL,0.03202441851703419
HNRNPLL,-0.14165300994124053
HNRNPM,-0.017048124591353186
HNRNPR,0.11006999892385227
HNRNPU,0.10722336965320967
HNRNPUL1,0.26105333529877406
HNRNPUL2,-0.05889669749106918
HNRNPUL2-BSCL2,-0.049094578117645504
HOATZ,-0.4155769449585842
HOGA1,-0.3402790981938818
HOMER1,-0.06344479709351614
HOMER2,-0.2059511886987595
HOMER3,-0.010758001545609464
HOMEZ,-0.1474173654945573
HOOK1,-0.20297504648416587
HOOK2,-0.6075651484341741
HOOK3,-0.05019553693776668
HOPX,1.1632706599405627
HORMAD1,-0.45027747601238
HORMAD2,-0.010487974424738644
HOXA1,0.07790351192653411
HOXA10,-0.027361104667465774
HOXA11,-0.3412647329599068
HOXA13,0.03352691911802541
HOXA2,0.1626476785890315
HOXA3,0.7010915303461499
HOXA4,-0.7341901120070383
HOXA5,-0.5047548070070509
HOXA6,0.09864678250683312
HOXA7,0.048370238738646765
HOXA9,0.13819647055695455
HOXB1,-0.1885964028470593
HOXB13,-0.38143173864616164
HOXB2,-0.21853844035216174
HOXB3,-0.4511704705472941
HOXB4,-0.1874892503505734
HOXB5,0.1333511408452912
HOXB6,-0.3350343099988173
HOXB7,0.5385296712166185
HOXB8,0.11394982138834031
HOXB9,0.42886236040689774
HOXC10,-0.5004466005932142
HOXC11,0.005713421502692606
HOXC12,-0.030846652433404564
HOXC13,0.09474146933289918
HOXC4,0.21097870402261565
HOXC5,0.04069174505779882
HOXC6,0.4858394605029277
HOXC8,0.13014723097186387
HOXC9,0.2767304320090531
HOXD1,-0.5217918743856641
HOXD10,-1.1438397112442644
HOXD11,-1.5670109168355588
HOXD12,-0.18678509154013345
HOXD13,-0.05296258476739091
HOXD3,-0.6478213301343061
HOXD4,0.22043877516097632
HOXD8,-0.04677989623754275
HOXD9,0.5055000887579654
HP,0.8465964141918065
HP1BP3,-0.13816757438115346
HPCA,-0.4052636187898593
HPCAL1,-0.08968921822142661
HPCAL4,-0.5804334246034797
HPD,-0.27155109047241943
HPDL,0.25842793967552025
HPF1,-0.0572967960437909
HPGD,0.31067238814934095
HPGDS,0.4772639856576255
HPN,-0.10861753768948113
HPR,-0.35055524716651143
HPRT1,0.03356239354127499
HPS1,0.12209772927814555
HPS3,-0.10674497477256484
HPS4,0.028156227820288038
HPS5,0.06415954860836148
HPS6,-0.13857230455809066
HPSE,0.30853581392810625
HPSE2,0.1680880420372815
HPX,0.8214904355619965
HR,-0.6329170224207581
HRC,-0.28353721586917824
HRCT1,-0.0328791097171246
HRG,0.5235095719251344
HRH1,-0.03675341145404343
HRH2,-0.7441138965413666
HRH3,0.099540935352739
HRH4,0.723882567477569
HRK,0.24197003954784124
HRNR,0.503336770096029
HROB,-0.05876092896959406
HRURF,-0.3995379127562031
HS1BP3,-0.181447906285781
HS2ST1,0.14244066014259182
HS3ST1,-0.5807045337647448
HS3ST2,0.4664708492991232
HS3ST3A1,-0.8160003245073988
HS3ST3B1,0.16433692166011848
HS3ST4,-0.4047787390512354
HS3ST5,-0.32229947569543027
HS6ST1,0.0929572907237537
HS6ST2,0.00519567356292705
HS6ST3,-1.4463400808078963
HSBP1,-0.08593198316070438
HSBP1L1,-0.1986135781055216
HSCB,-0.1944640650434426
HSD11B1,0.5242944933403717
HSD11B1L,-0.24848238305925285
HSD11B2,-0.24955473508840198
HSD17B1,-0.2613625099104061
HSD17B10,-0.2206689574696199
HSD17B11,0.25713252624563276
HSD17B12,-0.350762361113766
HSD17B13,1.2015933968738925
HSD17B14,-0.11738515533532468
HSD17B2,1.056795762474314
HSD17B3,1.139862073908017
HSD17B4,-0.27237875369730435
HSD17B6,-0.004666701372206816
HSD17B7,-0.19421316518254317
HSD3B1,-0.12067982093257723
HSD3B2,0.23050473775338481
HSD3B7,-0.4297492556829594
HSDL1,-0.5450661146421387
HSDL2,0.14132158756872837
HSF1,-0.011697435538951417
HSF2,0.21071881845104556
HSF2BP,0.005456986335872216
HSF4,-0.08439134073069443
HSF5,-0.37305896189482557
HSFX3,-0.8212072051062833
HSFX4,-0.7240834399788434
HSH2D,-0.2767722137683051
HSP90AA1,-0.07585486212400205
HSP90AB1,-0.006352186911374069
HSP90B1,-0.010217194044027877
HSPA12A,0.12638828542269298
HSPA12B,-0.7213734349414542
HSPA13,0.19123489086858658
HSPA14,0.039188921798081644
HSPA2,0.5932150558633733
HSPA4,-0.11690733727138358
HSPA4L,-0.09583064563374766
HSPA5,0.1366912166333778
HSPA6,-0.2255476153719167
HSPA8,0.06051921147022199
HSPA9,-0.037933351446496566
HSPB1,0.3925953778497471
HSPB2,-0.592436045982166
HSPB2-C11orf52,-0.5910290111047807
HSPB3,-1.0130633902661228
HSPB6,-0.23854300996383326
HSPB7,-0.3342137746676942
HSPB8,0.4061424191771912
HSPB9,0.30576729074718156
HSPBAP1,-0.08947354622381187
HSPBP1,0.23423818106457261
HSPD1,-0.048009917717389605
HSPE1,-0.04304587882813671
HSPE1-MOB4,-0.05687979978304991
HSPG2,-0.16447133258633118
HSPH1,0.22280079749630222
HTATIP2,-0.07979208011696298
HTATSF1,-0.04764112601516057
HTD2,0.2277754930161917
HTN1,1.73123861386196
HTN3,1.1567624376371075
HTR1A,0.41112974919030176
HTR1B,0.4616485781364775
HTR1D,-0.1677752960775898
HTR1E,-0.4022828554669715
HTR1F,0.019648846811702203
HTR2A,0.4665638120979776
HTR2B,0.37179795685672
HTR2C,-0.5148116371353313
HTR3A,0.4719391671859924
HTR3B,0.118472126041824
HTR3C,0.4019768763510788
HTR3D,-0.3226860151736465
HTR3E,0.4983129467185107
HTR4,1.6811419354338717
HTR5A,0.02647686313244213
HTR6,-0.0038658626987424505
HTR7,0.05507213509368292
HTRA1,-0.8276494472505045
HTRA2,-0.19402876218841492
HTRA3,-0.7064966821562704
HTRA4,0.8912343549988373
HTT,-0.018097455127805723
HUNK,0.1261622137518632
HUS1,-0.16542046775252217
HUS1B,1.0327734073429826
HUWE1,-0.060490200825395135
HVCN1,0.676175155934027
HYAL1,0.385536320270517
HYAL2,-0.06282289114687334
HYAL3,0.007133749550369828
HYAL4,-0.35186822120503325
HYCC1,0.12213118220574426
HYCC2,0.08123764877093098
HYDIN,-0.06698294138554528
HYI,0.17163399864195972
HYKK,-0.006794221477190554
HYLS1,-0.6098796291206161
HYOU1,-0.08942618499428612
HYPK,0.08644179320722903
IAH1,-0.0564179241841245
IAPP,-0.023815675337668818
IARS1,0.112059767548498
IARS2,-0.32964958834011515
IBA57,0.0008950585663036748
IBSP,0.10640924591361856
IBTK,0.17596652002870616
ICA1,-0.20996381117556595
ICA1L,0.0017793966754169332
ICAM1,0.010902020466548201
ICAM2,0.005133963319787327
ICAM3,-0.013458257208313285
ICAM4,0.2607470050483869
ICAM5,0.061081654499457905
ICE1,-0.11205690693632464
ICE2,-0.12498715216379175
ICMT,-0.08096487051505452
ICOS,0.23897502881640342
ID1,-0.07943563429121703
ID2,0.2630448351500423
ID3,-0.04522431833977869
ID4,1.2595562805226417
IDE,-0.12692986667006068
IDH1,-0.12482422821085759
IDH2,-0.20235964202417556
IDH3A,-0.2628301331255045
IDH3B,0.11521889189990642
IDH3G,-0.03282774760161988
IDI1,0.07425399576552216
IDI2,0.2659393584568872
IDNK,-0.1467843050415052
IDO1,0.9817188419606178
IDO2,0.21904664711188682
IDS,-0.007171356096624226
IDUA,0.2609742029224593
IER2,0.1955476130703513
IER3IP1,0.1791816627991576
IER5,0.14101675583665774
IER5L,-0.07272768500451221
IFFO1,-0.02929637008238295
IFFO2,0.27860434020945135
IFI16,-0.2320689639788926
IFI30,-0.4382670791717369
IFI35,0.34122787159457246
IFI44,0.567168896323724
IFI44L,-0.1452491087310792
IFI6,-0.16457598540246376
IFIH1,-0.2676601834947614
IFIT1,-0.3986914082762265
IFIT1B,0.6998899055632832
IFIT2,0.4367973553545952
IFIT3,-0.08830364619415054
IFIT5,0.1665325928018504
IFITM1,0.5975249507197218
IFITM10,-0.8292271204279291
IFITM2,0.44588762412525407
IFITM3,0.048855288106604444
IFITM5,0.12812187148136056
IFNAR1,-0.13085372590707411
IFNAR2,0.09270229637928518
IFNAR2-IL10RB,-0.17348552139399498
IFNB1,-0.15202436281143933
IFNG,0.3763203392586359
IFNGR1,0.10749375619643509
IFNGR2,0.16146641630629333
IFNK,0.4640369597778353
IFNL1,0.4588368702491884
IFNL2,-0.8883654383668721
IFNL3,-0.4860593754941577
IFNL4,-0.182661734891763
IFNLR1,-0.187234677069962
IFRD1,0.579209867690174
IFRD2,0.065066172372088
IFT122,-0.07431270035618631
IFT140,-0.017642432752151826
IFT172,0.03758322993380059
IFT20,0.11420583773499526
IFT22,0.0023339271797624406
IFT25,-0.01866831860920737
IFT27,0.08378941525340178
IFT43,0.7962850130068314
IFT46,0.2582805397594985
IFT52,-0.06039143763501631
IFT56,0.02223070397451643
IFT57,0.06051710251916731
IFT70A,0.09324976144072128
IFT70B,-0.029125096643310755
IFT74,-0.15970990362992055
IFT80,-0.046747248739858804
IFT81,0.07840945635257146
IFT88,-0.11449830988724852
IFTAP,0.039326720248776925
IGBP1,0.06996005735264621
IGBP1C,-0.09689084975455398
IGDCC3,-0.17664380100890809
IGDCC4,-0.058507743612173396
IGF1,-0.0422107183879841
IGF1R,-0.04258306631058684
IGF2,0.17336686086689057
IGF2BP1,0.03279579379112185
IGF2BP2,0.2905357670055495
IGF2BP3,0.009777951298907794
IGF2R,-0.23987311561443425
IGFALS,0.27650757990665453
IGFBP1,-0.6246676503139198
IGFBP2,-0.3268317126736857
IGFBP3,-0.009659398917548412
IGFBP4,-0.11981123268356031
IGFBP5,-0.06843655874927057
IGFBP6,0.08681728761322027
IGFBP7,-0.16042369593279515
IGFBPL1,-0.5923140288611153
IGFL1,-0.6304649416663101
IGFL2,-0.048004151672643935
IGFL3,0.5366021467402022
IGFL4,-0.1273462190458714
IGFLR1,0.8553421172296245
IGFN1,0.18691915594141023
IGHMBP2,-0.21047227655679546
IGIP,-0.5941248787903604
IGLL1,-0.13613213685552195
IGLL5,-0.045190188363883055
IGLON5,0.02797634704382368
IGSF1,0.29169443161697056
IGSF10,-0.03622473416509653
IGSF11,-0.3183803034291992
IGSF21,-1.0889515801704193
IGSF22,0.2687173618049478
IGSF23,0.14067132302291807
IGSF3,-0.3136290816055127
IGSF5,-0.8244033473574164
IGSF6,0.5013736224705114
IGSF8,-0.06868542108423359
IGSF9,0.18167655475851996
IGSF9B,0.12529206368480317
IHH,0.031136074014313342
IHO1,-0.5672471006744098
IK,-0.02118855341128434
IKBIP,-0.014080010625720618
IKBKB,0.21276245402350025
IKBKE,0.2956476245251123
IKBKG,0.6569883417047978
IKZF1,-0.06052292130558712
IKZF2,0.17349971674692188
IKZF3,-0.1127879160167784
IKZF4,-0.5880855264921138
IKZF5,-0.012292655113286699
IL10,0.35670534292131484
IL10RA,-0.1594540642950273
IL10RB,0.1032726979980585
IL11,-0.023290928083523177
IL11RA,-0.20329793024851528
IL12A,0.05008610577196082
IL12B,-0.08183257815741918
IL12RB1,0.48751661851328243
IL12RB2,0.26452911485411823
IL13,-0.4483363009689279
IL13RA1,-1.0039690266882484
IL13RA2,0.4641605247611844
IL15,-0.02985678979284856
IL15RA,0.1130085395394298
IL16,0.6869840939920053
IL17A,0.23589221457695875
IL17B,-0.22789497216912025
IL17C,0.02822936851272173
IL17D,0.5505846178746909
IL17F,-0.6775658080217345
IL17RA,-0.10496683254619743
IL17RB,0.12904345155765073
IL17RC,0.03499979914449303
IL17RD,0.2530313491152931
IL17RE,-0.09748562473779199
IL17REL,-0.41816231520838887
IL18,-0.0028099166182176116
IL18BP,-0.015141910567540773
IL18R1,0.7264381442917229
IL18RAP,0.7218012650481586
IL19,0.04542130881142237
IL1A,-0.8096397836695881
IL1B,0.8376761387885219
IL1F10,0.6289140346252954
IL1R1,-0.388935772715026
IL1R2,-1.2537861317393153
IL1RAP,0.40696404093293204
IL1RAPL1,0.6998475627304559
IL1RAPL2,0.19028810771992494
IL1RL1,0.7207226320800498
IL1RL2,-0.24073811208138374
IL1RN,-0.46403693878569463
IL2,1.1934153667477931
IL20,-0.874295244420506
IL20RA,-0.042856608294008613
IL20RB,0.7269741218633468
IL21,-1.0966283673279387
IL21R,-0.08008959376481517
IL22,-0.15756563589195283
IL22RA1,0.749429336102265
IL22RA2,0.1950213991572347
IL23A,0.04172428372439718
IL23R,0.44675723129053213
IL24,0.056376053674916826
IL25,-0.0041739101054101
IL26,-0.06680325066579407
IL27,-0.39824891173712057
IL27RA,0.18617678495765588
IL2RA,0.345310820520341
IL2RB,0.11896369596846518
IL2RG,0.24013347139340002
IL3,0.02254512578853829
IL31,1.1405587752235946
IL31RA,0.5267908403804202
IL32,0.13678408610686232
IL33,-0.7785077423846235
IL34,-0.8509883043718496
IL36A,-0.36035325583988553
IL36B,0.7775354243591344
IL36G,-0.18893181151064908
IL36RN,2.3037698074266286
IL37,0.3592690790184094
IL4,-0.8168900788289255
IL4I1,-0.03560214662401329
IL4R,-0.2460564033568997
IL5,0.10763183913911156
IL5RA,-0.24982548363102897
IL6,0.22121576088693073
IL6R,0.3344589066846737
IL6ST,-0.005437841756712913
IL7,0.44328886590131217
IL7R,-0.33287503406301233
IL9,-0.7533929958240817
IL9R,0.0
ILDR1,-0.16282471567712564
ILDR2,-0.1617215612002365
ILF2,-0.021609191089918767
ILF3,0.1751316755762371
ILK,0.2256022639485149
ILKAP,0.07326425055983421
ILRUN,0.11961409925930333
ILVBL,-0.03500987529093891
IMMP1L,0.22863330941453341
IMMP2L,0.08443455749067486
IMMT,-0.020875422093789453
IMP3,-0.5012811399495989
IMP4,0.0317006520932086
IMPA1,0.1192807509477225
IMPA2,-0.19421971537625016
IMPACT,0.8605577047851714
IMPDH1,0.012051851041434247
IMPDH2,-0.016433360857510237
IMPG1,-1.8705031551534226
IMPG2,-0.8303737107331182
INA,0.15673144707230735
INAFM1,0.21971523300451334
INAFM2,-0.21423375183889792
INAVA,0.29720760895485326
INCA1,-0.07371789444280541
INCENP,0.04787719147584646
INF2,0.3795591102744542
ING1,0.06147719191097689
ING2,-0.2579337808621798
ING3,0.030858894444225626
ING4,0.1104519762220244
ING5,-0.1677494861395301
INHA,0.1488743723511835
INHBA,-0.16623736359157015
INHBB,-1.746813343996874
INHBC,-0.03969309248531627
INHBE,0.0976997420216632
INIP,0.09888478765441011
INKA1,-0.08229432419441718
INKA2,0.15222396681673622
INMT,0.6030359916803126
INMT-MINDY4,0.09454564412117483
INO80,0.0931007330437108
INO80B,0.048856602952513484
INO80B-WBP1,0.04850992332086701
INO80C,0.10488489271533741
INO80D,0.19077875759955454
INO80E,-0.029362846228459638
INPP1,-0.23531408642008694
INPP4A,0.22073493204455508
INPP4B,-0.1137919944995529
INPP5A,-0.05852169216316394
INPP5B,0.3434409330192003
INPP5D,0.03663148050876952
INPP5E,-0.19537750103080143
INPP5F,-0.08160852908650096
INPP5J,-0.49135863564399795
INPP5K,-0.04083604321057965
INPPL1,0.05044374554296738
INS,0.1302944684133731
INS-IGF2,0.14180243361951428
INSC,-0.4127031314583913
INSIG1,0.053258752238487084
INSIG2,0.16285928101018676
INSL3,0.8855283061081082
INSL4,-0.17320827794043975
INSL5,-0.21424162317235895
INSL6,-0.2699540146412889
INSM1,-0.0022057097349090504
INSM2,-0.12990244687939878
INSR,-0.27709933509964113
INSRR,0.203397470683496
INSYN1,-0.4779496142269658
INSYN2A,0.6348125439049915
INSYN2B,0.016105477967709114
INTS1,0.07327644716240123
INTS10,0.08349487479780215
INTS11,-0.35371531051153315
INTS12,-0.059939525686682704
INTS13,0.05157544210576326
INTS14,-0.2230406331649819
INTS15,0.07970337723487741
INTS2,0.24671912920000683
INTS4,0.09590291119069239
INTS5,0.030233330287148696
INTS6,0.3132836258488432
INTS6L,0.067521376204704
INTS7,0.11358344525130626
INTS8,-0.05442052843790335
INTS9,-0.09687485067633173
INTU,-1.377406611047992
INVS,0.0344833702113343
IP6K1,-0.10407547332279066
IP6K2,-0.3504554198877785
IP6K3,-0.500444498906333
IPCEF1,-0.13310324626857106
IPMK,0.1595901958428394
IPO11,-0.17161041347525163
IPO13,-0.06967918364874315
IPO4,-0.17909318039836108
IPO5,0.40543740702097686
IPO7,-0.2259996008144478
IPO8,0.09009743318694419
IPO9,0.2039710209031167
IPP,-0.09482336236222366
IPPK,-0.03133333893204249
IQCA1,0.06248861615622481
IQCA1L,-0.284429427617793
IQCB1,-0.052549061178943646
IQCC,-0.05415867357764714
IQCD,0.10476895130968611
IQCE,-0.012272423262412069
IQCF1,0.4250962927755074
IQCF2,0.7011070147683044
IQCF3,-0.06052065627552902
IQCF5,-0.5515207277410985
IQCF6,-0.5997965026935768
IQCG,0.045808409256785865
IQCH,0.033585430021656926
IQCJ,1.3910492194507829
IQCJ-SCHIP1,1.535154501567622
IQCK,0.06529128223999492
IQCM,-0.17134537630776658
IQCN,0.31517804644705927
IQGAP1,-0.09308112851182937
IQGAP2,0.2552193276781507
IQGAP3,0.2582574540303546
IQSEC1,-0.09799473627573319
IQSEC2,0.13449525276817464
IQUB,0.06776603636256517
IRAG1,0.2736528653502166
IRAG2,-0.49668306180642263
IRAK1,-0.21596817712275662
IRAK1BP1,0.08689285515799927
IRAK2,-0.6701091788058575
IRAK3,0.05946395982441055
IRAK4,-0.13674013031481902
IREB2,-0.23329558688331709
IRF1,-0.13602270025768415
IRF2,-0.09394957325878561
IRF2BP1,0.08719133999405049
IRF2BP2,0.14763835190276442
IRF2BPL,0.04927045057898738
IRF3,0.007521023634957658
IRF4,0.8103075864352356
IRF5,0.11326638402562172
IRF6,0.909715959859434
IRF7,-0.029693189272318805
IRF8,-0.8230745752401845
IRF9,-0.07008033763931909
IRGC,-0.03385850175808547
IRGM,0.056515743394208506
IRGQ,-0.061460450617673246
IRS1,0.12015525479698486
IRS2,-0.4136754289425517
IRS4,0.4641605247611844
IRX1,-0.65009507799983
IRX2,-0.9920879724664975
IRX3,-0.062027998588496835
IRX4,-0.3463052792662959
IRX5,-0.12267078615915672
IRX6,-0.8357736287128701
ISCA1,0.036291971492992126
ISCA2,-0.04803125874962699
ISCU,-0.004136480468570625
ISG15,-0.003999848674292039
ISG20,-0.1331233854449998
ISG20L2,-0.1787915530490416
ISL1,0.8536151115700177
ISL2,0.015446779937239974
ISLR,-0.7749267101736739
ISLR2,-1.3048719123617412
ISM1,-0.14340363217099217
ISM2,-0.04161537167721674
ISOC1,-0.014886262403532413
ISOC2,0.06583971834073932
IST1,0.010551483493435931
ISX,0.10997950745422803
ISY1,0.2385338454214878
ISY1-RAB43,0.23488295552614158
ISYNA1,-0.0033795191421464033
ITCH,0.19220651963304736
ITFG1,-0.10665540134312945
ITFG2,0.009720224278321865
ITGA1,0.42390843086567886
ITGA10,-0.5580424156649844
ITGA11,0.058774690123261975
ITGA2,-0.16259177481495612
ITGA2B,-0.057715471191988055
ITGA3,-0.03156151795670148
ITGA4,-0.09905138694510818
ITGA5,-0.12672768211473118
ITGA6,-0.21487950063761607
ITGA7,-0.25295252391527345
ITGA8,0.5324293764437427
ITGA9,0.13392840254951333
ITGAD,-0.3910537028337547
ITGAE,0.35079506299303476
ITGAL,-0.26655824194540845
ITGAM,0.9367786470841326
ITGAV,0.01504506097467928
ITGAX,0.2587517519474416
ITGB1,1.4132781133729517
ITGB1BP1,-0.02030697372805168
ITGB1BP2,-0.2547901114192863
ITGB2,0.2432590824159684
ITGB3,-0.09732594655114024
ITGB3BP,-0.0037659242402563464
ITGB4,-0.07279249999305293
ITGB5,0.24373095788328003
ITGB6,1.0303252652247197
ITGB7,-0.33288566108555107
ITGB8,0.4228828894352983
ITGBL1,-0.22673211897778622
ITIH1,0.41463046020555916
ITIH2,-0.07202498644113453
ITIH3,-0.4478198236095208
ITIH4,0.4874471549998828
ITIH5,0.3785771827455426
ITIH6,1.1314046530164144
ITK,0.010915041789204771
ITLN1,0.24497035979029125
ITLN2,0.26233584842242674
ITM2A,-0.16205007209635003
ITM2B,0.008332003399619481
ITM2C,-0.25347443687586413
ITPA,0.11085720440411384
ITPKA,0.25355551284297295
ITPKB,0.07461828343996402
ITPKC,0.014029328145835684
ITPR1,0.09332882299117529
ITPR2,-0.09849580542367864
ITPR3,-0.22199903845701474
ITPRID1,0.8635606739007784
ITPRID2,-0.07826616911934803
ITPRIP,-0.05787094662691139
ITPRIPL1,-0.10012320280763998
ITPRIPL2,1.6813229308011586
ITSN1,0.11480857662111887
ITSN2,-0.07960434554501905
IVD,-0.09172311434548508
IVL,-0.19215097884831722
IVNS1ABP,0.07642850750545804
IWS1,0.03339919313696349
IYD,0.33102314739412486
IZUMO1,0.25169885593858354
IZUMO1R,0.15457432184125408
IZUMO2,-0.16871641771570012
IZUMO3,0.0
IZUMO4,0.02730293312370069
JADE1,-0.0896711917368842
JADE2,0.2515436701723046
JADE3,0.05216456407996528
JAG1,-0.17916225633570093
JAG2,0.3717491142192819
JAGN1,0.13201992054529033
JAK1,-0.1636465651145289
JAK2,-0.10484098772408679
JAK3,0.020681890166688977
JAKMIP1,-0.13073910501895902
JAKMIP2,0.2767701700529215
JAKMIP3,0.8940230803009155
JAM2,0.1541968637065101
JAM3,0.08847845685576328
JAML,-0.1154143657960578
JARID2,-0.19312648701146085
JAZF1,-0.282611815241959
JCAD,0.36312222480627
JCHAIN,0.14886428218444414
JDP2,0.37673751771440456
JHY,0.30000578225263963
JKAMP,0.07394072945579211
JMJD1C,-0.09835292927382877
JMJD4,0.24497782181326233
JMJD6,-0.09716468128172995
JMJD7,-0.14542889967325134
JMJD7-PLA2G4B,-0.14556898946533448
JMJD8,-0.0840014987024813
JMY,-0.16885897265587957
JOSD1,-0.08091992905092216
JOSD2,-0.037258699588671895
JPH1,0.13867711053587772
JPH2,-0.09470743331959408
JPH3,-0.8338606287192954
JPH4,-0.22559074366409892
JPT1,-0.8440017489005339
JPT2,-0.14393274850844584
JRK,0.3781182612209968
JRKL,0.18291302261292675
JSRP1,0.1861669906202943
JTB,0.11625276646763627
JUN,-0.06797235095430842
JUNB,0.08986114914579169
JUND,0.22587203693972846
JUP,0.3483287034952878
KALRN,0.19856413076461443
KANK1,-0.2699751732653617
KANK2,-0.16502135478357083
KANK3,-0.264863523952501
KANK4,-1.252327623044243
KANSL1L,-0.012426983263468472
KANSL2,0.024469694000906372
KANSL3,0.5654214841904348
KANTR,-0.11050882812438623
KARS1,-0.06997909343325315
KASH5,-0.11064167942387715
KAT14,0.09146750089962197
KAT2A,-0.0408605632053769
KAT2B,0.054667274119554854
KAT5,-0.09524689621639215
KAT6A,0.011918020951854125
KAT6B,0.2843642802874111
KAT7,0.002830030972708286
KAT8,0.4442371339888887
KATNA1,-0.031960883655350436
KATNAL1,-0.16345880857589634
KATNAL2,0.1309493100065824
KATNB1,0.026903559314205516
KATNBL1,0.2588367835135399
KATNIP,0.11158112771513284
KAZALD1,-0.07370103368712577
KAZN,-0.057251029583979374
KBTBD12,-1.04437809501442
KBTBD13,-1.4700306894369453
KBTBD2,0.4085217248904916
KBTBD3,-0.022081104030495347
KBTBD4,-0.1427858587329922
KBTBD6,0.0688201069381833
KBTBD7,-0.010756466753210958
KBTBD8,0.058197923396638984
KCMF1,-0.3977089157348992
KCNA1,-0.25424998212895655
KCNA10,0.43163935430363803
KCNA2,0.079685143302898
KCNA3,-0.0261941986509191
KCNA4,-0.03144284280131693
KCNA5,0.3861284838389221
KCNA6,-0.14279911246330512
KCNA7,-0.10950421103828725
KCNAB1,-0.14210950311611936
KCNAB2,0.2593298269855473
KCNAB3,-0.2788776835403629
KCNB1,-0.2153232782625878
KCNB2,0.23667721246126971
KCNC1,0.07141183056715183
KCNC2,0.32791984129617313
KCNC3,-0.1339047704004862
KCNC4,0.16421373830696773
KCND1,-0.46455977055299513
KCND2,-0.40687372310842085
KCND3,0.16436165522921886
KCNE1,0.5842355865337308
KCNE2,-0.2499472153196829
KCNE3,-0.04782932988839339
KCNE4,-0.4864577978243664
KCNE5,-0.35295240891922486
KCNF1,-0.11945891590509694
KCNG1,-0.11239930827401068
KCNG2,-0.18789887889821175
KCNG3,-0.18956672809904962
KCNG4,0.3381673635005965
KCNH1,-0.15865914561176986
KCNH2,-0.5042246985994563
KCNH3,0.03263240266080114
KCNH4,-0.2717883150414049
KCNH5,-0.8088364262256809
KCNH6,0.09366407489624518
KCNH7,-0.7741922745111505
KCNH8,-0.12829351949335344
KCNIP1,0.7062361499713461
KCNIP2,0.004997940616017438
KCNIP3,-0.11543361097551319
KCNIP4,-0.2379480084738405
KCNJ1,-0.18819603582717037
KCNJ10,-0.07187330536171199
KCNJ11,0.0756344130775144
KCNJ12,-0.3392605918980506
KCNJ13,0.6272137909864131
KCNJ14,-0.8225187238640063
KCNJ15,-0.9298312516298793
KCNJ16,1.015900925283729
KCNJ18,-0.0018327051221277424
KCNJ2,0.32130578586204994
KCNJ3,0.8446695187267026
KCNJ4,0.09062752822292275
KCNJ5,0.17973071441636704
KCNJ6,-1.1964061713541074
KCNJ8,0.8790798303600718
KCNJ9,0.10270682995960678
KCNK1,0.12465221643940216
KCNK10,0.309726519951627
KCNK12,0.3171099920339384
KCNK13,0.35405285322121394
KCNK15,0.03740674367601947
KCNK16,-0.08798931137957966
KCNK17,0.14537627261845776
KCNK18,0.16947827664650578
KCNK2,-0.253985910525124
KCNK3,0.7182665348875859
KCNK4,-0.12280606844343689
KCNK5,-0.12218268292369672
KCNK6,-0.3807613601673414
KCNK7,-0.03838796079035012
KCNK9,-0.29740345605936325
KCNMA1,0.789041502955715
KCNMB1,0.24757594675333383
KCNMB2,-0.04389642571165964
KCNMB3,0.12096334400230813
KCNMB4,0.31796311638189234
KCNN1,0.04921841587768938
KCNN2,-1.2035574641189768
KCNN3,0.36668453666472267
KCNN4,0.2309160515299684
KCNQ1,0.25046430136591824
KCNQ2,0.2525066438182728
KCNQ3,0.6665762006069431
KCNQ4,-0.06738855744352934
KCNQ5,-0.0735781326636169
KCNRG,-0.7669626404550789
KCNS1,0.3496659069996526
KCNS2,0.2669352693025355
KCNS3,0.4543675189955162
KCNT1,-0.10074446105254298
KCNT2,-0.05159476551744491
KCNU1,0.13705959397703704
KCNV1,0.585388614960991
KCNV2,-0.25491469419469037
KCP,0.49144649867516255
KCTD1,-0.13721902416360088
KCTD10,0.4389757754646286
KCTD11,-0.20312739410949876
KCTD12,-0.04395959172116015
KCTD13,-0.08843300612997407
KCTD14,-0.11352487488064167
KCTD15,0.006721035497320393
KCTD16,0.15201295413598714
KCTD17,-0.24022890592455193
KCTD18,-0.2664909811995405
KCTD19,-0.008496043347896887
KCTD2,-0.14861679250218485
KCTD20,0.06082576684578722
KCTD21,-0.048072815276707814
KCTD3,-0.034687607425119005
KCTD4,-0.34632006510798696
KCTD5,0.15232348435575727
KCTD6,0.388900705926825
KCTD7,0.13150438545266496
KCTD8,0.4649217746055634
KCTD9,0.10117922243512911
KDELR1,-0.18499914315995358
KDELR2,0.17513896763242354
KDELR3,0.28669799388690764
KDF1,0.8023430310673481
KDM1A,-0.21419068830681987
KDM1B,0.11262682513414113
KDM2A,-0.18886546240574376
KDM2B,0.22953057236566576
KDM3A,-0.08101367261373849
KDM3B,0.12443309802767377
KDM4A,-0.0451211555105715
KDM4B,0.01823521359121294
KDM4C,-0.8389266472425663
KDM4D,-0.053298779850754485
KDM4E,0.2381350307311234
KDM4F,0.5412924390310625
KDM5A,0.32369238805057154
KDM5B,0.028943004941654138
KDM5C,0.036240060230912974
KDM6A,-0.04109830644002166
KDM6B,0.3040691408577221
KDM7A,0.2321938433628299
KDM8,0.0007648862142897173
KDR,-0.5721125454118301
KDSR,0.23892311761435714
KEAP1,-0.268752662775233
KERA,0.6288662688931812
KGD4,0.5713340977353025
KHDC1,-0.5115945427223765
KHDC1L,-0.8262223281687711
KHDC3L,1.059517918775427
KHDC4,0.04746881460538521
KHDRBS1,0.04848097981108346
KHDRBS2,0.04896669660880881
KHDRBS3,0.24291563367815527
KHK,0.05396458912734747
KHNYN,0.1499187015382999
KHSRP,-0.05122235376308293
KIAA0040,-0.22679942292791822
KIAA0232,0.3905729506067286
KIAA0319,-0.06409374438036508
KIAA0319L,0.1574139896896103
KIAA0408,0.3270957763701945
KIAA0513,0.1540531048842002
KIAA0586,0.030924724525895897
KIAA0753,0.1458788459195759
KIAA0825,0.03617693433133784
KIAA0930,0.042815609795704646
KIAA1143,0.006029955521831276
KIAA1191,-0.03893672024911865
KIAA1210,1.0350103356610454
KIAA1217,0.4214534559791677
KIAA1328,-0.0006982623822118228
KIAA1549,0.025264951987392426
KIAA1549L,-0.24249114257907856
KIAA1586,0.30926875421555167
KIAA1614,-0.23342017993645786
KIAA1671,0.27511060292871825
KIAA1755,0.23208930000817907
KIAA1958,0.20859624818661482
KIAA2012,0.130664701958347
KIAA2013,0.2267809936434979
KICS2,0.08834133719611348
KIDINS220,0.11329241831673897
KIF11,-0.12736891420041108
KIF12,-0.9224021977836289
KIF13A,0.10216792390976259
KIF13B,0.22731552349716821
KIF14,0.1786987414321617
KIF15,0.019772481598377745
KIF16B,0.33888732746968797
KIF17,-0.3797760303236508
KIF18A,0.3090383555147129
KIF18B,-0.14529479015132374
KIF19,-0.4689716222118705
KIF1A,0.06666468341891263
KIF1B,0.054631149922006905
KIF1C,-0.05936512823892137
KIF20A,-0.09556908745885373
KIF20B,0.005935337584504374
KIF21A,-0.18469015236325603
KIF21B,-0.14098838128538915
KIF22,0.0643958223162322
KIF23,-0.025219717428545785
KIF24,-0.012678584895662759
KIF25,0.41596973120806846
KIF26A,-0.04989567049220689
KIF26B,0.07655591521569338
KIF27,0.05352252465921037
KIF2A,0.08958926248934507
KIF2B,0.6238139807222305
KIF2C,-0.018933974600127357
KIF3A,0.07801319166473863
KIF3B,0.23873370881791356
KIF3C,-0.3241143725703006
KIF4A,-0.06622942590965764
KIF4B,0.5672785213021945
KIF5A,0.015758016088280424
KIF5B,-0.17733265891624672
KIF5C,0.2510463665470546
KIF6,-0.006938671001412544
KIF7,-0.17359574498053354
KIF9,-0.07207320686303031
KIFAP3,0.9586431800196931
KIFBP,0.11383265326591907
KIFC2,-0.034518905446424775
KIFC3,-0.41182747403955333
KIN,0.10004426122420451
KIRREL1,0.16142240334174218
KIRREL2,-0.09917817929714623
KIRREL3,0.4475698980192352
KISS1,0.22928317561777778
KISS1R,-0.014154736094470932
KIT,-0.2133829655577213
KITLG,-0.3120116103750631
KIZ,-0.05689257739922571
KL,0.37770451348373535
KLB,1.440173614947399
KLC1,-0.06958484866324621
KLC2,0.13034815281116874
KLC3,-0.41544406565314307
KLC4,-0.3663250278764621
KLF1,-0.4671356504532384
KLF10,0.06111411642421949
KLF11,0.07650841266336084
KLF12,-0.042267994442275025
KLF13,-0.36135941371620817
KLF14,-0.20803223977441476
KLF15,-0.2966631808678426
KLF16,-0.11895082792405454
KLF17,0.23268521834462708
KLF18,-0.218602130213156
KLF2,0.3378293271855024
KLF3,-0.06277540741265808
KLF4,-0.2581239018423078
KLF5,0.25839815946676103
KLF6,-0.03272169677005721
KLF7,0.5458867792605449
KLF8,0.061976017865781996
KLF9,0.19169475852886908
KLHDC1,-0.0004573184858758239
KLHDC10,0.14977920568903258
KLHDC2,-0.03082882662815223
KLHDC3,-0.0636899959090993
KLHDC4,-0.0033772767592896713
KLHDC7A,-0.24899946156591024
KLHDC7B,-0.2523319289600776
KLHDC8A,1.787573630369757
KLHDC8B,-0.1549861312737102
KLHDC9,-0.03499980804961034
KLHL1,-0.4917345421049094
KLHL10,0.12082062578442132
KLHL11,-0.0562378539126529
KLHL12,0.1875722435036693
KLHL13,-0.8552489597331552
KLHL14,0.6399205698305
KLHL15,-0.0591058535174559
KLHL17,0.043995343520511376
KLHL18,-0.012736002369650556
KLHL2,0.04538318724390766
KLHL20,0.04399108382471528
KLHL21,-0.24719769119440915
KLHL22,-0.22106003173334443
KLHL23,-0.04078308071472225
KLHL24,0.08692920008836502
KLHL25,-0.25843726963937197
KLHL26,0.04503158125505102
KLHL28,-0.12390894363920135
KLHL29,0.04458008656150625
KLHL3,-0.10276070007622007
KLHL30,0.03350991205247622
KLHL31,-0.20836583179903245
KLHL32,-0.20064869214379843
KLHL33,-0.058439557141360066
KLHL34,-0.9420994552658516
KLHL35,0.7351230890849119
KLHL36,-0.2837986253093745
KLHL38,-0.24319183472041672
KLHL4,2.0607225252945534
KLHL40,-0.6716366348770222
KLHL41,-0.3725734058437118
KLHL42,-0.1346733720071711
KLHL5,0.5059232670138307
KLHL6,0.3641816657503689
KLHL7,0.01017346583699652
KLHL8,0.6163767888060878
KLK1,-0.6074011801238904
KLK10,0.1749851950187402
KLK11,0.1413590743186076
KLK12,-0.2575363375362479
KLK13,0.6811789141691582
KLK14,-0.17774489363329044
KLK15,-0.17773440883363678
KLK2,0.5366269123802911
KLK3,-0.9527709814364707
KLK4,0.12862373471499322
KLK5,-0.1576204265118426
KLK6,-1.0288137665514574
KLK7,1.1554255807268574
KLK8,0.09497261282710556
KLK9,0.7150779071014206
KLKB1,-0.8627046774931229
KLLN,-0.06487194932987261
KLRB1,0.6815757472676901
KLRC1,-0.2798954949233712
KLRC2,1.3268650651382146
KLRC3,-0.3506185923191292
KLRC4,0.29504535711546054
KLRC4-KLRK1,-0.11674973081518925
KLRD1,0.13802668394218026
KLRF1,-0.04257148817822676
KLRF2,-0.23332188456431013
KLRG1,0.06588812252835563
KLRG2,-0.26638696232161596
KLRK1,-0.3759285172094998
KMO,-0.15495468267931045
KMT2A,0.05568278110643732
KMT2B,-0.03285129579568391
KMT2C,-0.12475119753677388
KMT2D,0.051764928157154166
KMT2E,-0.2071931783350056
KMT5A,-0.15589671303670816
KMT5B,-0.05172410322998289
KMT5C,-0.009449278544854778
KNCN,0.7183464538980849
KNDC1,-0.10246378393272215
KNG1,0.18104441639105562
KNL1,-0.13283462420066972
KNOP1,0.11087866825394999
KNSTRN,0.004788564718331223
KNTC1,0.053582802748632474
KPLCE,0.6424941057330854
KPNA1,0.12262782000079486
KPNA2,0.11542724737923837
KPNA3,0.11295246427522887
KPNA4,-0.03266254161944637
KPNA5,0.04308255874198785
KPNA6,0.2426245205672437
KPNA7,-0.3610369926997551
KPNB1,-0.12989332855153446
KPRP,-0.5589014342324481
KPTN,-0.10184616119958978
KRAS,-0.16631379004113
KRBA1,-0.4080733738445135
KRBA2,0.08503654275994155
KRBOX1,0.14630408216297874
KRBOX4,-0.04812842134605155
KRBOX5,-0.04200513580975418
KRCC1,-0.6139063426508211
KREMEN1,0.09979028980820193
KREMEN2,0.1435431458862242
KRI1,-0.3666390634739898
KRIT1,0.0
KRR1,0.15826786153490335
KRT1,-0.014381781769650104
KRT10,-0.17867371287657363
KRT13,0.23585673742757363
KRT14,-0.7235498413802576
KRT15,-0.3939277280716701
KRT16,0.21890163222037773
KRT17,-0.7950964180280422
KRT18,-0.04315368007943743
KRT19,0.42389004352222737
KRT2,-0.19971010594110794
KRT222,-0.0238677821772576
KRT24,-0.1427325432205775
KRT25,0.5100999369162518
KRT26,0.24646387572831374
KRT27,-0.5152830993259939
KRT28,-0.8593920878327117
KRT3,-0.4789458079514448
KRT32,1.1265838752992492
KRT35,0.20075308532073563
KRT36,0.264462189950154
KRT38,0.33153632236250186
KRT4,0.0962230829407668
KRT5,0.5771703349032629
KRT6A,0.5111285243741237
KRT6B,0.6391718691709019
KRT6C,-0.13105467481283983
KRT7,0.07303751426018684
KRT71,0.320275407712705
KRT72,0.5620964091416799
KRT73,0.018514532838386666
KRT74,0.24561636662788555
KRT75,0.13667461138512627
KRT76,-0.7975179178872602
KRT77,-0.2733256816621533
KRT78,0.06623644686825392
KRT79,-0.4571174481357389
KRT8,0.06286938808050446
KRT80,0.1082208146557111
KRT81,-0.5149983740297122
KRT82,-0.543543493768466
KRT83,-0.4354568501622751
KRT84,0.5557750132651855
KRT85,0.2183294406103038
KRT86,1.0012655936508708
KRT9,0.04798108156062758
KRTAP10-1,0.1976969211801512
KRTAP10-10,-0.8342553526235834
KRTAP10-11,0.10468913448842998
KRTAP10-12,-0.6351448291971613
KRTAP10-2,-0.6842357733402114
KRTAP10-3,-0.03241273052550253
KRTAP10-4,-0.856839279791848
KRTAP10-5,-0.19266793473086205
KRTAP10-6,-0.4705018207122468
KRTAP10-7,-0.27950458958177926
KRTAP10-8,-0.1534830516770041
KRTAP10-9,0.8968188088331442
KRTAP11-1,0.5014625123584802
KRTAP12-1,-1.1015404888262277
KRTAP12-2,0.7831156703157092
KRTAP12-3,0.3363707454105207
KRTAP12-4,0.11001238614167619
KRTAP13-1,-1.4965904068281695
KRTAP13-2,0.7436593080688053
KRTAP13-3,-0.2908746211606583
KRTAP13-4,0.5865075523214551
KRTAP15-1,0.04907639749150694
KRTAP19-1,-0.7363008356306714
KRTAP19-2,0.13727200900372294
KRTAP19-3,-0.5878335258764997
KRTAP19-4,0.2315512735003754
KRTAP19-5,0.44071508302302076
KRTAP19-6,-0.4980495801399606
KRTAP19-7,-0.5125002836353034
KRTAP19-8,-0.616867052736473
KRTAP20-1,0.3459014703909642
KRTAP20-2,0.47949425325247974
KRTAP20-3,0.41768996308428485
KRTAP20-4,-0.03558601639426029
KRTAP21-1,-0.9729092198832872
KRTAP21-2,0.21718906823341622
KRTAP21-3,2.642773111240955
KRTAP22-1,0.30723064339899486
KRTAP22-2,-0.8525677358980139
KRTAP23-1,0.6935408085686766
KRTAP24-1,-0.1635739734809894
KRTAP25-1,0.4620308674751279
KRTAP26-1,0.5387928985884282
KRTAP27-1,1.0535647588569605
KRTAP4-1,-0.589436463438219
KRTAP4-2,0.8739909559417942
KRTAP4-3,0.9935847965001238
KRTAP4-4,-0.5846050703012065
KRTAP4-5,0.4685041025494153
KRTAP4-6,1.3680008860969612
KRTAP5-10,-0.497032688369181
KRTAP5-11,-0.08844090111174996
KRTAP5-7,-0.5049359141485888
KRTAP5-8,0.3275685718434915
KRTAP5-9,-0.12812963979183856
KRTAP6-1,-0.7894869244118203
KRTAP6-2,-1.433040687340537
KRTAP6-3,0.5405036706775849
KRTAP7-1,0.3927527906298127
KRTAP8-1,0.12649846429136136
KRTAP9-1,-0.09904047616404044
KRTAP9-8,0.0
KRTCAP2,-0.05975731950811891
KRTCAP3,-0.3323910161730171
KRTDAP,-0.25892272102199865
KSR1,-0.12495617154490546
KSR2,-0.2058903767492959
KTI12,-0.04622341206416625
KTN1,1.2959443408196107
KXD1,-0.08547767627349145
KY,0.01629719194864332
KYAT1,0.11828999669452767
KYAT3,0.0030652825645773873
KYNU,-0.4338811244501258
L1CAM,0.014899843364633458
L1TD1,-0.7673924008363013
L2HGDH,0.022673473349486883
L3HYPDH,0.0771527386347799
L3MBTL1,-0.7077997772300673
L3MBTL2,-0.12397773489816366
L3MBTL3,1.0722888231776335
L3MBTL4,-0.12219360335802176
LACC1,-0.12456619763203758
LACRT,-0.4577439910697724
LACTB,0.04512115103972825
LACTB2,-0.08886297693080092
LACTBL1,1.0629398139496002
LAD1,0.3637384963130396
LAG3,0.5085467910927522
LAGE3,0.1088582194077139
LALBA,-0.5470686853172306
LAMA1,-0.5402323894211385
LAMA2,-0.03980835648106418
LAMA3,0.17207946189152867
LAMA4,0.06647082849352001
LAMA5,-0.4962648584837923
LAMB1,-0.22897269455138414
LAMB2,-0.554357872825061
LAMB3,0.2612546376991971
LAMB4,-0.12804050994959215
LAMC1,-0.3262059255024852
LAMC2,0.9425752634012814
LAMC3,0.27921268504518826
LAMP1,0.06618685807654945
LAMP2,0.06934247400639171
LAMP3,0.16712063784785336
LAMP5,0.43097783003263235
LAMTOR1,0.18671613532558684
LAMTOR2,-0.1399532430704431
LAMTOR3,0.11884017241691458
LAMTOR4,0.06339778149296471
LAMTOR5,0.07846217772893027
LANCL1,0.4143383703083239
LANCL2,0.2260341513458508
LANCL3,-0.06547013176481187
LAP3,-0.10037694036315603
LAPTM4A,-0.0006765791755283246
LAPTM4B,0.15587915227634053
LAPTM5,0.12861120886883004
LARGE1,1.2827210600187058
LARGE2,0.10008863024224501
LARP1,0.02263624652832652
LARP1B,-0.05296569342595703
LARP4,-0.16432629188099235
LARP4B,0.01440028310986019
LARP6,-0.08004351984306624
LARP7,0.06388261087069758
LARS1,0.13447009926334097
LARS2,0.043226482326050863
LAS1L,0.10011855091276711
LASP1,0.03660357040273521
LASP1NB,0.36735803375356646
LAT,-0.14239578114278828
LAT2,0.17720382713469313
LATS1,-0.08146399652615433
LATS2,0.3472927138960302
LAX1,-0.13451607526992237
LAYN,1.2500453848517432
LBH,0.15903343693069694
LBHD1,0.08471556999992025
LBHD2,0.3827548639781778
LBP,0.4489636618801616
LBR,-0.13673535355082134
LBX1,-0.022217993468347245
LBX2,-0.11540758467244616
LCA5,0.14617827823008733
LCA5L,0.28110177223316235
LCAT,-0.3396833398296981
LCE1A,0.5431378128813588
LCE1B,-0.6416343727874567
LCE1C,-0.1291837288267369
LCE1D,1.1217157964639433
LCE1E,-0.21891715431897862
LCE1F,-0.2814031314301062
LCE2A,0.5845381346329223
LCE2B,0.5435617559747834
LCE2C,0.6477844773491566
LCE2D,0.4844164414181447
LCE3A,0.2850498627755238
LCE3B,0.9520263634106085
LCE3C,-0.097492957679859
LCE3D,0.3406332604699958
LCE3E,-0.5772420373032797
LCE4A,-1.22083260617436
LCE5A,0.03957142754491703
LCE6A,0.11180129358671098
LCE7A,-0.07541392543033443
LCK,-0.17976385001246786
LCLAT1,0.05906345046906836
LCMT1,0.2397465374528034
LCMT2,-0.10671996625427393
LCN1,0.47866955102174824
LCN10,0.06319347758680971
LCN12,0.04097574372316348
LCN15,-0.11648815795203626
LCN2,0.11779874822373759
LCN6,0.45973061718214236
LCN8,0.15772596336046352
LCN9,0.22344310831361525
LCNL1,-0.13332944327307872
LCOR,-0.16566327045754292
LCORL,-0.10408308388349408
LCP1,-0.027509592218349255
LCP2,-0.02767057781263027
LCT,-0.2488068318520511
LCTL,-0.4305790687895356
LDAF1,-0.09232892162816153
LDAH,0.15985307613342448
LDB1,-0.1440939965441439
LDB2,0.3782327791644474
LDB3,0.37722927366399794
LDHA,-0.2282240788226817
LDHAL6A,-0.24465598660094823
LDHAL6B,-0.6888412335385135
LDHB,1.2561208502870915
LDHC,0.40567518181715456
LDHD,-0.28285948058083943
LDLR,0.0009569905922521826
LDLRAD1,0.3174026345743425
LDLRAD2,0.7362689990287142
LDLRAD3,1.5097504843817462
LDLRAD4,0.08128865058503276
LDLRAP1,0.31283620048872507
LDOC1,0.41205645331453766
LEAP2,0.027297141403862107
LECT2,-0.22216463933112673
LEF1,0.06136118583789685
LEFTY1,-0.2787436119463682
LEFTY2,-0.0949019846419703
LEKR1,0.6134325214804042
LELP1,0.15299697412193525
LEMD1,0.006253400656840213
LEMD2,-0.05679804031122959
LEMD3,-0.06638461796409079
LENEP,-0.1388406687601309
LENG1,0.3344723470735267
LENG9,-0.4641605247611844
LEO1,0.3244391822233874
LEP,-0.2397987808811512
LEPR,0.030754501625383845
LEPROT,0.02866462297766237
LEPROTL1,0.08630407644737392
LETM1,-0.40179956175943765
LETM2,0.0770536546759093
LETMD1,0.08744392147220914
LEUTX,-0.4694005301947431
LFNG,0.06599858205570808
LGALS1,-0.10277762339675034
LGALS12,0.36523755824646686
LGALS13,0.20617504788800234
LGALS14,0.5556674765586479
LGALS16,-0.5470876746815886
LGALS2,0.38233980054841715
LGALS3,-0.3420605175263147
LGALS3BP,0.07663921128800633
LGALS4,0.16988710581752942
LGALS7,-0.28297853509684845
LGALS7B,-0.08403517406473872
LGALS8,0.0736575735527607
LGALS9,-0.36366051668856003
LGALS9B,-0.19007403801356093
LGALS9C,-0.8208432038240601
LGALSL,0.03305101231212859
LGI1,0.6652065212808195
LGI2,-0.06994626894625411
LGI3,-0.1950706714793129
LGI4,0.057517754260686615
LGMN,0.2251852554651501
LGR4,0.2593008115527312
LGR5,0.5037268014942953
LGR6,-0.1631266993593874
LGSN,0.17616859478230862
LHB,-0.2958847550979993
LHCGR,-1.0176029642273146
LHFPL1,-0.2945445664322338
LHFPL2,-0.35514399758315895
LHFPL3,0.20004759839443276
LHFPL4,0.13494670552309185
LHFPL5,-1.0136744896557364
LHFPL6,0.0031089494169891374
LHFPL7,0.03346823141767974
LHPP,0.01152009278960442
LHX2,-0.874753584076984
LHX3,-0.33085324247883685
LHX4,0.2148180945341367
LHX5,-1.509120868886705
LHX6,0.39265898443020975
LHX8,-0.6107818377522035
LHX9,-0.01330426066292123
LIAS,0.031419650906944874
LIAT1,0.16810723952395712
LIF,-0.09432038647765006
LIFR,-1.6952943604992403
LIG1,-0.017826748385809665
LIG3,0.03413979590864891
LIG4,0.24219261528821878
LILRA6,-0.20934527943013354
LILRB2,-1.6124726348421952
LIM2,0.2684969109500185
LIMA1,-0.20591007782384274
LIMCH1,-0.048481971647356126
LIMD1,0.2718190459270984
LIMD2,0.59585912901272
LIME1,-0.27100924854585795
LIMK1,-0.1574203730689181
LIMK2,0.21151239382260378
LIMS1,-0.05516698125059882
LIMS2,0.1607936549587331
LIN28A,-0.3941240880452581
LIN28B,0.7189600416026601
LIN37,0.008736196286385223
LIN52,-0.11321649008684798
LIN54,-0.023463186810595005
LIN7A,-0.5728856966032151
LIN7B,-0.28132979628126087
LIN7C,0.25166533184198503
LIN9,0.18477614193822145
LINC02203,-0.4641605247611844
LINC02218,2.5118743804589068
LINC03040,-0.10205340721933798
LINC03051,0.035871874783778956
LINGO1,0.1580595441242103
LINGO2,-0.10139575813992757
LINGO3,-0.22659246830268576
LINGO4,-0.3542410588829369
LINS1,-0.14534194450633908
LIPA,0.16796336681012924
LIPC,0.6270316135745483
LIPE,-1.0258747859856538
LIPF,-0.07929428366577596
LIPG,-0.21010948354166792
LIPH,-0.5383403105901426
LIPI,0.2985041826717201
LIPJ,-0.05747377873216508
LIPK,-0.3344359283361127
LIPM,-0.8115802286011209
LIPN,-0.7774174918565568
LIPT1,0.09996401347916173
LIPT2,-0.05829919617081458
LITAF,0.5485603537646271
LITAFD,-0.613000308990223
LIX1,0.1356887391602546
LIX1L,0.12024417722258551
LKAAEAR1,-0.08917069569607783
LLGL1,-0.0875403407497517
LLGL2,-0.23717265725987202
LLPH,0.13721086982758202
LMAN1,0.003165178805747182
LMAN1L,-0.35238844595041385
LMAN2,0.03406111109177168
LMAN2L,0.07063536968645412
LMBR1,-0.025945836851636983
LMBR1L,-0.04258680733901521
LMBRD1,0.131572022606802
LMBRD2,-0.005872702220754533
LMCD1,-0.09099077539444483
LMF1,0.47027956021238165
LMF2,-0.28906501090846426
LMLN,0.044045195200227205
LMNA,-0.02905434440477883
LMNB1,-0.16071023466704126
LMNB2,-0.29150049299786174
LMNTD1,0.4598278490444957
LMNTD2,-0.5938510622624554
LMO1,-0.14946693654684662
LMO2,0.2601054914105172
LMO3,0.01718277150047698
LMO4,0.16233563592202138
LMO7,0.5839303862381917
LMOD1,-0.031531117704508116
LMOD2,-0.3146352725290399
LMOD3,0.25871644197205945
LMTK2,0.05244976478986807
LMTK3,0.13855978810550518
LMX1A,-0.18495545332928398
LMX1B,-1.3879003046736103
LNP1,0.0839447269448721
LNPEP,-0.026366607871643133
LNPK,0.016698625529319777
LNX1,-0.7976596330690128
LNX2,-0.15979475649022845
LONP1,-0.05863670672777754
LONP2,-0.11754490056346967
LONRF1,-0.053040569589038356
LONRF2,-0.4815127405341819
LONRF3,-0.025896985573609754
LORICRIN,0.1318196786149506
LOX,-0.35616673812555605
LOXHD1,0.16298402386099786
LOXL1,0.17888080453928812
LOXL2,-0.5684671772442083
LOXL3,0.1541753359292115
LOXL4,0.19209162580431505
LPA,-0.3728553984098868
LPAR1,-1.2534037739169426
LPAR2,-0.444791876609008
LPAR3,-0.244400492307969
LPAR4,-0.14463461546094103
LPAR5,0.8080382300368241
LPAR6,-0.2565119127679407
LPCAT1,0.32505391809226936
LPCAT2,-0.08383261403282827
LPCAT3,-0.03689822682308286
LPCAT4,-0.11026496185538015
LPGAT1,-0.03313582560245276
LPIN1,-0.3871105900765648
LPIN2,-0.0038191535848079994
LPIN3,0.27548742667454507
LPL,0.373910395700376
LPO,-0.052740276474849246
LPP,0.11562791185521837
LPXN,0.0147691539360153
LRAT,0.9731919929923637
LRATD1,-0.49693765798434275
LRATD2,0.454736650122447
LRBA,0.12666839316424827
LRCH1,0.07950574881854866
LRCH2,0.08005233149524549
LRCH3,0.06700398648788841
LRCH4,0.05218407451204765
LRCOL1,-0.25979875802258245
LRFN1,-0.1372677787359029
LRFN2,0.03779812929813886
LRFN3,-0.03945288609783226
LRFN4,-0.025357159005166885
LRFN5,0.3862920303738559
LRG1,0.5160223936944262
LRGUK,0.13478852784672046
LRIF1,0.04631728685061187
LRIG1,0.010245445316792612
LRIG2,-0.02948423728517202
LRIG3,-0.0981014724371514
LRIT1,0.1449684799630303
LRIT2,0.5558043195898767
LRIT3,-0.5047057228734069
LRMDA,-0.010893081050183884
LRP1,0.15025649329456092
LRP10,0.13706228932812525
LRP11,-0.022033844367626898
LRP12,-0.17644861442563897
LRP1B,1.032007273252134
LRP2,-0.017923891593038643
LRP2BP,0.027853756646551098
LRP3,-0.021894940051278233
LRP4,0.17954212297174976
LRP5,0.16607935761665882
LRP6,0.09862528490462452
LRP8,0.11703239622509898
LRPAP1,0.07384002810277845
LRPPRC,-0.04509163186805942
LRR1,-0.08301807130700745
LRRC1,-0.20746685085276706
LRRC10,-0.5269491174021304
LRRC10B,-0.26981455298117485
LRRC14,0.08280024437471578
LRRC14B,-0.5669775614435666
LRRC15,0.2343969357348772
LRRC17,0.9548787261139868
LRRC18,-0.795200177770232
LRRC19,0.2419689339319695
LRRC2,-0.08887240251310435
LRRC20,0.03159123124875407
LRRC23,0.0040220367736925056
LRRC24,-0.22718716788280702
LRRC25,0.2503106325117639
LRRC26,0.10410523028708352
LRRC27,-0.1498100308425654
LRRC28,-0.04415829357072987
LRRC3,0.12617153490534783
LRRC30,-0.37439838493694755
LRRC31,0.2891293665352711
LRRC32,0.4259542374648544
LRRC34,-0.06742913978161713
LRRC36,-0.0030163616610261457
LRRC37A3,-0.11527429613031526
LRRC37B,-0.19909247060643942
LRRC38,-0.20029757487316946
LRRC39,-0.202362227639458
LRRC3B,-1.0222718064514753
LRRC3C,0.21631515580822214
LRRC4,-0.32839073657036444
LRRC40,0.24389977166143595
LRRC41,-0.19246095248683837
LRRC42,-0.03726735100816114
LRRC43,0.36970358413340265
LRRC45,0.0038867995718971926
LRRC46,0.11646802950751045
LRRC47,-0.007253568529683285
LRRC49,-0.08476296086719781
LRRC4B,-0.7865069998687264
LRRC4C,-0.28042680134065784
LRRC51,-0.025679242884288023
LRRC52,0.12503689518240535
LRRC53,0.9660588389476774
LRRC55,0.3114985883951771
LRRC57,0.1476747748956484
LRRC58,0.00047752890623176114
LRRC59,0.009840737219676043
LRRC61,0.10323450085570496
LRRC63,-0.027126843115569343
LRRC66,-0.7863604735465117
LRRC69,-1.6040191610667391
LRRC7,0.20929580172739115
LRRC70,0.9112434244534312
LRRC71,0.017607890661249126
LRRC72,-0.03325888535519944
LRRC73,-0.39396744404104467
LRRC74A,0.8529016016439523
LRRC74B,-0.0054651031993939725
LRRC75A,0.27699443768473353
LRRC75B,-0.4607673746882052
LRRC8A,0.11376988311088976
LRRC8B,-0.12369876570756855
LRRC8C,-0.22714059574084366
LRRC8D,-0.1773225651690753
LRRC8E,-0.22255280816598644
LRRC9,0.19800039305106987
LRRCC1,-0.041732584847681053
LRRD1,0.1918998694590437
LRRFIP1,-1.7401734757133256
LRRFIP2,-1.2962633518741455
LRRIQ1,0.5756417549412696
LRRIQ3,0.15985800074734424
LRRIQ4,-0.06360177184140081
LRRK1,-0.29120022303327053
LRRK2,1.0024081672054979
LRRN1,-0.37622806268793685
LRRN2,0.34839639691171825
LRRN3,0.07413704159985587
LRRN4,-0.31038907044210706
LRRN4CL,0.211343538932395
LRRTM1,-0.04076879319654625
LRRTM2,-0.23179379763988384
LRRTM3,0.2746021142212267
LRRTM4,1.033032466045182
LRSAM1,-0.03489059866969502
LRTM1,0.2778642954738494
LRTM2,-0.09694000638941169
LRTOMT,-0.025436367365265333
LRWD1,0.1729671011182159
LSAMP,0.035940473234039594
LSG1,0.19234107508589204
LSM1,0.05049458650148786
LSM10,-0.029834155159098152
LSM11,-0.20134475639934735
LSM12,0.17634003568219647
LSM14B,-0.07444598805767022
LSM2,0.3506646419125503
LSM3,-0.01796695216894495
LSM4,-0.03862382574031997
LSM5,0.06454196453006489
LSM6,0.04426002622307612
LSM7,-0.17954911327815992
LSM8,0.024179825662439036
LSMEM1,-0.07526028395132733
LSMEM2,0.18101066138818522
LSP1,0.13164834117761393
LSR,-0.3441895217287101
LSS,-0.17566680351164798
LTA4H,0.011525760023559206
LTB4R,-0.9410574602910584
LTB4R2,-0.8491919739602766
LTBP1,0.03680525684928959
LTBP2,0.20158366423573115
LTBP3,0.34130578014076085
LTBP4,-0.4331189456823006
LTBR,-0.2523347558818432
LTC4S,-0.1582196685990076
LTF,-0.380417720277148
LTK,-0.8650856454620462
LTN1,0.06848149873099008
LTO1,0.02396931537357716
LTV1,0.04510204147335983
LUC7L,0.03478907658753361
LUC7L2,0.09271039290495597
LUC7L3,-0.058561135653300234
LUM,1.3379649962326678
LURAP1,-0.5297896806779474
LURAP1L,-0.6316873748483307
LUZP1,-0.14841276688867433
LUZP2,-1.1048053093253625
LUZP4,0.46212188149975875
LVRN,0.21680746330579398
LXN,0.10316567098791041
LY6D,0.3872634110048728
LY6K,0.7455517812429359
LY75,-0.9343810489796471
LY75-CD302,-0.9052590769498562
LY86,0.14980525778958365
LY9,0.6599654835877002
LY96,-0.13728136019996118
LYAR,-0.10488902589466775
LYG1,-0.3374323798120009
LYG2,-0.568202191857019
LYL1,0.25880728344274795
LYN,-0.4239879973550546
LYNX1,-1.011718513345313
LYNX1-SLURP2,-0.7941955674481013
LYPD1,-1.5904340281668925
LYPD2,0.19382942810063386
LYPD3,-0.07528386357335548
LYPD4,0.8167315922429413
LYPD5,-0.4960495472551485
LYPD6,-0.06722632842280851
LYPD6B,-0.0391738344449494
LYPD8,-0.9193404273010294
LYPLA1,0.21089716545544057
LYPLA2,-0.0258945565879678
LYPLAL1,0.07846041620097122
LYRM1,-0.022273066985911694
LYRM2,0.0548266151974266
LYRM4,0.06339563736922216
LYRM7,-0.025585796362578073
LYRM9,0.39081875486837686
LYSMD1,0.03952118127637494
LYSMD2,-0.38350757893290277
LYSMD3,-0.0438493744507964
LYSMD4,-0.2734068837664969
LYST,-0.17617552429115668
LYVE1,-0.013040632804149688
LYZ,0.44112495093931625
LYZL1,-0.21829531373617783
LYZL2,-0.19613674402104164
LYZL4,-1.3761530967959072
LZIC,-0.09944403628861931
LZTFL1,0.5754191930908963
LZTR1,-0.20009842342109518
LZTS1,0.015095631379102414
LZTS2,0.034145115037683915
LZTS3,-0.28787539563299447
M1AP,-0.5707150332490278
M6PR,0.05731855389282803
MAB21L1,0.6960541413261594
MAB21L2,0.325423428454902
MAB21L3,1.4288557499498267
MAB21L4,-0.16453611058151796
MACC1,0.31369577356753503
MACF1,-0.3086996071155361
MACIR,-0.23153866997169992
MACO1,-0.005820256752162578
MACROD1,-0.09516461990958547
MACROD2,-1.3674265996758725
MACROH2A1,0.13586119797803065
MACROH2A2,0.1305426933302855
MAD1L1,-0.05006694577383897
MAD2L1,0.12153475596647123
MAD2L1BP,0.12644131291250638
MAD2L2,0.5492053057322654
MADCAM1,-0.27299978260820534
MADD,-0.062441355825417766
MAEA,0.17346800589169664
MAEL,-0.1487648931929848
MAF,0.34294889294023667
MAF1,-0.10886375495879985
MAFA,-0.029532272319860553
MAFB,0.2987550907752041
MAFF,0.2855449376158896
MAFG,-0.09618658951060688
MAFK,-0.28740787382213995
MAG,0.19090859324867226
MAGEA1,-0.6067786847975599
MAGEA10,0.6608048886651251
MAGEA11,0.11427235028081328
MAGEA12,-0.5611401880877196
MAGEA2B,-0.5812955959632671
MAGEA3,0.16396163384748874
MAGEA4,0.03529529862473435
MAGEA6,-0.1525566780249643
MAGEA8,-0.19041850178587516
MAGEA9,-1.0143159910004225
MAGEA9B,0.3586931441612995
MAGEB1,-0.8026544851168855
MAGEB10,0.5839830273116478
MAGEB16,1.2045043364788892
MAGEB17,-0.4498779916163671
MAGEB18,-0.5318694933415644
MAGEB2,-0.420575737897775
MAGEB3,-1.0537201010294082
MAGEB4,-0.424113763889181
MAGEB5,0.7618183707792725
MAGEB6,-0.48480291265270536
MAGEB6B,0.2130959382122164
MAGEC1,0.16759048918411668
MAGEC2,-0.40083729740365937
MAGEC3,0.7852988923591382
MAGED1,0.19953408370601067
MAGED2,0.13315205896282123
MAGED4,-1.345837623239975
MAGED4B,0.7951927187748713
MAGEE1,0.043126914835276864
MAGEE2,-0.6304131120190901
MAGEF1,0.03030827214620313
MAGEH1,0.4699167726910851
MAGEL2,0.1959204520255069
MAGI1,0.08957453123155279
MAGI2,-0.5350102095865891
MAGI3,0.0010717391843950708
MAGIX,0.7147126698094828
MAGOH,-0.0938079118833679
MAGOHB,-0.029029903665150236
MAGT1,0.133549339610175
MAIP1,0.06758167264487369
MAJIN,-1.0043770772146503
MAK,-0.15963607698443338
MAK16,-0.07861175901672812
MAL,-0.06567071437082417
MAL2,0.09467201259081892
MALL,0.4285135057875719
MALRD1,0.7265019045561854
MALSU1,0.03199863716791551
MALT1,-0.0474450660035135
MAMDC4,-0.21407088847740052
MAML1,-0.01504354201527569
MAML2,-0.01574535361378704
MAML3,0.11096563265752346
MAMLD1,0.022485642190454458
MAMSTR,0.055510334855464194
MAN1A1,-0.05365098299586091
MAN1A2,-0.11846463361738468
MAN1B1,0.026090527929001794
MAN1C1,-0.03165281291243183
MAN2A1,-0.09048032109560289
MAN2A2,-0.2051193204372228
MAN2B1,-0.11774574074980082
MAN2B2,0.14355713907057854
MAN2C1,-0.20995919768016158
MANBA,-0.08461173343773432
MANBAL,0.10168158296543606
MANEA,0.047994979101059876
MANEAL,0.49042119030187603
MANF,-0.011453105330677005
MANSC1,-0.21847302712566963
MANSC4,-0.14126736549800434
MAOA,-0.3756089517848613
MAOB,0.332117916901169
MAP10,0.17631616655328242
MAP1A,-0.058107819835677255
MAP1B,0.16031881299742334
MAP1LC3A,0.24782593898063565
MAP1LC3B,-0.1008587795778233
MAP1LC3B2,-0.7362376801811997
MAP1LC3C,-0.11524993291605146
MAP1S,0.26741425926412976
MAP2,0.23396894210567165
MAP2K1,-0.004588005346966462
MAP2K2,-0.13448963117446855
MAP2K3,-0.15263455898067146
MAP2K4,-0.14183143512834206
MAP2K5,-0.19707028522795778
MAP2K6,0.07748973570628737
MAP2K7,-0.09257751137643933
MAP3K1,0.031514457789072914
MAP3K10,0.010715293801718317
MAP3K11,0.06018660717414637
MAP3K12,0.059781462080374936
MAP3K13,0.7379179193095778
MAP3K15,-0.10385847829872663
MAP3K19,0.6538829759012466
MAP3K2,-0.07314676359680483
MAP3K20,-0.3478345344111111
MAP3K21,-0.07614381736324027
MAP3K3,-0.06510826699132366
MAP3K4,-0.13307973705228449
MAP3K5,-0.1849947665065601
MAP3K6,0.20481947928226552
MAP3K7,-0.08669311476037844
MAP3K7CL,-0.26410205492967886
MAP3K8,0.13530972269385888
MAP3K9,-0.06811122930825864
MAP4,-0.07438926859018569
MAP4K1,-0.0005878324446468852
MAP4K2,-0.05299360679456111
MAP4K3,-0.10199762931645795
MAP4K4,-0.06105995857049429
MAP4K5,-0.5500435869360009
MAP6,-0.3871165281736413
MAP6D1,0.13854766677795727
MAP7,0.06845411853573591
MAP7D1,0.055330798885795396
MAP7D2,0.026711067792242305
MAP7D3,0.000709812507320183
MAP9,0.05890839603332498
MAPDA,-0.10592016375045166
MAPK1,0.026201749073847758
MAPK10,-1.3188322725921222
MAPK11,-0.07630691801873501
MAPK12,-0.4687103210901711
MAPK13,0.07636010054654685
MAPK14,-0.1641451694472975
MAPK1IP1L,-0.1701471691326102
MAPK3,0.04538167129258586
MAPK6,1.312029233986773
MAPK7,0.09928064274598647
MAPK8,-0.10780859727683101
MAPK8IP1,-0.4063461256718277
MAPK8IP2,-0.20191943327767148
MAPK8IP3,0.036779046005859684
MAPK9,-0.16131258989706954
MAPKAP1,-0.24130106534527673
MAPKAPK2,-0.28878179769608936
MAPKAPK3,0.10591131121232689
MAPKAPK5,0.1170451973451403
MAPKBP1,-0.06251043509724674
MAPRE1,0.02764262845090304
MAPRE2,0.17492367572839918
MAPRE3,0.3622205053253267
MARCHF1,-0.28605206734473265
MARCHF10,-0.17835925439403466
MARCHF11,-0.7080952882349507
MARCHF2,-0.24965174614444408
MARCHF3,0.0208780591688571
MARCHF4,0.3831042782510239
MARCHF5,-0.08748932519621722
MARCHF6,-0.018289632330095174
MARCHF7,-0.08030030186332571
MARCHF8,0.17407237058348368
MARCHF9,0.1943981369173633
MARCKS,0.2382932120272372
MARCKSL1,0.1808103301902655
MARCO,0.5955283993938014
MARCOL,0.5656390369743949
MARK1,0.01376894128395989
MARK2,0.001347348346097732
MARK3,-0.07311508446425208
MARK4,-0.2214439529747807
MARS1,0.1881056777630402
MARS2,-0.08748290548828486
MARVELD1,0.06953469738483431
MARVELD3,0.08105514140234282
MAS1,-0.2544756504805569
MASP1,-0.18942102434226293
MASP2,-0.4262750678389098
MAST1,0.0
MAST2,0.27887316054563405
MAST3,-0.4749635997951396
MAST4,0.15696705351002027
MASTL,0.0006917182772605557
MAT1A,0.07174775175678816
MAT2A,-0.09767098325318102
MAT2B,0.18254194888512787
MATCAP1,-0.04712090154264992
MATCAP2,-0.0806815221934496
MATK,0.24468316692442615
MATN1,-0.12201312009301168
MATN2,0.18554974026790294
MATN3,0.6117257576507874
MATN4,-0.7454361811574479
MATR3,-0.05755749332529092
MAU2,-0.03775997725844249
MAVS,-0.022539527170176932
MAX,-0.04016101491306845
MAZ,-0.01333967266903624
MB,-0.690039499523401
MB21D2,0.11218012257400822
MBD1,-0.0505043653343451
MBD2,0.027626337232253384
MBD3,-0.12286635364356169
MBD3L1,0.09658184661017
MBD3L3,0.1330828282922525
MBD4,0.17252869378571578
MBD5,-0.03613217586749151
MBD6,-0.011379956825143367
MBIP,0.13763232582581164
MBL2,0.4511326901820785
MBLAC1,0.08620083710350279
MBLAC2,0.20265707580208936
MBNL1,0.06345523066030623
MBNL2,0.16650284590266828
MBNL3,-0.11471117898808458
MBOAT1,-0.06214342418799301
MBOAT2,-0.014349873543757496
MBOAT4,-0.36601335084164033
MBP,-0.10479552079252219
MBTD1,-0.08889065685970898
MBTPS1,-0.08392667581453139
MBTPS2,0.19168948535105024
MC1R,0.31812980203037733
MC2R,0.7950608164191351
MC3R,-0.20904041809653107
MC4R,0.15836686692764212
MC5R,0.03676441047091483
MCAM,-0.47336659019330973
MCAT,-0.06939653038872295
MCC,-0.03362138788769631
MCCC1,-0.27534925397619947
MCEE,-0.04026540571196513
MCEMP1,0.12380894747696525
MCF2,1.046150328535036
MCF2L,0.4344522817651393
MCF2L2,-0.04321644789351087
MCFD2,-0.3012391449223619
MCHR1,0.5417655798487997
MCHR2,0.46769693249212696
MCIDAS,-0.07278294174248767
MCL1,0.19628725871161024
MCM10,0.07334403644565768
MCM2,-0.005759063434484624
MCM3,0.05714913348348283
MCM3AP,-0.16143592688113184
MCM4,-0.028333878927108813
MCM5,-0.010338180597980973
MCM6,-0.09736113952065573
MCM7,0.0719027381762416
MCM8,0.02269923503875315
MCM9,-0.041564116819232666
MCMBP,-0.06716281751731401
MCMDC2,1.4963067610349778
MCOLN1,-0.01821619147963549
MCOLN2,0.18136871924466869
MCOLN3,0.2137638782227546
MCPH1,0.21990112781891913
MCRIP1,0.03473335911250697
MCRIP2,-0.2037257736042477
MCRS1,0.12955683125343942
MCTP1,-0.11297181029609638
MCTP2,-0.0538611447115529
MCTS1,-0.37824648218459145
MCTS2,0.14015122004106795
MCU,0.055502355445500307
MCUB,0.02792986809291964
MCUR1,-0.10000984656236245
MDC1,-0.8996562427785826
MDFI,0.6673409135208148
MDFIC,0.3935164303059578
MDFIC2,0.659481243239904
MDGA1,0.13190273047311507
MDGA2,0.5883746430888206
MDH1,-0.030200952718262286
MDH1B,0.01348909450103708
MDH2,-0.09813240572873116
MDK,0.11537252676643117
MDM1,0.09980600268705597
MDM2,-0.12887567216759876
MDM4,0.1292455004272428
MDN1,-0.04298256570243186
MDP1,0.04044320171493876
ME1,-0.6792908794008135
ME2,0.2730407248337583
ME3,0.5931913203468818
MEA1,-0.2459258395521857
MEAF6,0.009947123482507259
MEAK7,0.3999977096267999
MECOM,0.030667680763394767
MECP2,-0.011321011485736499
MECR,-0.03131073944627438
MED1,0.018651020331684087
MED10,-0.10153171528298355
MED11,0.2106751187220901
MED12,-0.07301044850755689
MED12L,-0.10814459454265091
MED13,-0.045741103553256224
MED13L,0.21114486774669938
MED14,-0.08586885378666942
MED15,-0.2204151807242738
MED16,-0.15688435740082163
MED17,-0.05676038443588283
MED18,0.11336098418843932
MED19,0.09108182581833724
MED20,0.0064628664141404
MED21,0.05865312593115313
MED22,0.08846803110561474
MED23,0.20926413081914674
MED24,0.1315585303976654
MED25,-0.1824377357135063
MED26,-0.1780157209029687
MED27,0.08625439826106707
MED28,0.07670879881751436
MED29,-0.0008884054912376982
MED30,0.036227464002982934
MED31,-0.07019590274558585
MED4,-0.2125801170796855
MED6,0.053108964200101916
MED7,0.5648397509265326
MED8,-0.03272692066677596
MED9,-0.0009331384733757275
MEDAG,-0.3153801778173137
MEF2A,0.45778666395787226
MEF2B,0.021231629345181524
MEF2D,-0.09985890254830387
MEFV,-0.3662096292398212
MEGF10,-0.8636404312775935
MEGF6,0.1508456101098563
MEGF8,0.06373204828934576
MEGF9,-0.3067027090087997
MEI1,-0.6799966648612854
MEI4,1.3789395108229017
MEIG1,0.07658988485771268
MEIKIN,-0.6047109079990656
MEIOC,-0.04715886765576727
MEIOSIN,-1.0882337488762683
MEIS1,-0.023251615822981186
MEIS2,0.008600420369504924
MEIS3,0.0272561232441908
MEIS3P2,0.8767592448337865
MELK,-0.14188383654982495
MELTF,-0.054653136070760056
MEMO1,0.26394538731988604
MEN1,-0.09869759681758072
MEOX1,0.18008843014624576
MEOX2,-0.4514322303733336
MEP1A,0.8147791170803136
MEP1B,0.8592596210681152
MEPCE,-0.027271069066662434
MEPE,-0.49708538155961246
MERTK,0.1620268006926695
MESD,0.12137521503649928
MESP1,-0.30728763804793635
MESP2,-0.07321246766707135
MEST,-0.06877112420523318
MET,0.12348603936692937
METAP1,-0.08144747851396072
METAP1D,-0.22887397138818777
METAP2,-0.0899675196939409
METRN,-0.09092368076589441
METRNL,-0.18249419292486246
METTL1,-0.06674132711515046
METTL13,0.07618861883263328
METTL14,-0.05746624964243452
METTL15,0.30525668655467975
METTL16,0.0666101393049221
METTL17,-0.1906192394417534
METTL18,0.17001054878862032
METTL21A,0.06907684038050999
METTL21C,0.3074579702097642
METTL21EP,0.05408066758755087
METTL22,-0.0008242438770520444
METTL23,-0.09215786501779633
METTL24,-0.5151306262460102
METTL25,0.21975205090194372
METTL25B,-0.19967969310904365
METTL26,-0.21549252022877585
METTL27,0.3429632564059881
METTL2A,-0.38223954325200893
METTL2B,-0.31417335115148326
METTL3,-0.16006610922178055
METTL4,0.08591736994978394
METTL5,0.09599966160642026
METTL6,-0.24173740839655178
METTL8,-0.11758958851362245
METTL9,0.1917707023608039
MEX3A,-0.023299009299091455
MEX3B,0.022411710833319276
MEX3C,0.543020340350843
MEX3D,0.09534297629707211
MFAP1,0.06514185790795946
MFAP2,-0.123670506598343
MFAP3,0.07614681620816643
MFAP3L,0.0062562341003889466
MFAP4,-0.26548914060830775
MFAP5,0.7781709386995321
MFF,0.18960767260646172
MFGE8,0.2594645468554324
MFHAS1,0.08536883061929901
MFN1,-0.03260872720241004
MFN2,-0.07370619946173651
MFNG,-0.12535152076768252
MFRP,-0.1969852182544567
MFSD1,0.4608763708708168
MFSD10,-0.1880443885748262
MFSD11,-0.0008207546845202529
MFSD12,-0.03893329797609635
MFSD13A,0.13543435599093723
MFSD14A,0.0034919992204800465
MFSD14B,-0.1989554366495505
MFSD2A,-0.1155148426879622
MFSD2B,-0.6941800939764232
MFSD3,0.03102500631881444
MFSD4A,-0.4295583938649198
MFSD4B,-0.07723493055063013
MFSD5,0.04560140216038722
MFSD6,0.09846206074797692
MFSD6L,-0.014240762464784062
MFSD8,-0.04296854360397706
MFSD9,-0.12276494109927683
MGA,-0.04114781056078787
MGAM,2.498008625608576
MGARP,0.4350747855765895
MGAT1,0.7165272081702522
MGAT2,0.034272706493718275
MGAT3,0.29994637640876753
MGAT4A,0.05893702563059389
MGAT4B,0.3855310066459299
MGAT4C,1.0557243367356544
MGAT4D,-0.3588877092155209
MGAT5,-0.01575249630395792
MGAT5B,0.16980412016270652
MGLL,0.03406895112438946
MGME1,0.11846202897853608
MGMT,-0.05590864757099201
MGP,0.0869738588734772
MGRN1,0.08702655797647019
MGST1,-0.7905683675055608
MGST2,-0.7648678210539497
MGST3,0.0841717836103113
MIA,0.1676788665860225
MIA-RAB4B,0.16829794631956707
MIA2,0.3206402716775447
MIA3,0.12165139823834359
MIB1,-0.0966795630956927
MIB2,-0.044737050479786156
MICA,-0.2791465912859348
MICAL1,1.60841302242086
MICAL2,-0.39753545705299953
MICAL3,-0.08498251710837845
MICALL1,-0.03837154114328589
MICALL2,-0.11740771531685734
MICOS10,0.08653514229136317
MICOS10-NBL1,-0.07032453365048763
MICOS13,-0.2423823473699862
MICU1,-0.04000164538000117
MICU2,0.09085490487602055
MICU3,0.15329415659057322
MID1,1.7166818727572444
MID1IP1,0.5723651066392448
MID2,0.3854468753903253
MIDEAS,0.26876317304091835
MIDN,0.3251258503013279
MIEF1,-0.7318098730921481
MIEF2,0.10269104901716641
MIEN1,0.1103999089594172
MIER1,0.06197039243618008
MIER2,-0.0190033837092054
MIER3,0.37557576827809713
MIF4GD,-0.2304257829097205
MIGA1,0.024564788791988867
MIGA2,0.23308638884454602
MIIP,-0.005741179400181373
MILR1,0.3291702350913267
MINAR1,0.18342685239801204
MINAR2,0.34396195612254254
MINDY1,0.03875180222437713
MINDY2,-0.0715166580881208
MINDY3,0.09137429062808877
MINDY4,0.11021549265982045
MINDY4B,-0.12454948685727452
MINK1,-0.3659709759463903
MINPP1,0.18402293061410813
MIOS,0.015787277851487147
MIOX,0.6087548844254902
MIP,-0.17879373980280988
MIPEP,0.06858842093776385
MIPOL1,0.5605609584006289
MIS12,0.04357013585214986
MIS18A,-0.0005425295275509612
MIS18BP1,0.009353042976525394
MISFA,-0.24665126426211437
MISP,0.08352380371192214
MISP3,0.18939767510571537
MITD1,0.19380055091034043
MITF,-0.39981270349300635
MIURF,0.03368543765768928
MIX23,-0.023654798679303646
MIXL1,-0.1326217097267426
MKI67,0.16000726013667865
MKKS,0.017313411889085195
MKLN1,-0.1745037553685278
MKNK1,0.12528543677865178
MKNK2,0.2108936022135781
MKRN1,-0.13438661506840877
MKRN2,0.14679634760756066
MKRN2OS,0.9568334456577077
MKRN3,-0.061326014782298266
MKS1,0.002921355465428377
MKX,-0.053246851894204764
MLANA,0.09534376443746018
MLC1,0.796842193282369
MLDHR,-0.059061329072318536
MLEC,-0.13184839259906322
MLF1,-0.4829161423793529
MLF2,0.29254852490453676
MLH1,0.05345293015608732
MLH3,-0.24918267505543668
MLIP,-0.18891137133074826
MLKL,0.10748448261346066
MLLT1,-0.23544586477614304
MLLT10,-0.02974640999039635
MLLT11,0.03766107443956024
MLLT3,0.169452085455859
MLN,-0.8877817016284505
MLNR,-0.36696886338240287
MLPH,-0.08829981084098726
MLST8,-0.13812619265786186
MLX,-0.14874918479067123
MLXIP,0.12061729158034495
MLXIPL,-0.26351419584576485
MLYCD,-0.0036653382927509526
MMAA,-0.8698130731162756
MMAB,-0.08112696706023304
MMACHC,0.08095201961600651
MMADHC,-0.022581613899256503
MMD,-0.08244524752244953
MMD2,-0.7149085572037646
MME,0.3610810183057251
MMGT1,0.1406476155255043
MMP1,0.021697670665319413
MMP10,0.04433726953875905
MMP11,-0.4641605247611844
MMP12,-0.721560435323451
MMP13,-0.12451316507696863
MMP14,-0.0597466740307685
MMP15,0.07759841200704454
MMP16,0.4062675643002345
MMP17,-0.04931099114672621
MMP19,-0.036089717237791974
MMP2,-0.016507934643839928
MMP20,-0.08386103958027524
MMP21,0.06946251048047458
MMP23B,0.47966022794151203
MMP24,-0.45802671111012594
MMP24OS,0.011606022249369907
MMP25,-0.015406073624306682
MMP26,-0.6759533921004701
MMP27,0.5823117343660605
MMP3,0.4297948056758396
MMP7,0.13822163487317754
MMP8,0.6633427252083567
MMP9,0.40236576202955066
MMRN1,0.5209172753859639
MMRN2,0.436344234223051
MMS19,-0.10947265044816223
MMS22L,-0.010403583022418061
MMUT,0.20433430569592748
MN1,0.03533670457812743
MNAT1,0.016641620034444582
MND1,-0.11424091311414397
MNDA,0.29497490398119985
MNS1,-0.42410944257603944
MNT,0.000968105784617812
MNX1,-0.06235801730870438
MOB1A,-0.1374073364024344
MOB1B,-0.05999620815380702
MOB2,0.7538940794527004
MOB3A,0.010231984581578146
MOB3B,0.09393066580671361
MOB3C,0.12354145276683903
MOB4,-0.0011204277609584423
MOBP,-0.712851958095561
MOCOS,-0.29897135146192977
MOCS1,-0.19987935010967028
MOCS2,-0.0895650795481
MOCS3,0.05869807560481899
MOGAT1,0.29736031714639655
MOGAT2,-0.4165015800107953
MOGAT3,-0.03293699070949829
MOGS,-0.07641028320865928
MOK,0.03449233539463137
MON1A,0.04323105658983728
MON1B,-0.07036201673262887
MON2,0.10504260459347226
MORC1,-1.585332090137251
MORC2,0.1240664647632217
MORC3,-0.18505562886251958
MORC4,-0.9598023936642854
MORF4L1,0.21354737406721647
MORF4L2,0.023072685058806996
MORN1,-0.09527500532533839
MORN2,0.13424206089591006
MORN3,-0.0564590995797567
MORN4,0.07188549832902957
MORN5,0.16854894178453783
MOS,0.6190243599991693
MOSMO,-0.6095239385984703
MOSPD1,-0.1557138365813211
MOSPD2,0.010066385214365425
MOSPD3,0.13358666789147478
MOV10,-0.07070377213622647
MOV10L1,1.1565057363972697
MOXD1,0.3546782007936571
MPC1,0.08885595884430142
MPC1L,-0.3769610200097566
MPC2,-0.013577665844269227
MPDU1,0.12221156861087046
MPDZ,-0.6434940996787191
MPEG1,-0.2824844578937227
MPG,-0.2421746378132017
MPHOSPH10,-0.03765040740689418
MPHOSPH6,0.12013564963868717
MPHOSPH8,0.0033140595296616837
MPHOSPH9,0.2833963964307515
MPI,-0.09192810069741864
MPL,0.12559312426794883
MPLKIP,-0.10027171843966265
MPND,-0.16687354744726424
MPO,0.015168106799575698
MPP1,-0.891693470354724
MPP2,0.13033249469346853
MPP3,-0.36586245148500085
MPP4,1.0366423148620967
MPP7,0.38418194900542035
MPPE1,-0.17657326658638794
MPPED1,-0.6782809844877605
MPPED2,-0.16518204701978778
MPRIP,0.024802025986428333
MPST,0.02999668932218391
MPV17,0.17478447767929758
MPV17L2,-0.12174868089948898
MPZ,0.2554398081998621
MPZL1,0.09806498565923683
MPZL2,0.04630987265243386
MPZL3,0.10323721030644117
MR1,0.11442602694541337
MRAP,-0.05821922098550636
MRAP2,0.36747966862873516
MRAS,-0.5369664063559835
MRC1,0.7713809269115213
MRC2,0.09449082794725516
MRE11,-0.09426258150387845
MREG,-0.23809958992090507
MRFAP1,0.1213429975435103
MRFAP1L1,0.06423578790341589
MRFAP1L2,-0.5617988005936689
MRGBP,0.06576769864235033
MRGPRD,0.18335448633148496
MRGPRE,-0.11120994685620866
MRGPRF,-0.007226086315756719
MRGPRG,-0.21490083305523866
MRGPRX1,1.3795987639370368
MRGPRX2,-0.1378303419510125
MRGPRX3,0.9677796704855055
MRGPRX4,0.4218431512925593
MRI1,-0.17421222926024593
MRLN,-0.31399541836179856
MRM2,0.04192694475516534
MRM3,0.0054340664348648815
MRNIP,-0.30068003428126333
MRO,0.4468049116002729
MROH1,0.14231066005980786
MROH2A,-1.0365615109281872
MROH2B,0.2910858610615812
MROH5,-0.2904271473093538
MROH7,-0.038239569702516796
MROH7-TTC4,-0.02144837695521351
MROH8,-0.03496629838966481
MROH9,-1.078354391962486
MRPL1,-0.007471895838270903
MRPL10,0.12306652104022398
MRPL11,-0.006070359369832801
MRPL12,-0.05144832371594443
MRPL13,-0.15892615891930362
MRPL14,0.029712166875690116
MRPL15,0.1566606563499109
MRPL16,-0.0318727260294569
MRPL17,0.17492380889725556
MRPL18,-0.018349171008712695
MRPL19,0.0711105060570123
MRPL2,0.06621003486910837
MRPL20,-0.04544391708400042
MRPL21,-0.2144326163546877
MRPL22,-0.08790738591036984
MRPL24,0.02211982510400201
MRPL27,-0.08170415306799139
MRPL28,-0.3015228780549677
MRPL3,0.0380297361705173
MRPL30,0.20313019995721637
MRPL32,0.13784515167563338
MRPL33,-0.05708290498474344
MRPL34,-0.22717565782048332
MRPL35,0.07449959991462007
MRPL36,0.03731395477803634
MRPL37,-0.4597616399743123
MRPL38,0.050021490334861696
MRPL39,0.040458550579526964
MRPL4,-0.1351746667935423
MRPL40,-0.1710296122909707
MRPL41,0.05084283681190893
MRPL42,0.091244168687318
MRPL43,0.1623775539515524
MRPL44,-0.1395041726042212
MRPL46,-0.11744641283929713
MRPL47,0.18362481479499237
MRPL48,0.17135535777533573
MRPL49,0.06974468417581914
MRPL50,0.12682556830589942
MRPL51,-0.08293770712463733
MRPL52,-0.17048449526175524
MRPL53,-0.01148984616569848
MRPL54,0.1267647768126876
MRPL55,-0.1025322282695571
MRPL57,-0.08123207094251672
MRPL58,0.0035374172020787853
MRPL9,0.07483393253596393
MRPS10,-0.09047778999604272
MRPS11,-0.11300368979598119
MRPS12,0.07581430915745013
MRPS14,-0.03523221328502224
MRPS15,0.15278968954985217
MRPS16,0.06834641458181068
MRPS17,0.24202894222314164
MRPS18A,0.1380897573704729
MRPS18C,0.07618133142945016
MRPS2,0.151315451476985
MRPS21,0.029670580189115725
MRPS22,-0.6720263021734809
MRPS23,0.046304243359880815
MRPS24,0.07557081264739551
MRPS25,-0.27261393261029454
MRPS26,-0.05280761486169894
MRPS27,0.20651764282458762
MRPS28,0.26918903586558596
MRPS30,0.021047752256559527
MRPS31,-0.016316284054203045
MRPS33,0.06132865004533716
MRPS34,0.039167395054700016
MRPS35,0.16736017679930448
MRPS5,0.0054957834675919415
MRPS6,0.46346064040157
MRPS7,0.03607747795951699
MRPS9,0.06463283562805167
MRRF,0.06886638733020156
MRS2,0.21626552587142012
MRTFA,0.07485673155041184
MRTFB,0.17938727078467886
MRTO4,0.21443334273928105
MS4A1,-1.465303756758005
MS4A10,0.08439592282567854
MS4A12,-0.5670154469089264
MS4A13,-0.8463473660341809
MS4A14,0.7169570057555767
MS4A15,-0.44816092159164667
MS4A18,0.05417256176650851
MS4A2,0.6403748335398788
MS4A3,-0.5834093191687003
MS4A4A,0.7728711650660252
MS4A4E,0.04803337508528638
MS4A5,-0.22688532454031773
MS4A6A,-1.0438070155133263
MS4A6E,0.500654900779447
MS4A7,0.7015357032582545
MS4A8,0.06269607842701397
MSANTD1,-0.5075465566977425
MSANTD2,0.08281347032310471
MSANTD3,0.18380322922998316
MSANTD3-TMEFF1,2.093537344517782
MSANTD4,0.08107870919959481
MSANTD5,0.7722795300547114
MSANTD7,0.038418117775238514
MSC,-0.5650940362496043
MSGN1,0.6927044210305804
MSH2,0.15752171587750574
MSH3,-0.14275261242056203
MSH4,-0.050290489369751334
MSH5,0.22002617171355832
MSH5-SAPCD1,0.22189714064095334
MSH6,-0.3130561595153416
MSI1,-0.32060013857883285
MSI2,-0.4556035583808451
MSL1,-0.3418666228334679
MSL2,0.02871502554094718
MSL3,-0.18046001911701204
MSL3B,0.0540063171157259
MSLN,0.04576781564538113
MSLNL,-0.0786143412663014
MSMB,-0.096943857109996
MSMO1,0.0007321021807440431
MSMP,0.004920863617987603
MSN,0.4732117994210581
MSR1,-0.2460851553384178
MSRA,-0.10671652181826596
MSRB1,0.024733049336036927
MSRB2,-0.12447544986458015
MSRB3,0.025162028665181246
MSS51,-0.2781728976645521
MST1,-0.09856747615207251
MST1R,-0.16481854664430218
MSTN,1.1156754710371235
MSTO1,-0.1353932469370882
MSX1,0.055490833770014625
MSX2,0.1132728027878831
MT1A,-0.20743397565024224
MT1B,0.34094337598806607
MT1E,0.07882017592108209
MT1F,1.4812699748816727
MT1G,2.4790532466645745
MT1H,1.7707739096112782
MT1HL1,0.18949533269486674
MT1M,-0.23676739663167895
MT1X,0.5510418785945372
MT2A,0.5279630209976762
MT3,-0.5141439400376966
MT4,0.01114605298333976
MTA1,-0.06061867339522253
MTA2,0.11668016780789348
MTA3,-0.011815810998769827
MTARC1,-0.32406380859177675
MTARC2,-0.25366919972496105
MTBP,-0.1583968984512385
MTCH1,0.24319557673058956
MTCH2,-0.12477876146652367
MTCL1,-0.008054992976624042
MTCL2,-0.03662897350439831
MTCL3,-0.9733338618284121
MTCP1,-0.49229301870363684
MTDH,0.12618644108337573
MTERF1,0.061059326772878286
MTERF2,0.25949324503731985
MTERF3,0.061043168133696035
MTERF4,-0.0020635412072635972
MTF1,-0.22409559781014998
MTF2,0.33990227092211533
MTFMT,-0.14811151211168339
MTFP1,-0.010151645425171552
MTFR1,0.10091989442707572
MTFR1L,-0.31405739618000084
MTFR2,0.16757693008479002
MTG1,-0.09776322063880283
MTG2,-0.09444095182930834
MTHFD1,0.005415975155288244
MTHFD1L,0.055014774189175775
MTHFD2,1.5056992425176576
MTHFD2L,-0.9543317623450878
MTHFR,-0.009580832843552933
MTHFS,-0.10660063429881639
MTHFSD,0.15128716819032872
MTIF2,-0.20503892721895856
MTIF3,0.029864244634615567
MTM1,-0.18161077393791913
MTMR1,-0.03836936986680728
MTMR10,-0.9625755391167257
MTMR11,-0.3482832634114308
MTMR12,0.018027145698348512
MTMR14,-0.029265764360317803
MTMR2,0.06544102662267615
MTMR3,-0.19915315891419194
MTMR4,-0.04290050688492997
MTMR6,-0.018333454095528445
MTMR7,0.23697425239982928
MTMR8,-0.00439885072633972
MTMR9,-0.038700148041073135
MTNAP1,0.0896406920618551
MTNR1A,0.18107430734704422
MTNR1B,-0.17364477391219807
MTO1,0.03602994196784737
MTOR,-0.16627412216868098
MTPAP,0.5567588824261366
MTPN,0.13019417565908853
MTR,0.12377083325185456
MTRES1,0.028938222705169103
MTREX,0.17403825780545734
MTRF1,-0.04749608067614641
MTRF1L,-0.07439399524520862
MTRFR,0.15055364048012354
MTRR,-0.5132573377912661
MTSS1,0.8134905261746028
MTSS2,-0.03811265535069541
MTTP,-0.03461569228262551
MTURN,0.44966242071686535
MTUS1,0.3307301022897713
MTUS2,0.9791268320712011
MTX1,0.2136467945958298
MTX2,-0.10922129109398071
MTX3,0.9970439115433974
MUC1,0.18861093704284926
MUC12,0.1866859819759062
MUC13,-1.155360460423134
MUC15,-1.1288149950037043
MUC16,0.2948327608035517
MUC17,0.20720823578421327
MUC19,0.5066190721226995
MUC3A,0.4211716104175345
MUC5AC,0.12590863640202454
MUC5B,-1.1081750711080989
MUC7,0.9793252836171455
MUCL1,0.5362247311035864
MUL1,0.10679562174863833
MUS81,-0.14691454499556578
MUSK,-0.19713079998093996
MUSTN1,-0.23490394916090995
MUTYH,0.058586258710687567
MVB12A,-0.05122165118119182
MVB12B,0.16870324283803617
MVD,-0.030725526246296653
MVK,-0.08369371445318752
MVP,0.21196873210098843
MX1,-0.12130645559020638
MX2,0.14595137265506253
MXD1,-0.2747213629817723
MXD3,-0.13280858405039453
MXD4,0.08813309467570551
MXI1,0.2695501043552708
MXRA5,-0.9924954388643425
MXRA7,0.5175904554790098
MXRA8,0.49278566481295805
MYADM,1.2939375209430182
MYADML2,0.35672480155027453
MYB,0.2069530353986142
MYBBP1A,0.04788033198539132
MYBL1,-0.028165522092035822
MYBL2,-0.037158801326262036
MYBPC1,0.5578992722420536
MYBPC2,-0.3709287189878139
MYBPC3,-0.11973743672494352
MYBPH,-0.12789541727319909
MYBPHL,0.19758465686578885
MYC,0.1649586154737035
MYCBP,0.09779379051344872
MYCBP2,-0.04571220726801517
MYCBPAP,-0.06213747339823916
MYCL,0.07402770026421024
MYCN,0.0840242147122634
MYCT1,-0.09033898903415238
MYD88,0.053890038066067625
MYDGF,0.03337107109187931
MYEF2,0.20515046061606856
MYEOV,-0.23930355073639298
MYF5,-0.4122480547764769
MYF6,0.7441088280441851
MYG1,-0.15650117783391782
MYH1,0.8108314748461689
MYH10,-0.0820942780039493
MYH13,-0.01736541672966574
MYH14,0.4952962114838352
MYH15,1.13183652424651
MYH16,0.6648985524716479
MYH2,0.6573097059546735
MYH3,-0.676684626943582
MYH4,1.4596991475535386
MYH6,-0.04802511322044012
MYH7,-0.2732040274468138
MYH7B,0.011650209973687708
MYH8,-0.4491523602541363
MYH9,-0.21005735138822068
MYL1,-0.4029187641532901
MYL10,0.8517727572571386
MYL11,0.028181658069244442
MYL12A,0.07648057919283335
MYL12B,0.030123805941776105
MYL2,0.6059007667312283
MYL3,-0.9249068687412103
MYL4,0.8651029416164429
MYL5,-0.024725958831667505
MYL6,0.1834609740918296
MYL6B,-0.005255671800632911
MYL7,-0.6044293909901792
MYL9,-0.5996082136202633
MYLIP,-0.15802534898276743
MYLK,-0.16473724774858978
MYLK2,-0.3249751762060207
MYLK3,0.08062816389898919
MYLK4,-0.8659628964530259
MYMK,-0.19659441867779615
MYMX,-0.8687948314486145
MYNN,-0.07647181278188864
MYO10,-1.4623848952561949
MYO15A,-0.42242916859279367
MYO15B,-0.2021023130429067
MYO16,0.28773345206528433
MYO18A,-0.09832837791559523
MYO18B,-0.12264064991741264
MYO1A,-1.0456030490503865
MYO1B,-0.1221395126159166
MYO1C,-0.21036697780691016
MYO1D,0.0735581308406168
MYO1E,-1.5182738997014362
MYO1F,-0.24665163069481566
MYO1G,0.12226036494819059
MYO1H,0.4480388352264825
MYO3A,0.2439978333739008
MYO3B,0.6988128216475498
MYO5A,0.01761490258317444
MYO5B,-0.05612540619266859
MYO5C,-0.28350329623955706
MYO6,-0.04826580244184164
MYO7A,0.01887371164935603
MYO7B,-0.38280070865597365
MYO9A,-0.0956027789852616
MYO9B,0.12068488860411364
MYOC,0.22680739966255892
MYOCD,-0.8638064511807627
MYOCOS,-0.039711709347670876
MYOD1,-0.13124182181914212
MYOF,0.5204080928225845
MYOG,0.790195161459527
MYOM1,0.75796453387126
MYOM3,-0.5857432662297146
MYORG,-0.16467762567739985
MYOT,-0.17966973992862423
MYOZ1,-0.20273647359654667
MYOZ2,-0.4212781841559641
MYOZ3,-0.4598199621934495
MYPN,-0.136026401562934
MYPOP,-0.12317116324888122
MYRF,0.20577272346297093
MYRFL,0.7935036470398185
MYRIP,0.059049779970618665
MYSM1,-0.14011011148175445
MYT1L,0.3581664238000708
MYZAP,-0.6679713162157307
MZB1,-0.3175689732940903
MZF1,0.019304194849691036
MZT1,-0.24050780810043548
MZT2A,-0.08257699333786306
MZT2B,-0.12362422673955553
N4BP1,0.05192211589540913
N4BP2,-0.02404188046255218
N4BP2L1,-0.1575630476009766
N4BP2L2,0.11021340882988717
N4BP3,-0.16384114796230964
N6AMT1,0.09579544264667206
NAA10,-0.055852621537076264
NAA11,0.72970238451822
NAA15,0.004790065256927711
NAA16,0.08098151634562711
NAA20,0.055536451862125524
NAA25,-0.17979058677907478
NAA30,0.06655232643215747
NAA35,0.16926200958318205
NAA38,-0.4932349655862107
NAA40,-0.016987488317146138
NAA50,0.036768455804413236
NAA60,0.20143378734753536
NAA80,0.004775608741546478
NAAA,-0.001866512019728539
NAALAD2,0.28349625412655577
NAALADL1,-0.5411990099888527
NAALADL2,0.139286243823453
NAB1,0.10585978561045378
NAB2,0.20168933388037136
NABP1,-0.04635450557661791
NABP2,0.009945063688862277
NACA,0.7864162034085631
NACA2,0.5323707608604966
NACAD,-0.5091122297720507
NACC1,0.23193715580088714
NACC2,-0.05550113510457372
NADK,0.3411660329529438
NADK2,0.04802273322442119
NADSYN1,0.09857989437802761
NAE1,-0.08417594024938158
NAF1,-0.2775763095372472
NAGA,0.0002578771405543634
NAGK,0.27383220877659936
NAGLU,-0.09964436579525326
NAGPA,0.1949858287336803
NAGS,0.27361728604529756
NAIF1,0.004674975373802681
NALCN,0.8234174822114331
NALF1,0.1560024799916211
NALF2,0.2182110672947275
NAMPT,-0.2563056405395976
NANOG,0.4124212573221539
NANOGNB,-0.516250179927563
NANOGP8,0.11680274222129916
NANOS1,-0.1452094050048922
NANOS2,0.7168361227010316
NANOS3,-0.06409664987170327
NANP,0.0062107427236046675
NANS,-0.0724664714638017
NAP1L1,0.034279752214093406
NAP1L2,-0.17008254215995544
NAP1L3,0.49335087156965285
NAP1L4,-0.08654239031700389
NAP1L5,-0.13896249170521058
NAPA,0.044769066971707794
NAPB,0.02288570980318294
NAPEPLD,-0.7374733084110765
NAPG,0.2886879886879008
NAPSA,-0.21860653718568557
NARF,0.09994324870829274
NARS1,-0.044349670567444655
NARS2,-0.026216167682067137
NASP,0.04537456150649
NAT1,1.3909491848774274
NAT10,0.15233768098116052
NAT14,-0.15635889078900966
NAT16,-0.2574139134627646
NAT2,1.437129165353015
NAT8,-0.131125565151768
NAT8B,0.3619636618787163
NAT8L,0.2929026767684979
NAT9,0.1725069761553275
NATD1,0.4326270191744874
NAV1,-0.060439625681075526
NAV2,0.028331672538420283
NAV3,0.29594479061706824
NAXD,0.0595355511033171
NAXE,-0.18003285508457534
NBAS,0.3752295269517587
NBDY,0.18877302622023162
NBEA,-0.09238121899485296
NBEAL1,0.10449428393731441
NBEAL2,0.06763777983638875
NBL1,-0.06518342382344322
NBN,0.5034968975783848
NBPF1,0.16203813215769003
NBPF10,-0.29226149050838224
NBPF11,-0.42206573398406855
NBPF12,-0.3753919700167234
NBPF14,-0.3333464417503942
NBPF15,-0.3687853443775171
NBPF19,-0.30143564855306737
NBPF20,-0.11759863125895498
NBPF26,-0.3279955439103921
NBPF3,-0.95453036173986
NBPF4,0.36135941371620817
NBPF8,0.02375676976416985
NBPF9,-0.2852952709865664
NBR1,0.09281944219304261
NCALD,-0.3317773156118462
NCAM1,0.039711740535584905
NCAM2,0.37598693058618715
NCAN,0.12970467460819793
NCAPD2,-0.07468347714608647
NCAPD3,-0.1952680772960198
NCAPG,0.05696224632129532
NCAPG2,-0.08667292055787978
NCAPH,-0.20839159837579135
NCAPH2,-0.23903611994899698
NCBP1,0.1430711714857953
NCBP2,0.01906461765923151
NCBP2AS2,0.015141948764554769
NCBP2L,0.40781637815185423
NCBP3,-0.04728293936671868
NCCRP1,-0.274084442072865
NCDN,0.17526082208605676
NCEH1,-0.24206066365185608
NCF2,-0.44175302560322927
NCK1,-0.017368408776068378
NCK2,-0.3166216721909594
NCKAP1,-0.13854465389720438
NCKAP1L,0.04291988838834904
NCKAP5,-1.028850293512504
NCKAP5L,-0.0026623583848666144
NCKIPSD,0.07500838832469015
NCL,-0.19004489295844817
NCLN,-0.0623242570390925
NCMAP,-0.5898689320315742
NCOA1,0.07020920086543736
NCOA2,0.07858135176633052
NCOA3,0.04143938989178064
NCOA4,-0.1773738943861396
NCOA5,0.019456903965252792
NCOA6,-0.05531721481420959
NCOA7,0.023208280578443485
NCOR1,0.06164299741224788
NCOR2,-0.11438188816101391
NCR2,0.2704992524789471
NCR3LG1,-0.036720456704516735
NCS1,-0.37247181592629675
NCSTN,-0.09748304684899978
NDC1,0.22721979200278142
NDC80,0.07576465929054521
NDEL1,0.3424273123202175
NDFIP1,-0.18389738875625739
NDFIP2,0.05800099212215759
NDN,-0.32462810576246026
NDNF,-0.05651951152737089
NDOR1,-0.07073592256683181
NDP,1.626359679917178
NDRG1,-0.5065994209687672
NDRG2,-0.04787814446098926
NDRG3,-0.09807468297411148
NDRG4,0.1755949017036338
NDST1,0.05098096109597705
NDST2,0.06510236743506326
NDST3,0.14488038638176004
NDST4,-0.0816261947273248
NDUFA1,-0.07779955732549038
NDUFA10,-0.06343807825499148
NDUFA11,-0.0480089482148669
NDUFA12,-0.01801996694589203
NDUFA13,0.06631153913160048
NDUFA2,-0.0332616566730497
NDUFA3,-0.17912621636614823
NDUFA4,-0.044763983690324416
NDUFA4L2,0.21535346371118091
NDUFA5,0.17909893574460334
NDUFA7,-0.19547144230150604
NDUFA8,0.1666045976839996
NDUFA9,0.2539819196684112
NDUFAB1,0.15026583359519474
NDUFAF1,1.4252379379943978
NDUFAF2,0.019625533286441232
NDUFAF3,-0.05424181377313886
NDUFAF4,0.025023623566817754
NDUFAF5,0.0790313793407611
NDUFAF6,-0.09478310850341387
NDUFAF7,0.09277960283684106
NDUFAF8,0.05295093852871702
NDUFB1,0.16700396888289148
NDUFB10,-0.22232677611507867
NDUFB11,0.21342920219641748
NDUFB2,-0.4666347068715429
NDUFB3,0.08066864255252337
NDUFB4,0.007113152673050571
NDUFB5,0.18131231801481285
NDUFB6,0.05500637420151566
NDUFB7,-0.12023421564128878
NDUFB8,0.030482776003279533
NDUFB9,0.04833571502995593
NDUFC1,0.009227742504302583
NDUFC2,-0.009900989151852446
NDUFC2-KCTD14,-0.009770036607154253
NDUFS1,0.014268362416951952
NDUFS2,-0.19028762779312558
NDUFS3,-0.3346750083140426
NDUFS4,-0.10666522453704985
NDUFS5,-0.05979808189709779
NDUFS6,0.046991478731523983
NDUFS7,0.070580416169431
NDUFS8,-0.040240107748659604
NDUFV1,0.35283524664051136
NDUFV2,-0.022538388875242177
NDUFV3,-0.002700694555876737
NEB,1.4073862593318232
NEBL,0.35825278084663825
NECAB1,0.13677771105457293
NECAB2,-0.7944357290227437
NECAB3,-0.27126176993251905
NECAP1,-0.5623255133373841
NECAP2,-0.0642661572612866
NECTIN1,0.3199075471899073
NECTIN2,0.2847591176969395
NECTIN3,0.7997882219810529
NECTIN4,-0.29138128579074674
NEDD1,0.08066002715312592
NEDD4,-0.11601212229414948
NEDD4L,0.06263346555488258
NEDD8,0.14390880973277387
NEDD8-MDP1,0.1431598546163384
NEDD9,-0.11067001108938923
NEFH,-0.2236611521956164
NEFL,0.5484320720956377
NEFM,0.6054114973428644
NEGR1,0.292253697464695
NEIL1,0.17042873151588056
NEIL2,-0.1017833153831198
NEIL3,-0.02964680251994345
NEK1,0.04953226218691942
NEK10,-0.10062595556801845
NEK11,0.2673828249664707
NEK2,0.1600018318284091
NEK3,-0.27415309042858915
NEK4,0.3140835157488251
NEK5,-0.22182989728645808
NEK6,0.2275579703081987
NEK7,0.029956726980635118
NEK8,-0.11061974249662399
NEK9,-0.07261359973527703
NELFA,-0.14147489738462227
NELFB,-0.027440850854155485
NELFCD,0.29338717486420496
NELL1,-0.32687297159717965
NELL2,0.5092097739187316
NEMF,-0.03377562756514951
NEMP1,0.2699869349967843
NEMP2,0.05424483176636663
NENF,-0.048565854858815705
NEO1,0.20015965624136456
NEPRO,0.13308020450875713
NES,0.0011551710189177111
NET1,0.2556472491267585
NETO1,-0.2581681509977052
NETO2,-0.03601120826876425
NEU2,0.37703743403637585
NEU3,-0.13332171994321484
NEURL1,0.01083775392683295
NEURL1B,0.13300331107511632
NEURL2,0.16840894919407745
NEURL3,-0.1280240271480162
NEURL4,0.06080020580372825
NEUROD1,-0.06386236059451789
NEUROD2,-0.7648671788193396
NEUROD4,0.9666034944310115
NEUROD6,0.008238727217351638
NEUROG1,0.20078029544096143
NEUROG2,0.2407070066698851
NEUROG3,0.19015358244771252
NEXMIF,-0.14087999190965927
NEXN,-0.29361504865452703
NF1,-0.1425873729411542
NF2,-0.006200759749515505
NFAM1,1.388968147278149
NFASC,-1.17260254820203
NFAT5,0.13869603396515284
NFATC1,-0.19035421947653353
NFATC2,1.017632687913658
NFATC2IP,0.06618181481337082
NFATC3,-0.10964629234078505
NFATC4,-0.25062523949696924
NFE2,-0.14074633346172893
NFE2L1,-0.11536908118613454
NFE2L2,-0.1605992445434592
NFE2L3,-0.3814427324618128
NFIA,-0.21018725220240358
NFIB,-0.18580715575902218
NFIC,0.9577804428262167
NFIL3,-0.12245503865845464
NFILZ,0.20261392590658306
NFIX,0.27964564509018075
NFKB1,0.09393999273691422
NFKB2,0.138845626299692
NFKBIA,0.12616405662534103
NFKBIB,-0.00901104105459094
NFKBID,0.14552363057742035
NFKBIE,-0.21005040856766133
NFKBIZ,0.2234285096283719
NFRKB,0.27016268653814723
NFS1,-0.12512527845665744
NFU1,-0.2783531161748307
NFX1,0.24047557742998027
NFXL1,-0.0039081952402186815
NFYA,-0.03584539917871954
NFYB,-0.10887956692013301
NFYC,-0.04060112005590355
NGB,0.2941822994638702
NGDN,-0.08519831487538809
NGEF,-0.8689117012349874
NGF,-0.1700569679694719
NGFR,0.21559513622200743
NGLY1,-0.17145043022327133
NGRN,-0.010539095836365142
NHEJ1,0.08319900059291374
NHERF1,-0.1295623090380449
NHERF2,-0.17147034816864992
NHERF4,0.23219338121915156
NHLH1,0.24318424931197424
NHLH2,-0.10113985620573918
NHLRC1,-0.4004491594621291
NHLRC2,0.13834563673674705
NHLRC3,-0.040616398143086485
NHLRC4,-0.14341791558229833
NHP2,-0.01539930954443669
NHS,-1.1584306310826025
NHSL1,-0.1671215451435195
NHSL2,-0.29031963989206133
NHSL3,0.3374555233273937
NIBAN1,0.05292248360758656
NIBAN2,0.43539057067818476
NIBAN3,-0.09255937339963571
NICN1,0.11973270201604524
NICOL1,-0.1252431706728534
NID1,-0.8441605442131566
NID2,0.5413765150860461
NIF3L1,0.14244765188371034
NIFK,-0.1530731159025418
NIM1K,-0.0198107015694724
NIN,0.15673146666643056
NINJ1,-0.02176017261905905
NINJ2,0.17487465483875075
NINL,-0.16647390623039726
NIP7,-0.21729743278397984
NIPA1,-1.0527637740201419
NIPA2,-0.06051325383138728
NIPAL1,-0.0328451452881664
NIPAL2,-0.2891096001273037
NIPAL3,-0.05295820748200786
NIPAL4,1.093484587091761
NIPBL,0.051081134987245314
NIPSNAP1,0.08724628036061333
NIPSNAP2,0.24796380886267944
NIPSNAP3A,-0.09228451090130996
NIPSNAP3B,0.1472356940289652
NISCH,-0.229252363359282
NIT1,0.011964370968831517
NIT2,-0.00519894636085283
NKAIN1,-0.126538629441309
NKAIN2,-0.24884418017813764
NKAIN3,-0.3626628046559639
NKAIN4,-0.06203601533506209
NKAP,-0.12462297145172219
NKAPD1,0.34559918549294233
NKAPL,0.8300150479784182
NKD1,0.14233976264051185
NKG7,0.16089955886743912
NKIRAS1,0.06337135575385933
NKIRAS2,-0.03612672546599005
NKPD1,-0.29737913172547326
NKRF,0.1857198059271714
NKTR,0.050839429756329046
NKX1-1,-0.19521935314276662
NKX1-2,0.566622343186737
NKX2-1,-0.15152533939717028
NKX2-2,0.3341143456299376
NKX2-3,0.7139279445618856
NKX2-4,-0.09597495530418909
NKX2-5,-0.11639315397906663
NKX2-6,-1.4820905217860725
NKX2-8,-0.15415656160559643
NKX3-1,-0.10063977056996443
NKX3-2,0.019339753970467832
NKX6-1,-0.0853114409968394
NKX6-2,-0.35124404362978257
NKX6-3,0.19480614559866738
NLE1,-0.06005704310275828
NLGN1,0.18767281012957415
NLGN2,-0.024676281798811317
NLGN3,-0.34406354787327703
NLGN4X,0.2983766496075107
NLK,-0.004225686806776707
NLN,-0.01942515257090527
NLRC3,0.06861360179743414
NLRC4,0.4634204047249638
NLRC5,-0.3121999882647737
NLRP1,0.041276810782830076
NLRP11,-0.5212099216373514
NLRP12,-0.37238700119497214
NLRP13,0.39207037512283527
NLRP14,0.2899985370813126
NLRP2B,-0.3103519552806231
NLRP3,-0.026880766763937913
NLRP4,-0.39768040132173144
NLRP5,-1.3434385433678697
NLRP6,-0.6545465691874967
NLRP8,-0.6086887786217334
NLRP9,0.4735880867625054
NLRX1,0.4622859216232928
NMB,-0.2966182424585462
NMBR,0.05689677669910065
NMD3,-0.40462793173921036
NME1,0.18679681291267514
NME1-NME2,0.1852769352859367
NME2,-0.05239093416087348
NME3,0.037605885811684114
NME4,0.0557465804851498
NME5,0.08064061355266205
NME6,0.17620761860882705
NME7,0.2017904275852791
NME8,0.36859912464121
NME9,-0.05000299848636569
NMI,0.05771470049970251
NMNAT1,-0.10288937332443027
NMNAT2,-0.8449027910044818
NMNAT3,-0.2136174834965473
NMRK1,-0.040932087308751974
NMRK2,0.39289739430024084
NMS,0.6912356181557512
NMT1,-0.15426915948927772
NMT2,0.21058291885922387
NMU,-1.8921992268167522
NMUR1,-0.04244271564610147
NMUR2,-0.16887571336341822
NNAT,-1.1826721264374407
NNMT,0.8475311920880769
NNT,0.030274211319087918
NOA1,-0.14613080706771608
NOB1,-0.07418439731095372
NOBOX,0.015875542506109785
NOC2L,0.08371315476601193
NOC3L,0.014617838207462874
NOC4L,0.16510576773848662
NOCT,0.10214515087100651
NOD1,0.03907751511840818
NOD2,-0.37514995031084586
NODAL,0.22637966776594967
NOG,-0.21168207781178872
NOL10,-0.42985247964410167
NOL11,-0.06038287478183069
NOL12,0.37598738737016957
NOL3,-0.40795559942111215
NOL4,0.07629294382419693
NOL4L,-0.19661159656577132
NOL6,-0.1958681457351572
NOL7,0.013971471861252915
NOL8,0.002827095998966911
NOL9,0.028140438512643584
NOLC1,0.006889114286085629
NOM1,0.11427226038299576
NOMO2,-0.5626862931363887
NONO,0.16989236641740835
NOP10,0.14857148678130416
NOP14,0.017277607816726714
NOP16,-0.08039941659050953
NOP2,0.08063195738251316
NOP53,0.06139985745728005
NOP56,-0.12437066672301089
NOP58,0.03743999576717627
NOP9,0.11523949429477565
NOPCHAP1,-0.025945098715005166
NOS1,1.640604431173713
NOS1AP,-0.33827519824495855
NOS2,0.6991705560491008
NOS3,0.309251213695827
NOSIP,-0.13760006241149547
NOSTRIN,0.14644716360294185
NOTCH1,0.09143868868918492
NOTCH2,0.36135941371620817
NOTCH2NLA,-0.2906088430117315
NOTCH2NLB,-0.3332083854584442
NOTCH2NLC,-0.3048238104835961
NOTCH2NLR,-0.3277408689027199
NOTCH3,-0.12718554871801224
NOTO,0.13892037962403309
NOTUM,-0.13789467413732281
NOVA1,0.053797068125666314
NOVA2,0.39476405614252474
NOX1,-1.5309241922806993
NOX3,1.1872205704608811
NOX4,-0.8018769856406196
NOX5,0.9569607447073916
NOXA1,0.20315072486445412
NOXO1,0.02160151019888179
NOXRED1,-0.38676075555861966
NPAP1,-0.49383824061189713
NPAS1,-0.15512458310254018
NPAS2,-0.17805142806934704
NPAS3,0.7163224960667081
NPAS4,-0.09576125966836502
NPAT,0.04257053249290532
NPB,0.06511003261074277
NPBWR1,1.129657241783892
NPC1,-0.14921731450861664
NPC1L1,-0.03599543358969859
NPC2,-0.03852907961942886
NPDC1,0.08200992999707069
NPEPL1,-0.6041956804007139
NPEPPS,0.43359739672219977
NPFF,0.08434475445934342
NPFFR1,0.0055338287852375045
NPFFR2,-0.21219490400491015
NPHP1,-0.017526241700585032
NPHP3,-0.09958914049256329
NPHP3-ACAD11,-0.09532312241081797
NPHP4,0.03620489475216804
NPHS1,-0.18409284011808502
NPHS2,-0.892395377203766
NPIPB11,0.0
NPIPB12,0.7029053488013641
NPIPB15,-0.3974925186349787
NPIPB2,-0.24011903262834045
NPIPB6,-0.4534197033641054
NPIPB7,-0.40318636491961213
NPIPB8,1.0816928922485727
NPIPB9,-0.4641605247611844
NPL,0.08309411808812417
NPLOC4,-0.21385544794405179
NPM1,-0.012919978592170978
NPM2,-0.006315598441089865
NPM3,0.22464278900236145
NPNT,-0.2280753682499036
NPPA,-0.6970786032344042
NPPB,0.012900025990716824
NPPC,-0.07368863099829248
NPR1,-0.30125459032984114
NPR2,-0.007720485127069132
NPR3,-0.08068665277640796
NPRL2,0.02344446681600232
NPRL3,-0.1029635673192022
NPS,-0.6720350779165294
NPSR1,1.9671367339711705
NPTN,-0.06514173371297716
NPTX1,0.25098222732284015
NPTX2,-0.46774570899203444
NPTXR,-0.5135184927392875
NPVF,-1.5404867038237509
NPW,0.06150259049817297
NPY,0.028109770488644603
NPY1R,0.6892526433706914
NPY2R,-1.0622129586842037
NPY4R,-0.3070746631068322
NPY4R2,1.1282814000954948
NPY5R,0.1811427553938193
NQO1,0.0916049079984127
NQO2,0.1973756745073283
NR0B1,0.6586263223674478
NR0B2,-0.5928448494985319
NR1D1,-0.1522891890267255
NR1D2,0.006158491553168055
NR1H2,-0.05619187422441563
NR1H3,-0.03186019026639286
NR1H4,-0.4226949887277023
NR1I2,0.21991812298173752
NR1I3,-0.05725371439776533
NR2C1,-0.002516530277154594
NR2C2,-0.11505637357964549
NR2C2AP,-0.2879263731954387
NR2E1,-0.075627948498879
NR2E3,-0.9342678754417229
NR2F1,0.17767509471340315
NR2F2,0.7214190211268786
NR2F6,-0.15308184969155159
NR3C1,0.31818231482502335
NR3C2,-0.28576997513695
NR4A1,0.1548455727448852
NR4A2,0.4527697726294073
NR4A3,-0.05540527820226426
NR5A1,0.06588500777557793
NR5A2,0.12472855928685067
NR6A1,-0.05390107654923515
NRAP,-0.7029744459768763
NRARP,0.07366336906420479
NRAS,0.00397381209066161
NRBF2,-0.030201898817884043
NRBP1,-0.22735122970156585
NRBP2,-0.12191287857801214
NRCAM,-0.6830599389069607
NRDC,-0.047088041415447535
NRDE2,0.006398861010786128
NREP,0.27903869665120684
NRF1,-0.006713838294418295
NRG1,0.3695370440764433
NRG2,-0.020010371036118357
NRG3,-1.1981882589780228
NRG4,0.058674517958922756
NRGN,0.14841825616119753
NRIP1,0.08562207551094936
NRIP2,0.002350155220390393
NRIP3,0.25377146194894573
NRK,0.3582849291942043
NRL,0.005498444547364478
NRN1,-0.03234090052562166
NRN1L,-0.325781949635914
NRP1,0.3939443458337677
NRP2,-0.006336857790051997
NRROS,-0.08008023218059801
NRSN1,-0.11814358198422026
NRSN2,0.569137639759782
NRTN,-0.3209058901034876
NRXN1,-1.8421510473937948
NRXN2,-0.027056028658070552
NRXN3,0.1507437547527517
NSA2,0.11518183162600604
NSD1,0.0007556891542543909
NSD2,-0.1933282580993403
NSD3,-0.024609031902112832
NSDHL,-0.15550004367932058
NSFL1C,0.8753584100091407
NSG1,-0.16888872790434117
NSG2,-0.21629717738829513
NSL1,0.4366091630424904
NSMAF,0.058352602508450424
NSMCE1,-0.31270169956909655
NSMCE2,-0.03748939575900678
NSMCE4A,-0.1965706819958708
NSMF,0.2588735982237189
NSRP1,0.09104563535850252
NSUN2,0.06941339119417744
NSUN3,-0.011216200206010107
NSUN4,-0.0527370904947162
NSUN5,-0.7377667077081607
NSUN6,-0.06290205951844818
NSUN7,-0.6134327981828505
NT5C,-0.08832500609903704
NT5C1A,0.2717145457832211
NT5C1B,0.09796811645394543
NT5C1B-RDH14,0.09796830686155689
NT5C2,0.21837351242028813
NT5C3A,-0.022979978439250814
NT5C3B,0.04082700592865551
NT5DC1,-0.12390336052460071
NT5DC2,0.08885841890041402
NT5DC3,-0.08774717303177049
NT5DC4,0.23415479456775684
NT5E,-0.11100133650197286
NT5M,-0.14052339908501388
NTAN1,-0.628818754692571
NTAQ1,-0.06736149677522718
NTF3,-0.5873639601962044
NTF4,0.4136726866480258
NTHL1,-0.12805711528177977
NTM,0.04213547533948983
NTMT1,0.1270441017179882
NTMT2,0.502331976022766
NTN1,-0.1634120444806766
NTN3,-0.4184851705810275
NTN4,0.1695134091540802
NTN5,0.14059692544394958
NTNG1,0.3686426856446634
NTNG2,0.12635768344802623
NTPCR,0.11649753924574835
NTRK1,0.05319242679351177
NTRK2,0.302213240664162
NTRK3,0.26540171183487393
NTS,-0.15585009639304842
NTSR1,0.18989739783166737
NTSR2,1.437769443303059
NUAK1,0.2621417636604212
NUAK2,-0.4947046362444495
NUB1,-0.02489455486239578
NUBP1,0.10562609338209139
NUBP2,0.014601597892400342
NUBPL,0.6295973499842382
NUCB1,0.027094506940242624
NUCB2,0.12654532848047495
NUCKS1,-0.10581421098888733
NUDC,0.18329069011558463
NUDCD1,-0.012775828290095603
NUDCD2,0.09302572624933969
NUDCD3,-0.04983386637594345
NUDT1,0.044200783745364625
NUDT10,-0.49807687305848614
NUDT11,0.054232977560767726
NUDT12,0.23192074028707788
NUDT13,0.16979590463835903
NUDT14,-0.05060043156250815
NUDT15,-0.05540969887653446
NUDT16,-0.008075862159057923
NUDT16L1,-0.07911368538192676
NUDT17,-0.014812770380261853
NUDT18,-0.1876611185610928
NUDT19,-0.26120919328745407
NUDT2,0.001521643301256148
NUDT21,0.05187469922547461
NUDT22,-0.04529848951159554
NUDT3,-0.11092402229531384
NUDT4,-0.11555331221431064
NUDT5,0.05922672464912626
NUDT6,0.10334782076441851
NUDT7,0.08151858844056203
NUDT8,-0.19806888608148032
NUDT9,0.04824170516494686
NUF2,0.4955287886508026
NUFIP1,0.1764659348435229
NUFIP2,0.059377189484076
NUGGC,-0.9397697725890993
NUMA1,-0.03196509768152289
NUMB,-0.18013018871715397
NUMBL,-0.1841277568750348
NUP107,-0.034754923722734254
NUP133,0.18545410433443443
NUP153,-0.1306803056880952
NUP155,0.06926583576770406
NUP160,0.1263735103851822
NUP188,0.002532740376810061
NUP205,0.035435595454444524
NUP210,-0.13250252994507505
NUP210L,-0.7578501500701458
NUP214,-0.02493858701355478
NUP35,0.06616409240880072
NUP37,0.03660241480457227
NUP42,0.20034700368611702
NUP43,-0.04507444120712911
NUP50,0.04898902081863632
NUP54,0.06423036641124558
NUP58,-0.11795337623264235
NUP62,-0.0344435785696815
NUP62CL,0.34378386662877514
NUP85,0.007394104475840102
NUP88,0.06470565676559215
NUP93,-0.020446889486935405
NUP98,0.02304382557635165
NUPR1,-0.44427298494830636
NUPR2,-1.9037652690270797
NUS1,-0.1223472115049331
NUSAP1,0.17906288184789831
NUTF2,-0.05374965448501445
NUTM1,0.14917550468237417
NUTM2B,0.08989920094089543
NUTM2D,-0.2822541847308395
NUTM2E,-0.12854063217006262
NUTM2F,-1.3048719993757247
NUTM2G,-0.9701151860451571
NVL,0.0497427729616442
NWD1,-0.17561519355518784
NWD2,-0.04818449676757741
NXF1,0.052305124065403774
NXF2B,0.36135941371620817
NXF3,0.33063984147046543
NXNL1,-0.1395649221461699
NXNL2,0.32702895847045754
NXPE1,1.304424013885177
NXPE2,0.15702607506795374
NXPE3,-0.07516438872498288
NXPE4,1.313977473492069
NXPH1,-0.5007540572121885
NXPH2,0.4110825004451222
NXPH3,-0.2664436824592409
NXPH4,0.08035382958561854
NXT1,-0.027750425076226826
NXT2,0.0007077049546813097
NYAP1,0.05257096550164242
NYAP2,-0.023357444046432696
NYNRIN,0.012882481258938316
NYX,-0.8207360489948798
OAF,-0.15823703326259952
OARD1,0.17562506736112926
OAS1,-0.124447822260698
OAS2,0.29175744533635806
OAS3,0.09226452069703894
OASL,0.7161393907231153
OAT,0.18687316781366548
OAZ1,0.21448222553177043
OAZ2,-0.0699717167993752
OAZ3,0.01956301158572238
OBI1,0.27847592557135226
OBP2A,-0.006410454322743682
OBP2B,-1.0361441800901132
OBSCN,-0.4285422893905404
OBSL1,-1.2625843047491334
OC90,0.3843623249666238
OCEL1,-0.04357044327955606
OCIAD1,0.449543765362465
OCIAD2,0.117304570102299
OCLN,-0.23865588444883867
OCM,0.67916441891706
OCM2,-0.292333203232492
OCRL,-0.38581082944930767
OCSTAMP,0.30718008829697174
ODAD1,-0.010136920569435937
ODAD2,0.39363219842207187
ODAD3,-0.061146191377574155
ODAD4,0.0865810735618302
ODAM,0.08393526008846619
ODAPH,0.9872841301356765
ODC1,0.016506609496014235
ODF1,0.04566937104335804
ODF2,-0.2665546682915352
ODF2L,0.27483450170348345
ODF4,-0.2847476286928517
ODR4,-0.08256011884202064
OFD1,-0.009936435623282058
OGA,0.021818769281249928
OGDH,-0.018778777017018022
OGDHL,0.019194738027880298
OGFOD1,0.11213252793670403
OGFOD2,-0.06601148848889071
OGFOD3,0.25136980697867894
OGFR,-0.066262195786285
OGFRL1,-0.7982416449474694
OGG1,0.10719697603253486
OGN,-0.2006411516833948
OGT,0.02559361853792197
OIP5,-0.07549558427404435
OIT3,-0.15892258002578433
OLA1,-0.08624916791036075
OLAH,-0.34961962333429586
OLFM1,0.28908572372728836
OLFM2,0.3867502570220718
OLFM3,0.003529708723303271
OLFM4,-0.9872189148701365
OLFML1,0.875430982053181
OLFML2A,0.43836016002260547
OLFML2B,-0.13861903775725226
OLFML3,0.17480397102611422
OLIG1,0.14692578559175162
OLIG2,-0.0022222562343235386
OLIG3,0.4247630326081775
OLR1,0.7026436979005151
OMA1,0.11677469604297386
OMD,2.2860796778661405
OMG,1.0569706403267334
OMP,0.6424971114807769
ONECUT1,0.22015453927737694
ONECUT2,0.1107620020708473
ONECUT3,0.6414616116392078
OOEP,0.36193967315125763
OOSP1,-1.1169573816059475
OOSP2,1.6714594385192785
OOSP3,1.6749423359385673e-07
OOSP4A,0.6054440053808765
OOSP4B,0.8177303848497294
OPA1,0.1641990353322882
OPA3,-0.9700362441414315
OPALIN,0.6643431060257151
OPCML,0.34876383960897706
OPHN1,-1.1747468912801897
OPLAH,-0.2884156658091208
OPN1LW,-0.3017863791377584
OPN1SW,-0.0028419841175065796
OPN3,0.09213514135672884
OPN4,-0.27481063351732393
OPN5,0.1655224882708033
OPRD1,-0.07352137520459645
OPRK1,1.18161566896069
OPRL1,-0.39530161724312673
OPRM1,-0.22738055810250035
OPRPN,-1.4396408523583786
OPTC,1.0580179249161574
OPTN,0.20109608894199615
OR10A2,-0.736023323989897
OR10A4,0.12544768594962796
OR10A5,0.2726882201996248
OR10A7,0.09097190223529261
OR10AC1,0.3944912462342148
OR10AD1,0.2477662668340448
OR10AG1,-1.2765659463612637
OR10D3,-0.08608859436333316
OR10G2,0.061405920021850774
OR10G3,0.29799716728956704
OR10G4,-1.1638689450300883
OR10G6,-0.006539519910100711
OR10G7,1.0244345491726845
OR10G8,-0.46838063077961767
OR10G9,0.2469408815077308
OR10H1,0.39630490466716606
OR10H2,0.5792313427083247
OR10H3,-1.0091391026053997
OR10H4,0.775434690189525
OR10H5,0.3289583325245162
OR10J1,-0.7236461498978752
OR10J3,-0.20333403154682061
OR10J4,0.8768244021629314
OR10J5,-0.503983194718145
OR10K1,0.109014798492853
OR10K2,-0.18734834866636663
OR10P1,-0.23334818238323995
OR10Q1,-0.2375695836059334
OR10R2,0.6549936667857137
OR10S1,0.031050822128081967
OR10T2,-0.1002051841621503
OR10V1,0.3340958103890592
OR10W1,0.17860705862215787
OR10X1,-0.4729926932145827
OR10Z1,-1.5561750564466599
OR11G2,-0.2435585881774651
OR11H1,-0.8147791170803136
OR11H12,0.36135941371620817
OR11H2,0.8206035569331962
OR11H4,-0.2208535654330592
OR11H6,0.637513535889619
OR11H7,0.08718773562111115
OR11L1,0.2603961312221641
OR13C2,0.18094746712635779
OR13C3,0.8465537331093678
OR13C4,-0.4837750579440716
OR13C5,0.514773770746243
OR13C7,0.6123215256150659
OR13C8,-0.13632357966966813
OR13C9,1.9786482453846657
OR13D1,1.1003280671891154
OR13F1,-0.10477152980241722
OR13G1,-0.2240925828282031
OR13H1,0.7669224544969073
OR13J1,-0.7099883823102033
OR14A16,-0.5544980911471651
OR14A2,-0.5149824852340023
OR14C36,-1.065051936861559
OR14I1,-0.3590650660479844
OR14K1,0.2645079298575834
OR14L1,0.2729532662765495
OR1A1,0.8449273487978957
OR1A2,0.2626099605630301
OR1B1,-0.4534197033641054
OR1C1,0.965818703828015
OR1D2,-0.38660799116221867
OR1D5,0.14427494038576927
OR1E1,0.29887068452656795
OR1E2,0.46229074833835915
OR1F1,-0.333787447447897
OR1G1,0.01095114503060124
OR1I1,1.3642157971452544
OR1J1,0.2705996847747071
OR1J2,0.3169384783778587
OR1J4,-1.686187835122752
OR1K1,0.6572561741270029
OR1L1,0.620309186876795
OR1L3,1.5352695227470017
OR1L4,0.7951927187748713
OR1L6,-0.9004471302870525
OR1L8,0.44609559249931274
OR1M1,0.8195885956552948
OR1N1,-0.17832619745742412
OR1N2,-0.43513894065064906
OR1P1,-0.36006705886937673
OR1Q1,1.112846102395803
OR1R1P,0.17656070298284154
OR1S1,0.9826208600037463
OR1S2,0.49805126400870003
OR2A1,-0.65009507799983
OR2A12,-0.2542136777807702
OR2A14,0.4047460091624751
OR2A2,-0.9039284247837098
OR2A25,0.6379246206614597
OR2A4,1.0966283673279387
OR2A5,-0.050007806855662085
OR2AE1,0.009489187331436
OR2AG1,-0.10650581211245763
OR2AG2,0.32073672281750076
OR2AJ1,-0.9045147168522794
OR2AK2,-0.7128452490682009
OR2AP1,-0.9983151732321032
OR2AT4,0.12431392566831521
OR2B11,0.2949800434168599
OR2B2,0.8395029958616906
OR2B6,0.14581382245190566
OR2B8P,0.366751607986647
OR2C1,-0.590651422466287
OR2C3,0.9337079650491593
OR2D2,-0.11777842938120797
OR2D3,-0.6488194813434558
OR2F1,-0.4906239621692414
OR2F2,0.26894760809461227
OR2G2,-0.6585937515310474
OR2G3,-0.8857878520491792
OR2K2,-0.12321463232128349
OR2L13,0.3038243632327928
OR2L2,1.4467950407267458
OR2L3,-1.0304073925754127
OR2L5,-0.4534197033641054
OR2L8,-0.32051096508690735
OR2M2,-0.5296733502254352
OR2M3,-1.161626548701686
OR2M4,1.6096366718596173
OR2M5,0.08220170460061049
OR2M7,1.7896691171285692
OR2S2,-0.6716373931036324
OR2T10,0.42489001341574006
OR2T12,-1.5488068044251215
OR2T29,-0.10280111104497625
OR2T33,0.2494445383436945
OR2T34,-1.233900752906056
OR2T8,1.3885433653738455
OR2V1,0.24656471393606888
OR2V2,-0.399716088460472
OR2W3,0.21767028654225018
OR2Y1,-0.6785351608567713
OR2Z1,1.0805373135672722
OR3A1,0.9465557948989214
OR3A2,0.14400784856873772
OR3A3,0.4469698487195797
OR4A15,0.8147791170803136
OR4A16,-0.18461713637367239
OR4A47,0.8569556113765593
OR4A5,-0.8595441898820475
OR4A8,0.26095296310040617
OR4B1,-0.5934368947759081
OR4C11,-0.4110939666738329
OR4C12,0.6597724753182668
OR4C13,0.6674355961656002
OR4C15,-0.2160830387806807
OR4C16,-0.5011313047468211
OR4C3,-0.16366952715249328
OR4C45,0.5942761171334303
OR4C46,-0.10066966013323775
OR4C5,-0.6562049879608065
OR4C6,-0.5371185845731379
OR4D1,0.1704666067042377
OR4D10,1.1263801806566598
OR4D11,1.381262647417114
OR4D2,0.2674878893025361
OR4D5,0.6721528308558637
OR4D6,-0.32483520461870885
OR4D9,0.48535332120284647
OR4E1,-0.7804725836249788
OR4E2,0.2627020933864588
OR4F15,1.331046028255543
OR4F16,0.7951927187748713
OR4F6,-0.9070247516508985
OR4K1,-0.3811193857952771
OR4K13,-0.23475484530692325
OR4K14,1.1999107320836562
OR4K15,0.2523665765992609
OR4K17,0.23611212310234675
OR4K2,-0.42375199083439463
OR4K3,-1.3614853352976366
OR4K5,-0.5453736972342118
OR4L1,1.0523832655991983
OR4M1,1.6879772945666178
OR4M2B,-0.4641605247611844
OR4N2,0.04947372528312943
OR4N5,1.3552311512947885
OR4P4,-0.3728641292315429
OR4Q2,-0.2008453090203034
OR4Q3,0.13219445698265142
OR4S1,0.6261573793943802
OR4S2,0.8147791170803136
OR4X1,-0.2706494501949762
OR4X2,0.44392601240053076
OR51A2,-0.24154557497756812
OR51A4,-0.8147794299486519
OR51A7,0.0
OR51B2,0.9670604545470846
OR51B4,0.5913289200715758
OR51B5,-0.06417830513728084
OR51B6,0.19270847076506903
OR51C1P,0.3594306733537961
OR51D1,0.18940353241139984
OR51E1,-0.35510150528427303
OR51E2,0.35957197138050734
OR51F1,-0.06532977955435193
OR51F2,-0.9281447884084714
OR51G1,1.2595773197734257
OR51G2,-0.3790737687813195
OR51I1,-0.9862236531163415
OR51I2,0.5695657474633098
OR51L1,-1.3323113033480092
OR51M1,0.8535429360498104
OR51Q1,0.1280066679605602
OR51S1,-0.31344687609108923
OR51T1,0.04837360829169435
OR51V1,-0.4969754363854427
OR52A1,0.4752303109889806
OR52A5,0.7481346084756846
OR52B2,0.4779093510465209
OR52B4,0.06509833967428102
OR52B6,-0.2704217645014941
OR52D1,-0.39463450604577544
OR52E1,-0.11062439043796335
OR52E2,1.2629307394965281
OR52E4,-0.6153387438848589
OR52E5,-0.41750467438925654
OR52E6,-0.680780883205647
OR52E8,0.12738703047134003
OR52H1,0.6587430407183478
OR52I1,0.2918525466374513
OR52I2,-0.08725810601191109
OR52J3,-0.216504767164248
OR52K1,0.7002408600143021
OR52K2,1.2258634232632115
OR52L1,-1.0508886381050213
OR52M1,-0.006570633636839185
OR52N1,-0.30046818149909127
OR52N2,0.02167321435783176
OR52N4,0.04084440003992906
OR52N5,0.8871543699338387
OR52P1,0.9022187165802154
OR52R1,0.5128955006693325
OR52W1,-0.06358453436253356
OR56A1,1.396783632228032
OR56A3,0.8039982328055817
OR56A4,-0.19184037191704695
OR56A5,0.7034158533529871
OR56B1,0.6820617374655366
OR56B2P,-0.34203845539903555
OR56B4,0.2560521906270661
OR5A1,0.22356038088440522
OR5A2,-0.2387466870374106
OR5AC1,-0.31145084035031606
OR5AC2,-0.583970007266004
OR5AK2,0.9129889258691584
OR5AK3P,0.7899658815646049
OR5AL1,-0.8665452823665813
OR5AN1,0.1596260010131192
OR5AP2,0.8147791170803136
OR5AR1,-1.1592557586963612
OR5AS1,0.16732200497750238
OR5AU1,0.6731897557828042
OR5B12,0.6481502678619369
OR5B17,-0.12750050640931554
OR5B2,-0.7918329703544589
OR5B21,-0.21261170591002604
OR5B3,0.08591301168568899
OR5BS1P,-0.31239696838446596
OR5C1,0.21380538556033568
OR5D13,1.4596992569767464
OR5D14,0.5175321862676956
OR5D16,0.08394099276235334
OR5D18,1.277286956742226
OR5D3P,-0.43647570692723603
OR5F1,-0.14506849841671943
OR5H1,0.04059396538478999
OR5H14,1.2066419982146126
OR5H15,-0.1909787082226222
OR5H2,0.02475135041286769
OR5H6,0.43301647438229107
OR5H8,0.03802624075349026
OR5I1,-1.053424781813406
OR5J2,-1.0469582230916754
OR5K1,-0.0769461828769673
OR5K2,-0.2861604118363738
OR5K3,-0.46608048627295084
OR5K4,0.315936801765051
OR5L1,0.1813595794144527
OR5L2,0.294048207732184
OR5M1,-0.02697910533318071
OR5M10,0.41280146597174583
OR5M11,0.8402998451630023
OR5M3,1.558814566495134
OR5M8,-0.055410352989516465
OR5M9,0.9104587877145585
OR5W2,0.5840525778041412
OR6A2,-0.9980248706321451
OR6B1,-1.019198441422783
OR6B2,-0.08210316464185298
OR6B3,-0.10544274355765881
OR6C1,-0.7537408752841199
OR6C2,0.13310287567840984
OR6C3,0.7629360298968768
OR6C4,-1.124981261436471
OR6C6,0.4536233949580639
OR6C65,1.0244102410788734
OR6C68,-1.1744968490044077
OR6C70,-0.55327494956888
OR6C74,1.3160246301785643
OR6C75,0.6560349766530829
OR6C76,0.7202111409326737
OR6F1,-0.609464859463452
OR6J1,0.08978467220353659
OR6K2,-0.2380556507240888
OR6K3,-0.9081789924086936
OR6K6,-0.17537271672118765
OR6M1,0.8310327985329425
OR6N1,0.2319567883997371
OR6N2,1.3609549363704392
OR6P1,0.0605737389995335
OR6Q1,1.7713482433272447
OR6S1,-0.9668831857196114
OR6T1,0.17531568235204276
OR6X1,0.6097259441977896
OR6Y1,0.8484497982086991
OR7A10,0.1921989815183972
OR7A17,-0.6362794867365669
OR7A5,0.6191943779112404
OR7C1,0.663886204236746
OR7C2,1.165111425465854
OR7D2,0.3837012770095937
OR7D4,-0.3525976344017796
OR7E24,1.065532784828229
OR7G1,-0.21918224886622362
OR7G2,-0.1728535342481866
OR7G3,-1.3746487648321477
OR8A1,-0.42908046488788437
OR8B12,-1.826798903328951
OR8B2,0.14461572206546558
OR8B3,0.1394596375855699
OR8B4,2.5087018506781074
OR8B8,-0.24329919462381788
OR8D1,-0.3955100894408876
OR8D2,1.4033282482360325
OR8D4,1.5348446492283951
OR8G1,-0.44328027884520815
OR8G2P,0.3018405830362818
OR8G3P,-1.0557923420340054
OR8G5,2.1883843690462133
OR8H2,0.9752132509694647
OR8H3,0.3654089937256826
OR8I2,-0.2040294351348937
OR8J3,-0.8147791170803136
OR8K5,-0.4340359799105742
OR8S1,-0.31310649956004755
OR8U3,-0.5567876239415452
OR9A1P,-0.34407644144263605
OR9A4,0.02994046299402442
OR9H1P,0.001600988752638255
OR9I1,-1.5354779863372665
OR9K2,-0.7082070368381765
OR9Q1,1.4951224962420464
OR9Q2,0.15508435084403488
ORAI1,-0.08060622201723433
ORAI2,0.13448166970576736
ORAI3,-0.9339074365697346
ORC1,-0.05289011473432481
ORC2,-0.05409689294801989
ORC3,0.12536429195966825
ORC4,-0.07509319224050603
ORC5,-0.08847147979120873
ORC6,0.0519006436673175
ORM1,0.46975229896876325
ORM2,0.16315540334039413
ORMDL1,0.0028313113931677236
ORMDL2,-0.08270938059209954
ORMDL3,0.20093653826064806
OS9,-0.061738268468227275
OSBP,0.0072768320065366154
OSBP2,-0.7817179127458288
OSBPL10,0.059994182981106814
OSBPL11,0.14413704867998334
OSBPL1A,-0.13524748112225105
OSBPL2,-0.3634561983081006
OSBPL3,0.065600607433423
OSBPL5,-0.0029929407870699087
OSBPL6,0.02591681055660011
OSBPL7,-0.3279057418435798
OSBPL8,0.12589738801154038
OSBPL9,-0.35041302240741
OSCAR,-0.17912621636614823
OSCP1,0.11728442889721347
OSER1,0.14310174402079845
OSGEP,0.07698274354495638
OSGEPL1,0.10396708966464807
OSGIN1,0.5422129537063027
OSGIN2,0.21801834311638402
OSM,-0.07512627808679673
OSMR,-0.749213459336683
OSR1,-0.01959738605545369
OSR2,0.1266224745058686
OST4,-0.028856544289443953
OSTC,-0.020997087055090624
OSTF1,-0.03624693497417475
OSTM1,0.3673290994657509
OSTN,1.2098114439888938
OTC,0.06059746401474264
OTOA,0.9921020512642723
OTOF,0.12464890766151449
OTOG,0.15691635955050098
OTOGL,-1.1167308144989356
OTOL1,0.07207823274639691
OTOP1,-0.6353608099636541
OTOP2,-0.3133409106313678
OTOP3,-0.41013687491863504
OTOR,-0.2503581302015332
OTOS,0.23546412157864882
OTP,-0.5149773130235007
OTUB1,-0.15503103849291477
OTUD1,-0.040312104721372144
OTUD3,-0.07338223913342556
OTUD4,-0.06287888253295648
OTUD5,0.09765725770693745
OTUD6A,0.3520873400674141
OTUD6B,0.11844285954599698
OTUD7A,-0.3554783515394482
OTUD7B,-0.894902792212795
OTULIN,0.01012041052830348
OTULINL,0.04089869093342102
OTX1,0.17617905365055098
OTX2,0.3999496059095202
OVCA2,-0.1314602380669223
OVCH1,0.9017429336318283
OVCH2,0.03165350088517682
OVGP1,-0.5328186697119646
OVOL1,0.11991235057871341
OVOL2,-0.8545080074779646
OVOL3,-0.3321585118586393
OXA1L,-0.03221339647614663
OXCT1,0.011835132843740048
OXCT2,0.5712922001222667
OXER1,0.04714846711549048
OXGR1,-0.08617052747995513
OXLD1,-0.08139168649373296
OXNAD1,0.1633190059355032
OXR1,0.122032627892394
OXSM,-0.020433875445295513
OXSR1,0.08893388321645546
OXT,0.9016049627518053
OXTR,0.19770828638679028
P2RX1,0.20872439844345703
P2RX2,-0.629154989778363
P2RX3,-0.32595384511623293
P2RX4,0.04897030936885827
P2RX5,-0.04730826393673038
P2RX5-TAX1BP3,-0.06904908065980564
P2RX6,-0.056609197121663346
P2RX7,0.17005026582429683
P2RY1,0.14553902987295153
P2RY10,-0.09092339099109958
P2RY11,0.46709144190665564
P2RY12,0.18631948176173774
P2RY13,-0.3100761779325197
P2RY14,0.7726092508951345
P2RY2,-0.5185548440124504
P2RY4,-0.06731875412616783
P2RY6,-0.20124217025988123
P2RY8,0.36135941371620817
P3H1,-0.0038297354233316483
P3H2,0.9974864316467074
P3H3,0.16240818537060786
P3H4,0.12305550114887343
P3R3URF,0.02957780011284661
P3R3URF-PIK3R3,0.02957783052460916
P4HA1,0.014626303609260205
P4HA2,-0.04041898915369346
P4HA3,-0.48015285627224036
P4HB,-0.06509693220614299
P4HTM,-0.030126524792218223
PA2G4,0.08467099872025585
PAAF1,0.030059582640631355
PABIR1,-0.04578667936398162
PABIR2,-0.1313486438628777
PABIR3,-0.22429178852772624
PABPC1,-0.0038781862487153873
PABPC1L,-0.14409745810239993
PABPC1L2B,-0.4641605247611844
PABPC3,-0.16333502718824988
PABPC4,0.015133193769302444
PABPC4L,-0.21085513643459608
PABPC5,0.8071779521639304
PABPN1,0.017532887245299555
PABPN1L,-0.12690380207865237
PACC1,0.058979784553526926
PACRG,-0.08533987921713226
PACRGL,-0.10825726706914174
PACS1,0.19585740094730575
PACS2,-0.11232040006894373
PACSIN1,0.6342870346957689
PACSIN2,-0.19499205931343422
PACSIN3,-0.44617222159298997
PADI1,1.062495077045218
PADI2,-0.18978532102865453
PADI3,0.1275223119795122
PADI4,-0.26920575009292885
PADI6,0.3341088725942459
PAEP,-0.8651259314670134
PAF1,-0.005683833951599659
PAFAH1B1,0.207885378582926
PAFAH1B2,-0.13750870614214605
PAFAH1B3,0.11578283105014542
PAFAH2,0.07312265064310441
PAG1,0.030160436413602554
PAGE1,-0.23222638670687457
PAGE2,-0.1646845980096594
PAGE2B,0.8390271002346934
PAGE3,-0.37271959001765653
PAGE4,0.46092206214724585
PAGE5,0.8994783845716876
PAGR1,-0.09904266166915221
PAH,0.659207409071132
PAICS,0.001416171611712258
PAIP1,-0.21951602197414122
PAIP2,0.05953563542706686
PAIP2B,0.08877112868891324
PAK1,-0.008193845702307634
PAK1IP1,0.0457375361821315
PAK2,-0.034033994158591874
PAK3,0.4120938123529376
PAK4,-0.18729015387844594
PAK5,-0.3866314634841153
PAK6,-0.8274357715609006
PALB2,0.05738173319654738
PALD1,0.1124158540756719
PALLD,-0.26907224113046757
PALM,-0.12947396601155026
PALM2AKAP2,-1.1565821582054527
PALM3,-0.45832344738511066
PALMD,0.24284226945462395
PALS1,-0.020867207760261408
PALS2,-0.1184786682740473
PAM,0.1328473849320937
PAMR1,0.9623436754304662
PAN2,0.04297574153511441
PAN3,0.006647290794971283
PANK1,-0.036845094249273735
PANK2,-0.14720367606563567
PANK3,-0.04378748476605576
PANO1,-0.14767794261344136
PANX1,-0.05243883379023195
PANX2,-0.6118424285148207
PANX3,-0.2420326713780776
PAOX,-0.010519316058750672
PAPLN,-0.053409551567962565
PAPOLA,-0.07996557029222551
PAPOLB,-0.10805027402725864
PAPOLG,-0.10149134869563259
PAPPA,0.7142396510355546
PAPPA2,-0.8578680453402203
PAPSS1,-0.0978923474007738
PAPSS2,0.06861316779620319
PAQR3,-0.18372755583771827
PAQR4,-0.1983175791554075
PAQR5,-0.24278645127607512
PAQR6,-0.0559250899154109
PAQR7,-0.07310902162177957
PAQR8,-0.02859345192423346
PAQR9,0.26986210576996417
PARD3,-0.03312731095212218
PARD3B,-0.003341615323495528
PARD6A,-0.02206806418190599
PARD6B,-0.006795979800367391
PARD6G,0.04508987493503369
PARG,-0.5371185845731379
PARK7,-0.8771923988767961
PARL,-0.057782487229837365
PARM1,-0.006067247603984249
PARN,-0.27349550916940535
PARP1,-0.1197958206634997
PARP10,-0.3026826232947993
PARP11,-0.05138883195328159
PARP12,-0.0437978911582384
PARP14,-0.13592736768266578
PARP15,0.3383089457711739
PARP16,0.5471671334417532
PARP2,-0.012074286698153358
PARP3,0.034351495410096966
PARP4,-0.24504014991314627
PARP6,0.10499475019834659
PARP8,0.3390106172838425
PARP9,-0.08378038864301462
PARPBP,0.0352625790882275
PARS2,0.03741601469293965
PARVA,0.21763485078317585
PARVB,0.33713007446528653
PARVG,-0.4988773193791803
PASD1,-0.5740842820782108
PASK,-0.03900224155454968
PATE1,-0.1377109278433682
PATE2,0.9012701933081246
PATE3,-0.4686395317483645
PATE4,0.7199035931583343
PATJ,0.5168537994195984
PATL1,-0.05875759357875587
PATL2,0.3506185923191292
PATZ1,-0.16693576333359772
PAWR,0.18704825431424865
PAX1,0.13736045701427718
PAX2,0.08609446880799876
PAX3,-0.2783017937227672
PAX4,0.13562189724181536
PAX5,0.0510304641912811
PAX6,0.05327084046192487
PAX7,0.03534725235721692
PAX8,-0.8942223178872695
PAX9,0.022280220535716655
PAXIP1,-0.0393856508381214
PAXX,-0.031057776106854007
PBDC1,-0.22432530607579837
PBK,0.22127842094129724
PBLD,-0.1734422617238831
PBOV1,-0.45666746799210634
PBRM1,0.13214305997496734
PBX1,0.37630190902934413
PBX3,-0.0008502910613916725
PBX4,0.1673211682751532
PBXIP1,-0.013788093015797642
PC,0.005026314123353082
PCARE,0.3368775668015116
PCBD1,0.04045085724279707
PCBD2,-0.07256585189136278
PCBP1,-0.013935330257552003
PCBP2,-0.2800345536165292
PCBP3,-0.20797357338894606
PCBP4,-0.0976058890978333
PCCA,0.1305821773897975
PCCB,0.23721205606416618
PCDH1,-0.2761074799292009
PCDH10,0.3782909330915065
PCDH11X,-0.36135941371620817
PCDH12,-0.0012770032397648734
PCDH15,0.7288371419012596
PCDH17,0.32522225062221954
PCDH18,-0.3057999593187053
PCDH19,-0.0147798643375614
PCDH20,-0.3976367655474542
PCDH7,-0.335290662208686
PCDH8,0.2434547990746171
PCDH9,-0.14800513784120195
PCDHA1,0.2530658760082234
PCDHA10,0.7947248364912398
PCDHA11,0.5641038705042534
PCDHA13,-0.6455803809660858
PCDHA2,-0.025039327005269563
PCDHA3,0.42826943218457936
PCDHA4,0.16011483658966624
PCDHA5,-0.5219716534192791
PCDHA6,-0.3670491268353472
PCDHA7,0.5599937143978038
PCDHA8,0.36748273465378445
PCDHA9,1.3915118385867375
PCDHAC1,-0.3417960803234521
PCDHAC2,0.33516896823939357
PCDHB1,-0.9131934628555654
PCDHB10,0.7382671778373412
PCDHB11,-0.24205350213148946
PCDHB12,0.09936763379835556
PCDHB13,-1.195121334810918
PCDHB14,-0.09616164222473866
PCDHB15,-0.9760325342273898
PCDHB16,0.20010094610118556
PCDHB2,0.4441344382298249
PCDHB3,-0.8343421579690775
PCDHB4,0.48806686367586793
PCDHB5,-0.016439686868881642
PCDHB6,0.5557365829130313
PCDHB7,0.9222854225996352
PCDHB8,-0.2877332829037711
PCDHB9,1.1750268686741663
PCDHGA1,-0.13234114463533952
PCDHGA10,0.7038603963555361
PCDHGA11,0.7929708824570906
PCDHGA12,1.2504041410767566
PCDHGA2,0.10984726528000355
PCDHGA3,0.9788557722006564
PCDHGA4,-0.08502261491305574
PCDHGA5,0.16426639881795624
PCDHGA6,0.7129096953681334
PCDHGA7,0.30480808033969553
PCDHGA8,0.4612538159663153
PCDHGA9,0.029610897710916073
PCDHGB1,1.0682346166038208
PCDHGB2,0.18562505850070754
PCDHGB3,0.21188967088357086
PCDHGB4,-0.2142148587926802
PCDHGB5,0.19929150720466504
PCDHGB6,0.08712343075276946
PCDHGB7,0.29574167439388743
PCDHGC3,-0.252589790116174
PCDHGC4,0.042625484056942595
PCDHGC5,-0.06894579173342774
PCED1A,-0.28377602685413983
PCED1B,0.3499546911366571
PCF11,-0.01923892936362126
PCGF1,0.03312608357585756
PCGF3,-0.04980915967772148
PCGF5,-0.1961516225210853
PCGF6,-0.2368813068895479
PCID2,0.003646896463248339
PCIF1,0.06384507804922634
PCK1,0.6122819276695081
PCK2,-0.11460713775327047
PCLAF,0.2955488941122191
PCLO,0.5976224139460822
PCM1,0.08049204992349424
PCMT1,-0.043330056460511024
PCMTD1,0.05233667858554547
PCNA,0.16557585696717148
PCNP,0.1488436216764022
PCNT,-0.07412026960081519
PCNX1,-0.048590364533475316
PCNX2,-0.08876562488253015
PCNX3,0.07008456755143477
PCNX4,0.09420188261076845
PCOLCE,-0.12552222936037305
PCOLCE2,-0.1922020722777189
PCP2,0.38827239713875417
PCP4,0.2647030807346311
PCP4L1,0.16483706672698564
PCSK1,-0.15236716438531572
PCSK1N,0.22139767556785625
PCSK2,0.13266796944417658
PCSK4,-0.1572612426863751
PCSK5,-0.09335226800784557
PCSK6,-0.3491373185283405
PCSK7,-0.12788180507999325
PCSK9,-0.0418110960086302
PCTP,-0.04778993197021464
PCYOX1,0.015556797586942395
PCYOX1L,-0.25605664226689306
PCYT1A,-0.03841686487973117
PCYT1B,-1.2935671227342747
PCYT2,0.1926160854905703
PDAP1,0.011315943661025507
PDC,0.1089429398084204
PDCD10,-0.0009984034229546523
PDCD11,0.12219399873778514
PDCD1LG2,0.5901682401966076
PDCD2,-0.23084641613434975
PDCD2L,-0.1464239752822145
PDCD4,0.1349119792835376
PDCD5,0.06412885720093264
PDCD6,-0.22129107872937048
PDCD6-AHRR,-0.23095132378513838
PDCD6IP,0.01441240258542198
PDCD7,0.29939051567200625
PDCL,0.0874089839654113
PDCL2,-0.44708902541528994
PDCL3,0.02226402310979214
PDE10A,-0.4010065304594881
PDE11A,0.6011600086499853
PDE12,0.05622948522792637
PDE1A,0.4384179884965528
PDE1B,-0.5056293428852465
PDE1C,0.008271216482834909
PDE2A,-0.052345966280200606
PDE3A,-0.2152330020408939
PDE3B,-0.11053267144330725
PDE4A,0.06682281980575633
PDE4B,-1.0272502276088689
PDE4C,0.604451344885168
PDE4D,-0.03554026870136594
PDE5A,0.024915928461203052
PDE6A,-0.7298018932979324
PDE6B,0.2785290489030239
PDE6C,-0.23079429064576973
PDE6D,0.022931738961010417
PDE6G,-0.19310112780997857
PDE6H,1.0594838213124906
PDE7A,-0.06653728976545281
PDE7B,-0.2834382596341601
PDE8A,-0.06671326121462506
PDE8B,-0.2722509401216058
PDE9A,0.15814408641983935
PDF,-0.0305600819133911
PDGFA,0.007212517570364785
PDGFB,-0.21239682584224995
PDGFC,-0.2853064402443901
PDGFD,1.054057019176207
PDGFRA,0.658542389051553
PDGFRB,0.2987221041042328
PDGFRL,-0.08965250373362066
PDHA1,0.010857564264939334
PDHA2,0.13453813931568614
PDHB,-0.0536786796647597
PDHX,0.010208358593976286
PDIA2,0.26946961232045696
PDIA3,-0.07113084314976792
PDIA4,-0.014475005102515759
PDIA5,-0.14219915110818704
PDIA6,-0.07711393851570575
PDIK1L,-0.11856863295143416
PDILT,0.05673249046483808
PDK1,-0.09103472310719507
PDK2,0.05796773829797708
PDK3,0.10956646453056429
PDK4,0.13575183491641074
PDLIM1,-0.2216924390024544
PDLIM2,-0.019653685194011228
PDLIM3,0.8701141061672107
PDLIM4,0.4169787918917737
PDLIM5,0.18503733411241718
PDLIM7,-0.015063967468956108
PDP1,0.2854222392211094
PDP2,-0.6695573490094104
PDPK1,-0.24286676648093053
PDPN,0.15188409040292994
PDPR,-0.14376192384272724
PDRG1,0.13310409703648673
PDS5A,0.0012952361231839404
PDS5B,0.17693441643641616
PDSS1,-0.053165271536046
PDSS2,-0.1700946474212639
PDX1,0.24637895853495462
PDXK,-0.13125782748557757
PDXP,-0.015361439887935369
PDYN,0.14387412770054375
PDZD11,-0.10281981135647511
PDZD2,0.03614228658936858
PDZD4,-0.1553554164804325
PDZD7,-0.14516376298407696
PDZD8,-0.392327269722033
PDZD9,0.05211957877323803
PDZK1,0.21805652534439363
PDZK1IP1,0.09979675838714863
PDZRN3,-0.2474281733278667
PDZRN4,-0.6659986097205264
PEA15,-0.07682446343811433
PEAK1,0.26738433637522796
PEAK3,0.7943087997167935
PEAR1,0.40130362540021136
PEBP1,0.12837763669554292
PEBP4,0.07912746261344061
PECAM1,0.5039883620651852
PECR,-0.4298820704748483
PEDS1,-0.1353432274342543
PEDS1-UBE2V1,-0.12257803729406458
PEF1,0.06559056829381937
PEG10,-0.11267163675107694
PEG3,1.279545939004042
PELI1,-0.09913945368831101
PELI2,-0.029603725213089405
PELI3,-0.005910100284255648
PELO,0.4243868810045599
PELP1,-0.002591251520425608
PEMT,0.024952615238215792
PENK,-0.1432186732234283
PEPD,-0.05001527496345659
PER1,0.04717948411740114
PER2,-0.022533273402573606
PER3,0.03121442219545223
PERCC1,-0.5456686880705734
PERM1,-0.26274086982240297
PERP,-0.5403927500332553
PES1,-0.2806903288743492
PET100,0.23716761873364423
PET117,0.08974227478600394
PEX1,-0.0010385327732382876
PEX10,0.019920480910116112
PEX11A,-0.16643054695954573
PEX11B,-0.16906396662594325
PEX11G,-0.38709338764820644
PEX12,0.05343056651371203
PEX13,0.04036789904400173
PEX14,0.16676640483227434
PEX16,-0.029642824116161037
PEX19,0.3183074468096052
PEX2,0.18635941330223016
PEX26,-0.09649408426955741
PEX3,0.2502802158368196
PEX5,-0.2146073875394885
PEX5L,-0.1044368740273125
PEX6,-0.1558284340194156
PEX7,-0.23389601333156396
PF4,0.848278785598835
PF4V1,1.0793069353603346
PFAS,0.021946816041806372
PFDN1,0.2542317633213016
PFDN2,0.012440329125389837
PFDN4,0.2132639607696598
PFDN5,-0.013601426410149386
PFKFB1,-0.46603995373255525
PFKFB2,0.2364784649007743
PFKFB3,-0.15892758096992488
PFKFB4,-0.26577309546139527
PFKL,0.1149032315298748
PFKM,0.026186449649801435
PFKP,0.10116217994440846
PFN1,-0.03721830280628069
PFN2,0.025537560312429278
PFN3,-0.20436287156336924
PFN4,-0.2541532232234909
PGA3,-0.25504290446451894
PGA4,-1.712413487260698
PGA5,0.5671336431462148
PGAM1,-0.050330810551092675
PGAM2,-0.1768257189372031
PGAM4,-0.8099214946277117
PGAM5,0.09600298860139578
PGAP1,0.032402471957571954
PGAP2,0.023375212507994014
PGAP3,0.23816488912874528
PGAP4,0.21127155335850833
PGAP6,-0.752444114533144
PGBD1,-0.14549764763895423
PGBD2,0.2144875098353891
PGBD4,-0.06695839717862917
PGBD5,0.24761016183285767
PGC,0.49725613335744856
PGD,0.08590455376687967
PGF,0.4464507293139369
PGGHG,0.025236567889229455
PGGT1B,0.07802585564077091
PGK1,-0.17877841298924402
PGK2,1.6811556478372607
PGLS,-0.152001676383267
PGLYRP1,-0.5596199212437389
PGLYRP2,0.13988296253378407
PGLYRP3,0.5646972924683988
PGLYRP4,0.3028937577159574
PGM1,-0.028962161334839642
PGM2,-0.31432642157080615
PGM2L1,0.11215874610149257
PGM3,-0.3269158309610085
PGP,-0.14429188695527095
PGPEP1,0.05903249159128743
PGPEP1L,-0.21861942268421283
PGR,0.1381553362875667
PGRMC1,-0.1943881388067723
PGRMC2,0.028374330872312115
PGS1,-0.1820190264505248
PHACTR1,-0.1665958557572913
PHACTR2,0.06657849464323728
PHACTR3,-0.2069229651835659
PHACTR4,0.06475722099257197
PHAF1,0.22172846558649706
PHAX,0.046005499913986725
PHB1,0.01465962860268899
PHB2,-0.05456533483189041
PHC1,-0.17016418535826716
PHC2,0.013461086339042083
PHC3,-0.12543010904959573
PHETA1,-0.04124672943870422
PHETA2,-0.7407357875180168
PHEX,0.07044542237240552
PHF1,0.6500945190706542
PHF10,-0.026104674662312588
PHF11,0.056269162494181124
PHF12,-0.10486760992394117
PHF13,-0.054627352705450605
PHF14,0.0412687074757665
PHF19,-0.46280723382119104
PHF2,-0.07181812760345396
PHF20,0.11139339965704043
PHF20L1,-0.16614016287610944
PHF21A,0.13691661476153483
PHF21B,-0.03346940855262748
PHF23,-0.03161864780040258
PHF24,-0.06034390289600955
PHF3,-0.09123060087338786
PHF5A,0.10184577117661142
PHF6,0.21959161822922812
PHF7,0.02594772373404375
PHF8,-0.432493184819528
PHGDH,-0.1874327730753027
PHGR1,0.26408447577246197
PHIP,-0.008645150693491033
PHKA1,-0.19151489910471398
PHKA2,-0.08435680547548596
PHKB,0.3585227037595775
PHKG1,0.1893065293138565
PHKG2,0.0118792142012758
PHLDA1,0.27275561164329787
PHLDA2,-0.4232172311095259
PHLDA3,-0.2223640181597233
PHLDB1,0.8289732685519255
PHLDB2,-1.5745706575849852
PHLDB3,-0.007840268600103784
PHLPP1,-0.03333901538066186
PHLPP2,-0.19439290041851098
PHOSPHO1,0.39066216889745986
PHOSPHO2,-0.043432398410748085
PHOX2A,-0.14419528674757776
PHOX2B,-0.1872027239956589
PHPT1,-0.023198960221145093
PHRF1,0.5129385340440318
PHTF1,-0.6618309652097465
PHTF2,0.11686468984245835
PHYH,0.024867391617134693
PHYHD1,-0.5909711794157841
PHYHIP,-0.4658619218973552
PHYHIPL,-0.9231737549280248
PHYKPL,-0.37814111045984244
PI15,-0.15858649765103794
PI16,-0.2131010250480685
PI3,-1.4111235851436246
PI4K2A,0.08867524181015796
PI4K2B,0.13281495796557863
PI4KA,0.001612589407590015
PI4KB,0.05822213960551803
PIANP,0.02286996410756581
PIAS1,0.3164544930428521
PIAS2,0.13026500808072106
PIAS3,0.1323915809690881
PIAS4,-0.22866160238043687
PIBF1,-0.037196591449530025
PICALM,-0.09027408030319073
PICK1,-0.4053158769316827
PID1,0.3348017682395621
PIDD1,0.0739435599771765
PIERCE1,0.35867758646026715
PIERCE2,-0.05756533907886485
PIEZO1,0.12903776965411584
PIEZO2,-0.40193460205537107
PIF1,-0.11171360946084175
PIGA,-0.07155572124513565
PIGB,-0.03057445110871937
PIGBOS1,-0.03917165645270426
PIGC,0.19161549581121218
PIGF,0.018691614583768335
PIGG,0.01936510796801194
PIGH,-0.016177348861532437
PIGK,0.24589651341441954
PIGL,0.018139084114397797
PIGM,0.2420723634395845
PIGN,0.02509066646260294
PIGO,0.06899030129697437
PIGP,-0.14843911597050496
PIGQ,-0.1456258533600292
PIGR,-0.33439378324325
PIGS,0.07926022235831365
PIGT,0.22909996172996738
PIGU,0.5592416081695275
PIGV,0.13250514600320074
PIGX,-0.08048313573410848
PIGY,-0.06156081499837951
PIGZ,-0.17742803343609914
PIH1D1,0.07346762867087264
PIH1D2,0.3468259547171213
PIK3AP1,-0.21924199206311723
PIK3C2A,0.12255426211711029
PIK3C2B,-0.0053700567065719795
PIK3C2G,-0.16525033078982254
PIK3C3,0.0780222432877391
PIK3CA,0.08320657027838241
PIK3CB,0.01024121433541314
PIK3CD,0.10108907182891436
PIK3CG,0.15053451857754263
PIK3IP1,-0.07641837706277244
PIK3R1,0.030866508955478267
PIK3R2,-0.0596058560887629
PIK3R3,0.07158344843220998
PIK3R4,0.17234693333928153
PIK3R5,0.13237614587340207
PIK3R6,0.3091070413463233
PIKFYVE,-0.12129300273222654
PILRA,-0.02555308466375461
PILRB,-0.041897785092783746
PIM1,-0.1901625787942951
PIM2,-0.022971256741933566
PIM3,-0.12073569635864612
PIMREG,0.2307166477440532
PIN1,0.02422455699615611
PIN4,0.16858281053604163
PINK1,0.02844069475089217
PINLYP,-0.27385028414155865
PINX1,0.21803009918650318
PIP,0.5999637322400805
PIP4K2A,-0.4192986967269112
PIP4K2C,-0.2614170915997218
PIP4P1,0.08689217272394778
PIP4P2,0.0016292403853670478
PIP5K1A,0.051830780207891
PIP5K1B,-0.010518981226956825
PIP5K1C,-0.15424536476038275
PIP5KL1,0.07604138792306492
PIPOX,0.049388271887385926
PIR,0.9026846475215665
PIRT,-0.18130655629709858
PISD,0.11876134113643566
PITHD1,0.03364903681532683
PITPNA,0.03027149696478748
PITPNB,0.36530173074507566
PITPNC1,-0.08478114601082698
PITPNM1,-0.018225870723835413
PITPNM2,-0.13832541120888342
PITPNM3,0.09077544492215761
PITRM1,-0.04123452884453016
PITX1,-0.2487526650184515
PITX2,0.7286557171973611
PITX3,-0.04390714994574746
PIWIL2,-0.9441456863142998
PIWIL3,-0.4470453393218592
PIWIL4,0.15772060525090925
PJA1,0.1282820602305932
PJA2,-0.09377852231839068
PJVK,-0.11902255202024659
PKD1,-0.25761862532114677
PKD1L1,0.02196885363504722
PKD1L2,-0.0012541776659510395
PKD1L3,0.5465561109741813
PKD2,0.20135276700873517
PKD2L1,0.7179169442318204
PKD2L2,0.3442261457296929
PKDCC,0.4856844982240671
PKDREJ,-0.6693778341601259
PKHD1,0.0023939659608480657
PKHD1L1,-0.12280188058601782
PKIA,0.026987833094141322
PKIB,0.10878342053620571
PKIG,-0.1468265877017001
PKM,-0.04849185954014601
PKMYT1,-0.00981531863216567
PKN1,0.25231770843913015
PKN2,0.012054768315619135
PKN3,0.03908378455539019
PKNOX1,-0.0715038528295775
PKNOX2,-0.02544711486503104
PKP1,-0.10115482193106518
PKP2,0.1881512780243757
PKP3,-0.7186429422528676
PKP4,-0.12499160042340574
PLA1A,-0.469333562086384
PLA2G10,-0.3719754876653454
PLA2G12A,-0.028989090229852188
PLA2G12B,-0.17804072095307716
PLA2G15,-0.10552761685782741
PLA2G1B,0.5075080016987208
PLA2G2A,-0.10000533149286833
PLA2G2C,0.6559031457526112
PLA2G2D,-0.5966208438684881
PLA2G2E,0.38619320924382255
PLA2G2F,0.30523044689210654
PLA2G3,-0.2116756665795798
PLA2G4A,-0.21680326608471123
PLA2G4B,-0.00559556012180204
PLA2G4C,-0.18710168181786813
PLA2G4D,-0.9341391048545342
PLA2G4E,0.5623059304792015
PLA2G4F,0.7071857716500245
PLA2G5,-0.705869966699272
PLA2G6,-0.33378963947841145
PLA2G7,-0.546387927460281
PLA2R1,1.0597584673416829
PLAA,-0.1499426670756483
PLAAT1,-0.3636965084268067
PLAAT2,0.5339142964395931
PLAAT3,-0.37524310156093765
PLAAT4,-0.1568751353791873
PLAAT5,0.13461049690850846
PLAC1,-0.4491296888653096
PLAC8,-0.3759908235175835
PLAC8L1,0.1561376606010738
PLAC9,0.5954975863817609
PLAG1,-0.084867114445621
PLAGL1,0.011573690495382927
PLAGL2,-0.05872182993107522
PLAT,-0.04218971626555593
PLAU,0.3651736926951097
PLAUR,0.46161775658212756
PLB1,0.2179993601118403
PLBD1,0.04238568961018441
PLBD2,-0.2713622668239344
PLCB1,0.862290911736008
PLCB2,-0.012704601114878145
PLCB3,-0.14405383958047313
PLCB4,-0.5987675679786215
PLCD1,-0.03668597325251971
PLCD3,-0.19461330944302935
PLCD4,0.33173546666741216
PLCE1,0.39652071435460023
PLCG1,-0.08192722350730453
PLCG2,0.057008523386941956
PLCH1,0.03975847168608437
PLCH2,-0.41808291384347485
PLCL1,0.05242207699974877
PLCL2,0.05094774072556185
PLCXD2,0.09961997463097205
PLCXD3,-0.35691487332657773
PLCZ1,-0.2799015666633371
PLD1,0.03348954421240835
PLD2,-0.0452674983305128
PLD3,0.12693353025065246
PLD4,-0.3221864434630942
PLD5,0.7601714581277219
PLD5P1,0.05704162471434859
PLD6,-0.2618261396517312
PLEC,-0.10115969255149615
PLEK,0.8125852418347067
PLEK2,-0.1374400967572408
PLEKHA1,0.00024766671023535025
PLEKHA2,-0.17782390748810384
PLEKHA3,-0.04795790507237818
PLEKHA4,-0.13480688196019175
PLEKHA5,-0.2234653880376567
PLEKHA6,0.008375138418133865
PLEKHA7,-0.08935177861902321
PLEKHA8,0.00897890316863581
PLEKHB1,0.5001509863918139
PLEKHB2,0.10065095761204734
PLEKHD1,-0.710802272860969
PLEKHF1,0.21684221211183363
PLEKHF2,0.41509632886042297
PLEKHG1,-0.29126337530002333
PLEKHG2,0.0
PLEKHG3,0.11024182645228331
PLEKHG4,-0.33288916087497
PLEKHG4B,0.1474078137747492
PLEKHG5,0.7247791245095299
PLEKHG6,-0.8154369224575027
PLEKHG7,0.40433321731170346
PLEKHH1,0.1412074228294613
PLEKHH2,-0.053355615883665664
PLEKHH3,-0.0201024872440696
PLEKHJ1,-0.026723295183956886
PLEKHM1,-0.4641605247611844
PLEKHM2,-0.5804510693878445
PLEKHM3,-0.10153660495533634
PLEKHN1,0.018288050722830462
PLEKHO1,0.18785791010939823
PLEKHO2,0.015726444540807627
PLEKHS1,0.666426487933617
PLET1,-0.6753475585859035
PLG,0.6685618850952277
PLGRKT,0.12786094473741105
PLIN1,-0.4172981543509895
PLIN2,-0.3526817012563629
PLIN3,0.25613689325651157
PLIN4,-0.32224751407498675
PLIN5,0.31008001551951025
PLK1,0.0830358014734296
PLK2,0.610042202262016
PLK3,0.02953831565601117
PLK4,-0.07495022063202317
PLK5,0.06855278713475155
PLLP,-0.021502126340788408
PLN,1.1629270191416017
PLOD1,-0.09468609312078469
PLOD2,-1.1530765563215828
PLOD3,0.11752763992447424
PLP1,-0.8735436011852747
PLP2,-0.18496723177951147
PLPBP,0.026873544009973216
PLPP1,-0.06951280647196167
PLPP2,0.1270291582372145
PLPP3,0.48557846926461956
PLPP4,0.04289678990130985
PLPP5,-0.02434446524965672
PLPP6,0.15408774162885086
PLPP7,-0.3200666700731375
PLPPR2,0.24571385207720953
PLPPR3,-0.2336796423020704
PLPPR4,0.1188267078032128
PLPPR5,-0.03963093566404574
PLRG1,0.23112952191947755
PLS1,0.14467789818834564
PLS3,1.7985488485078378
PLSCR1,-0.03087762828369467
PLSCR2,1.209285310135652
PLSCR3,-0.06680091167478164
PLSCR4,0.43228751604469107
PLSCR5,1.173768137173472
PLTP,-0.24780926766254852
PLVAP,0.3494170072152747
PLXDC1,-0.015029622612270366
PLXDC2,0.4638497773972887
PLXNA1,0.11612137263538624
PLXNA2,-0.050460201083890155
PLXNA3,0.2366195399335873
PLXNA4,0.8717174290821313
PLXNB1,-0.39767164166506275
PLXNB2,-0.058541978544892626
PLXNB3,-0.34842336135610275
PLXNC1,-0.07321674267639455
PLXND1,0.03737232095703957
PM20D1,-0.39237585404244235
PM20D2,-0.24418509549529066
PMAIP1,0.09995797813930629
PMCH,0.4624049153342804
PMEL,0.07599392769335633
PMEPA1,0.12591510976918263
PMF1,0.13306356436641043
PMF1-BGLAP,0.1333574819522445
PMFBP1,-0.3045331376380289
PMIS2,-0.350659358180503
PML,0.06925469188881639
PMM1,-0.09198691230119582
PMM2,-0.6428635904396878
PMP2,-0.42688733834090775
PMP22,0.24115942723671346
PMPCA,0.20491388335563343
PMPCB,-0.04335091155007831
PMS1,0.010095728137725857
PMS2,-0.05886318078472197
PMVK,0.06954868210543186
PNCK,-1.6875626116435634
PNISR,-0.06366393112465207
PNKD,-0.012487544129720973
PNKP,-0.003611324639489766
PNLDC1,0.6885791793234
PNLIP,0.6715620268330862
PNLIPRP1,0.4375362829126181
PNLIPRP2,-0.6421125855461589
PNLIPRP3,-1.315906681942882
PNMA1,0.06464990473613152
PNMA2,0.022909955075665955
PNMA3,0.4764952146258141
PNMA5,0.02195173470826217
PNMA6A,-0.019586398305442287
PNMA6E,-0.504780634424989
PNMA6F,0.182539523975553
PNMA8A,0.07161794328444751
PNMA8B,0.08446560797809033
PNMA8C,0.31197348382751433
PNMT,-0.14566751794271138
PNN,0.11985870702566093
PNO1,-0.030600506623614798
PNOC,0.0034387501154569122
PNP,0.1250928176105166
PNPLA1,0.2598953570434056
PNPLA2,0.04032346322360514
PNPLA3,-0.49504051104641933
PNPLA4,-1.3022237443252627
PNPLA5,-0.36223855796765125
PNPLA6,-0.12264901065648459
PNPLA7,-0.06721407016031433
PNPLA8,0.12501893704903821
PNPO,-0.05959254486072307
PNPT1,-0.22924426495616723
PNRC1,0.05734038655953455
PNRC2,-0.19583159215105633
POC1A,0.023316151930974804
POC1B,0.42233411770573337
POC1B-GALNT4,0.37244167765776304
POC5,0.14632135714920214
PODN,0.3132674752388267
PODNL1,-0.06556961356883217
PODXL,0.20894889032446518
PODXL2,-0.4394718161294977
POF1B,1.3583748933006126
POFUT1,-0.06225287976549776
POFUT2,0.13366412053790677
POGK,-0.03214010446387228
POGLUT1,-0.14210021931352657
POGLUT2,-0.2083336755974745
POGLUT3,1.0185113219104593
POGZ,0.2660832390023411
POLA1,0.1677665003032267
POLA2,-0.028270782448594822
POLB,0.14234660680486044
POLD1,-0.04174360450669834
POLD2,0.07300433135009943
POLD3,-0.050161965444544876
POLD4,-0.07656903942729842
POLDIP2,0.1547706917475118
POLDIP3,-0.04013849511457401
POLE,0.00024720340831940746
POLE2,-0.1437155279363962
POLE3,-0.11106803395678266
POLE4,0.10477211382943263
POLG,-0.15245531276474544
POLG2,-0.009369189485734175
POLGARF,-0.10022593463401197
POLH,0.1937807550795272
POLI,0.10639473940080446
POLK,0.08262269284438784
POLL,0.14863202208682535
POLM,-0.09786814015636214
POLN,0.0429190780022255
POLQ,0.11729032364363956
POLR1A,0.01890187234718166
POLR1B,0.14793083632579052
POLR1C,-0.43296548229897824
POLR1D,-0.16911436479020558
POLR1E,0.21892099965305167
POLR1F,0.06207022427758613
POLR1G,-0.029889034970778994
POLR2A,0.10832892965101681
POLR2B,-0.14229589549216826
POLR2C,-0.018808353140177037
POLR2D,-0.18243897214055682
POLR2E,0.03479242400787186
POLR2F,0.3082041874033341
POLR2G,-0.024406302854124817
POLR2H,-0.1038011817424227
POLR2I,0.010756438413823233
POLR2J,-0.01212203262836642
POLR2J2,0.012048541673654878
POLR2J2-UPK3BL1,0.05058910175359532
POLR2J3,-0.03568847499772887
POLR2K,0.169386866425004
POLR2L,0.012653630211953093
POLR2M,-0.27503835153908307
POLR3A,0.2196965862468856
POLR3B,0.003342394465624565
POLR3C,-0.11983208192365069
POLR3D,0.06327146098974445
POLR3E,-0.10081198143827219
POLR3F,-0.0019606233783102667
POLR3G,-0.6961957130639034
POLR3GL,0.2080443250053765
POLR3H,-0.1313482853232344
POLR3K,-0.033796164863646894
POLRMT,0.14620953113166735
POM121,-0.15486729999060334
POM121C,-0.2151409622128213
POM121L12,-1.904720521999269
POM121L2,0.28980104300724063
POMC,0.1282588248153074
POMGNT1,0.4327663274518131
POMGNT2,-0.02828427142499912
POMK,0.12255805897041228
POMP,0.26151548309687467
POMT1,0.15083086880613727
POMT2,-0.12146712724818975
PON1,-0.6102007281491526
PON2,-0.8692189740310466
PON3,-0.21597598705855237
POP1,0.1583976795785409
POP4,-0.04428063916632752
POP5,0.2262911201643405
POP7,-0.08855303497787581
POPDC2,0.2698674931798448
POPDC3,0.4461909372213193
POR,0.29426289943505085
PORCN,0.5119869355723523
POSTN,0.8920476070818467
POT1,0.18063393545846473
POTEA,0.2835248521922049
POTEC,-0.4305403719672509
POTED,-0.34626972418546487
POTEE,-0.4641500581444653
POTEF,-0.6003613343123889
POTEG,-0.235093825741453
POTEH,-1.4572088269009806
POTEJ,-0.6962499945557423
POU1F1,0.09883052853295715
POU2AF1,-0.03797305047898858
POU2AF2,-0.42039167693172574
POU2AF3,0.5252620321009813
POU2F1,-0.07565048016378206
POU2F2,-0.1744841919320017
POU2F3,-0.6121437990281571
POU3F1,0.04612991300249991
POU3F2,-0.004991126218198971
POU3F3,0.11239407834238602
POU3F4,0.38972545820315263
POU4F1,-0.15796098716028695
POU4F2,-0.5284629498673388
POU4F3,-0.5801214140173974
POU5F1B,0.06624570385617495
POU5F2,0.1356106232095557
POU6F1,0.030531402635377347
POU6F2,0.12469276173401012
PP2D1,0.8470688890435537
PPA1,0.05096269556214317
PPA2,0.06362206603870568
PPAN,-0.16916493303023383
PPAN-P2RY11,-0.14161202416830587
PPARA,0.034412682579608056
PPARD,-0.17281277707473208
PPARG,0.08747165561174801
PPARGC1A,-0.49965269905891074
PPARGC1B,-0.25074812555683934
PPAT,0.0
PPBP,0.661497422617165
PPCDC,0.06927901743138154
PPCS,0.007377868678721811
PPDPF,-0.04685150243859937
PPDPFL,-0.39429685986809204
PPEF1,0.07374385686360707
PPEF2,0.5528465048761718
PPFIA1,0.20838770085519354
PPFIA2,0.19208631822442798
PPFIA3,0.008078229337260545
PPFIA4,0.18835653914497108
PPFIBP1,-0.01614232692563
PPFIBP2,0.13305820875031227
PPHLN1,-0.11018779903237519
PPIA,-0.11209937900341238
PPIAL4C,0.610881671159869
PPIAL4G,-1.0966283673279387
PPIAL4H,-0.5698785112308586
PPIB,-0.008961253440247674
PPIC,0.09371144703487222
PPID,0.07372276144925971
PPIE,-0.488714777635491
PPIF,0.014599853164530607
PPIG,0.020330628778283177
PPIH,0.16277485987898022
PPIL1,-0.29571626286130304
PPIL2,-0.10728320494711419
PPIL3,0.14173775103582997
PPIL4,0.11375753348802853
PPIL6,-0.15235109253476065
PPIP5K2,0.23501880292236965
PPL,-0.3295964238348622
PPM1A,-0.08861161885701307
PPM1B,0.05874759075128022
PPM1D,0.017809504985327074
PPM1E,-0.05846608586804525
PPM1F,-0.117153706078585
PPM1G,-0.13694831009004815
PPM1H,-0.05308451063406405
PPM1J,0.01289937985432843
PPM1K,0.11204133464672772
PPM1L,0.11576473976323065
PPM1M,0.23280084555509006
PPM1N,-0.054529407870514746
PPME1,0.05265568240405294
PPOX,0.09416838678246009
PPP1CA,-0.0065793043903568105
PPP1CB,0.14469936223913216
PPP1CC,-0.2717452519362702
PPP1R12A,0.21208670739951963
PPP1R12B,0.2716013390592602
PPP1R12C,-0.06677405058146846
PPP1R13B,0.11323276872040289
PPP1R13L,-0.0464063975500153
PPP1R14A,-0.2437652192648514
PPP1R14B,-0.007307814135733892
PPP1R14C,-0.03761947719053449
PPP1R14D,0.03236569101895212
PPP1R15A,0.19335569219781323
PPP1R15B,0.04876207768948859
PPP1R16A,-0.21132187729114005
PPP1R16B,0.2134501357023204
PPP1R17,0.4030209485311904
PPP1R1A,-0.36708825085022223
PPP1R1B,0.4954616140516322
PPP1R1C,-0.27327869708943453
PPP1R2,-0.09446366265759831
PPP1R21,-0.14348319289962053
PPP1R26,-0.27665868449861497
PPP1R27,-0.06542891653026617
PPP1R2B,-1.5720244354445114
PPP1R2C,-1.2587906585242714
PPP1R35,0.1298074772476756
PPP1R36,0.45472289721728765
PPP1R37,-0.5323270904498969
PPP1R3A,-0.3013705985629879
PPP1R3B,-0.019969152764748976
PPP1R3C,0.10559707598937196
PPP1R3D,0.09827445841183557
PPP1R3E,-0.09946604629047595
PPP1R3F,-0.06396809783793511
PPP1R3G,1.0170894504892556
PPP1R42,-1.4532791825153273
PPP1R7,-0.08762895744843391
PPP1R8,0.1253655822365909
PPP1R9A,1.9986422039042253
PPP1R9B,0.1980665503359047
PPP2CA,-0.06060782535848652
PPP2CB,1.0012611078528717
PPP2R1A,-0.17541664989001982
PPP2R1B,0.024892646186717826
PPP2R2A,0.051426084396112515
PPP2R2B,0.026974502105753917
PPP2R2C,-1.2334938936441748
PPP2R2D,-0.015096158861608977
PPP2R3A,-0.18643864252782327
PPP2R3C,0.06826924345357632
PPP2R5A,-0.08941198666224004
PPP2R5B,-0.04587162207774398
PPP2R5C,-0.04306192225371053
PPP2R5D,-0.01967658551382101
PPP2R5E,0.11396326423131331
PPP3CA,0.06103121985662341
PPP3CB,0.06809997349599772
PPP3CC,-0.08120266536901344
PPP3R1,0.47039123678325556
PPP3R2,-0.4094461325648626
PPP4C,0.009869611642974618
PPP4R1,-0.05322658231450683
PPP4R2,0.04276676482091446
PPP4R3A,-0.07654690855521817
PPP4R3B,0.0026692806704780025
PPP4R3C,0.29944444278302074
PPP4R4,-0.4641605247611844
PPP5C,-0.13231727370531665
PPP6C,0.07874152502639564
PPP6R1,0.018343673467464683
PPP6R2,0.08824672476419693
PPP6R3,0.21376473300788046
PPRC1,0.0384702723253989
PPT1,-0.05042824133973056
PPTC7,-0.076887729459024
PPWD1,0.05164174589248205
PPY,0.2876430347857472
PQBP1,-0.012655389906456552
PRAC1,-0.18087184524548094
PRAC2,-0.6203038791400624
PRADC1,-0.17467107363904866
PRAF2,-0.09556099656753059
PRAG1,0.3249953475938616
PRAM1,0.11009704686829302
PRAMEF1,-0.4056659756399208
PRAMEF11,-0.41888826000376356
PRAMEF12,-1.0761673501627402
PRAMEF14,0.3506185923191292
PRAMEF15,-0.7951927187748713
PRAMEF17,1.6904793637798088
PRAMEF18,0.3798865902518953
PRAMEF19,1.0795550560763982
PRAMEF2,-2.737597997182206e-07
PRAMEF20,-0.5855497200016877
PRAMEF4,0.9466848113294724
PRAMEF9,-1.3186569630950578
PRAP1,-0.350733234131378
PRB2,-0.04044368214813243
PRC1,-0.3112348983652016
PRCC,0.02667709379298655
PRCD,0.03231372554179224
PRCP,-0.2893744538946632
PRDM1,0.0404859438005758
PRDM10,-0.014980296478734445
PRDM11,-0.6369190388078837
PRDM12,0.04420085219603265
PRDM13,1.4772930251519258
PRDM14,0.9373793294352795
PRDM15,0.31233459931835705
PRDM16,-0.18973376976454945
PRDM2,-0.0304752855415118
PRDM4,0.02384811859085545
PRDM5,0.1141487591165995
PRDM6,-0.11056948007405376
PRDM7,0.3533267862018472
PRDM8,-0.07940343769913305
PRDM9,1.7263019230111594
PRDX1,0.2797826279292268
PRDX2,-0.02334023452556533
PRDX3,0.11660540638395922
PRDX4,-0.13476016346366038
PRDX5,0.14120819769195148
PRDX6,0.13543475929633964
PREB,0.07010600735403028
PRELID1,-0.03742263219884112
PRELID2,-0.3765857228722925
PRELID3A,0.34520872953968323
PRELID3B,-0.04711032447506369
PRELP,-0.38188596744910686
PREP,0.056429684678017455
PREPL,0.07028734487981314
PREX1,-0.15050350892846032
PREX2,-0.13957492237643532
PRF1,0.06536590877127502
PRG2,-0.19771258134719655
PRG3,-0.6556713983865052
PRG4,0.37077869427596
PRICKLE1,0.3243835299726663
PRICKLE2,-0.15979392636971512
PRICKLE3,-0.5465226356240942
PRICKLE4,0.0015219017439811466
PRIM1,-0.029754892367173547
PRIM2,0.014303551284927218
PRIMPOL,-0.06745587007117759
PRKAA1,-0.1746378760949252
PRKAA2,0.4807807321733913
PRKAB1,0.04923527746702305
PRKAB2,-0.07199650414189485
PRKACA,0.11565824927844837
PRKACB,-0.13877249483930587
PRKACG,-1.274103177317779
PRKAG1,0.017074927277644925
PRKAG2,0.004252572715354397
PRKAG3,-0.060100190216093696
PRKAR1A,-0.07405777145985226
PRKAR1B,0.004960919260791563
PRKAR2A,0.156580226241541
PRKAR2B,0.29362545269897034
PRKCA,-0.1606140158827527
PRKCB,-0.17045036098239663
PRKCD,0.3999068633343935
PRKCE,0.24450223349694689
PRKCG,0.05517582389272402
PRKCH,0.4789803738464268
PRKCI,-0.14180875509687407
PRKCQ,-0.057153589833565555
PRKCSH,-0.06884023318147925
PRKCZ,-0.5380800450034242
PRKD1,-0.04362069203696506
PRKD2,0.010214767913252487
PRKD3,0.06721850664945883
PRKDC,-0.02851884008051986
PRKG1,0.5040702480746939
PRKG2,0.13861714572253092
PRKN,-0.039212725840104934
PRKRA,-0.12739208807518398
PRKRIP1,-0.2961081115276807
PRKX,-0.15523168542513055
PRL,0.5888253023922816
PRLH,0.1921204049381719
PRLHR,-0.21206418890735929
PRLR,0.05443472946779282
PRM1,0.30987603772393824
PRM2,-0.45884619513531977
PRM3,0.006706991243618329
PRMT1,0.036576910969718934
PRMT2,-0.020685077738749946
PRMT3,0.0044473409829599575
PRMT5,-0.02662908568532618
PRMT6,0.10440032799530918
PRMT7,0.04162464995255721
PRMT8,0.12194721139833736
PRMT9,-0.27325417908279714
PRND,0.49940769716154576
PRNP,0.04377104237315077
PROB1,-0.002820532218811511
PROC,0.3684197938700392
PROCA1,-0.03951695523202048
PROCR,-0.08748834069681632
PRODH2,0.26329484048111956
PROK1,-0.2743698506153696
PROK2,0.2348514691628325
PROKR1,-0.07896829719717507
PROKR2,-0.5273625375003791
PROM1,0.911709388086162
PROM2,0.6863475621037329
PROP1,-1.2753100377378253
PRORP,0.07687124504840526
PROS1,-0.11721950076269838
PROSER1,-0.041404619595003744
PROSER2,-0.13517364311086988
PROSER3,-0.23802031938051815
PROX1,-0.5389410574455491
PROX2,-0.5194599407483361
PROZ,0.4835723545221684
PRP4K,0.11034677145398142
PRPF18,0.03491443836834218
PRPF19,0.030064710067596145
PRPF3,-0.0784152644689371
PRPF31,0.4033628955043498
PRPF38A,-0.05208744123748943
PRPF38B,0.0774317577446757
PRPF39,0.06524292269229992
PRPF4,0.025504170898391187
PRPF40A,0.0713527882598406
PRPF40B,0.12745749372790893
PRPF6,0.06395134909087385
PRPH,-0.42653206545986877
PRPH2,0.6584076160291492
PRPS1,0.0005235536233385574
PRPS1L1,-1.0449359408164656
PRPS2,0.14392827756214333
PRPSAP1,0.036051286932005766
PRR11,0.07362023165464837
PRR12,-0.17657903926019802
PRR13,0.0035609509671790107
PRR14,-0.11239437601567825
PRR14L,0.2824193890139055
PRR15,0.16701389708000391
PRR15L,-0.19638490839522904
PRR16,0.5135186836527117
PRR18,0.437411186981752
PRR19,0.06191904809267523
PRR20A,0.4641605247611844
PRR20C,0.4641605247611844
PRR20G,-0.1093937001316323
PRR22,-0.7926074569645116
PRR23A,-0.4515270425469554
PRR23B,-0.38312659225490775
PRR23C,-0.43944895714843646
PRR23E,0.5513043412800704
PRR27,1.0254510124324463
PRR29,-0.19926993910551172
PRR30,0.1558591191362984
PRR32,0.2075778291510142
PRR33,0.25768147674994973
PRR35,-0.2633515284615058
PRR36,-0.2445895667879463
PRR5,-0.11649851691999968
PRR5-ARHGAP8,0.15682565370992219
PRR5L,0.18071339251582685
PRR7,-0.16066535819250483
PRR9,0.0949925826984983
PRRC1,0.13860080834262423
PRRC2A,-1.9158843606589566
PRRC2B,0.06843077894090666
PRRC2C,0.03915858789840865
PRRG1,0.43359784916721855
PRRG2,-0.12771351059765434
PRRG3,0.8146531909368266
PRRG4,0.6284314478945955
PRRT1B,0.6220842506635181
PRRT2,-0.07685829884097028
PRRT3,-0.40287356054323364
PRRT4,-0.09395132651060756
PRRX1,-0.22648057909787678
PRRX2,-0.8698478667911947
PRSS12,0.34411499575760063
PRSS16,1.1779546063682003
PRSS2,-0.19750683748240716
PRSS21,-0.156606259804574
PRSS22,0.07647814464557534
PRSS23,-0.5794042507535597
PRSS27,-0.12280485950406472
PRSS3,-0.15166669362041385
PRSS33,0.10617916686123952
PRSS35,0.575093881152301
PRSS36,-0.4465215889716697
PRSS37,-0.2603828913143026
PRSS38,0.4253208142510424
PRSS41,0.40680586448320927
PRSS48,-0.1541462797850821
PRSS50,-0.09087683690677162
PRSS51,-0.24363746061554137
PRSS53,-0.3401390680811709
PRSS54,0.3588081225195015
PRSS55,0.2710422518118632
PRSS56,-0.3924900982663049
PRSS57,-0.04157104466963424
PRSS8,-0.16328022778738882
PRTFDC1,-0.070406786767653
PRTG,0.058997833161134494
PRTN3,-0.28196385316203765
PRUNE1,0.03803864435943893
PRUNE2,0.276668023413793
PRX,-0.16828698375175144
PRXL2A,0.04322654581437746
PRXL2C,0.04147870548645605
PSAP,-0.09929451473509232
PSAPL1,0.3190124348257437
PSAT1,-0.07120583665506697
PSCA,0.05432165715646331
PSD,0.02866187240234286
PSD2,0.2621375302664464
PSD3,-0.027079085358305333
PSD4,-0.5766262299332772
PSEN1,0.1218274338531593
PSEN2,1.233576036799798
PSENEN,-0.006418565899587669
PSG1,0.3466204196319437
PSG11,1.2413837643911347
PSG2,-0.1927798164330477
PSG3,-0.1805238918970869
PSG4,-0.060265185159737555
PSG5,-0.5005782077558625
PSG6,-0.5683912472861345
PSG7,-0.39308370090066624
PSG8,-0.15967096908844283
PSG9,0.2993855636271056
PSIP1,-0.056669527309667345
PSKH1,0.09207888329206781
PSKH2,0.02981165253383683
PSMA1,-0.11121301093549363
PSMA2,0.13356308326341892
PSMA3,0.07967908713274507
PSMA4,-0.03847864520466615
PSMA5,0.1758802343444419
PSMA6,-0.10878302644666826
PSMA7,-0.06965216886476266
PSMA8,0.3871650467224259
PSMB1,0.04045273217509315
PSMB10,-0.011971979002010968
PSMB11,0.7358356636837605
PSMB2,0.03427219991427943
PSMB4,0.19509133626603425
PSMB5,-0.06507448193517185
PSMB6,0.12782662970088143
PSMB7,-0.12158481061239534
PSMC1,0.12643013024965377
PSMC2,-0.4243363664437647
PSMC3,-0.1400902571095166
PSMC3IP,-0.1764176745725079
PSMC4,0.0234425669391225
PSMC5,0.023050604849776057
PSMC6,0.019764896056531533
PSMD1,0.054102664446894266
PSMD10,0.10517455846546664
PSMD11,0.11661750510729263
PSMD12,0.27682748233689036
PSMD13,0.15385519429473238
PSMD14,0.17207064569626773
PSMD2,-0.08706119716416083
PSMD3,0.028998351491350327
PSMD4,-0.19750319612718048
PSMD5,-0.009182171690846452
PSMD6,-0.18628698571606872
PSMD7,0.0499995110655469
PSMD8,0.05251975511912832
PSMD9,-0.051953298614876076
PSME1,-0.08311598112928831
PSME2,-0.19344087295193813
PSME3,-0.04602086179985854
PSME3IP1,-0.03159410417448694
PSME4,-0.1340236012563012
PSMF1,-0.4333674637748106
PSMG1,-0.07196321380931892
PSMG2,0.09959113419500998
PSMG3,0.023174607241256417
PSMG4,-0.1581879158690247
PSORS1C1,-1.1282814000954948
PSORS1C2,0.4136754289425517
PSPC1,-0.07538812341788148
PSPH,-0.04972010859631659
PSPN,-0.5052705389643393
PSRC1,-0.12340706654723821
PSTK,0.008406539118671397
PSTPIP1,-0.6284195091357007
PSTPIP2,-0.045690574486377145
PTAFR,0.13363273205071824
PTAR1,0.019556065668206557
PTBP1,-0.005717022779660574
PTBP2,0.09264754672924536
PTBP3,-0.08558318236425588
PTCD1,-0.11305032063651321
PTCD2,0.07253238380917981
PTCD3,0.01669683105927877
PTCH1,-0.09802786505025773
PTCH2,0.48358672839694694
PTCHD1,0.7959071680392955
PTCHD4,-0.27672390517678014
PTCRA,-0.32865825637950374
PTDSS1,0.08726949166740816
PTDSS2,-0.09135414163467104
PTEN,-0.02512147340638915
PTER,0.15396872302590214
PTF1A,0.048125095370796345
PTGDR,-1.1130842614335292
PTGDR2,-0.01358493365122282
PTGDS,-0.06424317331703522
PTGER1,-0.25318600589652895
PTGER2,-0.6804525668482275
PTGER3,-0.0898466647964078
PTGER4,0.0811194263152446
PTGES,0.3311234352099741
PTGES2,-0.2136729708796139
PTGES3,-0.1566966513246273
PTGES3L,-0.13309949863277826
PTGES3L-AARSD1,-0.12439725180661654
PTGFR,-0.03793167495144445
PTGFRN,-0.1404161045632839
PTGIR,-0.1341005107439961
PTGIS,-0.7979459723557157
PTGR1,-0.4674227044651107
PTGR2,0.1956396833001106
PTGR3,-0.050679830752252464
PTGS1,0.48282024438106375
PTGS2,0.054216438615010645
PTH,1.4188215159047584
PTH1R,0.6626038624114948
PTH2,-0.06160383986010043
PTH2R,-0.624071548939193
PTHLH,2.0929845065852364
PTK2,0.166668631563768
PTK2B,-0.08439268465575189
PTK6,-0.15284872864588728
PTK7,0.1062214472922367
PTMA,0.12208661679637078
PTMS,0.0013879348427021654
PTN,0.21009365194851806
PTOV1,0.007139425109489395
PTP4A1,1.3526881474428274
PTP4A2,-0.11246313358144278
PTP4A3,0.4136754289425517
PTPA,-0.13851568847121953
PTPDC1,-0.3954653989104959
PTPMT1,-0.3358208851153677
PTPN1,-0.08634115985657775
PTPN11,0.1519602505306734
PTPN12,-0.015329666190451618
PTPN13,-1.2821828920875162
PTPN14,-0.10992298035043468
PTPN18,-0.26615679810102577
PTPN2,-0.28904148995413664
PTPN21,-0.17173612930545112
PTPN22,0.21659471110745354
PTPN23,0.20976387941256913
PTPN3,-1.1677161579993547
PTPN4,0.1703430912665942
PTPN5,-0.8329864420607038
PTPN6,0.022772502163609154
PTPN7,0.11215451537186283
PTPN9,0.11619162973723496
PTPRA,-0.06786568071269539
PTPRB,-0.840045410382395
PTPRCAP,-0.24332307691395894
PTPRD,0.12071051126275112
PTPRE,-0.32505865846411375
PTPRF,0.4624323211285801
PTPRG,-0.27038896117374556
PTPRH,-0.3772117142727991
PTPRJ,0.3651984562831063
PTPRK,-0.11188127041305473
PTPRM,0.07822901753688827
PTPRN,0.0739704400356794
PTPRN2,-0.3253998367181312
PTPRO,-0.004185935071218783
PTPRQ,-0.0933645745067273
PTPRR,-0.8565006679330814
PTPRS,0.016415967275546173
PTPRT,-0.008896778719068493
PTPRU,-0.05238100620668096
PTPRZ1,-2.0025059385982256
PTRH1,-0.6914348875441444
PTRH2,0.27378297271524143
PTRHD1,0.18355180381764669
PTS,0.09338986088952161
PTTG1,0.0582773656124993
PTTG1IP,-0.09457759745377725
PTTG1IP2,0.5467873387782942
PTTG2,-0.02073452576463919
PTX3,-0.22349661088810047
PTX4,-0.06553553884446037
PUDP,0.10011826675415403
PUF60,0.00044054764468404173
PUM1,0.03304109593462279
PUM2,0.08924168922065423
PUM3,0.014440271829859519
PURA,-0.03983371915131162
PURB,-0.055636712942169986
PURG,0.06526164048004279
PUS1,0.20013655760056714
PUS10,0.15598104049919836
PUS3,0.12782048733365503
PUS7,0.029629740788401193
PUS7L,-0.14933233508227683
PUSL1,-0.08967628996361299
PVALEF,0.06309733236642767
PVR,-0.28654711762960483
PVRIG,-0.3681169486549569
PWP1,0.21070296552360102
PWP2,-0.8393447343914526
PWWP2A,-0.05732350401576536
PWWP2B,0.031167817083221916
PWWP3A,-0.21308711764271182
PWWP3B,1.1407514799281069
PWWP4,0.0
PXDC1,-0.035873822826210766
PXDN,-0.12927327205381411
PXDNL,-0.12952755628203402
PXK,0.044647810783184916
PXMP2,0.00129885918301742
PXMP4,-0.0024221954318699446
PXN,-0.0965502315831559
PXT1,0.06225069429663321
PXYLP1,0.25255366164172166
PYCARD,0.10682895463416453
PYCR1,-0.10819860705032802
PYCR2,-0.10302299955285932
PYDC1,0.5287380619678439
PYDC2,0.16762516621153867
PYDC5,1.019880533242569
PYGB,-0.11112394265427561
PYGL,0.1910493105271125
PYGM,-0.03624360482446143
PYGO1,0.19031457815415376
PYGO2,-0.46558899323525327
PYHIN1,0.29131654237144833
PYM1,-0.011711165754546116
PYROXD1,0.2201421993317263
PYROXD2,-0.2732232620920154
PYURF,-0.06150844971087999
PYY,0.10556373789645668
PZP,0.5590735107964935
QARS1,-0.07405418987844659
QDPR,-0.4087916116126218
QKI,0.25325899824273534
QNG1,-0.4565790773789037
QPCT,-0.39121858168121293
QPCTL,-0.09794391860500795
QPRT,-0.1724376794355016
QRFP,0.006181836485308567
QRFPR,-0.15896127620607237
QRICH1,-0.018742447505539772
QRICH2,-1.12520193361135
QRSL1,-0.20068548091579785
QSER1,-0.033464042086693624
QSOX1,-0.1806475848513962
QSOX2,0.28778812823365163
QTRT1,-0.06248920799348845
QTRT2,-0.8281431507014938
R3HCC1,0.5737180425399351
R3HCC1L,0.03360497159974951
R3HDM1,0.051258433512550994
R3HDM2,0.12260691484530817
R3HDM4,0.24322860339268915
R3HDML,-0.6734232352527101
RAB10,0.021160239107742562
RAB11A,0.09323624454380597
RAB11B,-0.085266523671236
RAB11FIP1,-0.016776176170564483
RAB11FIP2,0.047639786451866506
RAB11FIP4,-0.08154915966595744
RAB11FIP5,-0.7235491993915291
RAB12,0.04273928344209388
RAB13,0.25101110960705464
RAB14,-0.4826273347318788
RAB15,-0.032140498067146694
RAB17,0.3693364980327693
RAB18,0.1715225793484798
RAB19,-0.08362826906938303
RAB1A,-0.16764824221878705
RAB1B,0.13426544428283815
RAB20,0.3988087257893822
RAB21,0.40521842735542535
RAB22A,-0.4669768561775447
RAB23,0.05890565451355645
RAB24,-0.03723856576063067
RAB25,-0.25656083002036867
RAB26,0.21294032971569044
RAB27A,-0.0397124263888009
RAB27B,0.44741130094724557
RAB28,-0.05413268440159236
RAB29,-0.0390596685030542
RAB2A,0.13118482857120561
RAB2B,-0.07658566988213167
RAB30,0.16090264452606018
RAB31,0.11406101542736025
RAB32,0.46023655755407944
RAB33A,0.059745370476930404
RAB33B,-0.00847636576804689
RAB34,0.026788210668123202
RAB35,-0.13736341102380933
RAB36,-0.49864677003371466
RAB37,-0.08229172513155492
RAB38,-0.5240487878660223
RAB39A,-0.3396995709101849
RAB39B,-0.08943196391101393
RAB3A,-0.15765573335605954
RAB3B,-0.13222636504054996
RAB3C,-1.4824457046141815
RAB3D,0.019590484956317766
RAB3GAP1,0.14919498242369222
RAB3GAP2,-0.03424680059335916
RAB3IL1,0.12839341611310484
RAB3IP,-0.13652805835099802
RAB40A,-0.4955312197023003
RAB40AL,0.4561026157228112
RAB40B,-0.008568054033648131
RAB40C,-0.10825094334002294
RAB41,0.4661210433995864
RAB42,-0.2744547868257081
RAB43,0.10063354388338475
RAB44,-0.21590526276727928
RAB4A,0.3008165844283086
RAB4B,-0.05855832356076984
RAB4B-EGLN2,-0.05759329332569685
RAB5A,-0.034487887170531195
RAB5B,0.07226874916160675
RAB5C,-0.15559796401147796
RAB5IF,-0.0020337744984750827
RAB6A,0.019026461130250638
RAB6B,0.011140503822566927
RAB6C,-0.705705458912326
RAB6D,-0.41026329598794464
RAB7A,0.3523314471250179
RAB7B,0.4335315027656347
RAB8A,0.06407294578353095
RAB8B,-0.048577211398757036
RAB9A,-0.2588084597664557
RAB9B,-0.2512750891642477
RABAC1,-0.003914496749366947
RABEP1,-0.07759571161246015
RABEP2,0.6363086821293822
RABEPK,0.07535164101456004
RABGAP1,0.11117076774183499
RABGAP1L,0.15342443733729993
RABGEF1,0.28892910289673246
RABGGTA,0.026852948922917008
RABGGTB,0.14321486724757904
RABIF,-0.06873803140048373
RABL2A,-0.3283722976834582
RABL2B,-0.22713462896298875
RABL3,0.0696066580891479
RABL6,-0.16858015018395012
RAC1,-0.14226214629013612
RAC2,0.187507174934888
RAC3,-0.07422053627272973
RACGAP1,0.31955386442617123
RACK1,0.1734168544164305
RAD1,-0.49267718444159553
RAD18,-0.1145143416479284
RAD21,-0.040032393308401915
RAD21L1,0.24155399879393835
RAD23A,-0.24412194271589271
RAD23B,-0.008090984835730453
RAD50,0.3283480499474156
RAD51,0.08029313050916098
RAD51AP1,0.05839016515170137
RAD51AP2,0.6948277434815681
RAD51B,-0.1302026699008234
RAD51C,-0.07222029016119169
RAD51D,-0.6158647065589898
RAD52,-0.22455094673790388
RAD54B,-0.1595015391464747
RAD54L,0.1352041274039646
RAD54L2,-0.07140666435363663
RAD9A,0.03203458926816083
RAD9B,0.12815563249950124
RADIL,-0.3309764780793767
RADX,-0.1753687259218335
RAE1,0.04752064667588307
RAET1E,-0.4834313214236438
RAET1G,-0.39531202904534624
RAET1L,-0.7128937517602103
RAF1,-0.1356942577018838
RAG1,0.1384764731044381
RAG2,0.048470572072149665
RAI1,0.05839694394162098
RAI14,-0.18360370620102362
RAI2,-0.775107665985352
RALA,-0.13111229463383456
RALB,-0.7709776377195687
RALBP1,0.04621443273644843
RALGAPA1,-0.23449083932553094
RALGAPA2,0.1871969314097468
RALGAPB,0.015608230537795365
RALGDS,-0.08370666925516446
RALGPS1,0.03154881036356816
RALGPS2,0.1636358274454981
RALY,-0.03934718184916619
RALYL,-0.23957190147327534
RAMAC,-0.20555984532123173
RAMACL,0.3971673707831443
RAMP1,-0.43431935050050113
RAMP2,-0.3676008705805036
RAMP3,-0.0684813493332116
RAN,-0.0017828105282466922
RANBP1,-0.2862369036096828
RANBP10,-0.1026688055656857
RANBP17,-0.042026378130820996
RANBP2,-0.09707483294853692
RANBP3,-0.08391657823485943
RANBP3L,1.4760230928236595
RANBP6,-0.004639423533526532
RANBP9,-0.06809541314324807
RANGAP1,-0.00016388349700413585
RANGRF,-0.10597877166339931
RAP1A,0.6172565003053189
RAP1B,0.23240746393452483
RAP1GAP,-0.13546480112879955
RAP1GAP2,-0.569390859182785
RAP1GDS1,0.2505311686664351
RAP2A,0.09643943906930286
RAP2B,0.11522104144337497
RAP2C,0.15204746469410013
RAPGEF1,0.11590147967822118
RAPGEF2,-0.022601715419243718
RAPGEF3,0.33267519553575897
RAPGEF4,0.09470942427687135
RAPGEF5,-0.21747555938624386
RAPGEF6,0.11090332773108447
RAPGEFL1,-0.9290522677794677
RAPH1,0.12173989524369322
RAPSN,0.7457903075775117
RARA,-0.07165685574746505
RARB,0.2671301159573176
RARG,0.007089257717850739
RARRES1,0.5683007573173438
RARRES2,-0.928035752231311
RARS1,-0.1940652072268816
RARS2,0.12442968802456988
RASA1,0.01718779193991793
RASA2,0.023164629229830425
RASA3,0.47437375496036616
RASA4,-0.46372652328361696
RASA4B,-0.5010975276091436
RASAL1,0.21007216269437556
RASAL2,0.09604631284104492
RASAL3,0.10935453580865673
RASD1,-0.1755597754496483
RASD2,0.18116120858765683
RASEF,0.027180660144917157
RASGEF1A,-0.4801785285819571
RASGEF1B,0.14109778895818617
RASGEF1C,0.07357731264398293
RASGRF1,0.11221623297332295
RASGRF2,-0.3017008538665732
RASGRP1,-0.30353208062509296
RASGRP2,0.11136232150194125
RASGRP3,2.004463939177998
RASGRP4,0.17075742337093214
RASIP1,-0.17381382988024674
RASL10A,0.05729204624360418
RASL10B,0.18617595895830785
RASL11A,-0.1107716229476381
RASL11B,-0.024630919041177535
RASL12,-1.470792303027864
RASSF1,0.03882660915694491
RASSF10,0.5938349622426737
RASSF2,-0.06609556811795958
RASSF3,1.7511103632532279
RASSF4,-0.26863443017224276
RASSF5,-0.05187929232771715
RASSF6,-0.4251448424906936
RASSF7,-0.5933101464819935
RASSF8,0.35027426522769955
RASSF9,0.5654427026215804
RAVER1,0.09885402021267176
RAVER2,-0.1551873938856172
RAX,0.2791630302389988
RAX2,-0.06817980799740686
RB1,0.11200932438321765
RB1CC1,-0.9451989441238237
RBAK,-0.1392607462780493
RBAK-RBAKDN,-0.514076517623457
RBAKDN,0.23800115788817733
RBBP4,0.07511131067768151
RBBP5,0.25084665213056123
RBBP6,-0.04745364726892701
RBBP7,-0.20472898874932444
RBBP8,-0.0602251284234967
RBBP8NL,-0.2397796727348922
RBBP8P1,-0.013654340252951425
RBBP9,-0.16988285215673216
RBCK1,-0.09520899843480368
RBFA,0.10011610769137835
RBFOX1,-0.21913464695809093
RBFOX2,-0.024863838892653867
RBFOX3,-0.17245601744919542
RBIS,0.05130271602569092
RBKS,0.07007771258288553
RBL1,0.11118773540747107
RBL2,0.1380573505510485
RBM10,0.20127235663376908
RBM11,-0.00011997287359477582
RBM12,0.014216583459908172
RBM12B,0.01451890960761748
RBM14,-0.1510107856743117
RBM14-RBM4,-0.14912353345088203
RBM15,0.0
RBM15B,-0.0962805145737784
RBM17,-0.18374049983655993
RBM18,0.06613153185080023
RBM19,0.04803261945373993
RBM20,-1.046688571819599
RBM22,-0.02732422482880814
RBM23,0.00982796780288453
RBM24,-0.7224371288435472
RBM25,-0.15774850282044373
RBM26,-0.00488267116675889
RBM27,0.03150148034249334
RBM28,-0.1380034242736894
RBM3,-0.11821574412974556
RBM33,-0.0743341099421082
RBM34,0.05097825360293218
RBM38,-0.0224384159069686
RBM39,0.042380293062531216
RBM4,0.08000044666706341
RBM41,-0.10625289610708766
RBM42,0.05897499470738943
RBM43,0.03680858410653709
RBM44,-1.5322879447735476
RBM45,0.29138303458329595
RBM46,-0.36548814681443514
RBM47,0.5424116942522963
RBM48,-0.013470295523549503
RBM4B,0.3032781903349777
RBM5,0.010723981762710721
RBM6,-0.12574946115119445
RBM7,0.1655982110850429
RBM8A,0.23167140291484767
RBMS1,0.13200837913282903
RBMS2,0.39487886446723897
RBMS3,-1.5299867931249964
RBMX,-0.05815234124206725
RBMX2,-0.1430351628547477
RBMXL1,0.0033960270891046918
RBMXL2,-0.3663695320774385
RBMXL3,-0.79558859130927
RBP1,-0.48871606179678023
RBP2,1.3026747845306823
RBP3,-0.27105798266199643
RBP4,-1.4297122609928254
RBP5,0.21963967627227676
RBP7,-2.065309572977996
RBPJ,0.596013429464713
RBPJL,-0.22229400337156768
RBPMS,0.10991123468586972
RBPMS2,-0.22691744322192675
RBSN,0.09866821845611096
RBX1,-0.15596720654795249
RC3H1,-0.13471263169966008
RC3H2,-0.14102003681405417
RCAN1,0.03611285898885619
RCAN2,0.12038931695088406
RCAN3,-0.12747714193940318
RCBTB1,-0.31851757225309196
RCBTB2,-0.6722068775125885
RCC1,-0.040837633935828066
RCC1L,-0.146497382252881
RCC2,0.31285163578401187
RCCD1,-0.28891162258587766
RCE1,0.003503928843455739
RCHY1,-0.1417471423388541
RCL1,-0.24610898490509658
RCN1,-0.10934970607380023
RCN2,-0.13825340581822676
RCN3,-0.44358579170486373
RCOR1,0.02698660574313827
RCOR2,-0.0324757010031087
RCOR3,0.20611013704897374
RCSD1,0.0404734092601613
RCVRN,0.2556573729127838
RD3,0.3599098955052369
RD3L,-1.454623520856066
RDH10,0.02250560464438145
RDH11,-0.03131575873947945
RDH12,-1.0540056026577462
RDH14,0.23553376335761556
RDH16,-0.16980848325580777
RDH5,-0.3673056753597834
RDH8,-0.11491827509037456
RDX,0.1591034289380513
REC114,0.07854165557344439
REC8,0.6045134224460551
RECK,-0.09590941225331662
RECQL,0.0945365085271046
RECQL4,0.0782874060814418
RECQL5,0.11892599878358556
REDIC1,-0.9695110963190783
REELD1,1.2569224444509366
REEP1,0.15774592138325927
REEP2,-0.08827528890710346
REEP3,-0.14949206070924337
REEP4,-0.17228765714356964
REEP5,-0.2831502876954506
REEP6,-0.18992252706301738
REG1A,0.7032668510703897
REG1B,-1.688671105665588
REG3A,-0.12154755083942481
REG3G,-1.074320423099947
REG4,0.1427367847975154
REL,0.0578383454130007
RELA,0.05594409266256051
RELB,0.16467989935285843
RELCH,0.018065013577872158
RELL1,0.10543900798478312
RELL2,-0.2990149423069077
RELN,-0.27498823891721735
RELT,-0.10940676285476325
REM1,-0.7682041102856016
REM2,-0.09912287583492585
REN,-0.05793628420788233
RENBP,0.24984219918730477
REP15,-0.20259279267081787
REPIN1,-0.02208741535300529
REPS1,-0.14012844130698454
REPS2,0.01202323141297823
RER1,-0.09338886672009838
RERE,-0.2605672006487172
RERG,-0.41425730740771294
RERGL,0.6073076091101794
RESF1,0.07474859946484269
RESP18,0.2905314817711879
REST,0.04177451101913743
RET,-0.6305146379504991
RETN,-0.5078954947555592
RETNLB,-0.2796862504810309
RETREG1,-0.08305231839778493
RETREG2,0.09208043829611423
RETREG3,-0.0018752663875405418
RETSAT,0.10639521007550279
REV1,0.011594595357783177
REV3L,-0.07336696585359093
REX1BD,-0.06430248018545548
REXO1,0.052477025637938546
REXO2,0.278508708919766
REXO4,-0.21456528782212114
REXO5,0.7114743749047513
RFC1,0.3728767492771521
RFC2,0.05209747498795725
RFC3,-0.037693544118578615
RFC4,0.054011021031633355
RFC5,-0.5107552990482918
RFESD,-0.17095206170594412
RFFL,0.10633444815428916
RFK,0.08600729461697476
RFLNA,0.05562851485527265
RFLNB,-0.35072786614154017
RFNG,0.068522555946962
RFPL1,-1.3004575438946886
RFPL2,0.09556053003658072
RFPL3,0.10112800704594194
RFPL4A,-0.9093820374033388
RFPL4B,0.21506723791875992
RFT1,0.011382282865849191
RFTN1,-0.02941777929670275
RFTN2,0.1753509715268471
RFWD3,-0.04258798565852384
RFX1,-0.023749188885051176
RFX2,-0.060199950930296175
RFX3,0.02875544729682744
RFX4,-0.38868309550099434
RFX5,-0.0364247750055835
RFX6,-0.3425711436718661
RFX7,-0.16878236511070277
RFX8,0.09255025445913834
RFXANK,0.022514546670261204
RFXAP,0.024412338554054003
RGCC,0.06994237005430115
RGL1,0.018827534226774745
RGL3,0.8835585105138624
RGL4,-0.5425305844312952
RGMA,-0.33113809241280734
RGMB,-0.08787916994006206
RGN,0.2250584788099288
RGP1,-0.08990495626917694
RGPD1,-0.24948587572298386
RGPD2,0.18938331998304747
RGPD3,0.32404350494555123
RGPD4,-0.13413457858159328
RGPD6,-1.0347843836897006
RGPD8,0.004823479041502821
RGR,-0.1142628222615546
RGS1,0.32755843630048176
RGS10,-0.09035848507783406
RGS11,-0.12360980610736227
RGS12,0.2462138535920415
RGS13,0.6229995132623992
RGS14,-0.30134655138385735
RGS16,0.43335581552349556
RGS17,-1.5317495210245453
RGS18,0.2524633750075935
RGS19,-0.3940514631093164
RGS2,0.08227765469838211
RGS20,0.2708963244652005
RGS21,-0.07265877390105269
RGS22,0.540380836038133
RGS3,0.5498144511917469
RGS4,0.41524997880445813
RGS5,0.07054719003622978
RGS6,0.1916451072224703
RGS7,1.321312607362468
RGS7BP,2.1503477516578746
RGS8,0.26928171257809497
RGS9,0.14197093277313133
RGS9BP,-0.03495277210870995
RGSL1,0.14852095078921201
RHAG,-0.3162866976089509
RHBDD1,-0.012264508770350346
RHBDD2,1.145913275672697
RHBDD3,-0.151953057916697
RHBDF1,-0.1621626361097981
RHBDF2,-0.13121265978875307
RHBDL1,-0.7901691960630175
RHBDL2,-0.3947138257770574
RHBDL3,0.38152676359884774
RHBG,-0.12039505495012703
RHCE,-0.024012828554887733
RHCG,-0.5098489362175092
RHD,0.3268859147626435
RHEB,0.023227507531018432
RHEBL1,-0.1452794980088994
RHEX,0.9044183275444123
RHNO1,-0.14876727171150605
RHO,-0.5161156003743981
RHOA,-0.020392290320405237
RHOB,0.29301863918491433
RHOBTB1,0.1535985561527573
RHOBTB2,0.07787753236219846
RHOBTB3,-1.5093261719444238
RHOC,0.1088698596633817
RHOD,-0.7224602820126
RHOF,-0.042649310565700205
RHOG,0.06716178388142158
RHOH,0.18684544775989131
RHOJ,0.5887444524683295
RHOQ,-0.3798081068972823
RHOT1,-0.10060480262426319
RHOT2,-0.15554654417898472
RHOU,0.04253547191185891
RHOV,0.17592289493777802
RHOXF1,0.07349723666348229
RHOXF1P3,-0.1251940095517603
RHPN1,-0.21277494214322168
RHPN2,-0.05681999872790766
RIBC1,0.06114137274227094
RIBC2,-0.1164544627782953
RIC1,0.16207199710271603
RIC3,0.021320289710375806
RIC8A,0.10573754715695394
RIC8B,-0.02404020413889718
RICTOR,-0.16592623854372768
RIDA,0.1596140969220725
RIF1,-0.014051096130236473
RIGI,-0.09479220161206259
RIIAD1,0.1465857398764041
RILPL1,0.03990899526360758
RILPL2,-0.28807237024535226
RIMBP2,0.4419383319098264
RIMBP3,-0.6969944230844676
RIMBP3B,-1.7117927056264388
RIMBP3C,0.0
RIMKLA,-0.08959543199517794
RIMKLB,-0.04925902662634529
RIMOC1,-0.11762378680461882
RIMS1,-0.21996925861044636
RIMS2,-0.4127236475444178
RIMS3,0.3278216972129675
RIMS4,0.251494087800082
RIN1,0.6514409845506943
RIN2,1.4474514959410776
RIN3,0.11749808780815618
RINL,-0.11286591101087451
RINT1,0.21764786705887396
RIOK1,0.11928677773110419
RIOK2,0.10120104318819934
RIOK3,0.295233722543391
RIOX1,-0.21381871861041812
RIOX2,-0.05934340656690029
RIPK1,-0.06739036499982154
RIPK2,0.396101773932687
RIPK3,0.46904190386258904
RIPK4,0.11709861251256726
RIPOR1,-1.160452074560447
RIPOR2,0.029179691435231914
RIPOR3,-0.5554005743781545
RIPPLY1,-0.2565783629721959
RIPPLY2,-0.0314107087650809
RIPPLY3,-0.29446055922936387
RIT1,0.12424127876026203
RIT2,1.000179268681865
RITA1,-0.10640612928764348
RLBP1,0.23372850598576522
RLF,0.1416012865408005
RLIG1,0.9586037565666733
RLIM,0.19547840627680824
RLN1,0.09909629929900277
RLN2,0.18416404649784135
RLN3,0.5798478632661684
RMC1,0.020726500905717593
RMDN1,0.4519386473510041
RMDN2,0.483631043493196
RMDN3,0.006547496918146933
RMI1,0.04151409019169083
RMI2,1.4465160350994404
RMND1,-0.02496611342715127
RMND5A,-0.1759926744815301
RMND5B,-0.17359059324708248
RNASE1,0.3531032023299802
RNASE10,-1.0148620802248915
RNASE11,0.08052488564556626
RNASE12,-0.4368775957787657
RNASE13,0.4365823334946237
RNASE2,-0.061412744942541675
RNASE3,-0.7549592062173415
RNASE4,0.2426188133668461
RNASE6,0.16165368237712574
RNASE7,0.37948615165133825
RNASE8,-0.45147107749184745
RNASE9,0.21677560261787976
RNASEH1,-0.06817777684365112
RNASEH2A,-0.14594615810647937
RNASEH2B,-0.3058402734027492
RNASEH2C,-0.13817870963578827
RNASEK,0.12992660453933524
RNASEK-C17orf49,0.1308069629774442
RNASEL,0.3893614604587703
RNASET2,0.13403027020754
RND1,-0.11013866268291217
RND2,-0.011654707547842591
RND3,0.20861109946954803
RNF10,-0.18586280319284043
RNF103,0.1691801833286224
RNF103-CHMP3,-0.08302907207662757
RNF11,-0.03152413663497544
RNF111,-0.5519419046491523
RNF112,-0.2730324935332943
RNF113A,-0.061642995119767896
RNF113B,-0.1723791525877454
RNF114,-0.26787107879354277
RNF115,-0.11970034098172455
RNF121,-0.05652095964480708
RNF122,0.16295859830496173
RNF123,-0.10156986280996261
RNF125,-0.10731627182682413
RNF126,0.1356974863704048
RNF128,0.6772527571518052
RNF13,-0.026785917210048638
RNF130,0.2944245261637044
RNF133,-0.676093821036919
RNF135,-0.20471734705229716
RNF138,-0.06397403300647753
RNF139,-0.025059924944974554
RNF14,0.15943777103129664
RNF141,-0.0469819780625107
RNF144A,-0.1576106776871855
RNF144B,-0.2194385903312206
RNF145,0.19082301541884927
RNF146,0.2763072652141494
RNF148,-0.24276618079735846
RNF149,-0.036654671426915364
RNF150,0.5685148795666488
RNF151,0.12629264943917184
RNF152,0.18058984456246874
RNF157,0.44675153028225956
RNF166,-0.015255174645441016
RNF167,-0.11787160228626448
RNF168,0.06657646312178223
RNF169,0.057367489782691905
RNF17,-0.5477594985859817
RNF170,-0.028905779308919577
RNF175,-0.2152874292221566
RNF180,0.993801599936333
RNF181,0.10359578788134538
RNF182,0.062091934602280574
RNF183,0.26376602434454866
RNF185,-0.2634139610866222
RNF186,-0.30323166420277403
RNF187,-0.07631374548647063
RNF19A,-0.5087061355652449
RNF19B,-0.010061155611119865
RNF2,-0.11876659285952407
RNF20,0.21433689531492206
RNF207,-0.632555253814169
RNF208,0.2782768875941821
RNF212,-0.5147464157244945
RNF212B,0.3684086044319812
RNF213,-0.10785074626708457
RNF214,-0.1334896565970638
RNF215,0.03752678680782119
RNF216,-0.15287309634059643
RNF217,0.7832411248676129
RNF220,-0.3035816480928375
RNF222,0.29451603277708727
RNF223,-0.2666805380908568
RNF224,0.04696292132950752
RNF225,-0.627222775675123
RNF227,0.08616563423507273
RNF228,0.13002108637725662
RNF24,0.09925787991703139
RNF25,0.14377533202087767
RNF26,0.06532261157211394
RNF31,-0.15541276822076266
RNF32,0.00891214312211197
RNF34,0.057101820511733514
RNF38,-0.2037897677195133
RNF4,-0.3897648795654147
RNF40,-0.016783166759189783
RNF41,0.006322177866066703
RNF43,-0.25995201172370974
RNF44,0.045976098761022044
RNF5,-1.2752895132425717
RNF6,0.00023764720795504957
RNF7,0.09027901542740135
RNF8,0.14146386180704695
RNFT1,-0.20621297452377707
RNFT2,0.04761310222826598
RNGTT,-0.10050572521344936
RNLS,1.603272323768165
RNMT,-0.021899724988331037
RNPC3,0.14690927954533617
RNPEP,0.19482297230623313
RNPEPL1,-0.017804141085350444
RNPS1,0.02126545517732037
RO60,-0.03635514336459522
ROBO1,-0.577609100939255
ROBO2,0.2668853597922579
ROBO3,-0.07663828969941022
ROBO4,-0.1857842227858723
ROCK1,-0.08092107996200504
ROCK2,-1.0132574662735678
ROGDI,0.3025186872503136
ROM1,-0.17238549201102416
ROMO1,-0.1280196226112702
ROPN1,-0.4597870998829061
ROPN1B,0.05033806148275638
ROPN1L,0.20674959978374563
ROR1,-0.35665061701176937
ROR2,-0.2864929953149984
RORA,-0.2833268467521121
RORB,-0.08507410429083073
RORC,0.18775664675099657
ROS1,1.1529227335771797
RP1,0.7287695965944032
RP1L1,0.25505700236628315
RP2,-0.08388292444272416
RP9,0.1839845126851083
RPA1,0.023162729820390027
RPA2,-0.030944222744439642
RPA3,0.06176077894532783
RPA4,-0.3949783315211326
RPAIN,0.09411291402454758
RPAP1,0.08709216502614137
RPAP2,-0.13367263921660033
RPAP3,-0.055899759394076654
RPE,-0.024502676946964286
RPE65,0.7039151214526271
RPEL1,-0.1348847167298317
RPF1,0.0013559921541972386
RPF2,0.172096807396521
RPGR,0.05516707201862481
RPGRIP1,-0.5039566936120641
RPGRIP1L,0.1331443048330394
RPH3A,0.1459104582846521
RPIA,0.061285378434734916
RPL10,-0.6572320551699935
RPL10A,-0.07164379839637558
RPL10L,-1.4504000060328457
RPL11,0.15644445469565404
RPL12,-0.042731973888241015
RPL13,-0.10326769172754258
RPL13A,-0.07128016543195681
RPL14,0.02748222694225344
RPL15,0.1255110756750062
RPL17,0.006439860929965846
RPL17-C18orf32,0.0019062810204619751
RPL18,0.06748070158088026
RPL18A,-0.0528118570091447
RPL19,-0.09674990668891681
RPL21,0.21401060707297948
RPL22,-0.6097053858773607
RPL22L1,0.1478319097699865
RPL23,0.06782866562763346
RPL23A,-0.041905060895623514
RPL24,-0.007001074871006985
RPL26,-0.10350494766553897
RPL26L1,0.32174386198733673
RPL27,0.043070017324268406
RPL27A,-0.07936801605570665
RPL28,0.014541998807927392
RPL29,-0.045966755897043576
RPL3,0.07957967572828384
RPL30,0.027716537884978187
RPL31,-0.022060189283979348
RPL32,-0.028221022490703795
RPL34,0.12242353605981293
RPL35,-0.06506732778566171
RPL35A,0.10768210846487136
RPL36,-0.5061351594062515
RPL36A,0.04737992260380164
RPL36A-HNRNPH2,0.04799322622410962
RPL36AL,0.04335521174205592
RPL37,0.1425578949117874
RPL37A,0.19811932161718815
RPL38,-0.019847178438656243
RPL39,-0.09496655227012063
RPL39L,-0.6371749962414166
RPL3L,-0.4952104243452788
RPL4,-0.7176548232566087
RPL41,0.02245735123430581
RPL5,0.030128934169137978
RPL6,0.08603441853907423
RPL7,-0.041474719489913436
RPL7A,0.08418752264171214
RPL7L1,-0.17428016958274828
RPL8,0.027302067145444475
RPL9,0.03608249373242334
RPLP0,-0.09495825399951663
RPLP1,0.04620357780078166
RPLP2,-0.33364140349249904
RPN1,-0.059524778055115135
RPN2,0.03251777834033209
RPP14,0.22767334739055212
RPP25,-0.032450749114820265
RPP25L,0.02599304490241039
RPP30,-0.07934268892555618
RPP38,0.1296520858607204
RPP40,0.009124627254345263
RPRD1A,0.11167056044130685
RPRD1B,-0.04501982192695397
RPRD2,-0.10840404756467592
RPRM,-0.39033484764907866
RPRML,-0.06516442720615556
RPS10,0.07219528261655661
RPS10-NUDT3,0.07271360274205207
RPS11,0.0021741840092985854
RPS12,0.04706606912495026
RPS13,-0.043699285642653685
RPS14,0.014265730518950193
RPS15,-0.12463870000207322
RPS15A,0.014342689685752141
RPS16,0.10330167641889076
RPS17,0.027393978328210666
RPS19,0.01675164283006403
RPS19BP1,-0.11430871428195566
RPS2,-0.04857739775155512
RPS20,-0.16602968607554747
RPS21,-0.0695967875037784
RPS23,0.05886510600647732
RPS24,0.04223255924353353
RPS25,0.03780659255741181
RPS26,0.1055028968647731
RPS27,0.044343631557451246
RPS27A,-0.08658424608811988
RPS27L,0.03326344003351345
RPS28,-0.20899629572818057
RPS29,-0.08843941764635854
RPS3,0.1865397349540041
RPS3A,0.27825180968815477
RPS4X,-0.21367265680870595
RPS5,0.0010804477432264648
RPS6,0.014881976972457522
RPS6KA1,0.29994310395212986
RPS6KA2,-0.04235422348846757
RPS6KA3,0.19371941132459858
RPS6KA4,-0.10940502679713138
RPS6KA5,-0.00893058093941601
RPS6KB1,0.12093022905231088
RPS6KB2,-0.1135529430373321
RPS6KC1,0.053338220859714625
RPS6KL1,0.8517247218616667
RPS7,-0.07406141111913378
RPS8,0.000794209026982351
RPS9,-0.16396163384748874
RPSA,-0.047412215154714055
RPSA2,1.3536185773912193
RPTN,0.48685848022210476
RPTOR,0.17132818787420323
RPUSD1,0.1262427095453731
RPUSD2,0.05835781336386692
RPUSD3,0.15961669223953923
RPUSD4,0.045259792855044445
RRAD,-0.45411920710097187
RRAGA,0.06159208196867816
RRAGB,0.22673674349809847
RRAGC,0.09346291803242668
RRAGD,-0.13391644422937254
RRAS,0.01067388927069679
RRAS2,-0.0485490508054868
RRBP1,-0.13573994777193477
RREB1,-0.10930304527996171
RRH,-0.6926726331288429
RRM1,0.09629113420967528
RRM2,0.04529020507196169
RRM2B,0.05876601178640062
RRP1,0.013855072681009162
RRP12,-0.04196166051640393
RRP15,0.11831851425663098
RRP1B,0.003989064838372691
RRP36,-0.1518001236736275
RRP7A,-0.0996314092195476
RRP8,0.22611476575655676
RRP9,0.010712712365528176
RRS1,0.029983148713761842
RS1,0.07883913732760806
RSAD1,-0.07411765811845239
RSAD2,-0.25046064302123394
RSBN1,-0.0006324394093217833
RSBN1L,0.0542258788161778
RSC1A1,2.692652176849811
RSF1,0.0608680574837841
RSKR,-0.07361491594550396
RSL1D1,-0.020365122949749903
RSL24D1,-0.14290297310505107
RSPH1,-0.06407533569400758
RSPH10B2,-0.16169198167137955
RSPH14,-0.6047938769636723
RSPH3,0.025013004864355537
RSPH4A,-0.03156502596733812
RSPH6A,-0.4260790602518042
RSPH9,0.7053287447894476
RSPO1,0.08431803024630335
RSPO2,0.10157644300169483
RSPO3,0.05110392897861149
RSPO4,0.907800330941759
RSPRY1,-0.03004123152299787
RSRC1,0.16459902077405886
RSRC2,0.041387789420888055
RSRP1,-0.03363555032439436
RSU1,-0.0803941027644246
RTBDN,-0.09453324872306967
RTCA,0.31393421672454114
RTCB,0.3596390469922679
RTEL1,0.008125033988008568
RTEL1-TNFRSF6B,-0.10795762563805233
RTF1,0.28083856777481375
RTF2,0.3421110666982097
RTKN,-0.6572493338350294
RTKN2,0.14012418693481266
RTL1,-0.28340488145255693
RTL10,-0.17437009572883255
RTL3,-0.2038144148129628
RTL4,0.5369272337421758
RTL5,-0.32119341427248016
RTL6,-0.17740728484677204
RTL8A,-0.299785369849634
RTL8B,0.2818492502476251
RTL8C,-0.21196379724111258
RTL9,0.36926478673285645
RTN1,0.2256632966764056
RTN2,-0.15978254207249876
RTN3,0.08069087912300077
RTN4,-0.46077400858261
RTN4IP1,-0.19680299027340098
RTN4R,-0.29660379608762694
RTN4RL1,-0.22462489438502242
RTN4RL2,-0.31860319541278326
RTP1,-0.39142399552850216
RTP2,-0.06667308383962045
RTP3,-0.48265139632954845
RTP4,-0.5207313530441067
RTRAF,-0.00507580704830346
RTTN,-0.012277910378783119
RUBCN,0.07561464914131477
RUBCNL,0.6545189191330263
RUFY1,0.1637871976901364
RUFY2,-0.040186903869567026
RUFY3,0.04230771352905327
RUFY4,-0.4737092514794399
RUNDC1,-0.12215458518629241
RUNDC3A,0.015913489832612093
RUNDC3B,0.18451511096922862
RUNX1,0.1605086585075855
RUNX1T1,-0.027420013938575183
RUNX2,0.065954224527776
RUNX3,0.12633317646338416
RUSC1,0.19584315449123002
RUSC2,-0.06161713968948579
RUSF1,-0.2145350671895634
RUVBL1,-0.03681244066661726
RUVBL2,-0.029099828788558213
RWDD1,0.0451765933377537
RWDD2A,-0.25005292082577935
RWDD2B,0.2508973294181027
RWDD3,-0.08849905580894202
RWDD4,-0.08141476835071959
RXFP1,-0.8474245446464336
RXFP2,2.2281129246255773
RXFP4,-0.019385140182853533
RXRA,0.7901057356231177
RXRG,0.40839821781451113
RXYLT1,-0.059986264810724776
RYBP,-0.039434971218058834
RYK,-0.0568893295212094
RYR1,-0.9614217434542723
RYR2,0.1729677432445747
RYR3,1.0708472831095797
S100A1,-0.15279473702584445
S100A10,0.002361547921858609
S100A11,0.10374422081854373
S100A12,-0.05749075845573123
S100A13,-0.09067546146344352
S100A14,-0.5865053144702825
S100A16,0.02591003293838806
S100A2,0.20911903573356616
S100A3,-0.28069508832970236
S100A4,-0.2277999358385041
S100A5,-0.36204229646102437
S100A6,-0.6083856545188803
S100A7,1.2301686416273805
S100A7A,-0.5721930451057596
S100A8,0.127756263051229
S100A9,0.10745632608547817
S100B,-0.1054954679952651
S100G,-0.5733226146982999
S100P,0.878630556912788
S100PBP,0.1080604650452539
S100Z,0.13966356456881712
S1PR1,0.20771278486211786
S1PR2,-0.3862112065627814
S1PR3,-0.629077581201269
S1PR4,-0.6178611671112737
S1PR5,0.27463795527114643
SAA1,0.8230288808137123
SAA2,-0.4368460813560827
SAA2-SAA4,-0.4543990275964098
SAA4,-0.37181937331767656
SAAL1,0.1671557110512154
SAC3D1,-0.09197068973577593
SACM1L,0.044605727333999035
SACS,0.24564330245131671
SAE1,-0.1265901385795729
SAFB,0.05446853789074613
SAFB2,-0.21726483677873976
SAG,0.2825757868894527
SAGE1,-0.34040781075856763
SALL1,-0.6506947525349684
SALL2,0.2977878011081741
SALL4,0.9014747937938603
SAMD1,-0.06836663723135494
SAMD10,0.05387333196845567
SAMD11,0.059431538129996575
SAMD12,-0.1413670519535719
SAMD13,-0.2701274111065963
SAMD14,0.2575599364681582
SAMD15,0.12720343285891023
SAMD3,0.012687711913789812
SAMD4A,0.13654323030707882
SAMD4B,0.11695406198341729
SAMD5,-0.5423680507381938
SAMD7,0.4198011287621968
SAMD8,0.20168050440198382
SAMD9,0.16771883800743392
SAMD9L,-0.18162233913266723
SAMHD1,0.26556313476121485
SAMM50,-0.027194963408688544
SAMSN1,0.5104908290956006
SAMTOR,-0.019998591210332428
SANBR,-0.17823918982264697
SAP130,0.03569893390516743
SAP18,0.04960140892473408
SAP25,-0.20001389879159026
SAP30,0.19605565719332407
SAP30BP,0.11139970248662934
SAP30L,0.09076918671778067
SAPCD2,-0.13786036824345516
SAR1A,0.03590158325962367
SAR1B,-0.11138255500798078
SARAF,0.09362790936180687
SARDH,-0.5197500440634484
SARM1,0.37817730629006213
SARNP,-0.08490575861884686
SARS1,0.028740008327945432
SARS2,0.07003715895966867
SART1,-0.08918658887024389
SART3,-0.10241821942932727
SASH1,-0.029967347104913777
SASH3,0.21224718544030807
SASS6,0.12997626399505258
SAT1,-0.08675434443237862
SAT2,0.2437726927840984
SATB1,-0.06297831373961582
SATB2,0.16369183084899053
SATL1,-0.15719088473653064
SAV1,0.17452326523529305
SAXO1,0.05839578752971519
SAXO2,-0.24000592956343336
SAXO3,-0.17227046818282732
SAXO4,-0.35817054336112975
SAXO5,-0.6179590915506153
SAYSD1,0.21106634663614887
SBDS,-0.11467051878977674
SBF1,-0.3837036708119823
SBF2,0.06957314001829751
SBK1,0.24526016188567745
SBK2,-0.31038065171620755
SBK3,-0.7707794811456203
SBNO1,-0.08326996339421733
SBNO2,-0.037521951020003996
SBSN,-0.9640841454250799
SBSPON,-0.2840061096703025
SC5D,0.0762058158505381
SCAF1,-0.1383772226818074
SCAF11,0.14730499444010992
SCAF4,-0.14528798412885546
SCAF8,-0.002191833165912982
SCAI,0.0695218505541284
SCAMP1,0.05894119908851003
SCAMP2,0.10844700436929866
SCAMP4,-0.24698849177917026
SCAMP5,0.048281018986470414
SCAND1,0.19602028758770906
SCAP,-0.030138399099556956
SCAPER,-0.35690341960736305
SCARA3,-0.01730034607560249
SCARA5,0.5398958726050851
SCARB1,-0.336054453428698
SCARB2,-0.3490260821257295
SCARF2,0.10342059815185856
SCART1,0.5428702520761595
SCCPDH,0.20274806922892985
SCD,-0.23011521417507375
SCD5,-0.13948893889914604
SCEL,0.3075191694214373
SCFD1,-0.043360998323695554
SCFD2,-0.07894157433657067
SCG2,0.5965698362767946
SCG3,-0.09729239546309029
SCGB1A1,-0.03822292004636596
SCGB1C1,-0.29083728744096726
SCGB1D1,-0.08900210387567355
SCGB1D2,0.21665342108854185
SCGB1D4,0.7772806044473579
SCGB2A1,0.01182336566171005
SCGB2A2,-0.03246313710848714
SCGB2B2,0.09998737603009644
SCGB3A1,-0.8142544865379377
SCGB3A2,0.39345340229149395
SCGN,0.08625077726053143
SCHIP1,0.5067214000227722
SCIMP,-1.3834465208933764
SCIN,0.666737576039252
SCLT1,0.03261452479007332
SCLY,-0.1674567646621874
SCMH1,0.0748582293460025
SCML1,6.370715844461472e-05
SCML2,-0.10089088481155573
SCML4,0.29372883635167835
SCN10A,-0.07430354317493426
SCN11A,0.17368537027277764
SCN1A,-0.21804892018211386
SCN1B,-0.46358717484499934
SCN2A,-0.025663161070605178
SCN2B,0.11610318158238703
SCN3A,-0.13496808166692453
SCN3B,-0.26265274250910675
SCN4A,-0.45489830824407573
SCN4B,0.3049694345094611
SCN5A,-0.10022863790102576
SCN7A,-0.8073759905649419
SCN8A,-0.07646781108657486
SCN9A,0.054831003027294045
SCNM1,0.08043014443228014
SCNN1A,0.17503789215544874
SCNN1B,-0.7745104706136466
SCNN1D,0.22194973889998582
SCNN1G,0.10335318030561846
SCO1,-0.2622833847289412
SCO2,0.03382901273845906
SCOC,-0.33255274705594706
SCP2,-0.1280696859970858
SCP2D1,-0.930470882408972
SCPEP1,0.06205897174933961
SCPPPQ1,1.0278056600101553
SCRG1,-0.5900666542540174
SCRN1,0.03294622594903185
SCRN2,0.007436894869500499
SCRN3,0.14999556538403258
SCRT1,-0.20204121793693997
SCRT2,-0.10658447094887213
SCTR,0.33441267182933265
SCUBE1,-0.48661636740647407
SCUBE2,0.4383813641477947
SCUBE3,0.4872679027187351
SCX,-0.32263717005017944
SCYGR1,-0.05830832294248811
SCYGR10,-0.14278131073090203
SCYGR2,0.6242005073674011
SCYGR3,-0.17500915688322335
SCYGR4,0.0008406339931443241
SCYGR5,-0.9396214601868321
SCYGR6,0.0029337758054149288
SCYGR7,-0.3384486130056268
SCYGR8,-0.5962014715781724
SCYL1,0.0416943895771924
SCYL2,0.04783840168465403
SCYL3,0.00590635580872334
SDAD1,-0.11898981122811891
SDC1,-0.1467498457580798
SDC2,-0.13954819851603828
SDC3,0.3811410391695418
SDC4,-1.0251456710924898
SDCBP,0.1898016197770982
SDCBP2,-0.439181791165432
SDE2,0.11469161032991071
SDF2,-0.07142624367612083
SDF2L1,-0.0795717568987353
SDF4,-0.04448075794156736
SDHA,0.24401604211479366
SDHAF1,-0.18031990154653688
SDHAF2,0.05126960605038278
SDHAF3,0.1705826296170878
SDHAF4,-0.14983611896358884
SDHB,-0.06422387709344246
SDHC,0.1285820240450377
SDHD,-0.12476022389202424
SDK1,0.2581982915658658
SDK2,-0.5680406074205774
SDR16C5,-0.8886486046102959
SDR39U1,-0.07647413096985822
SDR42E1,0.11459125321924701
SDR42E2,-0.05824089355981399
SDR9C7,-0.45847779687907425
SDS,-0.06847379805648801
SDSL,-0.06056332237260964
SEBOX,0.703059496387366
SEC11A,0.0042028889468301855
SEC11C,0.015532914166284328
SEC13,-0.07815197993385592
SEC14L1,-0.17064443720324007
SEC14L2,-0.31644844497641733
SEC14L3,0.7904298666907866
SEC14L4,-0.20907773744710434
SEC14L5,-0.23226682203592164
SEC14L6,-0.32695275667683454
SEC16A,-0.19852286306568168
SEC16B,0.2479647568816713
SEC22A,-0.09188071892599581
SEC22B,0.14637184733508635
SEC22C,0.06508177138527937
SEC23A,-0.1360414374711767
SEC23B,0.0807368141559568
SEC23IP,-0.08771645515234461
SEC24A,-0.04205861240092812
SEC24B,-0.10806181337381471
SEC24C,-0.02300114575970813
SEC24D,1.6055982166020855
SEC31A,0.13517884767438915
SEC31B,0.17711917507941366
SEC61A1,-0.003484427770056975
SEC61A2,-0.08432475482725366
SEC61B,0.052531401089090046
SEC61G,0.14454952338640492
SEC62,0.14490349767054234
SEC63,0.06416712745415154
SECISBP2,-0.005324478078541084
SECISBP2L,-0.0780108103749475
SECTM1,-0.2686255738881018
SEH1L,-0.0841091065889703
SEL1L,0.19307272451340562
SEL1L2,-1.1562189160094403
SEL1L3,0.12457448090648504
SELE,-0.5190940929031411
SELENBP1,-0.028293105907195915
SELENOF,0.1174179978202412
SELENOH,-0.094647120509463
SELENOI,-0.1524157299232849
SELENOK,0.15969671462763646
SELENOM,0.5204276283637949
SELENON,-0.3141096433542814
SELENOO,-0.024449119135097064
SELENOP,-0.6001533875012468
SELENOS,-0.13339825497745927
SELENOT,0.1681475610379053
SELENOV,-0.09080598298354214
SELENOW,-0.11447632738708702
SELL,-0.20695873615930882
SELP,0.04350586984124669
SELPLG,0.005875688306028692
SEM1,0.2515956745466781
SEMA3A,0.03384811631913298
SEMA3B,0.9521989025901756
SEMA3C,0.13907798754655465
SEMA3D,0.06575182278966096
SEMA3E,1.160979779012488
SEMA3F,0.06609312580806481
SEMA3G,-0.09928808431260183
SEMA4A,-0.09881311455940534
SEMA4B,-0.517467035318399
SEMA4C,0.20506950936300328
SEMA4D,0.010077423297587096
SEMA4F,0.15286300643734307
SEMA4G,0.051358048529925426
SEMA5A,0.8857564313731102
SEMA5B,0.08166254418607588
SEMA6A,0.7599288414339528
SEMA6B,0.38887963099060685
SEMA6C,-0.18467461883344072
SEMA6D,-0.8068920304575398
SEMA7A,-0.14534648941380102
SEMG1,-0.7870830430786822
SEMG2,0.6882556559967372
SENP1,0.18783656435464646
SENP2,0.3212505048290426
SENP3,0.09097158693525653
SENP3-EIF4A1,-0.03818166254681854
SENP5,-0.0937152673475703
SENP6,-0.11540848059095676
SENP7,0.07675608924408461
SENP8,-0.3186885919492024
SEPHS1,-0.11061654596859505
SEPHS2,-0.05854071050412424
SEPSECS,0.13764404129573382
SEPTIN1,0.130324018072701
SEPTIN10,-0.7112984460598374
SEPTIN11,-0.023698396035074953
SEPTIN12,-0.2778863752608438
SEPTIN14,0.4898019495835565
SEPTIN2,0.04974225697600865
SEPTIN3,-0.5413106540153519
SEPTIN4,0.45236206003525153
SEPTIN5,0.1329434514381913
SEPTIN6,-0.3411878557526782
SEPTIN7,0.04855028979849685
SEPTIN8,-0.14859537496099562
SERAC1,0.14393952185726366
SERBP1,-0.044093450120479716
SERF2,-0.2169831473548598
SERGEF,-0.05939124482350522
SERHL2,-0.5660843376935085
SERINC1,0.11825685502155636
SERINC2,0.2758529475612378
SERINC3,-0.11826852950270705
SERINC4,0.13922746362169747
SERINC5,0.11939856396792514
SERP1,0.1562274573487601
SERP2,-0.8790975644318859
SERPINA11,-0.2874988360320886
SERPINA12,0.039973581769559854
SERPINA2,-0.6281221586086732
SERPINA3,0.9947475955854452
SERPINA4,0.04904422010568649
SERPINA5,0.04904445662128537
SERPINA7,1.143851935964988
SERPINA9,-0.37643399827069857
SERPINB1,0.9758612595554932
SERPINB10,0.6814843166079604
SERPINB11,0.2922078066666214
SERPINB12,0.43882271253613325
SERPINB13,0.05187100400656841
SERPINB2,-2.2313924691064564
SERPINB3,0.4809760660935323
SERPINB4,-1.5020657739839294e-07
SERPINB5,-0.21933562529767825
SERPINB6,0.10052656442118652
SERPINB7,0.3937564480691147
SERPINB8,0.15787844749574464
SERPINB9,-0.08260092942200159
SERPINC1,0.5401919833855495
SERPIND1,-0.2985910465308613
SERPINE1,-0.08791220822785117
SERPINE2,0.019339281735153868
SERPINE3,0.1946237269680824
SERPINF2,-0.3897869352725156
SERPING1,-0.4735592004558269
SERPINH1,0.3241781715429184
SERPINI1,0.0
SERPINI2,0.0
SERTAD1,-0.054870003840975734
SERTAD2,-0.14562917957785526
SERTAD3,-0.0533199311436654
SERTAD4,0.18391349305811966
SERTM1,-0.5139977814598135
SERTM2,-0.4322726749052039
SESN1,0.08133511844467911
SESN2,-0.20249995780183383
SESN3,0.2716394669124189
SESTD1,0.06522311590904639
SET,0.11888801702238933
SETBP1,-0.5545844311440815
SETD1A,0.028319141906211875
SETD1B,-0.0782903637260901
SETD2,-0.01866682772079553
SETD3,-0.035599174333310835
SETD4,-0.6674815047461073
SETD5,-0.15711937171611812
SETD6,-0.11043032617310933
SETD7,0.1420835941372709
SETD9,-0.10353910683590595
SETDB1,-0.020006115045229755
SETDB2,-0.05933913877679764
SETMAR,0.03160289802326055
SETSIP,0.4679263668066944
SETX,0.2543122724740945
SEZ6,-0.2769680219844979
SEZ6L,-0.17873052022423183
SEZ6L2,-0.15002540932912378
SF1,-0.04748915159153544
SF3A1,0.07617182277218948
SF3A2,-0.00030780158236431987
SF3A3,0.14826208030019838
SF3B1,0.1027232595402836
SF3B2,-0.05932164356225833
SF3B3,0.28181972372073893
SF3B4,0.042176407517429126
SF3B5,0.17268036505223083
SF3B6,0.03381612216101981
SFI1,0.5332119942756195
SFMBT1,-0.23618972758347745
SFMBT2,-0.03515220572436473
SFN,-0.19922801654041944
SFPQ,-0.155961467104742
SFR1,0.04081730848946563
SFRP1,-0.3211875082905261
SFRP2,-0.18939872776385414
SFRP4,-1.1116628759542218
SFRP5,0.5478650630880182
SFSWAP,0.15856772827895593
SFT2D1,0.36753465076745195
SFT2D2,0.01883588461619201
SFT2D3,0.0473664409596779
SFTA3,-0.15140957900716945
SFTPA1,-0.2075130699815546
SFTPA2,-0.33617947278713467
SFTPB,-1.1495290765314026
SFTPC,-0.25901211582672934
SFTPD,-0.011537063285676386
SFXN1,-0.17848998468833444
SFXN2,0.00012982466800526282
SFXN3,0.03508719509680347
SFXN4,-0.12988389854116988
SFXN5,0.3830525214087795
SGCA,0.45549696316446286
SGCB,-0.08659328403099043
SGCD,1.1551604359035366
SGCE,-0.14912616961863523
SGCG,2.0792493433196944
SGCZ,-0.1925527801969122
SGF29,0.3649767615851651
SGIP1,0.6192005653708414
SGK1,0.9099745564457944
SGK2,0.18674596899281887
SGK3,-0.2711039960856798
SGMS1,-0.008056871862593518
SGMS2,-0.7867736797255546
SGO1,0.15976232789214428
SGO2,0.06212066489449519
SGPL1,0.29877103048013165
SGPP1,-0.06731654983762914
SGPP2,0.9990753253655854
SGSH,0.08456306945212155
SGSM1,0.1359666471758043
SGSM2,-0.062394862352157965
SGSM3,0.023455335321342474
SGTA,-0.0768973896357954
SGTB,-0.12680509502623227
SH2B1,-0.10656325556981816
SH2B2,-0.14248240405100443
SH2B3,-0.03256347234125645
SH2D1A,-0.0018797605302354192
SH2D1B,0.05653517500189231
SH2D2A,0.1413680735404652
SH2D3A,0.02625292705727489
SH2D3C,-0.038985009306331087
SH2D4A,-0.4200132979959601
SH2D4B,-0.1550890415411726
SH2D5,-0.2877283268631956
SH2D6,0.024157912615105026
SH2D7,-0.05482040647317987
SH3BGR,0.2855119469454044
SH3BGRL,-0.22235987669952317
SH3BGRL2,0.07644036149022138
SH3BGRL3,-0.1192475041352612
SH3BP1,0.11804241864837595
SH3BP2,-0.14608664856003983
SH3BP4,-0.3369956849466207
SH3BP5,-0.13026323198646322
SH3BP5L,0.04685170441428799
SH3D19,0.23284484056248722
SH3D21,0.05151960204752726
SH3GL1,0.17736470111642344
SH3GL2,0.07127555506274819
SH3GL3,0.2166457641959596
SH3GLB1,0.15827327593514262
SH3GLB2,0.0964066255125049
SH3KBP1,-0.07224723083442841
SH3PXD2A,0.0652929747719182
SH3PXD2B,0.18117637789692198
SH3RF1,-0.21726427896386902
SH3RF2,-0.22250812439423262
SH3RF3,0.11890590344747576
SH3TC1,-0.9888493500876742
SH3TC2,-0.5878140756829433
SH3YL1,0.27527842263891045
SHANK1,-0.2685303637743379
SHANK2,-0.246365847190496
SHANK3,0.440248786672067
SHARPIN,-0.5435066866431315
SHB,-0.09731622608685342
SHBG,-0.04907860878048709
SHC1,-0.054477478107096466
SHC2,-0.798461760097303
SHC3,-0.3515394816797981
SHC4,0.26717916792074914
SHCBP1,0.02517553101269243
SHCBP1L,0.07783940519644328
SHD,-0.6122049922903043
SHE,0.19642017222684696
SHF,0.09534067716425909
SHFL,0.07527427311495671
SHH,0.9368551899732899
SHISA2,-0.10523684964825186
SHISA3,-0.4169209408511687
SHISA4,-0.00465205752081177
SHISA5,0.16509548201074553
SHISA6,-0.7146529678317257
SHISA7,0.6634720494003963
SHISA8,-0.3518788958618235
SHISA9,-0.2588518234352374
SHISAL1,0.2974055759558404
SHISAL2A,-0.8672670352350363
SHISAL2B,-0.3469090519014056
SHKBP1,-0.03505586154713658
SHLD1,0.11018083417349178
SHLD2,-0.05715528696339156
SHLD3,0.08438218327399571
SHMT1,-0.07368336775254924
SHMT2,0.4211864847158475
SHOC1,-1.130999717402327
SHOC2,0.029163217864332402
SHOX2,0.21532680797221682
SHPK,0.07693219593268452
SHPRH,0.09530537008387885
SHQ1,-1.2804203149797946
SHROOM1,-0.18545779598896717
SHROOM2,-0.759304536178449
SHROOM3,1.2791886274353876
SHROOM4,0.760798102419371
SHTN1,2.050018083222429
SI,0.6717383539121986
SIAE,0.3597474444228279
SIAH1,0.3366788820151374
SIAH2,0.07540624188280542
SIAH3,0.26480667857962525
SIDT1,-0.004670236287869223
SIDT2,-0.012914211046570756
SIGIRR,-0.5756157848756296
SIGLEC1,-0.17476491542458306
SIGLEC10,-0.5897435503746409
SIGLEC11,-0.27223146107871843
SIGLEC12,0.11747415831330976
SIGLEC14,-1.127339323728278
SIGLEC15,0.1455476932417583
SIGLEC16,-0.2827813842910474
SIGLEC5,0.5678218539822621
SIGLEC6,0.5002752982445173
SIGLEC7,0.12221924468384415
SIGLEC8,-0.40572186968095303
SIGLEC9,-0.419045452958548
SIGLECL1,-0.025195782665458077
SIGMAR1,0.10000150847612144
SIK1,0.4641605247611844
SIK2,-0.11091585227908407
SIK3,0.10855463706664148
SIKE1,-0.009403838063171577
SIL1,-0.07321425915974178
SIM1,0.0
SIM2,-0.07825647173311767
SIMC1,-0.23886142477372363
SIN3A,0.1975658268790017
SIN3B,0.2616811013676399
SIPA1,-0.12349800748224737
SIPA1L1,0.036230989822907844
SIPA1L2,-0.11127860002833856
SIPA1L3,-0.19671873637771675
SIRPA,0.30409934669277505
SIRPB1,-0.14433134031460026
SIRPB2,-0.1540766108239804
SIRPD,-0.20293442873010215
SIRPG,0.04396587016400133
SIRT1,-0.20286274312361297
SIRT2,-0.003927917168462081
SIRT3,0.1503616932846743
SIRT4,0.016978491654106698
SIRT5,-0.1762607313827118
SIRT6,-0.15372195221133111
SIRT7,0.08016241191137385
SIT1,-0.3253236932419492
SIVA1,-0.12365494826052892
SIX1,-0.1348840331808045
SIX2,0.401437951797708
SIX3,-0.04491711849784519
SIX4,-0.25808463469526144
SIX5,-0.09854593768882847
SIX6,-0.07518197904547463
SKA2,0.029327174731262673
SKA3,-0.07917887306662319
SKAP1,-0.02132996601015824
SKAP2,0.2737581106200556
SKI,-0.10101014569125688
SKIC3,-0.006625223994576324
SKIC8,-0.023844388079903744
SKIDA1,-0.11940981143569296
SKIL,-0.06156666910910502
SKOR1,-1.033123696170203
SKOR2,0.6962019362141303
SKP1,-0.04268887661883891
SKP2,-0.007772945226681038
SLA,-0.7358291204254042
SLA2,-0.0071990365911061005
SLAIN1,0.07230981185812535
SLAIN2,0.011980886929152668
SLAMF1,0.42243666937194513
SLAMF6,0.5185354253307957
SLAMF7,1.1504776389430489
SLAMF8,0.40236244566738977
SLAMF9,-0.341660940235645
SLBP,-0.1715226753837662
SLC10A1,0.2570556826304009
SLC10A2,0.31626985042716504
SLC10A3,-0.09565396848391838
SLC10A4,0.0708560039788744
SLC10A5,0.016830297302508068
SLC10A6,-0.8490645446005872
SLC10A7,0.05252264429984965
SLC11A1,-0.7108027002877919
SLC11A2,-0.5124389913616225
SLC12A1,0.1975662506772684
SLC12A2,-0.042111533612049
SLC12A3,0.8599616993740484
SLC12A4,-0.18814933631431607
SLC12A5,0.11195017409197083
SLC12A6,-0.35699198803515664
SLC12A8,0.0785042740863397
SLC12A9,-0.022134887350681254
SLC13A1,0.6315902419708412
SLC13A2,0.19345717723059064
SLC13A3,0.3575117148555537
SLC13A4,-0.47013936863938127
SLC13A5,-0.655393132454061
SLC14A1,-0.0005502262399046387
SLC14A2,-0.224941281259035
SLC15A1,0.15201680831217504
SLC15A2,-0.6307288668989914
SLC15A3,0.08623111431910035
SLC15A4,-0.046666508933416395
SLC15A5,-0.5371185845731379
SLC16A1,0.062617360183995
SLC16A10,-0.3107229174340862
SLC16A11,-0.022941598586116774
SLC16A12,1.578887852508111
SLC16A13,0.051059668409611625
SLC16A14,0.002074520967720872
SLC16A2,-0.44119164858015747
SLC16A3,-0.008326405772279832
SLC16A4,1.5259790691080886
SLC16A5,-0.1902767641687868
SLC16A6,-0.06831857719696899
SLC16A7,0.06745735501780903
SLC16A8,-0.2032149311177338
SLC16A9,-0.03635445440261226
SLC17A1,-0.03377545953772598
SLC17A2,1.0545104478650427
SLC17A3,-0.33156536550631244
SLC17A4,0.13553636091580512
SLC17A5,-0.03883774464626644
SLC17A6,0.39954136928255113
SLC17A7,-0.05047959889007858
SLC17A8,0.13197847750876135
SLC17A9,0.2933576789556933
SLC18A1,1.3577846726115563
SLC18A2,-0.32539636786390225
SLC18A3,-1.2183670932659791
SLC18B1,-0.037090575409234106
SLC19A1,0.5001463400552091
SLC19A2,0.034537002511529025
SLC19A3,0.43243868767811544
SLC1A1,1.2493498747464524
SLC1A2,0.2475766753425993
SLC1A3,-0.8681022945427154
SLC1A4,-0.26850816187552784
SLC1A5,0.1628512472702912
SLC1A6,-0.9799388441261407
SLC1A7,-0.1714783824058706
SLC20A1,-0.11497236926564014
SLC20A2,0.023463782195522143
SLC22A1,0.5176812248887981
SLC22A10,1.1542866400283875
SLC22A11,0.09616773574249504
SLC22A12,0.35191559998712213
SLC22A13,0.08250682351171523
SLC22A14,0.9206827236928046
SLC22A15,1.4894454253842002
SLC22A16,-1.201890772106416
SLC22A17,0.12733481937278412
SLC22A2,0.01647833456418768
SLC22A23,0.3129679180839151
SLC22A24,-0.814854581401009
SLC22A25,-0.2505154814792898
SLC22A3,-0.7810240263759146
SLC22A31,-1.0358606992745247
SLC22A4,-0.1989805143384018
SLC22A5,0.04778492904145981
SLC22A6,0.2929692416645116
SLC22A7,-0.5103424511965484
SLC22A8,-0.7580347336578224
SLC22A9,0.6161443304466163
SLC23A1,-0.3688773694597729
SLC23A2,-0.16292740636150688
SLC23A3,0.03756157025022672
SLC24A1,-0.2256940611285092
SLC24A2,1.307418940860647
SLC24A3,0.13559814736555817
SLC24A4,-0.5109471398614251
SLC24A5,-0.05920594723158251
SLC25A1,-0.16046869602856528
SLC25A10,0.023487921340395346
SLC25A11,-0.11125903815412741
SLC25A12,-0.22829345833910786
SLC25A13,0.005623433655491006
SLC25A14,-0.3138596984031796
SLC25A15,0.09965580308241684
SLC25A16,-0.10838784831641846
SLC25A17,-0.015382735343528076
SLC25A18,-0.2907940219730621
SLC25A19,-0.02507150141968939
SLC25A2,0.5240213843891225
SLC25A20,0.08725161597675246
SLC25A21,-0.2508377961345025
SLC25A22,-0.14216204140417066
SLC25A23,0.17021177565698142
SLC25A24,-0.06903392895671612
SLC25A25,0.004625337738880297
SLC25A26,0.13840332335465633
SLC25A27,-0.008860509043171483
SLC25A28,0.20952758093153467
SLC25A29,-0.07455201886559237
SLC25A3,-0.07606893853209495
SLC25A30,0.01018920550386504
SLC25A31,0.4421828731721784
SLC25A32,-0.07683424786635928
SLC25A33,-0.047142489708792645
SLC25A34,-0.9509824761724237
SLC25A35,-0.22164625024810558
SLC25A36,0.14740016703648262
SLC25A37,-0.051413860685776136
SLC25A38,0.04366881978183734
SLC25A39,0.13728118870081918
SLC25A4,0.36271996555061126
SLC25A40,-0.09378672988064629
SLC25A41,0.20315927933068556
SLC25A42,0.04383370438041645
SLC25A43,-0.238994655990457
SLC25A44,0.22105938416670678
SLC25A45,0.018968783976479386
SLC25A46,-0.06726400630697693
SLC25A47,0.11289587736869455
SLC25A48,-0.3485258493891063
SLC25A5,-0.09965757436738265
SLC25A51,-0.20212923946296435
SLC25A52,0.5381590901645064
SLC25A53,-0.09426734203184761
SLC26A1,0.023529175113829348
SLC26A11,-0.11951550522141297
SLC26A2,-0.1114071893085864
SLC26A3,-0.11767000252260429
SLC26A4,0.5347155436727735
SLC26A5,0.5553933912625398
SLC26A6,0.1693304390230077
SLC26A7,-0.21698942188349635
SLC26A8,-0.5005175043990059
SLC26A9,-0.1635552513722911
SLC27A1,0.22054427243457297
SLC27A2,-0.2766657277517708
SLC27A4,-0.0862643423528846
SLC27A5,0.06565464179900138
SLC27A6,0.331520775545151
SLC28A1,-0.43562441846835515
SLC28A2,0.09429118279227977
SLC28A3,0.11384250958309466
SLC29A1,-0.45963367723622817
SLC29A2,-0.0612001762816492
SLC29A3,-0.1377153839628873
SLC29A4,-0.820717769651194
SLC2A1,-0.21851505130752003
SLC2A10,-0.67745305773827
SLC2A12,0.1033955894379075
SLC2A13,-0.02394812646037181
SLC2A14,-0.0651221439748575
SLC2A2,-0.3590509507984352
SLC2A3,-0.0024531340601403606
SLC2A4,-0.18725098176058275
SLC2A4RG,-0.05289550853240854
SLC2A5,0.8447512299237314
SLC2A6,0.19418635006642315
SLC2A7,-1.439791541938003
SLC2A8,-0.02561816493336977
SLC2A9,0.15005639751448285
SLC30A1,0.33280961292978706
SLC30A10,-0.3829968988654511
SLC30A2,0.4398690291928429
SLC30A3,0.11881604754272859
SLC30A4,0.07561797746284382
SLC30A5,-0.1646552401619914
SLC30A6,-0.19719832892339006
SLC30A7,0.19099077441236734
SLC30A8,-0.95448055466896
SLC30A9,0.2032150354401372
SLC31A1,0.02405290795468229
SLC31A2,-0.2706344086197783
SLC32A1,0.2156443286885814
SLC33A1,-0.055229067801753295
SLC34A1,0.3261777617899404
SLC34A2,0.3347035666875233
SLC34A3,-0.2775675739477581
SLC35A1,0.27304920967319846
SLC35A2,-0.07136481052762811
SLC35A3,-0.20389400001930547
SLC35A4,-0.18542416478218904
SLC35A5,0.020817230536811948
SLC35B1,0.04503918026549858
SLC35B2,0.1422739498658956
SLC35B3,0.3549439778259327
SLC35B4,-0.11978448032864897
SLC35C1,0.14714704497392717
SLC35C2,-0.018707161594364585
SLC35D1,0.10220668469014615
SLC35D2,0.3551122221831191
SLC35D3,-0.19159204741098312
SLC35E1,-0.0848730180901689
SLC35E2B,-0.12013445122191424
SLC35E3,0.0579392717308469
SLC35E4,0.08052694496335189
SLC35F1,0.20340539577649053
SLC35F2,-0.3467914470946454
SLC35F3,-0.3043711335068453
SLC35F4,0.230359424721993
SLC35F5,0.1328823973763953
SLC35F6,0.09243700280622713
SLC35G1,0.17233668640405675
SLC35G2,0.28325122574531836
SLC35G3,0.24725404892415548
SLC35G4,-0.8871543699338387
SLC35G5,-0.942394523092372
SLC35G6,-0.6933585523098076
SLC36A1,-0.14246002401523594
SLC36A2,0.2539857869667218
SLC36A3,0.1434351934494824
SLC36A4,0.1316499853901032
SLC37A1,-0.06024184484450679
SLC37A2,-1.363362059485948
SLC37A3,-0.11039127198647125
SLC37A4,-0.26549407989078855
SLC38A1,-0.3657413838749255
SLC38A10,-0.20761283603576874
SLC38A11,-0.7863840217401219
SLC38A2,-0.030096693158469634
SLC38A3,-0.12009527103129791
SLC38A4,0.48053192832998937
SLC38A5,-0.8780360634414514
SLC38A6,0.1869321508078352
SLC38A7,-0.005746485328893769
SLC38A8,0.5831534991367753
SLC38A9,0.10421719007216024
SLC39A1,0.0928260464551176
SLC39A10,0.049233414876167836
SLC39A11,-0.07485827013265478
SLC39A12,0.4557650219525382
SLC39A13,-0.10732812660568092
SLC39A14,0.007024154038337116
SLC39A2,0.7514500165355623
SLC39A3,-0.02357286224940136
SLC39A4,0.05265772173858063
SLC39A5,-0.6056227063874519
SLC39A6,0.06712806521490489
SLC39A8,-0.10171670922532394
SLC39A9,0.297227438643378
SLC3A1,-0.28292099627765777
SLC3A2,0.07599847993760456
SLC40A1,-0.790662750223724
SLC41A1,-0.06100095068420419
SLC41A2,0.13816803871415217
SLC41A3,-0.12787499651775047
SLC43A1,-0.11570270895637957
SLC43A3,-0.08323199541836468
SLC44A1,-0.01734456118443184
SLC44A2,0.02033157566567656
SLC44A3,-1.1592163183393027
SLC44A5,-1.3243767846499779
SLC45A1,-0.026713436364941723
SLC45A2,-0.20823507257340712
SLC45A3,0.16694386679645845
SLC45A4,0.060691478175464386
SLC46A1,-0.22515622004112412
SLC46A2,1.4854019370068186
SLC46A3,0.2334592626944314
SLC47A1,-0.44194190755444324
SLC47A2,-0.014564361448869967
SLC48A1,0.13207702074378624
SLC49A3,0.05763164708972068
SLC49A4,-0.015098836382448688
SLC4A1,0.6797367257441493
SLC4A10,-0.5972658518494454
SLC4A11,-0.03795840401457351
SLC4A1AP,-0.032338737778198734
SLC4A2,-0.05096166394102486
SLC4A3,0.9316912328123483
SLC4A4,1.0805373135672722
SLC4A5,-0.47297729855349857
SLC4A7,0.057933310875603716
SLC4A8,0.05441583657403104
SLC4A9,0.07507816552377333
SLC50A1,-0.07569238838317904
SLC51A,-0.5786049440105915
SLC51B,0.5462811400337484
SLC52A1,0.5140889837428209
SLC52A2,-0.48216367915844227
SLC52A3,0.07704820836945636
SLC5A1,-0.8555368413889435
SLC5A10,0.7451364756004164
SLC5A11,-0.8710231094381886
SLC5A12,-1.2007295878168975
SLC5A2,0.1198417397581551
SLC5A3,0.40759099448708813
SLC5A4,-0.1898015927067549
SLC5A5,-1.0129504923856372
SLC5A6,-0.13554638508333294
SLC5A7,-0.037874605228834124
SLC5A9,0.2023398143504287
SLC66A1,0.10727768485442635
SLC66A2,0.013314075431071437
SLC66A3,-0.06876642595338467
SLC6A1,-0.2621616242860055
SLC6A11,0.5751739731002246
SLC6A12,0.020134476763826736
SLC6A13,0.1907658873272572
SLC6A14,0.6029650419899864
SLC6A15,0.6598538723219742
SLC6A16,-0.12763394228612318
SLC6A17,-0.13246306929075669
SLC6A18,0.2576919006367302
SLC6A19,0.08543775455193203
SLC6A2,-0.5379029120072976
SLC6A20,-0.029270210714587686
SLC6A4,-0.03666857557120862
SLC6A5,0.389881872357684
SLC6A6,-0.17919585208028455
SLC6A7,0.56833487314503
SLC6A8,-0.3275063438920829
SLC6A9,0.1863332650147287
SLC7A1,-0.07214118809581915
SLC7A10,0.5440584571329629
SLC7A11,0.35347525922215484
SLC7A13,0.8744749440188093
SLC7A14,0.29135547926067124
SLC7A2,0.6342146060583881
SLC7A3,0.16125959247485772
SLC7A4,0.0588009449507407
SLC7A5,-0.20683847954745804
SLC7A6,-0.11126529313107625
SLC7A6OS,0.040009476535499466
SLC7A7,-0.17498961967006732
SLC7A8,-0.2939995741136413
SLC7A9,0.1954101644940729
SLC8A1,-0.5015898388407577
SLC8A2,0.30815584205029056
SLC8A3,0.13830345331424354
SLC8B1,-0.26124632346591703
SLC9A1,0.7434072326418169
SLC9A2,0.43133717437361496
SLC9A4,0.3060191429246053
SLC9A5,-0.04033671351500434
SLC9A6,0.14161097715362736
SLC9A7,0.07547923895181263
SLC9A8,-0.13104565359974618
SLC9A9,0.1621238886749614
SLC9B1,-0.007304588582909499
SLC9B2,1.4770084690048357
SLC9C1,0.24141046769655916
SLC9C2,-0.7418881834570347
SLCO1A2,-0.8667199415042794
SLCO1B1,0.30326192165092114
SLCO1B3,0.7385880061451144
SLCO1B3-SLCO1B7,0.5786439695827112
SLCO1C1,-0.560509920583736
SLCO2A1,0.19900668079500328
SLCO2B1,0.4500856794743162
SLCO3A1,0.06244282025033421
SLCO4A1,0.043376868868715945
SLCO4C1,-0.5143394667500698
SLCO5A1,0.3413877515688508
SLCO6A1,0.05812596692289686
SLF1,0.03910958029588052
SLF2,0.10399715563991219
SLFN11,0.16302791215409318
SLFN12,0.4769323322932246
SLFN12L,-0.2490654693476484
SLFN13,-0.23133629873033257
SLFN14,-0.21689365476755085
SLFN5,0.10376354539075372
SLFNL1,-0.186980285629895
SLIRP,0.08476861447275574
SLIT1,-0.14410146892646214
SLIT2,0.6111653584832148
SLIT3,0.7649547075572579
SLITRK1,-0.16897920174984127
SLITRK2,-0.10223153313421363
SLITRK3,-0.17555255694310046
SLITRK4,0.1234543648626727
SLITRK5,-0.022748287904459374
SLITRK6,0.3716878712601388
SLK,-0.0698565255143615
SLMAP,-0.041201927990310416
SLN,0.2438046011548892
SLPI,0.47722503199570887
SLTM,-0.1558808016415485
SLU7,0.04305469839889131
SLURP1,0.2736750277214004
SLURP2,0.07994468826469558
SLX1A,0.0
SLX4,0.08489765335841692
SLX4IP,0.18933083299079723
SLX9,-0.09768976015618058
SMAD1,-0.26658189879087546
SMAD2,-0.06866926442162047
SMAD3,-0.08772257760416835
SMAD4,0.4873055666612628
SMAD5,-0.03827954199944106
SMAD6,-0.0885841840281767
SMAD7,-0.24260555724024968
SMAD9,-0.5094554529732149
SMAGP,-0.13141954288047009
SMAP1,-0.2827832455469945
SMAP2,0.26647611201364513
SMARCA1,0.5504990007448733
SMARCA2,0.5381363048736233
SMARCA4,-0.0688435492398689
SMARCA5,-0.04263621143592822
SMARCAD1,0.24044927349050926
SMARCAL1,0.007190526351784854
SMARCC1,0.022348252288451498
SMARCC2,-0.1029600047896091
SMARCD1,-0.05027069585940591
SMARCD2,-0.02070638205808173
SMARCD3,0.10166139098442484
SMARCE1,0.08639155872806459
SMC1A,0.05907525363564581
SMC1B,-0.1095130686312098
SMC2,0.1461651004718556
SMC3,0.1576726477747874
SMC4,-0.05775313046481223
SMC5,0.09764332989761115
SMC6,0.5769649535387659
SMCHD1,0.030234048414472525
SMCO1,-0.23612597167977495
SMCO2,0.7766359609770135
SMCO3,1.0807044807257902
SMCO4,-0.11515275898106037
SMCP,0.6311914050729193
SMCR8,0.04491329479985939
SMG1,-0.06777819612089075
SMG5,-0.06542823932122666
SMG6,-0.2637497030704328
SMG7,0.06897535861124826
SMG8,0.19475524145498735
SMG9,-0.2645509169884521
SMIM1,0.17467721931669633
SMIM10,0.1021209631798925
SMIM10L2A,-0.13409510693590931
SMIM10L2B,0.040888607625308104
SMIM10L2B-AS1,0.45271196795985646
SMIM10L3,-0.09237132036958773
SMIM11,0.06359590128275672
SMIM12,0.148483775921612
SMIM13,-0.04776041683791199
SMIM14,0.025301283243140738
SMIM15,0.14259974800702402
SMIM17,0.09641456224505474
SMIM18,-0.12648788939152855
SMIM19,0.06861509842582514
SMIM20,-0.1911452364593298
SMIM21,0.6137976677850455
SMIM22,-0.27907410485730555
SMIM23,-0.9510074814709649
SMIM24,-0.4144280423251945
SMIM26,-0.10588052652613111
SMIM27,0.10583058332348827
SMIM28,0.4606050013019932
SMIM29,-0.13863765008712914
SMIM3,-0.05227637666711704
SMIM30,-0.03296277437201356
SMIM31,-0.693966968511156
SMIM32,-0.6425897073405644
SMIM33,-0.29858164176125346
SMIM35,-0.2747727760316158
SMIM36,0.3730408425927839
SMIM38,0.5659866891600809
SMIM39,-0.07144241164317577
SMIM41,0.04121905975384066
SMIM42,0.5383532043612894
SMIM43,-0.6127385033958535
SMIM44,0.6840049834554724
SMIM45,-0.09152322042740213
SMIM46,0.07835233520416052
SMIM47,-0.23386903274623982
SMIM5,0.0022704377850386592
SMIM6,0.3864377517282779
SMIM7,-0.10827195148947943
SMIM8,0.10571472738615739
SMIM9,1.1832084124413393
SMKR1,0.1286282791190403
SMLR1,-1.2511120832475666
SMNDC1,0.1386042672942791
SMO,-0.020329965729281696
SMOC1,-0.6682654833975192
SMOC2,-0.6339771128068293
SMOX,-0.2356003629277209
SMPD1,0.005929419245501499
SMPD2,-0.1322991484577809
SMPD3,-0.0511151061614914
SMPD4,-0.18505967301018078
SMPDL3A,-0.32370757083046986
SMPDL3B,0.8871484140908217
SMPX,-0.00798595179292172
SMR3A,-0.1312776356958747
SMR3B,0.5094999867691539
SMS,0.40966307768121135
SMTN,-0.5757477692928419
SMTNL1,-0.2605618488796091
SMTNL2,0.2286154152539681
SMU1,0.1562985896545781
SMUG1,-0.03731553258025677
SMURF1,0.07928697524606099
SMURF2,0.1305538484364832
SMYD1,0.15808931889836586
SMYD2,0.1494081086999115
SMYD3,0.042034578549946744
SMYD4,0.075669912061465
SMYD5,-0.04280870372451684
SNAI1,-0.2577584559376209
SNAI2,-0.11439105241770386
SNAI3,-0.06667142280280025
SNAP23,0.3420978996207542
SNAP25,0.18876457200293717
SNAP29,0.016348787070675108
SNAP47,-0.18135851317403784
SNAP91,-0.39792040259003203
SNAPC1,0.13797896199604676
SNAPC2,0.00893655284434125
SNAPC3,-0.03421153147346523
SNAPC4,0.1525436718642199
SNAPC5,0.04747145031762212
SNAPIN,-0.09347625393415093
SNCA,1.3806592211106605
SNCAIP,-0.24860688821967658
SNCB,-0.4265138906822037
SNCG,-0.4553174174982312
SND1,0.03265646164124725
SNED1,0.2845927542107558
SNF8,-0.03177879650427862
SNIP1,0.4533755677677216
SNN,0.0
SNORC,0.043662925996247104
SNPH,0.21992765741154408
SNRK,0.14608992512559382
SNRNP200,-0.12026291489302432
SNRNP25,-0.027096531339074303
SNRNP27,-0.2149811589520172
SNRNP35,0.07965277976741802
SNRNP40,-0.027479068148402064
SNRNP48,0.04047100208787935
SNRNP70,-0.01846527552191013
SNRPA,-0.01874066581177125
SNRPA1,0.30965030282820916
SNRPB,0.021238928691095005
SNRPB2,0.09736617178408036
SNRPC,0.09621850035281554
SNRPD1,0.16605922912944227
SNRPD2,-0.0886948475450815
SNRPD3,-0.021293205439333995
SNRPE,0.12685140519419313
SNRPF,0.11435128863974864
SNRPG,0.0709544272457574
SNRPN,-0.10449213503409882
SNTA1,0.30942481326909554
SNTB1,0.162464581059524
SNTB2,-0.6717383539121986
SNTG1,0.4028334983491071
SNTG2,-0.010670062446440642
SNTN,-0.21317540052009898
SNU13,-0.305898538312645
SNUPN,-0.138310418710752
SNURF,-0.6052878442709324
SNW1,0.004722278579684769
SNX1,0.12384817299461748
SNX10,0.025866969345456958
SNX11,-0.3878238760034356
SNX12,-1.229888534408342
SNX13,0.09178632716709423
SNX14,0.007817170356418934
SNX15,-0.0598499511804933
SNX16,0.1087057211678264
SNX17,0.023927833307759272
SNX18,-0.06679355162612932
SNX19,0.020432546388746253
SNX2,0.0013854152743659753
SNX20,0.18502995666945177
SNX21,0.03907978787978106
SNX22,0.2731826947674105
SNX24,0.08877508432731826
SNX25,-0.09093390704317361
SNX27,-0.15294579137853415
SNX29,-0.2358859608381927
SNX3,-0.2082922227392663
SNX30,0.09205662597666375
SNX31,0.6750020940376525
SNX32,-0.11462631580375415
SNX33,-0.2882285952959518
SNX4,0.03929782319546948
SNX5,0.11654468659168238
SNX6,-0.003951745936557671
SNX7,0.22887712646204683
SNX8,-0.07459033088899147
SNX9,-0.5521508160196007
SOAT1,0.01724466037112915
SOAT2,-0.3233282654834406
SOBP,-0.3783707593445227
SOCS1,0.0763534609263603
SOCS2,-0.11039666315671237
SOCS3,-0.013034833809201452
SOCS4,-0.06668728117916789
SOCS5,-0.09458273418511087
SOCS6,0.013919046589279116
SOD1,0.11622222372020996
SOD2,-0.25831398286586005
SOD3,0.32737375030160387
SOHLH1,0.5421147166419739
SOHLH2,-0.7227243218307555
SON,0.0
SORBS1,0.4390165610699359
SORBS2,0.08383904739265247
SORBS3,-0.22444199371802342
SORCS1,-0.28636457228098644
SORCS2,0.015884805480822717
SORCS3,0.11497714616680499
SORD,-0.18951995810158184
SORL1,0.11012184631243116
SORT1,0.03530200968861408
SOS1,0.05087055514947014
SOS2,0.11045768542425272
SOST,0.0006647873160520179
SOSTDC1,-0.5328226765736741
SOWAHA,0.13241178792490826
SOWAHB,0.29957842507889687
SOWAHC,-0.8978319584246875
SOWAHD,0.5953689569391164
SOX1,-0.15605726673299714
SOX10,-0.5319808900748763
SOX11,0.21356006456703813
SOX12,0.061179480926398355
SOX13,-0.1258156159049244
SOX14,-0.3952593518060669
SOX15,-0.19179713019933686
SOX17,-0.2049089362584532
SOX18,-0.1283914798664294
SOX2,0.47798981514254635
SOX21,-0.5986930416830533
SOX3,-2.30168839125502
SOX30,-0.1103282596748476
SOX4,0.03145655060048025
SOX5,-0.06400643191293254
SOX6,-0.05988682595463768
SOX7,-0.7984051116102637
SOX8,0.28514158667726913
SOX9,-0.6303292309175264
SP1,-0.04379806270122
SP100,-0.10309103315981938
SP110,0.9351109912346548
SP140,-0.10115086416512886
SP140L,-0.07042947085746576
SP2,-0.00030944106948904704
SP3,-0.12489462545887786
SP4,-0.13494422744782053
SP5,0.005394419986072929
SP6,0.02885138123608655
SP7,0.10748350957455433
SP8,0.03145737395904752
SP9,0.02532920615186507
SPA17,0.03185788620281205
SPAAR,0.6386629829516486
SPACA1,0.567560662767264
SPACA3,-0.2590539047940401
SPACA4,0.16031035045469166
SPACA5,0.05558054707225324
SPACA5B,0.8147791170803136
SPACA6,0.6149517134199014
SPACA9,0.09995343543489321
SPACDR,0.26132975412300863
SPADH,0.48730494914041494
SPAG1,-0.7990993243828817
SPAG16,-0.0991585808846307
SPAG17,0.22241512629865326
SPAG4,0.002099876474122908
SPAG5,0.012862067266746102
SPAG6,-0.9377068258062793
SPAG7,0.06972039347411396
SPAG8,0.03363085224125939
SPAG9,0.2626552992084692
SPAM1,0.15767764243270044
SPANXB1,0.0882845924343656
SPANXC,0.7951927187748713
SPANXN1,0.8767717210370392
SPANXN2,-0.2818492502476251
SPANXN3,0.4572066389535312
SPANXN4,0.8592055970351145
SPANXN5,-1.5992774978237352
SPARC,0.30111014323605323
SPARCL1,0.0
SPART,-0.895319259190749
SPAST,0.1002286922740474
SPATA1,0.02828174076592127
SPATA12,0.4601783265958066
SPATA13,0.5521724273274522
SPATA16,-0.6235219194078458
SPATA17,-0.05914815921027117
SPATA18,-0.7624746764135988
SPATA19,-0.4484397148000216
SPATA2,0.060851113208379104
SPATA20,-0.04674483834795318
SPATA21,0.2696139042109187
SPATA22,0.8389697853262796
SPATA24,0.027594156542806836
SPATA25,0.7717600844798682
SPATA2L,-0.018204907644049584
SPATA3,0.7102456067906435
SPATA31A3,0.19495678053166188
SPATA31A6,-1.2777011241701626
SPATA31C2,-0.640446644400539
SPATA31D1,-0.634402586130102
SPATA31E1,-0.005870968212838501
SPATA31F1,1.1770258384342949
SPATA31F3,-0.7743233848196813
SPATA31G1,0.06897528832782718
SPATA31H1,0.4276325898163878
SPATA31J1,-0.06955577275634317
SPATA32,0.16434374666311985
SPATA33,-0.29554174663227606
SPATA4,0.34863669020014854
SPATA45,0.24890320760569495
SPATA46,-0.13701820217832306
SPATA6,-0.01796346979470309
SPATA6L,-0.7824629490952513
SPATA7,0.1731606001321353
SPATA9,0.23298537715702072
SPATC1,-0.5090343308565888
SPATS1,-0.8142024507390551
SPATS2,0.002355541476599221
SPATS2L,-0.1809594340803371
SPC24,0.13183314266904667
SPCS1,0.016719192871822663
SPCS2,-0.06709398346107687
SPCS3,-0.2259154023274439
SPDEF,-0.22670274781866073
SPDL1,-0.05531618948900796
SPDYA,-0.025021727258245807
SPDYC,0.13320935836552728
SPDYE1,-0.16741794217138217
SPDYE10,-0.05204081521432258
SPDYE12,0.019586398305442287
SPDYE18,-0.8270211435568094
SPDYE21,-1.0149844648141126
SPDYE3,-0.7471803880408027
SPDYE4,-0.005286695219453685
SPDYE5,-1.2035812589150343
SPECC1,-0.15246252518246273
SPECC1L,-0.32670820949548496
SPECC1L-ADORA2A,-0.32549859338281273
SPEF1,0.09705182600136864
SPEF2,0.11158106965731474
SPEG,-0.4194394674612475
SPEGNB,-0.03408197540263336
SPEM1,0.27667697561902865
SPEM2,0.15965304135398317
SPEM3,0.15404934810106685
SPEN,0.06638712345446951
SPESP1,0.012642525286870487
SPESP1-NOX5,-0.7431225152940762
SPG11,-0.09060951484178315
SPG21,0.13480200370584772
SPG7,0.023787395078258555
SPHK1,-0.7450238981471611
SPHK2,0.06164968882993627
SPHKAP,-0.49638970740960753
SPI1,-0.13688546877269392
SPIB,0.012517589581003463
SPIC,-0.2071596451175579
SPICE1,0.11386229654732993
SPICE1-CFAP44,0.11385345941135938
SPIDR,-0.06574304528132568
SPIN1,0.14403291783178584
SPIN2A,-0.3573773838840455
SPIN2B,-0.0013483847777147062
SPIN3,0.05326673599628262
SPIN4,0.16553833193569245
SPINDOC,0.011237666829354787
SPINK1,0.12685746491737904
SPINK13,0.8477017179105266
SPINK14,-0.4434094819088443
SPINK2,-0.017587500447309168
SPINK4,-0.08610976544498505
SPINK5,-0.1404309310400309
SPINK6,0.2561053913276441
SPINK7,-0.1916868901644645
SPINK8,-0.9661435006143521
SPINK9,-0.6064272907791634
SPINT1,-0.279869131669384
SPINT2,-0.05208146707482442
SPINT3,-0.02242133037102343
SPINT4,-0.16186155251698497
SPIRE1,0.09025377538044932
SPIRE2,-0.04160985010365836
SPMAP1,-1.2062847417905926
SPMAP2,-0.625875570490924
SPMAP2L,0.26534637701525243
SPMIP1,0.7043827277632791
SPMIP10,-0.6070333393353429
SPMIP11,-0.12140150492936508
SPMIP2,0.6932019130070672
SPMIP3,-0.392317955091311
SPMIP4,0.043317496725036264
SPMIP5,0.935852033270069
SPMIP6,0.34703228083309745
SPMIP7,-0.699959896302218
SPMIP8,0.3397460075520995
SPMIP9,-0.5779398063585037
SPN,-0.13466693719430767
SPNS1,-0.1066009178239371
SPNS2,-0.31262158826682995
SPNS3,-0.4503817359584428
SPO11,0.2236443343639617
SPOCD1,-0.19448635844135342
SPOCK1,0.507564569061527
SPOCK2,-0.7104635405571018
SPOCK3,0.21569859864719865
SPON1,-0.3591350406979442
SPON2,-0.6133524986684182
SPOP,0.021025321423434384
SPOPL,-0.12978073659177358
SPOUT1,-0.1918868362174555
SPP1,-0.10074366704833171
SPP2,0.4594595447282963
SPPL2A,-0.06617224391898091
SPPL2B,-0.17853324326351228
SPPL3,0.033117884449114676
SPR,-0.12394845951521205
SPRED1,-0.17554962263584173
SPRED2,0.14451485047471824
SPRED3,0.13059110552016584
SPRING1,0.048775920528771444
SPRN,-1.2045041611067533
SPRR1A,0.533792713857832
SPRR1B,0.6159629430323297
SPRR2A,-0.37957324372492973
SPRR2B,0.14603150892823924
SPRR2D,-1.2121823976744022
SPRR2E,-1.05351361136654
SPRR2F,-0.2958741497773685
SPRR2G,-0.5888975338648056
SPRR3,1.2392905402677885
SPRR4,0.7294306616344016
SPRR5,0.17486323553405758
SPRTN,-0.021948329592405003
SPRY1,0.014723482898973295
SPRY2,-0.2864978286305302
SPRY3,-0.06663512956294104
SPRY4,-0.0824732123237446
SPRYD3,0.07892448905323945
SPRYD4,-0.13102468001544398
SPRYD7,0.06311107679481687
SPSB1,0.32735756933086035
SPSB2,0.3598720977923974
SPSB3,-0.5621510946432258
SPSB4,-0.13399137143983886
SPTA1,0.08885402545254895
SPTAN1,0.0028030213233298795
SPTB,0.22733596632909547
SPTBN1,0.04332657473305579
SPTBN2,0.0314071390433357
SPTBN4,-0.18013630413453097
SPTBN5,0.6273931784524494
SPTLC1,0.2973504551381412
SPTLC2,-0.11415677274483205
SPTLC3,0.6408348780672739
SPTSSA,0.18476340832619886
SPTSSB,0.03455148052981194
SPTY2D1,0.11480807061397869
SPX,-0.30288155689530116
SPZ1,-1.2472884014479706
SQLE,0.09493426981407715
SQOR,-0.44984496379702
SQSTM1,0.4559741643869559
SRA1,0.03000727777168244
SRARP,1.0028069097176218
SRBD1,-0.09574616478516695
SRC,-0.17065781578935235
SRCAP,-0.11156204829295913
SRD5A1,0.06948814561456551
SRD5A2,0.5073907937388005
SRD5A3,-0.07630305049948394
SREBF1,-0.29939289277850456
SREBF2,0.017120808445558744
SREK1,0.09719624045362421
SREK1IP1,0.02881830340802427
SRF,-0.0812316034398437
SRFBP1,0.24151112262864594
SRGAP1,-0.06136551911681831
SRGAP2,-0.23748503651555808
SRGAP2B,0.039757424496391414
SRGAP2C,-0.12361399451060251
SRGAP3,0.08917164301562686
SRGN,-0.20406616354939766
SRI,0.31089290339996434
SRL,-1.0688381246714185
SRM,-0.17279901955399524
SRMS,-0.4974899412228131
SRP14,0.03552738084513685
SRP19,0.12093837001451746
SRP54,0.04222531265383722
SRP68,0.18158095124864815
SRP72,-0.024565782321429808
SRP9,-0.04475186290759581
SRPK1,-0.1642661755381134
SRPK2,-0.2934021767237348
SRPK3,-0.25625851974512726
SRPRA,0.04106869065805263
SRPRB,-0.32313724151823386
SRPX,-0.016530292518769585
SRPX2,-1.3585909618456868
SRR,-0.2792399353100059
SRRD,0.02960651892700472
SRRM1,-0.7623638946158041
SRRM2,-0.06933860709969863
SRRM3,-0.322440734657818
SRRM4,-0.2148720789794124
SRRM5,-0.08916484119367851
SRRT,-0.13551415231026986
SRSF1,-0.18043119638590976
SRSF10,-0.1920869554500797
SRSF11,0.23645573472123171
SRSF12,-0.4711347775378045
SRSF2,-0.08050711397225818
SRSF3,0.04341908210295653
SRSF4,-0.1461841048888255
SRSF5,0.007503450975963055
SRSF6,0.15271865974464927
SRSF7,0.00745191772361764
SRSF8,-0.12943721310047884
SRSF9,0.16480005343359672
SRXN1,-0.15103241394939992
SS18,-0.031229905895408194
SS18L1,-0.10212590174375435
SS18L2,0.07951233054272766
SSB,0.9259261961612771
SSBP2,-0.17576179501690525
SSBP3,0.028980991043492388
SSBP4,0.07035773364414233
SSC4D,0.8141238772118955
SSC5D,-0.31807976362178225
SSH1,0.04164383071607958
SSH2,0.21879757629504226
SSH3,-0.25430347474563875
SSMEM1,-0.09561065411152736
SSNA1,0.28804872948647553
SSPN,-0.0059102180074965815
SSR1,-0.3413355059449258
SSR2,0.21224437756729575
SSR3,0.1756527855054255
SSR4,0.06743973361898714
SSRP1,0.017697099212679035
SST,0.0020435086428453597
SSTR1,0.20760178091383777
SSTR2,0.3304451253833651
SSTR3,-0.2450162911426943
SSTR4,-0.7714567831691724
SSTR5,0.7779118567035704
SSU72,0.06568459787913028
SSU72L1,-0.7236835932120853
SSU72L3,-0.4136754289425517
SSU72L5,0.8147791170803136
SSU72L6,-0.9283275501278498
SSUH2,0.14033412015400626
SSX1,-0.8635604553416658
SSX2IP,-0.3889478382604965
SSX3,-0.2664834719155058
SSX5,0.21698953200265936
SSX7,-0.35493090758718915
ST13,0.02503506534980815
ST14,0.0836952829815471
ST18,0.4825132994297401
ST20-MTHFS,-0.19921548596951943
ST3GAL1,0.06062825152579254
ST3GAL2,-0.06594647186784464
ST3GAL3,-0.1033512771285845
ST3GAL4,0.20258892283296426
ST3GAL5,0.9031457831687573
ST3GAL6,0.13798200235939362
ST6GAL1,-0.06928383966258878
ST6GAL2,-0.9301827040599447
ST6GALNAC1,0.29290075695048357
ST6GALNAC2,-0.2917042408645212
ST6GALNAC3,0.6450246956106584
ST6GALNAC4,-0.09816587747325478
ST6GALNAC5,-0.12714308526130436
ST6GALNAC6,0.3435600585641394
ST7,-0.04575935099732664
ST7L,0.13043552846907813
ST8SIA1,-0.24658906542664116
ST8SIA2,-0.34246987302237364
ST8SIA3,0.16974639376406608
ST8SIA4,0.1010144796302539
ST8SIA5,0.6231076344644758
ST8SIA6,0.05779703362174615
STAB1,0.011890409060616447
STAB2,0.5126437058348364
STAC,-0.0018276814467579339
STAC2,0.15925824473927008
STAC3,-0.09414521961304262
STAG1,-0.012702899346034968
STAG2,0.08225511692361565
STAG3,-6.730911275809603e-05
STAM,-0.0024636696074908926
STAM2,0.05656825253611686
STAMBP,0.07031355710119858
STAMBPL1,-0.03066908152495529
STAP1,0.4288767115988543
STAP2,-0.1400272666476967
STAR,0.09276377829090965
STARD10,-0.031117425410636557
STARD13,0.027723440086358186
STARD3,-0.0071829246383581236
STARD3NL,-0.1040140794316029
STARD4,0.13515140187061192
STARD5,0.051532546468148865
STARD6,0.18166879017814086
STARD7,-0.01623928283927789
STARD8,0.18651130269347482
STARD9,0.0434975430877973
STAT1,-0.16406880420178993
STAT2,0.11633315965804059
STAT3,0.040287645171511066
STAT4,-0.8473138052505593
STAT5A,0.3446541924801847
STAT5B,0.38773808351265593
STAT6,-0.2668830373896067
STATH,0.6169063017804648
STAU1,0.005813702605340865
STAU2,-0.07834142624583951
STBD1,-0.2262430302711868
STC1,0.5709012834667766
STC2,0.2230133838413768
STEAP1,-0.038076109276445
STEAP1B,0.2185013418995645
STEAP2,-0.5074527229025683
STEAP3,-0.10910663754763233
STEAP4,0.9844224028561803
STEEP1,0.0793206620655571
STIL,-0.07906522316846232
STIM1,0.047764587194903285
STIM2,0.13245651373372258
STIMATE,-0.0071357270732708145
STIMATE-MUSTN1,-0.007038993901877788
STING1,-0.06213899773259168
STIP1,-0.04385500291619415
STK10,-0.05482867090586829
STK11,-0.8915442634529903
STK11IP,0.30718295525825257
STK16,0.1951062699030377
STK17A,-0.07384666615159663
STK17B,-0.02679193621955278
STK24,-0.26061413933234867
STK25,-0.15539257576310472
STK26,-0.1866664483891176
STK3,-0.14291201692701572
STK31,0.05352483468216995
STK32A,0.10165860218116629
STK32B,0.14426126267167838
STK32C,-0.1594896258284324
STK33,0.44470494301332764
STK35,0.06612441835794147
STK36,0.14274148825407185
STK38,0.015821782349344282
STK38L,-0.013272575054028124
STK39,-0.25118574633265034
STK4,0.011178879332274683
STK40,-0.07115419419240077
STKLD1,-0.114195441709386
STMN1,0.0635520301314898
STMN2,-0.600318015094625
STMN3,-0.019458471340556116
STMN4,-0.629900276292392
STMND1,-0.9090281313162782
STMP1,0.04827667607387909
STN1,-0.08041716065951476
STOM,-0.1267575488291346
STOML1,0.06741453952384902
STOML2,-0.15636086067624255
STOML3,0.008179575795981164
STON1,0.09321804218694929
STON1-GTF2A1L,0.1711901128386084
STON2,0.08878222423844306
STOX1,-0.2316257870220495
STOX2,0.2725071538618298
STPG1,-0.21130959513655245
STPG2,0.38921413323726695
STPG3,0.7024896458709
STPG4,-0.8923508648079315
STRA6,0.6878910131213456
STRA8,0.1436164203715795
STRADA,-0.19381712974785525
STRADB,-0.6512265724598587
STRAP,0.09298708567582281
STRBP,0.1200296956805138
STRC,0.19037509488194226
STRIP1,0.20750750710562582
STRIP2,0.02637369555532576
STRIT1,0.22544494966408202
STRN,0.10570911975269315
STRN3,-0.061569134980076434
STRN4,-0.07888529483133899
STS,0.10967527130850518
STT3A,-0.0919884931617716
STT3B,-0.054867774321404106
STUB1,-0.10190975250996015
STUM,0.22631796841399332
STX10,0.19330958919115293
STX11,0.2588545082806002
STX12,-0.019583998233683175
STX16,-0.034804765514180325
STX16-NPEPL1,-0.04608849764810774
STX17,0.025401757674984538
STX18,-0.037970420549092054
STX19,-0.21511953747067758
STX1A,0.08685681286309777
STX1B,0.3594870513262127
STX2,0.0936543489471946
STX3,0.5551809395840027
STX4,0.02109882383992101
STX5,0.03241865548476763
STX6,0.15230826974491762
STX7,0.09391213435177725
STX8,0.15765219029836963
STXBP1,0.41439746730455995
STXBP2,-0.06485748523381929
STXBP3,0.040331229662453616
STXBP4,0.00760266479523608
STXBP5,0.05079286377604264
STXBP5L,-0.11336531563734198
STXBP6,-0.19405113327066692
STYK1,0.3571843771489047
STYX,0.008761422356020176
STYXL1,-0.10166725458322112
STYXL2,0.944565307016337
SUB1,0.17462976445333434
SUCLA2,-0.0481087749291067
SUCLG1,-0.017838196918041227
SUCLG2,0.2841816084547979
SUCNR1,0.19373791912126848
SUCO,-0.06785926711969381
SUDS3,0.2944246191357065
SUFU,0.09077453145046732
SUGCT,-0.097275709423843
SUGP1,-0.020592894178787624
SUGP2,-0.08419515649279052
SUGT1,0.03422035475967622
SULF1,-0.14426218402201085
SULF2,-0.7883045728261776
SULT1A1,-0.2084469593596452
SULT1A2,0.2535152020033806
SULT1B1,-0.9229829330556345
SULT1C2,0.04345470470490109
SULT1C3,0.6474062783130159
SULT1C4,0.7616472574723077
SULT1E1,-2.134848325707858
SULT2A1,-0.6684462996477408
SULT2B1,-0.6125435430005375
SULT4A1,-0.28692545981809103
SULT6B1,-0.12194506199875166
SUMF1,-0.1931478480702875
SUMF2,0.032775667011739174
SUMO1,0.1425931333945245
SUMO2,-0.3044544966264917
SUMO3,0.06282925828975294
SUMO4,0.4391387975029386
SUN1,0.06776301453296174
SUN2,0.1943200765831703
SUN3,-0.13021571792690878
SUN5,0.2476531364620227
SUOX,-0.6565943405327836
SUPT16H,0.024259058477683837
SUPT20H,0.005817018594269641
SUPT20HL1,0.5308293456376327
SUPT20HL2,-0.7019089893002282
SUPT3H,-0.02962271959628815
SUPT4H1,-0.340923220892126
SUPT5H,0.11860458413928754
SUPT6H,-0.06968835731595657
SUPT7L,-0.012589467006718813
SUPV3L1,-0.1087665114204821
SURF1,-0.03338383230106956
SURF2,-0.009187798907397848
SURF4,-0.11087840658521753
SURF6,-0.011605991481427047
SUSD1,-0.18900501496369104
SUSD2,-0.009440105273410548
SUSD3,0.01642679138341674
SUSD4,0.012057212927078176
SUSD5,0.8866249761082695
SUSD6,0.2296872930011471
SUV39H1,-0.004085706325347438
SUV39H2,-0.07844006653819768
SUZ12,-0.14135400744862414
SV2A,-0.21170933219412635
SV2B,0.3237838863426177
SV2C,0.005524695426088133
SVBP,0.02675096034147284
SVEP1,0.4238594212430584
SVIL,0.1979947602353347
SVIP,-0.017244012497585892
SVOP,-0.1675265194715605
SVOPL,-0.17032855622561602
SWAP70,0.3784946271640992
SWI5,-0.19119580254350943
SWSAP1,0.08462118874291313
SWT1,0.15903312702291394
SYAP1,-0.044795582102259424
SYBU,1.1612066909266432
SYCE1,0.4391387975029386
SYCE1L,-0.08904158698069797
SYCE2,-0.006617959340372792
SYCE3,0.09504948728489548
SYCN,-0.19629618925928694
SYCP1,-0.5359143617549613
SYCP2,-0.03981610612941733
SYCP2L,-0.34565310353920786
SYCP3,-2.100480699281491
SYDE1,0.19062621893865905
SYDE2,-0.0327484442989503
SYF2,0.06012889236782204
SYK,-0.2510141562782149
SYMPK,-0.07380211085078159
SYN1,0.21016412839403031
SYN2,-0.23597743300350782
SYN3,-0.844501323381034
SYNC,-0.827790440132647
SYNCRIP,-0.14798136995808164
SYNDIG1,0.4737339528656759
SYNDIG1L,-0.1688884854424093
SYNE1,1.3170946883117567
SYNE2,0.026091172230395032
SYNE3,0.2783589605205825
SYNE4,0.24495912980131043
SYNGR1,-0.0598005084122204
SYNGR2,-0.23006115548224138
SYNGR3,0.03759675561240705
SYNGR4,-0.134343196824517
SYNJ1,-0.035593032727824436
SYNJ2,-0.2050347152803793
SYNJ2BP,-0.3683256833803059
SYNJ2BP-COX16,-0.3684944736714839
SYNM,0.0069349343356776005
SYNPO,-0.3503375900521938
SYNPO2,-1.546758357396547
SYNPO2L,-1.2546251136167041
SYNPR,0.11027911015175293
SYNRG,0.08625065452296576
SYP,-0.08152621980682984
SYPL1,-0.19469295787714014
SYPL2,-0.7074478716088124
SYS1,0.12143362218402398
SYS1-DBNDD2,0.11077994381669942
SYT1,-0.0214536792973421
SYT10,0.3618955311139447
SYT11,-0.05095378844890419
SYT12,-0.1566249144037588
SYT13,0.6592899033262998
SYT14,0.07263345831180723
SYT15,-0.8147791561888598
SYT15B,-0.7158361364077497
SYT16,0.628441453998957
SYT17,0.746672462943345
SYT2,0.04034414746660664
SYT3,0.08418177779395064
SYT4,-0.005410438949258856
SYT5,0.033950505317998925
SYT6,-0.5352830783634714
SYT7,0.004134750613200566
SYT8,0.4893442191691133
SYT9,-0.49115717478744303
SYTL1,0.07749189508401066
SYTL2,0.015236070754032216
SYTL3,0.05968213769122155
SYTL4,-0.339133174608676
SYTL5,2.0514507385931022
SYVN1,0.004939280799868051
SZRD1,0.013450125479208097
SZT2,-0.017811554915786232
TAAR1,0.21126206686910143
TAAR2,-0.6375424656940752
TAAR5,-0.04442036745179212
TAAR6,-0.3718961640415144
TAAR8,0.3456023688054948
TAAR9,-0.6790107458265595
TAB1,-0.008962123804330702
TAB2,0.2408169433452425
TAB3,0.03312079550544722
TAC1,0.14594184425464918
TAC3,-0.6359438453283146
TAC4,0.38176205062159185
TACC1,0.6853822929552263
TACC2,0.5573529268739509
TACC3,-0.20432098783145314
TACO1,0.028870754751476824
TACR1,-0.2556572125972971
TACR2,0.04030248410259696
TACR3,0.6013373116679852
TACSTD2,0.31901513884014965
TADA1,-0.07093139600276999
TADA2A,-0.33659418265846974
TADA2B,-0.23357137180875975
TADA3,-0.010404899070922902
TAF1,-0.014695582827959797
TAF10,0.018462185651006102
TAF11,-0.026507096110071515
TAF11L11,0.24524378392630242
TAF11L12,-0.7455228047798672
TAF11L13,0.6500945190706542
TAF11L14,-0.8147791170803136
TAF11L2,0.8147791170803136
TAF11L3,0.4391387975029386
TAF12,0.07602862428876911
TAF13,0.39635993085961774
TAF1A,0.2927306817070736
TAF1B,-0.05118680094183503
TAF1C,0.2975484643358497
TAF1D,-0.060505254027287236
TAF1L,0.13047456454009287
TAF2,-0.08525465048761394
TAF3,0.0673112015841868
TAF4,0.14988813684513946
TAF4B,0.12287721203539093
TAF5,-0.13062793773194592
TAF5L,-0.0926066207956815
TAF6,0.2117588374550916
TAF6L,0.04549185393807509
TAF7,0.05722092842974824
TAF7L,0.6221262556763492
TAF8,0.04999296721392099
TAF9B,-0.008955633927290485
TAFA1,0.5474685865654437
TAFA2,0.2877250014825614
TAFA3,0.04773070188922812
TAFA4,-0.17070796605697103
TAFA5,0.19342233602362224
TAFAZZIN,-0.10868828860131607
TAGAP,0.3551929778522631
TAGLN,0.3477794964234191
TAGLN2,0.154860635826922
TAGLN3,-0.08838979865634217
TAL1,0.011399862208891776
TAL2,-0.022234389173211078
TALDO1,0.1084481036313214
TAMALIN,0.3112531655112951
TAMM41,0.0
TANC1,-0.06665741167080963
TANC2,-0.15541641032494358
TANGO2,0.3214549842594181
TANGO6,-0.048648473315198615
TANK,1.229283524706029
TAOK1,-0.0724579567023147
TAOK2,-0.03084745684184398
TAOK3,0.15085248386955907
TAPBPL,-0.0945920002399081
TAPT1,-0.11173249380806016
TARBP1,0.12969946871757276
TARBP2,0.08943480333142784
TARDBP,-0.04116606420539615
TARS1,0.08139604356653063
TARS2,-0.11784665127946425
TARS3,-0.062006247047349916
TAS1R1,-0.03052681322497186
TAS1R2,-0.42938243879312776
TAS1R3,-0.20803825350292904
TAS2R1,0.033905032449772055
TAS2R16,-0.0510143612668883
TAS2R3,0.3755449876175535
TAS2R38,0.5155486929759436
TAS2R39,0.6232989726585587
TAS2R4,0.38222053972059555
TAS2R40,0.6112588339882341
TAS2R41,0.3857773703238755
TAS2R5,0.17981397462748655
TAS2R60,-0.019752524296639984
TASL,0.05128881607485014
TASOR,0.013525213298504646
TASOR2,0.06839826615624567
TASP1,0.16763899474595867
TAT,0.9037261862535986
TATDN1,0.06237297177993284
TATDN2,-0.27275111052710077
TATDN3,0.436425335417268
TAX1BP1,0.15316636235796288
TAX1BP3,-0.056701046373576425
TBATA,-0.06201222944703266
TBC1D1,0.04009240727032637
TBC1D10A,-0.2661120806956605
TBC1D10B,0.02563279392334472
TBC1D10C,0.01962670887397877
TBC1D12,-0.4319782460726973
TBC1D13,0.04261432689314315
TBC1D14,-0.07302449293156421
TBC1D15,0.2061835829695573
TBC1D16,-0.056548757658920756
TBC1D17,0.009038264710539146
TBC1D19,1.2557583711594984
TBC1D2,0.003976120421802065
TBC1D20,-0.16718111710325267
TBC1D21,0.44086295781457596
TBC1D22A,0.07432029364310999
TBC1D22B,0.14310201596959615
TBC1D23,-0.08920424008970418
TBC1D24,-0.318875927977361
TBC1D25,-0.04719669180052666
TBC1D26,-1.095877233572905
TBC1D28,-0.6710660826110992
TBC1D2B,-0.06102838075741879
TBC1D30,0.055497469127834265
TBC1D31,0.1661194997402724
TBC1D32,0.12807409840675543
TBC1D3K,-0.8147791170803136
TBC1D4,-0.23948735647771802
TBC1D5,-0.10314475312046767
TBC1D7,0.040586142510899315
TBC1D8,-0.14862856301495686
TBC1D8B,0.38577443343997686
TBC1D9,-0.278790156793308
TBC1D9B,-0.09492690676962656
TBCA,-0.29999199618874134
TBCB,0.0400536185952296
TBCC,-0.06114120544567392
TBCCD1,0.10669725637299265
TBCD,-0.10625902989022595
TBCE,0.14303015553646414
TBCEL,0.04042107570016373
TBCEL-TECTA,0.01305392090620039
TBCK,0.23946224785441217
TBK1,0.03200371658190626
TBKBP1,-0.18037185230592634
TBL1X,0.2890665598061335
TBL1XR1,-0.846986245782696
TBL2,-0.07928431229078825
TBL3,0.0789673372209414
TBP,-0.004477930733710167
TBPL1,0.036753015758138385
TBPL2,0.4748632042283036
TBR1,0.4443501267808816
TBRG1,0.09458517933370825
TBRG4,0.00830072139369431
TBX1,-0.3258026698334642
TBX10,-0.07459109669050612
TBX15,0.6751992270536153
TBX18,0.5461184938609811
TBX19,1.4960644851718492
TBX2,-0.7031131944824133
TBX20,0.26660733827084315
TBX21,-0.06187997899861131
TBX22,-0.4641605247611844
TBX3,-0.4432129665223273
TBX4,0.6931398848254551
TBX5,1.0129420777449347
TBX6,0.003783299922805128
TBXA2R,-0.24148709510390765
TBXAS1,0.11009010983810041
TBXT,-0.2990385498806323
TC2N,0.1965650719557983
TCAF1,-0.01798521504860151
TCAF2,0.42984062739271356
TCAF2C,-0.8147791170803136
TCAIM,0.06865634440636548
TCAP,-0.1553499315618434
TCEA1,-0.03684825098966016
TCEA2,-0.2533438310085767
TCEA3,-0.41170091483089394
TCEAL1,-0.3333715222830431
TCEAL2,0.3313252464593648
TCEAL3,-0.08116653153588671
TCEAL4,0.5006789918717909
TCEAL5,-0.16954752478093416
TCEAL6,0.2250489865504064
TCEAL7,0.20760662457920387
TCEAL8,-0.024717622304680997
TCEAL9,-0.5755236258258896
TCEANC,-0.03691181531298682
TCEANC2,0.04753037190170328
TCERG1,-0.1390493277794711
TCERG1L,0.628988572114124
TCF12,-0.18778352259471287
TCF15,0.5434894237459007
TCF19,-0.8531711451590795
TCF20,0.07936722546639352
TCF21,-0.6433639130562523
TCF23,-4.1218110868879165e-08
TCF24,0.03162650925795463
TCF25,-0.04418668893769162
TCF3,-0.04677648449796479
TCF4,0.29883986681288116
TCF7,0.06458661280529965
TCF7L1,-0.1133882939152504
TCF7L2,-0.06585926505305828
TCFL5,-0.0813172702126641
TCHH,-0.5733784120613696
TCHHL1,-0.23334706747101697
TCHP,-0.08362548253949686
TCIM,-1.2504944153547064
TCIRG1,-0.18492722872526102
TCL1A,-0.02136132375014932
TCL1B,0.24432131340289376
TCN1,-0.27800662338626625
TCN2,-0.30558835813746354
TCOF1,-0.18898430671535582
TCP1,-0.03114479460803654
TCP10L,-0.008512046948969204
TCP11,0.926501056827545
TCP11L1,-0.22878531698325588
TCP11L2,0.13796927004946946
TCTA,0.0028419534539390057
TCTE1,0.41170060846007095
TCTN1,-0.020820802225579804
TCTN2,0.2291162086156282
TCTN3,0.10544152868938728
TDG,-0.06785738839418531
TDP1,0.13583579543210877
TDP2,-0.005363610649279593
TDRD1,0.08803578310082771
TDRD10,0.41882884672025633
TDRD12,-0.35029641601390904
TDRD15,0.377979946616427
TDRD3,0.044741072586379715
TDRD5,0.044542116916504115
TDRD6,-0.15565601123737816
TDRD7,-0.16281122317474406
TDRD9,-0.23032692844667652
TDRKH,-0.0725383498615253
TDRP,-0.5761272901412893
TEAD1,-0.03244506800100844
TEAD2,-0.33236775118388606
TEAD3,-0.12248889441881827
TEAD4,-0.09715880875144522
TEC,0.08653103677458018
TECPR1,0.14879805431170023
TECPR2,-0.0391390231930373
TECR,0.36210290635977405
TECRL,-0.537118830452137
TECTA,0.39356670904236934
TECTB,1.2896034570523982
TEDC1,0.03451365839282161
TEDC2,-0.21634470485608137
TEDDM1,-0.5437506916153536
TEF,0.056883454030796976
TEFM,0.12128846085497624
TEK,0.8951239010208951
TEKT1,0.33337131679170695
TEKT2,0.04432687199233787
TEKT3,0.31352762684942453
TEKT4,-0.21762997055387268
TEKT5,0.7220954173406963
TEKTIP1,-0.2062407091973446
TEKTL1,-0.08770793815345068
TELO2,0.01204698335330967
TEN1,0.039123481500295654
TEN1-CDK3,0.03845013719207646
TENM1,-0.08832756318988366
TENM2,0.8464262790795793
TENM3,0.14937294135304757
TENM4,0.19749628046658485
TENT2,0.08904959259569978
TENT4A,-0.2293469569409936
TENT4B,0.04800456784985929
TENT5A,-0.18802786354513756
TENT5B,1.2211044331354133
TENT5C,-0.021011805730169364
TENT5D,-0.641836941294954
TEP1,-0.03258130028301576
TEPSIN,0.06771133337873803
TERB1,0.2078579652088309
TERB2,-1.2481266666549735
TERF1,-0.09930959672170037
TERF2,-1.4634857384343296
TERF2IP,-0.07541178945729587
TERT,-0.12440916461622686
TES,-0.0376013406453366
TESC,-0.24763898909186288
TESK1,0.08625888618909716
TESK2,0.019053553678612722
TESMIN,-0.44373114937409674
TESPA1,0.24357181105911785
TET1,-0.09984849082857172
TET2,0.09469262184272864
TET3,-0.3696305809154383
TEX10,-0.021137187641509847
TEX101,-0.14273764963762636
TEX11,0.1053909386689099
TEX12,-0.05000578799026478
TEX13A,0.3413018470221656
TEX13B,-1.3686338484384521
TEX13C,0.21756146881344463
TEX13D,0.7443050977248258
TEX14,-0.0989898898052699
TEX15,-0.2889565604607338
TEX19,-0.44079481842609214
TEX2,-0.1105432469907921
TEX22,-0.05239258161514648
TEX26,-0.07555080531425845
TEX261,-0.0671144396411858
TEX264,0.5224636758918568
TEX28,-1.0764578034531322
TEX29,0.5966679610081866
TEX30,0.03779080482858532
TEX35,-0.10967414105777873
TEX36,-0.13024544549791894
TEX38,-0.021551008329716126
TEX44,0.40932731669437494
TEX46,-0.1880458075649427
TEX47,0.4674748657836625
TEX48,-0.0724669665608011
TEX50,-1.1429057281872494
TEX51,-0.3318299223523346
TEX52,0.16762954900497884
TEX53,0.0
TEX54,-0.07352757693377487
TEX55,-0.31612684594305085
TEX9,-0.38168823336727264
TF,0.027355688719438304
TFAM,0.1459489287193767
TFAP2A,-0.3694200153552031
TFAP2B,0.4398172939064846
TFAP2C,-0.009129795987755429
TFAP2D,0.9742281748079595
TFAP2E,0.15725058694896143
TFAP4,-0.1829213983023532
TFB1M,0.1144406886579219
TFB2M,0.018474281650698643
TFCP2,0.17378441382509624
TFCP2L1,-1.2426167669351005
TFDP1,-0.2232999716359947
TFDP2,0.031329229076334286
TFDP3,-0.989233699897851
TFE3,0.14442183571618017
TFEB,0.07709701516379752
TFEC,-0.2704532874913699
TFF1,-0.4969453809603024
TFF2,0.03563930779167257
TFF3,0.30092072545170706
TFG,0.17633105636878632
TFIP11,-0.03000317860901003
TFPI,-0.23203142895209927
TFPI2,-0.46534760613860204
TFPT,0.4391387975029386
TFR2,0.2418955701927561
TFRC,-0.025508314491989204
TG,0.5860936012441267
TGDS,0.0697277212467915
TGFA,-0.013985338989140672
TGFB1,-0.09886677745176442
TGFB1I1,-1.220396826458306
TGFB2,-0.2155480669749501
TGFB3,0.06361114825441128
TGFBI,-0.9923882778560732
TGFBR1,-0.05168675427755254
TGFBR2,0.12915312387245148
TGFBR3,1.1694519540974535
TGFBR3L,-0.4177879474147812
TGFBRAP1,-0.03953775411962912
TGIF1,0.1177683673203255
TGIF2,-0.10305870032973008
TGIF2-RAB5IF,-0.08419615200073771
TGIF2LX,-1.0966283673279387
TGM1,0.18408559460356722
TGM2,0.29681402170298954
TGM3,-1.2016160890393048
TGM4,-0.16926597717052538
TGM5,-0.5720654535059436
TGM6,-0.007582843771353431
TGM7,0.016953477311792975
TGOLN2,-0.15876401579851063
TGS1,0.10691656745981248
TH,0.4691086167485814
THADA,-0.15510245191070204
THAP1,0.040062959218733596
THAP10,-0.9582198811959333
THAP11,0.0760033681567398
THAP12,0.15522429286287576
THAP2,0.062220592113637174
THAP3,-0.2333667050819832
THAP4,-0.138890561241797
THAP5,0.13564499540314223
THAP6,-0.16438826836352494
THAP7,0.12150308030630708
THAP8,-0.13115686165954443
THAP9,0.14700354648122715
THBD,0.33475865602429966
THBS1,0.044712475519156136
THBS2,1.2865167475690436
THBS3,0.21109759522533
THBS4,1.0206941176085707
THEM4,0.3520557885274711
THEM5,0.7053152412891467
THEM6,-0.3182857275638691
THEMIS2,-0.2126337988919329
THG1L,0.3581171445395559
THNSL1,0.013488621046323424
THNSL2,0.6138726664390974
THOC1,-0.09120465951318923
THOC2,-0.32911175249480396
THOC3,-0.726641546809255
THOC5,-0.0021967902861117494
THOC6,-0.012527294019016644
THOC7,0.013872614273232386
THOP1,0.08183703545097831
THPO,-0.11836507321389278
THRA,-0.7898827221771467
THRAP3,0.04166445246826189
THRB,-0.3431755715554522
THRSP,-0.1299930495297396
THSD1,1.332450610832731
THSD4,0.10405139012632075
THSD7A,-0.32683027827603606
THSD7B,0.12129039710886147
THSD8,-0.03896954988530421
THTPA,0.0037947442197943104
THUMPD1,0.046296837600845464
THUMPD2,-0.09750787698346519
THUMPD3,0.0835158582656037
THY1,0.5267196649237975
THYN1,-0.021529976274880624
TIA1,0.09061528156182597
TIAL1,-0.01783378103081379
TIAM1,-0.10160928246152778
TIAM2,-0.340744361933794
TICAM1,-0.07353330705418504
TICAM2,-2.095189637104374
TICRR,-0.011091250418315823
TIE1,0.3267777809367663
TIFA,-0.031144967928022016
TIFAB,0.7221402972812446
TIGAR,0.8609582924977113
TIGD1,0.03306269627234659
TIGD2,-0.0675838554171726
TIGD3,-0.10529235219632938
TIGD4,0.08007441920204972
TIGD6,-0.0753953448079967
TIGD7,-0.06029023932001909
TIGIT,-0.516823891744865
TIMD4,0.7597923851375885
TIMELESS,-0.17537744996336802
TIMM10,0.045296839144381984
TIMM10B,0.04616447882183916
TIMM13,-0.11081215201040706
TIMM17A,0.0455061142719666
TIMM17B,-0.08675035842779355
TIMM21,0.028611181742657088
TIMM23,-0.30599290163710036
TIMM23B,-0.2632216928819928
TIMM23B-AGAP6,-0.26372503479526577
TIMM29,-0.2141921520628367
TIMM44,0.006862865577688559
TIMM50,-0.001704446284132466
TIMM8A,-0.14022472529796826
TIMM8B,-0.12370774679187235
TIMM9,0.03942892481056948
TIMMDC1,-0.05998229271723954
TIMP1,0.17322381082859772
TIMP2,0.12382432464569604
TIMP3,-0.1841379912344836
TIMP4,-0.3127518861252273
TINAG,-0.45535856075578496
TINAGL1,-0.5264296344938535
TINCR,0.14829696203325282
TINF2,-0.13572723041040646
TIPARP,0.013859133591393569
TIPIN,-0.012944943730965441
TIPRL,0.07653065156441752
TIRAP,0.15162652747194194
TJAP1,-0.03106545881299505
TJP2,-0.4207463656396704
TJP3,0.22079472464327743
TK1,-0.03761080618033397
TK2,-0.19428424745546824
TKFC,-0.17200500526906914
TKT,-0.033306288527851
TKTL1,-0.9809467723650576
TKTL2,0.7783973816414131
TLCD1,0.05054754386970295
TLCD3A,-0.10414351903051244
TLCD3B,-0.08564572802923243
TLCD4,0.11026540497804493
TLCD4-RWDD3,0.07599115039855064
TLCD5,-0.10738732847007082
TLDC2,0.1983792165859592
TLE1,0.02647322788080242
TLE2,-0.13980687574432082
TLE3,-0.12462544486356197
TLE4,0.011826558726096614
TLE5,-0.15414844932029892
TLE6,-0.1588799526649396
TLE7,-0.059563967125602524
TLK1,-1.37057349559587
TLK2,0.5920751698357059
TLL1,-0.06092428923793758
TLL2,0.1937458472956406
TLN1,0.21174853268569382
TLN2,0.06231813573844658
TLNRD1,-0.3459728911511819
TLR1,0.12492289640960763
TLR10,0.3986942326429236
TLR2,-0.38384062696707644
TLR3,-0.03379224775794887
TLR4,0.973281661794178
TLR5,-0.11627722647555938
TLR6,0.1253694689464151
TLR7,0.638388050376369
TLR8,-0.5367227120387392
TLR9,-0.5054639219237167
TLX1,-0.27691007654890565
TLX2,-0.2282326883785024
TLX3,0.44562151944493666
TM2D1,0.04648329650417615
TM2D2,-0.06136645677774144
TM2D3,0.16338230244011331
TM4SF1,0.8886416921938233
TM4SF18,-0.44569916740354687
TM4SF19,0.6325392084582558
TM4SF19-DYNLT2B,0.6323002097906546
TM4SF20,1.688537060983903
TM4SF4,1.1237067331481296
TM4SF5,0.050204797133008405
TM6SF1,0.06509103558349905
TM6SF2,-0.8698867606530494
TM7SF2,-0.14627985985455094
TM7SF3,0.013701191836008597
TM9SF1,-0.025438825260518882
TM9SF2,0.3567040596537787
TM9SF3,-0.11954237595037664
TM9SF4,0.07501689485213703
TMA16,0.0068591148153087644
TMA7,0.04779537793877786
TMA7B,0.0814641868965067
TMBIM1,0.20020339749863592
TMBIM4,-0.15153985438680095
TMBIM6,0.13584622179854122
TMC1,2.0344334498615884
TMC2,0.14392565248296585
TMC3,0.67376066619351
TMC5,2.107433128943421
TMC6,0.057708621241444824
TMC7,0.06215006693590608
TMC8,0.08650132882877593
TMCC1,0.016084536611661093
TMCC2,0.08282882284698267
TMCC3,0.5337924937671525
TMCO1,-0.1378792928801431
TMCO2,0.2097638787805638
TMCO3,0.12057188347219316
TMCO4,-0.26320489377203127
TMCO5A,-0.28011211990675133
TMCO6,-0.2646834759102479
TMDD1,0.14072626656053022
TMED1,-0.04632775588397031
TMED10,-0.04546562011758404
TMED2,0.11899196502339393
TMED3,-0.11790931839189334
TMED4,-0.014383048998041659
TMED5,-0.06367218547130893
TMED6,0.17254316556822927
TMED7,0.15846367747484175
TMED7-TICAM2,-0.041030266263067716
TMED8,0.07422927776167487
TMED9,-0.10468516323132526
TMEFF1,0.0667230488914976
TMEFF2,-0.44148608589736066
TMEM100,-0.16977090303238296
TMEM101,-0.10019002308824881
TMEM102,0.15518425039469275
TMEM104,0.19647487889705584
TMEM106A,0.09796910416136395
TMEM106B,0.09885334691905356
TMEM106C,-0.08408937974860464
TMEM107,-0.12990949735082857
TMEM108,0.5865037388229478
TMEM109,-0.0859010284103503
TMEM11,0.04684485663183935
TMEM114,0.21071382508389114
TMEM115,0.02376951775332259
TMEM116,0.06653149256686586
TMEM117,-0.182862756527856
TMEM119,-0.4007532127381367
TMEM120A,-0.03859358322305617
TMEM120B,0.03902117846518838
TMEM121,0.3344281036778134
TMEM121B,0.22024043963576068
TMEM123,0.29540814665705684
TMEM125,0.281094637095451
TMEM126A,0.3291786883984207
TMEM126B,0.18223977455130758
TMEM127,-0.043759608404542405
TMEM128,-0.10252044667677662
TMEM129,-0.011744534286591168
TMEM130,-0.02192988556493436
TMEM131,-0.0565353752860398
TMEM131L,-0.04932695603884785
TMEM132A,-0.08947291835977511
TMEM132B,0.02125496216468914
TMEM132C,-0.3974101332075932
TMEM132D,0.13881139498575534
TMEM132E,0.030683923771475552
TMEM134,0.0009553149100725022
TMEM135,-0.0010213493438753218
TMEM138,0.24627477561784872
TMEM139,0.4762836797561878
TMEM140,0.19861463800610535
TMEM141,-0.10320080536455833
TMEM143,-0.1902270842008118
TMEM144,0.6838678084133971
TMEM145,-0.3441755265342792
TMEM147,-0.09485091319144523
TMEM14A,0.19438198419593533
TMEM14B,0.11094253193765446
TMEM14C,0.25279073929309837
TMEM150A,-0.1228035276896775
TMEM150B,-0.6166404076665857
TMEM150C,0.2799782316535917
TMEM151A,0.049496167142613956
TMEM151B,0.22505383568980197
TMEM154,0.06906450312687973
TMEM156,0.10183725480880734
TMEM158,0.1957749064111054
TMEM160,-0.048774929758319985
TMEM161A,-0.14849225472236505
TMEM161B,0.01730477618711479
TMEM163,-0.1982117795271645
TMEM164,0.033315789200410784
TMEM165,-0.1319416915837648
TMEM167A,0.058725647574452644
TMEM167B,-0.024944954270918807
TMEM168,0.052196734834438985
TMEM169,-0.169908847842565
TMEM17,-0.3197974344146408
TMEM170A,-0.0066136225314856745
TMEM170B,-0.025823526823272047
TMEM171,-0.8036470992950243
TMEM174,0.41572471622871904
TMEM175,-0.02388873250609791
TMEM176A,0.2737962675420207
TMEM176B,-0.1532371177895734
TMEM177,0.03281389179271521
TMEM178A,-0.18185150204546008
TMEM178B,0.05888869653349005
TMEM179B,-0.10726429820252381
TMEM18,-0.1029284372077468
TMEM181,0.27302341241634576
TMEM182,-0.12088466314368951
TMEM183A,0.1577113582527998
TMEM184A,-0.362842649987666
TMEM184B,0.4405131301793679
TMEM184C,0.048694726080897865
TMEM185A,-0.23352353523820835
TMEM185B,0.01855797031042261
TMEM186,-0.09229378465235527
TMEM187,0.005140144995854357
TMEM19,0.10451804052173941
TMEM190,-0.5968443093011708
TMEM191B,0.1332445176966135
TMEM191C,0.7518383466247704
TMEM192,0.19539370105354736
TMEM196,0.3114060853626597
TMEM198,0.032208004931942646
TMEM199,0.16019384664712089
TMEM200A,0.16181280099259698
TMEM200B,-0.04551756983402644
TMEM200C,-0.4978322302749114
TMEM201,0.09609908669721268
TMEM202,1.0639416198341918
TMEM203,-0.06805077006776816
TMEM204,-0.39795606396897876
TMEM205,0.02832350791027416
TMEM207,-0.11224252093118858
TMEM208,-0.04988118372789874
TMEM209,-0.9031274757209619
TMEM210,-0.18750044673156252
TMEM212,0.6971080706304221
TMEM213,-0.22817938465994628
TMEM214,-0.13549997152395488
TMEM215,-0.9023687100279634
TMEM216,0.1870949867116707
TMEM217,0.13091492595416465
TMEM217B,0.1326047629272873
TMEM218,0.23096886460247568
TMEM219,-0.21802104803556394
TMEM220,0.35379244475892824
TMEM221,-0.06426878015647952
TMEM222,-0.041424879711662754
TMEM223,0.09884013090752752
TMEM225,0.5068776283976626
TMEM225B,-0.33190229306552155
TMEM229A,-0.2761315068625283
TMEM229B,0.08591256724846152
TMEM230,0.056633398676147806
TMEM231,0.08442384888132182
TMEM232,-0.05241581742606982
TMEM233,-0.8746755241682436
TMEM234,-0.031388317387000875
TMEM235,0.05014039725072483
TMEM236,0.28382051341738335
TMEM237,0.08758937768108144
TMEM238,-0.1126433834972298
TMEM238L,-0.6450354778510811
TMEM239,0.23526235392267214
TMEM240,-0.7181698341964458
TMEM241,0.11530399444357942
TMEM242,0.0964102243154672
TMEM243,-0.13432418960706638
TMEM244,0.6573827787751245
TMEM245,-0.11338807535085316
TMEM247,0.5313763195001693
TMEM248,0.07235206571445296
TMEM249,-0.6745455181478099
TMEM25,-0.08537877612950417
TMEM250,0.012063017776186236
TMEM252,-0.21411014948292606
TMEM253,0.12260926476902512
TMEM254,0.08788095046763722
TMEM255A,0.45855172214779705
TMEM256,-0.04588032238390927
TMEM256-PLSCR3,-0.04585158952689028
TMEM258,-0.14241433476512722
TMEM259,0.0717569760768324
TMEM26,-0.3738414689704048
TMEM260,0.28237597972217904
TMEM262,0.5446065241574641
TMEM263,0.06015785464930179
TMEM265,0.17268758444104665
TMEM266,0.1381818346688295
TMEM267,0.16995644232223128
TMEM268,-0.13530256993825018
TMEM269,-0.3640054811815854
TMEM270,-0.7083216601997335
TMEM271,-0.22431876211519386
TMEM272,0.4269207057199478
TMEM273,-0.09756161677671205
TMEM275,0.07998843042722237
TMEM276,-0.07417637359545814
TMEM276-ZFTRAF1,-0.09365073417533143
TMEM30A,-0.0662223421581416
TMEM30B,0.2605265234018772
TMEM31,0.012437843564833795
TMEM33,0.14457082374232666
TMEM35A,-0.7531750581769915
TMEM35B,-0.15721745314586677
TMEM37,-0.4481326021977732
TMEM38A,-0.20777209959122356
TMEM38B,0.0715150312557915
TMEM39A,-0.13107394246217652
TMEM39B,0.12934807896235867
TMEM40,0.07570158552586681
TMEM41A,0.0020657939419281846
TMEM41B,0.17749076740798486
TMEM42,0.24260990230850243
TMEM43,0.048343046925309885
TMEM44,0.3981567695236743
TMEM45A,0.17573535501250648
TMEM45B,-0.03773407303042675
TMEM47,0.2818492502476251
TMEM50A,-0.03372125873941734
TMEM51,-0.371122132550179
TMEM52,0.039985281330114475
TMEM52B,0.3426951591231835
TMEM53,0.01619657624325832
TMEM54,-0.21371250243161644
TMEM59,0.04688458889611269
TMEM59L,0.648100128643927
TMEM60,0.12667144090494897
TMEM61,0.06496612312854655
TMEM62,-0.22688841364211676
TMEM63A,0.36840557124957485
TMEM63B,0.10733401954208466
TMEM63C,-0.3379843312439321
TMEM64,0.07343434336278279
TMEM65,-0.007746167463156262
TMEM67,0.17964130790990485
TMEM68,0.11916598532457723
TMEM69,-0.00976778938299283
TMEM70,0.043807334463343395
TMEM71,-0.21852920304041934
TMEM72,-0.01481343581053185
TMEM74,-0.15328507879313236
TMEM74B,-0.12056452729183675
TMEM79,-0.0655163647089596
TMEM80,-0.14156093849931928
TMEM81,1.509337435822698
TMEM82,-0.5120188546212494
TMEM86A,0.4883706635535812
TMEM86B,-0.3544087517494474
TMEM87A,0.18593280509453525
TMEM87B,-0.002303806661986485
TMEM88,0.05692598472060606
TMEM88B,0.3518394591074885
TMEM89,-0.5040199817216604
TMEM8B,0.0070053966814001
TMEM9,-0.5762507068015785
TMEM91,0.5543221538803211
TMEM92,-0.3377155742385334
TMEM94,0.3329144528160695
TMEM95,-0.007972274692138903
TMEM97,-0.01831742344812959
TMEM98,0.08945225809414836
TMEM9B,-0.1690601461003265
TMF1,0.16350261641035058
TMIE,0.27547271338440726
TMIGD1,0.34444766500332946
TMIGD2,0.3489172196961754
TMIGD3,0.821534663696471
TMOD1,-0.16011877776951522
TMOD2,-0.3663351243450208
TMOD3,-0.06335183715451986
TMOD4,0.31685610585981405
TMPO,-0.06219715679216353
TMPPE,0.10147580052769634
TMPRSS11A,-0.6111819104067526
TMPRSS11B,0.38028455379521175
TMPRSS11D,0.29686142268693505
TMPRSS11F,-0.3199004445735687
TMPRSS12,0.26586336121933674
TMPRSS13,0.10546976081449166
TMPRSS15,0.4534197033641054
TMPRSS2,0.45742924154687215
TMPRSS3,0.046541249837130705
TMPRSS4,-0.1702017960920904
TMPRSS5,0.23967709360398104
TMPRSS6,0.0047573176740793865
TMPRSS7,1.6722091454832138
TMPRSS9,-0.3035116363159618
TMSB10,0.29287289694117025
TMSB15A,0.5391128506577866
TMSB15B,-0.04507187448841776
TMSB4X,-0.034333562187915945
TMT1A,-0.4377626721949238
TMT1B,0.3194291279166479
TMTC1,-0.5283048424481349
TMTC2,0.13608844363055006
TMTC3,0.08240412337362191
TMTC4,0.041101574857325573
TMUB1,-0.002563266788945917
TMUB2,-0.08753505132149986
TMX1,0.003118161889047677
TMX2,0.10875912180659775
TMX3,0.021420504493778303
TMX4,0.05019693349661747
TNC,0.5921386261444943
TNFAIP1,0.11534462747544261
TNFAIP2,-0.11694179875664279
TNFAIP3,0.03124621949971207
TNFAIP6,0.42329926315651223
TNFAIP8,-0.034168208302181924
TNFAIP8L1,0.18987146055069903
TNFAIP8L2,0.08038547924901618
TNFAIP8L3,0.12700883199824714
TNFRSF10A,-0.029651028437226223
TNFRSF10B,0.03211888039133548
TNFRSF10C,-0.34488178425805494
TNFRSF10D,0.24743538012577115
TNFRSF11A,0.06611927633408632
TNFRSF11B,0.010231904056345886
TNFRSF12A,0.11638993697750966
TNFRSF13B,-0.9711842515881814
TNFRSF13C,0.0857623977042028
TNFRSF17,0.35308370923532134
TNFRSF18,-0.3489155794344616
TNFRSF19,0.7145215652415344
TNFRSF1A,-0.0036227645444295575
TNFRSF1B,0.8661069794820735
TNFRSF21,-0.2706864286918993
TNFRSF25,-0.337341470488032
TNFRSF4,0.06069057426898583
TNFRSF6B,-0.378969474149474
TNFRSF8,-0.38457196086827006
TNFRSF9,0.5628085952640544
TNFSF10,0.23355939567439776
TNFSF11,-0.7980038983369215
TNFSF12,-0.4453364255110759
TNFSF12-TNFSF13,-0.3132325930856559
TNFSF13,0.020536248803779467
TNFSF13B,-0.6671710393826304
TNFSF14,0.40077320329892574
TNFSF15,-0.25318553978476177
TNFSF18,-0.2282791182190953
TNFSF4,0.1499177865225736
TNFSF8,0.4002325615150304
TNFSF9,0.287936981233079
TNIK,0.18203590903095002
TNIP1,-0.668987903704731
TNIP2,0.08789733268854727
TNIP3,-0.2397776696578644
TNK1,0.1366281140957406
TNK2,0.8430919334243818
TNKS,0.0713561654902728
TNKS1BP1,0.15032769111026756
TNKS2,-0.1611969561940212
TNMD,0.15287870598437037
TNN,0.9619359121667799
TNNC1,-0.0002464856819144323
TNNC2,0.041752031492301
TNNI1,0.4713225341249596
TNNI2,0.12140330853422365
TNNI3,0.19617863581340744
TNNI3K,-0.8335798090722599
TNNT1,0.11813077893482204
TNNT2,-0.16894836996134188
TNNT3,0.13597536532565746
TNP1,0.6397109171110862
TNP2,-0.63421550255782
TNPO1,-0.09433555021434348
TNPO2,0.11526313238435826
TNPO3,-0.02263964004800556
TNR,0.3569642764976053
TNRC18,0.06851037443947527
TNRC6A,-0.3353644147708953
TNRC6B,-0.0107868003195426
TNRC6C,-0.0023983564631748777
TNS1,-0.2562344661116627
TNS2,-0.02409080751293935
TNS3,-0.5274742032062525
TNS4,0.13922407394970104
TOB1,-0.018142606596684985
TOB2,-0.21187758677446933
TOE1,0.09649352893085794
TOGARAM1,0.016246965762885424
TOGARAM2,-0.013105579261528444
TOLLIP,0.14110089231008072
TOM1,-0.14677556457593166
TOM1L1,-0.12295648629177774
TOM1L2,0.06605324799366397
TOMM20,0.04319542941110743
TOMM20L,-0.048416855255366445
TOMM22,0.24120918437738315
TOMM34,0.007009520352129428
TOMM40,-0.03468787988081434
TOMM40L,-0.19722173654749664
TOMM5,0.12319954360130492
TOMM6,-0.014406703912659857
TOMM7,-0.0406454113477599
TOMM70,0.10844106309655999
TOMT,-0.22903091739705422
TONSL,-0.11824398422828608
TOP1,0.05422467367157324
TOP1MT,-0.09008785092333782
TOP2A,0.052391708395745695
TOP2B,0.11689121081319431
TOP3A,0.026303206188068806
TOP3B,0.3819910584284836
TOP6BL,0.019414766991149968
TOPAZ1,-1.2646520834866144
TOPBP1,0.22583177088253592
TOPORS,0.11900516193331079
TOR1A,-0.02407268775281457
TOR1AIP1,0.03726707908612603
TOR1AIP2,-0.006017180178767845
TOR1B,0.02376744780088469
TOR2A,-0.08615074716203974
TOR3A,-0.0023310845438642147
TOR4A,0.1354149451871416
TOX,-0.053493971531040074
TOX2,0.4296766523304336
TOX3,-0.14454010523269034
TOX4,-0.08086016317265443
TP53,0.25940337758043874
TP53AIP1,-0.18322357217198293
TP53BP1,-0.049741587073741655
TP53BP2,-0.07171234825187067
TP53I11,-0.03994965698842634
TP53I13,0.5492876205513197
TP53I3,-0.13621194618061638
TP53INP1,-0.13057068052235588
TP53INP2,-0.044833469527222114
TP53RK,-0.11177445332383051
TP53TG5,0.5342455183602217
TP63,-0.4322843205229461
TP73,0.04578991040994923
TPBG,-0.26794686009994506
TPBGL,0.12966379878713186
TPCN1,0.11048286681467534
TPCN2,-0.06621011776804764
TPD52,0.15389172364082215
TPD52L1,-0.4428112413331561
TPD52L2,0.040899446664315775
TPD52L3,0.29555779299740653
TPGS1,0.018797624691855752
TPGS2,-0.012711943013402838
TPH1,1.2334930367323813
TPH2,-0.06375939897732108
TPI1,0.09746909793815561
TPK1,0.012083700103927342
TPM1,-0.12369570292763998
TPM2,-0.010670800468255415
TPM3,0.9252709306078413
TPM4,-0.2639757951713775
TPMT,0.1256026774644221
TPP1,-0.10909074982901767
TPP2,0.04060778311793012
TPPP,-0.2400290794505473
TPPP2,0.011529681802703973
TPPP3,-0.40410024413735796
TPR,-0.08306330284310981
TPRA1,-0.005393042327930253
TPRG1,-0.2263285892802755
TPRG1L,-0.048756770035060626
TPRKB,-0.08553779363345848
TPRN,-0.07452764518588495
TPRX1,0.12224607580357905
TPRX2,0.5661859234405914
TPSAB1,0.371807472555751
TPSB2,0.24254627186068767
TPSD1,-0.6291028415913489
TPSG1,-0.19808357694669573
TPST1,-0.22599285852496243
TPST2,0.32236060513327747
TPT1,-0.15518137713517977
TPTE,-0.7340087519374184
TPTE2,0.06347872819426315
TPTEP2-CSNK1E,-0.7679336117495537
TPX2,-0.0844382098544072
TRA2A,0.0653742159892019
TRA2B,-0.18210022413954352
TRABD,-0.19728173883187017
TRABD2A,0.15334848187192351
TRABD2B,0.18755356284142266
TRADD,0.0705326785156668
TRAF1,0.1612018617806572
TRAF2,-0.28533926802498466
TRAF3,-0.02054509818517758
TRAF3IP1,0.38785323973695496
TRAF3IP2,0.3309773427798981
TRAF3IP3,0.10997086996476035
TRAF4,0.060263316790568844
TRAF5,0.2219452973140421
TRAF6,0.1401096096187331
TRAF7,-0.017263680303863715
TRAFD1,-0.0580116990595112
TRAIP,-0.12968690234897373
TRAK1,-0.13024689961248637
TRAK2,-0.05014874068742081
TRAM1,-0.1946134170520022
TRAM1L1,0.9432062131298857
TRAM2,-0.19761099437009788
TRANK1,-0.7796069668127436
TRAP1,-0.03345872727017429
TRAPPC1,-0.03817026726368766
TRAPPC10,0.020626416247957913
TRAPPC11,-0.07811011286080305
TRAPPC12,0.10846126661514344
TRAPPC13,0.10118358875540956
TRAPPC14,-0.011272616971818472
TRAPPC2,-0.005240869421193395
TRAPPC2B,0.10486830188379415
TRAPPC2L,0.045058048526372296
TRAPPC3,0.015649587023742306
TRAPPC3L,1.8421510473937948
TRAPPC4,0.039316625239369074
TRAPPC5,0.05503429761300449
TRAPPC6A,0.10584690427783361
TRAPPC6B,-0.082122012244489
TRAPPC8,0.31119467508531495
TRAPPC9,-0.3253759644809371
TRARG1,-0.3445427645961975
TRAT1,0.5647691349518138
TRBV11-2,0.7951927187748713
TRDMT1,0.18393913069787438
TRDN,1.1729799651210007
TREH,-0.5785319432576684
TREM1,-0.6630362908611054
TREM2,-0.09793388979906154
TREML1,-0.27066404140525246
TREML2,0.0008293062463922141
TREML4,-0.07644517207780777
TRERF1,-0.234268156337623
TREX1,0.3305652382115074
TREX2,-0.06551952482878676
TRH,-0.48809531456611943
TRHDE,-0.3828937418697623
TRHR,0.32690130571562936
TRIAP1,0.010921250464387633
TRIB1,0.17928420937947465
TRIB2,-0.02940742081274461
TRIB3,-0.2842415741929212
TRIL,0.37103565951381023
TRIM11,-0.2932989959176986
TRIM13,0.1967735241780133
TRIM14,-0.28020952872815297
TRIM15,0.0
TRIM16,-0.054312511837792954
TRIM17,0.04894710103430544
TRIM2,-0.20248271342197333
TRIM21,-0.012314584438620102
TRIM22,-0.10342466672106487
TRIM23,-0.14756803351436698
TRIM24,-0.14719266676037357
TRIM25,-0.15840184346778496
TRIM28,0.06709687138601073
TRIM29,-0.5505030010190094
TRIM3,0.2076570989906008
TRIM32,0.024542279832649783
TRIM33,-0.029234732964629195
TRIM34,-0.23822199102620267
TRIM35,-0.09745496987872126
TRIM36,0.4409728787974667
TRIM37,-0.033813252255925796
TRIM38,0.13265972275389393
TRIM4,-0.09269186453333056
TRIM41,0.0
TRIM42,-0.8761595717244022
TRIM43,-0.8147791170803136
TRIM43B,-1.0210765920482818
TRIM44,0.016117410171898605
TRIM45,0.0035399230101980095
TRIM46,-0.05228781489525414
TRIM47,-0.5065926660356581
TRIM48,-0.8382056582343473
TRIM49,0.09917258051356503
TRIM49B,0.28534459479240093
TRIM49C,0.009694377087105188
TRIM49D1,0.01764365625496911
TRIM49D2,0.3136444674844101
TRIM5,0.8676678066535426
TRIM50,0.33253589788821547
TRIM51,-0.2092950641750324
TRIM51G,0.0
TRIM52,0.024068810220188475
TRIM54,0.1529536675859284
TRIM55,-0.01075999464406685
TRIM56,-0.2063343922769394
TRIM58,0.03907728340714556
TRIM59,-0.056959302705365145
TRIM59-IFT80,-0.1305719381911592
TRIM6,-0.5207108860608572
TRIM6-TRIM34,-0.712446390293854
TRIM60,-0.5748259103675974
TRIM61,0.5261389599937174
TRIM62,0.04404740455445433
TRIM63,-0.30072584544987535
TRIM64B,0.5367227120387392
TRIM64C,-0.36349434295956873
TRIM65,-0.20109242161537022
TRIM66,-0.07991728064447123
TRIM67,-0.6629823941926067
TRIM68,-0.016606655451623098
TRIM7,-0.1914728951575011
TRIM71,-0.42478004113955814
TRIM72,-0.6861257408191841
TRIM73,0.26267419933047087
TRIM74,0.19390639111545638
TRIM75,0.11610241298821483
TRIM77,1.0606041092730112
TRIM8,0.13394577619536996
TRIM9,0.11814326346955539
TRIML1,-0.9274133813005869
TRIML2,-0.02166912060895454
TRIO,0.07869044757811405
TRIOBP,-0.4378269945851213
TRIP10,-0.016682771104272298
TRIP11,0.14296153659892408
TRIP12,0.09101851198642308
TRIP13,0.05602797027257367
TRIP4,0.2977894356114672
TRIP6,-0.7379691888606374
TRIQK,0.06020926008618266
TRIR,0.05202632260795603
TRIT1,-0.0385718034758904
TRMO,0.09609847006725936
TRMT1,0.03680706450206106
TRMT10A,-0.034048653509609395
TRMT10B,0.23625359848500738
TRMT10C,0.07233165111091289
TRMT11,0.06380305748578463
TRMT112,0.13927555335812958
TRMT12,-0.20006205447327918
TRMT13,0.12913735958233197
TRMT1L,0.16196562339620346
TRMT2A,-0.21691533764689375
TRMT2B,-0.035970215681468076
TRMT44,-0.09373640347135997
TRMT5,0.18928745506308609
TRMT6,0.02439351232888498
TRMT61A,-0.016974235070161825
TRMT61B,0.09022671834535423
TRMT9B,-0.22315939669367002
TRMU,-0.31897284696220696
TRNAU1AP,0.08584067436369391
TRNP1,0.4208234234023909
TRNT1,-0.2590290181061006
TRO,-0.06424624200403439
TROAP,0.042374439760178184
TRPA1,-0.09325552747281973
TRPC1,-0.1767185719420814
TRPC3,-0.11316294217279088
TRPC4,0.22110693623388178
TRPC4AP,0.08557888463155017
TRPC5,0.0591067651058963
TRPC5OS,-0.2653003096727027
TRPC6,0.06493184392681198
TRPC7,0.6133094892285201
TRPM2,-0.10259786317195674
TRPM3,-0.40049332342166344
TRPM4,-0.12418903370654055
TRPM5,0.21233313446121946
TRPM6,0.6562342044032732
TRPM7,0.09023514854553216
TRPM8,-1.6257923573854571
TRPS1,1.745448179506925
TRPT1,-0.041937149580940414
TRPV1,0.37955876926188775
TRPV2,-0.08394203909037667
TRPV3,-0.0722683370193491
TRPV4,-0.7242405060102242
TRPV6,0.12136387005208338
TRRAP,0.017262099622384675
TRUB1,-0.3363011781361127
TRUB2,-0.1253203643242422
TSACC,0.012300091731391127
TSC1,-0.6990743439000608
TSC2,-0.12664587871486166
TSC22D1,0.014280697552208288
TSC22D2,0.09734454015787364
TSC22D3,-0.38154686882932953
TSC22D4,0.0015129713314170345
TSEN15,-0.002041181003820114
TSEN2,0.1480139673271843
TSEN54,0.05939542637645889
TSFM,-0.20267230073003173
TSG101,0.06278752493600859
TSGA10,0.09996695716709869
TSGA10IP,-0.1392586945801383
TSGA13,-0.45235977073109623
TSHB,-0.5981095682417246
TSHR,-0.0786418611726507
TSHZ1,0.18019424760446157
TSHZ2,0.8177107131269484
TSHZ3,-0.16815921819878987
TSKS,0.035898393480356505
TSKU,-0.03838076799359991
TSLP,0.2396000065463959
TSN,-0.1582660208421398
TSNARE1,0.045095633911667043
TSNAX,0.13547932848269895
TSNAX-DISC1,0.13836952770489397
TSNAXIP1,-0.10480109838787932
TSPAN1,0.3012483626662734
TSPAN10,-0.1349907386244098
TSPAN11,-0.3938431960578885
TSPAN12,0.3780224572225923
TSPAN13,-0.04814097517758231
TSPAN14,0.3604197483740461
TSPAN15,-0.0733540526611165
TSPAN16,1.0957873273602416
TSPAN17,-0.180553695357502
TSPAN18,0.06956078704304702
TSPAN19,0.5828994140570525
TSPAN2,0.023905435555016563
TSPAN3,0.9540853864172643
TSPAN31,0.28566013389147615
TSPAN32,0.048298060421071654
TSPAN33,0.16682718450836553
TSPAN4,-0.03589339378084322
TSPAN5,-0.06864289946042312
TSPAN6,-0.6279949476287394
TSPAN7,0.04625802957548375
TSPAN8,0.392412555655433
TSPAN9,0.18356964249086305
TSPEAR,0.2810620358272291
TSPO,1.0637557338373735
TSPO2,1.1888781878522712
TSPOAP1,0.0
TSPYL1,0.1220514013620475
TSPYL2,-0.29930356794342483
TSPYL4,0.04542300892183526
TSPYL5,-0.03631669769913781
TSPYL6,-1.0927527418894756
TSR1,-0.06104015451241018
TSR2,0.16156536900691343
TSR3,-0.0012182506426761108
TSSC4,-0.07956277819591051
TSSK1B,0.3295324707015361
TSSK2,0.5988899850189595
TSSK3,-0.24942214754393888
TSSK4,0.24628815538830495
TSSK6,0.06459575826532937
TST,-0.0033336190106840746
TSTD1,0.16407081289938397
TSTD2,0.1729414827347977
TTBK1,-0.2622877362390472
TTBK2,0.2642077754163683
TTC1,0.32121804231672035
TTC12,0.5564909478639093
TTC13,-0.16377521043800414
TTC14,0.10194917254997726
TTC16,0.01181418238726284
TTC17,0.2551480089955538
TTC19,0.19665803518922775
TTC21A,-0.15689652952952837
TTC21B,-0.07376355794375211
TTC22,0.15302052665853805
TTC23,-0.0462296470456236
TTC23L,-0.9952452885783756
TTC24,-0.17451534114248313
TTC27,0.021639912253552218
TTC28,-0.31551712466684223
TTC29,0.005846633001756363
TTC3,-0.1531366659708997
TTC31,0.027173316342066656
TTC32,-0.023232483799585424
TTC33,-0.14604517276952134
TTC34,0.18249895690732632
TTC36,-0.10534891824446335
TTC38,0.8897647466635299
TTC39A,-0.43568180302210613
TTC39B,-0.3859815697783895
TTC39C,0.4791356995694799
TTC4,0.054761893714535326
TTC5,-0.06576723631600867
TTC6,-0.31306128176499737
TTC7A,-0.11189156516091892
TTC7B,-0.02543699426771351
TTC8,-0.06884900820507855
TTC9,0.1653238881726855
TTC9B,-0.49031150838812065
TTC9C,-0.014405335790577567
TTF1,0.2524794880924981
TTF2,0.1250605432433165
TTI1,-0.010584024272034753
TTI2,0.18462165000731723
TTK,-0.10593541176798293
TTL,0.004724002723753173
TTLL1,-0.14512463775098894
TTLL10,0.23544483310960107
TTLL11,0.2240723516350034
TTLL12,-0.11003231548165537
TTLL13,-0.605426187093251
TTLL2,-0.09986527492380404
TTLL3,-0.2945024344179379
TTLL4,-0.017887373198330003
TTLL5,0.9345917017880787
TTLL6,0.03121727900023341
TTLL7,0.10577864848697871
TTLL8,0.13174623376668315
TTLL9,0.19810021700078595
TTN,-1.017796056033553
TTPA,0.5062909290760594
TTPAL,0.061435893238027006
TTR,0.4919679228229279
TTYH2,-0.2738148472129125
TTYH3,-0.19341877604619295
TUB,-0.4170360818464789
TUBA1A,0.08764292814838548
TUBA1B,-0.10906758802210081
TUBA1C,0.08763164961726844
TUBA3C,-0.3403229936706488
TUBA3D,-1.7541497089726317
TUBA3FP,-0.09621074759383763
TUBA4A,0.19298546840033826
TUBA4B,0.1897201208910091
TUBA8,-0.23998857913445193
TUBAL3,0.18831557534048926
TUBB,-0.8996562427785826
TUBB1,0.7147616761816336
TUBB2A,0.12268598725933533
TUBB2B,-0.2610130964594305
TUBB3,0.17822394453210233
TUBB4A,-0.047984230752539325
TUBB4B,-0.049015031102283224
TUBB6,0.686070093741521
TUBB8,-0.5388851292303133
TUBB8B,-0.3542178289161969
TUBD1,0.12930876096644894
TUBE1,-0.053565366749007026
TUBG1,0.027806332565008418
TUBG2,0.022065422406182034
TUBGCP2,-0.3186125714515349
TUBGCP3,-0.24242978981441787
TUBGCP4,0.28453530222251566
TUBGCP6,-0.08908151660847263
TUFM,-0.09792718797086764
TUFT1,-0.0035498362463934896
TUG1,0.12711408952348258
TULP1,-0.11468222245651905
TULP2,0.7368136521408148
TULP3,-0.1286813648594718
TULP4,-0.09098569327276795
TUNAR,0.5979549401110056
TUSC1,0.4842951117592047
TUSC2,-0.10948758742853393
TUSC3,1.0326013655571513
TUT1,0.04840338701767877
TUT4,0.03948348898742271
TUT7,0.15519956866347684
TVP23A,-0.5038345570534846
TVP23B,0.18192888322718392
TVP23C,-0.6082028301384561
TVP23C-CDRT4,-0.6128181599849014
TWF1,-0.13111692725583346
TWF2,0.17307012802237942
TWIST1,-0.3013271369500485
TWIST2,-0.005776269784915744
TWNK,0.15359646345643263
TWSG1,0.022203220524643186
TXK,0.34687063944531316
TXLNA,0.10136631240114546
TXLNB,0.27761935446650776
TXLNG,-0.03336382266120275
TXN,-0.16825815453315585
TXN2,-0.018609302031877384
TXNDC11,-0.08090143990036225
TXNDC12,0.24346875859658113
TXNDC15,-0.20106098485696577
TXNDC16,-0.00735832902839384
TXNDC17,0.16756618826870717
TXNDC2,0.7426295197563272
TXNDC5,-0.01778406257726095
TXNDC8,0.19378303316267198
TXNDC9,0.027973863718539937
TXNIP,0.10040481117376654
TXNL1,0.08943216760095929
TXNL4A,0.12832292248478172
TXNL4B,0.035311977193640764
TXNRD1,-0.017685559158638245
TXNRD2,-0.11769189074422703
TXNRD3,-0.06792348656886782
TYK2,-0.014675422977727948
TYMP,-0.4271489682674938
TYMS,-0.1522489627876773
TYR,0.9584985041865122
TYRO3,0.10717089222644649
TYROBP,0.10830502492423322
TYRP1,-2.0735695525194595
TYSND1,0.039654763748986355
TYW1,-0.09672248253841609
TYW1B,-0.2597095496669404
TYW3,0.3381095237082299
TYW5,0.0924654148701185
U2AF1,-0.6758815908375619
U2AF1L4,0.008541992713209545
U2AF2,0.1265814033640389
U2SURP,0.3048483948348055
UACA,0.010724368307641896
UAP1,0.004156968732908162
UAP1L1,-0.05334012945052491
UBA1,-0.10929633973540476
UBA2,-0.09031857696189416
UBA3,-0.15168375355844654
UBA5,0.7715444862595189
UBA52,0.049933182399988674
UBA6,0.12220855976091549
UBA7,-0.3345343116280852
UBAC1,-0.04908866140873425
UBAC2,-0.1128226388117568
UBALD1,-0.13175045808288743
UBALD2,0.12778493985094386
UBAP1,-0.0924641110960005
UBAP1L,1.1103983417034222
UBAP2,-0.05897833473119363
UBAP2L,0.04152886371489739
UBASH3A,0.19413807229564384
UBASH3B,0.23285754975255823
UBB,-0.15287853477736268
UBC,0.11929595578192043
UBE2A,0.10456032173998198
UBE2B,0.12567133118977925
UBE2C,-0.0899793892953964
UBE2D1,0.05646918760094222
UBE2D2,-0.29194229345735445
UBE2D3,-0.09308338634948754
UBE2D4,-0.10868656984938596
UBE2E1,-0.12452879423999264
UBE2E2,0.10323445148485888
UBE2E3,1.570208104539417
UBE2F,-0.029609746573471263
UBE2F-SCLY,-0.015530259348491171
UBE2G1,-0.015704170574539766
UBE2G2,-0.04470415737774758
UBE2H,-0.22182460490361322
UBE2I,-0.0720423744998242
UBE2J1,0.09255731195617223
UBE2J2,-0.14681176947399788
UBE2K,-0.09694556032394175
UBE2L5,0.039658668341084
UBE2L6,-0.08001186750260025
UBE2M,-0.018543432675849125
UBE2N,-0.1582897684888378
UBE2NL,-0.3640632863346078
UBE2O,-0.09187923927722963
UBE2Q1,-0.07822114087487275
UBE2Q2,-0.20028613482879187
UBE2QL1,0.29832746244541164
UBE2R2,-0.19162717409499042
UBE2S,0.11467960986858117
UBE2T,0.042227427769288894
UBE2U,0.4226207217204266
UBE2V1,0.1563965844298787
UBE2V2,0.05064431197110508
UBE2W,-0.007215352088183913
UBE2Z,0.17398910022314595
UBE3A,-0.013416540850583303
UBE3B,0.4397581147104086
UBE3C,0.1503336339123349
UBE3D,-0.11468190329521066
UBE4A,-0.10050367675560867
UBE4B,0.027549142344274635
UBFD1,-0.07104280038905042
UBIAD1,-0.12156412246471504
UBL3,0.1904570414274387
UBL4A,-0.11225403927052868
UBL4B,-0.22879072363433428
UBL5,-0.006449324570493076
UBL7,-0.14964623998297633
UBLCP1,-0.1100409252033887
UBN1,-0.20804395636858608
UBN2,-0.11084345194228629
UBOX5,-0.06823655539125983
UBP1,3.460935043531066e-05
UBQLN1,0.08615219718293243
UBQLN2,0.01517036575855224
UBQLN3,0.6024108109535471
UBQLN4,-0.008164368570371394
UBQLNL,0.13501269281906825
UBR1,0.05717365957333698
UBR2,-0.007527414486169448
UBR3,0.15780706092956365
UBR4,-0.0727481165985484
UBR5,-0.06615466574104278
UBTD1,-0.09339862029504609
UBTD2,-0.05565382139188291
UBTF,0.13619439999717908
UBXN1,0.3734885396822203
UBXN10,0.576672179201692
UBXN11,0.4027087078598579
UBXN2A,-0.02387632041988219
UBXN2B,0.25591205606570444
UBXN4,-0.18074472879095005
UBXN6,-0.1266033024164268
UBXN7,-0.11164903905537127
UBXN8,-0.008854531626288242
UCHL1,0.6550326619815869
UCHL3,0.12061110136607756
UCHL5,-0.06736473857915026
UCK1,-0.05666392702761769
UCK2,-0.13941831836714247
UCKL1,-0.1580883247666991
UCMA,-0.00973132410132116
UCN,-0.19914798370266162
UCN2,0.32511778525747204
UCN3,0.44140019369112515
UCP1,0.32110803284459
UCP2,-0.06838100772509836
UCP3,0.30664542487883706
UEVLD,-0.2555349322279806
UFC1,0.3080384049411118
UFD1,-0.019678796888589645
UFL1,0.11330871195658876
UFM1,0.08976381070106765
UFSP1,0.013421187561031722
UFSP2,0.08006932353894314
UGCG,-0.26845829985480574
UGDH,-0.15110293184983448
UGGT1,-0.008639444100484894
UGGT2,0.6755712905205088
UGP2,0.06987630222544894
UGT1A1,0.5478955618518448
UGT1A10,0.7387091666661847
UGT1A3,-0.7246153746539926
UGT1A4,1.1074333140578339
UGT1A5,-0.263587405457143
UGT1A6,0.4779090998325125
UGT1A7,-1.445135854255017
UGT1A8,-0.719909947174085
UGT1A9,0.9651878414602358
UGT2A1,0.0444557424219818
UGT2A2,-0.7960590095741102
UGT2B11,-0.404498108942807
UGT2B15,-0.7753367464939829
UGT2B28,0.10337005200769367
UGT2B4,-0.18095169169141845
UGT2B7,0.5970894523559753
UGT3A1,0.6771166672350397
UGT3A2,0.45972658247663506
UGT8,0.8360150923641609
UHMK1,-0.10972889702509558
UHRF1,0.13273953709803182
UHRF2,-0.08022667828946517
UIMC1,-0.05619554382676384
ULBP1,-0.28406618807941264
ULBP2,0.15160274459985246
ULBP3,0.18019206641735153
ULK1,0.04900275964164358
ULK2,0.5061100393806617
ULK3,-0.11569326195412444
ULK4,0.09438865857525602
UMAD1,0.06109302945920003
UMOD,0.8140221457709707
UMODL1,0.13099091897154658
UMPS,0.20098645329726805
UNC119,-0.23920152766178715
UNC119B,-0.1928331814853994
UNC13A,0.21278950018232834
UNC13B,0.14041085091968375
UNC13C,-0.15975520683407468
UNC13D,-0.16755738786064622
UNC45A,0.030554225731932227
UNC45B,0.17823830594870949
UNC50,0.07166830015853787
UNC5A,-0.0024507874680681496
UNC5B,0.09093484942877872
UNC5C,-1.1340605880672865
UNC5CL,-0.27085468416478875
UNC5D,1.7950868304353373
UNC80,0.043303324994176884
UNC93A,0.40222342157094193
UNC93B1,-0.2551558469670958
UNCX,0.020625724946438717
UNG,0.15152180961230943
UNK,-0.04864126087395526
UNKL,-0.03199894397397118
UPB1,0.11804965458274619
UPF1,-0.17080910062925891
UPF2,0.01745321909528208
UPF3A,-0.06794874460688671
UPF3B,-0.016600567863617854
UPK1A,-0.5707414336195101
UPK1B,0.6521188298939695
UPK2,-0.19641843306546214
UPK3A,0.0020706558090215245
UPK3B,-1.9073029034323046
UPK3BL1,-0.2791465912859348
UPK3BL2,-0.1859603623877426
UPP1,0.49165342620988817
UPP2,-0.029436413259965377
UPRT,0.07757964727650846
UQCC1,0.04625646311647369
UQCC2,-0.07729518001850089
UQCC3,0.1692668653473801
UQCC4,-0.05300982941736532
UQCC5,-0.032087375105086746
UQCC6,-0.06681030166018243
UQCR10,-0.19339462456304268
UQCR11,-0.05493007227427693
UQCRB,0.2423966829674109
UQCRC1,0.21445790507910267
UQCRC2,0.2747829067283156
UQCRFS1,-0.13152441165168405
UQCRH,-0.20791669594265372
UQCRHL,-0.03637384049010728
UQCRQ,0.14126022866991583
URAD,-0.26102471186675347
URB1,-0.15386125385540872
URB2,-0.11596810641035127
URGCP,-0.1075945424674778
URGCP-MRPS24,0.010751599009787949
URI1,-0.3033673949502244
URM1,-0.10891531723565961
UROC1,-0.49272133681410946
UROD,-0.2900766253876963
UROS,0.12412158474001167
USB1,0.0988025288661083
USE1,-0.2916759777608604
USF1,0.0958143772635287
USF2,0.06435445069213497
USF3,-0.02805194483930329
USH1C,-0.17225238183686448
USH1G,-0.19747708378664885
USH2A,1.900631803843626
USHBP1,-0.23777890055562434
USO1,-0.08163273171102414
USP1,0.0760886170308046
USP10,0.01541778326009613
USP11,-0.1311558290015915
USP12,0.1649354713211011
USP13,0.030916651522858274
USP14,-0.06300112155350845
USP15,0.11918288971699731
USP16,-0.09937929969847925
USP17L1,-1.0103917762449193
USP17L18,-0.001946717117953245
USP17L2,-1.6481860807617827
USP17L24,-0.7347853125686519
USP17L7,1.522985962417894
USP18,-0.1373787011027905
USP19,-0.029943653666067327
USP2,0.043627967146363744
USP20,-0.05631338422720766
USP21,0.09615198436629413
USP22,-0.17436072428147043
USP24,-0.2693108831322757
USP25,0.04885653311042848
USP26,0.13807076156603526
USP27X,-0.3941688361438005
USP28,-0.1173934270981829
USP29,-0.16036377566992466
USP3,-0.1347937284841132
USP30,0.1527153491470552
USP31,0.07831587460194767
USP32,-0.21632646994376126
USP33,-0.038616354005188036
USP34,-0.2671475368791354
USP35,-0.06738933622528709
USP36,0.04391952468959204
USP37,0.08831786892225502
USP38,0.0210756171510198
USP39,-0.12709552551833214
USP4,-0.01530774471266394
USP40,-0.4920292576401015
USP42,0.04352099305531265
USP43,-0.022086965700068628
USP44,0.36151973366409873
USP45,-0.07610503313126671
USP46,-0.3150402263235308
USP47,0.06031227606036005
USP48,0.0003909369200503221
USP49,0.19710210087992497
USP5,0.0
USP50,0.5887670121284945
USP51,0.1720687129624061
USP53,0.019214678915663974
USP54,0.19099915726053673
USP6,-0.7922945458411781
USP6NL,-0.13528541190581755
USP7,-0.8151796939595187
USP8,-0.10521260477633554
USP9X,0.022267985773248178
USPL1,0.07236006674604045
UST,0.24712293405694785
UTF1,-0.2541651370497351
UTP11,0.33603248549030695
UTP14A,-0.09843914082994543
UTP14C,-0.49821421448204467
UTP15,-0.06870768067699018
UTP18,-0.08360273786018091
UTP20,0.22519550733779958
UTP23,0.1278348149037134
UTP25,0.3146974759458434
UTP3,0.017963831886736337
UTP4,0.07512411715710243
UTP6,0.08850073879411546
UTRN,-0.06402833049867018
UTS2,2.142452213595417
UTS2B,0.6946538844210228
UTS2R,-0.24550609622195152
UVRAG,-0.08655702665348475
UVSSA,0.20854467969182533
UXS1,-0.08452695271405197
UXT,-0.015910262207711412
VAC14,0.02997753133509473
VAMP1,0.05441478052932336
VAMP2,-0.10100373570384491
VAMP3,0.04878270487252223
VAMP4,-0.039843089942163346
VAMP5,0.17590361242628783
VAMP7,-0.4641605247611844
VAMP8,0.02973325056110898
VANGL1,-0.0593418978818514
VANGL2,0.08966849237651564
VAPA,0.04720563417735946
VAPB,-0.0619177629862806
VASH1,-0.1699647308853467
VASH2,-0.22603503040809692
VASP,-0.02740334949917056
VAT1,-0.01956691737531191
VAT1L,-0.3081667990786987
VAV1,-0.02480737060832716
VAV2,-0.0777651290574326
VAV3,0.1580310021721658
VAX1,-0.30149427860780964
VAX2,-0.20774531258297602
VBP1,0.27149605560437196
VCAM1,1.3283562915620173
VCAN,0.2818937191173201
VCF1,0.9236862489842131
VCF2,-0.006287911257075507
VCL,0.33682862967992755
VCP,-0.06346880364049312
VCPIP1,0.011345952530698256
VCPKMT,0.12889699846923186
VCX2,-0.36135941371620817
VCX3A,0.701356122900979
VCX3B,0.8147791170803136
VDAC1,0.05228041703555508
VDAC2,-0.03284386015380392
VDAC3,0.2520021547622333
VDR,0.16642498845529463
VEGFA,0.16897365752629678
VEGFB,0.09196766175714277
VEGFC,-0.19839431116758144
VEGFD,1.152035212030066
VENTX,0.08682108933608279
VEPH1,-0.12049082924096277
VEZF1,-0.04892248683515188
VEZT,0.023237968033585688
VGF,0.2361178392463401
VGLL1,-0.21176614866945098
VGLL2,0.40509904850914996
VGLL3,-0.058810178291169635
VGLL4,0.0
VHL,-0.008034109257257782
VHLL,0.19375980387197067
VIL1,-0.04680903422354499
VILL,0.5085722721320703
VIM,0.11974875888031367
VIP,0.43781929119047536
VIPAS39,0.01697944232750892
VIPR1,-0.7909596679798645
VIPR2,-0.8902121703372436
VIRMA,0.12955930402092264
VIT,-0.03557679464897112
VKORC1,-0.16755909766462818
VKORC1L1,-0.25092540303595534
VLDLR,-0.001800508288947178
VMA21,-0.032195817863931886
VMAC,0.010291456068601157
VMO1,-0.7676929962947838
VMP1,0.26753062878485423
VN1R1,-1.0974742569031233
VN1R2,-0.3290728188846743
VN1R4,-1.9959099250560923
VN1R5,-0.8977515746490592
VNN1,-0.44769179885898236
VNN2,-0.5161134545420475
VOPP1,-0.10135084536679795
VPREB1,-0.36931429341257926
VPREB3,0.20575101437055598
VPS11,-0.09102076517633151
VPS13A,-0.04595731266381886
VPS13B,0.0971060535358923
VPS13C,-0.0388835057247654
VPS13D,-0.21058785438124428
VPS16,-0.22333580558829702
VPS18,-0.1980451282739084
VPS25,0.2664032000511489
VPS26A,0.020806910298927228
VPS26B,-0.10256782839743916
VPS26C,-0.08147352484480042
VPS28,-0.07447619800093186
VPS29,0.1046700025534335
VPS33A,0.09975993069544753
VPS33B,0.29988326560318423
VPS35,0.054960460672316636
VPS35L,0.05904034763114829
VPS36,-0.10976406268382899
VPS37A,-0.010303341078179429
VPS37B,0.03646399144952461
VPS37C,-0.1291200005106914
VPS37D,0.1900205696203603
VPS39,0.04013355716654399
VPS41,-0.015853451487870873
VPS45,-0.0036742829803699806
VPS4A,-0.16626445722104943
VPS4B,0.0035982865351993354
VPS50,-0.2364445428313653
VPS51,0.5247698828819104
VPS53,0.11196029382327166
VPS54,0.032072755172423584
VPS72,0.427385862348852
VPS8,-0.04455042510320961
VPS9D1,-0.0432592469716262
VRK1,-0.25836587734993355
VRK2,-0.1923412165148145
VRK3,0.03490180519458708
VRTN,-0.00029975572611462553
VSIG1,0.47496581243499447
VSIG10,0.1301642962480445
VSIG10L,-0.6054637553099609
VSIG10L2,0.5803358153603889
VSIG2,0.31334637726003267
VSIG4,-0.1639727844618521
VSIG8,-0.05361501244585676
VSIR,-0.12135202630095598
VSNL1,0.047158323065946695
VSTM2A,1.3865546501051775
VSTM2B,-0.7271336558327405
VSTM2L,-0.25549449078501496
VSTM4,-0.12419502396961857
VSTM5,-0.37557617028843604
VSX1,0.43227605733291113
VSX2,-0.24647609636593815
VTA1,0.060421495112491286
VTCN1,-0.8100228341526495
VTI1A,0.15275326966957614
VTI1B,-0.27193914163282695
VTN,-0.19706213429055985
VWA1,-0.11825983834589326
VWA2,0.3313963990783344
VWA3A,-0.585918893293665
VWA3B,-0.00949069043503048
VWA5A,0.3275472327775879
VWA5B1,0.21086686389026044
VWA5B2,-0.22316674564206274
VWA8,-0.026056529040340948
VWC2,-0.1853842077185469
VWC2L,0.12191171057724315
VWCE,-0.24496311430905582
VWDE,0.002130430392978333
VWF,-0.43736973469804075
VXN,0.35135185706906835
WAC,-0.0012577523021040093
WAPL,0.03183303209549493
WARS1,-0.024487984698390974
WARS2,-0.03394314285153577
WAS,-0.21617336326651415
WASF1,0.027877399727966434
WASF2,-0.03275430812848157
WASF3,-0.01397868502413857
WASHC1,-0.28754801134738617
WASHC2A,-0.3306991705983007
WASHC2C,-0.444230264916043
WASHC3,0.05412977986147638
WASHC4,-0.02671243832226633
WASHC5,-0.039039397568308765
WASL,-0.0858938323176961
WBP1,0.1971017934962367
WBP11,0.019547182306895117
WBP1L,-0.03170222385903365
WBP2,-0.21708893817028319
WBP2NL,-1.960174641816815
WBP4,0.07578854532690737
WDCP,-0.07959178534009848
WDFY1,0.0641231893961236
WDFY2,0.09756189847187091
WDFY3,-0.10147699357134421
WDFY4,0.16579086155773956
WDHD1,-0.07698554978762129
WDPCP,0.3059914216227271
WDR1,0.1778533477534996
WDR11,0.14372548554841114
WDR12,0.09170712423087313
WDR13,-1.0035314310958712
WDR17,0.06109569275794158
WDR18,-0.09994303423137119
WDR19,-0.013537741941610726
WDR20,-0.0823426429020504
WDR24,-0.10601260014734404
WDR25,-0.04761457232936728
WDR26,0.5832507499242922
WDR27,-0.07790330885961172
WDR3,-0.06000005821278798
WDR31,0.24371790061715792
WDR33,0.15231056141188137
WDR35,-0.814028572197361
WDR36,0.009321927485313353
WDR37,0.054708497533462186
WDR38,-0.10679926023880171
WDR4,-0.00029358157388781336
WDR41,0.3753413423522195
WDR43,0.03810620678394283
WDR44,0.01787624287811873
WDR45,-0.0253106539022534
WDR45B,0.008793558715111338
WDR47,0.19894134362228222
WDR48,0.16593767723156816
WDR49,0.025361547095607673
WDR5,-0.07866204356393958
WDR53,-0.11069983870453903
WDR54,0.03109957506392469
WDR55,0.018029127686371993
WDR59,0.05031875546598741
WDR5B,-0.05756911936723608
WDR6,0.04889749448504421
WDR62,-0.09724886886577178
WDR64,1.4241113264423548
WDR7,0.08912292642548358
WDR70,-0.17444256134233083
WDR72,0.9292629620570549
WDR73,0.16939631257512744
WDR74,0.03320804373363284
WDR75,0.21499936672247788
WDR76,-0.16662685805046795
WDR77,-0.15478905227259254
WDR82,0.09686122070002412
WDR83,-0.12637740177443657
WDR83OS,0.09945572312558904
WDR86,-1.006754918482219
WDR87,-0.1587984586400646
WDR88,-0.2513793222918175
WDR89,0.1557298817317463
WDR90,-0.016547377722692325
WDR91,-0.11067416308536693
WDR93,-0.1684099910772323
WDR97,-0.4679949308761935
WDSUB1,0.0057301013522330635
WDTC1,0.0161683279774838
WEE1,-0.33030586290849406
WFDC1,-0.07090007248816566
WFDC10A,-0.27322004833165625
WFDC10B,-0.24560108605000708
WFDC11,0.19401284246147565
WFDC12,0.2654774444312309
WFDC13,1.1100164992701704
WFDC2,0.468009754344509
WFDC3,0.06580739673733493
WFDC5,-0.21678546880571314
WFDC6,1.6139303675950667
WFDC8,0.44153892839842257
WFDC9,-0.32151276314067595
WFIKKN1,-0.7289322484733407
WFIKKN2,-0.09926332432337004
WFS1,0.269372530743472
WHAMM,-0.19959880175743816
WHRN,0.4085919089640626
WIF1,-1.411073912769011
WIPF1,-0.09751378507743258
WIPF2,-0.05111144695498737
WIPF3,0.7331898187266335
WIPI1,0.24733748162011082
WIPI2,0.022383670769729136
WIZ,-0.32435845704677657
WLS,0.31037769440533913
WNK1,-0.007323587086170313
WNK2,0.7638126826294933
WNK3,-0.8974525008593746
WNK4,-0.18995924447717139
WNT1,-0.042067345003646395
WNT10A,0.13730000307198775
WNT10B,-0.18491011389202328
WNT11,0.1981014669151142
WNT16,1.0240216152919503
WNT2,0.3068108669434847
WNT2B,0.06648049625720631
WNT3A,0.29160254151504406
WNT4,-0.0628609748933684
WNT5A,-0.30573889580006186
WNT5B,-0.5746454337756302
WNT6,-0.47077201786986445
WNT7A,-0.2633615105606363
WNT7B,0.3817342933290999
WNT8A,0.004922602751530558
WNT8B,-0.6700821589346028
WNT9A,0.9018481231259667
WRAP53,0.04046827052264934
WRAP73,0.06530577357869535
WRN,0.06352739859311995
WRNIP1,-0.17220228484291056
WSB1,0.07541012074684961
WSB2,0.5838890702648174
WSCD1,-0.5141756158722046
WSCD2,-0.5770034188447544
WT1,0.3025808757861127
WTAP,-0.6915045583570374
WTIP,0.22018465359438766
WWC1,-0.6078966625735398
WWC2,0.0832615695212211
WWC3,-0.19905445847926262
WWOX,0.09738329340767304
WWP1,0.07841580390753045
WWP2,-0.0019053562132222979
WWTR1,0.8871543699338387
XAB2,0.23093586591191784
XAF1,0.5181937058049925
XAGE1A,-0.4641605247611844
XAGE2,0.8603596930377402
XAGE3,-1.3585111423683205
XAGE5,0.07003817912008636
XBP1,-0.03613310270506709
XCL1,0.08713904789863591
XCL2,0.11536760111130492
XCR1,0.5577744587967683
XDH,0.6292041354488305
XIAP,-0.0876831524092716
XIRP1,0.623759656384008
XIRP2,0.6463454811238711
XK,-0.9312799576789285
XKR3,0.3880859055241834
XKR4,0.39662487864990037
XKR5,-0.07403942505046679
XKR6,-1.1956852355305712
XKR7,0.09060476532234629
XKR8,-0.02678471686047068
XKR9,-0.09122400807000464
XKRX,0.16365754375081165
XNDC1N,-0.03729844058379328
XNDC1N-ZNF705EP-ALG1L9P,-0.03567816243365929
XPA,0.005242271282136279
XPC,-0.018173513895169968
XPNPEP1,0.0021771823166849558
XPNPEP2,-0.10961037223750658
XPNPEP3,0.029394438667672773
XPO1,-0.11674628386902164
XPO4,0.09097861711877098
XPO5,0.19054775948201108
XPO6,-0.13454540125662273
XPO7,0.061883533362859566
XPOT,0.006771837849181672
XPR1,0.031630411797568314
XRCC1,0.1572189521991762
XRCC2,-0.05539402941956251
XRCC3,0.05878475702115882
XRCC4,0.04078489273174046
XRCC5,-0.44190317890856856
XRCC6,-0.06308518311099931
XRN1,-0.003957683682358493
XRN2,0.0269625790751018
XRRA1,-0.06702836238759957
XXYLT1,-0.06318320067316563
XYLB,-0.24606302596918095
XYLT1,-0.4528545512866877
XYLT2,0.09624057516161244
YAE1,0.10483274671652687
YAF2,-0.11135647694972395
YAP1,-0.017856654141852335
YARS1,0.11248179982778606
YARS2,0.07640465081316439
YBEY,-0.16459046616523576
YBX1,0.06219986216479523
YBX2,0.09943638216523798
YBX3,-0.11527336784877296
YDJC,-0.2145548455707198
YEATS2,-0.11067185278924452
YEATS4,-0.009684022397604686
YES1,0.04135026040300627
YIF1A,-0.05180870195715492
YIF1B,0.18399182830213823
YIPF1,0.01001827337849548
YIPF2,-0.23012101099176885
YIPF3,0.06393544869400447
YIPF4,-0.16629211396999244
YIPF5,0.16337210319626383
YIPF6,-0.17284000669440625
YIPF7,0.12140446963046703
YJEFN3,-0.8093123917831568
YJU2,-0.10440723769190452
YJU2B,-0.03810637933434391
YKT6,-0.17693295920799024
YLPM1,-0.03175343202160974
YME1L1,-0.023950052908794817
YOD1,-0.014941962980469903
YPEL1,-0.16767825472079423
YPEL2,0.052935383420764204
YPEL3,-0.15187367662143125
YPEL4,-0.03179292864938166
YPEL5,-0.13425977504140274
YRDC,0.009266697404434865
YTHDC2,-0.05958418171984459
YTHDF1,0.08929492730952138
YTHDF2,0.05802181430622699
YTHDF3,-0.0018087280965009
YWHAB,-0.023048140529009054
YWHAG,0.0017876259687046314
YWHAH,-0.07038701781385193
YWHAQ,0.026989758931225794
YWHAZ,0.05263793544540718
YY1,0.029336892800055914
YY1AP1,-0.033479791957893745
YY2,0.9133533990444442
ZACN,0.1608788270300705
ZAN,-0.6916220830512017
ZAP70,-0.15342433026119373
ZAR1,0.14173987109490138
ZAR1L,0.016718115906876996
ZBBX,-1.0530829149810004
ZBED2,-0.7736628857303662
ZBED3,-0.05444129959220412
ZBED4,0.14902825902689631
ZBED5,0.09776038903901707
ZBED6,-0.09798125090348453
ZBP1,-0.14769220411828776
ZBTB1,-0.08885608739413353
ZBTB10,0.09840608499670012
ZBTB11,-0.0654873051033169
ZBTB14,0.035525640256575564
ZBTB16,0.19400136336337948
ZBTB17,0.1362109372424758
ZBTB18,-0.19629254734662105
ZBTB2,-0.16817037543355084
ZBTB20,0.2272888631573915
ZBTB21,-0.11573446485280581
ZBTB24,-0.2444961141233737
ZBTB25,-0.03239144191864085
ZBTB26,-0.061307393598805326
ZBTB3,0.013897932965458715
ZBTB32,0.5795490580554508
ZBTB33,-0.08661634365487014
ZBTB34,-0.03495021845571733
ZBTB37,-0.06985877723243306
ZBTB38,0.6882588574117091
ZBTB39,-0.07863101980329423
ZBTB4,0.09313541603186515
ZBTB40,-0.04686456367419983
ZBTB41,0.15054744119990282
ZBTB42,-0.043901802169687976
ZBTB43,0.04584265951292554
ZBTB44,-0.20809870213165205
ZBTB45,-0.09995821909224212
ZBTB46,-0.2739035124121212
ZBTB47,-0.09337748686473224
ZBTB48,-0.09230214217978627
ZBTB49,-0.11365936185275416
ZBTB5,0.07079868119273858
ZBTB6,0.1588455713729977
ZBTB7A,0.01568456820315589
ZBTB7B,0.02475002195001963
ZBTB7C,0.2452235492182986
ZBTB8A,0.19756908678071072
ZBTB8B,-0.8706787247023376
ZBTB8OS,0.08373025324329575
ZC2HC1A,0.1229598942223844
ZC2HC1B,0.03695643842488461
ZC2HC1C,0.2946835282103115
ZC3H10,-0.03458507781664988
ZC3H11A,-0.09795122503650777
ZC3H11B,0.0
ZC3H11C,1.5995092277699647
ZC3H12A,0.018321185594630585
ZC3H12B,-0.2907955287938915
ZC3H12C,-0.46027935770858286
ZC3H12D,-0.30321384794329953
ZC3H13,0.05073771376597058
ZC3H14,0.016316470075540934
ZC3H15,0.08638814329572853
ZC3H18,-0.005435649424716971
ZC3H4,-0.1463734208987466
ZC3H6,-0.026413377134939964
ZC3H7A,-0.14415547726329248
ZC3H7B,-0.14341495742692612
ZC3H8,-0.08895683709303803
ZC3HAV1,0.04220329836000869
ZC3HAV1L,-0.033865380605036854
ZC3HC1,0.41949230281016936
ZC4H2,-0.30019100633291185
ZCCHC10,-0.1965280602333177
ZCCHC12,0.2566245992731524
ZCCHC13,-0.8658631827742138
ZCCHC14,-0.06747001499860072
ZCCHC17,-0.026260158043498905
ZCCHC18,-0.4157962074106323
ZCCHC2,-0.04781908026977888
ZCCHC24,0.03141050158044223
ZCCHC3,-0.17602987633144274
ZCCHC4,-0.05036653536042479
ZCCHC7,-0.18220791129602176
ZCCHC8,0.15962524201638129
ZCCHC9,-0.01585465189888069
ZCRB1,0.009087843539918872
ZCWPW1,0.06139348562671909
ZCWPW2,0.10165374897747359
ZDBF2,0.2608714146862894
ZDHHC1,-1.179803009614203
ZDHHC11,-0.13208992344774795
ZDHHC11B,-0.11776160183083206
ZDHHC12,-0.22067276389341828
ZDHHC13,0.0984665507398077
ZDHHC14,-0.016564114715070133
ZDHHC15,-0.13619614921666923
ZDHHC16,0.16067184348816355
ZDHHC17,0.0418297850574989
ZDHHC18,0.29766217688430485
ZDHHC19,-0.6179636609778543
ZDHHC2,0.18587519742833614
ZDHHC20,0.11085695742715185
ZDHHC21,-0.03408078046287333
ZDHHC22,0.0926507391856135
ZDHHC23,0.08677502919528024
ZDHHC24,0.20922220500660638
ZDHHC3,0.09101132275536106
ZDHHC4,0.10248034872076328
ZDHHC5,-0.015663042519941328
ZDHHC6,0.1625184179931649
ZDHHC7,0.2522495933177975
ZDHHC8,-0.2284373078214843
ZDHHC9,-0.0758209805578991
ZEB1,0.1446228925835813
ZEB2,-0.3686119883327446
ZER1,0.21580414569838036
ZFAND1,-0.2241590303505113
ZFAND2A,-0.12102541127099631
ZFAND2B,0.14715278319163272
ZFAND3,-0.014702411260205217
ZFAND4,0.009996313000240953
ZFAND5,0.09344736838378331
ZFAND6,-0.013798647659311492
ZFAT,-0.07504961040120683
ZFC3H1,1.0351015616101462
ZFHX2,0.016153336807895435
ZFHX3,-0.38460049203222935
ZFHX4,-1.6431051268508936
ZFP1,0.1387300708429411
ZFP14,0.16708368436303545
ZFP2,-1.5826114336003243
ZFP28,-1.696013840088638
ZFP3,0.14161422784378175
ZFP30,-0.167083066615052
ZFP36,0.18583768089063835
ZFP36L1,-0.21828590383215918
ZFP36L2,-0.07754101923273282
ZFP37,0.5175321862676956
ZFP41,0.006271662143955581
ZFP42,-0.06459289171417004
ZFP62,0.3132221972596536
ZFP64,-0.1072619836434805
ZFP69,-0.7978704208684608
ZFP69B,0.012393668411211145
ZFP82,0.0320772058230947
ZFP90,0.17472652426737678
ZFP91,-0.08208974787799672
ZFP91-CNTF,-0.08971087543541056
ZFP92,-0.9813392659729079
ZFPL1,0.0734901659061844
ZFPM1,0.17755630302862802
ZFPM2,-0.08864062219587199
ZFR,0.05419736361830285
ZFR2,-0.0016729254812324346
ZFTA,-0.06635920607997026
ZFTRAF1,-0.12363469634244861
ZFX,0.3656998034178316
ZFYVE1,-0.25032732868450225
ZFYVE16,-0.3387882263637474
ZFYVE19,0.014990142703815046
ZFYVE21,0.04718669640901929
ZFYVE26,0.22871072136700388
ZFYVE27,-0.08457809219574486
ZFYVE28,-0.11014891801360971
ZFYVE9,-0.11551140064926724
ZG16,0.30084397586210393
ZG16B,0.32971536149751846
ZGLP1,-0.4343286752895288
ZGPAT,-0.08628099665913869
ZGRF1,0.05992873707754498
ZHX1,-0.04483513379431159
ZHX1-C8orf76,-0.12622633208258804
ZHX2,0.13738290029866906
ZHX3,-0.1779726488935509
ZIC1,-1.190842010316104
ZIC2,0.0028663762455236608
ZIC3,0.3093957972272634
ZIC4,0.6461422253437504
ZIC5,0.06922891578700296
ZIK1,0.11536103827562538
ZIM2,1.2808650723493513
ZIM3,-0.019682221364975994
ZKSCAN1,0.02171871481020915
ZKSCAN2,0.10413587956627701
ZKSCAN3,0.09976611378133926
ZKSCAN4,0.3843419691677008
ZKSCAN5,0.1526536261094984
ZKSCAN7,0.2801730946266634
ZKSCAN8,0.0611631656171161
ZKSCAN8P1,0.9175725609799438
ZMAT1,-0.25953056489695303
ZMAT2,-0.8171665516524769
ZMAT3,-0.246881384274646
ZMAT4,-0.060783107795032654
ZMAT5,-0.18480004664065586
ZMIZ1,0.07938287874050598
ZMIZ2,-0.055711694307782444
ZMPSTE24,0.017890637019287503
ZMYM1,0.13155750951642897
ZMYM2,-0.2512563142284119
ZMYM3,0.15924748977150927
ZMYM4,-0.008365582492682933
ZMYM5,-0.25239800242652244
ZMYM6,0.17741079397510795
ZMYND10,0.007127628936842267
ZMYND11,-0.24882305230075483
ZMYND12,0.009769917291397867
ZMYND15,-0.3394606891625682
ZMYND19,0.05695720794628034
ZMYND8,0.1173051065963806
ZNF10,0.13743658161798034
ZNF101,-0.213415584474415
ZNF106,0.32778016173084623
ZNF107,-0.07035753371680542
ZNF112,0.45170390674273353
ZNF114,0.09458287223391193
ZNF117,-0.15407264211189986
ZNF12,0.08303525993386973
ZNF121,-0.07190115959893939
ZNF124,-0.15378977370612668
ZNF131,-0.01819882398323447
ZNF132,-0.2902306644225666
ZNF133,0.028372092724860742
ZNF134,-0.054061844594322395
ZNF135,0.41272108462346746
ZNF136,0.09715112528443459
ZNF138,-0.03607678019810834
ZNF14,-0.13490717890256665
ZNF140,1.0854122541644855
ZNF141,-0.15273511902795545
ZNF142,0.1891861892286988
ZNF143,0.059156152893557135
ZNF146,0.18033524800384537
ZNF148,-0.09501372764617244
ZNF154,-0.7499407384243295
ZNF155,0.0023602035558456524
ZNF157,-0.7273706401970434
ZNF16,0.21232271030365135
ZNF160,0.06391176520379993
ZNF165,-0.0967168538521399
ZNF169,0.0
ZNF17,0.057067868260868515
ZNF174,-0.014182328312688064
ZNF175,0.24856195135716974
ZNF177,-0.3110341106210368
ZNF18,-0.015149570728921091
ZNF180,0.13292384585531725
ZNF181,-0.015233046105382897
ZNF182,0.057365460559197334
ZNF184,-0.011305981732483872
ZNF185,0.5191237419101604
ZNF189,0.14006335789322577
ZNF19,0.08936740685945121
ZNF195,-0.35498192818010654
ZNF197,0.44124270368024104
ZNF2,0.2120504950779969
ZNF20,-0.2365235042432161
ZNF200,-0.1043879256940401
ZNF202,-0.02432869522260539
ZNF205,0.4298056871793009
ZNF207,-0.04571978730258586
ZNF208,-1.3885433653738455
ZNF211,0.2786728000785361
ZNF212,0.007649768384124123
ZNF213,0.1036083666330585
ZNF214,0.37257499558370893
ZNF215,1.0484416673873285
ZNF217,0.15925080438556227
ZNF219,0.004619243062471412
ZNF22,0.040582588838195655
ZNF221,-0.8147791170803136
ZNF222,0.2009214801249939
ZNF223,0.46818410048851633
ZNF224,0.10946949440103992
ZNF225,0.5139531071163927
ZNF226,-0.04787766627733525
ZNF227,0.2706692923111529
ZNF229,-0.4531973191431544
ZNF23,-0.1311849491885897
ZNF230,0.24782590142183025
ZNF232,-0.2761659088555717
ZNF233,0.3664261619886086
ZNF234,-0.414168917942352
ZNF235,-0.012834683025674032
ZNF236,0.03448269033981788
ZNF239,-0.06932087889298777
ZNF24,-0.15180026379376166
ZNF248,0.11827676972378143
ZNF25,0.026641527106646024
ZNF250,0.12804641039539444
ZNF253,1.0881620058068129
ZNF254,-0.05241449935251019
ZNF256,-0.6171114156732154
ZNF257,-0.06492643264039155
ZNF26,0.10413557950378749
ZNF260,0.19926297316443442
ZNF263,-0.020337843822385793
ZNF264,0.11015940016027859
ZNF266,0.1984619308683757
ZNF267,0.144046951077474
ZNF268,-0.02562317738931652
ZNF273,-0.5921090550793598
ZNF274,0.20691685207163157
ZNF275,-0.4803280736674571
ZNF276,0.024824279804795957
ZNF277,0.10361102408328549
ZNF28,0.06789831183458439
ZNF280C,-0.2071502032546677
ZNF280D,-0.24179834856680582
ZNF281,-0.014702725664920813
ZNF282,0.02457489347258779
ZNF283,-0.46489466396185053
ZNF284,-0.30573745209025427
ZNF285,-1.7124137312943564
ZNF286A,-0.08526006709753275
ZNF286A-TBC1D26,-0.08515394095588924
ZNF287,0.06642060091294866
ZNF292,-0.6234536837342883
ZNF296,0.19254764558705473
ZNF3,-0.07120589407040967
ZNF30,-0.5385762764901325
ZNF300,-0.40618848636981797
ZNF302,0.13642806012575726
ZNF304,0.20051384738658484
ZNF316,0.018791406094928575
ZNF317,-0.33442365942049657
ZNF318,-0.1833965919301228
ZNF319,-0.12438579258880633
ZNF32,-0.09396882425725472
ZNF320,-0.2119322215761823
ZNF322,0.09361881139126282
ZNF324,0.024274951332174055
ZNF324B,-0.10680681626729438
ZNF326,0.10123181611029075
ZNF329,-1.736743860511111
ZNF330,0.24176796838003378
ZNF331,-1.2869073501988113
ZNF333,0.0
ZNF334,-0.2170303474399624
ZNF335,-0.03491234279037947
ZNF337,0.21548774152970385
ZNF33A,0.2835893738008437
ZNF33B,0.05051841885389585
ZNF34,-0.014547482974774262
ZNF341,0.008798411018755559
ZNF343,0.09363212044240665
ZNF345,0.2708077355931886
ZNF346,-0.05656987609804087
ZNF347,0.427068729955862
ZNF35,0.06604738502262142
ZNF350,-0.020899219709976213
ZNF354A,-0.15422662877743054
ZNF354B,0.00300155648765843
ZNF354C,0.4745844020205201
ZNF358,0.1522852258724536
ZNF362,-0.1723893027269381
ZNF365,-0.24660675006329713
ZNF366,-0.1757231162636156
ZNF367,-0.08897685814213396
ZNF37A,0.060320461489315136
ZNF382,0.17374553008518046
ZNF383,0.03820389395148549
ZNF384,-0.049162698493288914
ZNF385A,0.3016934721302733
ZNF385B,0.6354543726360509
ZNF385C,0.4262220105734673
ZNF385D,-0.38382827816024606
ZNF391,-0.6573559017614317
ZNF394,0.15218640128451533
ZNF395,-0.13257371048483968
ZNF396,0.012338131314578504
ZNF397,0.03679538184953568
ZNF398,-0.004666258245461741
ZNF404,0.21139782277191455
ZNF407,-0.01713880068055662
ZNF408,-0.06538542002807013
ZNF41,-0.06712711159500895
ZNF410,0.2820931269122493
ZNF414,-0.09113593932780883
ZNF415,-0.404498108942807
ZNF416,0.12038687212733556
ZNF417,0.2030343765534548
ZNF418,-0.47766148796474117
ZNF419,0.3393219811759036
ZNF420,-1.2396717437233198
ZNF423,0.1025295468944365
ZNF425,-0.000740654683088593
ZNF426,0.4068524699489169
ZNF428,-0.13461765188137154
ZNF429,-0.09388556937544695
ZNF43,-0.0008489642979876422
ZNF431,-0.06095091096931071
ZNF432,-1.4202872508562006
ZNF433,0.23351364320037482
ZNF436,-0.11754567355825873
ZNF438,-0.16210788324432013
ZNF439,0.07531562514134271
ZNF44,0.03250557651725128
ZNF440,0.11092053387733358
ZNF441,-0.3293879079194182
ZNF442,0.985141138130565
ZNF443,0.05932610041816311
ZNF444,0.23405681022237323
ZNF445,0.1682424159771223
ZNF446,0.17618235719821795
ZNF449,0.09703216027850026
ZNF45,-0.10029278838572253
ZNF451,-0.1281200737726745
ZNF454,-0.8071887430273419
ZNF460,-0.10251517066773008
ZNF461,-0.5043855013751645
ZNF462,-0.0782603054547284
ZNF467,0.0
ZNF468,0.06814799210318023
ZNF469,-0.9206969577867459
ZNF470,1.8970083757409608
ZNF471,-0.2926058476588409
ZNF473,0.03873660997376849
ZNF474,-0.3714896073005185
ZNF475,-0.4260058631979748
ZNF479,0.13113895200713666
ZNF48,0.19830561763581311
ZNF480,-0.007606607986747171
ZNF483,-0.013900385483397226
ZNF484,-0.2746059022537537
ZNF485,0.28438643797111895
ZNF486,-1.0440670449144218
ZNF487,0.020340503584213465
ZNF488,0.07763194628602577
ZNF490,-0.7744097518536888
ZNF491,-0.08058005821654746
ZNF492,0.13919187183871295
ZNF493,0.06725130573258298
ZNF496,-0.020948275109408776
ZNF497,0.16485959914874115
ZNF500,-0.0336115806519226
ZNF501,0.9391019291766329
ZNF502,1.4882919078998762
ZNF503,-1.3128858535848968
ZNF506,-0.12309800371991919
ZNF507,-0.003190644851914115
ZNF510,-0.1307174092716865
ZNF511,-0.010759443174628736
ZNF511-PRAP1,-0.038801680469108035
ZNF512,-0.12591365513664998
ZNF512B,-0.2987641665629224
ZNF513,-0.29940985568209477
ZNF514,0.21525098862059622
ZNF516,-0.3751647680267953
ZNF517,-0.0481729035020626
ZNF518A,0.04201103650969973
ZNF518B,0.29662700422216126
ZNF519,-0.26833819298502526
ZNF521,-0.09156513370131858
ZNF524,0.022584089150334385
ZNF525,-0.1539582084304716
ZNF526,0.13770517855457154
ZNF527,0.15490783319134405
ZNF528,-0.9054647184402063
ZNF529,0.13250806036997442
ZNF530,-0.5488752650896376
ZNF532,-1.721852484106649
ZNF534,-0.5163970477647855
ZNF536,0.22887959333685648
ZNF540,-0.7212528610685948
ZNF541,-0.39856983456941675
ZNF543,-0.16739736982050957
ZNF544,-0.09319235903894874
ZNF546,-0.017398020143443577
ZNF547,0.10835191596561788
ZNF548,-0.08298333015746184
ZNF549,0.20689142947620898
ZNF550,0.011416667117135404
ZNF551,0.29057833139284917
ZNF552,0.13585389462152975
ZNF554,-0.07329164795354082
ZNF555,-0.045037955549688924
ZNF556,-0.08405189356325349
ZNF557,0.1313077651439718
ZNF558,0.09721574993424564
ZNF559,0.1423860374000414
ZNF559-ZNF177,0.1464319749947034
ZNF560,0.23916171748279585
ZNF561,-0.18161570374598845
ZNF562,-0.5278764845186474
ZNF563,0.09299992964132997
ZNF564,0.010059563117601478
ZNF565,-0.6252874847952807
ZNF566,0.12919673670920417
ZNF567,0.16213994469290238
ZNF568,0.17363452976765514
ZNF569,0.1185359954959182
ZNF57,-0.10224870100706429
ZNF570,0.18673089065800053
ZNF571,0.28871794502113346
ZNF572,-1.2055046016125357
ZNF573,-0.6734011936081079
ZNF574,-0.42513939459870254
ZNF575,0.28421803260582523
ZNF576,-0.07225589966438939
ZNF577,-0.26800582122841354
ZNF578,0.03172499040939014
ZNF579,-0.08150529426649289
ZNF580,0.35394532996758166
ZNF581,0.3164052138758331
ZNF582,0.1446049627500905
ZNF583,0.28579818180642724
ZNF584,-0.21555252945627768
ZNF585A,0.35739984101156264
ZNF585B,0.049591908408053165
ZNF586,0.028423688242352085
ZNF587,-0.045908989371111986
ZNF587B,-0.026849025539527283
ZNF589,0.0730721500920346
ZNF592,0.06257864741583763
ZNF593,-0.1560329636411124
ZNF593OS,-1.2466544944280091
ZNF594,0.007346952184182243
ZNF595,-0.886471727158997
ZNF596,-0.39638371604403133
ZNF597,0.1860104873586037
ZNF598,0.07414866197796233
ZNF599,0.25249605504242467
ZNF600,-0.6900591794051671
ZNF605,-0.3817784918996674
ZNF606,0.015479888169152911
ZNF607,0.11471630203259742
ZNF608,-0.17943469272389523
ZNF609,0.3156477998651095
ZNF610,-0.25015804444180945
ZNF611,-0.027693779956211806
ZNF613,1.0475115683272014
ZNF614,-0.9728689811942439
ZNF615,0.6128581205740863
ZNF616,0.03824468405718218
ZNF618,-0.37841207650457936
ZNF619,1.0709042200486634
ZNF620,1.1087401710789617
ZNF621,-0.16628635912401446
ZNF622,0.10245683519220705
ZNF623,0.6392498454195914
ZNF624,0.16246823662731558
ZNF625,0.3805514519149238
ZNF625-ZNF20,0.3821660226750201
ZNF626,-1.3915124165983885
ZNF627,-0.12421708828660538
ZNF628,-0.027751879634753784
ZNF629,-0.8077550453670863
ZNF630,1.1116519346214035
ZNF638,-0.05476709466386431
ZNF639,-0.04909693564293338
ZNF641,-0.0996555678427109
ZNF644,0.07502703913017417
ZNF646,0.03476455194286032
ZNF648,0.44519762271174024
ZNF649,-0.9540729044820592
ZNF652,-0.14452186854598192
ZNF653,0.07505203988285558
ZNF654,-0.08387691254544372
ZNF655,-0.006188070153199554
ZNF660,0.697776031453469
ZNF662,0.2613605449520834
ZNF664,0.06844794748564631
ZNF665,0.64709653850189
ZNF667,-0.6012719762868757
ZNF668,0.04268347734552691
ZNF669,-0.07548256297005373
ZNF670,-0.11124714363823873
ZNF670-ZNF695,-0.11124703807501568
ZNF671,0.09060386903611972
ZNF672,0.059873636635957794
ZNF674,0.10689579697635487
ZNF675,-0.13736290317616628
ZNF677,-1.232865903019873
ZNF678,-0.09289063342904758
ZNF679,0.13901957809534538
ZNF680,-0.10603409071209491
ZNF681,-0.06996755751241324
ZNF682,0.03580972694398343
ZNF683,0.18698374578389387
ZNF684,0.28833356812984423
ZNF687,0.005777730828371297
ZNF688,0.05276673152300848
ZNF689,-0.7727216796194978
ZNF69,-0.16320540280965457
ZNF691,0.04504834818073977
ZNF692,-0.1616679629012765
ZNF695,0.06242916913403018
ZNF696,0.1442580509892537
ZNF697,-0.1069602635923732
ZNF699,0.3076029118410517
ZNF7,0.05486550955514513
ZNF70,-0.08513405099420668
ZNF700,0.06121579648358555
ZNF701,-1.3643000916539063
ZNF703,0.10262045148846388
ZNF704,0.09120780641933779
ZNF705A,-0.39424417882123897
ZNF705G,0.0
ZNF706,0.03068735588634386
ZNF708,-0.04630116580743149
ZNF709,-0.20976304504445809
ZNF71,0.18431801325865926
ZNF710,-0.13929249470932925
ZNF711,-0.15765688438887393
ZNF713,0.07096078108619297
ZNF714,-0.2823948125184943
ZNF716,-1.042135762634159
ZNF717,-1.7159416088175772
ZNF718,-0.07460883827996234
ZNF721,0.015080175727576695
ZNF722,0.5549848692643632
ZNF723,-0.19005360917011505
ZNF724,-0.07860723830044858
ZNF726,0.26783134682215515
ZNF727,-0.5209840922367117
ZNF728,0.16002764690229232
ZNF730,-0.14178843099745686
ZNF732,-0.11539989319485167
ZNF735,0.168035447433186
ZNF736,0.024736134731428105
ZNF737,-0.46374960544598753
ZNF738,-0.15154843307343313
ZNF74,-0.053376591456641975
ZNF740,-0.049723555768511396
ZNF746,0.19550157141195168
ZNF747,-0.03284049870115702
ZNF749,0.0027884665603732373
ZNF750,0.09897096812088713
ZNF75A,-0.03342999621271714
ZNF75D,0.08344658931494209
ZNF76,-0.10194419666505272
ZNF761,0.35186395668975246
ZNF763,0.5863387923931687
ZNF764,-0.0825694880562482
ZNF765,-0.2746319500455095
ZNF766,0.05885975646909536
ZNF768,0.13794097764988322
ZNF77,-0.06500474643313758
ZNF770,0.006591685240304734
ZNF771,-0.19627484132233164
ZNF772,0.10758957918530365
ZNF773,-0.03601218880409185
ZNF774,-0.1224136990802922
ZNF775,-0.009256413212893833
ZNF776,0.07548828695922527
ZNF777,-0.1338711870339786
ZNF778,0.1866417255584043
ZNF780A,-0.019661727924299655
ZNF780B,0.17659925060472892
ZNF782,0.0708074357602344
ZNF783,-0.12175558356250171
ZNF784,0.07262934405823707
ZNF785,0.6084716031946668
ZNF786,0.07757572710803906
ZNF787,-0.002286869772140321
ZNF789,-0.0023373057004301145
ZNF79,0.2244035768265542
ZNF790,0.2818598615844845
ZNF791,-0.10732591537906888
ZNF792,-0.14880918835865398
ZNF793,-0.392934012623241
ZNF799,0.12764175488358642
ZNF8,0.03277152258282623
ZNF80,0.07295706597904239
ZNF800,0.3664667801978097
ZNF804A,-0.168870752356572
ZNF804B,0.16364491747910787
ZNF805,0.008073267533691642
ZNF808,0.14669317594548703
ZNF81,0.13348221339608735
ZNF813,1.4223632463704545
ZNF814,-0.9428061967840298
ZNF816,0.13635536939599113
ZNF816-ZNF321P,0.13959622814883677
ZNF821,0.13684470812970062
ZNF823,0.12139786456748958
ZNF827,0.05767602839621411
ZNF829,0.17378915627498426
ZNF83,-0.1393699351238955
ZNF830,0.2506802380119977
ZNF831,-0.13774116686585192
ZNF835,-2.5742365640102234
ZNF836,0.16552837299342205
ZNF837,-0.10301049980458732
ZNF839,0.13348339170390755
ZNF84,0.2301293874842898
ZNF840P,-0.6707599635483321
ZNF841,-1.5973762795002802
ZNF843,-0.19048280912514848
ZNF844,0.1623129118902913
ZNF845,-0.28070012158810276
ZNF846,-0.21239080104379937
ZNF850,0.16239069602477574
ZNF852,0.04529579925767635
ZNF853,-0.3198955248984534
ZNF860,0.17343901420427432
ZNF862,-0.07832506707874742
ZNF865,-0.10005456132928625
ZNF875,-0.8681979673971727
ZNF878,-0.43905795953334614
ZNF879,-0.006912734264596931
ZNF880,0.08162778603941456
ZNF883,0.2630818564095292
ZNF888,0.3188259863992795
ZNF891,0.4472527180207001
ZNF892,0.10229582267357662
ZNF90,-0.44342957530241844
ZNF91,0.03341155059762979
ZNF92,-0.06729999175969326
ZNF93,-0.39047280474895585
ZNF98,0.048486139259616756
ZNF99,0.405289665336507
ZNFX1,-0.031461785713974955
ZNG1A,-0.028372869818202417
ZNG1B,-0.461586535907036
ZNG1E,-0.7951927187748713
ZNHIT1,0.12106229641731048
ZNHIT2,-0.025620091193273353
ZNHIT6,-0.08841372116412671
ZNRD2,0.09831560516855742
ZNRF1,-0.07570153600845941
ZNRF2,-0.08681391075402889
ZNRF3,-0.18351087123444199
ZNRF4,-0.6529174799631074
ZP1,-0.19616910943926902
ZP2,0.875916706569208
ZP3,-0.12748884430891572
ZP4,1.1463988703434855
ZPBP,-0.46094304172467626
ZPBP2,0.43406643035021897
ZPLD1,-0.20582371408692712
ZPR1,-0.11384521514360113
ZRANB1,-0.26575819648695864
ZRANB2,0.28206981483102567
ZRANB3,0.06999205270280218
ZRSR2,0.07585309110587435
ZSCAN1,-0.9980248706321451
ZSCAN10,-0.1790904192801568
ZSCAN12,-1.1910149189710126
ZSCAN16,-0.4867135747717839
ZSCAN18,-0.17360457890127823
ZSCAN2,0.01499444357316193
ZSCAN20,0.09893928873730928
ZSCAN21,0.009947361499959229
ZSCAN22,0.03822161256293111
ZSCAN23,0.29049093987330554
ZSCAN25,-0.07984136662176056
ZSCAN26,-0.039511160611224394
ZSCAN29,0.0134661281205668
ZSCAN30,0.17721274025611322
ZSCAN31,0.5684279217650294
ZSCAN32,-0.020821586895856115
ZSCAN4,-0.4129690568483213
ZSCAN5A,0.27131196626651355
ZSCAN5B,-0.12502493782899637
ZSCAN5C,2.503645854702423
ZSCAN9,-0.0766376900590997
ZSWIM1,0.16738066497427617
ZSWIM2,-0.47659673281656456
ZSWIM3,0.09413027437922317
ZSWIM4,-0.044030706517673046
ZSWIM5,-0.6461172487509785
ZSWIM6,0.07344340334195198
ZSWIM7,0.2219575559387721
ZSWIM8,-0.07043644939502158
ZSWIM9,-0.020133572000648137
ZUP1,0.12723370760067798
ZW10,-0.11472051598230948
ZWILCH,0.005590378911264793
ZWINT,0.006865566789948652
ZXDA,-0.3906244631614353
ZXDB,-0.25120740875684033
ZXDC,0.19512514544257353
ZYG11A,-0.09988895692516087
ZYG11B,-0.15167300525599847
ZYX,0.16340875441216873
ZZEF1,0.04840223343734262
ZZZ3,0.0034275284953357854
