,0
,0.4910924989655293
A1BG,-0.8117662211635033
A1CF,-1.173071128846627
A2M,0.7226825101065965
A2ML1,-0.5598490470765487
A3GALT2,0.04920335038628032
A4GALT,-1.207021485868408
A4GNT,1.1491812246646336
AAAS,-0.3508805434170035
AACS,-0.14633945458274522
AADAC,-0.2895074095444303
AADACL3,0.8527753566874252
AADACL4,-1.3733531260135319
AADAT,-0.46912974075108915
AAGAB,0.4039042994524684
AAK1,-1.1422465251142861
AAMDC,0.2429302962648956
AAMP,-0.03237958806368724
AANAT,0.23725837401878658
AAR2,-0.1532985490906671
AARD,1.2831119178038612
AARS1,-0.37168966071958964
AARS2,-0.15274358883114014
AARSD1,-0.31994327848199156
AASDH,-0.23485692000528458
AASDHPPT,0.01748247134414571
AASS,0.6031610081734267
AATK,-0.605697728531843
ABAT,1.1659952660075192
ABCA1,-0.5348681246142403
ABCA10,1.0267201379756503
ABCA12,0.06558847688776703
ABCA13,0.16582951924488665
ABCA2,-0.2113115249802453
ABCA3,-0.18843208647300347
ABCA4,-1.076810090061712
ABCA5,-0.3355023118651174
ABCA6,1.2223990131707065
ABCA7,-0.18087904083844375
ABCA8,-0.01980029310613385
ABCA9,-0.2841441001663314
ABCB1,-0.3492060468057222
ABCB10,0.14925667679630727
ABCB11,0.048228350296355416
ABCB4,-2.2284505401163885
ABCB5,1.3536413756982812
ABCB6,-0.20712995032305503
ABCB7,0.5694053476279637
ABCB8,-0.06358330396328515
ABCB9,-0.6898708330917653
ABCC1,1.0683600973985476
ABCC10,-0.2414352550800163
ABCC11,0.07235183289100955
ABCC12,-0.43370313926201487
ABCC2,-0.8813560014978123
ABCC3,-0.45371363985535995
ABCC4,-0.0035399998875857985
ABCC5,0.02440545599284838
ABCC8,-1.975053665936914
ABCC9,0.9810609720437828
ABCD1,-0.10335236319821473
ABCD2,2.527393143129826
ABCD3,-0.45141775276494167
ABCD4,-1.153052179282677
ABCE1,-0.4543198620161588
ABCF2,-0.12919849501451086
ABCF2-H2BK1,-0.1317972158544114
ABCF3,0.5035956414830602
ABCG1,-0.4660427996365355
ABCG2,0.10069410405995671
ABCG4,-0.7224237649609422
ABCG5,1.8225181507302817
ABCG8,2.110287534404228
ABHD1,1.0149791084834678
ABHD10,0.13403079863708633
ABHD11,-0.3793521264619879
ABHD12,-0.16697159201896694
ABHD12B,0.40880311728178254
ABHD13,0.04901934453252377
ABHD14A,-0.6220324887446067
ABHD14A-ACY1,-0.56527283133076
ABHD14B,-0.8667366958655656
ABHD15,-0.4966992891679265
ABHD16B,-0.04133309604712676
ABHD17A,0.24636137735190822
ABHD17B,0.026659741862766317
ABHD17C,0.5430037676263733
ABHD18,-0.038335273792278635
ABHD2,-0.03370491190948188
ABHD3,-0.7126889830897318
ABHD4,0.7673200949504828
ABHD5,-0.5410526491166721
ABHD6,-0.36139380059794957
ABHD8,0.2826850838468129
ABI1,0.24487901010776048
ABI2,0.8144778351888953
ABI3,-0.5650647698273881
ABI3BP,-0.03784339154892635
ABITRAM,0.04891267654232978
ABL1,0.6444531342715352
ABL2,0.3536941240637632
ABLIM1,1.4486711854447412
ABLIM2,0.021399234206215922
ABLIM3,-0.4625268493199827
ABO,-0.16987067591151134
ABR,-0.36324489022914236
ABRA,-1.333169838908407
ABRACL,0.23342996263515792
ABRAXAS1,-0.24092560179239517
ABRAXAS2,-0.22234101609535095
ABT1,0.4674193393288517
ABTB1,-0.39264105634519586
ABTB2,0.5584910915507779
ABTB3,-0.7058888566792239
ACAA1,-0.1334968180065501
ACAA2,0.4300112556431279
ACACA,-0.08241720638759631
ACACB,-0.03199434456359984
ACAD10,0.00010961068909409732
ACAD11,-0.2359896466862481
ACAD8,-0.5057188601349836
ACAD9,0.19863582984780237
ACADL,-1.0771149937396047
ACADM,-0.9105565756210461
ACADS,-0.2210452125853295
ACADSB,0.2581496623937052
ACADVL,-0.03469804984786906
ACAN,0.48738363992375827
ACAP1,0.10011296644784595
ACAP2,-0.19207991289239779
ACAP3,-0.6894206284654398
ACAT1,-0.5587623148471332
ACAT2,-0.660358991460896
ACBD3,-0.14446446634668142
ACBD4,-0.6356980236090213
ACBD5,0.46867386824098567
ACBD6,-0.38910851936939306
ACBD7,0.06413783183523991
ACCS,1.9748863747352186
ACCSL,-0.7107256549676535
ACD,-0.5068755885468232
ACE,0.4379143846345951
ACE2,0.6313594948152135
ACER1,0.1781966243876374
ACER2,0.4086074667336207
ACER3,-0.34048174475759385
ACHE,0.3875098006648763
ACIN1,-0.06951978725648456
ACKR1,0.11092620101670492
ACKR2,0.2648859939657928
ACKR3,1.9616408211198553
ACKR4,0.29509601513404127
ACLY,-0.21578032106790968
ACMSD,1.2098320971831025
ACO1,0.4101154545593515
ACO2,0.422541266338083
ACOD1,0.12803524017040258
ACOT1,1.041826108346815
ACOT11,0.3287083289678061
ACOT12,-0.43896606285352063
ACOT13,0.11229637468394893
ACOT2,-1.3536379296271495
ACOT4,0.31637695404187777
ACOT6,-0.2884152449383264
ACOT7,-0.6273770993221226
ACOT8,0.052484629440735286
ACOT9,0.09747331851863139
ACOX1,0.16921266410574098
ACOX2,-0.6559687491825168
ACOX3,0.26709073047767795
ACOXL,0.04535990303973736
ACP1,-0.02769502842843563
ACP2,-0.18792726264688575
ACP3,0.7782804398840102
ACP4,0.258113556647492
ACP5,0.8574166781850453
ACP6,0.2067300427570269
ACP7,-0.8835419592428944
ACR,-0.5934263213584443
ACRBP,-0.12108451987286228
ACRV1,0.6314044412270972
ACSBG1,0.4160375902296088
ACSBG2,0.07622571096894243
ACSF2,-0.6178100282798256
ACSF3,-0.5045281457464397
ACSL1,1.5634700034113076
ACSL3,-0.724718795629927
ACSL4,-0.3689179046676847
ACSL5,-0.38931460460151335
ACSL6,-0.5033023999087902
ACSM1,-1.296442064139254
ACSM2B,-1.626487282138477
ACSM3,-0.41994993198287245
ACSM4,1.3393883860681157
ACSM5,-0.06008194504761322
ACSM6,-1.0840654311130555
ACSS1,-0.6770697750049242
ACSS2,-0.0008724274930935749
ACSS3,-2.399046392042778
ACTA1,-0.8516231822774611
ACTA2,0.9090763149191394
ACTB,0.8876035162115868
ACTBL2,0.18344653797197252
ACTC1,0.14094274017760525
ACTG1,-0.767454011610637
ACTG2,-0.9813436498934305
ACTL10,-0.7064557123286732
ACTL6A,0.08124623901024508
ACTL6B,-0.7341803100818679
ACTL7A,0.21960724200434317
ACTL7B,-0.4971296581286404
ACTL8,-0.3788822878247544
ACTL9,-1.704491019807128
ACTMAP,0.2751250874624409
ACTN1,0.197550150170958
ACTN2,1.1439671047784148
ACTN3,-0.2856189155185169
ACTN4,0.5531299432106009
ACTR10,0.337566163502963
ACTR1A,0.39303150440898715
ACTR1B,-0.20958556882357948
ACTR2,0.4970758407817253
ACTR3,0.9468448759215642
ACTR3B,0.5650681208549067
ACTR3C,-0.0293126219631219
ACTR5,0.3606068022386171
ACTR6,0.1913107305413737
ACTR8,0.6414206782728318
ACTRT1,0.7705229272774625
ACTRT2,-0.6661029349409094
ACTRT3,-0.10018335243174947
ACVR1,-0.15268619187329624
ACVR1B,0.14347020041879444
ACVR1C,0.3981812932281037
ACVR2A,1.2121727830604783
ACVR2B,-0.6726938000072615
ACVRL1,0.13694829048463486
ACY1,-0.8668081576499889
ACY3,-1.502001991899094
ACYP1,-0.7154018478780846
ACYP2,0.2860803962809655
ADA,-1.0672782325799473
ADA2,-1.161206364931189
ADAD1,0.008532482060236934
ADAD2,0.1239090150897918
ADAM10,0.21219155310687388
ADAM11,-0.42289527468243926
ADAM12,-0.805563829093559
ADAM15,-0.38640625948290075
ADAM17,0.2083691781327035
ADAM19,0.982311829592643
ADAM20,-0.6597467923489486
ADAM21,-0.8408606946377217
ADAM22,-0.24725868312276122
ADAM23,1.145144299481116
ADAM28,0.13061418333593622
ADAM29,0.40492828157669725
ADAM30,0.061560610835229845
ADAM33,-0.6980977800329207
ADAM7,1.0644438518069232
ADAM8,0.6184950329142587
ADAM9,0.579717636871353
ADAMDEC1,3.0284949953592797
ADAMTS1,-0.18481576049275672
ADAMTS10,0.6008852749518453
ADAMTS12,0.9857918515295441
ADAMTS13,-0.19288801463214766
ADAMTS14,-0.7657285505351794
ADAMTS15,-0.260063075854133
ADAMTS16,-0.7075225944281488
ADAMTS17,-0.30489047803851443
ADAMTS18,-1.030293759211442
ADAMTS19,-1.0932328946577696
ADAMTS2,-2.1961731109743807
ADAMTS20,-0.7859949331953573
ADAMTS3,0.5466883984586604
ADAMTS4,-0.3570543183195749
ADAMTS5,0.03980112597359753
ADAMTS6,-0.23500660002245
ADAMTS7,-0.7214585135962869
ADAMTS8,-0.4301447499962274
ADAMTS9,-0.40452388543030293
ADAMTSL1,1.5748946888527129
ADAMTSL2,0.4778487463246731
ADAMTSL3,-1.4424767543687076
ADAMTSL4,-0.18948924848917414
ADAMTSL5,0.4750716523334273
ADAP1,-0.06044092563519457
ADAP2,-0.167948583385241
ADAR,0.471081075942271
ADARB1,-0.25216015917843837
ADARB2,-1.7300825070390535
ADAT1,0.21492631307652976
ADAT2,0.030512703477795444
ADAT3,0.449451616185772
ADCK1,0.09896865011865774
ADCK2,0.027038648263744136
ADCK5,-0.7591319171428719
ADCY1,-0.25104031108719066
ADCY10,-0.041283546686840755
ADCY2,-1.4260793700868681
ADCY3,-0.6108675513211774
ADCY4,-0.0859755435678713
ADCY5,-0.8835313621050617
ADCY6,0.3498007017230911
ADCY7,-0.1672484777948129
ADCY8,-2.00828275231234
ADCY9,0.8121725536400772
ADCYAP1,0.14055048369712952
ADCYAP1R1,0.3602531037189027
ADD1,0.17837389371408507
ADD2,1.2534058666755794
ADD3,-0.25799543226191685
ADGB,-3.2254304292244917
ADGRA1,-0.698564741277975
ADGRA2,0.009057757683633483
ADGRA3,0.9580195983209814
ADGRB1,0.5066828580470906
ADGRB2,-0.25112650548833315
ADGRB3,-0.6060529269507351
ADGRD1,-0.9424673962412846
ADGRD2,-0.3518578276602776
ADGRE1,-0.5664320756342368
ADGRE2,0.494649067712367
ADGRE3,-0.14146046930763845
ADGRE5,-0.4043999497630777
ADGRF1,-0.0764522670016432
ADGRF3,0.24470181647637368
ADGRF4,0.8308750081683334
ADGRF5,-0.752196752757659
ADGRG1,-0.4551624788514968
ADGRG2,1.6763107386333065
ADGRG3,-0.9183198073639686
ADGRG4,1.037289780710357
ADGRG5,-0.2859703028449059
ADGRG6,0.25803758885824124
ADGRG7,0.4590540691750431
ADGRL1,-0.12898690110619282
ADGRL2,-1.1046363264894878
ADGRL3,-0.28587738965755083
ADGRL4,-1.3865162124937946
ADGRV1,0.3140642731302776
ADH1A,-2.599047323357615
ADH1B,2.2411250741540565
ADH1C,-1.2238284027326802
ADH4,0.754956063531614
ADH5,0.032731443856404585
ADH6,0.693573925023897
ADH7,-0.7227356468882388
ADHFE1,0.24803968448213554
ADI1,0.2896755880679933
ADIG,0.11086721964150154
ADIPOQ,-0.6082624696966885
ADIPOR1,0.3310993099154591
ADIPOR2,-0.27111660883694855
ADIRF,-0.913925948052936
ADISSP,-0.7365756171143669
ADK,0.16255849527821553
ADM,-0.3326629025634604
ADM2,-0.35353695315014666
ADM5,-0.1813625301958366
ADNP,0.38072912305460527
ADNP2,0.47092721322837416
ADO,0.7142648466703516
ADORA1,-1.2909438669707443
ADORA2A,-0.700453981663713
ADORA2B,-1.2415735714698082
ADORA3,0.1840735347524166
ADPGK,-0.15313840463320627
ADPRH,0.3897203590134389
ADPRHL1,-0.3296525479309067
ADPRM,-0.21516761927392336
ADPRS,-0.16582538761374277
ADRA1A,-1.1866244317695733
ADRA1B,1.0172992098947766
ADRA1D,-0.19406078959289091
ADRA2A,0.8060061888084861
ADRA2B,-0.4455179185633307
ADRA2C,0.022440291079991237
ADRB1,-0.6787268932936856
ADRB2,-1.011155347884348
ADRB3,-0.5530543268583676
ADRM1,0.09660013305607684
ADSL,-0.07606770609326663
ADSS1,-0.9743759941352381
ADSS2,-0.14812973224444637
ADTRP,0.2334572120372301
AEBP1,-0.889993973121137
AEBP2,-0.39524503124520827
AEN,-0.19128745962433324
AFAP1,0.9595852387800575
AFAP1L1,0.70751287153271
AFAP1L2,0.4553810019859879
AFDN,-0.6297380656480445
AFF1,-0.8388643803057372
AFF2,0.5066685338620012
AFF3,-0.34010519930090444
AFF4,0.030648482792248632
AFG1L,0.3356804033652989
AFG2A,-0.498466798940441
AFG2B,-0.18890977950015575
AFG3L2,-0.42010966877286915
AFM,-0.016394476237381328
AFMID,-0.517400341754676
AFP,-0.060626462859880714
AFTPH,0.42391669130188925
AGA,-0.478216634031273
AGAP1,0.03749688671630658
AGAP2,0.22660405975227738
AGAP3,-0.42378563655323975
AGAP4,-0.2602615536846891
AGAP5,-0.5972945810957198
AGAP6,0.5029550008205304
AGBL1,-0.06090369393773498
AGBL2,0.2135881903360679
AGBL3,1.0734030038169224
AGBL4,1.0793251474147134
AGBL5,-0.7122676231706899
AGFG1,0.8758454844335424
AGFG2,0.31500821478653407
AGGF1,0.3206571336441848
AGK,0.6619021604720723
AGL,0.23925628731096693
AGMAT,0.03551432844631364
AGMO,0.9904810707766238
AGO1,-0.6900452854904419
AGO2,0.6057419072781114
AGO3,0.521122985782978
AGO4,0.3858733643417269
AGPAT1,1.1512469572718818
AGPAT2,-0.2000669406401635
AGPAT3,2.8271984446519793
AGPAT4,1.1769443733502523
AGPAT5,0.0731562713952374
AGPS,-0.19479970944870129
AGR2,0.5152325943041813
AGR3,-0.9576355046828262
AGRN,-0.08474246323853807
AGRP,-0.35225585442951823
AGT,-0.5012688811333449
AGTPBP1,0.6382279187430013
AGTR1,0.11576714171727231
AGTR2,1.1477599497718525
AGTRAP,0.8757142381662162
AGXT,-0.546132003802565
AGXT2,0.9652365356457346
AHCTF1,0.6184553449769585
AHCY,0.03628671047181786
AHCYL1,-0.6327949729171078
AHCYL2,-0.3367470737507712
AHDC1,-0.36186270926468134
AHI1,1.098347334376869
AHNAK,-0.10123175991402089
AHNAK2,-0.7466573709051316
AHR,1.0040283531160923
AHRR,-0.8529815504594292
AHSA1,0.020209834384546266
AHSG,0.23810129655363965
AHSP,1.5808206553526556
AICDA,-1.3747622450564467
AIDA,0.4401199005092913
AIF1L,-0.12506687211447887
AIFM1,0.48879026495204325
AIFM2,0.13191909813932035
AIFM3,-0.6608346172356886
AIG1,-0.29195136548391587
AIM2,0.3052928238024757
AIMP1,0.3109866650948532
AIMP2,0.12493442720243397
AIP,0.22167777421469825
AIPL1,0.2120603849987796
AIRE,0.229238104376164
AIRIM,-0.012753024329015261
AJAP1,-0.6809983640322977
AJM1,-0.512286083425689
AJUBA,-0.16484998351489022
AK1,-0.5774842229992234
AK2,-0.19980367485996808
AK3,-0.7560979811732356
AK4,-0.3898163251491039
AK4P3,-0.5843825331622623
AK5,0.3266201944063942
AK7,-0.11693208929987442
AK8,-0.754077105037513
AK9,0.16971000271218406
AKAIN1,0.6054620840153604
AKAP1,-0.42035480793516466
AKAP10,0.7884879127914324
AKAP11,-0.25475336242183433
AKAP12,-2.140627456551666
AKAP13,1.0699414513418086
AKAP14,-0.2663274331439854
AKAP3,0.6138500193217633
AKAP4,2.2404730887936934
AKAP5,0.25671466423818634
AKAP6,0.6611792848224225
AKAP7,0.11640951776396374
AKAP8,0.3537509873515905
AKAP8L,0.08185353438468823
AKAP9,-0.042233170097456085
AKIP1,-0.3086225190299907
AKIRIN1,0.4214566786221523
AKIRIN2,0.433890811570806
AKNA,-0.5180473575038649
AKNAD1,0.36723066719033226
AKR1A1,0.9960372522194203
AKR1B1,0.21091613030146528
AKR1B10,0.8126109598783224
AKR1B15,0.687961992101381
AKR1C1,1.7176206710471043
AKR1C2,1.8908660243266988
AKR1C3,1.8113986842873187
AKR1C4,-0.48929283605736373
AKR1C8,-0.5140675015323233
AKR1D1,0.40545805317316486
AKR1E2,1.778793943730832
AKR7A2,-0.5422586843051724
AKR7A3,-0.20570372796575365
AKR7L,-0.7060976655620694
AKT1,-0.34831081719289614
AKT1S1,0.7793938177512834
AKT2,0.053391059773302274
AKTIP,0.09795378650424835
ALAD,-0.13954416657163948
ALAS1,-0.06796091247692404
ALAS2,1.1477599497718525
ALB,0.7026185368813667
ALCAM,0.6021149724000465
ALDH16A1,-0.20872927570947297
ALDH18A1,-0.3784554073354234
ALDH1A1,0.24159498132653123
ALDH1A2,-0.5762153462137629
ALDH1A3,-2.2558046221607873
ALDH1B1,0.605197905271414
ALDH1L1,0.5536921264101546
ALDH1L2,-0.29375730817643486
ALDH2,0.3739613778180261
ALDH3A1,0.039164298605867565
ALDH3A2,2.051923477302614
ALDH3B1,-0.2049138539553812
ALDH3B2,-0.660814606928023
ALDH4A1,-0.17412074233035124
ALDH5A1,-0.28628148242941154
ALDH6A1,-0.5397242854367441
ALDH7A1,-0.5446164726115973
ALDH8A1,0.41241228867574775
ALDH9A1,-0.15793029065312325
ALDOA,0.0929117510903974
ALDOB,-1.9642078578882185
ALDOC,-0.7010498976783666
ALG1,-0.18548754410521373
ALG10,0.6790523081959996
ALG10B,2.2078685069748643
ALG11,0.5470824457685315
ALG12,0.09901510000113456
ALG13,0.2292013830743893
ALG14,0.17916998299368658
ALG2,0.3891804702358783
ALG3,-0.5477054865260453
ALG5,-0.04247941906585684
ALG6,-0.07409894766561642
ALG8,-0.13020844064279613
ALG9,0.33257793375694034
ALK,-1.1044607153397075
ALKAL1,-1.064692685608685
ALKAL2,-0.8308764931611239
ALKBH1,0.13996070352367962
ALKBH2,-0.4446719066137699
ALKBH3,-0.05019823694803116
ALKBH4,-0.39736661374026205
ALKBH5,-0.15948639117902008
ALKBH6,-0.09481240277143099
ALKBH7,0.6245491933544258
ALKBH8,0.9640326316800347
ALLC,-0.7720026909546738
ALMS1,0.45688108015388185
ALOX12,-1.1491503147061515
ALOX12B,1.0959005339752466
ALOX15,0.2585631775335938
ALOX15B,-0.1579948327588354
ALOX5AP,0.15507754345229907
ALOXE3,-0.32698605090397326
ALPG,-1.1746678377954942
ALPI,-0.9027487821695301
ALPK1,0.4369820836112108
ALPK2,1.1412477653879274
ALPK3,-0.7209010605892552
ALPL,-0.2569703914531973
ALPP,-1.2211297602614095
ALS2,0.45584702400300614
ALS2CL,-1.113254645736302
ALX1,-0.7127374308733594
ALX3,-0.176573170276219
ALX4,0.22424821813256363
ALYREF,0.13220725527075095
AMACR,0.4337909897687173
AMBN,0.23890318648818942
AMBP,-1.245007960281562
AMBRA1,0.527100394964791
AMD1,-0.26702194366554277
AMDHD1,-0.3188763253910527
AMDHD2,0.356847355503914
AMER1,-0.2519841411174766
AMER2,0.393519756046646
AMER3,0.08681437485126486
AMFR,0.2715646608398341
AMH,-0.47997573735460786
AMHR2,-0.3765062113538016
AMIGO1,-0.609583043595334
AMIGO2,0.7946077717279245
AMIGO3,-0.6795859090656786
AMMECR1,0.23132630400633203
AMMECR1L,0.2565234918563366
AMN,-0.32149249152879555
AMN1,0.25435016745578876
AMOT,2.3603161123049228
AMOTL1,0.5582718524081234
AMOTL2,-0.4287749592735828
AMPD1,-0.4018482614742938
AMPD2,0.4620253900645014
AMPD3,-0.4854762859232493
AMPH,-0.7674775065888091
AMT,-1.1726844085224002
AMTN,0.6305450780259387
AMY2A,-1.7951884323567235
AMY2B,0.9475347847322457
AMZ1,-1.4821714767099496
AMZ2,-0.040265784669319515
ANAPC1,-0.6988540989784475
ANAPC10,-0.45280786586227517
ANAPC11,0.06467650699790051
ANAPC13,-0.09040803691759702
ANAPC15,0.0203513361634009
ANAPC16,-0.019068828929976078
ANAPC2,0.5139866079634103
ANAPC4,-0.6575208536142876
ANAPC5,-0.0903926339480825
ANAPC7,-0.1675776321757665
ANG,0.34750990803740756
ANGEL1,-0.07240400661767027
ANGEL2,-0.2924662266236657
ANGPT1,2.0129832056454036
ANGPT2,0.7460177109748177
ANGPT4,-0.41771434533081875
ANGPTL1,-0.662281438407822
ANGPTL2,-1.3684449425820964
ANGPTL3,-0.8056418588449992
ANGPTL4,1.2547093640801188
ANGPTL5,1.2300702746583831
ANGPTL6,-0.08123789182744146
ANGPTL7,-0.569341932013312
ANGPTL8,-1.2712005571496092
ANHX,-1.2942633088241475
ANK1,0.4229541751158728
ANK2,0.20562769511723536
ANK3,0.09784745876050571
ANKAR,-0.34873554767897375
ANKDD1A,-1.0455978995685191
ANKDD1B,0.09800721563235057
ANKEF1,-3.0561856319470024
ANKFN1,-1.0684269212936743
ANKFY1,-0.3223068753795273
ANKH,0.07747759066321369
ANKHD1,0.01579921882681834
ANKHD1-EIF4EBP3,0.015686506147324586
ANKIB1,0.3783244064367217
ANKK1,-0.9594932010261813
ANKLE1,-0.2444478386554918
ANKLE2,0.5982505353213092
ANKMY1,-0.6952222105569836
ANKMY2,-0.3505821189966425
ANKRA2,0.06886322819597668
ANKRD1,0.9572725856605231
ANKRD10,1.0495157682903073
ANKRD11,0.16090931298652578
ANKRD12,0.029245551283108462
ANKRD13A,0.5161649565036575
ANKRD13B,-0.4913524751244793
ANKRD13C,0.8446565785932836
ANKRD13D,0.20275572243099393
ANKRD16,-0.27847292991174966
ANKRD17,0.2656885961086539
ANKRD18A,-0.9426917472645948
ANKRD18B,0.3963257103626501
ANKRD2,-0.639588246165059
ANKRD20A1,0.7790941005317598
ANKRD22,2.137898900709513
ANKRD23,-0.6958844022163975
ANKRD24,0.6588107266425705
ANKRD26,0.14477364821202432
ANKRD27,0.6107683446870409
ANKRD28,-0.12408475203470948
ANKRD29,0.2517014562175736
ANKRD30A,0.8667386788144937
ANKRD30B,-2.1793327376629383
ANKRD30BL,-0.34758452378385474
ANKRD31,0.21383646161196967
ANKRD33,-0.8031225196176095
ANKRD33B,1.9764746172108347
ANKRD34A,-0.11683135863303451
ANKRD34B,0.24186998191174688
ANKRD34C,0.009262945467964856
ANKRD35,0.33436898842601237
ANKRD36,0.46730985324923435
ANKRD36B,-0.30420518931771845
ANKRD36C,-0.11112396306773986
ANKRD37,0.027931019878670416
ANKRD39,-0.6872733384854586
ANKRD40,-0.8039653878405368
ANKRD40CL,0.1482266836700079
ANKRD42,0.7307892462973387
ANKRD44,0.0398687360255372
ANKRD45,-0.7456572727681056
ANKRD46,-0.02311112568395357
ANKRD49,0.210904676476662
ANKRD50,0.5283052144998099
ANKRD52,-0.7282490792303462
ANKRD53,-0.021577920718026986
ANKRD54,0.28513026025168386
ANKRD55,1.3356043424414437
ANKRD6,0.552648638802782
ANKRD60,0.21869228203654548
ANKRD61,-0.41701759091632695
ANKRD62,-0.2470098896984164
ANKRD63,-0.16813269269716524
ANKRD65,-0.12615581618584604
ANKRD66,0.8392484213445037
ANKRD7,0.1553284204604466
ANKRD9,-0.36438522237753546
ANKS1A,-0.18332395919064837
ANKS1B,-0.49547666547932756
ANKS3,0.2644814632971526
ANKS4B,0.2489759539375196
ANKS6,-0.27233655063755213
ANKUB1,1.0840034001517391
ANKZF1,0.34106151025473785
ANLN,-0.6669046244878079
ANO1,0.8386748938390111
ANO10,-0.48726374763423497
ANO2,-1.0114180227036758
ANO3,1.1477599497718525
ANO4,-1.9043387062437838
ANO5,0.3466510378097256
ANO6,-0.3897179271084448
ANO7,-1.1107767638618808
ANO8,0.12447494262619152
ANO9,0.12239170324639415
ANOS1,-1.5793948277577876
ANP32A,0.62950534404479
ANP32B,-0.5316882748311498
ANP32D,-2.056590408408656
ANP32E,0.33707291601499945
ANPEP,-0.4590055920754867
ANTKMT,-1.4796412615836037
ANTXR1,0.4792664147336675
ANTXR2,0.878983443109953
ANTXRL,-0.06318609177124657
ANXA1,-0.6056845730373854
ANXA11,-0.3741515887098501
ANXA13,-0.173505752515408
ANXA2,0.6689275331500825
ANXA2R,-0.2573872959546293
ANXA3,-1.1010999843451612
ANXA4,0.2959447739637846
ANXA5,-0.07899941650608833
ANXA6,-0.05806065957268025
ANXA7,0.46383321748453943
ANXA8,1.6830927597164047
ANXA8L1,1.181464088750968
ANXA9,-0.651837865663782
AOAH,-0.37098376274292644
AOC1,-1.2084943103740522
AOC2,-0.29870174224052426
AOC3,-0.8557338617782106
AOPEP,0.136802762263335
AOX1,-0.004466516227842443
AP1AR,0.6625116582276922
AP1B1,-0.2466838046213926
AP1G1,-0.09443371578777393
AP1G2,-0.6410297344125362
AP1M1,0.005029419476555663
AP1M2,-0.18376338617826582
AP1S1,0.6517815667002237
AP1S2,0.6175553921345094
AP1S3,-0.23152658198879705
AP2A1,0.14691786884178804
AP2A2,0.21762204836267607
AP2B1,0.15833241632530193
AP2M1,-0.15944990398152425
AP2S1,-0.03927933883197854
AP3B1,-0.03776010157272225
AP3B2,0.2586672778310979
AP3D1,-0.006890081162653328
AP3M1,0.12044684376893056
AP3M2,-0.08982342720124192
AP3S1,0.03573331716073014
AP3S2,0.7462730702673621
AP4B1,-0.16523247326177382
AP4E1,0.3409379869002911
AP4M1,0.1912142775509258
AP4S1,0.013288417559401022
AP5B1,-0.7407560181909805
AP5M1,0.3651430456555169
AP5S1,-0.8250945881958094
AP5Z1,0.6061520205247044
APAF1,0.09738901997298388
APBA1,-0.5371762790583412
APBA2,0.5504243374533508
APBA3,0.44688925779487887
APBB1,0.8397673186012239
APBB1IP,-0.42022929350588
APBB2,0.4698794357927023
APBB3,-0.2272466239316513
APC,-0.17605692597363687
APC2,0.05509640687054573
APCDD1,0.7392638216390626
APCDD1L,-0.6830615861277255
APCS,-0.6640711877915304
APEH,-0.6263021977390597
APELA,-0.4005391697833194
APEX1,0.050960433007279704
APEX2,0.8472978068004875
APH1A,0.0737464968652346
APH1B,0.39109570710939345
API5,1.973979206723143
APIP,0.56544251798663
APLF,0.6415731389660904
APLN,-0.08944340932159678
APLNR,-0.4506723466303121
APLP1,-0.20697471159309422
APLP2,0.11314302732809223
APMAP,-0.3375885668684071
APOA1,-0.20302723299984882
APOA2,0.2489597419382823
APOA4,-0.6573688801090012
APOA5,0.11250570917981184
APOB,-1.0979634478165736
APOBEC1,-0.49532570854429725
APOBEC2,-0.6501689748083626
APOBEC3B,0.9365721221298698
APOBEC3C,0.14441984798888852
APOBEC3D,-0.6899891584855027
APOBEC3F,-0.6496940083691527
APOBEC3G,1.108115421587934
APOBEC3H,0.6080769228780928
APOBEC4,0.1143741843204511
APOBR,-0.20281318221866318
APOC1,-1.3362671095237815
APOC2,0.3004402239095673
APOC3,0.13754885034438008
APOC4,0.285121880700873
APOC4-APOC2,0.2854809843794615
APOD,1.9816271253305384
APOE,0.49507927808613755
APOF,0.4660928595202223
APOH,-0.05227673664019061
APOL1,0.41257172767860684
APOL2,-0.42616375951980645
APOL3,2.832125908873161
APOL4,0.4495000311335149
APOL6,-0.11561472322531419
APOLD1,-0.2142207163957126
APOO,-0.14515553394431246
APOOL,0.9175869436985999
APP,-0.39437752240734747
APPBP2,0.30737995060302703
APPL1,-0.022310310169176617
APPL2,1.7901946367667583
APRT,-0.43661086499493873
APTX,0.2903147667629775
AQP1,-0.15848716312868938
AQP10,0.10621216535383915
AQP11,0.5489525482068833
AQP12A,1.1431561116655011
AQP12B,-1.0653930481656695
AQP2,-0.021520897241725234
AQP3,-0.7667728188969627
AQP4,0.11638665686795058
AQP5,-1.0792415511639455
AQP6,-0.6155118222154119
AQP7,-1.021695470780618
AQP7B,0.5496563025765249
AQP8,-0.8242702706853751
AQP9,1.3590825290678037
AQR,0.33858103987466803
AR,-2.0851402083786184
ARAF,0.3302861279430127
ARAP1,-0.2602814867380383
ARAP2,1.0567635893327103
ARAP3,0.1855892324284072
ARB2A,0.09281255244500342
ARC,-0.6650187442664939
ARCN1,0.10488513173294
AREG,-1.2086559169920834
AREL1,0.41664420451852413
ARF1,0.20727314709667954
ARF3,-0.1389525062324708
ARF4,0.2687855564432846
ARF5,0.17422320507965905
ARF6,-0.27468964402959006
ARFGAP1,-0.30022971393797837
ARFGAP2,-0.3607468236262701
ARFGAP3,1.3564400427277654
ARFGEF1,-0.06899723366598431
ARFGEF2,0.05182343711870807
ARFGEF3,-1.173071128846627
ARFIP1,0.05055920920729662
ARFIP2,-0.9633548815811079
ARFRP1,0.4824832652247655
ARG1,-0.2037136820744021
ARG2,0.2034646229040591
ARGFX,0.08933830717129926
ARGLU1,0.9235171898450734
ARHGAP1,0.1493049728798539
ARHGAP10,1.4118279252311354
ARHGAP11A,-0.7026185368813667
ARHGAP11A-SCG5,-0.7026185368813667
ARHGAP11B,-0.3048567788098535
ARHGAP12,-0.04050925865824295
ARHGAP15,0.2573106441696217
ARHGAP17,1.0833727311433885
ARHGAP18,-1.6983126145923317
ARHGAP19,0.7045527498406443
ARHGAP19-SLIT1,0.7073199000384736
ARHGAP20,-0.18411906473335818
ARHGAP21,-0.6586806648814307
ARHGAP22,0.14438999318809376
ARHGAP23,0.04918764840716916
ARHGAP24,-1.1046363282942326
ARHGAP25,0.09416704064018311
ARHGAP26,-0.39244209913540784
ARHGAP28,-0.7384287953006652
ARHGAP29,-1.2963513441262187
ARHGAP30,-0.006282118203950748
ARHGAP31,1.6539065542433387
ARHGAP32,0.31088530080211196
ARHGAP33,-0.08814786547535647
ARHGAP35,0.020154684624132724
ARHGAP36,0.431914302376581
ARHGAP4,-0.07157366119646413
ARHGAP40,-1.0046417979381963
ARHGAP42,0.41005531137782364
ARHGAP44,1.7299926476121061
ARHGAP45,0.7278979273284181
ARHGAP5,-0.2071042071536473
ARHGAP6,-1.799891303634673
ARHGAP8,-1.149931813365908
ARHGAP9,-0.3982639332802793
ARHGDIA,-0.11372982125470177
ARHGDIB,0.017091275252605342
ARHGDIG,0.11655416407273544
ARHGEF1,-1.2010867025065624
ARHGEF10L,0.24050994211630528
ARHGEF11,2.1670105577786236
ARHGEF12,-0.007250827746682398
ARHGEF15,-0.8134874050345258
ARHGEF16,0.47911767862589827
ARHGEF17,-0.220058463343608
ARHGEF18,-1.6750003859299123
ARHGEF19,-0.03189133829396695
ARHGEF2,-0.5425133846877324
ARHGEF25,-1.0680457592535886
ARHGEF28,-0.009215861882717058
ARHGEF3,-0.0921797359597274
ARHGEF33,1.0491769269251978
ARHGEF35,0.07995559610824898
ARHGEF37,0.5022637260035432
ARHGEF38,-0.7526910491828058
ARHGEF39,0.19101961061731398
ARHGEF4,0.35262059249308453
ARHGEF40,0.4683022282937097
ARHGEF5,0.05199482869777583
ARHGEF6,0.2678065989146581
ARHGEF7,-0.3811460983253017
ARHGEF9,-0.9569368711815422
ARID1A,-0.0487496000703187
ARID1B,0.3664597645854637
ARID2,0.4204310360530412
ARID3A,0.2809800737998205
ARID3B,0.062183699465215625
ARID3C,-0.2821961120652955
ARID4A,0.13679489729703675
ARID4B,0.5075664986366633
ARID5A,0.48396574421199157
ARID5B,0.6207218442188536
ARIH1,0.2620875820348392
ARIH2,0.7524063275897683
ARK2C,-1.3653172929048392
ARK2N,-0.28320583488175455
ARL1,0.22756514284876195
ARL10,-0.1191512285781231
ARL11,-0.870341579170004
ARL13A,0.6776969151022585
ARL13B,0.2941515609477805
ARL14,-1.1282342512752885
ARL14EP,0.7450090808755783
ARL14EPL,-0.2903188303684738
ARL15,-0.712564622605661
ARL16,0.06758780440080958
ARL2,-0.39794458278209666
ARL2-SNX15,-0.396577353832555
ARL2BP,0.3473914214332736
ARL3,-0.30450179151777057
ARL4A,-0.0421355992909338
ARL4C,-0.532965007588718
ARL4D,0.5283479932601907
ARL5A,0.23822854646962366
ARL5B,0.7322007979228933
ARL5C,-2.0575314626978187
ARL6,0.5477043452670882
ARL6IP1,-0.04812354605298541
ARL6IP4,-0.5550783979119522
ARL6IP5,1.1819092032816734
ARL6IP6,0.7279599323334143
ARL8A,-0.5909319172049714
ARL8B,-0.31994917793879907
ARL9,0.12656706891751857
ARMC1,0.41237389514668177
ARMC10,0.268391850864921
ARMC12,-0.17224023732360072
ARMC2,0.725961027527873
ARMC3,-0.22126432041881572
ARMC5,0.009418720131646463
ARMC6,-0.007989315452387125
ARMC7,-0.4583198055758311
ARMC8,0.2933285751730268
ARMC9,0.6307367175138279
ARMCX1,-0.6268775350112812
ARMCX2,-2.580249728889995
ARMCX3,0.7250401078230506
ARMCX4,-1.1930436992170277
ARMCX5,1.1477599497718525
ARMCX5-GPRASP2,-2.0624680598799414
ARMCX6,0.983566893530273
ARMH1,-0.6425583259907852
ARMH2,0.16934630514926463
ARMH3,-0.009845392703731637
ARMH4,0.15883370748169057
ARMS2,-1.0043185084432389
ARMT1,0.06838363005413539
ARNT,0.2668224154002319
ARNT2,-0.3240647159730219
ARPC1A,0.2038100592457388
ARPC1B,-0.04995479595493757
ARPC2,0.6268465892467989
ARPC3,0.11711318267046344
ARPC4,0.4378192109830339
ARPC4-TTLL3,0.4697383605133316
ARPC5,1.068255571208013
ARPC5L,-0.5226119982581809
ARPIN,-0.819505988462362
ARPIN-AP3S2,-0.8214834612426613
ARPP19,0.13047311732219757
ARPP21,-1.3861693974284184
ARR3,0.7121321155512317
ARRB1,0.45674024875486663
ARRB2,-0.27592998452830386
ARRDC1,-0.27385299434348864
ARRDC2,-0.09163890218028392
ARRDC3,-0.19263534448018094
ARRDC4,0.2221554485945798
ARRDC5,0.7755051577146904
ARSA,-0.46090014588264383
ARSB,0.0604844115484755
ARSD,-0.9213272578144516
ARSF,0.025311179074774426
ARSG,0.4783729639817089
ARSH,2.4914853562143158
ARSI,-0.16793451480790944
ARSJ,0.1507483122452744
ARSK,0.2478081522953146
ARSL,0.23212252794705246
ART1,-0.7452902828815804
ART3,0.605182629590026
ART4,1.4401387595166963
ART5,0.3369845169472001
ARTN,-0.8206402201645926
ARV1,0.7418387369411277
ARVCF,-0.18499927667968974
ARX,1.4324897877454106
AS3MT,-0.032594385565014594
ASAH1,0.4529231780997558
ASAH2,0.9311797279184318
ASAH2B,-1.0513483579031706
ASAP1,0.9502027345259451
ASAP2,-0.46536749606478445
ASAP3,-0.6022052529150359
ASB1,0.09284903847688453
ASB10,-0.052478165461143034
ASB11,-0.6520787298738699
ASB12,0.2055305779147958
ASB13,-0.015394264105523803
ASB14,-0.33642807002379244
ASB15,-0.7057716535638472
ASB16,-0.7779144262065473
ASB17,-0.5278117131175397
ASB18,0.48119593073559597
ASB3,-0.44971469627134636
ASB4,0.8127051464120221
ASB5,0.10158071978044403
ASB6,-0.022002817085848836
ASB7,0.568854419922495
ASB8,1.6248663961371361
ASB9,1.3765834498638878
ASCC1,-0.008868664492381662
ASCC2,0.6625606118889558
ASCC3,0.002225178612136336
ASCL1,-0.8538419635940414
ASCL2,-1.4885266314297665
ASCL3,-0.4061326231947837
ASCL4,2.6220470011865755
ASCL5,-1.11975134178829
ASDURF,-0.22871181326932133
ASF1A,0.21764030083948427
ASF1B,-0.13258571996730772
ASGR1,0.08076832512160315
ASGR2,-0.3099347597833051
ASH1L,-0.003094023984942851
ASH2L,-0.6673857146449698
ASIC1,-0.7879293569075396
ASIC2,-0.7949430450636739
ASIC3,0.08336066744906745
ASIC4,0.6545702990494566
ASIP,0.16862837806237801
ASL,-0.09521861040565383
ASNS,0.6212815357277373
ASNSD1,-0.23125718840784915
ASPA,-1.2979540265690408
ASPDH,0.42190360964706597
ASPG,-0.4373384850887059
ASPH,0.5687809882272487
ASPHD1,-0.15808578347308622
ASPHD2,-0.318291599591483
ASPM,0.5964385682430069
ASPN,-0.699742722705395
ASPRV1,-0.8994757539183023
ASPSCR1,0.22259958047053097
ASRGL1,-0.8896984343353878
ASS1,-1.3574314663207914
ASTE1,0.13707145542638166
ASTL,0.09625710681068789
ASTN1,-0.45219365960794056
ASTN2,1.384395395383496
ASXL1,0.29271627284711066
ASXL2,0.7064027331650604
ASXL3,-0.6383275554406918
ASZ1,-0.33014893198964806
ATAD1,-0.6471951976503962
ATAD2,-0.8142550391257912
ATAD2B,0.20967563728540295
ATAD3A,0.7030624782811334
ATAD3B,0.45383847343901396
ATAD3C,-0.8227312323075563
ATAD5,-0.17976389009741878
ATCAY,2.638919384960327
ATE1,0.26317284210074954
ATF1,-0.07780949356534395
ATF2,0.11450664432130209
ATF3,-0.12320367277564692
ATF4,0.6942828289171219
ATF5,-0.24278061861968236
ATF6,0.09975670730930108
ATF7,0.49670586916191617
ATF7-NPFF,0.5428718288157528
ATF7IP,1.0227231942145325
ATF7IP2,-0.7584271886216447
ATG10,-0.541526200924491
ATG101,0.18789597913744815
ATG12,0.01455531891665851
ATG13,0.25075406836582204
ATG14,0.3016390127615036
ATG16L1,-0.6762457644135302
ATG16L2,-0.17403148993779727
ATG2A,-0.5131821731055513
ATG2B,0.059156428181101894
ATG3,0.4758777804876333
ATG4A,0.4136991561091401
ATG4B,0.17619541145173256
ATG4C,-0.07173380931396478
ATG4D,0.3980645840895978
ATG5,-0.29696340992256864
ATG7,-0.4559881800476835
ATG9A,0.3357390416953083
ATG9B,0.047195238454104116
ATIC,-0.4721698496830018
ATL1,-0.2030294238798911
ATL2,0.12483257301295803
ATL3,-0.37878096287978824
ATM,0.16874111963571803
ATMIN,0.34407979748087514
ATN1,-0.28627370865771584
ATOH1,-1.3828642057706375
ATOH7,-0.7629493058315349
ATOH8,-0.11267277807936582
ATOSA,0.03296687265892295
ATOSB,0.2776913459494921
ATOX1,-0.1745565486685159
ATP10A,-0.2804964190705297
ATP10B,2.9678296598559815
ATP10D,1.0100843930655086
ATP11A,0.9386126140950305
ATP11B,-0.024371769064055027
ATP11C,-0.14731157929591931
ATP12A,-0.7598661188473707
ATP13A1,-0.15870467563050816
ATP13A2,-0.46021079178839
ATP13A3,0.5103542868910529
ATP13A4,0.9956413812812013
ATP13A5,-2.0574467869765907
ATP1A1,-0.8199761543744248
ATP1A2,-1.0005731592597753
ATP1A3,-0.4471188434974924
ATP1A4,0.08455717534403454
ATP1B1,0.22402624739678934
ATP1B2,0.3928497383177195
ATP1B3,-0.3200529011608553
ATP1B4,-0.800531552302976
ATP23,0.5506293536295063
ATP2A1,-0.5316072218167611
ATP2A2,-0.2265600779713357
ATP2A3,-1.0424251172203003
ATP2B1,1.3700233891028366
ATP2B2,0.3141178663497396
ATP2B3,0.6833062231548048
ATP2B4,-1.100839051760027
ATP2C1,0.7919175717847606
ATP2C2,-1.2465089830882707
ATP4A,-0.3294977850091164
ATP4B,0.885652347148885
ATP5F1A,-0.5226675104910057
ATP5F1B,0.13316217095730787
ATP5F1C,0.42663430417964854
ATP5F1D,-0.29122556857062154
ATP5F1E,0.037422876252795056
ATP5IF1,0.16607891263634134
ATP5MC1,-0.3118886390916442
ATP5MC2,-0.12766226935343017
ATP5MC3,0.13200214404640986
ATP5ME,0.31167465574407016
ATP5MF,-0.31793132762285836
ATP5MF-PTCD1,-0.3172310188004852
ATP5MG,0.3868537439472033
ATP5MGL,-0.7594177766387515
ATP5MJ,-1.3124925535305698
ATP5MK,0.47390001287758343
ATP5PB,-0.5522340401011463
ATP5PD,-0.015750646296632365
ATP5PF,0.15750553694836888
ATP5PO,0.39081701129754576
ATP6AP1,0.3458487868106237
ATP6AP2,1.2084799352827895
ATP6V0A1,0.03421518041839766
ATP6V0A2,0.2571939781190413
ATP6V0A4,-0.021334146431556844
ATP6V0B,0.3328649253593654
ATP6V0C,0.029210995076321744
ATP6V0D1,-0.04230929061504085
ATP6V0D2,0.33442009751682833
ATP6V0E1,-0.09218383196866275
ATP6V0E2,-0.33203719580167457
ATP6V1A,0.3279447671796456
ATP6V1B1,-0.2969087787765431
ATP6V1B2,-0.6288889690900197
ATP6V1C1,-0.31662364274558685
ATP6V1C2,0.49853357326057474
ATP6V1D,-0.11543327916488888
ATP6V1E1,0.13637967560081377
ATP6V1E2,0.2368028679446268
ATP6V1F,-0.5100309684569018
ATP6V1G1,0.20393976175317707
ATP6V1H,-0.09798801658184564
ATP7A,0.32620557813673856
ATP7B,0.4810078801602389
ATP8A1,0.22040537608934452
ATP8A2,0.10713594072782051
ATP8B1,-0.24695881318871968
ATP8B2,-0.5722599926961238
ATP8B3,-0.5626875861393348
ATP8B4,0.6302010710465125
ATP9A,-0.06181775392304473
ATPAF1,-0.3888061374750347
ATPAF2,0.08437665186179366
ATPSCKMT,0.3447248488585162
ATR,0.24330536248394363
ATRAID,-0.0023500160975720163
ATRIP,-0.06948671426653119
ATRN,0.39999250180007473
ATRNL1,1.3845084673108259
ATRX,0.47744068428716524
ATXN1,-0.188725792113837
ATXN10,-0.2710688081943342
ATXN1L,-0.03253260990780893
ATXN2,0.16391026376428153
ATXN2L,0.8987360430540847
ATXN3,0.21064638496471355
ATXN3L,-0.5426223986535548
ATXN7,-0.3071305698481872
ATXN7L1,0.3859567071821277
ATXN7L2,0.2563715112557152
ATXN7L3,0.6256729647508115
ATXN7L3B,-0.14641758775033376
AUH,0.14470011168415198
AUNIP,-0.4647851631284017
AUP1,0.09199328176047494
AURKA,0.36519581205787865
AURKAIP1,0.14098647398490405
AURKB,0.09442023552779277
AURKC,1.1110118896835082
AUTS2,0.3469231673692976
AVEN,-1.0041166611281092
AVIL,-0.29297043358289465
AVL9,0.29864537628194165
AVP,0.14600617294182805
AVPI1,-0.07156569958619707
AVPR1A,0.12923849982625973
AVPR1B,-0.6034942935104537
AVPR2,0.8889851320009672
AWAT1,0.9867506456967985
AWAT2,2.25239627626134
AXDND1,-0.07239655018600244
AXIN1,-0.42314011748395686
AXIN2,0.2358740023154069
AXL,-0.5410457230738435
AZGP1,0.8069215085348856
AZI2,-0.07278967227847133
AZIN1,-1.1439850172602561
AZIN2,-0.19131519162261057
B2M,0.812122535969364
B3GALNT1,-0.03260474790654144
B3GALNT2,-0.2915969771952147
B3GALT1,0.6723261614365874
B3GALT2,1.211505047416419
B3GALT5,0.9215277661927809
B3GALT6,0.29604258279962004
B3GALT9,0.20560580109722126
B3GAT1,0.09865065956312313
B3GAT2,0.04743539800991181
B3GAT3,-0.3839982776111337
B3GLCT,0.8854012596134874
B3GNT2,-0.13416000279554385
B3GNT3,-0.6568372009653929
B3GNT4,0.24977495979296505
B3GNT5,-1.1309838798086609
B3GNT6,0.5229201564825454
B3GNT7,-0.08623181117095413
B3GNT8,-0.9461769820592512
B3GNT9,-0.8825845003942998
B3GNTL1,1.4478196836294135
B4GALNT1,0.3161025409724494
B4GALNT2,-0.5653101118563006
B4GALNT3,0.24729576744547677
B4GALNT4,-0.22412540534366565
B4GALT1,0.17893014916036343
B4GALT2,-0.21419186840913151
B4GALT3,0.26897084176441455
B4GALT4,0.8368369724996583
B4GALT5,0.4978240019146549
B4GALT6,0.4960592355777713
B4GALT7,0.46430750179129565
B4GAT1,-0.0390611736460551
B9D1,-0.159634406446592
B9D2,0.26160235189150116
BAALC,-0.13746581098057908
BAAT,-0.14771936139314723
BABAM1,0.3207995722519499
BABAM2,0.303578145073617
BACE1,-1.1534407845307164
BACE2,0.15261732332381905
BACH1,1.1239903634298107
BACH2,0.16782951366709442
BAD,0.07647299017425624
BAG1,0.045031566110778964
BAG2,-0.4191337996051434
BAG3,-0.2448796246286542
BAG4,-0.18489899831143308
BAG5,0.45682733720467095
BAHCC1,-0.6761100004348144
BAHD1,-0.15983904984440578
BAIAP2,-0.019444965891667332
BAIAP2L1,0.11958180472789892
BAIAP2L2,-1.0807114683555785
BAIAP3,-0.3225422184843484
BAK1,0.1329435011865865
BAMBI,-0.26136074379512
BANF1,-0.25138611537589073
BANF2,-0.363521378117734
BANK1,0.5218097694489309
BANP,-0.14879791163624567
BAP1,-0.07816857372547581
BARD1,-0.353524905602566
BARHL1,0.5478714493600709
BARHL2,0.5415239591782349
BARX1,-0.4518320758965839
BARX2,1.1526018003643408
BASP1,0.18152054361868442
BATF,0.36292377791191166
BATF2,-0.6609487761527311
BATF3,0.6556388647616853
BAX,0.4338332044821853
BAZ1A,0.0370935518905231
BAZ1B,0.4394370977186406
BAZ2A,0.06637367696824192
BAZ2B,2.1999005944590064
BBC3,0.5195232290154537
BBIP1,0.4222148338850302
BBLN,-0.4490876186361863
BBOF1,-0.05020256364733955
BBOX1,-0.6911111607811729
BBS1,-0.15690274923812786
BBS10,-0.07986415114115752
BBS12,0.7378065995283698
BBS2,0.8335300389836868
BBS4,0.0721369107443568
BBS5,1.4355775816659988
BBS7,-0.125825755172972
BBS9,0.44913911113272187
BBX,0.007138351965182199
BCAM,0.3165883320667605
BCAN,-0.21956654301611916
BCAP29,-0.11399850500093667
BCAP31,-0.050007307457617056
BCAR1,-0.8015429155458084
BCAR3,-0.3192105405932395
BCAS1,-0.20657450042736347
BCAS2,0.6600139898704223
BCAS3,0.4241176254560233
BCAS4,0.2267708643685739
BCAT1,-0.8217665789443895
BCAT2,-0.27279316463775505
BCCIP,0.06520702667549338
BCDIN3D,0.1512405166426829
BCHE,-0.41006935254394605
BCKDHA,0.29795598455880423
BCKDHB,-0.03483317764555238
BCKDK,-0.004331448706509589
BCL10,0.8052291035944488
BCL11A,-0.04799239866335814
BCL11B,-0.1944829387389415
BCL2,-0.2609896820075237
BCL2A1,1.9541667784234416
BCL2L1,0.4473781980040785
BCL2L10,-0.5841419763009215
BCL2L11,0.5346176359014287
BCL2L12,0.22575986345491028
BCL2L13,0.13557987041481434
BCL2L14,0.26829045824303765
BCL2L15,-0.1148655840655396
BCL2L2,0.30514730375586674
BCL2L2-PABPN1,0.720921300424922
BCL3,3.00338781021883
BCL6,2.177070443424673
BCL6B,0.6034715608738246
BCL7A,-1.2257458718784613
BCL7B,0.240346070401098
BCL7C,-0.18649537707218888
BCL9,0.27983057389531263
BCL9L,0.014155577738874658
BCLAF1,0.41918945465175694
BCLAF3,0.18415053818399207
BCO1,-1.1379191191257392
BCO2,0.9794793142346543
BCOR,-0.3560784085893287
BCORL1,-0.11200836987890717
BCR,-0.7443754081382608
BCS1L,-0.3636366982566144
BDH1,-0.08594282896716438
BDH2,0.20106662219420612
BDKRB1,0.6104637260461332
BDKRB2,1.950070577484834
BDNF,-0.878129501593048
BEAN1,-0.9637144100407401
BECN1,-0.03746085983704317
BECN2,-0.3590698215325609
BEGAIN,-1.0077780739424926
BEND2,-0.9122587933513101
BEND3,-0.2074835388650369
BEND4,-0.10912166845166948
BEND5,0.08055653124193829
BEND6,-0.743466647151549
BEND7,-1.9329161352430249
BEST1,-1.18534642456037
BEST2,-0.13214376411193607
BEST3,1.4419191815420307
BEST4,-0.5217944249941506
BET1,1.2628710448219258
BET1L,0.21313468939646896
BEX1,1.7082033421802705
BEX2,0.14808040364078673
BEX3,0.8607165153513677
BEX4,0.6250115935648881
BEX5,-0.5849635178601309
BFSP1,0.6289872491351798
BFSP2,-0.2611400158290525
BGLAP,-0.18286843649994733
BGN,0.941107770657738
BHLHA15,0.23817283689996055
BHLHA9,0.6874169066619011
BHLHE22,-0.6788943040710596
BHLHE23,-1.4697422489250345
BHLHE40,1.217543528997795
BHLHE41,-0.3688826740792239
BHMT,-0.39382709710815245
BHMT2,-0.41457236319010216
BICC1,0.5329204206773326
BICD1,-0.03127322769247076
BICD2,0.12827717512582648
BICDL1,0.04261737518631836
BICDL2,-0.5900160028279222
BICRA,0.950159269576736
BICRAL,0.05623861658203655
BID,-0.4990480165140134
BIK,0.06871276520419012
BIN1,0.8436352552703082
BIN2,-0.7717237810642708
BIN3,-0.18084045254260905
BIRC2,2.0320484246012582
BIRC3,2.003470864432432
BIRC5,-0.24899770812984867
BIRC6,0.21727966692147138
BIRC7,-0.7268763110323953
BIVM,0.14223493024034006
BIVM-ERCC5,0.14316496852435723
BLACAT1,-0.30606276123404375
BLCAP,0.5493185051612377
BLID,-0.6057228148842051
BLK,-1.3800587936733226
BLM,0.3715250672304502
BLMH,-0.13683043580741838
BLNK,0.37576186088844554
BLOC1S1,-0.01346191571679034
BLOC1S2,0.18811699000403248
BLOC1S3,-0.08887177210391384
BLOC1S4,-0.11187801329440195
BLOC1S5,0.012796293085348687
BLOC1S5-TXNDC5,0.015001664499495693
BLOC1S6,-0.11426330022206477
BLTP1,0.1996958627010268
BLTP2,-0.1542520768539406
BLTP3A,-0.3487198249319987
BLTP3B,-0.18729961724640543
BLVRA,-0.23449739856003937
BLVRB,0.1467042933081042
BLZF1,0.5737037910457405
BMAL1,0.6822902600016576
BMAL2,0.47714929101804704
BMF,0.09397115664201694
BMI1,0.7031211159907642
BMP1,0.21668658296616128
BMP10,0.34996329646653507
BMP15,0.37723702249438995
BMP2,0.33245615125765254
BMP2K,0.022622198141353245
BMP3,-0.7838333744755597
BMP4,0.616460854577789
BMP6,1.4646695517871553
BMP7,-1.418917348854984
BMP8A,-0.5863232626279109
BMP8B,-0.7743419564065892
BMPER,1.2177110662119643
BMPR1A,0.48631248709223085
BMPR1B,1.1680403084315332
BMPR2,0.3325797794944505
BMS1,0.24486201426890464
BMX,0.34513661374617466
BNC1,-0.662083169923457
BNC2,-2.662974726993982
BNIP1,0.05141744120540159
BNIP2,-0.04422528738213005
BNIP3,0.008299127099847814
BNIP3L,0.9656979945929982
BNIP5,0.2484822359323099
BNIPL,-0.8690149222934281
BOC,0.19257952784134558
BOD1,0.15839558095945927
BOD1L1,0.4056609130258242
BOD1L2,0.2573301334477498
BOK,0.05346091108911355
BOLA1,0.06630856532472107
BOLA2,-1.4619398724708996
BOLA2-SMG1P6,-1.416606073976311
BOLA2B,-1.7393669878318199
BOLA3,-0.6281123001972375
BOLL,-1.9907093660150732
BOP1,0.12234946262473656
BORA,-0.14881214262609754
BORCS5,0.46892249818941556
BORCS6,0.029063375542023984
BORCS7,-0.19079918611475621
BORCS7-ASMT,-0.19305986280590837
BORCS8,0.15599120736006844
BORCS8-MEF2B,0.15762913531334144
BPGM,0.28976984537872186
BPHL,-0.04720103208522497
BPI,-0.43373716884399216
BPIFA1,0.5857201534576932
BPIFA2,-0.7834798232867042
BPIFA3,-0.33925988014008807
BPIFB1,-0.14703348114523984
BPIFB2,-0.9804046971107159
BPIFB3,-0.49535846819306856
BPIFB4,-0.23749947214694261
BPIFB6,-0.3492000686344955
BPIFC,-0.11225922896871912
BPNT1,0.4613387913389029
BPNT2,0.134289935136916
BPTF,-0.5232596079700529
BRAF,1.2342848429386855
BRAP,-0.005333849017626235
BRAT1,-0.16212099208290986
BRCA1,0.31232304495850505
BRCA2,-0.22698366685621174
BRCC3,0.34519829505549904
BRD1,-0.1464679007398857
BRD10,0.2929444693114882
BRD3,0.11749752733506647
BRD3OS,-0.2124350532155903
BRD4,0.30865778308674674
BRD7,0.09568550807240062
BRD8,0.08006805550316898
BRD9,-1.0756688711794995
BRDT,1.0100440168927598
BRF1,0.11263618038513457
BRF2,-0.6574561918759718
BRI3,0.4577257688913501
BRI3BP,0.42286008026168487
BRICD5,-0.7225563209168904
BRINP1,-0.7896254898166183
BRINP2,0.5198642025561364
BRINP3,0.8112945267762772
BRIP1,0.014808369532540944
BRIX1,-0.24929874554154496
BRK1,0.03811852462316967
BRME1,-0.39705674482484676
BRMS1,0.44761202821766455
BRMS1L,0.2598817826234523
BROX,0.4829216440601196
BRPF1,0.17739080722970701
BRPF3,0.6225882992899034
BRS3,1.8219756561705225
BRSK1,0.026371608067414343
BRSK2,-0.4714475535712108
BRWD1,-0.017718313384823603
BRWD3,0.43496304407769104
BSCL2,-0.21855416720565746
BSDC1,-0.15186703324313466
BSG,0.25464060078591766
BSN,0.04005398202220656
BSND,0.03924743507407413
BSPH1,-1.8113986842873187
BSPRY,-0.34620023282389156
BST1,-0.9332316321047955
BST2,-0.5797376683986011
BSX,0.5688642877503137
BTAF1,0.4099338025957251
BTBD1,0.12675514523489095
BTBD10,0.7614447761812253
BTBD16,0.32114623947563753
BTBD17,1.70418875392497
BTBD18,-0.02959258722617908
BTBD19,0.03127814328218026
BTBD2,0.3462520299781283
BTBD3,0.9093335062052823
BTBD6,-0.4410543377797933
BTBD8,0.1875942297907236
BTBD9,-0.4045052857859235
BTC,0.5432604516692535
BTD,-0.02637892024945021
BTF3,0.2865242328586439
BTF3L4,-0.05318389174464144
BTG1,0.7227861460641622
BTG2,-0.4145928705118882
BTG4,1.8715058555868893
BTK,0.40034410467550363
BTLA,0.5991957052193895
BTN1A1,-0.009952252430596997
BTN2A1,-0.49378725524017897
BTN2A2,-0.14218684921475155
BTN3A1,0.09593217154480405
BTN3A2,-0.6656073759493863
BTN3A3,0.0906978073372322
BTNL3,1.191082536692247
BTNL8,-0.5027773168161157
BTNL9,0.1744125516582744
BTRC,1.0945121079894216
BUB1,-0.5137307186396423
BUB1B,-0.4763315563681654
BUB1B-PAK6,-0.7936294861350264
BUB3,0.27177804569236486
BUD13,0.26030430036717656
BUD23,-0.019731455005927767
BUD31,-0.06642899539979208
BVES,0.7511455312690453
BYSL,0.3067955069742916
BZW1,0.5828372144005649
BZW2,-0.34158343623622844
C10orf105,-1.256100706285265
C10orf120,-0.6220092747571699
C10orf143,0.08026735362956217
C10orf53,-1.306399169092896
C10orf62,-0.6920282732895934
C10orf67,0.059843927837573974
C10orf71,-0.8497418883332413
C10orf88,0.12630402423439202
C10orf90,-0.023364057357450285
C10orf95,-0.8035251566419244
C11orf16,-0.5406466229497973
C11orf21,-0.18949475507128444
C11orf24,0.5983081656194644
C11orf42,0.623965147170142
C11orf52,0.9945668710254785
C11orf54,0.23522564139658853
C11orf58,2.732725931752442
C11orf65,0.2304930474226543
C11orf68,0.2570431567376681
C11orf71,-0.32314987433743525
C11orf86,0.26743018306332744
C11orf87,0.5150983361930428
C11orf91,-0.14664215706372596
C11orf96,-0.4415177502988647
C11orf97,0.5935558391417115
C11orf98,-0.18298390964721545
C12orf42,2.171312413399051
C12orf43,0.07928166445884477
C12orf50,-0.12029447131750959
C12orf54,-0.05005187706387337
C12orf56,0.028248601162693565
C12orf57,0.04088971903818983
C12orf60,0.049628588539625706
C12orf71,-0.09944306907798256
C12orf75,1.5086053313240548
C12orf76,-1.4104799720695702
C13orf42,-1.028958985137774
C13orf46,-0.5335537796417311
C14orf119,-0.06495844945989226
C14orf132,1.13894678690114
C14orf28,0.8571741267215023
C14orf39,-0.8051302485746178
C14orf93,-0.1503940105503685
C15orf39,-0.11964582649211186
C15orf40,0.09463506301145452
C15orf48,0.9916080396790918
C15orf61,-0.2126231492107924
C15orf62,-0.1318499866513303
C16orf46,0.31546620671955816
C16orf54,-0.6181912737661324
C16orf74,-0.6078680323666829
C16orf78,-0.9272873923671473
C16orf82,-0.42955384470133817
C16orf86,-0.5710486583141607
C16orf87,0.1529497046736612
C16orf89,-0.8406266121297785
C16orf90,0.24324164200169918
C16orf92,-0.7331940663498366
C16orf95,0.26279212390677786
C16orf96,-1.0142613603541504
C17orf100,0.23383042219875172
C17orf107,-0.9058298177800033
C17orf113,-0.7758178741450414
C17orf114,0.024219612685497438
C17orf49,1.4247953728394287
C17orf50,-0.5220143289207766
C17orf58,0.279474420655015
C17orf67,-0.4198004428507206
C17orf75,0.24148954526915745
C17orf99,-0.6218179163393471
C18orf21,0.5498148323116347
C18orf32,0.3273352901361899
C18orf54,0.6959053778091513
C18orf63,0.0021310187102929756
C19orf12,0.005796545804827691
C19orf18,-0.12242225847477195
C19orf25,0.25143861555932556
C19orf33,0.22662445391273212
C19orf38,0.4799875532819531
C19orf44,0.17720876708224376
C19orf47,-0.04571004545176249
C19orf53,0.02419017892618358
C19orf67,-0.017922081338243467
C19orf73,-0.21854443961585046
C19orf81,0.24908534211006916
C19orf84,-0.7599333286122252
C19orf85,0.6466000229559
C1D,0.6066259205302665
C1GALT1,0.7997104015858825
C1GALT1C1,-0.5378868301810722
C1GALT1C1L,1.0674019599470665
C1QA,0.1353662571411482
C1QB,-0.4447382790418853
C1QBP,0.8469268415061286
C1QC,-0.32767871597683773
C1QL1,-0.5603107047078846
C1QL2,-0.5275653577834709
C1QL3,-0.6078543718559819
C1QL4,-0.2260755142495663
C1QTNF1,1.2506413836761605
C1QTNF12,0.16915010414242138
C1QTNF2,0.5899466116466275
C1QTNF3,0.5456225385569113
C1QTNF3-AMACR,1.5342120535230739
C1QTNF4,0.6002943768799692
C1QTNF5,-0.2603121015354546
C1QTNF6,-0.7888618454601963
C1QTNF7,0.6128856341153712
C1QTNF8,0.31397280471346906
C1QTNF9,0.047890485098128155
C1QTNF9B,0.32733191793011557
C1R,-0.790841778105133
C1RL,-0.2812178600621489
C1S,-0.9074025613422118
C1orf105,1.4171400494704698
C1orf115,-0.7042935775444379
C1orf116,0.788360321221873
C1orf122,0.33992548131391587
C1orf127,-0.5031111868389868
C1orf131,-0.4030334998247511
C1orf141,0.8272966507734398
C1orf146,0.636819175206188
C1orf159,-0.371924700517942
C1orf162,0.6621345742219041
C1orf167,-0.5762740160739608
C1orf174,-0.0754466539897578
C1orf185,-0.48347327877643376
C1orf198,-0.012552952762702185
C1orf202,0.1551941651038321
C1orf21,0.7127339886981156
C1orf210,-0.6702982013276064
C1orf216,-0.96172709000652
C1orf226,1.0508437740278702
C1orf232,-0.3249075258873484
C1orf35,-0.23431834234097693
C1orf43,0.5156043327529813
C1orf50,-0.3358147770367603
C1orf52,0.30813612349553887
C1orf53,0.11777448413771063
C1orf54,0.18134181914511904
C1orf56,-0.29477056777054855
C1orf74,-0.0782649181602344
C1orf87,-1.1412875605845847
C1orf94,-0.926581081685681
C20orf141,0.17397915835382405
C20orf144,-0.8651872422142239
C20orf173,-1.6814584810324162
C20orf202,-0.9278949280957092
C20orf203,-1.4988018351533574
C20orf204,2.072814474453267
C20orf96,-0.0757424073790578
C21orf58,-0.1399678404495326
C21orf91,0.917616272210696
C22orf15,-0.16092473600954066
C22orf23,-0.3607716001594641
C22orf31,0.05654888838398364
C22orf39,-0.20433480627546707
C22orf42,-0.5169891383048606
C2CD2,-1.1336902136765292
C2CD2L,0.7135256003495924
C2CD3,-0.09666917368850303
C2CD4A,0.13650655683892232
C2CD4B,1.1867224750151795
C2CD4C,-0.6157737581089744
C2CD4D,-0.3217568053677733
C2CD5,0.5602359435887427
C2CD6,-0.22304819359760397
C2orf15,-0.8459594345258252
C2orf42,0.2471527264674691
C2orf49,0.8982958925886337
C2orf66,1.671856148904548
C2orf68,0.44875220346861155
C2orf69,0.08064991422649292
C2orf72,0.7524560814248292
C2orf74,0.38363887969846355
C2orf76,-0.29932190233337286
C2orf78,0.2155675490300183
C2orf80,-0.03514515921761463
C2orf81,0.14216396293965716
C2orf88,-0.06661407596501448
C2orf92,-0.10758771242299625
C3,-0.4878904861485023
C3AR1,-0.24038899045893392
C3orf18,-0.1369520846576764
C3orf20,0.2196216161478437
C3orf22,-1.1784853716400487
C3orf33,-0.2691719857895263
C3orf38,0.14230929246988033
C3orf49,-0.41304425594735994
C3orf52,-0.6197675618049338
C3orf62,0.23038991651001695
C3orf70,0.10309361440245268
C3orf80,-0.40661129929504225
C3orf85,0.10703945850856456
C4BPA,-0.6749059114812653
C4BPB,0.8878635875975911
C4orf17,0.45466524983181456
C4orf19,-1.9742407892070644
C4orf3,-0.17042763470667777
C4orf33,0.6596456680363616
C4orf36,-0.8750091644132816
C4orf46,-0.2703242211036474
C4orf50,0.13879200238265632
C4orf51,-1.349481900672378
C4orf54,-0.43532347882404765
C5,-0.36992440926335757
C5AR1,0.0749756962781799
C5AR2,0.20242110919362333
C5orf15,0.4166114793684441
C5orf22,-0.02987473270649499
C5orf24,-0.26648704743733953
C5orf34,-0.25937136688500795
C5orf46,-0.19984102293677974
C5orf47,-0.25390093217800097
C5orf52,-0.7513514650211436
C5orf58,0.5374603374785685
C5orf63,0.8390151697141647
C6,1.1477599497718525
C6orf118,-0.9157032614670783
C6orf120,0.28846585139541947
C6orf132,-0.487964150538113
C6orf141,0.9292994380878716
C6orf163,-0.24328295289534418
C6orf226,0.0004895790546473044
C6orf52,0.5250059019300783
C6orf58,-1.1145146342159318
C6orf62,0.2538120727835471
C6orf89,-0.4372034272087626
C7,-1.5678214637186902
C7orf25,0.3308615909978867
C7orf33,-0.42530615386090764
C7orf50,-0.0956504212700855
C7orf57,0.5148735768233837
C7orf78,0.10402344703490574
C8A,1.2152087931203048
C8B,-0.7315030016815858
C8G,0.22063382381405683
C8orf33,0.45739768957162275
C8orf34,-0.18508295570469868
C8orf44-SGK3,0.1061540543209949
C8orf48,1.5536948223957543
C8orf58,-0.2646325713796198
C8orf74,-1.3976485201414366
C8orf76,-0.0718192728640914
C8orf82,0.7152184523800091
C8orf88,0.030427062877710825
C8orf89,1.416607995324702
C8orf90,-0.579014043213721
C9,-0.8351338686347165
C9orf152,-0.20545936132654352
C9orf153,-0.4964013907770417
C9orf40,-0.5734307518529254
C9orf43,0.2649080428641666
C9orf50,0.5203485917521524
C9orf57,-0.35664327592614486
C9orf72,0.9304627877351055
C9orf78,-0.21532506325772705
C9orf85,0.03873829948066643
CA1,1.173071128846627
CA10,0.46566511801664023
CA11,-0.48909527926563223
CA12,-0.281177703649804
CA13,-0.13113264075251463
CA14,0.11719278147956602
CA2,1.0605432955291625
CA3,-0.016210264319105328
CA4,-0.5684023348543294
CA5A,-0.3417053367573172
CA5B,0.19318351945369439
CA6,0.40410574657453646
CA7,-0.43349723018724917
CA8,-1.1934318172126421
CA9,0.2290960730359476
CAAP1,0.48427620378090497
CAB39,0.037753367813144756
CAB39L,-0.08912438192476291
CABCOCO1,-0.9618967530163554
CABIN1,-1.173071128846627
CABLES1,1.1992152290972022
CABLES2,-0.5217538873746765
CABP1,-0.1720647677408884
CABP2,0.46284453175061
CABP4,-0.8630464410506765
CABP5,-2.0527446521126627
CABP7,-0.6499874319079023
CABS1,0.6645152886838341
CABYR,0.522342541259167
CACFD1,0.27405757549638676
CACHD1,0.21019922817559422
CACNA1A,0.6680657408399765
CACNA1B,-0.4770757926268561
CACNA1C,0.5529192045561755
CACNA1D,0.5062135134065798
CACNA1E,0.18636349287298937
CACNA1F,0.20686360055451902
CACNA1G,-0.7421601922266938
CACNA1H,-0.0049284075354094625
CACNA1I,-0.6605827330858067
CACNA1S,-0.45553713668376417
CACNA2D1,-0.8198480839368549
CACNA2D2,-0.6255966409706413
CACNA2D3,-0.6889417215459203
CACNA2D4,-0.5194091846330946
CACNB1,-0.5448730332158722
CACNB2,1.0737505141221941
CACNB3,-0.5783037162449071
CACNB4,0.08615670578546024
CACNG1,0.30857209076159453
CACNG2,0.43265861486057977
CACNG3,-0.05729870937881963
CACNG4,-0.5048498316948673
CACNG5,-0.7363574078935611
CACNG6,1.0764197320187927
CACNG7,0.25608701910904963
CACNG8,0.9730588371076897
CACTIN,0.005815335813428302
CACUL1,0.31368615112036613
CACYBP,0.12397697578246891
CAD,0.05138348633331091
CADM1,0.4631607716513897
CADM2,-0.13371724953134867
CADM3,0.48166180073695075
CADM4,0.030464104592854535
CADPS,-1.0938080096341427
CADPS2,-1.1798547604190412
CAGE1,0.4998296755401159
CALB1,0.8756114653403113
CALB2,-0.6224948746878871
CALCA,-0.3691470557248765
CALCB,-1.1820130725760958
CALCOCO1,0.0
CALCOCO2,0.3632728806391854
CALCR,-1.40184264164736
CALCRL,-1.7951884199682133
CALD1,0.0287829457340123
CALHM1,-0.6314666337870712
CALHM2,-1.3126735049225204
CALHM3,-0.2057808300289804
CALHM4,0.39103665671194393
CALHM5,-1.053236773164743
CALHM6,-0.4111712190414535
CALM1,0.6072838533286347
CALM2,-0.08675607834724541
CALM3,0.10711595613485159
CALML3,0.33939628217167395
CALML4,-1.4426891831842839
CALML5,0.6939669654088005
CALML6,-0.8537806337969518
CALN1,0.7651633830900113
CALR,0.22629189614000556
CALR3,0.044958830865842625
CALU,0.5745651351551007
CALY,-0.01417693907479145
CAMK1,0.03502869297763933
CAMK1D,0.004620252914963041
CAMK1G,-0.14735526346642155
CAMK2A,-0.8395628376027573
CAMK2B,-0.3197207049897365
CAMK2D,0.6438131559383056
CAMK2G,0.4840942506207604
CAMK2N1,0.6156281329807063
CAMK2N2,-0.4157457488012868
CAMK4,0.049043026995342576
CAMKK1,-0.673296726964097
CAMKK2,-0.23275148393245315
CAMKMT,-0.2704248966064715
CAMKV,-0.4914235034168881
CAMLG,-0.30323399612567625
CAMP,-1.0492417030740853
CAMSAP1,0.29932348523155294
CAMSAP2,0.534516727915098
CAMSAP3,0.08721385180385843
CAMTA1,0.33734012918268963
CAMTA2,-0.5397910115401361
CAND1,0.3173875030154747
CAND2,0.23055545819635012
CANT1,-0.36855105747600003
CANX,-0.3303151166554126
CAP1,-0.07672654259317335
CAP2,-0.9175389556706777
CAPG,-0.040571880573299524
CAPN1,-0.7927449611990589
CAPN10,-0.06575531914301713
CAPN11,-0.1010538831736344
CAPN12,0.2328418393011147
CAPN13,-1.1612534802465069
CAPN14,0.714192002629733
CAPN2,0.06845990856650508
CAPN3,-0.3691767618107237
CAPN5,-0.3108171892282465
CAPN6,-1.173071128846627
CAPN7,0.05374308435945707
CAPN8,-0.44291871948480477
CAPN9,-0.678261562246788
CAPNS1,0.6720970633834935
CAPNS2,0.2365662879324033
CAPRIN1,0.24181957768221807
CAPRIN2,0.5939460165855294
CAPS,-0.4081446387344738
CAPS2,0.2590982520491204
CAPSL,-0.4581620785955483
CAPZA1,0.0
CAPZA2,0.9090606298862856
CAPZA3,0.8080470074019803
CAPZB,0.021586167845799586
CARD10,-1.2427446104657636
CARD11,0.25898107450148555
CARD14,-0.3838819811030536
CARD16,1.8113986842873187
CARD18,0.1977307928152685
CARD19,-0.3447013718940588
CARD6,-0.6147841656343644
CARD8,0.9992177126008399
CARD9,-0.024717182988814757
CARF,0.7147598149737973
CARHSP1,-0.6027427252706583
CARM1,0.19881208750413304
CARMIL1,0.4101945910263336
CARMIL2,-0.930627904945514
CARMIL3,-0.9884337548459754
CARNMT1,-0.22514177656732315
CARNS1,-0.8270385638697053
CARS1,-0.24178701076221631
CARS2,0.5382218570180459
CARTPT,-0.20384222784964862
CASC3,-0.05141235479523587
CASD1,0.07719808374272263
CASK,0.5594178164651247
CASKIN1,0.3206004068930577
CASKIN2,-0.0022539700413428676
CASP1,0.019214911861349382
CASP10,-0.6343389687002217
CASP12,0.716754387898872
CASP14,-0.22631703511408308
CASP2,-0.11305255132085579
CASP3,0.6293997684916532
CASP4,-1.1934318172126421
CASP5,-0.7647129346639909
CASP6,-0.04793874214345806
CASP7,-0.618521991881491
CASP8,-0.28681993864640054
CASP8AP2,0.20139580479511476
CASP9,1.0031923200626878
CASQ1,-0.05090082604540336
CASQ2,0.15942091751173737
CASR,-0.5675956877907833
CASS4,0.07466759391064093
CAST,0.8851522509281582
CASTOR1,0.035003837423455586
CASTOR2,-2.075776333460638
CASZ1,0.3090692792313482
CAT,0.5602432731960634
CATIP,-0.6566370215444828
CATSPER1,-0.27278490265107624
CATSPER3,0.8050214536145653
CATSPER4,-0.9673595433699883
CATSPERD,0.24877508464188747
CATSPERE,1.3488244933684645
CATSPERG,0.4232351362212241
CATSPERZ,-0.3091155217148087
CAV1,0.6683283198603133
CAV2,0.49018525559113146
CAV3,0.5314094431796201
CAVIN1,-0.32777245428478763
CAVIN2,0.03750341749890329
CAVIN3,0.9682655160191562
CAVIN4,2.9529743218506064
CBARP,-0.08719343303437599
CBFA2T2,0.22839598313914689
CBFA2T3,-0.6392439917212345
CBFB,-0.3691554042923606
CBL,0.012777899116346525
CBLB,0.6465930045498642
CBLC,-0.32109184514411027
CBLIF,-0.5646271029528489
CBLL1,0.5306124797325933
CBLL2,-1.527254536387277
CBLN1,-2.1047462753732087
CBLN2,0.6383275554406918
CBLN3,-0.4281364251376041
CBLN4,-0.3774753521217693
CBR1,-0.5697808428068278
CBR3,0.49918403907912423
CBR4,0.10365177847951523
CBX1,0.6063830525265601
CBX2,-0.03681437605122562
CBX3,0.027261535035231432
CBX4,0.6736944832355514
CBX5,0.463892005931803
CBX6,-0.44398595180325984
CBX7,1.295434100618031
CBX8,-0.4173292444389407
CBY1,0.18424277314309645
CBY2,2.932041129958164
CBY3,-0.6093177874330364
CC2D1A,-0.42495088234596334
CC2D1B,-0.27775885776450693
CC2D2A,0.5186790988987646
CC2D2B,-0.9748237143615324
CCAR1,0.2554034424955476
CCAR2,0.16822043841693413
CCBE1,0.7675492446780148
CCDC102A,0.47203758229048676
CCDC102B,-0.017687876114269585
CCDC103,0.1973552594296093
CCDC106,0.14403180462140464
CCDC107,0.29447297123466587
CCDC110,-0.31336084200147374
CCDC112,0.7439589136682827
CCDC115,0.03329197571323794
CCDC116,-1.003607176766662
CCDC117,-0.0017368718874499756
CCDC12,-0.7913581777383043
CCDC120,-0.13773797531299303
CCDC121,-0.68925866384386
CCDC122,-0.0533774969057631
CCDC124,0.17716977343680007
CCDC126,-0.26877303904043437
CCDC127,0.06505305716872778
CCDC13,0.03901049883016028
CCDC134,-0.9167516467590939
CCDC136,-0.00904300409430081
CCDC137,-0.2787860956965389
CCDC138,-0.4857066018199694
CCDC14,-0.676862939880448
CCDC141,0.49062951792147347
CCDC142,0.42858296881981106
CCDC144A,-0.7425568944452087
CCDC146,0.2814865711082779
CCDC148,0.017708630509841505
CCDC149,0.8546025732126104
CCDC15,-0.3034541546722873
CCDC150,0.0067530343324821995
CCDC152,1.6661958758627557
CCDC154,-0.25576320274268716
CCDC157,0.8558808087220724
CCDC158,-2.089718108249342
CCDC159,0.49772155378667393
CCDC160,0.0
CCDC163,-0.5092029074434961
CCDC167,-0.17872069012668312
CCDC168,0.3837408537764698
CCDC169,0.0788380032799363
CCDC169-SOHLH2,0.07987442922846684
CCDC17,-0.7205049069329017
CCDC170,1.081480833631296
CCDC171,0.06865071184122673
CCDC172,0.3212086344263419
CCDC174,-0.6088365526890165
CCDC175,1.9279111212403182
CCDC177,-0.8021061189507257
CCDC178,-0.08390145664113291
CCDC179,0.734835463901365
CCDC18,0.48989965720479267
CCDC180,0.24979713546536692
CCDC181,-0.1825351973904133
CCDC182,-0.26369586482895735
CCDC183,-0.5085348228674202
CCDC184,0.7743845009809087
CCDC185,0.2482480889898364
CCDC186,-0.3836751031405079
CCDC187,-0.24157237296997303
CCDC188,-0.8989549664741453
CCDC190,-0.796956389273614
CCDC191,0.20145823621884684
CCDC192,0.5414088329760087
CCDC194,0.21501878747078862
CCDC195,2.0805898972009484
CCDC196,0.14665010762989672
CCDC198,0.29973692872953955
CCDC200,-0.30726864158606093
CCDC201,-1.60965223227038
CCDC22,0.17811294461526006
CCDC24,-0.03801260916912841
CCDC25,0.4792927672974363
CCDC27,0.23556800365405983
CCDC28A,0.3808399062481289
CCDC28B,0.14753288376623885
CCDC3,0.6149202169994681
CCDC30,0.7744748856541113
CCDC32,-0.3618073061830547
CCDC33,-0.7930927025589289
CCDC34,0.632537881342725
CCDC38,-0.28337398563813765
CCDC39,-0.9638412656654426
CCDC40,1.0730834723175824
CCDC42,-0.220348192232646
CCDC43,0.12380355010990574
CCDC47,0.024844210684479062
CCDC50,0.3894123367582153
CCDC51,-0.13467696868559953
CCDC54,-0.4520626037446142
CCDC57,0.02894577159083145
CCDC59,0.6029065859888059
CCDC6,0.16587561659273753
CCDC60,0.5398232332207595
CCDC61,0.16406798803938116
CCDC62,-0.34714759081038715
CCDC63,0.011565694722241338
CCDC65,0.8796424325825798
CCDC66,-0.11117311529957519
CCDC68,0.39834180431266686
CCDC69,-0.37368530460916305
CCDC7,0.30659380941429903
CCDC70,-0.22249595540214573
CCDC71,-0.31339699385332453
CCDC71L,0.3530992266895454
CCDC73,1.594421329555558
CCDC74A,-0.2306861546844583
CCDC74B,-0.5226927703516441
CCDC77,0.21339972299275445
CCDC78,-1.0670804070878175
CCDC8,-0.1878542951894755
CCDC80,-1.5063549673472525
CCDC81,-0.29168226310387024
CCDC82,0.436619415719393
CCDC83,1.494650611425182
CCDC85A,-0.04759915643487411
CCDC85B,-0.5461043477257306
CCDC85C,-0.23865988153179796
CCDC86,-0.5785887663569445
CCDC87,-0.05391287919613896
CCDC88A,-0.4719795039663994
CCDC88B,-0.44364603316681994
CCDC88C,0.273832749341099
CCDC89,0.44676089771387134
CCDC9,0.30891946850085494
CCDC90B,0.40016032185156547
CCDC91,0.08563027478194862
CCDC92,-0.11162248960257237
CCDC92B,1.0360297784318937
CCDC93,-0.06558620473156251
CCDC97,-0.10486110119155789
CCDC9B,-0.827305105777999
CCER1,1.6245297180771165
CCER2,-0.46252425436723343
CCHCR1,1.173071128846627
CCIN,0.22116871518296022
CCK,0.4050024978265284
CCKAR,0.27218966053115556
CCKBR,0.35673289775259875
CCL1,-1.4377773201474517
CCL11,-0.6893797353760547
CCL13,-0.05816806450216894
CCL15,-0.6313594948152135
CCL15-CCL14,-0.6313594948152135
CCL17,-0.1703619130519694
CCL19,-0.8643752252865697
CCL2,0.08138185634316009
CCL20,1.298258261111196
CCL21,-2.784201078759949
CCL22,0.7437824785023532
CCL24,-0.4986934838142236
CCL25,0.7938733699977736
CCL26,0.39208960812561106
CCL27,-0.29606148603100335
CCL28,0.3492943523945591
CCL7,-0.9236152244213314
CCL8,-0.12115828689673981
CCM2,-0.5816050472498988
CCM2L,0.8319774583187496
CCN1,-1.5721921440860847
CCN2,-0.8176749138342922
CCN3,-1.0173065949682933
CCN4,-0.5496581296354195
CCN5,-0.48113251305815175
CCN6,-0.39989361946076174
CCNA1,0.5589738647881151
CCNA2,0.1443828593104075
CCNB1,-0.005749441294547353
CCNB1IP1,0.31533485125279714
CCNB2,-0.17079926774902088
CCNB3,2.7921897721579474
CCNC,-0.3271325559677707
CCND1,1.5237292049029523
CCND2,0.8372933533028595
CCND3,-0.07306693255889085
CCNDBP1,-0.4887377546897329
CCNE1,0.15529951949642107
CCNE2,0.26236513337305034
CCNF,0.008294861546798149
CCNG1,0.24006698232851464
CCNG2,0.48368948279046053
CCNH,-0.12321212550246896
CCNI,0.8241761175536495
CCNI2,0.10526491562321016
CCNJ,0.03485188357903368
CCNJL,-0.6216245268159987
CCNK,0.5745737399580002
CCNL1,0.19169845572798128
CCNL2,0.14702207957959956
CCNO,-0.03987257874243033
CCNP,-0.2566653952536778
CCNQ,1.01619943593633
CCNT1,0.3960855473174383
CCNT2,-0.0026001065270584434
CCNY,1.125738536551043
CCNYL1,0.834756540868105
CCP110,-0.2380895057769945
CCPG1,0.2658787931503711
CCR1,0.6609142181985113
CCR10,-0.09378388358088974
CCR2,0.15027274401198332
CCR3,-0.22745853136215588
CCR4,0.5916292097451326
CCR5,0.4015538612624421
CCR6,1.4384245162817102
CCR7,0.6163012633614007
CCR8,-0.02687222502794029
CCR9,-0.6390720691755367
CCRL2,0.24591485853140593
CCS,-0.07691086650947465
CCSAP,-0.0015499852831939442
CCSER1,-0.8932627335332022
CCSER2,-0.21358140575920048
CCT2,0.2678901280937036
CCT3,-0.6796801079828887
CCT4,0.4110411416486244
CCT5,0.34073746577455255
CCT6A,0.11375147669428776
CCT6B,-0.6759362325352152
CCT7,-0.04493064973689709
CCT8,-0.22057143428350168
CCT8L2,-0.5957053789287972
CCZ1,-0.434240364662829
CCZ1B,0.6606850366808077
CD101,0.13168854938905827
CD109,-0.6625322921443384
CD14,-0.1754966611312383
CD151,-0.051082586376718364
CD160,1.1143358973949633
CD163,-1.3544539311015353
CD163L1,-0.9890393801946075
CD164,-0.0483597531049762
CD164L2,-0.2573119151651
CD177,-1.9265470449524122
CD180,1.0274226829309803
CD19,-0.48485910757418904
CD1A,-0.21805395071685751
CD1B,-0.7934255995424713
CD1C,-0.16199450303472052
CD1D,-0.7797697861517074
CD1E,-0.667693878915046
CD2,0.7395640302260402
CD200,1.6971861820996796
CD200R1,0.8403711122590933
CD200R1L,0.756980659292278
CD207,-1.0902570582010587
CD209,0.3846157347612563
CD22,0.246311230690608
CD226,0.9186442677759699
CD24,0.15496081966154593
CD244,0.8336836018343775
CD247,-0.016388040721485808
CD248,0.10602922942371684
CD27,-0.6927237591209336
CD274,1.1689717016535752
CD276,-0.40571680401621685
CD28,-0.14557241572400015
CD2AP,-0.722168618875215
CD2BP2,-0.2916808023622539
CD300A,-0.6896343028256393
CD300C,-0.7381534555091966
CD300E,-0.05872724146515429
CD300H,-1.048538875975378
CD300LB,0.06790412333989104
CD300LD,-0.5232301527304822
CD300LF,-1.0943084259284186
CD300LG,-0.6245576600907241
CD302,-1.815033004316105
CD320,-0.5470295365649784
CD33,-0.36044723692679037
CD34,-0.5848249543873166
CD36,0.41736352266000454
CD37,-0.48898095591195
CD38,0.011526416599986655
CD3D,0.1459145953323242
CD3E,-0.206927428715884
CD3G,-0.09766437951202711
CD4,-0.7094466880541066
CD40,1.4326020721818475
CD40LG,1.1575732934004583
CD44,1.3768360902872874
CD46,-0.40632081535325026
CD47,-0.6651189990742843
CD48,0.38817185094141937
CD5,-0.6077310519017125
CD52,-0.5992583631880488
CD53,0.49195178275935336
CD55,0.6732849793098821
CD58,1.1993064689520585
CD59,0.6321905803787391
CD5L,0.29623243083305284
CD6,-0.18057197272069558
CD63,0.44383155381533523
CD68,-0.3953067160041397
CD69,0.8134414031928006
CD7,-0.3426440665569772
CD70,0.4836978450876721
CD72,0.5476916525979294
CD74,1.025807257470577
CD79A,-0.708859004748486
CD79B,-0.18157781492346214
CD80,1.2154445137722354
CD81,-0.424245079398353
CD82,0.1633580812597657
CD83,1.0048240811080802
CD84,0.7325503644699736
CD86,-0.2373948382420196
CD8A,-0.467527059236831
CD8B,-0.005255726183871316
CD8B2,0.08649667633894825
CD9,-0.7627091656628762
CD93,0.8041654546638182
CD96,1.2991712288407973
CD99L2,0.33387805903439993
CDA,-1.0279348314555838
CDADC1,-0.031082327791333242
CDAN1,-0.60217687092524
CDC123,0.2370393374530475
CDC14A,-0.8476527017047029
CDC14B,1.318092327897162
CDC14C,1.2206593391313498
CDC16,0.37802107996495016
CDC20,-0.8648860914661811
CDC20B,1.1694746184135347
CDC23,0.4221367759456416
CDC25A,-0.31930432732854186
CDC25B,-0.08485544768432396
CDC25C,-0.09418502965081998
CDC26,0.27292833902958114
CDC27,-0.03381587640489947
CDC34,0.3795848915205071
CDC37,-0.3414586098264474
CDC37L1,-0.09913935052213363
CDC40,0.13004355218420205
CDC42,0.7791741149087179
CDC42BPA,-0.017602998166356132
CDC42BPB,0.6401077237808861
CDC42BPG,-0.39976875099855347
CDC42EP1,-0.6833146325626916
CDC42EP2,0.02761702110461073
CDC42EP3,-2.085778791788286
CDC42EP4,1.2540417417101533
CDC42SE1,-0.283612534032498
CDC42SE2,-0.8247195089757317
CDC45,-0.06371824581532515
CDC5L,0.49460807627580294
CDC6,-0.13682913167383814
CDC7,-0.15015087585805809
CDC73,0.0550956160959899
CDCA2,0.275843116931469
CDCA3,0.12788348475524725
CDCA4,-0.17631625744209378
CDCA5,-0.27698320242777097
CDCA7,-0.3446061405288603
CDCA7L,-0.8919636837915914
CDCA8,-0.07237542979632305
CDCP1,-1.5147172890750649
CDCP2,-0.27159430304322274
CDH1,-0.5066320991599175
CDH10,-1.173071128846627
CDH11,0.4662876083497399
CDH12,1.2028697807074016
CDH13,0.6561006981898229
CDH15,-0.8000830260221448
CDH16,0.18564524988572295
CDH17,-0.06968339725887396
CDH18,2.2041006479984153
CDH19,0.32394526790692524
CDH2,0.7843720703498668
CDH20,0.5050400246904672
CDH22,1.0040705997508064
CDH23,-0.2729443890253971
CDH24,-0.6994627815848595
CDH26,-0.5070439984893659
CDH3,-0.9216350624752196
CDH4,-0.47114296547338147
CDH5,-1.1172572304589077
CDH6,-0.025311179074774426
CDH7,-1.8113986842873187
CDH8,-2.321932284040663
CDH9,-0.20361401235809962
CDHR1,0.2531643365174494
CDHR2,-0.4714411081830523
CDHR3,0.5575647810477506
CDHR4,-0.8572101100431888
CDIN1,1.5845727721039358
CDIP1,0.4004116292816766
CDIPT,-0.10857568350363378
CDK1,-0.2254799001597818
CDK10,0.15453707139870196
CDK11A,0.08312120600321293
CDK11B,0.7033008519308646
CDK12,-0.2589963170318548
CDK13,0.19120656958721138
CDK14,1.0951056745212444
CDK15,0.09360278371877284
CDK16,0.11471344598452138
CDK17,0.5545812953966198
CDK18,-0.49194774867128555
CDK19,0.6656811050074327
CDK2,-0.055107336885332536
CDK20,-0.1903534839265133
CDK2AP1,-0.32104536506169534
CDK2AP2,0.37288683248015353
CDK3,-0.829482690836254
CDK4,-0.45002961286388743
CDK5,-0.2206612547321276
CDK5R1,-0.6315871687521226
CDK5R2,-0.38187075569090045
CDK5RAP1,0.27627266228597414
CDK5RAP2,0.1598871781764326
CDK5RAP3,0.2296740612012098
CDK6,0.2663651609600546
CDK7,0.46356907197452
CDK8,1.1089742379417804
CDK9,0.1235143880574312
CDKAL1,0.294146647455384
CDKL1,0.10940024566298207
CDKL2,-0.7618609036080887
CDKL3,0.46250396564621843
CDKL4,-0.755763665510279
CDKL5,0.3354349180314592
CDKN1A,-0.3439408790071441
CDKN1B,-0.7213292509619375
CDKN1C,0.7458181761518912
CDKN2A,2.0891347311863244
CDKN2AIP,0.30604864740953586
CDKN2AIPNL,0.20542146343378542
CDKN2C,0.4765108950585244
CDKN2D,-0.10996869731957348
CDKN3,-0.7599296493137628
CDNF,0.14109273368365072
CDO1,0.14919370221903544
CDON,0.11078320094953842
CDPF1,-0.8701404524814516
CDR2,-0.8631941316413796
CDR2L,-0.9349514301819086
CDRT15,-1.3785150937695816
CDRT15L2,-2.5792758572676573
CDRT4,-0.09601507274383045
CDS1,0.9815969914889242
CDS2,0.03971832780459783
CDSN,-1.7357150977478168
CDT1,-0.4362702691103535
CDV3,0.09205880880689854
CDX1,-1.6473193221934213
CDX2,-0.2477185671322547
CDX4,-0.9145331021144112
CDYL,-0.010484337951872143
CDYL2,-1.8942353475585922
CEACAM1,1.4732883954918372
CEACAM16,0.8405787392430883
CEACAM18,0.7687544803983055
CEACAM19,-0.5698353710132279
CEACAM20,-1.2683197906788461
CEACAM3,-0.5394245557587206
CEACAM5,-0.10124001669156368
CEACAM6,0.5761229956316289
CEACAM7,-0.25932979638128906
CEACAM8,1.710285684348265
CEBPA,-0.7701589511001261
CEBPB,-0.5242387509777382
CEBPD,-0.03461129871528679
CEBPE,-0.946704597452384
CEBPG,-0.3538978188136088
CEBPZ,-0.05987399944086702
CEBPZOS,-0.054941476786531496
CECR2,-0.16109371123451344
CEL,-1.429308764659897
CELA1,-1.4693158008009872
CELA2A,1.588570904250775
CELA2B,-0.2873761418956653
CELA3A,-0.8340311163380953
CELA3B,0.506318504165464
CELF1,-0.9968884965411364
CELF2,-0.9244508276760149
CELF3,-0.6515816359743583
CELF4,0.0
CELF5,-1.163852512951367
CELF6,0.17857647179611824
CELSR1,-0.3428512909896648
CELSR2,-0.30332481622634777
CELSR3,-0.0005891293780665441
CEMIP,2.0052198529244665
CEMIP2,0.40218014804380725
CEMP1,-0.5060292467390433
CENATAC,0.18848739360428812
CEND1,-0.6714070497300517
CENPA,-0.704683655147853
CENPB,-0.0868332742348561
CENPC,0.49610614262039254
CENPE,0.3894263995414051
CENPF,0.12928333963518135
CENPH,0.2475297800229166
CENPI,-0.5329795991572377
CENPJ,0.6349143868613196
CENPK,0.8747325155087857
CENPL,-0.031072661085029374
CENPM,-0.8519741582781619
CENPN,0.24176646284689518
CENPO,-0.18074295717576305
CENPP,-0.05306833091125718
CENPQ,0.8668867317699684
CENPS,-0.016898335773545714
CENPS-CORT,0.058634727326961844
CENPT,0.13185932122024902
CENPU,0.08818050019686074
CENPV,-0.7917204870027288
CENPVL3,1.055379414939661
CENPW,0.19968591170205485
CENPX,-0.22831335232032846
CEP104,-0.14649861516531448
CEP112,0.14088050670565289
CEP120,0.16821048231121338
CEP126,1.1140149590443116
CEP128,-1.502235228625044
CEP131,-0.6818706219438517
CEP135,1.1880532530296408
CEP15,1.2373607609049957
CEP152,-0.30652575597426335
CEP162,0.4795212588955362
CEP164,-0.5889448889173532
CEP170B,-0.6754885103670649
CEP19,1.0575470362393635
CEP192,0.26692512568783666
CEP20,0.349944955674947
CEP250,-0.5552104855896065
CEP290,0.23642289884528056
CEP295,-0.02073511058148947
CEP295NL,-1.3051919714353502
CEP350,0.24790360029843672
CEP41,0.36111597092420133
CEP43,-0.4399559108067672
CEP44,0.2735186322332188
CEP55,-0.25247733089906
CEP57,0.2946557483786485
CEP57L1,0.14453791668085936
CEP63,-0.029209804726789912
CEP68,-0.3848867993877878
CEP70,-0.7821454730315844
CEP72,-0.7026185368813667
CEP76,-0.38803076342594345
CEP78,0.4113929138300152
CEP83,0.10476410081020315
CEP85,-0.002023944894819607
CEP85L,-0.16436556386144163
CEP89,0.3699484879666399
CEP95,-0.01675407705526144
CEP97,0.4173419425695921
CEPT1,-0.27444731244819653
CER1,-0.0659634161420799
CERCAM,-0.25334292309421114
CERK,-0.8696622427548144
CERKL,-0.2617237306284491
CERS1,-0.4369100857028645
CERS2,-0.8384868979199136
CERS3,-0.5612979444096441
CERS4,-0.3971979331010089
CERS5,0.1472440680098437
CERS6,1.1892376685341828
CERT1,0.49101423611240236
CES1,-0.45594685361706766
CES2,0.21235055039133188
CES3,-0.6054053040416725
CES4A,0.6833343073179152
CETN1,1.6198366014316345
CETN2,0.2668634905002141
CETN3,0.21332718924978256
CETP,-4.4012803235293774e-07
CFAP100,-0.16508249951252357
CFAP107,0.9176342567589088
CFAP119,0.7810247475987593
CFAP126,-0.023551819425637
CFAP141,0.1301677462246129
CFAP144,-0.39891842562333735
CFAP144P1,0.27605159982418287
CFAP157,-0.7730511898021313
CFAP161,0.40260754740080273
CFAP184,0.06161356886465175
CFAP20,-0.25317022974919023
CFAP206,0.7180637909180005
CFAP20DC,-0.4925554402037564
CFAP210,0.14850499053097987
CFAP221,0.5854526473138161
CFAP251,-0.4174956736297002
CFAP263,0.8782528322437531
CFAP276,0.5566776165376854
CFAP298,-0.3058874811664296
CFAP298-TCP10L,-0.3230720408992531
CFAP299,0.05621615846419159
CFAP300,1.60911359397848
CFAP36,0.5605905293559705
CFAP410,-0.016127901516629795
CFAP418,0.3835634056350776
CFAP43,0.490603472426447
CFAP44,0.04216785277867141
CFAP45,-0.6673454512521688
CFAP46,0.8408542577125595
CFAP47,-1.173071128846627
CFAP52,0.2447334768026469
CFAP53,0.7479987457644344
CFAP54,0.36591213387663934
CFAP57,0.6062632380732713
CFAP58,-0.22433299664043824
CFAP61,0.9071713116206994
CFAP65,0.4230644396729233
CFAP68,-0.019354787547436025
CFAP69,0.5091855517923844
CFAP70,0.21174847820959253
CFAP73,-0.7453864643430911
CFAP74,-0.3566433069205631
CFAP77,-0.5293764032491515
CFAP90,-0.7958539338873772
CFAP91,0.7292625316556194
CFAP92,-0.5516051520300351
CFAP95,-0.5310625506444158
CFAP96,0.05713804239240172
CFAP97,-0.2723777941589183
CFAP97D1,-0.03678461099173447
CFAP97D2,-1.6913602736387814
CFAP99,0.08219664889635347
CFC1,0.6313594948152135
CFC1B,-1.173071128846627
CFD,-1.1219967598982734
CFDP1,-0.2898464282354172
CFH,-1.9050119484412678
CFHR1,-1.0227414511617565
CFHR2,-1.778793943730832
CFHR3,-0.942414980048959
CFHR4,-2.179332688301993
CFHR5,-0.7876486333932369
CFI,0.03404749027177406
CFL1,0.23686674419649423
CFL2,-0.19276363897211723
CFLAR,0.9899336062596604
CFP,0.3452621114056018
CFTR,-0.009429415420995513
CGA,-0.327502151301604
CGAS,-0.042993979627737544
CGB1,-0.9578604393229133
CGB2,0.6225903769299191
CGB3,-0.5287404053742493
CGB5,-0.12863154889571937
CGB7,0.47549052703025096
CGB8,-0.2676862112869667
CGGBP1,0.14482890828166184
CGN,0.08784337433633538
CGNL1,-0.6484596980290849
CGREF1,-0.6621420040071955
CGRRF1,0.6354248043820749
CH25H,0.25856160414937945
CHAC1,-1.1033634708909434
CHAC2,0.37703354235144193
CHAD,0.05907093304748212
CHADL,-0.47645808152523483
CHAF1A,0.4211280974501892
CHAF1B,0.17518386245527418
CHAMP1,-0.052571631799958496
CHAT,0.7073205617824287
CHCHD1,0.2802474172261058
CHCHD2,0.9849734199730231
CHCHD3,0.10834457687125454
CHCHD4,0.372741916503033
CHCHD5,-1.2145803851022867
CHCHD6,-0.37613077062266287
CHCHD7,-0.011518091693404342
CHCT1,-0.12361756827164072
CHD1,0.03456724460344951
CHD1L,0.03307649999147255
CHD2,1.039631620862574
CHD3,0.8604203758281805
CHD4,-0.7015027160065355
CHD5,-0.496200107422083
CHD6,0.8157614858401729
CHD7,1.463749662379951
CHD8,0.3721955223862192
CHD9,-0.8003429125556236
CHD9NB,-0.2140519429917801
CHDH,0.5885044276857907
CHEK1,-0.33295486946461894
CHEK2,0.10708025871894122
CHERP,0.29985306893536334
CHFR,0.9461926230986848
CHGB,0.024349100182936345
CHI3L1,-0.954880546934409
CHI3L2,-0.7705555197319962
CHIA,0.5887525796550391
CHIC1,0.5288563857954597
CHIC2,0.02293935968786842
CHID1,-0.10195028121199923
CHIT1,-0.04496966723480367
CHKA,0.01417398928264113
CHKB,-0.10633597567320963
CHKB-CPT1B,-0.34629811579025205
CHL1,1.8113986842873187
CHM,0.4004571162616575
CHML,-0.20233239977743755
CHMP1A,-0.4096870122317702
CHMP1B,0.4805696251183562
CHMP2A,0.3358896482773108
CHMP2B,-0.2472549568182103
CHMP3,0.029033187995568532
CHMP4A,0.19162791721743533
CHMP4B,0.3874149110273435
CHMP4BP1,-0.4223586135201547
CHMP4C,-0.809450201920349
CHMP5,0.05877947981048548
CHMP6,-0.11561234535219422
CHMP7,0.5089738629987064
CHN1,1.047150834215511
CHN2,0.33538056386017057
CHODL,-0.46459543305966283
CHORDC1,0.2700859084165361
CHP1,-0.04535591096132574
CHP2,-0.9607777588694838
CHPF,0.03983429249820247
CHPF2,0.6093464303036749
CHPT1,-0.042241181354426116
CHRAC1,-0.0956990455904263
CHRD,-0.28943500221133345
CHRDL1,-1.4050987199220821
CHRDL2,0.06764957135850902
CHRM1,-0.3321614067860599
CHRM2,0.983882500611615
CHRM3,0.32792745851255534
CHRM4,0.041103850661522
CHRM5,-1.5067705278700054
CHRNA1,-0.17218159985609494
CHRNA10,-0.8062645588103619
CHRNA2,-0.33985055195474323
CHRNA3,-1.0755751470634136
CHRNA4,-0.016403325343791075
CHRNA5,-0.7779782468080134
CHRNA6,0.6454813350056019
CHRNA9,0.04272468095817861
CHRNB1,-0.1538935187159005
CHRNB2,-0.49893063539720295
CHRNB3,0.6711063017011643
CHRNB4,-0.5050466865641576
CHRND,-0.52734069849597
CHRNE,0.11087851475948374
CHRNG,-0.42157480163521366
CHST1,0.12701671773221535
CHST10,0.010886164839635892
CHST11,-0.11957763855459591
CHST12,-0.071170967240898
CHST13,-0.16648035792262172
CHST14,-0.9531348740294443
CHST15,1.642420693883673
CHST2,0.19152790869329994
CHST3,0.8045702987155029
CHST4,0.5718766796257021
CHST5,-0.5155456974381317
CHST6,0.005174041775752262
CHST7,0.43364841037116664
CHST8,-0.5947336172449808
CHST9,-0.39240934081696643
CHSY1,-0.15479140338649255
CHSY3,-0.799897400945372
CHTF18,-0.5243003458899995
CHTF8,-0.20820926738234435
CHTOP,0.09741000292539592
CHUK,-0.2940770696252373
CHURC1,0.05179085521773752
CHURC1-FNTB,0.05699096245838664
CIAO1,-0.03238287508289517
CIAO2A,-0.09672684902022155
CIAO2B,0.21607002454177504
CIAO3,-0.5954838966024631
CIAPIN1,0.20489823975475563
CIART,0.06475929879552389
CIB1,-0.287032268761823
CIB2,-0.617055836376766
CIB3,-1.1349088892424688
CIB4,-0.294385941526792
CIBAR1,0.5467589817419058
CIBAR2,0.4537483363075244
CIC,-0.17887667741962243
CIDEA,-0.001293310648856738
CIDEB,-0.3645107430717971
CIDEC,0.9798682039230262
CIITA,1.2746368941288697
CILK1,0.06439530322937492
CILP,-0.7814455137366931
CILP2,-0.9574596693994732
CIMAP1A,0.5364444914345758
CIMAP1B,0.9893104045812093
CIMAP1C,-0.22216478054802158
CIMAP1D,0.19303635628492977
CIMAP2,-0.6520201608882861
CIMAP3,0.5905946364650724
CIMIP1,-0.6151821654118922
CIMIP2A,0.8593313558460663
CIMIP2B,-0.6828299097608683
CIMIP2C,-0.45583414325099625
CIMIP3,-0.48677968610335265
CIMIP4,-0.3830059628003293
CIMIP5,-0.3990904192455702
CIMIP6,-0.5077441208941249
CIMIP7,0.472647435942872
CINP,0.2569047616440967
CIP2A,0.14465773009987792
CIPC,-0.11772548748586065
CIR1,0.9582268227895065
CIRBP,0.5543072309767876
CIROP,-1.0941633966025044
CISD1,0.023765194777872978
CISD2,0.3054782826814417
CISH,-0.9910126628148488
CIST1,-0.6617101393019506
CIT,-0.4001289079750676
CITED1,1.6784854302979781
CITED2,0.028365688364826003
CITED4,0.49887263861683506
CIZ1,-0.33158038309684024
CKAP2,0.19037161066645636
CKAP2L,-0.38557863913630275
CKAP4,0.3315286493323306
CKAP5,-0.11988495474051097
CKB,0.011900265728716164
CKLF,-0.11092718134323976
CKLF-CMTM1,-0.10326933398203053
CKM,0.3383226347990962
CKMT2,-0.3867408287456511
CKS1B,-0.04637715272595955
CKS2,-0.04903831315131946
CLASP1,0.12895361368685165
CLASP2,0.48134353724383017
CLASRP,0.7814775549268624
CLBA1,-0.38716181305837427
CLC,1.2217249361824167
CLCA1,-0.08329102178367426
CLCA2,-0.6158032668585721
CLCA4,-1.0167212661547202
CLCC1,0.34673456408497283
CLCF1,0.8551203147696902
CLCN1,-0.0032383811614148383
CLCN2,-0.2454979017983523
CLCN3,0.0015454083176478228
CLCN4,-0.9810609604520726
CLCN5,0.5565374333729844
CLCN6,-0.6316429398058054
CLCN7,-0.26823994886398816
CLCNKA,0.3367442901735012
CLCNKB,-0.1033506409600714
CLDN1,1.2068632834489619
CLDN10,-1.895919276176572
CLDN11,-0.29986759927971846
CLDN12,0.09350299314609917
CLDN14,-0.7385208692594704
CLDN15,-0.3840918015775652
CLDN16,0.7638337095390104
CLDN17,1.0190274629679257
CLDN18,-0.8345261169861601
CLDN19,-0.3511931543635869
CLDN2,-0.9238115969294972
CLDN20,-0.3585234446039439
CLDN22,-0.7431747277591372
CLDN23,-0.27806824499158944
CLDN24,-0.6118418393332663
CLDN25,1.0707163679988547
CLDN3,-1.1757171876499517
CLDN4,-1.1765648464262137
CLDN5,-0.6509860584359322
CLDN6,0.11878216847578238
CLDN7,0.3640621223427724
CLDN8,1.3166946457262803
CLDN9,0.5079245311292824
CLDND1,0.15150510633447345
CLDND2,0.027139829303734597
CLEC10A,0.04899576495189195
CLEC11A,-0.49990946285580984
CLEC12A,-0.0039011770835009063
CLEC12B,-0.6779007061488445
CLEC14A,-0.7833170756045827
CLEC16A,0.8095778388420869
CLEC17A,-0.4028074166834766
CLEC18A,-1.000005770006398
CLEC18B,-1.6029736584737093
CLEC18C,0.842903170961999
CLEC19A,0.6790119921628487
CLEC1A,-1.2812593222118582
CLEC1B,-0.31877738955807755
CLEC20A,-1.3006468110708416
CLEC2A,-1.4809427315231969
CLEC2B,-0.32921267357962947
CLEC2D,0.7368296582582108
CLEC2L,-0.43576759480869937
CLEC3A,-0.048094397179313075
CLEC3B,-0.74476745417696
CLEC4A,-0.30988725945627477
CLEC4C,0.051438470768072855
CLEC4D,0.6305937145137694
CLEC4E,0.7727202133042514
CLEC4F,0.3766012194768849
CLEC4G,-0.4803739085163944
CLEC4M,-1.2863381703294563
CLEC5A,-1.9583196364986697
CLEC6A,0.6331052499654054
CLEC7A,0.15253244004104805
CLEC9A,0.8667346909521474
CLGN,-0.31836861818555895
CLHC1,0.2106110862687185
CLIC1,2.3399291056012927
CLIC2,0.7129184126296502
CLIC3,-0.14561497844018012
CLIC4,0.12124304322017476
CLIC5,1.175611394594687
CLIC6,-0.6917235229569573
CLINT1,0.24113091902052908
CLIP1,-0.15820246569714325
CLIP2,1.9373332500977487
CLIP3,-0.6411956390937001
CLIP4,-0.6933391985658918
CLK1,0.01651602187919554
CLK3,-0.9087998552063008
CLK4,0.7147308920891167
CLMN,-1.0213815713379346
CLMP,-0.012795617834424622
CLN3,-0.06982170959447132
CLN5,0.4385969263019627
CLN6,2.2988952079544207
CLNK,0.2750912543264197
CLNS1A,0.349901420491173
CLOCK,0.9764014416586382
CLP1,0.15885693764603115
CLPB,-0.163174125068708
CLPP,0.8866723482772612
CLPS,-0.18463359325128725
CLPSL1,-2.157292880840356
CLPSL2,-0.15300017569695235
CLPTM1,0.5213552046619441
CLPTM1L,1.6037068033889201
CLPX,0.469559115545239
CLRN1,0.33349501355158856
CLRN2,-0.7245006234034599
CLRN3,-0.2963602286102136
CLSPN,-0.21048668419479988
CLSTN1,-0.5694446827140944
CLSTN2,3.011979533795493
CLSTN3,0.26532463391658734
CLTA,0.11287251459031022
CLTB,-0.0019719312524539845
CLTC,0.5541060597901364
CLTCL1,-0.16487380830652465
CLTRN,0.26172158519250965
CLU,1.5251984925702855
CLUAP1,1.4903397368839562
CLUH,-0.07715425553800159
CLUL1,-0.6161284481093419
CLVS1,-0.5828027258082713
CLVS2,-1.7995123679762868
CLXN,1.527254536387277
CLYBL,-0.08928977895428236
CMA1,-0.5182094226857259
CMAS,0.9824477811139811
CMBL,-0.41704617267847943
CMC1,0.12346775101884377
CMC2,0.2563917854102412
CMC4,0.33457974050008055
CMIP,-0.41446024061372055
CMKLR1,0.6587773673654238
CMKLR2,-0.727587161970451
CMPK1,0.20753556839864906
CMPK2,-0.6053611183095344
CMSS1,0.5097660792238905
CMTM1,-1.0794928488280702
CMTM2,-1.1431688083653258
CMTM3,-0.7632866041840551
CMTM4,-0.9897077592439316
CMTM5,0.4167125384022755
CMTM6,0.5579108815046812
CMTM7,-1.2448232880196273
CMTM8,-0.5929356683995244
CMTR1,0.418807208164643
CMTR2,-0.5927129263356141
CMYA5,-0.717675837856655
CNBD1,-0.18962649845839497
CNBD2,-0.16534838443205668
CNBP,-0.2990457648953617
CNDP1,0.27158208247776433
CNDP2,0.05644507469313442
CNEP1R1,0.24513754626489748
CNFN,-0.332092565808339
CNGA1,-0.9996033205447881
CNGA2,-2.2404730887936934
CNGA3,-0.8313359478234909
CNGA4,-0.14500577580794527
CNGB1,-0.9358598211387923
CNGB3,-0.13089435192178778
CNIH1,0.5555049854701957
CNIH2,-0.8303334478588418
CNIH3,0.5017509436683505
CNIH4,-0.3293189531473737
CNKSR1,-0.3823059152152086
CNKSR2,-0.638327524932601
CNKSR3,-0.2528481499179686
CNMD,-0.29380054712148196
CNN1,-0.40898541425192037
CNN2,-0.5541264301394198
CNN3,-0.5775540570049051
CNNM1,1.7206073051060562
CNNM2,0.060726586097406
CNNM3,0.0482145234937974
CNNM4,-0.1945162003448706
CNOT1,0.4008500892776521
CNOT10,0.04732204404322049
CNOT11,-0.16163530303962492
CNOT2,0.5066996471755774
CNOT3,0.8692169424266893
CNOT4,0.08520481592136875
CNOT6,-0.0314337649573746
CNOT6L,-0.39481186250313005
CNOT7,1.1681252799588466
CNOT8,-0.03924167328762529
CNOT9,0.6365011395680136
CNP,-0.30950943688177457
CNPPD1,0.39094846886636736
CNPY1,-0.09502636904744294
CNPY2,0.23611453720030218
CNPY3,0.5114320395135707
CNPY4,0.0982660230760164
CNR1,-2.47674153711721
CNR2,-1.1240734357306574
CNRIP1,1.4027934005002507
CNST,0.7892717573450994
CNTD1,-0.11809050190346282
CNTF,1.4605950646887862
CNTFR,0.12156204567919682
CNTLN,0.5827358074437617
CNTN1,-2.25239627626134
CNTN2,-0.06410602782045845
CNTN3,-1.6351518081222114
CNTN4,1.1205618391869516
CNTN5,-0.9520226272882908
CNTN6,1.4506687243359935
CNTNAP1,0.8585630898531006
CNTNAP2,0.6251527612647116
CNTNAP4,-1.4506687243359935
CNTNAP5,2.5802496972566753
CNTRL,-0.316229962173213
CNTROB,-0.2177087452477111
COA1,0.30876174141422874
COA3,-0.07783484053198331
COA4,-0.3702009606802763
COA5,0.28843755737422816
COA6,0.30262162751148924
COA7,-0.49397310404316785
COA8,0.46614743302338324
COASY,0.07898610918502902
COBL,0.7543311834708815
COBLL1,0.8256068327577746
COCH,0.4561101996074355
COG1,0.07643484581781079
COG2,-0.09070391662768174
COG3,0.23280087700686014
COG4,0.06933972303360658
COG5,0.11853355036317748
COG6,0.883090868359146
COG7,-0.06630057314431914
COG8,0.22970030324753132
COIL,-0.2925297915837928
COL10A1,-0.9533861240864867
COL11A1,1.0207124914382126
COL12A1,-0.3160279787756518
COL13A1,-0.5139503566650383
COL14A1,0.9563540257864875
COL15A1,-0.06477338189841485
COL16A1,1.2051432606497574
COL17A1,-0.36373355933187246
COL18A1,0.2333475691469775
COL19A1,-0.589139891823582
COL1A1,-0.8350274773872683
COL1A2,0.6305445769534037
COL20A1,0.26556313852057123
COL21A1,-0.25601415927487425
COL22A1,-0.2637475090799881
COL23A1,-0.20202037686260854
COL24A1,-1.416608016752365
COL25A1,-0.7782804384554993
COL26A1,0.8150896615295362
COL27A1,-0.8165181732852812
COL28A1,0.04132108581259203
COL2A1,-0.5042547551718457
COL3A1,-2.671880334605194
COL4A1,-1.0032655018062138
COL4A2,-0.27020637467267566
COL4A3,0.2182759155193216
COL4A4,0.2880917425946422
COL4A5,-1.8113986842873187
COL4A6,-1.8113986842873187
COL5A1,1.2159075040090315
COL5A2,0.6194731724013964
COL5A3,0.3184039429511584
COL6A1,0.6852676313221695
COL6A2,0.4887643644652262
COL6A3,0.25908755041391984
COL6A5,-2.8628599975791422
COL6A6,0.3863360563914272
COL7A1,-0.9796878835967402
COL8A1,0.9213272371157953
COL8A2,-0.22066244998993145
COL9A1,1.603887271213274
COL9A2,-0.3849107889913508
COL9A3,-0.7189926554239401
COLEC10,-1.3984561601163599
COLEC11,1.287088672458966
COLEC12,0.5063185365107075
COLGALT1,-0.642768655606472
COLGALT2,-1.1802470164205576
COLQ,0.43444141663043256
COMMD1,0.43169398831500994
COMMD10,-0.017135547335135115
COMMD2,0.05026520069860285
COMMD3,0.95336737175834
COMMD3-BMI1,0.9526842625808618
COMMD4,-0.5637897629254052
COMMD5,0.6949390034698426
COMMD6,-0.4699084293468694
COMMD7,-0.48767963570692263
COMMD8,0.4770868039753384
COMMD9,0.10963536236523219
COMP,-0.737905938191533
COMT,0.10209250267201986
COMTD1,-0.7590140022795495
COP1,0.30932404518970014
COPA,0.29394261082659057
COPB1,-0.0475646344475491
COPB2,0.3885479507402807
COPE,0.6186652813353217
COPG1,0.30354421924743
COPG2,-0.020564811547760797
COPRS,-0.31446585350346723
COPS2,0.354952399612003
COPS3,-0.0778092978880407
COPS4,-0.232881724330805
COPS5,0.423003382908415
COPS6,-0.005233566797137268
COPS7A,0.446381243611893
COPS7B,0.7081154482807128
COPS8,-0.25326539429749273
COPS9,-0.7610259597643574
COPZ1,-0.4879705606097968
COPZ2,1.5703637674959399
COQ10A,-0.09189658064024941
COQ10B,-0.24686683133936782
COQ2,0.459596639703423
COQ3,-0.15935573505522638
COQ4,0.3309998799473224
COQ5,0.29571064282875614
COQ6,-0.1726491162702466
COQ7,0.18349483935951927
COQ8A,-0.009072644217178016
COQ8B,-0.9325067849555514
COQ9,0.2041608639114405
CORIN,0.6439784011990162
CORO1A,0.11789419980506954
CORO1B,-0.5151163285297442
CORO1C,-0.5718552477063681
CORO2A,-0.13125276127297392
CORO2B,0.133543391932469
CORO6,-0.6181795594383475
CORO7-PAM16,0.5563970399552804
CORT,-0.3497083035270505
COTL1,1.753804869782505
COX10,0.433349361930905
COX11,0.2128685093219378
COX14,-0.19713532299118963
COX15,-0.35685889199060083
COX16,-0.6071474238080474
COX17,0.31554940973447687
COX18,-0.0920574173393085
COX19,0.19510125970045555
COX20,-0.24240629130692692
COX4I1,0.3654423216132989
COX4I2,0.03431534605410569
COX5A,0.1541394162315517
COX5B,-0.2954283583792763
COX6A1,0.08137300309635753
COX6A2,0.9534939883284776
COX6B1,0.5614692591009756
COX6B2,0.13599903691089782
COX6C,0.13118449753597217
COX7A1,-0.08628555607676336
COX7A2,0.520431769931022
COX7A2L,-1.1750285488123215
COX7B,0.3247478190027282
COX7B2,-1.173071128846627
COX7C,0.3864417455960405
COX8A,-0.39199951906531894
CP,0.0784937307393557
CPA1,-0.37213718035945154
CPA2,0.4828291907615412
CPA3,0.9554123265933316
CPA4,-1.2455345518495682
CPA5,1.0166792113195635
CPA6,0.33315099785058955
CPAMD8,-0.30416406245408156
CPB1,0.32690710212491236
CPB2,0.1333890733677615
CPD,-0.08788790174287087
CPE,-0.32891384403130597
CPEB1,-0.028811848090829928
CPEB2,0.5188303457258678
CPEB3,0.2537658604576496
CPEB4,1.4034872747416818
CPED1,0.709431147866717
CPHXL,-0.28950693314930714
CPHXL2,-1.34609797011225
CPLANE1,-0.4427861883666817
CPLANE2,-0.515128892814587
CPLX1,-0.35089545563447855
CPLX2,2.453789394752229
CPLX3,-0.2664767599677961
CPLX4,0.1672362736528672
CPM,0.7755698155790617
CPN1,0.09075689759357758
CPN2,-1.0273056894271608
CPNE1,-0.3298049621022958
CPNE2,-0.26710414292243856
CPNE3,0.7474050403244716
CPNE4,-0.8444701121186444
CPNE5,-0.18793284194408844
CPNE6,-0.269847335966799
CPNE7,-0.9473997619599392
CPNE8,3.775467805763857
CPNE9,-1.0296178461004397
CPO,0.6008080081738667
CPOX,-0.04183569444878277
CPPED1,-0.2468717007838963
CPQ,-1.1590391455985938
CPS1,0.26002139107270095
CPSF1,0.07793377977112215
CPSF2,-0.10465769495277844
CPSF3,0.2418977849216306
CPSF4,0.038309440561959285
CPSF4L,-0.5293412158762095
CPSF6,0.5292960324214868
CPSF7,-0.13703554943223484
CPT1A,0.18312903343536002
CPT1B,-1.0604664048627674
CPT1C,0.1257196449850757
CPT2,-0.17504569844080153
CPTP,0.2036465934206504
CPVL,0.6910362704678505
CPXM1,0.2723847102873064
CPXM2,-0.781564021007394
CPZ,-0.0828361011659256
CR1,0.7533613999378966
CR1L,0.542367483630678
CR2,-0.9666582626958019
CRABP1,-0.1681665169293866
CRABP2,-0.9797016649229277
CRACD,0.025372487525158416
CRACDL,-0.847589106704406
CRACR2A,2.4069600477667406
CRACR2B,-0.7817467496770989
CRADD,0.09288632751066173
CRAMP1,0.3936096028672962
CRAT,0.0063114868898188625
CRB1,0.4727822638739403
CRB2,-0.4580258721221313
CRB3,0.7710563434353814
CRBN,0.04428697707417495
CRCP,-0.19856062626581306
CRCT1,0.2944476536404016
CREB1,0.4562281361503375
CREB3,0.34395668067616114
CREB3L1,-0.6237364297947365
CREB3L2,0.3754117009619593
CREB3L3,0.19529227178995434
CREB3L4,0.39528137957122667
CREB5,-0.5599975211886152
CREBBP,0.23907017637359473
CREBL2,0.28779995519203894
CREBRF,0.6251800631618698
CREBZF,-0.8593331163062665
CREG1,-0.16642309457454751
CREG2,-0.18763887161345882
CRELD1,-0.01702878767248972
CRELD2,0.1104824460331888
CREM,0.31487074587208186
CRH,0.24702829867645892
CRHBP,-0.30340229392452794
CRHR2,-0.5240917276627417
CRIP1,-0.23639051601745908
CRIP2,0.05357310414825189
CRIP3,-0.6246887357294667
CRIPT,0.4134089168134134
CRIPTO,-0.38544186434171623
CRIPTO3,-0.18403245320048112
CRISP1,-1.1474344489156185
CRISP2,-0.10402344703490574
CRISPLD1,-0.5007685470185443
CRISPLD2,0.209000804170838
CRK,0.23093656611188496
CRKL,-0.1108238660490386
CRLF1,-0.5367579926237547
CRLF3,0.02001369990074542
CRLS1,0.7113150666864685
CRMP1,-0.43192335981350993
CRNKL1,0.7709425315558138
CRNN,-0.4623126482648048
CROCC,1.8113986842873187
CROCC2,0.7417311203143953
CROT,1.2996126384745934
CRP,0.015156545523528742
CRPPA,0.0033786768434290937
CRTAC1,-0.7098465052127638
CRTAM,1.06498744540481
CRTAP,-0.26289085420407954
CRTC1,-0.27448353074206056
CRTC2,0.27130731877766934
CRTC3,0.5804507147532256
CRX,1.008713360003049
CRY1,-0.23064398101782224
CRY2,0.14577316072242796
CRYAB,0.7434549589296093
CRYBA1,-1.0317968004253344
CRYBA2,0.28531379585107053
CRYBA4,-0.7630235984738066
CRYBB1,-0.8715508195811303
CRYBB2,-0.3705447773225691
CRYBB3,0.2714818391905287
CRYBG1,-1.097638354561053
CRYBG2,0.02151421672053977
CRYBG3,-0.0225172468159065
CRYGA,-0.9111158645626287
CRYGB,-0.6016232631243306
CRYGC,-0.13441714086721684
CRYGD,0.7863786567470361
CRYGN,-0.5439322026084759
CRYGS,0.07881824839032109
CRYL1,-0.21357588812337425
CRYM,-0.10315632088456939
CRYZ,0.9937569153885097
CRYZL1,0.31908244254464746
CS,0.2321130861970122
CSAD,-0.09346694308065517
CSAG1,-1.4862161691160551
CSDC2,-0.617218489977382
CSDE1,0.5916779078473504
CSE1L,0.04548974893726676
CSF1,-0.545218528235323
CSF1R,-0.6544769896715844
CSF2,-0.3356191422908381
CSF2RB,0.9304928864016706
CSF3,-0.010744276466431835
CSF3R,0.35616716682645744
CSGALNACT1,1.034513353356809
CSGALNACT2,-0.18562542811510108
CSH1,0.28504113487055466
CSH2,-1.254454593049228
CSHL1,-0.7757493445079257
CSK,0.2545510642595419
CSKMT,-0.18045424705393565
CSMD1,-0.5880629845481484
CSMD2,-0.5768812590323771
CSMD3,0.7765626012209018
CSN1S1,1.1477599497718525
CSN2,-0.10011172096023824
CSN3,-0.25671704018788866
CSNK1A1,0.5225612342765782
CSNK1A1L,-0.025311179074774426
CSNK1D,-0.1620921233301944
CSNK1E,-0.5063286375771479
CSNK1G1,-0.12705307668466137
CSNK1G2,0.6301531706105923
CSNK1G3,0.5478308380539028
CSNK2A1,-0.032148972935715836
CSNK2A2,0.011425740827860409
CSNK2A2IP,0.037113416364063845
CSNK2A3,-1.350929098592552
CSPG4,-0.8732009595576248
CSPG5,-0.7547838766488746
CSPP1,-0.08096032804620279
CSRNP1,-0.04790464638598335
CSRNP2,0.09165756624456822
CSRNP3,2.199180958533904
CSRP1,-0.523053117293214
CSRP2,1.0100472901406805
CSRP3,0.4888161443576252
CST1,-0.4776288079575536
CST11,0.3407268247362778
CST2,-0.09914247460833936
CST3,-0.5588892331195662
CST4,0.7157979601740148
CST5,0.22975360973371362
CST6,0.425738953064167
CST7,-0.7823893441811416
CST8,0.43129274121421923
CST9,0.49209707132760927
CST9L,0.12959841069869213
CSTA,1.286675992703026
CSTB,0.040847646284067896
CSTF1,0.36914118925916073
CSTF2,1.2525245566103842
CSTF2T,0.87094240618751
CSTF3,0.48830870651433056
CSTL1,0.7080171148165302
CSTPP1,0.6709898074153489
CT45A1,1.359674523240636
CT45A10,0.0
CT47A7,-0.5563970399552804
CT47C1,-2.2860988151147477
CT55,-0.18595070304377037
CT83,1.173071128846627
CTAG1B,1.173071128846627
CTAG2,1.0721771182926154
CTAGE1,-1.2296726014619273
CTAGE4,1.173071128846627
CTAGE6,-1.173071128846627
CTAGE9,-1.173071128846627
CTBP1,0.06506311204300896
CTBP2,-0.3281864694707288
CTBS,0.39066304990133727
CTC1,-0.13144960320897336
CTCF,-0.4470466362379666
CTCFL,-0.3744288787411404
CTDNEP1,0.8184805685051124
CTDSP1,0.3107674933016247
CTDSP2,-0.10690100081919596
CTDSPL,-0.8931759577984528
CTDSPL2,-0.15848218532976643
CTF1,-0.1656152675576188
CTH,0.3932944590891032
CTHRC1,-0.08881923107105105
CTIF,0.0942663080332351
CTLA4,0.1597533501677238
CTNNA1,0.28774264348383866
CTNNA2,0.845300210321787
CTNNA3,0.429030444252954
CTNNAL1,-1.0390281758528435
CTNNB1,1.0429283712944057
CTNNBIP1,-0.6784228223462665
CTNNBL1,0.2451873431343028
CTNND1,0.15194907836455718
CTNND2,1.4822151953135456
CTNS,0.03509707144536911
CTPS1,-0.530380400685547
CTPS2,-0.033999552980122194
CTR9,-0.05656414361829265
CTRB1,-0.13361828242449325
CTRB2,0.1638633236809478
CTRC,0.5913603111547352
CTRL,-1.2486151036949293
CTSA,-0.5265234600887454
CTSB,0.2239848268845197
CTSC,0.9588402380533787
CTSD,-0.09899550164890325
CTSE,0.8369644007583461
CTSF,-0.18855123212700953
CTSG,-2.678189679396545
CTSH,0.10301765781440198
CTSK,-1.4502101268514387
CTSL,0.11433277191912006
CTSS,1.2489353470169997
CTSV,-3.543376871035026
CTSW,0.184364669244945
CTSZ,0.10659014384619536
CTTN,-0.8275015980468114
CTTNBP2,-0.6636387541156115
CTTNBP2NL,0.9973962749131446
CTU1,0.23138324967116164
CTU2,0.17139232487645506
CTXN1,-0.08408217617896985
CTXN2,0.9227925154320253
CTXN3,1.4391250512091864
CTXND1,1.476714176101099
CTXND2,0.14131292524519296
CUBN,0.33791815077146536
CUEDC1,0.0037872231421736124
CUEDC2,0.14763427207928448
CUL1,-0.3334916828453922
CUL2,0.3163113414603944
CUL3,-0.25376396605888685
CUL4A,0.49913026585995635
CUL4B,0.13495480437897944
CUL5,-0.5394427758402607
CUL7,-0.06108163424783086
CUL9,-0.4839802199534997
CUTC,-0.0773389722638197
CUX1,0.026479697402070013
CUX2,0.20309218105421323
CUZD1,-0.7827612398784263
CWC15,-0.05784898794493998
CWC22,0.06932529261913789
CWC27,0.9696155815391088
CWF19L1,0.625011052197141
CWF19L2,0.5195955751883263
CWH43,0.24855164710195823
CX3CL1,0.2940279068585695
CX3CR1,-0.39425855546472977
CXADR,0.08905848699429347
CXCL1,-1.6575131159845184
CXCL10,1.6566339935371233
CXCL11,-0.47540913447919597
CXCL12,0.6422927047853392
CXCL13,-0.39369950775653373
CXCL14,-0.219190163455957
CXCL16,0.27654823718897525
CXCL17,0.4107994578305394
CXCL2,0.25201799087961185
CXCL3,0.8092896027642057
CXCL5,-1.061526539402103
CXCL6,1.811398728387645
CXCL8,-1.1818130232296213
CXCL9,0.1800489241797289
CXCR1,1.3302566860908598
CXCR2,-1.0076086059647258
CXCR3,0.2131823224787477
CXCR4,-0.4001053858727972
CXCR5,0.937271192169521
CXCR6,0.16026755244367785
CXXC1,0.2967002598707915
CXXC4,0.9900228231420625
CXXC5,0.6613458003051467
CXorf38,-0.007560019255929973
CXorf49,-0.15899011977978583
CXorf49B,-2.424504140407878
CXorf58,-0.13091379015181404
CXorf65,-0.21752499862011643
CXorf66,-0.4830152719711496
CYB561,-0.401667762397693
CYB561A3,-0.10747909810253597
CYB561D1,0.0046420676495433355
CYB561D2,-0.17712451459798118
CYB5A,0.4792756251843533
CYB5B,0.26312738586450757
CYB5D1,0.30056736541040463
CYB5D2,0.23706350348158312
CYB5R1,-0.115319809650412
CYB5R2,-0.28362371212600634
CYB5R3,-1.513950531349074
CYB5R4,0.5191810566633542
CYB5RL,-0.3799097439086059
CYBA,-0.5782046358704336
CYBB,-0.05294907808655225
CYBC1,0.09832612611147296
CYBRD1,-0.9771846611259174
CYC1,0.49636922159999086
CYCS,-0.4105653353141778
CYFIP1,1.3449379932605505
CYFIP2,-0.4694314295924933
CYGB,0.8168144311049088
CYLC2,1.0690476818117212
CYLD,2.1157565561200755
CYP11A1,-0.10965411471426462
CYP11B1,0.56614887094475
CYP11B2,-0.5485856318626329
CYP17A1,-0.46729866826417354
CYP19A1,0.4420047758753237
CYP1A1,-0.06790700261801796
CYP1A2,-0.9066629568408207
CYP1B1,-0.7688510273481381
CYP20A1,0.20304826337929605
CYP24A1,-0.2784781623783921
CYP26A1,-0.7169036408349868
CYP26B1,0.24566697238369944
CYP26C1,-1.4166560414657647
CYP27A1,-0.38844289410265576
CYP27B1,-0.6674794170420955
CYP27C1,0.004857544762837007
CYP2A13,-0.3547772265162533
CYP2A6,0.4700786940402655
CYP2A7,0.34900805030279464
CYP2B6,-1.1875104242222188
CYP2C18,0.4180519745364274
CYP2C19,0.19340609094229277
CYP2C8,-2.1541320892986997
CYP2C9,0.420224169535908
CYP2E1,0.3392747803610585
CYP2F1,-0.7568203297601536
CYP2J2,-0.9589880298815255
CYP2R1,0.28746784927846214
CYP2S1,0.4756495120269598
CYP2U1,-0.5293683047081621
CYP2W1,-0.6853621884721705
CYP39A1,0.5797505394636748
CYP3A4,0.11148320918803209
CYP3A43,-0.12356398946821714
CYP3A5,1.266712480045322
CYP3A7,-0.8553635994727401
CYP3A7-CYP3A51P,-0.8191613289176289
CYP46A1,-0.2944716829892404
CYP4A11,1.4007193430751919
CYP4A22,0.21193634017823162
CYP4B1,2.9758472926916237
CYP4F11,0.2860210525328343
CYP4F12,0.8351590111430892
CYP4F2,-0.06780198315204033
CYP4F22,-0.6818408702449102
CYP4F3,-1.4572809267806126
CYP4F8,0.6371385616295072
CYP4V2,0.2774089833387752
CYP4X1,-0.1644720946303328
CYP4Z1,2.0765213427781593
CYP51A1,-0.24747175846897473
CYP7A1,-1.4038259505253832
CYP7B1,-1.044148852934183
CYP8B1,-0.6886553287813642
CYREN,0.1651053744166706
CYRIA,-0.3741737045369481
CYRIB,0.46310530916789383
CYS1,1.3645805472586399
CYSLTR1,0.0
CYSLTR2,0.09385691508993688
CYSRT1,0.18778661145799713
CYSTM1,0.7002817246927715
CYTH1,-0.5690542900854116
CYTH2,0.010398786157057138
CYTH3,-0.8117602247876154
CYTH4,1.1036393448860653
CYTIP,1.49560640394433
CYTL1,-1.661830233400754
CYYR1,-0.08199356227814891
CZIB,0.07025141843420535
D2HGDH,-0.06813556819571964
DAAM1,0.25434366561216537
DAAM2,0.2332780666081028
DAB1,-0.26803533011648195
DAB2,0.749805231645407
DAB2IP,-0.02490372373327282
DACH1,0.9065741229765936
DACH2,2.2284505401163885
DACT1,0.6332830467871217
DACT2,0.8350007323512789
DACT3,0.33061896052891493
DAD1,0.2831476607217378
DAG1,-0.567092210331722
DAGLA,-0.5227736327471121
DAGLB,0.15882570687913056
DALRD3,0.106007226236148
DAND5,-0.2559666227711894
DAO,-0.08534277778828248
DAOA,-0.44099759197402166
DAP,0.23796727091061132
DAP3,-0.25683605739231385
DAPK1,-0.45192739645157154
DAPK2,-1.1042955729636947
DAPK3,-0.025758848250259536
DAPL1,-0.4430698397171403
DAPP1,0.3386026605149978
DARS1,0.14595964476411272
DARS2,-0.06235097232603204
DAW1,2.2284505401163885
DAZAP1,-0.3030317171818533
DAZAP2,-0.6047426296284484
DAZL,0.8378820713253009
DBF4,0.18054400417343475
DBF4B,-0.13426386507355792
DBH,-1.3083789940275943
DBI,-0.29855831401393207
DBN1,-0.7908889483608141
DBNDD1,-0.8534264006440722
DBNDD2,-0.4534612534716689
DBNL,-0.18014044254127848
DBP,0.011405366870527622
DBR1,0.0652942505918015
DBT,-0.07439204220926632
DBX1,0.061140400491700886
DBX2,-0.4927055129051878
DCAF1,-0.28896084939732436
DCAF10,0.31104669837748755
DCAF11,0.03231130610320143
DCAF12,0.07378117795034544
DCAF12L1,-0.16460374851171977
DCAF12L2,0.6383275554406918
DCAF13,-0.15805704591234315
DCAF15,-0.20706590687306603
DCAF16,-0.13089751614489042
DCAF17,-0.2526908681903737
DCAF4,0.1306982066563629
DCAF4L1,-0.16424144390924378
DCAF4L2,0.06356535723349399
DCAF5,0.4835332133175063
DCAF6,-0.004571761391606088
DCAF7,0.6493704046817936
DCAF8,0.2896651428152013
DCAF8L2,-0.6313594948152135
DCAKD,0.04409239347284455
DCANP1,-0.5515133665432869
DCBLD1,0.1435197630344574
DCBLD2,-0.03634758154858142
DCC,-0.9990942329115592
DCD,0.864318042743428
DCDC1,0.45932636691248874
DCDC2,1.36776559827785
DCDC2B,-0.5943212009650805
DCDC2C,-0.11289422804180882
DCHS1,1.87633930257413
DCHS2,0.988770289117624
DCK,-0.3107929364160573
DCLK1,0.6221172911215864
DCLK2,0.38397564036464105
DCLK3,-0.1678190238725622
DCLRE1A,0.005498131828637121
DCLRE1B,-0.17031439070825716
DCLRE1C,-0.14097820531879757
DCN,-2.579303359455985
DCP1A,0.43652854909797467
DCP1B,0.15893042707220228
DCP2,0.3768320914422669
DCPS,0.39358611098829854
DCST1,-1.254504520899066
DCST2,-1.2313464373837752
DCSTAMP,0.7957784864170021
DCT,-0.464946255456629
DCTD,0.3545968257902843
DCTN1,0.33433719490110114
DCTN2,-0.3979040802162781
DCTN3,0.3180215789073275
DCTN4,-0.11405426213848058
DCTN5,-0.13843933494699945
DCTN6,-0.0022865195902417312
DCTPP1,-0.4395393501464291
DCUN1D1,0.3359432395296631
DCUN1D2,-0.033047004773508526
DCUN1D3,0.2119699470543983
DCUN1D4,-0.09032788430837968
DCUN1D5,0.3092000423470167
DCX,-2.25239627626134
DCXR,-0.39167529712761473
DDA1,0.3173591679071439
DDAH1,-1.4482759445241042
DDB1,-0.798854061797335
DDB2,-0.41693257907210945
DDC,0.35114711637467877
DDHD1,-0.2523733260894869
DDHD2,0.23229571718913067
DDI1,-2.1050150567910655
DDI2,0.1896849967964891
DDIAS,0.545710499000934
DDIT3,-0.005079302875858005
DDIT4,-0.702738371016876
DDIT4L,-0.43781818137312545
DDN,-0.3042716428591231
DDO,-0.19888151775387325
DDOST,0.06390203353254176
DDR2,-0.059819628048397466
DDRGK1,-0.2226629707559038
DDX1,-0.34787031765898124
DDX10,-0.6474053732319054
DDX11,-0.2995866515509098
DDX17,-0.06454624124842656
DDX18,0.4253969320669664
DDX19A,-0.4198222745546851
DDX19B,-0.37461453441249093
DDX20,0.35430454578351966
DDX21,0.19838564785889812
DDX23,-0.15872303409756228
DDX25,0.4522802767738725
DDX27,-0.31347990184850794
DDX28,0.07246713056960585
DDX31,0.8307763549665848
DDX39A,0.31657469082021406
DDX3X,-0.12094654481933809
DDX3Y,0.6270429715142969
DDX4,-0.08369927393673626
DDX41,0.023288140631914533
DDX42,0.33968308302466577
DDX43,-0.3246149349202796
DDX46,-0.17288461948155565
DDX47,-0.21588092856900287
DDX49,0.6249275341806753
DDX5,-0.16443919428817155
DDX50,0.2818933981532563
DDX51,0.05312360895833468
DDX52,2.0622930518862637
DDX53,-0.8813583345139313
DDX54,-0.6088680132570055
DDX55,-0.0220267243902752
DDX56,0.10198419205414977
DDX59,0.25860129864820847
DDX6,-0.0994781638928286
DDX60,1.044582685296226
DDX60L,2.1523297588778103
DEAF1,-0.5926187455554546
DECR1,0.37660743746798886
DECR2,-0.15665173095287033
DEDD,-0.47077953000571515
DEDD2,0.04709428887403
DEF6,-0.555710338482788
DEF8,0.18118255666208416
DEFA1,-0.7026185368813667
DEFA1B,-0.3541834254407914
DEFA3,-0.4590311319303948
DEFA4,-0.420108815581662
DEFA5,1.4818733580076016
DEFA6,-1.2056138390649314
DEFB1,-0.7092075346150786
DEFB103A,0.5563970399552804
DEFB108B,0.1759307842256378
DEFB108C,0.09864022986009324
DEFB109B,-0.7026185368813667
DEFB110,-0.7705229272774625
DEFB112,-0.4290744045063748
DEFB113,-2.25239627626134
DEFB114,-1.2933657718303215
DEFB115,2.222754848185791
DEFB116,0.15833727177274837
DEFB118,-1.832437737013835
DEFB119,0.4162437650543934
DEFB121,-1.5294157977214904
DEFB123,0.33480143279774877
DEFB124,0.2628082806275222
DEFB125,-1.7951884199682133
DEFB126,-2.048682594186938
DEFB127,-0.1122317228307752
DEFB128,2.1802075084839148
DEFB129,0.1958056219870823
DEFB131A,0.0
DEFB131B,-0.2519794499571668
DEFB132,0.6329833581984554
DEFB134,1.2504373395534514
DEFB135,-1.0404508920657818
DEFB136,-0.665925254868132
DEFB4A,0.4073441409093168
DEFB4B,1.0690476818117212
DEGS1,-0.0073514673635011185
DEGS2,-0.1283241432890576
DEK,0.2717751247885083
DELE1,-0.17190408832834692
DENND10,-0.4340498680053031
DENND11,-0.2756355196297262
DENND1A,0.454485907361065
DENND1B,-0.331112649922749
DENND1C,-0.22259134570339167
DENND2A,0.07181588694563534
DENND2B,-0.3047388547020806
DENND2C,0.9886797206350874
DENND2D,0.17745562515106306
DENND3,0.5994267522311334
DENND4A,1.3746907245067082
DENND4B,-0.009799554424366086
DENND4C,0.1445956162512747
DENND5A,-0.3427776528062454
DENND5B,0.24921363735526736
DENND6A,0.2326955653347209
DENND6B,-0.3083799744554429
DENR,0.20795988406242305
DEPDC1,-0.316188778620071
DEPDC1B,-0.1323952794747889
DEPDC4,0.13840391305781186
DEPDC5,-0.24379452908881483
DEPDC7,0.5981892284304612
DEPP1,0.43891886613517794
DEPTOR,0.18706699644226288
DERA,0.1625446731482041
DERL1,0.380840368513927
DERL2,0.4461503902002848
DERPC,-0.20794241194823737
DES,0.2981407667699412
DESI1,0.1292917375753877
DESI2,-0.46745762611362407
DET1,0.33099380915347965
DEUP1,0.7229287722742379
DEXI,0.2858303738247443
DFFA,-0.38843313984153527
DFFB,-0.1782774177167843
DGAT1,-0.4589092067025633
DGAT2,-0.4818692172496081
DGAT2L6,0.074649247350244
DGCR2,-0.5011744974990813
DGCR6L,-0.36375139012210633
DGCR8,-0.23554985515204097
DGKA,0.026412783125997485
DGKB,2.479361779821106
DGKD,0.13875018406797568
DGKE,-0.6483795988194743
DGKG,0.40111858178794146
DGKH,-0.18029048386420565
DGKI,-0.9972464385981954
DGKK,-1.173071128846627
DGKQ,-0.546455923073154
DGKZ,-0.7617171733144676
DGLUCY,-0.0489187475942372
DGUOK,-0.06378076941469857
DHCR24,-1.145034275813944
DHCR7,-0.2963251326893017
DHDDS,-0.08691746723070004
DHDH,-0.14713193386133305
DHFR,-0.08897965999739998
DHFR2,0.5915583755386873
DHH,0.18701615394910232
DHODH,0.6457884224714094
DHPS,-0.04564223781651178
DHRS1,-0.10967897744971822
DHRS12,-0.6066149996738974
DHRS13,-0.13794285043498133
DHRS2,0.21526094341360372
DHRS3,0.6214721601142621
DHRS4,0.03943416453601323
DHRS4L2,-1.2720983821823852
DHRS7,0.15452480537729663
DHRS7B,1.1147664320759159
DHRS7C,-1.915878406497772
DHRS9,0.6221172911215864
DHTKD1,0.6568514410148341
DHX15,-0.013605345819213355
DHX29,0.05594099710553868
DHX30,0.7363564339740014
DHX32,0.4753383734461907
DHX33,-0.14802742640104816
DHX34,-0.3895137518431855
DHX35,-0.11397106929768475
DHX36,0.14453221708628838
DHX37,0.08717565310490971
DHX38,0.3189095340025183
DHX40,1.331894388621469
DHX57,-0.029485201107046333
DHX58,-0.7425298615533178
DHX8,-0.0041325086803039035
DHX9,-0.07563416149956348
DIABLO,0.12247164829492485
DIAPH1,-0.3675939660384069
DIAPH2,-0.0982994649939628
DIAPH3,0.19614338667704656
DICER1,-0.06912136069737951
DIDO1,0.04980444886167135
DIMT1,-0.09499434209143542
DIO1,-0.1391252599066486
DIO2,-0.21745376538244265
DIO3,-1.4578564766644035
DIP2A,0.09411047400993411
DIP2B,-0.11057943707451834
DIP2C,0.7461471382172504
DIPK1A,0.2144680053289405
DIPK1B,-0.2612987887036233
DIPK1C,-0.5495380514397595
DIPK2A,-0.10267456682238674
DIPK2B,2.97504315960795
DIRAS1,0.2571941315296725
DIRAS2,1.7779495339034195
DIRAS3,0.5717013539332472
DIS3,0.6195152693580908
DIS3L,-0.5293647356287821
DIS3L2,-0.12071578166708985
DISC1,-0.02852137925682552
DISP1,0.6013225217256997
DISP2,-0.1142325115578966
DISP3,0.023221721907209947
DIXDC1,0.5377378652818336
DKC1,0.3134853701929923
DKK1,0.6911111622986571
DKK2,-1.1833485944496192
DKK3,-0.33613004681112413
DKK4,1.8420538960773005
DKKL1,-0.28422797113093723
DLAT,-0.18611151232207357
DLC1,0.8160558692186612
DLD,0.8908588280034344
DLEC1,0.05119165104726742
DLEU7,-0.8208607847031539
DLG1,0.19479986806234884
DLG2,0.45592031336715255
DLG3,0.520154668361948
DLG4,0.008766079820286432
DLGAP1,-0.3907909871152544
DLGAP3,-0.21755267351967245
DLGAP4,-1.01205913215749
DLGAP5,-0.19686786819640645
DLK1,0.17166575006408633
DLK2,0.5449008628702673
DLL3,0.37195263441371285
DLL4,0.1187349821753172
DLST,-0.11541658175564518
DLX1,-0.08895680338130307
DLX2,0.14900294941283043
DLX3,-0.1826066390043205
DLX4,-0.3354014868333979
DLX5,0.38399534601536534
DLX6,-0.6506923872381455
DMAC1,0.6934100541570916
DMAC2,-0.15371822373533517
DMAC2L,0.049080943620904094
DMAP1,-0.28079927750868583
DMBT1,1.1030944767087485
DMBX1,0.1497279987442271
DMC1,-1.0703060854197268
DMGDH,0.8672692146212979
DMKN,-0.6291585184455335
DMP1,0.5504252859097793
DMPK,0.16015735000685874
DMRT1,-0.4323961550320624
DMRT2,-0.29424696716719567
DMRT3,-0.7182294946616219
DMRTA2,1.4176932666568398
DMRTB1,-1.0662455760499223
DMRTC1,2.4129236969557035
DMRTC2,0.7865294958338598
DMTF1,-0.3194375613064886
DMTN,0.1707945138491469
DMWD,0.5851421800452759
DMXL1,-0.023742087093561154
DMXL2,0.8327157457086996
DNA2,-0.3661796274864173
DNAAF1,1.428318068311309
DNAAF10,1.0507769311677304
DNAAF11,-0.3463799908387347
DNAAF2,0.11247856939785894
DNAAF3,0.24745437071446585
DNAAF4,-0.49887504419951656
DNAAF5,0.171934366734809
DNAAF6,0.76577311090811
DNAAF8,0.26301729554596864
DNAAF9,0.18426985790938932
DNAH1,-0.39898801546540463
DNAH10,-0.0700656597644399
DNAH11,-2.2604225096949424
DNAH12,0.053002982353107984
DNAH14,-0.13271406085919446
DNAH17,0.18085567748270331
DNAH2,1.395005566497402
DNAH3,-0.314052209500167
DNAH5,-0.17944821092112306
DNAH6,0.9081644758602659
DNAH7,-0.10746542064226783
DNAH8,0.7233877173260602
DNAH9,-1.5633102997240031
DNAI1,-0.48869684839182215
DNAI2,-0.07773985658142402
DNAI3,1.1657527667779695
DNAI4,0.4537817827220434
DNAI7,0.43116465146501737
DNAJA1,0.2679520186375788
DNAJA2,0.16248006906521217
DNAJA4,-0.9834216250091439
DNAJB1,-0.9262835641567679
DNAJB11,0.0009021807374227642
DNAJB12,-0.2661376447053838
DNAJB13,-0.17117735423668545
DNAJB14,0.6630365715433273
DNAJB2,0.6868669324549117
DNAJB4,0.13163741609419866
DNAJB5,0.4418369704387044
DNAJB6,0.2588625887583671
DNAJB7,0.0375354196473181
DNAJB8,0.18098269066501005
DNAJB9,-0.044046084110185735
DNAJC1,0.6127045137388958
DNAJC10,0.9163621687687187
DNAJC11,-0.07832305382673432
DNAJC12,-0.5195646054655276
DNAJC13,0.24984531195912396
DNAJC14,0.11631835965035764
DNAJC15,0.7577455414583154
DNAJC16,1.0973366052927966
DNAJC17,0.239160528775189
DNAJC18,0.8598847067698738
DNAJC19,-0.2345784843397709
DNAJC2,0.4183884750762439
DNAJC21,-0.18738050259229677
DNAJC22,0.15795249651616505
DNAJC24,0.4610142222378688
DNAJC25,0.24498815794395545
DNAJC25-GNG10,0.2429051363698238
DNAJC27,0.19037436393107
DNAJC3,0.08076566957422315
DNAJC30,-0.03445864746246663
DNAJC4,0.021045951332278268
DNAJC5,-0.21258821275040996
DNAJC5B,-0.19203401742605886
DNAJC5G,-0.8393863433935165
DNAJC6,-0.6630811785525035
DNAJC7,-0.12477705361569624
DNAJC8,0.2823414117674319
DNAJC9,0.4494314562907662
DNAL1,0.294067204169546
DNAL4,0.24090186909190736
DNALI1,-0.31297980043391394
DNASE1,0.34317932559228037
DNASE1L1,-0.010391227400440517
DNASE1L2,0.09330413981503272
DNASE1L3,-0.8529311752292823
DNASE2,-0.5937089151664106
DNASE2B,-0.6937722348331958
DND1,0.026063956991545068
DNER,1.0888823310872087
DNHD1,-0.09559538060090067
DNLZ,-0.7587223230791897
DNM1,0.028503578546734243
DNM1L,1.3506695778076834
DNM2,0.027534027693066676
DNM3,-0.7157448040437907
DNMBP,1.588082419161051
DNMT1,0.06446639871289461
DNMT3A,-0.3980943535309538
DNMT3B,-0.5961818428373291
DNMT3L,-0.5960220779763343
DNPEP,0.5060716900694848
DNPH1,-0.5342074995338162
DNTT,-1.7686717365321418
DNTTIP1,0.21907815827000743
DNTTIP2,0.5364431198006514
DOC2A,-0.7314703052253908
DOC2B,0.6166740888913465
DOCK1,-0.25760124311541643
DOCK10,4.548068353185081
DOCK11,-0.24943824498986955
DOCK2,-0.028796962089413736
DOCK3,-0.2179620397453348
DOCK4,0.37911643639459647
DOCK5,0.5325283316136231
DOCK6,-1.7577686445571952
DOCK7,-0.2591543808522512
DOCK8,-1.4085385809953241
DOCK9,0.14621001264850708
DOHH,0.20821779430372978
DOK1,0.03247080401813435
DOK2,-0.15538823180417038
DOK3,-0.41473867542052645
DOK4,1.0038846025832946
DOK5,-0.9551477067252389
DOK6,-0.011923187467646867
DOK7,-0.329530048127171
DOLK,-0.39435660238811066
DOLPP1,-0.20179427444549702
DONSON,-0.3421672891142693
DOP1A,0.41385186191694023
DOP1B,-0.5849949337496247
DOT1L,0.0053317205378844434
DPAGT1,-0.44223749612674723
DPCD,-0.3294359804410971
DPEP1,-0.6027925834917099
DPEP2,-0.8825831114039859
DPEP2NB,0.09778191610974751
DPEP3,-0.4601326376337179
DPF1,0.042569748830814214
DPF2,0.20673964881551665
DPF3,1.8458313193105234
DPH1,0.059171279371916796
DPH2,0.15898158993750933
DPH3,0.3667746616262897
DPH5,0.4584536874808589
DPH6,0.5516758739226157
DPH7,-0.10279473612267465
DPM1,0.29372628285667535
DPM2,-0.510551117614749
DPM3,-0.3634199316306592
DPP10,0.21873573925896816
DPP3,-0.3626716161260708
DPP4,1.1310540760781471
DPP7,0.962934545800155
DPP8,-0.006656417979231222
DPP9,0.19237405324468115
DPPA2,-0.8632957841615239
DPPA3,0.2637475112521066
DPPA4,0.0519016026100666
DPPA5,0.27913434812579396
DPRX,-0.08004261260227075
DPT,0.8476785342659499
DPY19L1,0.8292570895595255
DPY19L2,0.9222855409830653
DPY19L3,-0.17226675561252947
DPY19L4,-0.3895123919019492
DPY30,0.5376028350766828
DPYD,-0.08117308594981976
DPYS,-0.6149991691353316
DPYSL2,0.2657567232702004
DPYSL3,-1.2895687861506555
DPYSL4,-0.11156169436756608
DPYSL5,1.1579498216566784
DQX1,-0.017968628457028624
DR1,-0.13678252346854514
DRAM1,-0.08066174826294546
DRAM2,-0.26988387099400235
DRAP1,0.213659813171307
DRAXIN,0.11003537755168746
DRC1,-0.19297070560549767
DRC12,-0.16604615104685716
DRC3,0.07447625763101673
DRC7,-0.38632506955316925
DRD1,-1.4973804728609328
DRD2,1.4979825874174866
DRD3,-1.9886487798145658
DRD5,-0.31755937798994005
DRG1,-0.28255283130466546
DRG2,-0.14981388315209365
DRGX,-0.5799465792710337
DRICH1,-1.5685197773018946
DROSHA,-0.05112596580378037
DRP2,-1.0500079297692704
DSC1,0.8879484768623962
DSC2,0.05522962850813884
DSC3,0.8921463116095767
DSCAM,-0.5362618093340712
DSCAML1,2.1127250690309816
DSCC1,0.6323581528268033
DSE,0.7104151625181379
DSG1,0.6153920620980824
DSG2,0.05057860352313681
DSG3,-0.11493589123992087
DSG4,-0.7026185368813667
DSN1,-0.782225988830767
DSP,1.8621278931064311
DSPP,-1.6261886331480229
DST,-0.7410195356105271
DSTN,0.704608198923871
DSTYK,0.7940049326035542
DTD1,0.732599837160147
DTD2,0.1989623882918956
DTHD1,0.5168910940873129
DTL,-0.028644919915961076
DTNA,-1.8352903336473654
DTNB,-0.4062530435434937
DTNBP1,0.6006601299154779
DTWD1,0.11045196645585964
DTWD2,0.204829112046506
DTX1,0.32063017596723836
DTX2,-0.7088357357480075
DTX3,-1.1309455901440426
DTX3L,-0.39662179504936423
DTX4,-0.2671775040818847
DTYMK,0.13380308682695086
DUOX1,-0.8091043135718609
DUOX2,0.43828089687432314
DUOXA1,-0.8114063320358456
DUOXA2,0.39579060131122845
DUS1L,-0.5301998706536275
DUS2,-0.08038245695026247
DUS3L,0.3517532422870544
DUS4L,0.06433790271335793
DUS4L-BCAP29,0.1252886574600054
DUSP1,0.668920180123723
DUSP10,1.7342578274367382
DUSP11,0.3181617684531215
DUSP12,0.4089284154761532
DUSP13A,0.07966789156900456
DUSP13B,0.0730672254295266
DUSP15,-0.8497933590439823
DUSP16,0.06644154906321176
DUSP18,-0.6214397120086379
DUSP19,-0.2606520897143098
DUSP2,0.8763260039993828
DUSP21,-0.7058560733277373
DUSP22,2.061431847201283
DUSP23,0.14613015366518742
DUSP26,-0.5586666875137539
DUSP28,0.033199205683551725
DUSP29,0.0647511889261283
DUSP3,-0.09949030813288418
DUSP4,0.5367212371763647
DUSP5,-0.20922769448480127
DUSP6,-0.13729899151539204
DUSP7,-0.7178085062755155
DUSP9,-0.03552426487885707
DUT,-0.2686777372882072
DUXA,-1.479553367057414
DUXB,1.7287508626617765
DVL1,0.0008216709233779262
DVL2,0.3428918752897956
DVL3,0.03364627412488108
DYDC1,-0.06140059335190846
DYDC2,-0.9924410443921918
DYM,0.11393385441566961
DYNAP,-2.25239627626134
DYNC1H1,-0.02612841145011524
DYNC1I1,-0.18021948017118516
DYNC1I2,1.1574772084494513
DYNC1LI1,-0.21600008120244318
DYNC1LI2,0.015497273304881265
DYNC2H1,0.7104105440716286
DYNC2I1,-0.19873637365009023
DYNC2I2,-0.2220713721852099
DYNC2LI1,1.0737830612208188
DYNLL1,0.20545113120139913
DYNLL2,0.05042943555434176
DYNLRB1,0.19340569774158434
DYNLRB2,0.7236001571328353
DYNLT1,0.5354093627625292
DYNLT2B,-0.04666431818899763
DYNLT3,0.7853252488641635
DYNLT4,-0.18178865227414498
DYNLT5,-0.8791252289853406
DYRK1A,-0.3231291463753916
DYRK1B,0.7007397788265544
DYRK2,0.8364445072244391
DYRK3,0.6963154915503933
DYRK4,-0.3296549839518984
DYSF,-0.6560932142922703
DYTN,-0.25552720214038716
DZANK1,0.14291223695389377
DZIP1,1.549977985889027
DZIP1L,-0.30022037736788115
DZIP3,0.13655610513220706
E2F1,0.2992836604655116
E2F2,-1.5338592658376569
E2F3,-0.2815347914377617
E2F4,-0.159049322865636
E2F5,0.07788361170823244
E2F6,-0.6825134888208959
E2F7,-0.8898031047234571
E2F8,0.26691366019856533
E4F1,-0.09379320328954188
EAF1,-0.33699950950379653
EAF2,-0.24401910664376025
EAPP,0.39694577491326344
EARS2,0.19846933614192608
EBAG9,0.38880013717749495
EBF1,0.8631162862506317
EBF2,0.3336102366379537
EBF3,0.1293043661667827
EBF4,-0.5830404531391853
EBI3,3.9448625875297862
EBLN1,0.5169864546711413
EBLN2,0.22605507879470665
EBNA1BP2,-0.27430670373773886
EBP,-0.218599252897965
EBPL,-0.3274317480547757
ECD,0.22860682629897422
ECE1,-0.08187779409897988
ECE2,0.26976643916432574
ECEL1,0.5958918320821647
ECH1,-0.11713383474301242
ECHDC1,-0.21789956702660174
ECHDC2,-0.3452905025326518
ECHDC3,-0.3070480955433304
ECHS1,-0.08025957754737156
ECI1,-0.015651901844118576
ECI2,-0.03160880037702052
ECM1,-0.9329184203785343
ECM2,-0.8191796803274143
ECPAS,0.01752830844823272
ECRG4,-1.0006893932872873
ECSCR,-0.7137655054680718
ECSIT,0.48585874315261934
ECT2,0.05991024894236219
ECT2L,0.6272295812160866
EDA,0.1276462813138276
EDA2R,0.7014063950879554
EDAR,-0.6572195800776898
EDARADD,0.394020095684644
EDC3,-0.3083849187364227
EDC4,-0.3714638237741932
EDDM13,0.18226558243228708
EDDM3A,-0.7147100552732246
EDDM3B,-0.6863842902758577
EDEM1,-0.07073060892658933
EDEM2,-0.25745625784748905
EDEM3,0.0017167277645784296
EDF1,0.5226896081291779
EDIL3,-0.6185363507199773
EDN1,1.5581858522626812
EDN2,0.1102481300726954
EDN3,-1.5925521816612727
EDNRA,-0.29353680892220835
EDNRB,-0.4577987343358111
EDRF1,-0.04601024984689506
EEA1,-0.17999621989807668
EED,1.9942851525408383
EEF1A1,-0.05760176165558706
EEF1A2,0.7602863442312391
EEF1AKMT1,0.18391069898033718
EEF1AKMT2,-0.16584145716727994
EEF1AKMT3,0.042068219602553025
EEF1AKMT4,-0.5765668559454795
EEF1AKMT4-ECE2,-0.5811278748694222
EEF1B2,0.2580270563396221
EEF1E1,-0.5724453241236949
EEF1E1-BLOC1S5,-0.5852098452982406
EEF1G,0.013763285859377028
EEF2,0.1523677316465326
EEF2K,-0.1924613982053991
EEF2KMT,-0.6265614859257269
EEFSEC,-0.6242394405441534
EEIG1,-0.3117399480603402
EEIG2,0.32982253426191965
EEPD1,0.18277096157392636
EFCAB10,0.3160809114387877
EFCAB11,0.07831277239245749
EFCAB12,-0.8519901586725489
EFCAB13,0.26857900251120526
EFCAB14,-0.5179152918943251
EFCAB2,0.17768357897326226
EFCAB3,-1.527254536387277
EFCAB5,0.12902004702068925
EFCAB6,0.6286568736696787
EFCAB7,0.38706160226907693
EFCAB8,0.198263488040622
EFCAB9,-0.4105781882994817
EFCC1,-0.6248397336972735
EFEMP1,-0.035868422497851826
EFEMP2,-0.025326537005889715
EFHB,-0.05280895496077198
EFHC1,0.6550019163464209
EFHC2,-1.0896388118683697
EFHD1,-0.6332547002205768
EFHD2,0.9297448190752458
EFL1,1.5841530949813414
EFNA1,-0.23603148428703857
EFNA2,-0.7502582257684364
EFNA3,-0.1945174564594574
EFNA4,-0.21736678918385977
EFNA4-EFNA3,-0.22034174306825882
EFNA5,0.11897977006234403
EFNB1,0.1436878942545784
EFNB2,0.09756204139886948
EFNB3,-0.25563222451132384
EFR3A,-0.75737452544042
EFR3B,-0.02475020703864428
EFS,-1.628685912300329
EFTUD2,0.2207227266152425
EGF,-0.048776299381756816
EGFL6,0.010159880808745414
EGFL7,-0.3751979234869611
EGFLAM,1.2636790049839743
EGFR,-1.481159014716342
EGLN1,0.038498294672247635
EGLN2,0.08981039568480309
EGLN3,0.45314442381150943
EGR1,0.23754147165346629
EGR2,1.318216777445806
EGR3,-0.15180223669234527
EGR4,0.8096837112119952
EHBP1,0.43274675138077545
EHBP1L1,-0.18752153451732356
EHD1,-0.11250482273872442
EHD2,-1.2645711138167903
EHD3,0.5383117565394396
EHD4,0.5433186107668502
EHF,1.6526649956862525
EHHADH,-0.11664539984994038
EHMT1,0.4939667628872426
EI24,-0.02310175952175486
EID1,0.9632370620364832
EID2,-0.06503616841859339
EID2B,0.07424178778380996
EID3,-0.7182677753866734
EIF1,0.17155618352627577
EIF1AD,-0.24491349149333974
EIF1AX,0.05023983249772668
EIF1AY,0.2839075545019609
EIF1B,0.189989581431512
EIF2A,0.12317555914778389
EIF2AK1,0.437221060142289
EIF2AK2,-0.8590553680637645
EIF2AK3,0.35307887957037565
EIF2AK4,-0.4490216786426209
EIF2B1,0.1301131350938287
EIF2B2,0.29286180789864336
EIF2B3,-0.11824752107458547
EIF2B4,0.02531177611286184
EIF2B5,-0.042347857983672466
EIF2D,0.4390591195790927
EIF2S1,-0.10929856262675886
EIF2S2,0.36355699534270647
EIF2S3,0.5544377000596175
EIF2S3B,-0.9003249309603386
EIF3A,0.07696024816239655
EIF3B,-0.18607643547428587
EIF3C,-1.9786349819406066
EIF3CL,1.2366619353097366
EIF3D,-0.19128639362026156
EIF3E,0.7651336656603371
EIF3G,-0.15555744936948157
EIF3H,0.15548724774924283
EIF3I,0.44968383727994077
EIF3J,-0.5721042163790968
EIF3K,-0.12683871024224658
EIF3L,0.2518341930981314
EIF3M,0.5740491929517053
EIF4A1,0.9951949148838404
EIF4A2,0.2984907242838619
EIF4A3,-0.03503787663593627
EIF4B,0.4401781527177344
EIF4E,-0.1755379791415166
EIF4E1B,-0.0038204439307600035
EIF4E2,-0.03937787078659882
EIF4E3,0.4157235071365669
EIF4EBP1,-0.9421865231799127
EIF4EBP2,-0.551632047036021
EIF4EBP3,-0.9750046054463799
EIF4ENIF1,0.23097567977194133
EIF4G1,0.12492000732410613
EIF4G2,-0.0652997107008324
EIF4G3,0.5272727091106979
EIF4H,-0.26488817029132417
EIF5,0.23696283315436695
EIF5A,0.4936842246341122
EIF5A2,0.38014038956777585
EIF5AL1,3.691719965965375
EIF5B,0.5277561151805079
EIF6,-0.19727064057712385
EIPR1,0.029098072628005234
ELAC1,0.27293175379030465
ELAC2,-0.6189914821810896
ELANE,1.35880042647953
ELAPOR1,0.4426214163809168
ELAPOR2,0.8531998448479354
ELAVL1,0.36280086795593736
ELAVL2,-0.8339922945314979
ELAVL3,-0.2513207706408491
ELAVL4,1.0793251474147134
ELF1,0.13182335399992162
ELF2,-0.07748962218536892
ELF3,-1.1449810215015175
ELF4,0.026561364440668145
ELF5,-0.48117110909295013
ELFN1,-1.9472790081060674
ELFN2,0.2284578634496135
ELK1,0.1531295551209646
ELK3,1.3453659279073436
ELK4,-0.11058611956115927
ELL,0.07940172408847657
ELL2,-0.04948493305424506
ELL3,-0.37981552713877154
ELMO1,-0.3399475054812888
ELMO2,0.6567971838325586
ELMO3,-0.5707661600365339
ELMOD1,-0.31261720394956694
ELMOD2,1.0713848503028365
ELMOD3,-0.6716282371971127
ELN,-0.4746123898113124
ELOA,0.299450296802489
ELOA2,-1.1290225746856568
ELOB,0.08730484170521713
ELOC,0.1917551484061084
ELOF1,-0.04654749480956144
ELOVL1,-0.8198229690207848
ELOVL2,0.4638136153577685
ELOVL3,-0.5221514872427975
ELOVL4,-1.3431842066080293
ELOVL5,-0.3095594004823865
ELOVL6,-0.48044131805901324
ELOVL7,0.7630403338663422
ELP1,0.050727553838378014
ELP2,0.5414088384145019
ELP3,0.1261410882416074
ELP4,-0.09073088906500848
ELP5,0.7206749650944593
ELP6,0.10323753490396914
ELSPBP1,-0.8335982789384881
EMB,-0.8621064815533237
EMC1,-0.28552225452769164
EMC10,0.6906123438669327
EMC2,0.7458834273490789
EMC3,-0.09688683324026992
EMC4,-0.30776213256714025
EMC6,0.3493176066950663
EMC7,0.31051530175207853
EMC8,0.38040027512682073
EMC9,0.5679887587407841
EMCN,0.6829556364868186
EMD,0.2818590168422097
EME1,-0.6400739349638687
EME2,-0.07974755003272715
EMG1,0.14019229917102427
EMID1,-0.18570506126279263
EMILIN1,-0.7263138208896713
EMILIN2,0.6302481648963263
EMILIN3,1.3794737060605105
EML1,0.09659136094415229
EML2,0.7500709597502822
EML3,-0.6218428935474511
EML4,0.8233777521373791
EML5,-0.1323032678172198
EML6,-0.22124260194792766
EMP1,3.4509066381645037
EMP2,-0.2134638039549378
EMP3,0.11761937214955731
EMSY,0.48173668707319495
EMX1,0.3342013342538145
EMX2,0.09894197262556559
EN1,-0.5361459897139423
EN2,0.33857984565604426
ENAH,-0.5494584510431159
ENAM,-1.6401640246434208
ENC1,0.5941929166369673
ENDOD1,-0.7962599266017265
ENDOG,-0.5406502180505712
ENDOU,-0.7173070061387884
ENDOV,0.5158718047298034
ENG,-0.6872260014638298
ENGASE,0.43309213441699956
ENHO,-0.31989674589938644
ENKD1,-0.5480455438663103
ENKUR,1.1758512874862272
ENO1,-0.12883747798937284
ENO2,-0.31916660342877456
ENO3,0.8994574629302354
ENO4,0.22329081714292887
ENOPH1,0.2646119375100997
ENOSF1,-0.3377816785583523
ENOX1,0.8777931589838678
ENOX2,0.42398504932437464
ENPEP,-0.9910680910333631
ENPP1,1.257910845369624
ENPP2,0.1039748962990168
ENPP3,0.15376275244259485
ENPP4,0.9571183798999998
ENPP5,0.009491466023034634
ENPP6,0.8892219230396368
ENPP7,0.4964864182274824
ENSA,-0.23172948005332294
ENTHD1,-0.24350694709278176
ENTPD1,-1.40299854998973
ENTPD2,0.4452714343551927
ENTPD3,-0.03730298928854725
ENTPD4,-0.5018432997633222
ENTPD5,-0.054278944897306225
ENTPD6,-1.0507275605231503
ENTPD7,-0.23164624442623105
ENTPD8,1.8113986842873187
ENTR1,-0.41075302305589556
ENTREP1,-1.606298872948794
ENY2,0.31027663212164613
EOGT,0.07691068303781412
EOLA1,0.7705480192895733
EOLA2,0.7713599610285082
EOMES,0.7080098911016318
EP300,0.31174395607844296
EP400,0.5566303811710402
EPAS1,-0.15589716548509075
EPB41,-0.9902199926776367
EPB41L1,-0.760647878128107
EPB41L2,1.4376137556043986
EPB41L3,1.2578007498922514
EPB41L4A,-0.29889743261874824
EPB41L4B,-0.26436621731166654
EPB41L5,1.3829011137985407
EPB42,0.2495607178057554
EPC1,0.38775491762486114
EPC2,0.07219302182837284
EPCAM,-1.265072613847461
EPDR1,0.46326663163794013
EPG5,0.6367825286341819
EPGN,2.027957931393561
EPHA1,-0.16486216345845717
EPHA10,0.3526202728912936
EPHA2,0.07870917718769588
EPHA3,-0.20991390858994619
EPHA4,0.1600249702101073
EPHA5,-0.07704117800303001
EPHA6,-1.361294538287726
EPHA7,1.190019627734476
EPHA8,-0.3560940252655167
EPHB1,1.0846630790868739
EPHB2,0.142797511415367
EPHB3,0.6262389856305774
EPHB4,-0.07662134516854865
EPHB6,1.9035004714066723
EPHX1,-1.1321231983613937
EPHX2,-0.3370438882329845
EPHX3,-0.601327069318883
EPHX4,-1.2142589138707505
EPM2A,-0.10701022180634068
EPM2AIP1,0.023720156280676363
EPN1,0.28347455327233995
EPN3,-0.9002228648657886
EPO,0.13221526284284438
EPOR,-0.40905119383762845
EPPIN,1.173126195946784
EPPIN-WFDC6,0.9640729238457174
EPPK1,-0.4844828759276083
EPRS1,0.3371337705907447
EPS15,0.22712612933724197
EPS15L1,-0.5876893363794702
EPS8,0.32001206736349497
EPS8L2,-0.4428781007921012
EPS8L3,-0.4666306796007751
EPSTI1,3.1464645955368473
EPX,0.0669345634301246
EPYC,0.4425880424674564
EQTN,-0.2132447545013647
ERAL1,-0.03641406425008009
ERAP1,-0.7085692234132823
ERAP2,-1.2519275873983764
ERAS,1.5252138056186921
ERBB2,-0.06979207411930677
ERBB3,0.2224604516066448
ERBB4,1.0435037049494744
ERBIN,-0.36514588424938593
ERC1,0.08911987003918576
ERC2,1.0051454118930794
ERCC1,-0.015858776527356788
ERCC2,0.08400943113691683
ERCC3,0.17205020589514008
ERCC4,0.15786854148895202
ERCC5,0.021657533173206733
ERCC6,0.4098464285413954
ERCC6L,-0.48589409895888114
ERCC6L2,0.4954464307952706
ERCC8,-0.09905901920622862
EREG,1.7677314380101685
ERF,0.28601413483162696
ERFE,-0.4387254231929578
ERFL,-0.47982733857051574
ERG,-0.22005997459324217
ERG28,-0.6656375795970875
ERGIC1,0.4878277541992455
ERGIC2,0.6331766790041531
ERGIC3,-0.16340400327898896
ERH,0.010504260516599473
ERI1,0.17641508166062314
ERI2,0.21188752282965728
ERI3,-0.22797627750546967
ERICH2,0.5462495200898496
ERICH3,1.173071128846627
ERICH4,0.48421804002951735
ERICH5,-0.28371745074684335
ERICH6,0.2758614561482733
ERICH6B,-0.15526328643079268
ERLEC1,0.5957425465178092
ERLIN1,-0.658469038671611
ERLIN2,0.2019837896051042
ERMAP,-0.17772741661607983
ERMN,0.45217271680665205
ERMP1,0.6723376784092698
ERN1,0.19733962958104145
ERN2,-0.4191570412740407
ERO1A,-0.38351775710972413
ERO1B,-0.6248129599670391
ERP27,-0.17189168585967796
ERP29,-0.266005175351296
ERP44,0.3485824304312488
ERRFI1,0.30410760666188763
ERV3-1,-0.14160888805183136
ERVFRD-1,0.6317570687681792
ERVH48-1,-0.28804708205966323
ERVK3-1,0.5961235742983866
ERVMER34-1,-0.44755116684213525
ERVV-1,-0.8308822147640936
ERVV-2,0.08365809394607782
ERVW-1,-0.4363569980074807
ESAM,-0.025489992078143064
ESCO1,-0.1442074693489479
ESCO2,0.34588751313253097
ESD,-0.26388680671202946
ESF1,0.5792032653607997
ESM1,-0.24228448260729551
ESPL1,-0.5570937100610189
ESPN,0.590338866264967
ESPNL,-0.7278263728245988
ESR1,-1.173071128846627
ESR2,-0.6952427980201126
ESRP1,0.5274504550815332
ESRP2,-0.042965576282788964
ESRRA,-0.4350058895276421
ESRRB,-1.3104045030505485
ESRRG,-1.1650612597173864
ESS2,0.30270658994931576
ESX1,-0.7026185368813667
ESYT1,0.46169314298551045
ESYT2,-0.13777485094316422
ESYT3,-1.0007061293307127
ETAA1,0.03762283204717232
ETDB,-3.0924577869751975
ETDC,0.16298532362722717
ETF1,0.4437350071274633
ETFA,-0.32375810087236223
ETFB,0.13154686731186027
ETFBKMT,-1.1317152003829993
ETFDH,-0.27349771799449485
ETFRF1,0.42952332235856017
ETHE1,0.32934724742342225
ETNK1,0.09544157142822796
ETNK2,-0.4752527083606537
ETNPPL,-1.4160950405527228
ETS1,0.08715340421777662
ETS2,0.40666062689908866
ETV1,0.13358352955803943
ETV2,-0.29643186835388224
ETV3,-0.05410578559592949
ETV3L,0.004057311663918206
ETV4,-0.28883834417443477
ETV5,0.22492930880015005
ETV6,0.36336938367295746
ETV7,-0.3937712773366553
EVA1A,0.301655899383484
EVA1B,0.9530555712118337
EVA1C,-0.47805645561862875
EVC,-1.2650995186970013
EVC2,-1.1526683578907038
EVI2A,-0.25276998572682485
EVI2B,-0.7648080198212206
EVI5,0.2858817846110018
EVI5L,0.4753939513436214
EVL,-0.42276439536575605
EVPL,-1.1317313084689953
EVPLL,-0.9397541981903428
EVX1,-0.1593892492201931
EVX2,-0.3079406288052975
EWSR1,-0.23177344549083934
EXD1,-0.035052034924511144
EXD2,0.6735611032231097
EXD3,-1.3688458753737662
EXO1,0.3317202680337652
EXO5,0.31011668695749495
EXOC1,0.33301677158218057
EXOC1L,2.27595104344777
EXOC2,-0.06595860321672298
EXOC3,-0.2589895497749515
EXOC3L1,-0.3206749977075902
EXOC3L2,0.2953383924041709
EXOC3L4,-0.40097573400764663
EXOC4,0.761957969315809
EXOC5,0.36208136021631976
EXOC6,0.3440944866135846
EXOC6B,0.4050597623500556
EXOC7,-0.9822714841008859
EXOC8,-0.42698347455915275
EXOG,0.5188649847804188
EXOSC1,0.5363806175848831
EXOSC10,-0.3413709042292328
EXOSC2,0.019316838751398002
EXOSC3,-0.6712349906336702
EXOSC4,0.08590671023272511
EXOSC5,0.2300711635471293
EXOSC6,-0.17138628439722314
EXOSC7,0.15809975337668059
EXOSC8,0.17407468232040335
EXOSC9,-0.3417845160244899
EXPH5,-0.3804163576061117
EXT1,0.25675180891434635
EXT2,1.287013801050014
EXTL1,-0.3643523969059954
EXTL2,0.17380644450211902
EXTL3,0.09389727070553056
EYA1,0.0
EYA2,0.08151563275141194
EYA3,0.5619649396078148
EYA4,0.6752377554251319
EYS,-2.252396294308788
EZH1,-0.004099609650368485
EZH2,0.21580692424316927
EZHIP,0.7604894200058983
EZR,-0.44044693942028434
F10,0.8900081445594448
F11,-0.18120331825636316
F11R,-0.485624656468959
F12,-0.21271502392538377
F13A1,-0.9031846565984678
F13B,-0.6561321611464744
F2,0.054411119301095434
F2R,-0.49308086621960345
F2RL1,-0.5698495074494602
F2RL2,-0.5623305899961095
F2RL3,0.18236791317933432
F3,0.10639652430628976
F5,0.5530896910866702
F7,0.08871829500852282
F8,0.5262660711336018
F8A1,1.173071128846627
F8A3,-2.0486826274421492
F9,-2.004245653119992
FA2H,-0.4045794875891726
FAAH,-0.44260432240837966
FAAH2,2.5321553436687285
FAAP100,-0.7100265800232166
FAAP20,-0.5208326954206549
FAAP24,0.36168297852692355
FABP1,-0.7555075753707319
FABP12,-0.8944305162946611
FABP2,0.6636387345154662
FABP3,-0.32789378657600543
FABP4,0.852549269357228
FABP5,-0.056668681109530716
FABP6,0.25356951755632673
FABP7,0.4891197098037723
FABP9,4.178685064836303
FADD,-0.05404045183095896
FADS1,-1.3445900948797331
FADS2,-0.3891447636581926
FADS3,0.4578480309566628
FADS6,-1.5104854004206276
FAF1,0.46007263528814146
FAF2,0.373885243474545
FAH,0.8740874976570641
FAHD1,-0.1733345763628389
FAHD2A,-0.654053054498168
FAHD2B,1.9433490154269757
FAIM,-0.7375420147497604
FAIM2,0.2006761906645782
FAM107A,-0.331852943090681
FAM107B,1.1066442297481442
FAM110A,0.7462292788325491
FAM110B,1.9650853951882699
FAM110C,-1.047535095293
FAM110D,-0.9862078025260488
FAM111A,-0.21824296999890969
FAM111B,-0.2954623283627056
FAM114A1,0.281832920062051
FAM114A2,-0.25135399563446814
FAM117A,0.5161900919794267
FAM117B,0.23024218457015388
FAM118A,0.010137721174727332
FAM118B,1.0561294613484065
FAM120A,0.3397211120238124
FAM120AOS,0.18412788060267626
FAM120C,0.7458411290884244
FAM124A,0.24225532088041823
FAM124B,-0.12462685515835892
FAM131A,-0.07857741889242309
FAM131B,0.20735177125212198
FAM131C,-0.20187800023225422
FAM133A,0.33243475951070617
FAM133B,0.06599838648199308
FAM135A,1.446319697138605
FAM135B,0.5038167151552375
FAM136A,-0.4576781844380471
FAM13A,0.2587889612221348
FAM13B,-0.67634557779607
FAM13C,-0.7419716490346815
FAM149A,-0.15324628379710376
FAM149B1,0.1998719097464443
FAM151A,0.8975920661023541
FAM151B,-0.5551042611943711
FAM153A,1.173071128846627
FAM153CP,-0.6313594948152135
FAM156A,0.2208937804991531
FAM156B,2.204100636801317
FAM161A,-0.35607611912209247
FAM161B,-0.24183343063844864
FAM162A,-0.007915515549587582
FAM162B,0.3585742288868621
FAM163A,0.26672631929036106
FAM163B,0.8459005405367729
FAM167A,-0.8961987650882475
FAM167B,-0.5043529032064171
FAM168A,0.32268858066889283
FAM168B,0.11446684863807155
FAM169A,-0.13979682716170627
FAM170A,-0.5445661643770467
FAM170B,1.1828836941582863
FAM171A1,2.396252076708968
FAM171A2,-0.8385599197835744
FAM171B,0.39144451805541536
FAM174A,0.1919346496410208
FAM174B,0.12128145546378155
FAM174C,0.30045717704678987
FAM177A1,0.6450468023535532
FAM177B,-0.34799005062515276
FAM178B,0.14893039125501045
FAM180A,-0.17951776425452598
FAM180B,-0.5162603580677045
FAM181B,-0.5091761737845204
FAM184A,0.2975862730884856
FAM184B,0.2999417435783934
FAM185A,0.620196563447974
FAM186A,0.531465341208558
FAM186B,-0.06614015583180499
FAM187A,-0.49626454491132765
FAM187B,-1.8803212989805838
FAM193A,-0.11845249804740643
FAM193B,-0.12409262423870393
FAM199X,0.20789185161188506
FAM200A,0.1503901217106529
FAM200B,0.3177729367715636
FAM200C,-0.021334121175955456
FAM204A,0.620324353938086
FAM209A,0.3780322098885158
FAM209B,0.23336676515953708
FAM20A,-0.7767186961995285
FAM20B,-0.1657664324455368
FAM210A,-0.20955696009391556
FAM210B,0.033977329450180616
FAM216A,0.022339960559243366
FAM216B,-0.0263714385745476
FAM217A,-0.5198374770068014
FAM217B,0.11329867137106664
FAM219A,-0.238256757995031
FAM219B,-0.06362993754350832
FAM220A,-0.7230343693835244
FAM221A,0.5619834892453786
FAM221B,-0.33822940657702594
FAM222A,0.005265781589428586
FAM222B,0.06119516125818025
FAM227A,0.18328330674749926
FAM227B,0.14114540304445855
FAM228A,-0.8231525119904783
FAM228B,-0.1923138094142005
FAM229A,-0.5014475201191158
FAM229B,0.48017915416368995
FAM234A,0.4547293161855914
FAM234B,-0.30538568038399283
FAM236B,1.9050119415529976
FAM236C,0.6313594948152135
FAM237A,0.9168198060807076
FAM237B,1.085084422942592
FAM240A,-0.4073358868656065
FAM240B,0.048295639460023354
FAM241A,-0.2238580561093575
FAM241B,0.30949944050316747
FAM246A,1.0149991740776347
FAM246B,1.1477599497718525
FAM246C,-0.06234284020209341
FAM24A,0.6922810142320569
FAM24B,0.5256079650297707
FAM25A,-1.5402309342699005
FAM25C,0.6383275554406918
FAM25G,-1.041826108346815
FAM32A,0.4683485840001622
FAM3A,-0.3997315615833532
FAM3B,1.215069948974012
FAM3C,1.3716986531199167
FAM3D,0.45575639418539393
FAM43A,-0.10588008860666714
FAM43B,-0.45492940147125055
FAM47A,1.404397455592774
FAM47C,1.173071128846627
FAM47E,1.1505991789891754
FAM47E-STBD1,-0.1846947914326662
FAM50A,-0.271275353244564
FAM50B,1.1292631688270842
FAM53A,-0.9610574236794234
FAM53B,-0.20057823041728673
FAM53C,-0.5554384617925971
FAM72A,0.3392681177545458
FAM72B,0.5639920331635935
FAM72D,1.6741497313980132
FAM76A,-0.9704769209178004
FAM76B,0.30179760049440496
FAM78A,-0.5153171607692784
FAM78B,1.4802280802720105
FAM81A,0.07156759689361214
FAM81B,-0.7390089903364634
FAM83A,-0.4574986724606457
FAM83B,0.0
FAM83C,-0.7802621635005763
FAM83D,-0.4322476553470862
FAM83E,-0.8479695379406382
FAM83F,0.05526709199540569
FAM83G,-0.005875713394411397
FAM86B1,0.1014705118328103
FAM86B2,1.2228207858826865
FAM89A,-0.2879342281060596
FAM89B,0.41094789000247056
FAM8A1,0.5681461301941759
FAM90A1,-1.3536379243967585
FAM90A13,0.5563970399552804
FAM90A20,0.7705229272774625
FAM90A27P,-1.0505696722980242
FAM91A1,0.7660661908089081
FAM98A,0.5593242771808049
FAM98B,-0.11545376646996308
FAM98C,0.14019185881394658
FAM9A,-1.408452111819136
FAM9B,-1.173071128846627
FAM9C,0.4769077500868852
FANCA,-0.21378328011357484
FANCB,0.051265597695422827
FANCC,0.12641027334357635
FANCD2,-0.4152986532749723
FANCD2OS,0.2760945067650764
FANCE,-0.03997499389042947
FANCF,0.1328835269250841
FANCG,0.019611157785450306
FANCI,-0.1886760551155433
FANCL,0.8094687548592475
FANCM,0.42389277815122295
FANK1,0.4707291193385986
FAP,-1.4478923878265246
FAR1,-0.19803901630617338
FAR2,0.46152571158184663
FARP1,0.4344819855914346
FARP2,-0.457413075091202
FARS2,0.20950053405045654
FARSA,0.2140820704788191
FARSB,-0.34172097707361626
FAS,0.5549858179803926
FASLG,1.2605590310197017
FASN,-0.9359893151921734
FASTK,-0.18887927921744563
FASTKD1,0.17088190617621368
FASTKD2,0.858518882652678
FASTKD3,0.5693308336358998
FASTKD5,-0.21752295582625214
FAT1,0.4153380072487911
FAT2,0.4234507471402648
FAT3,-2.2404730887936934
FAT4,1.271147922295823
FATE1,-1.07377452959259
FAU,0.7724481199587245
FAXC,1.8744718269648803
FAXDC2,0.09373187834112162
FBF1,0.0018805255020022393
FBH1,-0.2982264106095851
FBL,-0.08286603412722959
FBLIM1,-0.6911495499558206
FBLL1,-0.5701776319050076
FBLN1,-0.14468179386929542
FBLN2,-0.5241889728164137
FBLN5,-0.7964976655800509
FBLN7,-0.9279345085621005
FBN1,2.1700626240014733
FBN2,-1.2546812372641494
FBN3,-1.1658629401639944
FBP1,-0.35238569891405064
FBP2,-1.2765937004077084
FBRS,1.281102379832947
FBRSL1,0.20081769107076197
FBXL12,-0.07518224364959103
FBXL13,0.25746372436514253
FBXL14,0.058867141318267535
FBXL15,0.22100374188081817
FBXL16,-0.2578098401796656
FBXL17,0.09027156961467586
FBXL18,0.3611075259312342
FBXL19,0.2683578555338353
FBXL2,-0.3189921175523246
FBXL20,0.5002092777693892
FBXL22,-0.16723536513913873
FBXL3,0.14663957203157763
FBXL4,-0.23457800727210576
FBXL5,0.3182679190653377
FBXL6,-0.4015808304207984
FBXL7,-1.527254536387277
FBXL8,-0.015185683382214155
FBXO10,-0.017647869316633424
FBXO11,0.20356657530151256
FBXO15,0.030159555608667787
FBXO16,1.0412802217592487
FBXO17,0.4467748295900381
FBXO2,-0.7172702341024209
FBXO21,0.6000361862118107
FBXO22,-0.2684351504021887
FBXO24,-0.5299945377436779
FBXO25,-1.1606720061532436
FBXO27,0.6156599616776172
FBXO28,0.1541592494996511
FBXO3,0.39337056996802167
FBXO30,0.12284586325855518
FBXO31,-0.06211851172788929
FBXO32,-0.9287117190200312
FBXO33,0.9263675471071062
FBXO34,-0.3785856190262038
FBXO36,0.8195011280921607
FBXO38,0.39991475578923286
FBXO39,0.8193160282794276
FBXO4,0.06184383698152596
FBXO40,-0.16665820366027662
FBXO41,-0.7011888470995102
FBXO42,-0.24024800594522855
FBXO43,0.11337826391858696
FBXO44,0.026547475868585302
FBXO45,-0.14173945489921946
FBXO46,0.6642006809735908
FBXO47,0.24122401806778432
FBXO48,0.660218427403827
FBXO5,0.11256328116636816
FBXO6,0.3432523735237531
FBXO7,-0.055682153310645965
FBXO8,0.2779241420304479
FBXO9,0.1615317226251048
FBXW10,1.845863692191342
FBXW10B,-0.6843304210801033
FBXW11,0.34888753046685483
FBXW12,-0.7593717701189368
FBXW2,0.14861072225424765
FBXW4,-0.569556980458449
FBXW5,0.2622245710472111
FBXW7,0.16677183780992433
FBXW8,-0.17823129848006314
FBXW9,-0.29376975833634056
FCAMR,0.7864261199189687
FCER1A,-0.06307882323083347
FCER1G,-0.4523672939209411
FCER2,-0.4321973395124263
FCF1,0.41716660970246044
FCGBP,-0.2133132911572837
FCGR1A,0.3689622972246188
FCGR2A,1.2547591818802624
FCGR3A,-0.8050896362096481
FCGR3B,1.640465448886054
FCGRT,-0.6602688910111688
FCHO1,-0.2243937998830554
FCHO2,0.5428119725218105
FCHSD1,-0.6568656954717279
FCHSD2,0.06068882702884082
FCMR,-0.4221113249483399
FCN1,-0.7258854076881778
FCN2,-1.845233418942918
FCN3,0.02299166988739265
FCRL1,-0.28413405991215895
FCRL2,-0.4915959489801295
FCRL3,1.443968979159029
FCRL4,0.4512030614800183
FCRL5,0.26981802996224125
FCRL6,-0.18312967341580644
FCRLA,-0.4117849638060598
FCRLB,-0.10296211663145416
FCSK,0.017568554023745797
FDCSP,-1.557744662617334
FDFT1,-0.2059280174257605
FDPS,-0.9241474241690666
FDX1,-0.08086817128377444
FDX2,-0.08456729843718014
FDXACB1,0.12039319055295072
FDXR,0.3460731679851863
FECH,-0.19120118722879953
FEM1A,-0.21211759548264109
FEM1B,0.3162057441800932
FEM1C,0.034266179890491966
FEN1,-0.3886849674268733
FER,0.3138211685329242
FER1L5,0.2694040998844696
FER1L6,-0.5615741468553554
FERD3L,-1.1783386075397089
FERMT1,0.38527407827485904
FERMT2,2.624475976955759
FERMT3,0.09154173518971209
FERRY3,0.0451075854786227
FES,-0.704414235235594
FETUB,-0.09563024110093801
FEV,-0.023044809126181065
FEZ1,0.4753893143315784
FEZ2,-0.7498052418443105
FEZF1,0.9358713820934821
FEZF2,-0.5350385154989867
FFAR1,0.27967580330870134
FFAR2,0.49173091807436153
FFAR3,-0.5983343944335325
FFAR4,-1.22239332467125
FGA,-3.6696599734634168
FGB,-0.08851329646237693
FGD1,-0.21626890528952128
FGD2,0.06173523808762604
FGD3,-0.9213179494803911
FGD4,-0.47529606399023255
FGD5,0.269969643674612
FGD6,0.37112187899503946
FGF1,-0.9623778347506144
FGF10,0.5976753286319427
FGF11,0.08335670595841216
FGF12,-3.3111487287174293
FGF13,-3.0452612245633084
FGF14,-0.7498052462152689
FGF16,-1.399369544388098
FGF17,-0.45885089058178674
FGF18,0.6856103186361978
FGF19,0.3359593600648199
FGF2,-1.5596548041994813
FGF20,0.20242132267511193
FGF21,-0.8427769375619122
FGF22,0.5120670901644684
FGF23,0.052084553299997005
FGF3,1.1237222467221315
FGF4,-0.09708875214021469
FGF5,0.20873481769607768
FGF6,-1.5346643813708218
FGF7,1.707410257266152
FGF8,-0.40392576425268567
FGF9,-0.41456507252190056
FGFBP1,-0.5139800745941331
FGFBP2,-0.514091305683769
FGFBP3,-0.5938957978475601
FGFR1,0.5359590505662709
FGFR1OP2,-0.04922408246894072
FGFR2,-1.2967843544683868
FGFR3,-0.493391851256489
FGFR4,-0.3686153171588811
FGFRL1,0.0872950117970861
FGG,-0.0743132077534896
FGGY,0.30656074662714916
FGL1,0.7490645873861428
FGL2,0.42390753854107655
FGR,-1.1545607087597654
FH,0.5220974552523181
FHAD1,-0.5636344020048105
FHDC1,-0.3064051581631702
FHIP1A,0.05429506183349897
FHIP1B,-0.13953561424319272
FHIP2A,-0.22610368534844172
FHIP2B,-0.5025279815314985
FHIT,0.21311666298932913
FHL1,0.30482527781738333
FHL2,-0.9247062707745997
FHL3,-0.28191593952147276
FHL5,0.506093249300692
FHOD1,-0.2569475937611947
FHOD3,0.8472854708924269
FIBCD1,-0.7201549431636312
FIBIN,0.9345125808834985
FIBP,-0.2697283669818149
FICD,-0.2563955252330845
FIG4,0.011059187852918484
FIGLA,-0.8978203407542727
FIGN,1.1140757912824995
FIGNL1,-0.7889750710581698
FIGNL2,0.003764146516136435
FILIP1,0.3553887284524595
FILIP1L,0.6532864551081733
FIP1L1,0.6893122435723584
FIRRM,-0.4766362818519413
FIS1,0.4225435285469594
FITM1,-0.4485651010689655
FITM2,0.11840032752196183
FIZ1,0.04738901674024243
FJX1,0.7180421242888234
FKBP10,0.09172370006336883
FKBP11,0.047326972533443534
FKBP14,-0.20759423666299526
FKBP15,0.5156643436694148
FKBP1A,0.5676718868219139
FKBP1B,-0.3703153844121858
FKBP1C,-1.5627438871139216
FKBP2,0.3501539963889897
FKBP3,0.4478643416675978
FKBP4,-0.25035972443769605
FKBP5,-1.1345129753897916
FKBP6,0.2880422564577391
FKBP7,0.48491874619653386
FKBP8,0.5645672604991478
FKBP9,2.355488844238246
FKRP,-0.3847253637884984
FKTN,0.23627228803750278
FLACC1,-0.26725662881958656
FLAD1,0.0627813609706811
FLCN,-0.08119080144318769
FLG,-0.429625438378353
FLG2,0.7271940823290796
FLI1,0.6651330767012211
FLII,-0.4482204312145375
FLNA,0.4080109365896618
FLNB,-0.14088134037186428
FLNC,-1.3356836431878265
FLOT2,0.3469574152834256
FLRT1,-0.48341499351481737
FLRT2,0.07774527850705604
FLRT3,-0.03297736127315343
FLT1,0.18034414996422066
FLT3,0.08936551875103671
FLT3LG,-0.44515965365731525
FLT4,-0.22067913033085967
FLVCR1,-0.4751861826917714
FLVCR2,1.3691447348927839
FLYWCH1,0.47845636446509476
FLYWCH2,1.0969042777227946
FMC1,0.9599196054153185
FMC1-LUC7L2,0.7660630793760612
FMN1,-1.7142007464840918
FMN2,-1.014081009066841
FMNL1,0.3138501492740233
FMNL2,-0.0889769467202064
FMNL3,1.4513718712860737
FMO1,-0.6204507885858535
FMO2,-1.6619097019339004
FMO3,0.5675544125985834
FMO4,0.4584204626590217
FMO5,0.18512298207081512
FMOD,-0.6828431373906556
FMR1,0.14855433222500491
FMR1NB,-0.655998644814894
FN1,2.869068489412272
FN3K,-0.30768272004307134
FN3KRP,-0.03290216820446723
FNBP1,0.4893052837224485
FNBP1L,0.3389410270044245
FNBP4,-0.2285832936963672
FNDC1,0.06787559238004506
FNDC10,0.2802948482280595
FNDC11,0.10126623544433944
FNDC3A,-0.3961249370265225
FNDC3B,1.4515080599997183
FNDC4,-0.5567241952473061
FNDC5,-0.619771700755998
FNDC7,1.8539410676975945
FNDC8,-0.7636243677270993
FNDC9,0.22989314174141895
FNIP1,-0.49599952107246326
FNIP2,0.7172669485410299
FNTA,-0.8837146955529848
FNTB,0.04571930274244851
FOCAD,-0.02394573614495199
FOLH1,-1.1387360195748875
FOLR1,-1.4095319221243936
FOLR2,0.2625791859927675
FOLR3,0.21945722503177922
FOS,0.1486658267639005
FOSB,0.694266059556663
FOSL1,0.7847019268881449
FOSL2,0.2562858892115045
FOXA1,-0.13854697699226615
FOXA2,0.5073700483807857
FOXA3,0.413862402994722
FOXB1,0.8023647498756576
FOXB2,0.3649346813558877
FOXC1,0.5110946167084296
FOXC2,0.41383923419936597
FOXD1,0.07932891399601416
FOXD2,-0.8950730484024545
FOXD3,0.23146874675310053
FOXD4L1,0.7840606889059004
FOXD4L4,-0.6583861673918505
FOXD4L5,-0.7026185368813667
FOXE1,-0.39533245838515774
FOXE3,-0.41823264934441895
FOXF1,-0.8039250230982405
FOXF2,-0.39271635159872637
FOXG1,1.3610047042732172
FOXH1,-0.42783974646825884
FOXI1,-0.2566486975041651
FOXI2,-0.49925602257721624
FOXI3,-0.5587516732409343
FOXJ1,-0.0075188153324374785
FOXJ2,-0.6154279439268944
FOXJ3,0.3346557283934919
FOXK1,0.3897651205513024
FOXK2,-0.6204680444415258
FOXL1,0.5594279391247755
FOXL2,-0.8255357985204962
FOXL2NB,-0.8318777187077031
FOXL3,-1.0200116382572384
FOXM1,-0.6217205270894537
FOXN1,1.143530762431229
FOXN2,-0.15128048055789955
FOXN3,-0.1714512474418517
FOXN4,-0.4337654812410908
FOXO1,0.7362933503504918
FOXO3,-0.13167209995184725
FOXO3B,0.23018455887531886
FOXO4,-0.4361413099495617
FOXO6,-0.4516298134469008
FOXP1,0.8630687629765543
FOXP2,-0.502295540371036
FOXP3,0.057460120812958204
FOXP4,-0.10183496177092222
FOXQ1,0.3975528537719953
FOXR1,-0.7476480661668291
FOXR2,1.645899354617353
FOXRED1,0.44192894487219947
FOXRED2,-0.21991152704130768
FOXS1,-0.7148539303635777
FPGS,-1.0806938629777965
FPGT,0.07154078873587721
FPGT-TNNI3K,0.07299414515118019
FPR1,-0.4697612472311036
FPR2,-1.003938032342414
FPR3,-0.059501125482936956
FRA10AC1,0.5869906820407098
FRAS1,-0.2625980005004489
FRAT1,0.3855376899405858
FRAT2,-0.3505289962931921
FREM1,0.4293124906239547
FREM2,0.34694700477313867
FREM3,0.707225299027173
FREY1,-0.5263391166077742
FRG2B,0.7026185368813667
FRG2C,-0.04975315182297457
FRK,1.085632311221858
FRMD1,0.18357998704363926
FRMD3,0.47018442520248044
FRMD4A,-1.025787244804939
FRMD4B,-0.12698577848816942
FRMD5,-0.30014450593698094
FRMD6,-0.9423536549819355
FRMD7,-0.8225053759889527
FRMD8,-0.5911382603314994
FRMPD1,0.10614134686681465
FRMPD2,-0.3943142982694822
FRMPD3,-1.8161638354828933
FRMPD4,-1.8113986842873187
FRRS1,0.9495954814713945
FRRS1L,-0.6377183429432798
FRS2,0.5967107174573569
FRS3,-0.13865351364022782
FRY,-0.2058795969485643
FRYL,-0.06752747327031017
FRZB,0.5893415293455675
FSBP,0.4933924177458051
FSCB,0.8646274814437045
FSCN1,1.5438751768612309
FSCN2,-0.4731341676488776
FSCN3,0.17708854572703148
FSD1,-0.3024871108837517
FSD1L,-0.09503284526274847
FSD2,0.356093185989968
FSHB,2.25239627626134
FSHR,0.35418340754065003
FSIP1,-0.3519899193422207
FST,0.03463591762480633
FSTL1,-0.07876756024609088
FSTL3,1.7248252006661877
FSTL4,0.46585832753399214
FSTL5,1.7802224318466089
FTCDNL1,1.3943221987989567
FTH1,0.12337736424622614
FTHL17,3.073763217873749
FTL,-0.8043477766190832
FTO,0.136572898588895
FTSJ1,0.2646554167849078
FTSJ3,-0.311137276581285
FUBP1,0.1303257757329197
FUBP3,0.21038163318449987
FUCA1,0.29302387581513445
FUCA2,-0.4390897570682637
FUNDC1,0.7595902634597024
FUNDC2,0.4212187844468678
FUOM,-0.7219972228923648
FURIN,0.28548155906956385
FUS,0.2968196674987662
FUT1,-0.7955606775164035
FUT10,0.4415535738620089
FUT11,-0.31153725853029
FUT2,-0.4225641475188969
FUT3,-0.743528902183971
FUT4,0.0684013174705318
FUT5,0.8195131161261731
FUT6,-0.34529639062251316
FUT7,0.030133244619274913
FUT8,0.272644705772652
FUT9,0.22171698562720787
FUZ,0.2547834151353805
FXN,1.007617005025342
FXR1,0.47263016078922904
FXR2,0.33988384803942395
FXYD1,-0.2557118686357912
FXYD2,0.08768483526632842
FXYD3,-0.19058982126554405
FXYD4,-0.6804723313185421
FXYD5,-0.18725939694480426
FXYD6,-0.27927663113585005
FXYD6-FXYD2,0.11739240891936265
FXYD7,0.6826805525478312
FYB1,1.348355306050372
FYB2,-0.12808667263527385
FYCO1,-0.6259023370969738
FYN,0.5715436671419751
FYTTD1,0.11017479107108041
FZD1,0.30777520616963683
FZD10,-0.6221172911215864
FZD2,-0.12056419592378065
FZD3,0.7205601339824463
FZD4,1.1472061830274538
FZD5,-0.27934773791998135
FZD6,-0.24576890962134224
FZD7,0.09374122113461869
FZD8,0.6516076484011308
FZD9,-0.8868350485059197
FZR1,0.17969432284126796
G0S2,0.2848975429757947
G2E3,0.12498138174541285
G3BP1,-0.23719176531874542
G3BP2,-0.1804058426810724
G6PC1,0.2475425987437605
G6PC3,-0.5266071313356111
G6PD,0.18725187688038636
GAA,-0.17023031393686905
GAB1,-0.28321394003059314
GAB2,-0.49352263889251513
GAB3,2.6423885472707456
GAB4,-1.018737944266014
GABARAP,0.8610477431949013
GABARAPL1,0.2713017975308052
GABARAPL2,0.6250106208547472
GABBR2,0.8271639552081369
GABPA,0.1849643336145106
GABPB1,0.15574874968272212
GABPB2,-0.26391687638203365
GABRA1,-1.7177226475644003
GABRA2,-1.0690476818117212
GABRA3,0.6636387345154662
GABRA4,-2.4806162591184755
GABRA5,0.5775772613909369
GABRA6,0.03793345541569382
GABRB1,-2.2702361363198316
GABRB2,0.9264178457330078
GABRB3,0.05509771301026117
GABRD,-0.378873496802327
GABRE,0.4098015680441286
GABRG1,-0.17298522461019772
GABRG2,-0.0752378731061567
GABRG3,-1.280191917585353
GABRP,-0.4290744045063748
GABRQ,-1.1209016557704015
GABRR1,-0.33070462009482465
GABRR2,0.16297440458353268
GABRR3,1.173071128846627
GAD1,1.8181906900042055
GAD2,-0.5816426093594806
GADD45A,0.04963137363312642
GADD45B,0.36454709684540365
GADD45G,1.8727170978382106
GADD45GIP1,0.3649432300105806
GADL1,1.5139266080663683
GAGE10,0.13413694051785408
GAGE12J,0.371812362105167
GAGE13,-1.173071128846627
GAGE2A,0.7705229272774625
GAGE2E,1.9170470320617548
GAK,0.28526047603936755
GAL,0.04421087539007418
GAL3ST1,-0.8640808164086557
GAL3ST2,-0.3656239051907343
GAL3ST3,0.42283766393850075
GAL3ST4,-0.7080941774968623
GALC,1.1691729304443694
GALE,0.15624180224932083
GALK1,-0.6766288445121031
GALK2,0.3554939776777952
GALM,-0.22057626206488168
GALNS,0.07805541661982884
GALNT1,0.46453527159972285
GALNT10,-0.18957538257364348
GALNT11,-0.7778631303687382
GALNT12,0.04691241982549932
GALNT13,-3.15095215247538
GALNT14,1.6704836751923533
GALNT15,0.8997178738855808
GALNT16,-0.3224099050423176
GALNT17,0.0981809390844881
GALNT18,-0.2103519603966444
GALNT2,-0.43694350302590446
GALNT3,-0.7379447038603988
GALNT4,-0.12316874069224681
GALNT5,-0.4280397726494542
GALNT6,-0.29277921343359337
GALNT7,0.05363882913438234
GALNT8,-0.8045450991231216
GALNT9,-0.02536504181953847
GALNTL5,0.40659334872364206
GALP,0.34554107270343803
GALR1,-0.5768812131794316
GALR2,-1.1300115510791056
GALR3,-0.3712505384353033
GALT,-0.7819622208248949
GAMT,-0.36989633994136795
GAN,-0.21317062035875756
GANAB,-0.5139352843626903
GANC,0.08720350683752542
GAP43,0.7552293277421803
GAPDH,0.1565846288728352
GAPDHS,0.2395210253614393
GAPT,0.2525428535353429
GAPVD1,0.2714297815396538
GAR1,-0.07037345462659106
GAREM1,-0.29174907974356046
GAREM2,-0.652565379157365
GARIN1A,0.08272631721347684
GARIN1B,0.9518115644607353
GARIN2,0.37330596664779647
GARIN3,0.7573150374627122
GARIN4,0.11001815309512764
GARIN5A,0.64684946756705
GARIN5B,0.4042849448399795
GARIN6,0.5139800511324509
GARNL3,-0.08363721781208278
GARS1,-0.6975907368904465
GART,0.26782563855953345
GAS1,1.5843314539425355
GAS2,0.1568236421306577
GAS2L1,-0.705861164973459
GAS2L2,0.28627888143678343
GAS2L3,0.7207566683011292
GAS6,0.16305846442921862
GAS7,0.6268804066375313
GAS8,-0.9616025195918678
GASK1A,-0.5790965230668563
GASK1B,-0.9202412546008278
GAST,-0.198812880454036
GATA1,0.7118260547648139
GATA2,0.7036642711076606
GATA3,0.9262068999131643
GATA4,-0.040357755162537506
GATA5,-1.527491054782327
GATA6,1.9239894772173827
GATAD1,-0.20683021702283266
GATAD2A,-0.3806590658666189
GATAD2B,0.4482074768936739
GATB,0.3267928636889028
GATC,0.3345258701751028
GATD1,-1.2870725556362022
GATD3,2.017407356726823
GATM,-0.19223394181681508
GBA2,-0.3256769783639881
GBA3,0.889846572365948
GBE1,-0.12559375129555583
GBF1,-0.07101903050409897
GBGT1,0.4131976480860643
GBP1,1.1705824689474007
GBP2,-0.14080815843624372
GBP3,0.22283676404232722
GBP4,0.03788479450932278
GBP5,1.7952148139030697
GBP6,0.9839730181248365
GBP7,0.010815764288636176
GBX1,1.4983828834621162
GBX2,-2.1629425854522455
GC,2.712152357827126
GCA,1.8983068353275616
GCAT,-0.4660902551489621
GCC1,0.07077658575841883
GCC2,-0.0033810560112867982
GCDH,-0.4366922812637215
GCFC2,0.5561198776902492
GCG,1.4970324420920789
GCGR,-0.25670236436046856
GCH1,-0.43194067727387164
GCHFR,0.5973163384629798
GCK,0.17313889283697814
GCKR,-0.2104715356259391
GCLC,0.6328161311225016
GCLM,-0.47881051754270443
GCM1,0.8028419883073862
GCM2,-0.6905596737190176
GCN1,-0.6085813681490477
GCNA,0.599017446600588
GCNT1,-1.123929001675414
GCNT2,0.16623216260887408
GCNT3,-1.4019717972442338
GCNT4,1.036841030170896
GCNT7,-0.32676015849223905
GCOM1,-1.5461315904182895
GCSAM,0.6695394907812786
GCSAML,0.5768812409646537
GCSH,0.1149570335346417
GDA,-2.108943233068839
GDAP1,0.11797454408507257
GDAP1L1,-0.27150768555236915
GDAP2,1.0528833814975944
GDE1,-0.2274469513354238
GDF1,-0.3930490640000007
GDF10,-1.2808916868874731
GDF11,0.7572108951904641
GDF15,0.889405810304144
GDF2,-0.318035894951997
GDF3,-0.992888245820213
GDF5,-0.5477487638374727
GDF6,0.7859368161782764
GDF7,0.37958073674161863
GDF9,0.3489659235812037
GDI1,0.15394619161319412
GDI2,-0.0900915379813515
GDNF,-0.2649724883551167
GDPD1,-0.22318687976530116
GDPD2,-0.05318727095012987
GDPD3,-1.1103834185000936
GDPD4,-0.6574239616050157
GDPD5,0.2925361019429711
GDPGP1,-0.2772180198024681
GEM,3.4645034718214305
GEMIN2,-0.4449418586176126
GEMIN4,-0.4030302156731054
GEMIN5,-0.0655237778712423
GEMIN6,-0.041127085346722936
GEMIN7,-0.08342109002431419
GEMIN8,0.8716697829019473
GEN1,0.06324124820078625
GET1,-0.18480275548184644
GET1-SH3BGR,-0.4816678970237629
GET3,0.26325968462539606
GET4,-0.047619144616935394
GFAP,-0.3945662143769739
GFER,0.7083186641142221
GFI1,-0.2901624163206815
GFI1B,-0.16728451488579665
GFM1,-0.02547968923985522
GFM2,0.5138954328297229
GFOD1,-0.48131103697420197
GFOD2,-0.7064984280497928
GFPT1,0.47927234500025806
GFPT2,0.1964906715910365
GFRA1,-0.027725816891360333
GFRA2,-0.1381051483674805
GFRA3,-0.22273377668592498
GFRA4,-0.869316357393868
GFRAL,-1.173071128846627
GFUS,0.39941430137829964
GFY,0.8743099211214727
GGA1,0.07545892429796863
GGA2,-0.1956644008686994
GGA3,0.0889140810195741
GGACT,2.696445825027632
GGCT,0.0854513778440209
GGCX,0.36580795484934514
GGH,1.4888209129902514
GGN,0.09339585403623718
GGPS1,0.4679855456777924
GGT1,-0.4701181795652509
GGT5,-0.3093498960986325
GGT6,0.8282944409034185
GGT7,-0.21135737655852882
GGTA1,1.0474994572061185
GGTLC1,-0.46108536360904206
GGTLC2,1.173071128846627
GGTLC3,1.2195253849499232
GH1,-1.0777725408773702
GH2,-0.23232574726347183
GHDC,-0.336046484744819
GHITM,0.3843914901251906
GHR,-1.6547914399982702
GHRH,0.4384986646484425
GHRHR,-0.5481745118156363
GHRL,0.5819037418304398
GHSR,1.033842502666702
GID4,0.0742512006979883
GID8,0.046748522640017054
GIGYF1,0.014095266145993879
GIGYF2,0.017003083099127014
GIMAP1,-1.2547348999123942
GIMAP1-GIMAP5,-1.25001491714853
GIMAP2,-1.2843339976436097
GIMAP4,-0.604749736192285
GIMAP5,-0.7533201005535988
GIMAP6,-0.861655696534187
GIMAP7,-0.9033705190673043
GIMAP8,-1.9067652423219517
GIMD1,-0.04151939126247828
GIN1,0.30343817343790747
GINM1,0.19550703667481084
GINS1,-0.21346873696018642
GINS2,-0.3955312447863193
GINS3,-1.3631827077303917
GINS4,-0.1966927895299193
GIP,0.580774977677781
GIPC1,-0.1496082459763548
GIPC2,0.11194178645752739
GIPC3,-0.08215207130511182
GIPR,-0.4604967111776146
GIT1,-0.881737828234824
GIT2,-0.05858643225258664
GJA1,0.3846646151891391
GJA10,-0.8001311928930696
GJA3,-0.2694362548001885
GJA4,0.41919666710474757
GJA5,0.10175575534475846
GJA8,0.7448141955241562
GJA9,-0.30893900236884636
GJB1,-0.4131190241247075
GJB2,-0.39268197272736494
GJB3,-0.8902231100972525
GJB4,0.663730112286921
GJB5,0.9060369977499391
GJB6,-0.09689586417619411
GJB7,0.2653824538678401
GJC1,-0.2372621876327442
GJC2,-1.4414331147555273
GJC3,1.1238865130387357
GJD2,-2.7746677342028674
GJD3,0.7138661991726933
GJD4,-0.9005915955913213
GJE1,-1.537035607927166
GK,0.687575308227852
GK2,-1.0962442695991654
GK3,0.05025072154653648
GK5,-0.5252813224607706
GKAP1,1.6700738575647658
GKN1,-0.3171489072724474
GKN2,1.4090402922144825
GLA,0.30222788067518547
GLB1,-0.7803841077607145
GLB1L,0.8437373596213695
GLB1L2,-0.39377578330958185
GLB1L3,-1.0665902302675696
GLCCI1,0.184650747637364
GLCE,-0.5477037752871077
GLDC,-0.20332878505805163
GLDN,0.03985497740135591
GLE1,-0.182276983476358
GLG1,0.5257096694553907
GLI1,1.064776151544606
GLI2,-0.030388896360984685
GLI3,0.09746893677895248
GLI4,0.10328767280520257
GLIPR1,0.20332382856943676
GLIPR1L1,1.5459696807139744
GLIPR1L2,0.1801098718121284
GLIPR2,-0.014071239001987257
GLIS1,-1.5512805456224907
GLIS3,0.9581522248449176
GLMN,-0.01560581081353396
GLMP,-0.6483671248235578
GLO1,-0.5542493373394657
GLOD4,0.06632308065563253
GLOD5,-0.3599751041208309
GLP1R,-0.591773603341142
GLP2R,0.17593590324122538
GLRA1,0.11534631366354114
GLRA2,0.6200366470062575
GLRA3,0.13823634182806543
GLRB,-0.7701506169914838
GLRX,-0.5658386469395724
GLRX2,0.24870904980387099
GLRX3,-0.05257573139053218
GLRX5,0.04498157177548112
GLS,-0.11614015591949478
GLS2,-0.38471277637606005
GLT1D1,-0.4815915109243436
GLT6D1,-0.4290743849062295
GLT8D1,0.206824848363103
GLT8D2,0.2889627329718869
GLTP,-0.13886656352839766
GLTPD2,0.2788931372855008
GLUD1,-0.11790710319388564
GLUD2,-2.570758241336751
GLUL,-0.4094288186365733
GLYAT,0.1178939451975729
GLYATL1,0.7490651301070148
GLYATL1B,1.0696297715683147
GLYATL2,2.095294108987518
GLYATL3,-1.4550403499291238
GLYCTK,-0.32483667627867074
GLYR1,0.7161299856131826
GM2A,0.4166818906409979
GMCL1,-0.6237931275286885
GMCL2,0.9758438269472007
GMDS,-0.7256926620827797
GMEB1,0.5619455852165802
GMEB2,0.40369760508442765
GMFB,0.35731405592475074
GMFG,0.1548788616526946
GMIP,-0.2530959489213416
GML,0.0
GMNC,0.0
GMNN,0.17418675764661673
GMPPA,-0.23235374292961009
GMPPB,0.021446324294025043
GMPR,-0.1384593432811037
GMPR2,0.5326954730125277
GMPS,-0.44553575681031443
GNA11,-0.0026845401409789638
GNA12,-1.2208315051138823
GNA13,0.3827389914167303
GNA14,-0.8040569844807182
GNA15,-0.057725814644586926
GNAI1,1.1046363264894878
GNAI2,-0.7183509846922438
GNAI3,-0.29542652160441696
GNAL,-0.3828192560529007
GNAO1,0.48542705552725507
GNAQ,-0.030199403158988503
GNAS,-0.3558405224052891
GNAT1,-0.29986659187855313
GNAT2,-0.1506885297282583
GNAT3,-1.8113986842873187
GNAZ,0.27287808652760503
GNB1,-0.048724762834639446
GNB1L,-0.5803395618777518
GNB2,-0.10871699429969306
GNB3,-0.17075130048815024
GNB4,-0.19983420994006074
GNB5,-0.08359185015169608
GNE,-0.2817219872851555
GNG10,0.03789412380060719
GNG11,1.2578007498922514
GNG12,0.8604816138842587
GNG13,-0.32981978321386474
GNG14,-0.5016028252352327
GNG2,0.10113123306526545
GNG3,0.04287716783264095
GNG4,0.4996121917921743
GNG5,0.5870022954547092
GNG5B,0.23132630400633203
GNG7,0.33722565512150593
GNG8,0.9193535476770286
GNGT1,1.374649554076591
GNGT2,-0.5839085429534081
GNL2,0.06850627693454792
GNL3,0.8846867832347367
GNL3L,0.6914100226159303
GNLY,-0.30451817893437305
GNMT,-0.27450643408004627
GNPAT,-0.4041741011942883
GNPDA1,-1.103567946890332
GNPDA2,0.6105613359487445
GNPNAT1,0.17102761188533577
GNPTAB,-0.813000278276883
GNPTG,0.38157147640049605
GNRH1,-0.5818674457729214
GNRH2,-0.6691842240733126
GNRHR,-0.3587142938010261
GNS,0.2821416886878696
GOLGA1,0.7415146159602759
GOLGA2,0.1048405549437712
GOLGA3,0.009937021216563036
GOLGA4,-0.35761120375943456
GOLGA5,0.08055410503838267
GOLGA6C,-1.404397432852959
GOLGA6L2,2.3048233627969443
GOLGA6L4,-0.41937822301690675
GOLGA6L7,0.38396557686286215
GOLGA7,0.3239959754520575
GOLGA7B,0.40862792637444734
GOLGA8A,0.2968146519421027
GOLGA8B,0.580041998188113
GOLGA8Q,1.041826108346815
GOLGA8S,1.711286989587758
GOLGB1,0.5763795686797177
GOLIM4,0.805563829093559
GOLM1,-0.28671365472149635
GOLM2,0.27390604787636397
GOLPH3,-0.13717843967773424
GOLPH3L,-0.012521341676396514
GOLT1A,-0.7602057754699364
GOLT1B,0.5853340010261769
GON4L,0.4892851179718698
GOPC,-0.13221996354014198
GORAB,0.5007209648841506
GORASP1,-0.1074161840072505
GORASP2,0.41247531618110633
GOSR1,0.6462378365750121
GOSR2,0.7749406198362707
GOT1,-0.8640601130468539
GOT1L1,-1.374895171883734
GOT2,-0.135242816558498
GP1BA,0.3079016011942879
GP1BB,0.0289108564279717
GP2,0.9682936861706097
GP5,0.17262653888552748
GP9,-0.46310807922292807
GPA33,0.08941394502451966
GPAA1,-0.06221445344321763
GPALPP1,-0.2954163512547088
GPAM,0.6287796486043554
GPAT3,0.11143222717088319
GPAT4,0.3599301032497073
GPATCH1,0.21223020164521111
GPATCH11,0.6706438660606088
GPATCH2,0.7389804875865758
GPATCH2L,0.14435991811607307
GPATCH3,-0.022094957641733082
GPATCH4,-0.061703642360944944
GPATCH8,-0.2744278946632046
GPBAR1,0.06902883561057505
GPBP1,0.061804332429703734
GPBP1L1,0.5074108722846882
GPC1,-0.348506457727469
GPC2,-0.5077693085377029
GPC3,0.9161579370992559
GPC4,-1.2278489975291405
GPC5,1.0573339319781145
GPC6,-0.6383275554406918
GPCPD1,-0.10357493251507721
GPD1,-0.2670317466834706
GPD1L,0.6141714940598955
GPD2,1.1477599497718525
GPER1,-1.205973714473214
GPHA2,0.19400033107048875
GPHB5,-0.6973026505367395
GPHN,0.15727749706337368
GPI,-0.47732502703271207
GPIHBP1,-0.5326156446309793
GPKOW,0.13684364237041247
GPLD1,-0.33622136264701385
GPM6A,-1.8113986842873187
GPM6B,1.992919227906003
GPN1,-0.7936866025770986
GPN2,0.3159158246541174
GPN3,0.08235735208909034
GPNMB,-0.9402773073489086
GPR101,-0.4069845625986745
GPR107,0.5055311383026058
GPR108,0.5394347379425772
GPR119,-0.27325472925995287
GPR12,-0.0672632849117192
GPR132,0.39183044558416125
GPR135,-0.2255924595422163
GPR137,0.29234546694581365
GPR137B,0.4518474633142825
GPR137C,0.1464119049810444
GPR139,0.01060814108988617
GPR141,0.6504522508812862
GPR142,-0.17206721510440076
GPR143,-0.875611475732565
GPR146,0.15857362608806747
GPR148,0.5870077946680865
GPR149,1.831882886939212
GPR15,-0.8064478196532529
GPR150,0.3663875795928719
GPR151,0.052289155698608814
GPR152,-0.9870211895842425
GPR153,-0.447850328844116
GPR155,0.0723382410250415
GPR156,2.4019527852483797
GPR157,-0.9175796559737874
GPR158,0.37882575403709684
GPR15LG,-0.7254589283349892
GPR160,-0.8358484742890409
GPR161,0.30782085146855875
GPR162,-0.1354405751967287
GPR17,-1.2610295395670597
GPR171,1.405966689745811
GPR173,-0.8062044767530303
GPR174,-0.27802155051731825
GPR176,0.2946286620708871
GPR18,-0.002403819541650698
GPR180,-0.20456880123789367
GPR182,0.22585047377752088
GPR183,1.5191185176828976
GPR19,1.1546736060506688
GPR21,-0.9933848983425149
GPR22,1.2443007531174668
GPR25,0.9283526500725745
GPR26,0.18513006775686638
GPR27,0.2845478001730062
GPR3,-0.25416283375738247
GPR31,-1.5610184227582171
GPR32,-0.04134494401654709
GPR33,-1.0228758394443729
GPR34,0.7570999047250135
GPR35,-1.023690767788919
GPR37,1.260614064947641
GPR37L1,-0.989536687257112
GPR39,-0.6036217558434045
GPR4,0.04032018732797571
GPR42,-0.6957461018139148
GPR45,-0.29805903819129087
GPR50,-2.16504665589441
GPR52,0.67475206522016
GPR55,1.0071500250698326
GPR6,1.9260032222277395
GPR61,-0.5684453108421548
GPR62,-0.5459835099697001
GPR63,0.19294038865865049
GPR65,1.0367294478844382
GPR68,-0.6816210400763651
GPR75,-0.5034482557554874
GPR78,-1.0418208985914899
GPR82,1.442289632185825
GPR83,0.6420064461650413
GPR84,-0.046481279837162104
GPR85,0.1459225517189341
GPR87,1.6142930570941263
GPR88,0.505769421594751
GPR89A,-0.012007848927943598
GPR89B,-0.0842478069088064
GPRASP1,-1.0674019599470665
GPRASP2,-2.0062628461617797
GPRASP3,-0.332356118823218
GPRC5A,-0.2848170458540687
GPRC5B,-0.5547089142800196
GPRC5C,-0.893517932445868
GPRC5D,-2.86507848996018
GPRC6A,1.7625835383458495
GPRIN1,-0.11928542017277732
GPRIN2,-1.4484093098725006
GPRIN3,-2.0353842913544327
GPS1,-0.47590181078521243
GPS2,0.4446271357048093
GPSM1,1.2589428884112808
GPSM2,-0.15008212999630532
GPT,0.014184036868987393
GPT2,-0.45358275839972517
GPX1,-0.050260105781140485
GPX2,-1.4082202166704991
GPX3,0.25355898994542614
GPX4,0.7280434580295303
GPX7,-0.7188135643446554
GPX8,0.7281649948150932
GRAMD1A,-0.2987924075664926
GRAMD1B,-0.4818867830071397
GRAMD1C,0.8736340877716297
GRAMD2A,-0.22601964373235583
GRAMD2B,-0.7443035892545794
GRAMD4,-0.9242275232671189
GRAP,0.6890447401539574
GRAP2,-0.6317645976155504
GRAPL,3.0656771022484115
GRB10,1.033033676601471
GRB14,-0.4138355672624503
GRB2,-0.038395553360039525
GRB7,0.48336787879296683
GREB1,0.3587936874182893
GREB1L,-0.3926006869644665
GREM2,1.4773848796748936
GREP1,-0.022335366638631227
GRHL1,0.7339239566238343
GRHL2,0.10571266701002546
GRHL3,0.8294783076253751
GRHPR,0.0494700885347803
GRIA1,1.1244074078210715
GRIA2,-1.5322140098064814
GRIA3,-0.6221172911215864
GRIA4,1.061403209154136
GRID1,-0.12838246019132526
GRID2,0.19875210826764045
GRID2IP,-0.9808568688891826
GRIFIN,-0.41089442356756345
GRIK1,-0.5224221752271112
GRIK2,0.1617942037690301
GRIK3,0.3183619835517001
GRIK4,-1.1592523900557272
GRIK5,-0.8240861708409646
GRIN1,-0.08848670099633849
GRIN2A,0.9732787020795035
GRIN2B,0.11534165347211633
GRIN2C,-0.06248763752033604
GRIN2D,0.09990687553921473
GRIN3A,-0.72268252581595
GRIN3B,0.8993823810978201
GRINA,0.5171930249883634
GRIP1,0.2503154669577498
GRIP2,0.2469600701354553
GRIPAP1,0.3062228996329588
GRK1,-0.5085678169283133
GRK2,0.3757758369303428
GRK3,0.07569744091808195
GRK4,0.04093760006671632
GRK5,0.2597595425860151
GRK6,-0.7539715032412397
GRK7,-0.6731407347424557
GRM1,1.291721353454226
GRM2,-0.8438592974888612
GRM3,-1.640465448886054
GRM4,-0.22925581522182936
GRM5,-1.013380876442838
GRM6,0.026362315444549367
GRM7,0.5417116340314134
GRM8,0.0716904712863001
GRN,-0.5477187265282653
GRP,-0.24738164258926387
GRPEL1,0.06111530757522621
GRPEL2,0.017411458031242333
GRPR,0.033634083211855625
GRSF1,0.420522652165606
GRTP1,-0.4980074527133401
GRWD1,0.07321214686623856
GRXCR1,-1.2777188845274885
GRXCR2,-0.5235405078403261
GSAP,-0.6752377531290419
GSC,0.4265094704135679
GSC2,-0.5113559506547136
GSDMA,0.6679131257978201
GSDMB,-0.1957421799655572
GSDMC,-1.2096990713119975
GSDME,0.14848495935587908
GSE1,-0.8853894826158218
GSG1,0.22139789458127623
GSG1L,-1.5721727469934166
GSG1L2,0.02311636702789599
GSK3A,0.5553361619774382
GSK3B,0.16102421352415597
GSKIP,0.06980376245536046
GSN,0.8514159348676129
GSPT1,0.34994230116374103
GSPT2,1.9495809818747536
GSR,0.36118187455014183
GSS,-0.021534767653596187
GSTA1,1.4355909557029258
GSTA2,-1.3234118944723205
GSTA3,0.5003187972410819
GSTA4,0.7175792176868889
GSTA5,-0.3021845143268817
GSTCD,0.40701411738819315
GSTK1,-0.14441346806431363
GSTM1,-0.9907412432890512
GSTM2,-0.38280895099173073
GSTM3,-0.1289764084364019
GSTM4,-0.6374035792693638
GSTM5,-0.3543133598058788
GSTO1,0.22072315525584632
GSTO2,0.7630142843907555
GSTP1,-0.1685715760655775
GSTT4,0.5563970399552804
GSTZ1,0.06348270981268733
GSX1,-1.0651111238691684
GSX2,-0.05553376716750705
GTDC1,0.8308175943039164
GTF2A1,0.4146635843978932
GTF2A1L,0.3965814216662733
GTF2A2,0.4487630529993336
GTF2B,-0.3474673452428525
GTF2E1,0.15881620847176814
GTF2E2,0.2581657476133574
GTF2F1,0.5277297622008774
GTF2F2,0.29954284768252215
GTF2H1,0.19186119568924465
GTF2H3,0.12740277094019525
GTF2H5,-0.19574516114948626
GTF2I,2.2445926725301146
GTF2IRD1,-0.41792002911295634
GTF2IRD2,0.36761755490052334
GTF2IRD2B,1.6270757098860997
GTF3A,-0.6876598020027904
GTF3C1,0.48583161548017273
GTF3C2,0.2040817007492679
GTF3C3,0.5713707483301185
GTF3C4,0.7826890851315023
GTF3C5,0.0009612765476973983
GTF3C6,-0.2384013709574626
GTPBP1,0.31930592599312835
GTPBP10,-0.9508467141029666
GTPBP2,0.079047934005124
GTPBP3,0.13114257930208906
GTPBP4,0.005201401797060523
GTPBP8,1.0716904612360216
GTSE1,-0.3196489876430495
GTSF1,-0.4701286633384487
GTSF1L,1.028045474796662
GUCA1A,-0.3525672956321926
GUCA1ANB-GUCA1A,-0.7986749497510788
GUCA1B,-0.1784682271367617
GUCA1C,-0.2685205428988777
GUCA2A,-0.8911228777335338
GUCA2B,-0.6260238071900197
GUCD1,0.09077140050549648
GUCY1A1,-0.5178363500349512
GUCY1A2,1.6342936870932658
GUCY1B1,0.550635861266781
GUCY2C,-0.05264998369613583
GUCY2D,0.18598357425354273
GUCY2F,1.7151000348043788
GUF1,0.118219041444803
GUK1,-0.11802481139688936
GULP1,-1.2351392381506077
GUSB,-0.3846253575263714
GVQW3,-0.07979543945166734
GXYLT1,0.7788927271365165
GXYLT2,0.13722084769838094
GYG1,0.45657205205154283
GYG2,-0.43344408837892223
GYPA,2.1729493730749936
GYPB,3.082994838659246
GYPC,0.9587656789419188
GYPE,1.9978256861630839
GYS1,0.004938228859147298
GYS2,1.7696238270046847
GZF1,0.6382640365427146
GZMA,-0.64224192842534
GZMB,-0.7522040571446666
GZMH,-1.289496878756085
GZMK,0.1730535025436224
GZMM,-0.1601009218993663
H1-0,-0.6024319105282521
H1-1,-0.3089872229669831
H1-10,-0.9037401684343256
H1-2,-0.7129838272097313
H1-3,-0.9594487629465549
H1-4,-0.5807109563640127
H1-5,-1.0319164955868683
H1-6,-0.17962233088287616
H1-7,2.0339272707648
H1-8,-0.18057212027514247
H2AB1,0.7705229272774625
H2AB3,-2.0486826274421492
H2AC1,1.005257909103166
H2AC11,-0.49010924555697155
H2AC12,-0.1394090140478701
H2AC13,-0.6078055351720737
H2AC14,-0.5498359790022005
H2AC15,-0.3886783345648368
H2AC16,-1.118417072302539
H2AC17,-0.4459004412141865
H2AC18,0.27889418268467314
H2AC19,-0.31599433315804015
H2AC20,-0.07695506721784406
H2AC21,0.10578317494753264
H2AC25,-0.20829124035316537
H2AC4,-0.7732878169673567
H2AC6,-0.31875038144914347
H2AC7,-0.8221435555865235
H2AC8,-1.3619563118876892
H2AJ,0.12707399967905164
H2AL1Q,-1.1605347472681833
H2AL3,0.5563970399552804
H2AP,-0.16551915029600162
H2AX,0.04316111318615956
H2AZ1,-0.5652302168193017
H2AZ2,-0.18962613887934054
H2BC1,1.4405761259726502
H2BC10,-0.3961623717507674
H2BC11,-0.4557389570769965
H2BC12,-0.24045612754393497
H2BC13,-0.6697815366363971
H2BC14,-0.522428714932929
H2BC15,-0.3821746110120481
H2BC17,-0.45170684619883117
H2BC18,0.2836346936704375
H2BC21,-0.11811354105823968
H2BC26,-0.21277095621613862
H2BC3,-0.4258748703200421
H2BC4,-0.3135423048192587
H2BC5,-0.5532588341646192
H2BC6,0.34058255379657654
H2BC7,-0.8563843923050762
H2BC8,-1.3467064104880166
H2BC9,-0.3748726518679426
H2BK1,0.1725830930692116
H2BN1,0.9787383845007009
H2BW1,-0.2881884183731218
H2BW2,1.4372121754962985
H3-3A,-0.008907122819781232
H3-3B,0.005172703583994576
H3-4,0.6714439766534892
H3-5,-1.0283970518630503
H3-7,-0.7026185368813667
H3C1,0.06531435967566646
H3C10,-0.46756314788083797
H3C11,-0.6742200633118891
H3C12,-0.46674201635290835
H3C13,0.7055941726124537
H3C14,0.8290847420745625
H3C15,0.3919476985145419
H3C2,-0.6075388709651848
H3C3,-0.6594346754956546
H3C4,-0.30334767453012246
H3C6,0.1819295492400131
H3C7,-0.49437155386691956
H3C8,-0.38625505115041525
H3Y1,1.0440098636296071
H3Y2,1.8113986842873187
H4C1,-0.0006994491484229037
H4C11,-0.3723426305133226
H4C12,-0.5149856961147976
H4C13,-0.42695513724980305
H4C14,-0.13237449805801632
H4C15,0.955808913323358
H4C16,-0.047929328242380276
H4C2,-0.41500689603666663
H4C3,-0.7416111687325309
H4C4,0.14153193220811966
H4C5,-0.09687216042511126
H4C6,-0.3702840738809139
H4C7,0.22056684039433772
H4C8,-0.11186544106795449
H4C9,-0.33113374320708644
H6PD,0.12358986188592658
HAAO,0.2659034330019926
HABP2,-1.2039360139330841
HABP4,0.22493451082789484
HACD1,-0.31670183557492004
HACD2,0.22144102826599976
HACD3,-0.5557560736656209
HACD4,0.015614313223934306
HACE1,-0.24350826516028956
HACL1,0.006181139993670204
HADH,-0.5133536668499952
HADHA,0.42502589458997697
HADHB,0.13597414878549374
HAGH,-0.20563555048882032
HAGHL,-1.0787619705595075
HAL,-1.5434472891453728
HAMP,-0.08223179552500759
HAND1,-0.32756621052925483
HAND2,0.3111128178330034
HAO1,2.5802497001324314
HAO2,1.5822756022808033
HAP1,0.17072393465347557
HAPLN1,-0.9868007657951751
HAPLN2,-1.4868792996776818
HAPLN3,-0.6035642720646033
HAPLN4,-0.7927070551875453
HAPSTR1,-0.17238780003885346
HARBI1,0.26895256318647975
HARS1,0.30652806750757744
HARS2,0.31633260551512876
HAS1,-0.00881140033357003
HAS2,0.4640902911587259
HAS3,-0.12027334266275069
HASPIN,-0.5510097149117139
HAT1,-0.16348320790895743
HAUS1,-0.5180325519871469
HAUS2,0.3143544474529274
HAUS3,0.23926699163733822
HAUS4,-0.27659210166891457
HAUS5,0.3687832092700907
HAUS6,-0.3060175367545268
HAUS7,0.7806882324395333
HAUS8,-0.1592079333834051
HAVCR1,-0.012036877708863414
HAVCR2,-0.5256031441747897
HAX1,-0.10251028045730903
HBA1,-0.5423690326264418
HBA2,0.9319399341956849
HBB,0.7026185368813667
HBD,1.5467507657335207
HBE1,-1.49511227205744
HBEGF,-0.3969569773522552
HBG1,-1.2223990131707065
HBG2,-1.4871341846485917
HBM,-1.0230664298913403
HBP1,0.5778021890025369
HBQ1,-0.8093040080189573
HBS1L,0.06641548793028029
HBZ,0.5581631464689809
HCAR1,-0.026794472645955913
HCAR2,-0.16270138171199244
HCAR3,-0.8175447582563405
HCCS,-0.01314265771187495
HCFC1,0.5395374583749826
HCFC1R1,-0.25649671897307647
HCFC2,0.2793233928061114
HCK,-0.572636948143924
HCLS1,0.1766619548141648
HCN1,-0.2633250159240519
HCN2,0.7132323767400035
HCN4,-0.2976953043490605
HCRT,0.5589880914250549
HCRTR1,-0.3099536769904164
HCRTR2,1.0840684089307735
HCST,-0.28312145674666533
HDAC1,-0.5474378989274706
HDAC10,-0.40627447350278345
HDAC11,-0.3284411428724989
HDAC2,1.6236256791633585
HDAC3,-0.6666977766569198
HDAC4,0.3576277467823683
HDAC5,-0.3214396624093847
HDAC6,0.1815139132615733
HDAC7,-1.3082395535671143
HDAC8,0.6170849248032837
HDAC9,-1.124887101000343
HDC,0.5070895969854929
HDDC2,0.13740387117289465
HDDC3,-0.6533711813808778
HDGF,0.28140481134877326
HDGFL1,-1.5550630191626804
HDGFL2,-0.3374667014543826
HDGFL3,0.6575618324446963
HDHD2,0.21094401331433188
HDHD3,-0.7452684769709661
HDHD5,-0.7392187758155934
HDLBP,0.17714540450812422
HDX,-1.8113986842873187
HEATR1,0.37978294264871426
HEATR3,0.5496614594641955
HEATR4,0.4429028680175233
HEATR5A,-0.23269392102440767
HEATR5B,0.737027451121089
HEATR6,-0.16371988289573158
HEBP1,-0.6862201769089142
HEBP2,-0.6759360901668932
HECA,0.1365253927668999
HECTD1,-0.2710720781872462
HECTD2,-0.047346293518995
HECTD3,-0.36976314232892005
HECTD4,0.40026254115986104
HECW1,1.626655285962228
HECW2,0.21947045200549586
HEG1,1.0036266979512742
HELB,0.35241434231296975
HELLS,0.08876666916163489
HELQ,0.39842621519807286
HELT,-1.3502434760766593
HELZ,-0.48885026600195314
HELZ2,0.23771489613335484
HEMGN,0.2796716869564647
HEMK1,0.014622098422158558
HENMT1,0.016868086206833333
HEPACAM,0.9976339461897503
HEPACAM2,1.626188629441943
HEPH,3.539473522044273
HEPHL1,-1.170910110856634
HEPN1,-0.49051846699835444
HERC1,0.8142062904062133
HERC3,0.2874244707955347
HERC4,0.44020848109411403
HERC5,0.06419432210121823
HERC6,0.7829063495798296
HERPUD1,-0.312119715125577
HERPUD2,0.12813655436888283
HES1,0.7504731922401444
HES2,0.6416685020945707
HES3,-0.20881568962516028
HES4,-1.442436621317642
HES6,-0.525650245196071
HES7,-0.27697059862565276
HESX1,0.02550284096794697
HEXA,0.46924305280599743
HEXB,0.29021781918201617
HEXD,0.028305745012882078
HEXIM1,-0.010482784293886382
HEXIM2,-0.007506780521138623
HEY1,1.1663475444390157
HEY2,-0.6049328573894506
HEYL,-0.09047767029451692
HFE,0.6878457660364454
HFM1,0.9480796202380198
HGD,0.38440360783891525
HGF,1.7622110206702088
HGFAC,-0.5018681609590583
HGH1,-0.34704783118917293
HGS,0.10643118797084572
HGSNAT,0.08000128915659799
HHAT,0.7024376811978469
HHATL,-0.20542126182858733
HHEX,1.0915275628683945
HHIP,-0.06853821459632226
HHIPL1,-0.6040716284081594
HHIPL2,0.19621797705405697
HHLA1,0.6849689950810762
HHLA2,0.44440929583564703
HIBADH,-0.252472180481222
HIBCH,0.6667909605225482
HIC1,-0.175251242103035
HIC2,-1.031736157728233
HID1,0.014181839353514802
HIF1A,0.5106483180039727
HIF1AN,-0.05708591470431035
HIF3A,0.1821287694537982
HIGD1A,0.26382878296216905
HIGD1B,-0.30391242706231636
HIGD1C,-0.8567317800983526
HIGD2A,0.19550012590784194
HIGD2B,0.07201006299441026
HIKESHI,0.582046880325692
HILPDA,0.6620276710403443
HINFP,-0.3150866888965145
HINT1,0.7174806317253308
HINT2,0.4001239753456294
HINT3,0.15931465638021658
HIP1,0.39592928446054176
HIP1R,-0.03473992562636119
HIPK1,-0.16082532288741813
HIPK2,1.4610622058376501
HIPK3,-0.1377161836332661
HIPK4,0.21671781185553152
HIRA,-0.2003169541603249
HIRIP3,-0.45936021582188147
HIVEP1,0.5741468332980544
HIVEP2,1.1414290919435288
HIVEP3,-0.23888816504818688
HJURP,-0.6298965134943093
HJV,0.5917420081963498
HK1,-0.08947523373607051
HK2,-0.1764847493905135
HK3,-0.880237762543702
HKDC1,-0.1682960041092545
HLA-A,0.31246709653625504
HLA-C,1.2175414328473253
HLA-DQB1,0.6051527676291919
HLA-DRB1,0.9449878429953429
HLA-DRB5,1.9914971348561739
HLA-F,0.12702006063337112
HLA-G,0.5563970399552804
HLCS,0.6346709983899808
HLF,0.044167620732244395
HLTF,-0.600943412119354
HLX,-1.1215419186555116
HM13,-0.14621163754277777
HMBOX1,0.7642255076619442
HMBS,0.024810459561289466
HMCES,-0.5464923028126352
HMCN1,-3.0245523160567096
HMCN2,0.24164620420720567
HMG20A,0.8342836089307193
HMG20B,0.27829756076431034
HMGA1,-0.5200882374581957
HMGA2,-0.6608436950953012
HMGB1,-0.2651190533412806
HMGB1P1,0.15247623061476867
HMGB2,-0.7211220433801824
HMGB3,1.285738718961969
HMGB4,-1.6577992891047364
HMGCL,-0.7092545945334556
HMGCLL1,2.2933681251074693
HMGCR,-0.6231568613456888
HMGCS1,-0.4244947319515102
HMGCS2,0.7091257682735119
HMGN1,0.4148156702310657
HMGN2,-0.3161318020679258
HMGN3,1.3228650566794242
HMGN4,0.09569833453839882
HMGN5,0.023301416588888513
HMGXB3,0.15384937562206957
HMGXB4,-0.041538908982643896
HMHB1,1.2399585315679467
HMMR,-0.43965977345543283
HMOX1,-0.5485057140427683
HMOX2,-1.404397432852959
HMSD,1.6949366987932954
HMX1,-0.0381737736079123
HMX2,0.22739193683071734
HMX3,0.43063446653198856
HNF1A,-0.351719937488403
HNF4A,-0.06079463196474355
HNF4G,-1.1636444807888693
HNMT,0.2912465114143544
HNRNPA0,0.40216351165876496
HNRNPA1,0.45455834721199473
HNRNPA1L2,0.33552795438260596
HNRNPA1L3,-2.1541320892986997
HNRNPA2B1,-0.0022574877924803616
HNRNPA3,0.13853496143349542
HNRNPAB,-0.30255731739146485
HNRNPC,0.1678676731898574
HNRNPCL1,-1.4085385726758957
HNRNPD,-0.09838322042146252
HNRNPDL,0.2693019165868549
HNRNPF,-0.21604567453012002
HNRNPH1,1.6369125218870673
HNRNPH2,0.3219852160161625
HNRNPH3,-0.12090818521370394
HNRNPK,0.02947381835377083
HNRNPL,0.543745147012241
HNRNPLL,0.5206918607176401
HNRNPM,-0.007977381839496811
HNRNPR,-0.052655986780105746
HNRNPU,0.10231100707138285
HNRNPUL1,0.20428262482310178
HNRNPUL2,0.5987434313380104
HNRNPUL2-BSCL2,0.5935150228382096
HOATZ,1.7598005876815583
HOGA1,-0.9016852737174189
HOMER1,0.5113867881809178
HOMER2,0.46820950022758767
HOMER3,0.26896139199058156
HOMEZ,0.11684805403191634
HOOK1,-1.7129342327375983
HOOK2,-0.23608847197687344
HOOK3,0.30861622842115155
HOPX,-0.2974338813330025
HORMAD1,0.32568462689655775
HORMAD2,0.016974171496973778
HOXA1,0.8187670846900099
HOXA10,-1.2386210919499065
HOXA11,-0.03912350002053733
HOXA13,-0.11503472661455239
HOXA2,0.8521841550688516
HOXA3,-0.11808442961311094
HOXA4,-0.03213935158801326
HOXA5,-0.8843768103564962
HOXA6,-0.16138489514983112
HOXA7,0.4964937812998029
HOXA9,-0.4727787487019327
HOXB1,0.009233295563283506
HOXB13,0.28739752681317876
HOXB2,0.6641516384204249
HOXB3,-0.170889403712082
HOXB4,-0.22058576322809742
HOXB5,-0.46898119905342284
HOXB6,-0.2708158871299387
HOXB7,-0.23965805677622415
HOXB8,0.8750583467291472
HOXB9,1.2088582367677054
HOXC10,-0.2831304637416878
HOXC11,0.24680865121223444
HOXC12,-0.41748599719614987
HOXC13,-1.2863461885693317
HOXC4,-0.26776456073198496
HOXC5,-0.3656761727227349
HOXC6,-0.37015172151509734
HOXC8,0.08600257518622945
HOXC9,-1.2011653476307982
HOXD1,-0.2326190028347006
HOXD10,0.3660604843773597
HOXD11,-0.7629980326019538
HOXD12,-0.7771835702425542
HOXD13,-0.5895686066469052
HOXD3,0.4222070363051693
HOXD4,-0.584140546575699
HOXD8,0.565202919131847
HOXD9,0.007951563960062857
HP,0.010779834623106388
HP1BP3,-0.008985143834250309
HPCA,0.3617196708233881
HPCAL1,-0.3113944763832013
HPCAL4,0.4584729089202927
HPD,-1.609359069035392
HPDL,-0.3339496950174161
HPF1,-0.4917226132484309
HPGD,-0.49366257899773297
HPGDS,0.5344627277752477
HPN,0.017811288237667505
HPR,0.4339150091006577
HPRT1,0.1787388275090953
HPS1,-0.2580722563138511
HPS3,0.15644117281518
HPS4,0.013048131949536135
HPS5,0.19293311613271946
HPS6,-0.2596978117742199
HPSE,2.183140457511446
HPSE2,-1.7184050976459584
HPX,0.14636314997914557
HR,0.5106337468706741
HRC,0.5005838847819513
HRCT1,0.26539627705762503
HRG,-0.04124726278116464
HRH1,-0.5791934202022908
HRH2,-0.5208337135507624
HRH3,-0.08287476549030359
HRH4,1.0793235118527358
HRK,-0.26600688231556613
HRNR,-0.575992341562318
HROB,0.05519208929080044
HRURF,-0.6234768272033704
HS1BP3,0.24885733170141888
HS2ST1,0.7949293534440223
HS3ST1,1.5849673554928232
HS3ST2,-0.6595552131256398
HS3ST3A1,-0.3636850717673529
HS3ST3B1,1.5613630008048442
HS3ST4,0.8618713820322708
HS3ST5,-0.6710035637853986
HS6ST1,-0.5532136793884239
HS6ST2,0.1379737310031901
HS6ST3,0.28317245487214737
HSBP1,-0.45845545367083873
HSBP1L1,-0.2902869348366357
HSCB,0.2051388487479704
HSD11B1,0.45428869261001725
HSD11B1L,0.4268087193760617
HSD11B2,0.08823375788919008
HSD17B1,-0.4451075975085308
HSD17B10,0.4613308863866621
HSD17B11,0.171075357131802
HSD17B12,-0.46521618451878677
HSD17B13,0.4824840529118033
HSD17B14,0.18042649483692852
HSD17B2,0.4063556545248742
HSD17B3,-1.2555551888090066
HSD17B4,1.1197937225383905
HSD17B6,-0.4743971282756818
HSD17B7,-0.847996746931694
HSD3B1,-0.12045155711829736
HSD3B2,0.7018688693760369
HSD3B7,-0.2182604427806143
HSDL1,1.4254585467283025
HSDL2,0.8327175277478078
HSF1,0.1785212808930372
HSF2,-0.028290177705046826
HSF2BP,0.3325723646058667
HSF4,-0.5327493590790122
HSF5,0.14498272002468404
HSFX1,2.0486826274421492
HSFX2,1.041826108346815
HSFX3,0.7018688414360199
HSFX4,2.852524436584485
HSH2D,-0.02318192543127018
HSP90AA1,0.13986216186998846
HSP90AB1,0.0034322299241180687
HSP90B1,0.9699182764098557
HSPA12A,0.06944199397306217
HSPA12B,-1.4455504196398175
HSPA13,0.0847502137388294
HSPA14,0.11909618276423828
HSPA2,0.1449276701331409
HSPA4,0.08914846003923227
HSPA4L,0.4914048561671507
HSPA5,0.3225345708290712
HSPA6,-0.029972329000712117
HSPA8,0.14991623981721336
HSPA9,-0.11702821526314633
HSPB1,-0.08091309846194061
HSPB2,-0.4318008911613588
HSPB2-C11orf52,-0.43330860711709396
HSPB3,0.8331824855523118
HSPB6,0.41051518417679933
HSPB7,0.4224345146553349
HSPB8,-1.274409390776324
HSPB9,-0.5524883337525721
HSPBAP1,0.3895754382198686
HSPBP1,0.24205174963109455
HSPD1,0.022487448866888915
HSPE1,0.3057076732041901
HSPE1-MOB4,0.2773359543451468
HSPG2,0.7103629996231418
HSPH1,0.34569883944664426
HTATIP2,3.1636352739038385
HTATSF1,0.2769306563192635
HTD2,-0.04187798277375565
HTN1,-1.3785147905181239
HTN3,-0.7321293718491184
HTR1A,-0.1213601604482371
HTR1B,-1.7667945267335063
HTR1D,-0.599724327934708
HTR1E,0.3796177368770749
HTR1F,0.6057228148842051
HTR2A,-0.6688366787647185
HTR2B,0.7768270802557811
HTR2C,1.9929192127834818
HTR3A,-0.9328865158827135
HTR3B,-0.12899612445233943
HTR3C,0.6391663294152576
HTR3D,2.594555101870918
HTR3E,0.7002717101007496
HTR4,0.13691017927217253
HTR5A,0.22132409316867485
HTR6,0.025699642813442974
HTR7,0.44629670395582344
HTRA1,-0.3642135470605175
HTRA2,0.09435122524757666
HTRA3,-0.894814272351241
HTRA4,-1.1358233210827002
HTT,-0.7228409297044446
HUNK,-0.29664393600893635
HUS1,0.31050998906738037
HUS1B,-0.18176987899746966
HUWE1,1.1587327744837557
HVCN1,-0.1311970529461517
HYAL1,0.39274979342234456
HYAL2,-0.4260859051044754
HYAL3,-0.12256106422115387
HYAL4,-0.2806780961881654
HYCC1,0.5226228490749782
HYCC2,0.2682511514219956
HYDIN,-0.03885596772395408
HYI,-0.18494214595854497
HYKK,-0.4899711101129207
HYLS1,1.547219427427538
HYOU1,0.4349616294577272
HYPK,-0.32089665020983915
IAH1,-0.2631277004546937
IAPP,2.2404730887936934
IARS1,-0.1860453342352848
IARS2,-0.4140933623154881
IBA57,-0.22674284855658922
IBSP,1.192804230133848
IBTK,0.4717976667623489
ICA1,-0.23507782315258058
ICA1L,-0.17019731560722207
ICAM1,2.4310992265416345
ICAM2,-0.8175987839582812
ICAM3,-0.28428246336841756
ICAM4,0.6405266941614638
ICAM5,0.9006549217162525
ICE1,0.1490107144641537
ICE2,-0.11026959585777218
ICMT,-0.13791608476784756
ICOS,1.8995325312453348
ICOSLG,-2.252396334013173
ID1,0.05906482861404827
ID2,0.6705458911566247
ID3,-0.1452954870590415
ID4,0.7846644102074183
IDE,-0.12562175050750923
IDH1,0.06359193943447927
IDH2,0.08553711402833564
IDH3A,-0.6329487549606478
IDH3B,-0.029232912231468067
IDH3G,0.8249777385449524
IDI1,-0.18368654358063807
IDI2,-0.09942801072987562
IDNK,0.26730130132708396
IDO1,-1.3828642057706375
IDO2,0.025502927981127854
IDS,4.074100493669823
IDUA,-0.5920492221404261
IER2,0.6971400620140322
IER3IP1,0.5048777150265682
IER5,0.6878094738471874
IER5L,0.12677609477192076
IFFO1,-0.01853374309698097
IFFO2,0.30244814500104455
IFI16,0.3121250970001681
IFI30,-0.2757555330386703
IFI35,-0.6023333543534868
IFI44,-1.0674019599470665
IFI44L,0.2062617345150759
IFI6,-0.0009384852044740377
IFIH1,1.8926128213508986
IFIT1,-0.45015726173076964
IFIT1B,-0.11118802295636174
IFIT2,1.5631059987934564
IFIT3,1.5114087823725386
IFIT5,-0.37464417253160587
IFITM1,0.40408517589162385
IFITM10,-1.098824669759399
IFITM2,0.43647737399832076
IFITM3,-0.03323222223616629
IFITM5,-0.5789853989712042
IFNAR1,0.4024970563896497
IFNAR2,0.38718479632585545
IFNAR2-IL10RB,-0.02095473404803272
IFNB1,-0.15438979658547541
IFNG,-0.7046583387637682
IFNGR1,0.5352193697533156
IFNGR2,0.6942885127376992
IFNK,1.0957651210740766
IFNL1,-0.32267625781146947
IFNL2,0.5901925519364144
IFNL3,-1.701717274073745
IFNL4,-1.2210080486633863
IFNLR1,0.5955557305360797
IFRD1,-0.0863071244869511
IFRD2,-0.8261381271464359
IFT122,-0.8163501490609566
IFT140,0.3338582877931966
IFT172,0.19478791079034807
IFT20,0.03552211763374791
IFT22,1.0309903498469741
IFT25,-0.3740050180781349
IFT27,0.012095994493511286
IFT43,-0.8146529760740262
IFT46,0.15285458508202376
IFT52,0.5783195983973759
IFT56,-0.6816121330770832
IFT57,-0.009523924937738126
IFT70A,0.18280358907800887
IFT70B,0.04981687520584055
IFT74,-0.3065746823824753
IFT80,-0.29612551513702323
IFT81,0.17727819136380019
IFT88,0.27765713133031245
IFTAP,0.00712734153101835
IGBP1,0.11430926010668774
IGBP1C,-0.2502652747563827
IGDCC3,-0.3981408930868441
IGDCC4,0.4585441234628499
IGF1,0.14476911589134764
IGF1R,0.07235688453453437
IGF2,-0.47537507083866753
IGF2BP1,0.30879555922477375
IGF2BP2,-0.2922186209260673
IGF2BP3,-0.2536588116417673
IGF2R,-0.24091009114539652
IGFALS,-0.33105561228510627
IGFBP1,-0.3555264367895794
IGFBP2,-0.4940717355846127
IGFBP3,-1.411470743796583
IGFBP4,-0.5398629616861799
IGFBP5,-0.029057527832983876
IGFBP6,-0.17229950725210985
IGFBP7,0.33847744150609005
IGFBPL1,0.1710690143939686
IGFL1,-0.10220369523871031
IGFL2,0.8271646578832159
IGFL3,0.07289783565782193
IGFL4,0.9328871643648976
IGFLR1,0.3033092443045451
IGFN1,-0.8000960652272423
IGHMBP2,-0.5089805235663967
IGIP,-0.13724693393352605
IGLL1,-2.1757263497408257
IGLL5,0.05112234756606415
IGLON5,0.4916190271434312
IGSF1,-2.1541320931626027
IGSF10,1.1599254714586869
IGSF11,0.47461677077993575
IGSF21,-0.018020678013385694
IGSF22,-0.6363177641923882
IGSF23,-0.5254848655580866
IGSF3,0.17122423699831996
IGSF5,0.18494035630189232
IGSF6,-0.22401051541320838
IGSF8,-0.4903371768516198
IGSF9,0.8801033895506467
IGSF9B,-0.0397229745199843
IHH,-0.594353113580395
IHO1,-0.9299556779060273
IK,0.06115815301918204
IKBIP,0.09585872811026208
IKBKB,0.36675677829142694
IKBKE,1.18390999620356
IKBKG,-0.1265384475897804
IKZF1,-0.21740346727636206
IKZF2,0.7521476946705112
IKZF3,2.1069528229693777
IKZF4,-0.5024699654730912
IKZF5,0.28953907777918175
IL10,0.07489331570537194
IL10RA,0.7389078894730139
IL10RB,-0.48105101611262757
IL11,-0.9020672884555241
IL11RA,-0.22069067654793328
IL12A,0.6756135058888284
IL12B,-0.01088832178326693
IL12RB1,-0.0327931670482593
IL12RB2,0.006272616808523757
IL13,0.3839500728918457
IL13RA1,-0.5482516570265241
IL13RA2,1.112375754439515
IL15,1.8093125568352002
IL15RA,-0.7339423119939883
IL16,-0.31091062964171123
IL17A,-2.235776259956757
IL17B,0.6266077345539914
IL17C,-0.23105607983786847
IL17D,-0.5106806278076547
IL17F,-0.12029438966064332
IL17RA,0.17512074063320116
IL17RB,0.8849957967890786
IL17RC,0.16446926336750023
IL17RD,0.8133598265757209
IL17RE,-0.7552455244459249
IL17REL,1.249232789530073
IL18,0.8239922900338563
IL18BP,-0.7713567945348836
IL18R1,0.5192610250643677
IL18RAP,1.0236288901610677
IL19,0.11776595149595925
IL1A,-0.2387071304586776
IL1B,0.30224603905168396
IL1F10,-0.6520773530596538
IL1R1,-0.768625139723833
IL1R2,-0.25334690413449557
IL1RAP,0.22013490013539472
IL1RAPL1,-1.463034793560332
IL1RAPL2,1.107756450013465
IL1RL1,0.5192610425940275
IL1RL2,-1.050473009975118
IL1RN,-0.5381863724844413
IL2,0.9743630007530835
IL20,-0.41669320581089103
IL20RA,1.7754150787932987
IL20RB,0.5603642390271253
IL21,0.28538100623030677
IL21R,0.7130876219801423
IL22,0.17384635406526858
IL22RA1,0.3063315612481824
IL22RA2,1.186166842510601
IL23A,0.44340972996917394
IL23R,0.55948604526473
IL24,-1.4670516796244122
IL25,-0.7175436845688683
IL26,2.319438604843339
IL27,0.7058705006026427
IL27RA,-0.07526465956591566
IL2RA,1.162522938499683
IL2RB,0.6346437216036898
IL2RG,0.1711078919772442
IL3,1.0661972947254292
IL31,-1.232115746055631
IL31RA,-0.2501375370027631
IL32,-0.14273885236583173
IL33,-0.21356060727181828
IL34,-0.6351379888196553
IL36A,0.6962251852988677
IL36B,-1.8317455801249203
IL36G,0.9652355806120415
IL36RN,1.252159303647328
IL37,-0.043869137990568574
IL4,0.29883723753465685
IL4I1,-0.15862393936070074
IL4R,1.2407754724515283
IL5,-0.05181348487212878
IL5RA,-0.192401112905622
IL6,-0.010574086031441082
IL6R,-0.12533421055379845
IL6ST,0.27170207383099987
IL7,-0.6079254624477786
IL7R,0.2950820259313913
IL9,1.9226397339972248
ILDR1,1.580596118034368
ILDR2,0.15319496098210172
ILF2,-0.13146152365346442
ILF3,0.5330865362756274
ILK,-0.3093684092161646
ILKAP,0.5209696713437051
ILRUN,-0.11400611888952428
ILVBL,-0.506799358835119
IMMP1L,-0.08552132874844576
IMMP2L,0.23019043081414292
IMMT,0.2992977929798091
IMP3,0.222829510375385
IMP4,0.05234942969194245
IMPA1,0.5719024389568608
IMPA2,-0.5169865497729351
IMPACT,-0.11433279891813164
IMPDH1,-0.07917569005420311
IMPDH2,0.08377979681368597
IMPG1,0.6313594948152135
IMPG2,0.4165852587493354
INA,0.2942088973189009
INAFM1,0.16309285484034142
INAFM2,-0.3766281170511936
INAVA,1.4280292276788544
INCA1,-0.3224492468864941
INCENP,-0.4718004415353909
INF2,-1.1537948130358717
ING1,0.5234099030506916
ING2,0.2490516295989762
ING3,0.7662081908078702
ING4,-0.0035468535462395145
ING5,0.10780071889152554
INHA,-0.6944019156993293
INHBA,1.5467507657335207
INHBB,-0.20015331495795224
INHBC,-0.21672603722127137
INHBE,-0.21723346082754613
INIP,0.7599079090713201
INKA1,-0.791164266235544
INKA2,0.22880418512557688
INMT,-0.5003166261819484
INMT-MINDY4,0.02457205441351118
INO80,-0.6727396883214611
INO80B,0.9067350972216672
INO80B-WBP1,0.907439907084864
INO80C,0.2810620375870112
INO80D,-0.15880746830631765
INO80E,-0.4685136090959827
INPP1,0.8277528070616865
INPP4A,0.19052465591040235
INPP4B,0.7906239860448712
INPP5A,-0.8144212511168871
INPP5B,-0.724439180786016
INPP5D,-0.45650293660211627
INPP5E,0.3852183645918963
INPP5F,-0.2781164322155423
INPP5J,-0.3389358042649212
INPP5K,-0.1129194722477238
INPPL1,-0.14824092606300265
INS,-0.9993238908769295
INS-IGF2,-1.0151534807442515
INSC,-0.022512916255576387
INSIG1,-0.44259844342303456
INSIG2,0.7958145772003689
INSL3,0.5150058409072461
INSL4,-0.2498769555218543
INSL5,0.705420375998483
INSL6,-0.07032865642285267
INSM1,0.527401991998788
INSM2,-0.26522387517263657
INSR,-0.19442401556104416
INSRR,-0.08838287332047501
INSYN1,0.41725349679737217
INSYN2A,2.681701699193939
INSYN2B,0.289954104387786
INTS1,-0.5886645826807877
INTS10,0.23842425091192343
INTS11,0.23412865023184803
INTS12,-0.6996115413937238
INTS13,-0.034085157223824325
INTS14,-0.13026169852756064
INTS15,0.0974140432406454
INTS2,0.24420988878454875
INTS4,0.03228201923323315
INTS5,0.0835259480124817
INTS6,-0.11146259778219925
INTS6L,0.8389590182241022
INTS7,-0.029189378889684647
INTS8,-0.4557037814421735
INTS9,0.7627521393394052
INTU,1.0142626603628513
INVS,0.3392809709526601
IP6K1,0.07686753908093147
IP6K2,-1.034179661351014
IP6K3,-0.8851457192989038
IPCEF1,0.805563829093559
IPMK,0.03705197546063088
IPO11,-0.09226370647167581
IPO13,-0.506437942632175
IPO4,-0.35633408230344443
IPO5,0.8680625542447457
IPO7,-0.18623501819001254
IPO8,-0.4484329021605957
IPO9,0.5709247050758319
IPP,-0.2183908832556578
IPPK,0.6039724271525562
IQCA1,-0.4535726668343539
IQCA1L,0.15165630636977134
IQCB1,-0.25262324789617363
IQCC,-0.2552190975819033
IQCD,-0.33366012767197395
IQCE,0.7388211509235783
IQCF1,-0.9418552471588852
IQCF2,0.5676285084430395
IQCF3,0.9683927582846569
IQCF5,-0.5383188633990359
IQCF6,-1.3523208772665978
IQCG,0.16721840814722233
IQCH,0.39233891650313035
IQCJ,2.294521821604955
IQCJ-SCHIP1,2.2991274037717524
IQCK,-0.10286271543403402
IQCM,2.240473101531747
IQCN,-0.06441151124653532
IQGAP1,-0.18657531088776658
IQGAP2,0.11394013086329524
IQGAP3,-0.7193718927136322
IQSEC1,-1.2808715179564316
IQSEC2,0.6056868404810104
IQUB,0.7581823181797369
IRAG1,0.06076946279098561
IRAG2,-1.177815698031503
IRAK1,-0.6045939460115379
IRAK1BP1,0.937384484910033
IRAK2,0.5762171023565336
IRAK3,1.4326629481221695
IRAK4,-0.002089621713082579
IREB2,0.2864696914609204
IRF1,0.07657908695147392
IRF2,1.300532516153662
IRF2BP1,0.5882654804463776
IRF2BP2,0.388233433966648
IRF2BPL,-0.49284733774667044
IRF3,0.22350896593473912
IRF4,0.48053594459388194
IRF5,-0.34412398045837644
IRF6,-1.2872826545392866
IRF7,2.2562062081872587
IRF8,-0.3381485524640614
IRF9,0.22454578888890664
IRGC,-0.023381533333025506
IRGM,-0.31157732993028886
IRGQ,0.5665902198670119
IRS1,0.32611324110040596
IRS2,0.7033590099206141
IRS4,-3.401726570667483
IRX1,-1.0162553631464104
IRX2,-1.0402657711924501
IRX3,-0.4251119934617922
IRX4,-0.9914085662652344
IRX5,-0.07210568325008015
IRX6,1.1991806670172505
ISCA1,0.03679724928068184
ISCA2,-3.0482387858299376e-07
ISCU,0.2863504641221306
ISG15,-1.455335087940382
ISG20,-1.4423192341943945
ISG20L2,0.033244523251702685
ISL1,2.8105941413260833
ISL2,-0.07639266441062986
ISLR,-0.36993594292583754
ISLR2,0.796468482531355
ISM1,0.2336596492084626
ISM2,-0.5629690477988201
ISOC1,0.28351870912747756
ISOC2,0.10774683444267064
IST1,-0.2617422961176765
ISX,0.6558292620910764
ISY1,-0.26933232684102437
ISY1-RAB43,-0.2713298800862458
ISYNA1,-0.45100750551129276
ITCH,0.13206334751086857
ITFG1,0.6341348309942636
ITFG2,0.6154143345883454
ITGA1,0.45623450724326337
ITGA10,-0.40005605923660414
ITGA11,-0.14767201640253616
ITGA2,0.059094827957590024
ITGA2B,-0.9138713068882548
ITGA3,-0.9536948860338539
ITGA4,-0.0012709010723677139
ITGA5,-1.0051358237904626
ITGA6,-0.8637964072673994
ITGA7,-0.0547933218326353
ITGA8,-2.521912202301046
ITGA9,-0.4275682430550757
ITGAD,-0.6238987919436484
ITGAE,-1.3246569513156634
ITGAL,-0.9998041810930904
ITGAM,0.11308015740206132
ITGAV,0.3376695361219584
ITGAX,1.0000002059744406
ITGB1,-0.08530737176851078
ITGB1BP1,0.2593930898983374
ITGB1BP2,-1.4335404707743749e-07
ITGB2,0.5545989587755153
ITGB3,0.9996825728529541
ITGB3BP,-0.38629108518879596
ITGB4,-0.2530087726622918
ITGB5,1.4540513752257418
ITGB6,-0.7126013842671299
ITGB7,0.05682815885907622
ITGB8,1.4810173867461935
ITGBL1,-1.3440604954883337
ITIH1,-0.4834448112709605
ITIH2,-0.13469337480190768
ITIH3,-0.870618009262111
ITIH4,-0.8673474704961956
ITIH5,-0.18626452340559685
ITIH6,-0.1300607170555208
ITK,-0.5267742899105179
ITLN1,0.3550181102571878
ITLN2,-0.5292434730616229
ITM2A,-0.3614996860890596
ITM2B,0.28516506751280213
ITM2C,-0.16124282956960423
ITPA,-0.08697059186927358
ITPKA,-1.1156111151949215
ITPKB,-0.47511002913961686
ITPKC,0.25922625065656035
ITPR1,0.3612113023450001
ITPR2,-0.9133425643092044
ITPR3,-0.36386053305722066
ITPRID1,-0.526438074283939
ITPRID2,-0.032374695197518566
ITPRIP,0.7910430093206489
ITPRIPL1,-0.882826835356906
ITPRIPL2,-0.33991619160904807
ITSN1,0.07779779701434775
ITSN2,0.09166848255795035
IVD,-0.1162919709996606
IVL,1.4737337378053033
IVNS1ABP,0.08002008073315903
IWS1,-0.48407782146449785
IYD,0.8806911248106538
IZUMO1,0.21800985048499522
IZUMO1R,0.572950964358029
IZUMO2,-1.9288291043174013
IZUMO3,0.48442560350279695
IZUMO4,0.2976503581036032
JADE1,-0.6989812096914383
JADE2,0.10615348288414284
JADE3,0.2355807093727016
JAG1,0.2220086388061735
JAG2,-0.13694721392398823
JAGN1,0.07761609090499233
JAK1,-0.12564345093529972
JAK2,0.022308476807163302
JAK3,1.3447460323665386
JAKMIP1,0.13928474504759336
JAKMIP2,-0.19723282625416227
JAKMIP3,-0.9832391710910805
JAM2,0.6547692074103076
JAM3,0.637139136696913
JAML,-0.4552570943794856
JARID2,0.7871355840866738
JAZF1,2.021106754738602
JCAD,1.3067869625382655
JCHAIN,0.06537058548091901
JDP2,0.14601815188089207
JHY,2.953293564024016
JKAMP,-0.12799142135328978
JMJD1C,-0.2094339882703471
JMJD4,0.349889978935499
JMJD6,0.5097104203254244
JMJD7,-0.16095018789437976
JMJD7-PLA2G4B,-0.16090749876492394
JMJD8,-0.0018554109063582125
JMY,0.8916384591059221
JOSD1,0.629173026228095
JOSD2,0.34550336085882405
JPH1,0.015340392782593026
JPH2,-0.8946724075241435
JPH3,-0.22546569005822947
JPH4,0.5946525794136386
JPT1,0.34871739872006824
JPT2,0.1387393786328457
JRK,0.06922027616761295
JRKL,0.43801574834311197
JSRP1,0.6239021861732597
JTB,0.11077952348945264
JUN,-0.06704644999769593
JUNB,1.2784857840660115
JUND,0.3204001348516172
JUP,0.3369651804890094
KALRN,-0.3047343828850293
KANK1,-1.008209094417915
KANK2,-1.1203271434695965
KANK3,-0.302407621637622
KANK4,-0.8205760950944001
KANSL1L,-0.054185116079903395
KANSL2,-0.4356337676296351
KANSL3,0.3070419530352768
KANTR,0.5685515336286928
KARS1,0.39618961053038726
KASH5,-0.7466292505371058
KAT14,-0.28494665034882694
KAT2A,-0.6080589391245801
KAT2B,-0.19224311163824526
KAT5,0.2527309627844305
KAT6A,-0.13685978492028195
KAT6B,0.038681866598466286
KAT7,0.49602872745478255
KAT8,-0.5643294689902514
KATNA1,0.5373437951767399
KATNAL1,-0.201874820548543
KATNAL2,-0.11725296902334215
KATNB1,0.3320741221347565
KATNBL1,-0.21496895258315485
KATNIP,0.46915723921264174
KAZALD1,0.08767606834875386
KAZN,-0.6316509011921753
KBTBD12,-0.9306962673590468
KBTBD13,-0.7939149151449718
KBTBD2,0.6940314585602141
KBTBD3,-0.2073126163098733
KBTBD4,0.29545299851795637
KBTBD6,-0.27656810192615255
KBTBD7,-0.045459351250654034
KBTBD8,0.17799387587753168
KCMF1,-0.25899702590198626
KCNA1,0.26730030227518126
KCNA10,0.9247879741537077
KCNA2,-0.051850285655592465
KCNA3,0.23069605044946717
KCNA4,0.45674848345934904
KCNA5,1.68304096781879
KCNA6,-0.48408500835225854
KCNA7,-0.289507007019727
KCNAB1,-0.31356528627326674
KCNAB2,0.4269607132269062
KCNAB3,-0.016118268505878053
KCNB1,-0.37039922986649443
KCNB2,-2.624156070263916
KCNC1,-1.4479952814077701
KCNC2,-0.05540873495799481
KCNC3,-0.29551673937465095
KCNC4,-0.6012807741091677
KCND1,-0.674421756578518
KCND2,0.7688510129693567
KCND3,-0.20741015165646012
KCNE1,-0.09387216488104533
KCNE2,0.15718349172054202
KCNE3,-0.7837583366859426
KCNE4,-0.41576330940542017
KCNE5,1.8639038543680808
KCNF1,-0.9000391526460275
KCNG1,0.5667698867204011
KCNG2,-0.48094143717594245
KCNG3,-0.1398702670136842
KCNG4,-0.09526211284951103
KCNH1,0.4958251203428884
KCNH2,0.7655307068521973
KCNH3,-0.27818420557274415
KCNH4,0.007712607418105977
KCNH5,0.5988467526718597
KCNH6,-0.12466778517885646
KCNH7,0.5105386529180964
KCNH8,0.23415651016657768
KCNIP1,-0.22952388267633295
KCNIP2,-0.6382112268250646
KCNIP3,0.09115479982209007
KCNIP4,-2.1387976918268476
KCNJ1,-0.39456731649911825
KCNJ10,-0.8553635801293646
KCNJ11,-0.5372065418415581
KCNJ12,-1.717154616890989
KCNJ13,0.8571459069774048
KCNJ14,-0.4936106289834241
KCNJ15,-0.7788360617384452
KCNJ18,-0.372613986896367
KCNJ2,-0.22479217753886704
KCNJ3,1.7284621488259808
KCNJ4,-0.2628184417557655
KCNJ5,-0.4231604756105922
KCNJ6,-0.10520906563357468
KCNJ8,-0.8153936740640482
KCNJ9,0.4392581907672662
KCNK1,-0.037615203343544845
KCNK10,-1.5769273659609493
KCNK12,-2.3116821683680735
KCNK13,-0.2877932558936265
KCNK15,-0.5865666389746828
KCNK16,-1.0741267704583488
KCNK17,-1.3851872570360626
KCNK18,-0.703108158596425
KCNK2,-2.185564652991244
KCNK3,-0.43655322886268844
KCNK4,-0.26284044401940276
KCNK5,-0.5129472434674343
KCNK6,0.3204062212093257
KCNK7,-1.1350104334780546
KCNK9,-0.25087599913356595
KCNMA1,-0.38085707087146964
KCNMB1,1.538195651482775
KCNMB2,0.31513930165301324
KCNMB3,0.023075886706225734
KCNMB4,1.3887397184318746
KCNN1,0.7615725135280096
KCNN2,0.0
KCNN3,0.2370766911532225
KCNN4,-0.6976099064325363
KCNQ1,-0.14354965353371585
KCNQ2,0.15000824692158654
KCNQ3,0.9476856339804096
KCNQ4,-0.6303573063443985
KCNQ5,2.120404453224598
KCNRG,0.02388488542089795
KCNS1,-0.16209881306404106
KCNS2,0.179089242550023
KCNS3,-0.8098273203006706
KCNT1,0.33402139153033816
KCNT2,-1.4559487627378127
KCNU1,-1.173071128846627
KCNV1,-0.637061133987672
KCNV2,-1.4788044567149319
KCP,-1.33942630694209
KCTD1,0.350010612559819
KCTD10,-0.41138970499593785
KCTD11,0.04187422983481759
KCTD12,-0.5142199034085919
KCTD13,0.1764006012571686
KCTD14,-0.6130521719912974
KCTD15,0.2985882504987515
KCTD16,1.0527685581355126
KCTD17,0.6173538500587474
KCTD18,1.3598410836490633
KCTD19,-0.9731079001294408
KCTD2,0.10510427244538567
KCTD20,0.24131597712324515
KCTD21,0.21402257153210114
KCTD3,-0.5541562752344624
KCTD4,-0.1067408393335435
KCTD5,0.2103216387465201
KCTD6,-0.017350653227399704
KCTD7,0.36405611490203915
KCTD8,-0.45779872839834224
KCTD9,0.32988424590262255
KDELR1,-0.0778463311580051
KDELR2,0.15902477579838914
KDELR3,-0.35801570143737127
KDF1,-1.4016632084616323
KDM1A,-0.5141167683089627
KDM1B,0.3726214876318319
KDM2A,0.09585992552385969
KDM2B,0.6847682160906943
KDM3A,0.39453836190156233
KDM3B,0.02314288275638443
KDM4A,0.002332990908738175
KDM4B,-0.19880481157713437
KDM4C,-0.5480011923099644
KDM4D,-0.08123373052738447
KDM4E,-0.09819313440244237
KDM4F,2.7156017228900784
KDM5A,0.21021454457889543
KDM5B,0.5845505779519264
KDM5C,0.288895213502101
KDM5D,0.25559249910135984
KDM6A,0.10867160413001775
KDM6B,0.7200205534494741
KDM7A,0.40511806079177326
KDM8,-0.10939848825573995
KDR,-0.26872025574870817
KDSR,0.6401515626249958
KEAP1,-0.24207981791767086
KERA,-1.7951884199682133
KGD4,2.6174713768088944
KHDC1,0.40760473440903056
KHDC1L,0.18617243106625747
KHDC3L,-0.10496965653233142
KHDC4,0.29194577064194593
KHDRBS1,0.5173480870864173
KHDRBS2,2.204100636801317
KHDRBS3,-0.24910545436279352
KHK,-0.6311765112570824
KHNYN,-0.5164118968917011
KHSRP,0.3818135328352339
KIAA0040,-0.8975661473833365
KIAA0232,0.6011188731665413
KIAA0319,-0.2919729506851825
KIAA0319L,-0.4244001365787331
KIAA0408,0.7222739043330453
KIAA0513,0.1960847853204324
KIAA0586,0.20874304562079793
KIAA0753,0.22619274637936249
KIAA0825,0.5659841349585901
KIAA0930,-0.6207677787195649
KIAA1143,-0.4982544140234091
KIAA1191,-0.01089548834280718
KIAA1210,1.0063721607783156
KIAA1217,-1.0758417923958405
KIAA1328,-0.1154634096902396
KIAA1549,-0.3247444378654103
KIAA1549L,0.1123421217993866
KIAA1586,0.0822411629152866
KIAA1614,0.5354769553933069
KIAA1671,-0.6673358047091278
KIAA1755,-0.31920842953852113
KIAA1958,0.3905569062333054
KIAA2012,1.8789556839664845
KIAA2013,0.849932212595282
KICS2,-0.45391706296649015
KIDINS220,-0.39221859950499915
KIF11,-0.12425066593083223
KIF12,-0.6408410907026973
KIF13A,2.0106052083456625
KIF13B,0.08143117690291768
KIF14,0.49224755353691285
KIF15,-0.5124348086507164
KIF16B,1.0868763336103764
KIF17,-0.6030874197159208
KIF18A,0.34747107586311454
KIF18B,-0.4621160298602547
KIF19,-0.08263093588756093
KIF1A,-1.4782954123108525
KIF1B,-0.40346980189686676
KIF1C,-0.38986794919318735
KIF20A,0.03657541534490294
KIF20B,0.20070695549556739
KIF21A,0.5354652862952929
KIF21B,-0.3742473983683321
KIF22,-0.05961394238730611
KIF23,-0.14802233045901714
KIF24,-0.17113374763829547
KIF25,2.081273057499859
KIF26A,-0.865722178835741
KIF26B,0.7011785941130654
KIF27,-0.20919425556093119
KIF2A,0.052810144406156834
KIF2B,1.3802298480935558
KIF2C,-0.2608497272039303
KIF3A,0.0970197152484773
KIF3B,0.801390705409565
KIF3C,-0.7679181016055054
KIF4A,0.2482034454939992
KIF4B,-0.17954969112393615
KIF5A,-0.45165578739747136
KIF5B,-0.007815530139437588
KIF5C,1.394723943136614
KIF6,0.12667884640253613
KIF7,-0.8415077213364055
KIF9,-0.11759116349958232
KIFAP3,-0.32382390528873695
KIFBP,0.2265931090994333
KIFC2,-0.5254888505398547
KIFC3,0.28857898552834704
KIN,0.4285416452851556
KIRREL1,-0.8609163472944394
KIRREL2,-0.5895950946900523
KIRREL3,-0.9115449697138195
KISS1,0.3936186688631518
KISS1R,-0.5435123671466615
KIT,0.11763759014407255
KITLG,0.3039074579238634
KIZ,-0.11160105101107698
KL,-0.6383275554406918
KLB,0.272285534366733
KLC1,0.44815470776848976
KLC2,0.08390991198624675
KLC3,0.9503898488836534
KLC4,-0.6219535527248186
KLF1,-0.3115139255416497
KLF10,0.6529532255801613
KLF11,0.541773911363037
KLF12,0.6244012687609914
KLF14,-0.31034048648251916
KLF15,-0.5259611317154409
KLF16,-0.32189281929857616
KLF17,1.1599752851504532
KLF18,-0.6514913802727337
KLF2,-0.05841949744150954
KLF3,0.6644598949460214
KLF4,0.06674451665421
KLF5,0.6952972299754137
KLF6,-0.5212042228022451
KLF7,0.6026653339135153
KLF8,1.0674019599470665
KLF9,-1.0345473023852803
KLHDC1,0.06978252677364227
KLHDC10,0.4351591744532106
KLHDC2,0.4069100522379223
KLHDC3,-0.08822109598644756
KLHDC4,-0.23491341600630467
KLHDC7A,-0.43283343870568225
KLHDC7B,0.37477874087281515
KLHDC8A,-1.5070724355048666
KLHDC8B,-0.9885783358971914
KLHDC9,-0.07635952913721766
KLHL1,-0.4130442583703058
KLHL10,-0.38299478605390536
KLHL11,0.07503426130979207
KLHL12,0.21421477202038375
KLHL13,-1.8113986842873187
KLHL14,-0.06474727284300008
KLHL15,0.8312964425031515
KLHL17,-0.3048935324445581
KLHL18,-0.1683751115852159
KLHL2,-0.046840834516645335
KLHL20,-0.1344014969883287
KLHL21,0.20863038641380083
KLHL22,1.0952927822028702
KLHL23,0.1556819874699651
KLHL24,0.39233358023138054
KLHL25,-0.18621721262247015
KLHL26,-0.7086769711129155
KLHL28,-1.200534021686821
KLHL29,0.0021868831565039493
KLHL3,-0.6075168136887865
KLHL30,-0.8923225111345333
KLHL31,0.16794489214004704
KLHL32,0.25320196402736483
KLHL33,0.052292024665621106
KLHL34,-0.7439044970521238
KLHL35,-0.5420963113388634
KLHL36,0.315765700880243
KLHL38,-0.6313622583906445
KLHL4,-1.571257849673037
KLHL40,-0.3792987908929596
KLHL41,1.4079288159846535
KLHL42,0.0732046471043617
KLHL5,1.0306553582280762
KLHL6,0.29470774058349103
KLHL7,-0.05775624228282439
KLHL8,0.18198037924181676
KLK1,-0.9732991085908835
KLK10,-0.6513796826496446
KLK11,-0.5723448286490606
KLK12,-0.0009463439847929855
KLK13,0.02709371275653738
KLK14,-0.5880755407824485
KLK15,0.05664202190660994
KLK2,-1.2490546750914429
KLK3,2.302667787991261
KLK4,-0.266546929161393
KLK5,0.4128265803014124
KLK6,0.9921463404413248
KLK7,-0.7335486183340245
KLK8,0.8843814084016084
KLK9,-0.7265602178967464
KLKB1,-0.48812780582362547
KLLN,-0.2461868451292757
KLRB1,1.4599607596939184
KLRC1,1.1118940108344884
KLRC2,-0.35418345527436035
KLRC4,0.4694233956839663
KLRC4-KLRK1,0.708183638541244
KLRD1,-0.20876391004618422
KLRF1,-0.6602834481156393
KLRF2,-0.5536426136605095
KLRG1,0.21953339756712875
KLRG2,0.10881508880906632
KLRK1,0.8752824523552358
KMO,0.5099380872968493
KMT2A,0.39532535276578873
KMT2B,0.09251082655103682
KMT2C,0.0667666538312286
KMT2D,0.07713378214770739
KMT2E,-0.8011437873046465
KMT5A,-0.5173668146932244
KMT5B,0.7823920645973235
KMT5C,0.1217725394710718
KNCN,-0.416807035068399
KNDC1,0.3811008173876334
KNG1,-0.6728033934908786
KNL1,0.5924937609695711
KNOP1,0.5132325466638261
KNSTRN,-0.0944808445854628
KNTC1,-0.255911178580448
KPLCE,-0.3552360643025897
KPNA1,0.5899563824885723
KPNA2,0.20814264473269573
KPNA3,-0.5687212678729061
KPNA4,0.08950303226196477
KPNA5,0.11408356401958253
KPNA6,-0.10272234817982273
KPNA7,0.1865122023537653
KPNB1,0.2801695766634835
KPRP,-0.6810923892737516
KPTN,-0.36090122588945395
KRAS,0.6165904342481192
KRBA1,-0.4179610469700108
KRBA2,0.2709841574558318
KRBOX1,-0.9405469717889463
KRBOX4,0.5371741146700799
KRBOX5,0.3375576835060068
KRCC1,-0.5089967376639575
KREMEN1,0.10883690851852545
KREMEN2,1.0831108628842168
KRI1,-0.4260911075740439
KRIT1,0.38185268393963323
KRR1,-0.3086386714035494
KRT1,-0.006041189904623767
KRT10,0.13302676010566583
KRT13,1.1493303001016306
KRT14,-0.39287831103808707
KRT15,-0.09752867027323209
KRT16,-1.0408167463541824
KRT17,-0.2846276100034773
KRT18,-1.2430087062915574
KRT19,0.07318747548159543
KRT2,-0.5480296618311035
KRT222,0.22028649346613793
KRT24,0.35894366933048616
KRT25,-1.102389255024792
KRT26,-0.18152052849616318
KRT27,0.3907909871152544
KRT28,0.12503624849377237
KRT3,-0.4823042454335031
KRT32,0.2606520911616788
KRT35,-0.01483506566464765
KRT36,0.7031286387620688
KRT38,-1.3721659726749111
KRT4,0.4915925639621149
KRT5,0.5938672572125979
KRT6A,-0.8589274586211457
KRT6B,-0.8657819628504702
KRT6C,0.767994249483563
KRT7,0.14773741120849138
KRT71,-0.6912389284616448
KRT72,0.3573372414827532
KRT73,-0.29719421227836085
KRT74,0.3610469555954542
KRT75,-1.414462369709983
KRT76,-1.8173300678724535
KRT77,0.34602315174504555
KRT78,-0.37474111654901054
KRT79,-0.790165227752766
KRT8,-0.8410504479245461
KRT80,-0.7484094931423084
KRT81,1.429447626604396
KRT82,-1.1705502197992614
KRT83,0.13552403582856964
KRT84,1.0955405999584262
KRT85,-0.5213678697022803
KRT86,0.746357079834441
KRT9,-0.6349249293832926
KRTAP10-1,-0.9004651171938822
KRTAP10-10,-0.4800523437201477
KRTAP10-11,-0.20815191887193674
KRTAP10-12,-0.9345475389783507
KRTAP10-2,-0.6520770293160142
KRTAP10-3,-0.16449414424522552
KRTAP10-4,-0.08488881657534678
KRTAP10-5,-0.9135046745552893
KRTAP10-6,-0.7350540108961982
KRTAP10-7,-0.7917143469156347
KRTAP10-8,-0.7496409610856674
KRTAP10-9,0.1623824734680479
KRTAP11-1,-2.3290369586223036
KRTAP12-1,-1.2959730568701002
KRTAP12-2,-0.7437115548061839
KRTAP12-3,0.4285194962145279
KRTAP12-4,-0.8832312175026796
KRTAP13-1,-1.2879120967005102
KRTAP13-2,-0.6383275554406918
KRTAP13-3,1.6748139862188292
KRTAP13-4,-3.0924564380483286
KRTAP15-1,2.7454370255631626
KRTAP16-1,-0.5824581651486298
KRTAP19-1,-0.332428795002232
KRTAP19-2,1.6922435135259173
KRTAP19-3,-1.8210381298362488
KRTAP19-4,1.933433050478945
KRTAP19-5,-2.706096053142645
KRTAP19-6,0.46739432003942705
KRTAP19-8,-2.177221130646151
KRTAP20-2,0.384144292917705
KRTAP20-3,-0.589139891823582
KRTAP20-4,0.8851522509281582
KRTAP21-1,0.015133341845604442
KRTAP21-2,0.2097930769240106
KRTAP21-3,-0.18039908149323286
KRTAP22-1,0.05107436894835349
KRTAP22-2,0.6474284701963609
KRTAP23-1,0.40552648698343696
KRTAP24-1,-0.24704122304324527
KRTAP25-1,0.5214526261584576
KRTAP26-1,-1.108780147405952
KRTAP27-1,0.6383275554406918
KRTAP4-1,1.257653129454701
KRTAP4-2,-1.035739522774809
KRTAP4-3,-0.7588799415465748
KRTAP4-4,0.297566264804593
KRTAP4-5,-0.8637886850450986
KRTAP4-6,1.8113986842873187
KRTAP5-10,2.4394245853425014
KRTAP5-11,-0.42292202039358995
KRTAP5-7,0.04474064756943008
KRTAP5-8,0.4444991875086928
KRTAP5-9,0.4417375618596545
KRTAP6-2,-0.638327575040837
KRTAP6-3,0.08668157983736213
KRTAP7-1,0.08848890844957968
KRTAP8-1,-1.3382026510603775
KRTAP9-1,-0.9411077566015609
KRTCAP2,-0.6825894348571961
KRTCAP3,-0.8252378236590256
KRTDAP,0.9239466126852436
KSR1,-0.1991733225830601
KSR2,-0.51853831843534
KTI12,0.40829289684352776
KTN1,-0.8471839865883402
KXD1,-0.010998929104070854
KY,-1.1401172542266873
KYAT1,0.23400373143274944
KYAT3,0.6451554692420158
KYNU,-1.4509706107663392
L1CAM,0.5730553692259895
L1TD1,-1.832793692792021
L2HGDH,0.04185385173996092
L3HYPDH,-0.13703625184981405
L3MBTL1,-2.7375937814785254
L3MBTL2,0.4970247130140435
L3MBTL3,-0.5032396097866796
L3MBTL4,2.47733124168017
LACC1,-0.03439433761203836
LACRT,-0.42594669925160034
LACTB,0.6253113212630987
LACTB2,-0.018765851621559193
LACTBL1,0.010959742810377926
LAD1,0.12208792950179026
LAG3,-0.9138463925177019
LAGE3,0.40303946722289385
LAIR1,1.041826108346815
LALBA,0.37414684164074796
LAMA1,0.36006467402004017
LAMA2,0.6221172911215864
LAMA3,-0.010018737921852594
LAMA4,0.11165324508586211
LAMA5,-0.2821540610910864
LAMB1,-0.14532741237991104
LAMB2,-1.1553024129247462
LAMB3,-0.05870793449465794
LAMB4,1.7522006997614255
LAMC1,0.9346427321392574
LAMC2,0.04803004185167481
LAMC3,-0.90650731360299
LAMP1,0.5703325217575448
LAMP2,-0.08775392443765595
LAMP3,0.3233968870144981
LAMP5,0.6383275554406918
LAMTOR1,0.13454012741528443
LAMTOR2,-0.28922661691020846
LAMTOR3,0.16823244587207764
LAMTOR4,-0.32051964894814455
LAMTOR5,-0.16424357788985766
LANCL1,0.2628096871195771
LANCL2,0.48249752709881477
LANCL3,-2.0316152348942658
LAP3,-0.4174590433979528
LAPTM4A,0.3939004048862236
LAPTM4B,0.0376368273019283
LAPTM5,-0.12575420879284538
LARGE1,0.5809333036329956
LARGE2,-0.5716608369948286
LARP1,-0.21146184968615966
LARP1B,0.1649223363272756
LARP4,0.2772774727408724
LARP4B,0.022383402987657952
LARP6,0.7747809895806673
LARP7,0.2606718840187634
LARS1,-0.08184330611175072
LARS2,-0.2858163126124009
LAS1L,0.19534537836128685
LASP1,0.24382649816449709
LASP1NB,0.4765925835545467
LAT,-0.7679892448184731
LAT2,-0.38967870426809537
LATS1,0.12319844569753347
LATS2,-0.18829265704329678
LAX1,-1.00741995297511
LAYN,2.364731106476224
LBH,0.3283514725524923
LBHD1,0.02877902532628651
LBHD2,-1.2793847598004715
LBP,0.14353877949662663
LBR,0.07910670064382375
LBX1,-0.32248851863159245
LBX2,-0.4111320983724127
LCA5,-1.0674019599470665
LCA5L,0.033355142182193376
LCAT,-0.6633705996988679
LCE1A,0.4333918613135411
LCE1B,-0.8990512335474585
LCE1C,0.09744021000142217
LCE1D,0.4596497954677985
LCE1E,-0.673927813697327
LCE1F,1.3093311111883246
LCE2A,-0.9641730040437579
LCE2B,-1.1648034383340904
LCE2C,-0.8033975794751023
LCE2D,2.420084506591265
LCE3A,-0.806316883888033
LCE3B,0.6268775529114226
LCE3C,-1.3578325620865979
LCE3D,-0.7369664064683681
LCE3E,-0.3711870381509041
LCE4A,-1.0432558591709207
LCE5A,-1.487619340477249
LCE6A,-0.42279378275537216
LCE7A,0.24486610715909113
LCK,-0.7870930989505114
LCLAT1,0.17123526860992588
LCMT1,-0.04845276199697457
LCMT2,0.4343342439014277
LCN1,-1.0732420573977743
LCN10,0.16811822110852886
LCN12,-0.3124276672565438
LCN15,-0.5965810230036352
LCN2,-1.0185325603578212
LCN6,1.0286465189430796
LCN8,-0.06924207863328746
LCN9,0.269944751334246
LCNL1,-0.40141495241851444
LCOR,-0.14649132366182682
LCORL,-0.4197056823959544
LCP1,-0.6726411817565783
LCP2,0.5900457408380388
LCT,-0.8302474664925974
LCTL,0.1255056841522817
LDAF1,-0.08972534904633922
LDAH,-0.07574783536069862
LDB1,-0.4896181694817652
LDB2,0.877703464290621
LDB3,-0.46404859187531544
LDHA,-0.15584937458472004
LDHAL6A,-0.8191294992452266
LDHAL6B,0.9853796087559283
LDHB,-0.847999180253385
LDHC,0.15076654229613218
LDHD,-0.21685596304760746
LDLR,-0.6849258738878179
LDLRAD1,0.26909731675947707
LDLRAD2,1.1352122151159627
LDLRAD3,1.0797106877432023
LDLRAD4,-0.704515221272922
LDLRAP1,0.3672961861921641
LDOC1,-0.27345190508686357
LEAP2,-0.6674540519426455
LECT2,-0.02786689320968616
LEF1,0.21729954721447076
LEFTY1,-0.5036149667054741
LEFTY2,-0.09869098593221959
LEKR1,-0.4732800885166316
LELP1,1.708196843261214
LEMD1,-1.3848636717469356
LEMD2,-0.029835959065747986
LEMD3,0.0862143752583151
LENEP,-0.260245391838128
LEO1,0.0049335117045972154
LEP,-0.21991859462189656
LEPR,0.015330627179572343
LEPROT,0.0280605264236109
LEPROTL1,0.12153184309880283
LETM1,-0.5316867698118486
LETM2,-0.020633066131136246
LETMD1,-0.2981540648111314
LEUTX,-0.5150498289535855
LFNG,-0.27285332183407984
LGALS1,-0.2957047824412551
LGALS12,-0.20587040737766982
LGALS13,1.1194054324321265
LGALS14,0.07491395620241093
LGALS16,-0.9448187757170692
LGALS2,-0.13828283080950243
LGALS3,-0.003419032778677167
LGALS3BP,-1.1372876861009584
LGALS4,-1.5659938341964257
LGALS7,0.8454027572593936
LGALS7B,-1.1228258080091928
LGALS8,0.9469325308993086
LGALS9,-0.5649263567018572
LGALS9B,-0.8290143973778078
LGALS9C,-0.10666944622257113
LGALSL,0.41963056983125013
LGI1,-1.3336325811180851
LGI2,-0.5214272441111563
LGI3,-0.0946490032981625
LGI4,0.14209468348383691
LGMN,0.4398033956646308
LGR4,0.47512863409638484
LGR5,1.1064975408804927
LGR6,-0.6504977689657957
LGSN,1.4874534163803934
LHB,-0.2414939414270003
LHCGR,0.8344170710457994
LHFPL1,0.8724415419906315
LHFPL2,0.0761244517001245
LHFPL3,0.0
LHFPL4,0.16686568821237535
LHFPL5,-0.20698114131826362
LHFPL6,0.6692654471877448
LHFPL7,0.011572503025767067
LHPP,-0.1803715326186015
LHX2,0.47997235243468883
LHX3,-0.20645128529764056
LHX4,0.8575884062865404
LHX5,-0.2435572336530446
LHX6,0.9885052882319069
LHX8,-2.18318548521624
LHX9,-0.2684121100377903
LIAS,0.48787547837311784
LIAT1,0.15492031976462428
LIF,-0.14947854321825504
LIFR,-0.7047528403918724
LIG1,-0.25204067212333525
LIG3,-0.668098512561925
LIG4,0.047445117920567714
LILRA6,-1.3590842623939365
LIM2,0.025474606916008335
LIMA1,-0.5007324216268034
LIMCH1,-1.3217400349722488
LIMD1,-0.7695009581883339
LIMD2,0.70663677714102
LIME1,-0.8074599065738717
LIMK1,-0.8743326453373355
LIMK2,-0.5820356304627721
LIMS1,0.6798691975404045
LIMS2,-0.24787130276672054
LIMS4,-1.9393972846779923
LIN28A,-0.3672351576046914
LIN28B,-0.42274976802108455
LIN37,0.643248399484937
LIN52,-0.4948943815006417
LIN54,-0.03681464823232483
LIN7A,-1.889570658790075
LIN7B,-0.2985285629516343
LIN7C,-0.13671356653576838
LIN9,-0.2161734543837781
LINC02218,-0.6383275554406918
LINC03040,-2.577662144407839
LINC03051,-1.348542172019067
LINGO1,-1.0925173485637036
LINGO2,0.2388657713643127
LINGO3,-0.07903350677859206
LINGO4,0.24920046500564674
LINS1,0.5753566129635592
LIPA,-0.37322171307644947
LIPC,0.029096798074276453
LIPE,-0.3879583450115979
LIPF,-0.5986382696021361
LIPG,1.6249042428017062
LIPH,0.03466105596023061
LIPI,-1.173071128846627
LIPJ,-1.4616301720366
LIPK,0.2666139968589949
LIPM,-0.007155398153100068
LIPN,-0.6442851613339793
LIPT1,-0.265015817538758
LIPT2,-0.41252947895527425
LITAF,-1.0644456829137898
LITAFD,-1.138969393995678
LIX1,-1.0976311467795836
LIX1L,0.18213781337940915
LKAAEAR1,-0.38550349975486575
LLGL1,-0.42307494891243547
LLGL2,-0.8412267264407667
LLPH,0.0445051287490279
LMAN1,0.43510646168145106
LMAN1L,-0.4712991324278184
LMAN2,0.3858064549768714
LMAN2L,0.23122290394830447
LMBR1,0.08802866496329065
LMBR1L,0.24574888144198948
LMBRD1,-0.589139891823582
LMBRD2,-0.12287856703868094
LMCD1,3.590601812146814
LMF1,-1.0913281996017548
LMF2,-0.3953798284822412
LMLN,0.1575520662890164
LMNA,0.3998692905745538
LMNB1,-0.5727650700478906
LMNB2,-0.5866948226737683
LMNTD1,0.6057228148842051
LMNTD2,1.02290443205323
LMO1,-2.2794845928111673
LMO2,1.104132295115257
LMO3,2.494500413511574
LMO4,-0.5622623129236766
LMO7,-0.640570804305037
LMOD1,-0.3603817093562808
LMOD2,1.026768815795345
LMOD3,0.28122148676056036
LMTK2,0.5373409115143342
LMTK3,1.0085295614782694
LMX1A,-0.561533532374509
LMX1B,-0.8578973113226676
LNP1,0.09305495914960327
LNPEP,0.04789230714147141
LNPK,-0.027440026368634296
LNX1,-0.03551429429111086
LNX2,-0.08637642495478381
LONP1,0.2552870534718079
LONP2,0.10381361870640626
LONRF1,-0.01549278543011745
LONRF2,-0.1940224502675718
LONRF3,-1.2232587591591904
LORICRIN,0.6362607124733304
LOX,-1.9866422211803108
LOXHD1,0.1808872552567705
LOXL1,-0.7073517109568952
LOXL2,-0.7944281155027042
LOXL3,-0.14508577764010844
LOXL4,0.04383520138913655
LPA,-1.771810412933086
LPAR1,-1.4942334706685083
LPAR2,-0.626610412668005
LPAR3,0.3123397458684012
LPAR4,0.411547762302081
LPAR5,-1.0475013465442315
LPAR6,-0.14236547715937742
LPCAT1,0.09060154139491372
LPCAT2,0.9070407831540523
LPCAT3,-0.6135968575528628
LPCAT4,-0.5927099327997376
LPGAT1,0.24775303317830266
LPIN1,0.15268354882531693
LPIN2,0.1524786333623529
LPIN3,-0.9025309830178039
LPL,2.6157582924411793
LPO,0.15780374497132765
LPP,0.8064408543824073
LPXN,1.0271101938498184
LRAT,1.8871899049690475
LRATD1,-1.7779019176951847
LRATD2,0.6634835472171493
LRBA,0.12190465942898099
LRCH1,-0.12821688726014902
LRCH2,-1.8113986842873187
LRCH3,0.49926386573742
LRCH4,-0.36462535059225987
LRCOL1,-0.400742729867525
LRFN1,-0.1610520483345259
LRFN2,-0.318476060393298
LRFN3,0.5316520828625387
LRFN4,-0.24953567027048473
LRFN5,1.8211956873253818
LRG1,-0.40785426761297794
LRGUK,-0.027579786888894176
LRIF1,0.054107332175360234
LRIG1,-0.26011355097160305
LRIG2,-0.20439051300858013
LRIG3,0.027698473162103054
LRIT1,-1.2514273090355157
LRIT2,-1.5963023796722762
LRIT3,-0.1555576602630564
LRMDA,-0.5592674649866335
LRP1,-0.5363066748327814
LRP10,-0.3313123319337139
LRP11,-0.3079212826592368
LRP12,0.050506204840640834
LRP1B,-0.41822709293062643
LRP2,0.06783154866883954
LRP2BP,0.025430884491432604
LRP3,0.2550852212421386
LRP4,0.023218985483914434
LRP5,-0.39501071243587127
LRP6,0.12489590618305924
LRP8,-1.042305479009355
LRPAP1,0.11674339445873327
LRPPRC,-0.0674355688535142
LRR1,-0.39313208251232723
LRRC1,0.04280319588618253
LRRC10,0.13806320014064882
LRRC10B,-0.2964834513934982
LRRC14,0.32345934883051486
LRRC14B,0.054930112612408655
LRRC15,-0.0447607263908667
LRRC17,-0.8101455758638355
LRRC18,-0.6312265181571022
LRRC19,0.5900178071634927
LRRC2,-0.3567295380032629
LRRC20,-0.23499611597559422
LRRC23,0.06587992032786971
LRRC24,0.4912888441448844
LRRC25,-0.1678318712558552
LRRC26,0.5100095127546567
LRRC27,-0.1227480119248674
LRRC28,-0.3352341205746474
LRRC3,-0.048445997013247255
LRRC30,0.06334354518299656
LRRC31,-0.3498504509727796
LRRC32,-1.0092469004556412
LRRC34,-0.6418864031614495
LRRC36,-0.9699536077549238
LRRC37A3,-0.4300819165449612
LRRC37B,-0.043704623566112044
LRRC38,-0.16477189562224068
LRRC39,1.2796820745691395
LRRC3B,0.17870613484120978
LRRC3C,0.2537664689807486
LRRC4,-0.6780723694452859
LRRC40,0.027520668463314024
LRRC41,0.38470024076931075
LRRC42,-0.3718646695121621
LRRC43,0.5330211470638231
LRRC45,-0.2212823826938619
LRRC46,-0.048491776237348905
LRRC47,-0.12069090110709224
LRRC49,0.7252623649083387
LRRC4B,0.08690327416886717
LRRC4C,-0.28142918357788227
LRRC51,0.04268569399825495
LRRC52,-0.9609717279108717
LRRC53,-0.7369667433020283
LRRC55,0.1184125816854463
LRRC57,0.3207533044264066
LRRC58,-0.03555084892453575
LRRC59,0.07559713366471144
LRRC61,0.06268510760790535
LRRC63,-0.6836904614340997
LRRC66,0.5587866568900939
LRRC69,0.6717288258091487
LRRC7,0.008803682081381825
LRRC70,1.2056956634132878
LRRC71,0.05200058632432092
LRRC72,-0.11281991381440043
LRRC73,-0.09386701570867695
LRRC74A,0.0505619900687925
LRRC74B,-0.27261316434162963
LRRC75A,0.6502504533593068
LRRC75B,-0.9371511017045209
LRRC8A,0.24065646918746708
LRRC8B,-0.04432740402573021
LRRC8C,0.07877244582252674
LRRC8D,-0.01015789378696974
LRRC8E,-0.36314436031321573
LRRC9,0.38751990212854004
LRRCC1,-0.2190912083873211
LRRD1,0.405257039057092
LRRFIP1,-0.5179970537099234
LRRFIP2,-1.0289447466045751
LRRIQ1,2.0156007292453304
LRRIQ3,0.07468806307567433
LRRIQ4,-0.6461364924845827
LRRK1,0.06153845085517212
LRRK2,-2.3532772115293374
LRRN1,0.10206762966881755
LRRN2,-0.7583792298624563
LRRN3,0.827764374663229
LRRN4,-0.23709847020970642
LRRN4CL,0.28487974248437276
LRRTM1,0.6648167225421391
LRRTM2,1.178960591846295
LRRTM3,0.42440256514321906
LRRTM4,-0.16466303918731295
LRSAM1,-0.31344907497037333
LRTM1,0.6086429332990275
LRTM2,-0.025956262930107443
LRTOMT,0.039542756585082106
LRWD1,-0.3965286939069079
LSAMP,-1.347814290058686
LSG1,-0.037838951374821406
LSM1,-0.18935581134121193
LSM10,-0.17096433540821998
LSM11,-0.6574291530835517
LSM12,0.5534791279371438
LSM14B,0.14423955421490708
LSM3,0.4319045540206119
LSM4,0.2917530616874102
LSM5,0.29492099092988777
LSM6,-0.2291922484564226
LSM7,-0.03208015013075993
LSM8,-0.05716071575585868
LSMEM1,0.48737453514599116
LSMEM2,-0.8534832713860125
LSP1,0.33408689366627264
LSR,-0.4532043172655816
LSS,-0.35215480416667866
LTA4H,0.2718923385331324
LTB4R,-0.38185349282385617
LTB4R2,-0.19605424416505257
LTBP1,0.6983402498251985
LTBP2,0.13079684334938269
LTBP3,-0.16532378743618148
LTBP4,-0.3789768072612777
LTBR,-0.5421293271742023
LTC4S,-0.6249226550298852
LTF,-0.18688219950145557
LTK,-0.09588739264427248
LTN1,-0.3567091533443234
LTO1,-0.3984595862872897
LTV1,0.3485669208550055
LUC7L,0.22437236755449863
LUC7L2,0.8125258360663352
LUC7L3,-0.36833372121815433
LUM,-1.173071128846627
LURAP1,-0.5111362927100239
LURAP1L,0.0
LUZP1,0.08773628145833579
LUZP2,-0.4170518558290697
LUZP4,1.8113986842873187
LVRN,0.013756668381256049
LXN,1.0111879129531818
LY6D,-1.0067974126387205
LY6K,0.2383862329777019
LY75,0.21532563530342164
LY75-CD302,0.18332397381172943
LY86,0.4333151445346779
LY9,-0.41408595070183396
LY96,-0.5063116266190932
LYAR,-0.29668456684133737
LYG1,-0.25475371673032343
LYG2,0.9034812247946241
LYL1,-0.5429524646766271
LYN,-0.18128252403997513
LYNX1,0.34833760905242506
LYNX1-SLURP2,-0.1798680744553126
LYPD1,-2.5707582587051805
LYPD2,-0.3734678466501011
LYPD3,0.7236461298498675
LYPD4,0.7865294958338598
LYPD5,-0.3354016938958282
LYPD6,-2.044721239301085
LYPD6B,0.1878184106147745
LYPD8,-0.13229980485020532
LYPLA1,0.24961777499758542
LYPLA2,-0.27560387272845466
LYPLAL1,0.18285846652801685
LYRM1,0.07890010137640946
LYRM2,-0.7578463774737214
LYRM4,0.20594102487926946
LYRM7,-0.002690087581745715
LYRM9,0.6454687599969802
LYSET,0.5563970399552804
LYSMD1,0.12761790342982948
LYSMD2,0.4928622963817978
LYSMD3,0.3091541895245524
LYSMD4,-0.40490107870955816
LYST,0.4751223542154869
LYVE1,-1.6086615785967828
LYZ,-0.41195191450304347
LYZL1,-0.6221172911215864
LYZL2,0.7406853810526655
LYZL4,2.406257301179117
LZIC,0.05424860605408588
LZTFL1,-1.4221098774893037
LZTR1,-0.3797022172140836
LZTS1,-0.2922778104329007
LZTS2,-0.6639308893954281
LZTS3,-0.2750621247664009
M1AP,-0.5737831047186089
M6PR,0.2650521484645312
MAB21L1,-1.276157307680078
MAB21L2,-0.491443082207415
MAB21L3,0.045532647624925586
MAB21L4,-0.6743457303979699
MACC1,1.731883928526745
MACF1,0.3922601956228681
MACIR,-0.0684292394596624
MACO1,0.183132294814373
MACROD1,-0.9775399149436557
MACROD2,-1.6005603953317404e-08
MACROH2A1,-0.2684624864187426
MACROH2A2,-0.11232231819657867
MAD1L1,-0.15900352782019334
MAD2L1,0.14880711559339188
MAD2L1BP,0.09630635403074672
MAD2L2,0.10709511765130797
MADCAM1,-0.1971591549197078
MADD,-0.3036851102121432
MAEA,0.24096640329466323
MAEL,0.1180909764319924
MAF,-0.2520799964002857
MAF1,0.4229833354372823
MAFA,0.5137390571538972
MAFB,-0.3369686745508378
MAFF,0.3836605886835309
MAFG,0.31933522569518047
MAFK,-0.962175495688399
MAG,-0.13543672437124202
MAGEA1,1.6469652669033725
MAGEA10,0.5781103639517826
MAGEA11,1.6785778428350457
MAGEA12,-1.4995202190862937
MAGEA2B,1.173071128846627
MAGEA3,-1.1219967598982734
MAGEA4,-2.472242357687424
MAGEA6,-1.1323573094301507
MAGEA8,0.4431774973987786
MAGEA9,0.15539486059024776
MAGEA9B,2.52627478589905
MAGEB1,2.732729378074577
MAGEB10,-0.349944955674947
MAGEB16,-1.785374107452948
MAGEB17,1.2692963945078413
MAGEB18,0.025311179074774426
MAGEB2,1.404397432852959
MAGEB3,-0.7240860225869996
MAGEB4,1.4818733489838778
MAGEB5,0.9810609604520726
MAGEB6,1.173071128846627
MAGEB6B,-0.032604740556486655
MAGEC1,2.084242233311316
MAGEC2,1.7787939662850005
MAGEC3,-0.3376967599750156
MAGED1,1.1784091728534318
MAGED2,0.8343128512639051
MAGED4B,-0.7026185368813667
MAGEE1,0.45438394608548793
MAGEE2,1.1477599497718525
MAGEF1,0.48892868838679626
MAGEH1,3.3621089538554187
MAGEL2,-0.09784744183390326
MAGI1,0.20885749154316757
MAGI2,-2.644996968724902
MAGI3,-0.010234235998658026
MAGIX,1.171513280372838
MAGOH,0.14745335104010548
MAGOHB,-0.05742397285029366
MAGT1,0.33831110004325593
MAIP1,-0.0076812354474626865
MAJIN,-0.05077463933996251
MAK,1.093260220167854
MAK16,0.025364768991321007
MAL,-0.33143369686542656
MAL2,0.37949458661542446
MALL,-0.9250104135270929
MALRD1,-1.03102950795469
MALSU1,0.681754242365531
MALT1,0.7664536395447479
MAMDC4,-0.09278033383604756
MAML1,0.4013922424946488
MAML2,1.5408238951861464
MAML3,0.613302256544924
MAMLD1,2.027929726620982
MAMSTR,-0.10810631564246131
MAN1A1,-0.49986411935735964
MAN1A2,0.5163282573282411
MAN1B1,-0.3957221631721217
MAN1C1,0.10136817294096964
MAN2A1,-0.43932343986824973
MAN2A2,-0.09819273123747063
MAN2B1,0.47576036507757724
MAN2B2,-1.1516688869531162
MAN2C1,-0.056852856351786496
MANBA,0.1405711225965085
MANBAL,0.2522866668231374
MANEA,0.31432934072198915
MANEAL,-0.32238625537136034
MANF,-0.16899137832346645
MANSC1,-0.9540924502626611
MANSC4,0.08347595262462182
MAOA,0.03705954700874925
MAOB,0.45720791404495986
MAP10,-0.324438658507166
MAP1A,-0.2546886920034144
MAP1B,0.08293991270580658
MAP1LC3A,-0.6334638153395613
MAP1LC3B,0.33197416471801944
MAP1LC3B2,0.386531278847327
MAP1LC3C,-0.3372828579095646
MAP1S,-0.017743427857905836
MAP2,1.2881700584931348
MAP2K1,-0.0419383109067053
MAP2K2,0.17009859278309447
MAP2K3,0.12857383295746727
MAP2K4,0.614942282012235
MAP2K5,-0.0584437978518233
MAP2K6,-0.5781739343764712
MAP2K7,-0.5536547255285416
MAP3K1,0.6206346790559794
MAP3K10,0.39800426998099736
MAP3K11,0.8838385216550204
MAP3K12,0.2571410968936254
MAP3K13,0.3551409818163398
MAP3K15,-0.09971685035320285
MAP3K19,0.2345637432323977
MAP3K2,0.2920380005781382
MAP3K20,-0.08240821960962696
MAP3K21,-0.06848221066765348
MAP3K3,-0.3156643705060693
MAP3K4,0.3313928523432714
MAP3K5,0.6995061887373994
MAP3K6,-0.13254730065186382
MAP3K7,0.5721715154663674
MAP3K7CL,0.17916101847321597
MAP3K8,0.9986619799673968
MAP3K9,-0.4108295306794898
MAP4,-0.21250694046363838
MAP4K1,-0.14838628866910897
MAP4K2,-0.7468180182090478
MAP4K3,-0.31310066823944926
MAP4K4,0.1012618854013767
MAP4K5,-0.2772284921571576
MAP6,-0.5486420798695429
MAP6D1,-0.46648550674169154
MAP7,0.09931885089641189
MAP7D1,0.08932490391220194
MAP7D2,2.63351529299552
MAP7D3,0.4257290044812353
MAP9,1.6374909644191604
MAPDA,0.4238074103614986
MAPK1,-0.038861955687448546
MAPK10,-1.451287376424292
MAPK11,0.2047752367394109
MAPK12,-0.7316649747855841
MAPK13,0.39498858721939567
MAPK14,0.013554372300542461
MAPK1IP1L,-0.2636891247056772
MAPK3,-0.7110186183437568
MAPK6,-0.11158457121707666
MAPK7,-0.1631910709851505
MAPK8,0.25828371675183415
MAPK8IP1,-0.1890959951808695
MAPK8IP2,-0.5517703963684667
MAPK8IP3,0.1272455183229062
MAPK9,-0.4121840881634582
MAPKAP1,0.15964487840581
MAPKAPK2,0.6942415960586037
MAPKAPK3,-0.946972314420083
MAPKAPK5,0.22937603653847027
MAPKBP1,-0.0992942305348552
MAPRE1,-0.06078103973238935
MAPRE2,0.5945198294570453
MAPRE3,0.4204708811845267
MARCHF1,-1.945676627375135
MARCHF10,-0.8996317445188379
MARCHF11,0.5324443557000554
MARCHF2,0.23513330288867906
MARCHF3,0.6232096290480256
MARCHF4,2.304730842506795
MARCHF5,0.26798719818446815
MARCHF6,0.17056990339822597
MARCHF7,-0.27834342752863783
MARCHF8,0.10342653259593027
MARCHF9,-0.45166798553301524
MARCKS,1.6810279145394669
MARCKSL1,0.1038165349829625
MARCO,-1.2728064669014645
MARCOL,-0.6166740888913465
MARK1,0.11554748184794228
MARK2,-0.24317770214022438
MARK3,-0.2656484939241275
MARK4,-0.0991681755691709
MARS1,-0.6628092459814683
MARS2,-0.1978576524208444
MARVELD1,0.2685189304165614
MARVELD3,0.27171208938209174
MAS1,-0.6404904238925108
MASP1,0.5755768110196681
MASP2,-0.8513273939227286
MAST1,1.2811407914414294
MAST2,0.8626108719531764
MAST3,-0.23999106759352773
MAST4,1.4960505758056506
MASTL,0.6559791189057727
MAT1A,0.6372154852425249
MAT2A,-0.10805238062427058
MAT2B,-0.009993166971088208
MATCAP1,0.3203547411289751
MATCAP2,-0.6539867234960277
MATK,1.2067553946290537
MATN1,-1.3132271668215498
MATN2,2.641126074919505
MATN3,-0.09621540287226826
MATN4,0.15412898569484224
MATR3,-0.3849969974908949
MAU2,0.16497503472930086
MAVS,-0.34644528161604127
MAX,-0.4391007562380853
MAZ,0.11909531253497185
MB,-0.18925026534555545
MB21D2,0.15521703267356535
MBD1,-0.3643075119016377
MBD2,-0.0126397898628694
MBD3,0.4825683861194121
MBD3L1,-0.37613415829582797
MBD3L3,0.4829172198839897
MBD4,-0.10948093379010704
MBD5,0.6172440531999297
MBD6,-0.10943827248903037
MBIP,1.1159454032156555
MBL2,0.09783770846344986
MBLAC1,-0.5179523868276292
MBLAC2,0.539966971312742
MBNL1,-1.0515699319589769
MBNL2,0.13640918157929915
MBNL3,-0.02011383752131546
MBOAT1,0.12116127056560289
MBOAT2,0.6118083858314203
MBOAT4,0.020130995467377788
MBP,-0.11056229767431214
MBTD1,0.10313239198158008
MBTPS1,-0.002125877120831454
MBTPS2,2.7985761071021007
MC1R,-0.4053413718496188
MC2R,0.175531231648757
MC3R,0.2578610583650464
MC4R,0.47874422754953305
MC5R,-0.06701902559226709
MCAM,0.5583666497278367
MCAT,-0.37234409339291874
MCC,1.1090658772756639
MCCC1,-0.1564408972136826
MCEE,-0.051312769338164976
MCEMP1,-0.3566082727427946
MCF2,-0.13972507048233163
MCF2L,-0.710897775366112
MCF2L2,0.009566905894016431
MCFD2,-0.5491351282226948
MCHR1,0.09009355855946699
MCHR2,0.016030146136069012
MCIDAS,0.07445712265390281
MCL1,0.37718317894805464
MCM10,-0.4479324883987865
MCM2,-0.6719751644279004
MCM3,0.6040170617663367
MCM3AP,-0.1945655009561853
MCM4,-0.6570392951588113
MCM5,-0.31867815280564615
MCM6,-0.9547672109515308
MCM7,0.08970637329297126
MCM8,0.35667778460876276
MCM9,0.2584131114359378
MCMBP,0.22629921088456717
MCMDC2,-0.22444768992335587
MCOLN1,0.09018027045317156
MCOLN2,0.948739772942219
MCOLN3,0.20477745550851056
MCPH1,-0.30402071012552234
MCRIP1,-0.7593518839680486
MCRIP2,0.19422271103873712
MCRS1,-0.5348741153817076
MCTP1,0.885779135905022
MCTP2,-0.5246508752864818
MCTS1,0.7638707374372199
MCTS2,-0.3423227030756397
MCU,-0.48843546655309567
MCUB,0.012714475632731759
MCUR1,0.16968278784747692
MDC1,0.7705229272774625
MDFI,0.31761352556079336
MDFIC,1.2005349330711246
MDFIC2,-0.06790439039609586
MDGA1,1.5042905829759599
MDGA2,-2.451705396880218
MDH1,0.00715574360216964
MDH1B,0.8587168113002892
MDH2,-0.36344466091943284
MDK,-0.24747767167620238
MDM1,0.303842106182471
MDM2,-0.04949068832101
MDM4,-0.23855128133101422
MDN1,-0.31432097783437474
MDP1,0.024333089528449925
ME1,-0.12997694891503342
ME2,0.04979476183687259
ME3,-0.9032159026115356
MEA1,-0.6924772318717642
MEAF6,-0.17140674929169553
MEAK7,1.1535349593089084
MECOM,1.520129378859839
MECP2,0.4191178777941805
MECR,-0.016068460555880293
MED1,0.2373095218852681
MED10,-0.2908615498791862
MED11,0.392701544958149
MED12,-0.6922246804550167
MED12L,0.07300394851447356
MED13,0.3166523650408455
MED13L,0.650311241482572
MED14,0.3129484913293106
MED15,1.0668606369020992
MED16,0.5145895654065729
MED17,-0.26510135385386757
MED18,0.06026288500440513
MED19,0.6691890640215501
MED20,0.28300388766207485
MED21,-0.2483173705016215
MED22,0.589799344186317
MED23,0.17691015715588643
MED24,0.009611237947248386
MED25,0.30312802253398674
MED26,-0.12066835932605313
MED27,0.45551444980152245
MED28,-0.3627353753650273
MED29,0.3241047555237868
MED30,0.49057878901803864
MED31,0.2098354241040914
MED4,0.015323460679488754
MED6,0.14269821141180028
MED7,2.821882116896819
MED8,-0.0645537722520606
MED9,0.265768441287507
MEDAG,-0.12029434205745665
MEF2A,-0.3892034222880332
MEF2B,0.15880882594069812
MEF2D,0.15547760135012467
MEFV,-0.14237784691563748
MEGF10,0.2939462950502558
MEGF6,-0.9475771488617093
MEGF8,-0.47565333604734183
MEGF9,-0.41920483611204684
MEI1,-0.5183450899637572
MEI4,-0.6057228148842051
MEIG1,1.1685982848738814
MEIKIN,0.05053277436676695
MEIOC,-1.1637739165761989
MEIOSIN,-0.3223483766023178
MEIS1,0.5653437325009025
MEIS2,-0.09638477340596996
MEIS3,0.016973033123186987
MEIS3P2,-1.268954156287742
MELK,-0.08179768615139782
MELTF,-1.3045941519413151
MEMO1,-0.10076292311995605
MEN1,-0.0898815080796802
MEOX1,-0.2267575494131383
MEOX2,0.3020933565880185
MEP1A,0.6349332668082013
MEP1B,-0.47723789039890585
MEPCE,0.7706481192946879
MEPE,-0.6017162679236062
MERTK,0.5358384601817938
MESD,0.3853911251165836
MESP1,-0.23605987033773657
MESP2,-0.9769427382467659
MEST,-0.7610997033664033
MET,-0.9213272668701136
METAP1,0.30990059233536194
METAP1D,-0.5536819659418879
METAP2,-0.020010389754673508
METRN,-0.976835467815059
METRNL,1.1855621171317674
METTL1,0.04126969303365202
METTL13,-0.11071582242810729
METTL14,0.44893161452192265
METTL15,0.35647011460605915
METTL16,-0.1591975472935081
METTL17,0.14053801769808305
METTL18,-0.1045472971306336
METTL21A,0.8350560383648009
METTL21C,-0.7341526385682194
METTL21EP,-0.5379258107390851
METTL22,-0.3793589247952176
METTL23,0.5119575257423921
METTL24,-0.7208388514693893
METTL25,0.6213254101706371
METTL25B,0.04835928451641358
METTL26,0.20380588524946042
METTL27,-0.5246731570372016
METTL2A,-0.26299068206282117
METTL2B,0.06078861713851991
METTL3,-0.1950128819156527
METTL4,0.5843158316082815
METTL5,-0.12484806592494024
METTL6,-0.4324044486725338
METTL8,-0.29544485831338685
METTL9,0.48019728385796134
MEX3A,0.428783825006696
MEX3B,0.36557629529029767
MEX3C,1.3317155253894617
MEX3D,0.0687674842214554
MFAP1,-0.6231257386435174
MFAP2,-0.07331847175161255
MFAP3,-0.24973282820530374
MFAP3L,-0.6067260709716956
MFAP4,-1.4696005855341094
MFAP5,-1.29239199729386
MFF,0.8146932891021037
MFGE8,0.41917363426267285
MFHAS1,-0.3826294158611723
MFN1,-0.13628768338408692
MFN2,0.019137861932174705
MFNG,-0.4942207119056037
MFRP,-0.4110357195040151
MFSD1,-0.05797784921911475
MFSD10,0.27754758001385804
MFSD11,-0.06277095613558314
MFSD12,0.015926546967409028
MFSD13A,-0.24357162904664031
MFSD14A,-0.5936776921514442
MFSD14B,0.30683506897933066
MFSD2A,-0.7301956451381417
MFSD2B,-0.16918459481307568
MFSD3,-0.4903973447419565
MFSD4A,0.2094534770769757
MFSD4B,-0.1776462441681117
MFSD5,-0.03507454239313246
MFSD6,-0.8028966417616505
MFSD6L,-0.038842712522751954
MFSD8,-0.04151056608930226
MFSD9,-0.18737591740524717
MGA,-0.20250629677560994
MGAM,0.1927641245265278
MGARP,-0.7221622339479159
MGAT1,0.8664076083986866
MGAT2,0.4701657151767882
MGAT3,-0.6835947263644433
MGAT4A,-0.5418866138630136
MGAT4B,-0.23383457387924222
MGAT4C,0.0
MGAT4D,0.5338241959422815
MGAT5,-0.0010346661896787346
MGAT5B,-0.8852688769451196
MGLL,0.4415938451606536
MGME1,-0.32756766018200256
MGMT,-0.36213542906995233
MGP,0.7816941709913219
MGRN1,0.3466943414655921
MGST1,-0.14308718595931014
MGST2,0.7063976997730262
MGST3,-0.3936602793472681
MIA,-0.11818531090647588
MIA-RAB4B,-0.11802242493398563
MIA2,-0.22364009013591035
MIA3,0.2764884904192164
MIB1,-0.695324923306341
MIB2,0.6631531667515005
MICAL1,0.20302413783367268
MICAL2,-0.2727122745501136
MICAL3,0.3577656396617803
MICALL1,-0.29399052339520737
MICALL2,-0.5565386971633524
MICOS10,0.07548524824863723
MICOS10-NBL1,0.6934506329913321
MICOS13,0.4316362179686499
MICU1,-0.1070739728796033
MICU2,-0.012329849567263018
MICU3,0.7004189027655332
MID1,0.16412014193312707
MID1IP1,0.4273843043397221
MID2,1.5849659265214742
MIDEAS,-0.5745280216405584
MIDN,0.7995631919698796
MIEF1,0.18324685884196423
MIEF2,-0.21481323012016595
MIEN1,-0.36620612242779726
MIER1,0.4545448380286161
MIER2,0.09793861003283166
MIER3,-1.9926234221448988
MIF4GD,-0.6874153224884032
MIGA1,-0.3729668140692022
MIGA2,-0.6214166212177781
MIIP,-0.16669728374123238
MILR1,-0.2195264683638416
MINAR1,-0.7243301544115475
MINAR2,-0.6174508485024159
MINDY1,0.30446823310303905
MINDY2,0.03234190607108767
MINDY3,0.021483674968043598
MINDY4,0.3924541930589214
MINDY4B,1.1932778144272311
MINK1,0.5130632837085524
MINPP1,0.33791595936163366
MIOS,0.04694839417301
MIOX,-0.01369485635362877
MIP,-0.1110053394326469
MIPEP,-0.1135823713671722
MIPOL1,-2.3990463724790794
MIS12,0.3859921026758739
MIS18A,0.22493800602829195
MIS18BP1,0.17001633389551474
MISFA,1.9433952074073735
MISP,1.7817209121325503
MISP3,-0.24440472186872353
MITD1,0.5790992297997679
MITF,0.3230252411811936
MIURF,0.07190292167264456
MIX23,-0.08767659691835794
MIXL1,1.4251149604486029
MKI67,0.3230173734207442
MKKS,0.33529094265488
MKLN1,1.0262413854917758
MKNK1,-0.33195134340848487
MKNK2,-0.24102324561712019
MKRN1,0.5666256816490738
MKRN2,0.6394662252272043
MKRN2OS,0.7646144346163604
MKRN3,0.10046561398357712
MKS1,0.21459620585668127
MKX,0.36778012154176076
MLANA,-0.16312658381798242
MLC1,-0.6116664150133202
MLDHR,-0.24762862518141482
MLEC,0.023359386298959173
MLF1,0.38380080452119836
MLF2,0.1741914793442607
MLH1,0.02614982168870572
MLH3,-0.5605914873791866
MLIP,0.2840674662486543
MLKL,-0.1733223233196517
MLLT1,-0.1982263751283564
MLLT10,-0.23369155037846445
MLLT11,-0.06162204159574358
MLLT3,1.2485479012577032
MLN,-0.5903598226817149
MLNR,0.1671314798747598
MLPH,1.3605063076540431
MLST8,-0.1343858116139267
MLX,-0.5572488815857746
MLXIP,-0.7138720903212743
MLXIPL,-1.1597574351830056
MLYCD,0.34836435830616064
MMAA,1.498809162577984
MMAB,-1.2010212671585743
MMACHC,-0.5548599437668451
MMADHC,0.7278373935633038
MMD,0.6118240430563913
MMD2,-0.34960288924470906
MME,2.447755875478238
MMGT1,-0.22793038175114066
MMP1,-0.3073624952193392
MMP10,1.5849659716312616
MMP12,0.7911367290415916
MMP13,0.0
MMP14,-0.7977926639762809
MMP15,-1.0123967485566308
MMP16,-1.4749931144731985
MMP17,-0.5675028444802559
MMP19,-0.5098119239553827
MMP2,-0.5807010623547809
MMP20,1.737389805470738
MMP21,0.4372719035887735
MMP23B,-0.10900821259562576
MMP24,-0.6396350822064559
MMP24OS,-0.5385089095238578
MMP25,-0.2422563469413465
MMP26,-1.2838180378013915
MMP27,-0.34273340501138083
MMP3,0.6221172911215864
MMP7,0.6657077887485972
MMP8,-0.4110697282612798
MMP9,0.14170142211457537
MMRN1,0.9677261472173153
MMRN2,-1.0916214014451562
MMS19,-0.07218476055405665
MMS22L,-0.0382410322687976
MMUT,0.7892570823246758
MN1,-0.3810076571757315
MNAT1,0.7312503001540658
MND1,-0.8379890220201105
MNDA,-0.18908568125724556
MNS1,-0.8248237678743884
MNT,0.5426122426716695
MNX1,0.07391435194848217
MOAP1,0.5563970399552804
MOB1A,0.6209086995598132
MOB1B,-0.5139378356817788
MOB2,-1.157562630061982
MOB3A,0.20143155577459426
MOB3B,1.7507895846336041
MOB3C,-0.32650870312985836
MOB4,0.0165124557663332
MOBP,0.015724362556358618
MOCOS,-0.36560052004245164
MOCS1,-0.44109176658015814
MOCS2,-0.14381923502381277
MOCS3,0.30278125410601575
MOG,-0.43610212412604943
MOGAT1,-0.5281767643583911
MOGAT2,-0.26938146542194497
MOGAT3,-0.8578287307279858
MOGS,-0.016753537032609955
MOK,0.2791514842252494
MON1A,-0.25168745495114875
MON1B,-0.621603167877069
MON2,-0.012548359977084811
MORC1,-0.03034177994836207
MORC2,0.3704633846270067
MORC3,-0.2442030231252641
MORC4,1.7357141336191981
MORF4L1,-0.006844113207357672
MORF4L2,0.22980291952588594
MORN1,0.3703864192710382
MORN2,-0.03216326316581619
MORN3,-0.1183383575572532
MORN4,0.22798853288678456
MORN5,-0.3279011184873015
MOS,-0.8156973491805288
MOSMO,0.3438591567830285
MOSPD1,-0.40917667581845585
MOSPD2,-0.008958123608990398
MOSPD3,0.2732745215076444
MOV10,-0.10287561560701874
MOV10L1,-0.3756038027568359
MOXD1,0.0
MPC1,0.2177734048724611
MPC1L,-0.2385626732682906
MPC2,0.05240564635372369
MPDU1,0.35988110798279926
MPDZ,-1.5511181250281052
MPEG1,0.07625092900542502
MPG,-0.08206319072444046
MPHOSPH10,-0.06459518907902861
MPHOSPH6,0.30531585485087187
MPHOSPH8,0.2756914352693287
MPHOSPH9,-0.17183910368070743
MPI,-0.5286504399743799
MPL,0.4826210515973164
MPLKIP,0.23338858270298468
MPND,0.5783592595907736
MPO,-1.014097913268548
MPP1,1.9698282676536443
MPP2,-0.13642567832392205
MPP3,-0.7446658973309225
MPP4,-1.072602578523318
MPP7,1.4414879106442886
MPPE1,0.007204133547514813
MPPED1,-0.042794991368453855
MPPED2,-0.19836049546158985
MPRIP,-0.2552922554946564
MPST,-1.4285613345169559
MPV17,-0.16114929118247612
MPV17L2,0.03096355376638904
MPZ,0.5379714412651386
MPZL1,-0.7586051045676414
MPZL2,0.11281184201651434
MPZL3,1.575676702116152
MR1,-0.3725367319678474
MRAP,1.0298604415138581
MRAP2,0.5235107296429239
MRAS,-0.2754091331135906
MRC1,-0.5505374530056937
MRC2,1.0870713830527468
MRE11,0.208169242964384
MREG,0.8327206798385008
MRFAP1,-0.578322476615301
MRFAP1L1,0.21081071985298028
MRFAP1L2,-0.07959111662728935
MRGBP,-0.6436461499181476
MRGPRD,-0.19466496442020764
MRGPRE,-0.578836070828759
MRGPRF,-0.6186354629976162
MRGPRG,0.07186721158028453
MRGPRX1,-0.9810609913632997
MRGPRX2,-0.962337769558642
MRGPRX3,-1.5630637943301187
MRGPRX4,0.017571103799507104
MRI1,-0.4806904146038309
MRLN,-0.6038579492502494
MRM2,-0.3223966892226393
MRM3,0.0697440407535943
MRNIP,0.12112740594232219
MRO,0.48615255675331037
MROH1,-0.033383535920824325
MROH2A,-1.5795815172911176
MROH2B,0.6221172911215864
MROH5,-1.6938989060019805
MROH7,-0.02323826499005721
MROH7-TTC4,-0.019339322846656626
MROH8,0.27271293279795206
MROH9,0.6104868852320804
MRPL1,0.1110885917904727
MRPL10,-0.04907080407934705
MRPL11,-0.2589063868697301
MRPL12,0.25165581331369147
MRPL13,-0.15936011476800127
MRPL14,0.0672603863515504
MRPL15,0.05966770201886629
MRPL16,-0.09648422822631941
MRPL17,-0.09798805414794742
MRPL18,0.31202362291051156
MRPL19,0.3981956555032231
MRPL2,0.19822306849803306
MRPL20,0.3308297320149829
MRPL21,-0.5117200119011778
MRPL22,0.6129956407019286
MRPL24,-0.25944752482926914
MRPL27,-0.6403383789308097
MRPL28,-0.6362753112179202
MRPL3,0.7760690531057968
MRPL30,0.5751500596719055
MRPL32,0.38947809442378256
MRPL33,0.2566029151948448
MRPL34,0.32071887551789235
MRPL35,0.13987080443641098
MRPL36,0.020698063447474713
MRPL37,-1.233129122857597
MRPL38,-0.6971298747550998
MRPL39,0.13288402009890143
MRPL4,0.1730252586149792
MRPL40,-0.06295495839609444
MRPL41,0.03306215029032855
MRPL42,1.011399763628747
MRPL43,-0.13993435837479895
MRPL44,0.6208976646720479
MRPL46,-0.01743293774870258
MRPL47,0.7128801485349272
MRPL48,-0.8522725858004656
MRPL49,0.7750724721315145
MRPL50,-0.05437295282258292
MRPL51,0.2827119347708287
MRPL52,0.07130991091823269
MRPL53,0.4029052450179482
MRPL54,0.5009512868977364
MRPL55,0.10330784716380226
MRPL57,-0.6084912636010191
MRPL58,0.23459593070524898
MRPL9,0.22030810938457446
MRPS10,-0.012810690287963222
MRPS11,-0.02173456716486699
MRPS12,0.2731466550320607
MRPS14,-0.008962148991762842
MRPS15,-1.1495353414782015
MRPS16,0.3250505632198064
MRPS17,0.28973889888980797
MRPS18A,-0.0270076996806059
MRPS18C,0.39490164212284373
MRPS2,0.004182645510372396
MRPS21,-0.146305993322152
MRPS22,-1.6636270877180843
MRPS23,0.011989715256691902
MRPS24,-0.26423150644563353
MRPS25,-0.4965033297076764
MRPS26,-0.22749081809572558
MRPS27,0.02916499290290009
MRPS28,0.5435112902541803
MRPS30,0.3289866545168314
MRPS31,0.25069095532490326
MRPS33,0.34558464251362686
MRPS34,-0.07374472297224743
MRPS35,-0.21007211182228192
MRPS5,0.16904185974591046
MRPS6,0.3231492078918685
MRPS7,0.0990880629624673
MRPS9,0.21905423456709627
MRRF,0.3379864298630628
MRS2,0.2652299490175234
MRTFA,-0.2714535404109526
MRTFB,-0.11560855968278272
MRTO4,-0.32826610448308813
MS4A1,-0.5230222384983496
MS4A10,-0.6555357533145177
MS4A12,0.06659795771121324
MS4A13,-2.839337270499368
MS4A14,-0.09699361840103293
MS4A15,-0.48068148107559305
MS4A18,1.3332963594883767
MS4A2,-2.6277080684920384
MS4A3,1.027938558577219
MS4A4A,2.4329644780814452
MS4A4E,-1.173071128846627
MS4A5,-0.6129226527290614
MS4A6A,1.6360395404536334
MS4A6E,0.6038579492502494
MS4A7,-0.09318872833109171
MS4A8,0.32029767106774565
MSANTD1,-0.6576218766138215
MSANTD2,1.0502536031143852
MSANTD3,0.5315446116243638
MSANTD3-TMEFF1,0.19455651574547175
MSANTD4,0.564564062196995
MSANTD5,-0.1302259350672259
MSANTD7,0.11883232818671363
MSC,-1.4217941007621515
MSGN1,0.5608738086075484
MSH2,-0.0960174138013059
MSH3,-0.11194576679915436
MSH4,-0.8328363276084374
MSH5,2.339929125983304
MSH5-SAPCD1,2.3421623836287786
MSH6,-0.9978459933937359
MSI1,-0.881755324068497
MSI2,-0.07204889806939141
MSL1,0.37337470431830333
MSL2,0.19816510150249922
MSL3,0.408118712872529
MSL3B,0.20856617760986151
MSLN,-0.3920908706810564
MSLNL,-1.3157714075805511
MSMB,-1.094373927727442
MSMO1,-1.4207170372060594
MSMP,-0.6858637249168948
MSN,-0.09004224449409026
MSR1,-1.1507817790163297
MSRA,1.0869649716362833
MSRB1,-0.20965218355405524
MSRB2,0.17509361562422976
MSRB3,-0.4910321857711013
MSS51,-0.38332273279441464
MST1,-0.6584265950232555
MST1R,-0.29772275999033293
MSTN,0.6383275554406918
MSTO1,0.01221342391898439
MSX1,0.5342577486036371
MSX2,-1.679112602459936
MT1A,-0.4216455060561378
MT1B,0.8846748808211631
MT1E,0.34281163725193103
MT1F,-0.5550307281492075
MT1G,0.2106948699639818
MT1H,0.10802864794730005
MT1HL1,-0.12351481066120762
MT1M,0.19565990160556737
MT1X,-0.3782558821037416
MT2A,0.4586174603343198
MT3,-0.33748285652533305
MT4,0.3394120263885938
MTA1,-0.46786158035570535
MTA2,-0.03255104998646363
MTA3,-0.08202168786923303
MTAP,0.8974356092169007
MTARC1,-0.7765338294733444
MTARC2,0.804605600759856
MTBP,-0.1590903757810187
MTCH1,0.14920436446578345
MTCH2,-0.1702741562338601
MTCL1,0.18164407151462902
MTCL2,0.08800836819722901
MTCL3,-1.1145146342159318
MTCP1,-1.2975951189540453
MTDH,0.04641237795833231
MTERF1,0.6494288434238145
MTERF2,0.029601213791771386
MTERF3,-0.15167374334308992
MTERF4,0.30691398983294205
MTF1,0.2428645760019501
MTF2,-0.17982528974160905
MTFMT,-0.6760948579455508
MTFP1,-0.07273457833431163
MTFR1,-0.6177119315601707
MTFR1L,-0.4145389248105409
MTFR2,-0.11892934721106752
MTG1,-0.11854953414401459
MTG2,0.370549793600933
MTHFD1,-0.4866008653860998
MTHFD1L,-0.5309881848944209
MTHFD2,2.1261558328057935
MTHFD2L,0.044333088231051754
MTHFR,-0.6469230432896516
MTHFS,0.4569920623323469
MTHFSD,0.033872933676505124
MTIF2,-0.4363556606914263
MTIF3,-0.1946104633988357
MTM1,0.2976180999185125
MTMR1,-0.695767755494717
MTMR10,0.01127120210728405
MTMR11,-0.24482550512631107
MTMR12,0.16315474987022727
MTMR14,0.3201366339560088
MTMR2,0.4804550059820094
MTMR3,0.6094417858474135
MTMR4,0.18884788488046222
MTMR6,0.2033137031237735
MTMR7,-1.8375082235249804
MTMR8,1.9956533074470644
MTMR9,0.2669147190073984
MTNAP1,0.6747768830401348
MTNR1A,-0.8334117744945337
MTNR1B,-1.5849647098191801
MTO1,0.0488185947269697
MTOR,0.10632491885199435
MTPAP,1.3858679388104895
MTPN,0.32873575026531654
MTR,0.619306215297247
MTRES1,0.24960298857239627
MTREX,0.09847028577540895
MTRF1,0.2834087754224772
MTRF1L,0.8084151582315546
MTRFR,-0.16184133518423405
MTRR,-0.727242105838767
MTSS1,-0.4940859675282393
MTSS2,-2.0403866048044876
MTTP,0.43306806182205415
MTURN,0.590875719212482
MTUS1,0.24919215645523418
MTUS2,-0.21745376538244265
MTX1,0.16576302813453392
MTX2,0.302003672371538
MTX3,0.13857857219488667
MUC1,-0.6904458748293023
MUC12,-0.029901520127687764
MUC13,0.18189545336567575
MUC15,0.6221172911215864
MUC16,-0.5242492055316852
MUC17,-0.6871967444010878
MUC19,0.6686341066702135
MUC3A,-0.04889409230662417
MUC5AC,-1.1443730747855239
MUC5B,0.5641430935222875
MUC7,2.731022649014366
MUCL1,0.16794491621653096
MUL1,0.2515163502126816
MUS81,0.9203181530251858
MUSK,1.0436629211335775
MUSTN1,-0.770573697761737
MUTYH,-0.26866141773683516
MVB12A,-0.5865040879334931
MVB12B,-0.01011520432647428
MVD,-1.1476905413291947
MVK,-1.1738743525986197
MVP,-0.5423100197843311
MX1,-0.6075706368493878
MX2,-1.254896127626595
MXD1,0.8163539812442265
MXD3,-0.5925927155936228
MXD4,0.3674661119001086
MXI1,0.6647446946119322
MXRA5,-1.8101059177765002
MXRA7,0.2790204853231153
MXRA8,1.210668871462699
MYADM,0.2627465701107359
MYADML2,-0.7468644680442916
MYB,0.4214342956307595
MYBBP1A,-0.47075521428293676
MYBL1,0.25115032110636104
MYBL2,-0.8269290981085886
MYBPC1,-2.3105774430441417
MYBPC2,0.5487583523037682
MYBPC3,-0.5315076059501841
MYBPH,-1.0016211920015912
MYBPHL,-0.4278750050085728
MYC,0.04135254329373339
MYCBP,0.2262490304495972
MYCBP2,0.598623157895525
MYCBPAP,-0.195905849771147
MYCL,-0.8569922439058886
MYCN,0.16395148858948838
MYCT1,0.30633245003213316
MYD88,-0.12844364259860486
MYDGF,-0.3178379961651068
MYEF2,0.8270736440232402
MYEOV,1.1603516801014249
MYF5,-2.25239627626134
MYF6,0.46739432003942705
MYG1,-0.4357666406887626
MYH1,-0.18793357542659028
MYH10,0.014278334524718161
MYH13,0.6230686118049684
MYH14,0.35418340754065003
MYH15,-0.13480447308109406
MYH16,-0.44839421290252235
MYH2,-0.4314894153132003
MYH3,0.47779932601520275
MYH4,0.9937162838931513
MYH6,0.056468531954173284
MYH7,-0.7965471475577146
MYH7B,-0.057397683853352977
MYH8,0.6569496235153006
MYH9,0.575337333242679
MYL1,-1.6897888557296044
MYL10,0.4073859170689793
MYL11,0.271330625245485
MYL12A,0.10042920378197762
MYL12B,0.5008040171681261
MYL2,-0.16904717468531227
MYL3,-0.8857466446369949
MYL4,-0.7666414650641956
MYL5,0.4141827994431857
MYL6,-0.013493061704953124
MYL6B,-0.0032543841995273937
MYL7,-1.0478008678224933
MYL9,0.17686738416953984
MYLIP,-0.3443285439919601
MYLK,-0.7117985020747589
MYLK2,-0.9451384145155364
MYLK3,-0.058138477554303764
MYLK4,0.13260988167754761
MYMK,-0.0767700372022615
MYMX,-0.6679730793869285
MYNN,0.4975679174570429
MYO10,0.0
MYO15A,-1.135870229031619
MYO15B,-0.22541621910895193
MYO16,-0.17211417846810817
MYO18A,-0.44478898582190074
MYO18B,-0.26243440489250736
MYO1A,-0.7757544124729414
MYO1B,1.0674151614514278
MYO1C,-0.563675764857372
MYO1D,-0.2719427444590241
MYO1E,0.0956353980739163
MYO1F,-0.031191872813675747
MYO1G,-0.12618621874434055
MYO1H,-1.2012813243703797
MYO3A,-0.4123242141975758
MYO3B,-0.8840705413776753
MYO5A,-0.23987849554930296
MYO5B,-0.13783566642366116
MYO5C,-1.084992380630046
MYO6,-0.4039491656705813
MYO7A,-1.0098695005926557
MYO7B,-0.4681062094534141
MYO9A,0.10711915345592526
MYO9B,-0.14301788176946095
MYOC,-0.4028948634180063
MYOCD,-0.2119763837470694
MYOCOS,0.33412752054869566
MYOD1,-1.7976552579881837
MYOF,0.7587359682254629
MYOG,-1.1575900234954821
MYOM1,-0.7441082622326247
MYOM3,0.5008297322903058
MYORG,-0.045315504627086334
MYOT,0.5424631273145015
MYOZ1,-0.6899350996524503
MYOZ2,-0.6398743031444879
MYOZ3,0.10709714296216699
MYPN,-0.1757582369761565
MYPOP,-0.11550929890660377
MYRF,-0.6201069645841095
MYRFL,0.44099760641198005
MYRIP,0.23871704888585232
MYSM1,0.10425857416057838
MYT1L,0.9292994420929226
MYZAP,-1.541069486717856
MZB1,-1.4678900326854833
MZF1,0.7606350953078729
MZT1,-0.15810140870352685
MZT2A,-0.7431556785820281
MZT2B,-0.6091828426116161
N4BP1,0.11347892570409124
N4BP2,-0.3044475940781797
N4BP2L1,0.008968572446836465
N4BP2L2,0.23970896565542876
N4BP3,0.4680295162794973
N6AMT1,0.42103945328668235
NAA10,-0.06774878448722665
NAA11,0.599348069343548
NAA15,-0.03622911849670185
NAA16,-0.5317450995882456
NAA20,0.10539198756820412
NAA25,-0.5126301754557918
NAA30,0.3009293595703775
NAA35,0.1356307113536137
NAA38,0.8549084315692372
NAA40,-0.2694682868095928
NAA50,0.35456832833806207
NAA60,1.3786622418847176
NAA80,-0.12158598178898217
NAAA,0.13993932784992413
NAALAD2,-0.4452846688254801
NAALADL1,-0.12747346591037534
NAALADL2,0.5883228946426455
NAB1,0.6233779721572765
NAB2,0.3626594777257046
NABP1,0.3819604141755506
NABP2,0.7261620683965306
NACA,0.017628840411459512
NACA2,1.3960740622887668
NACAD,0.11587766369268726
NACC1,0.17458174306455554
NACC2,-0.81954921594964
NADK,-0.981863261286938
NADK2,-0.35939733394239015
NADSYN1,-0.3423793580646488
NAE1,-0.05390535013035391
NAF1,-0.04855547005188798
NAGA,-0.26807396628476
NAGK,0.19130550489095943
NAGLU,-0.27822455204750995
NAGPA,-0.18349421932827648
NAGS,-0.3751748343538782
NAIF1,0.1476476731044345
NALCN,-0.23454637327095917
NALF1,1.173071128846627
NALF2,-0.28884618806964
NAMPT,0.3708239794916186
NANOG,0.1398863611505039
NANOGNB,-0.24600164168146033
NANOGP8,-1.252694416804407
NANOS1,-0.08577906477404174
NANOS2,-0.7203831637958072
NANOS3,-0.3812230036605191
NANP,-0.878071830300792
NANS,-0.3810167090649834
NAP1L1,0.4933306607731236
NAP1L2,1.489303757206983
NAP1L3,-0.11183873792003005
NAP1L4,0.931302910636135
NAP1L5,1.027614307072264
NAPA,0.366823622164862
NAPB,-0.12143445778395101
NAPEPLD,0.9274929707606221
NAPG,-0.031059571943585773
NAPSA,0.6550231281387741
NARF,0.36356076904411294
NARS1,-0.13319859083590613
NARS2,-0.48171109482293906
NASP,0.417724591842521
NAT1,-0.027924041099785413
NAT10,0.1793463198885985
NAT14,-0.1810434079251393
NAT16,-0.3595309333260244
NAT2,0.6166740888913465
NAT8,-0.542220614253833
NAT8B,-1.7719827832193498
NAT8L,-0.22314149702369868
NAT9,-0.48666815827787335
NATD1,-0.2918414069967583
NAV1,-0.3703498603046298
NAV2,-0.016394476237381328
NAV3,-0.3048550223743952
NAXD,0.05005916704372426
NAXE,-0.5926490216913751
NBAS,-0.06909745808735801
NBDY,0.6941919009738144
NBEA,0.5432096475315267
NBEAL1,0.772734447362553
NBEAL2,-0.6278341941068177
NBL1,0.7099902426029443
NBN,0.2878001555417877
NBPF1,-0.05615847593991008
NBPF10,2.077274829350298
NBPF11,-0.523437828559632
NBPF12,0.5471891766423519
NBPF14,2.3123212446864363
NBPF15,1.9698777369876188
NBPF19,0.7871535406786925
NBPF20,-0.46712640873244526
NBPF26,0.29925554074353394
NBPF3,0.2547264323579914
NBPF8,0.4618043417212622
NBPF9,1.0091815044722061
NBR1,0.2781062797573486
NCALD,1.3106884380789188
NCAM1,0.2511606051192638
NCAM2,0.8766918541124834
NCAN,-0.43444529520559155
NCAPD2,0.33074998269004885
NCAPD3,0.13805602990020693
NCAPG,-0.12833419990006467
NCAPG2,-0.4930443479132318
NCAPH,-0.9200487114390459
NCAPH2,-0.37200174663626706
NCBP1,0.30198207987746706
NCBP2,-0.029239984402133157
NCBP2AS2,-0.03636469723262348
NCBP2L,1.0112561357025152
NCBP3,-0.009921488917512544
NCCRP1,-0.08199703198181722
NCDN,-0.37518081334136566
NCEH1,0.28403614707984004
NCF1,0.48542941319666433
NCF2,0.32415452707974923
NCK1,0.17490628693515742
NCK2,0.6333932489123573
NCKAP1,1.259112950596796
NCKAP1L,-0.12519959735255748
NCKAP5,-0.902705194415103
NCKAP5L,-0.003989590787765174
NCKIPSD,-0.7742945982656373
NCL,-0.5478223691552127
NCLN,-0.2081343934007247
NCMAP,-0.7317161167664099
NCOA1,0.13272403384354403
NCOA2,0.1713019672841507
NCOA3,0.40148938954718316
NCOA4,0.13809610772896175
NCOA5,0.37568274285083225
NCOA6,-0.2503441089670204
NCOA7,-0.15553445405988642
NCOR1,-0.026442200511939795
NCOR2,-0.3002062163951966
NCR2,-0.6000309225256446
NCR3LG1,-0.9367174259344506
NCS1,-0.6199848822892682
NCSTN,0.2973953051178415
NDC1,0.3484607211672661
NDC80,0.5835803838440783
NDEL1,0.4609740554813755
NDFIP1,-0.24678122136969938
NDFIP2,0.9554194366499833
NDN,-0.5779338192990804
NDNF,0.7450505233602421
NDOR1,0.3097618251349288
NDRG1,0.7985060056456269
NDRG2,0.3573341911404433
NDRG3,0.013697562215545744
NDRG4,0.38584011806308727
NDST1,-0.2578458633622449
NDST2,0.6755339639320836
NDST3,-0.6825902819617524
NDST4,-2.034097073781815
NDUFA1,0.38702344834891766
NDUFA10,0.3452872725099492
NDUFA11,-0.11789850833242
NDUFA12,0.4490557262662318
NDUFA13,0.10097022599097505
NDUFA2,0.20654290972518563
NDUFA3,-0.5563970399552804
NDUFA4,-0.2379826310858193
NDUFA4L2,-0.8506408659211653
NDUFA5,0.8492947093454075
NDUFA6,0.6313594948152135
NDUFA7,-0.02837257130522941
NDUFA8,-0.34588696305428845
NDUFA9,0.623825428749238
NDUFAB1,0.24815867537584335
NDUFAF1,0.28825263811299956
NDUFAF2,-0.10958027958552563
NDUFAF3,0.4542279342376201
NDUFAF4,0.05044025479276559
NDUFAF5,0.5646780153558226
NDUFAF6,0.276664006148712
NDUFAF7,-0.06491498544116947
NDUFAF8,-0.10879013139125915
NDUFB1,-0.1111411477078228
NDUFB10,0.006030552460694505
NDUFB11,0.3392185821396758
NDUFB2,0.39117030412437215
NDUFB3,0.24671656559775013
NDUFB4,0.20173095110535222
NDUFB5,0.6982531361594306
NDUFB6,0.37302683813073845
NDUFB7,0.06686784071598995
NDUFB8,0.019317518201577233
NDUFB9,0.37213659321523096
NDUFC1,-0.02026356108712868
NDUFC2,0.7301827163623438
NDUFC2-KCTD14,0.7307573764849704
NDUFS1,0.27114216283598447
NDUFS2,-0.6326857955514809
NDUFS3,-0.992062224917881
NDUFS4,0.9584754690421753
NDUFS5,0.41533137935501463
NDUFS6,0.002566761544019247
NDUFS7,-0.09859253418499447
NDUFS8,-0.32029434192095385
NDUFV1,0.4980412635331859
NDUFV2,-0.0391466259094293
NDUFV3,0.15756514062328364
NEB,1.0793251618526718
NEBL,0.197307336699304
NECAB1,1.0505422016807011
NECAB2,-0.8103108427222445
NECAB3,-0.777397061650325
NECAP1,0.6499431260997246
NECAP2,0.6867071161705871
NECTIN1,0.2735209035279904
NECTIN2,0.05477921249445483
NECTIN3,-0.22630234030859198
NECTIN4,0.13588378109603427
NEDD1,-0.05944831955531216
NEDD4,1.0773943485230502
NEDD4L,1.1805543810209054
NEDD8,0.5294297247189395
NEDD8-MDP1,0.5302404413872153
NEDD9,-0.15820735013678353
NEFH,0.1405739602789926
NEFL,-1.7414242091983654
NEFM,1.2321752338353547
NEGR1,0.20161817275610616
NEIL1,-0.5692526429019655
NEIL2,0.702438519699385
NEIL3,-0.9165199317546895
NEK1,0.0005947403548960395
NEK10,-0.3728389063315769
NEK11,0.08871462114822704
NEK2,-0.4030049113405161
NEK3,-0.3637815193521874
NEK4,-0.4087789276689717
NEK5,-0.5236065865254091
NEK6,-0.7468983027513869
NEK7,-0.05828528933723831
NEK8,-0.09934164664986067
NEK9,0.4501093532652045
NELFA,0.17642210160645755
NELFB,0.46409900984274755
NELFCD,0.42118645896219986
NELL1,-0.3907909871152544
NELL2,0.10853892885861516
NEMF,-0.08539728373949984
NEMP1,0.5159178937859838
NEMP2,-0.1242118038487221
NENF,0.020658479530364815
NEO1,0.41383228401075756
NEPRO,0.8295027551121152
NES,-0.045605034358573104
NET1,-0.12388439249473282
NETO1,-0.6824256296296488
NETO2,-0.0036797708591351785
NEU2,-0.6626262698044332
NEU3,-0.355744326444563
NEURL1,-0.1630831213066053
NEURL1B,0.2677584177563649
NEURL2,-0.4264885176398616
NEURL3,0.13494984666469856
NEURL4,0.8303607877586736
NEUROD1,-0.3526235531181657
NEUROD2,0.30053900660850974
NEUROD4,-0.01973324911729879
NEUROD6,-0.4611956687313703
NEUROG1,-0.2793229726449631
NEUROG2,0.7226820439668697
NEUROG3,-0.7381613542575923
NEXMIF,0.17709739427292592
NEXN,0.35681693494931466
NF1,-0.41136426120109126
NF2,0.06344856106208407
NFAM1,-0.6469348020622396
NFASC,-0.6263949135095863
NFAT5,1.615524860490475
NFATC1,0.4693025814923384
NFATC2,-0.19087035428211424
NFATC2IP,-0.2772096674839166
NFATC3,-0.13589107783041232
NFATC4,-1.3080067135030728
NFE2,-0.38567303143269704
NFE2L1,0.09592575207104304
NFE2L2,-0.19844889877039118
NFE2L3,0.7883147778104029
NFIA,-0.2556009758485899
NFIB,0.528550788861454
NFIC,-0.9896323811207735
NFIL3,-0.291013142041479
NFILZ,0.6118353025998371
NFIX,-0.45743909749831135
NFKB1,0.9622098215627193
NFKB2,2.1140347491698837
NFKBIA,1.1856458438340018
NFKBIB,0.3380946495836832
NFKBID,-0.16242310083098266
NFKBIE,1.6744787735366369
NFKBIZ,1.2245454532392204
NFRKB,0.10130723354642024
NFS1,0.377893646996855
NFU1,-0.027964904339460528
NFX1,-0.0801944190013284
NFXL1,-0.0036584308899625384
NFYA,0.13520196900876247
NFYB,0.33883199177454726
NFYC,0.10027427793683641
NGB,-0.5220052075481094
NGDN,0.4456753182394104
NGEF,-1.0324945538815837
NGF,-1.0471297792584606
NGFR,-0.6458402941583294
NGLY1,0.9221541488502001
NGRN,-0.2158827464273787
NHEJ1,-0.11144707076523774
NHERF1,-0.23219494180978373
NHERF2,-0.5162612550172121
NHERF4,-0.9263726124961802
NHLH1,-0.5330077662985926
NHLH2,0.36327916956340167
NHLRC1,0.5836784848204788
NHLRC2,-0.03890498470332471
NHLRC3,0.6449657427845277
NHLRC4,-0.6235753702696094
NHP2,-0.047215073225205906
NHS,-1.1543316302855182
NHSL1,0.901730411390529
NHSL2,2.9403953962192415
NHSL3,-0.7133145749237578
NIBAN1,3.5391494906829335
NIBAN2,-1.1119540014392764
NIBAN3,-0.28667927766129386
NICN1,-0.1467943976549022
NICOL1,0.13926801507554587
NID1,1.1096385126779995
NID2,-1.6102063271433467
NIF3L1,0.0
NIFK,-0.1346487604527815
NIM1K,-0.16588930358292386
NIN,0.5175625887531052
NINJ1,1.620811579870614
NINJ2,0.281041947055062
NINL,-0.3235826046796224
NIP7,0.19650298309418357
NIPA1,-2.980047383397433
NIPA2,0.11255572737227482
NIPAL1,-0.06608201581799023
NIPAL2,0.007840753541022372
NIPAL3,0.15378293792422637
NIPAL4,-0.154044586545101
NIPBL,0.08969759786793219
NIPSNAP1,0.24867862519994288
NIPSNAP2,0.24208770437376992
NIPSNAP3A,-0.6506222074458172
NIPSNAP3B,-0.2880827007175038
NISCH,-0.9171655026566055
NIT1,0.0635605276726885
NIT2,0.5561853628180853
NKAIN1,-0.34169742523952684
NKAIN2,0.28058788697526227
NKAIN3,2.172768786708807
NKAIN4,-0.3011981300162989
NKAP,0.7472739070710943
NKAPD1,0.4091697852062728
NKAPL,-0.261572250063652
NKD1,0.6432945392814666
NKG7,-0.21528775315539805
NKIRAS1,0.39244972353318985
NKIRAS2,-0.1574160954772026
NKPD1,-0.754913495086396
NKRF,0.2432365803840595
NKTR,-0.29304085729693563
NKX1-1,-1.3287605906102766
NKX1-2,-0.6650366150029849
NKX2-1,-0.557182038406016
NKX2-2,1.5558906162957966
NKX2-3,-0.1695130087589474
NKX2-4,0.07958063160386163
NKX2-5,-0.7242472661030976
NKX2-6,-0.4074414710413633
NKX2-8,0.11256230628710151
NKX3-1,-0.9716968591381339
NKX3-2,0.900488581018534
NKX6-1,-0.1107273418359207
NKX6-2,0.06121779091004875
NKX6-3,-0.8589400174336433
NLE1,0.16297286253127474
NLGN1,1.651230132389495
NLGN2,-0.176556205370499
NLGN3,-0.5590897239016391
NLGN4X,0.37949458661542446
NLGN4Y,1.662079317012513
NLK,0.2533491501870131
NLN,0.010896973932073895
NLRC3,-0.0447443668502423
NLRC4,1.4370664127676855
NLRC5,0.4287208768961086
NLRP1,0.9360299197571019
NLRP11,0.3396043157028714
NLRP12,-0.4741070818025655
NLRP13,-0.9794793142346543
NLRP14,0.13560515496687442
NLRP2B,-1.281057789046856
NLRP3,-0.8071125892593249
NLRP4,-0.09361325726567893
NLRP5,-3.0035418075303855
NLRP6,-1.1124288557819981
NLRP8,0.3445538162565658
NLRP9,1.0697730535031862
NLRX1,-0.5840688670486003
NMB,-0.6404497753087957
NMBR,1.2360708171894903
NMD3,1.565987036893824
NME1,0.2296244526318496
NME1-NME2,0.23104107985785927
NME2,-0.7939756660798576
NME3,-0.31793257716990775
NME4,-0.27195034857017086
NME5,0.45176626194701097
NME6,-0.39974668308666095
NME7,0.5723208397854247
NME8,-0.28391518304720686
NME9,-0.7859183892362689
NMI,-0.3704103194149364
NMNAT1,0.05446671631272615
NMNAT2,0.87591063765552
NMNAT3,0.1508104597429547
NMRK1,0.5055790581998707
NMRK2,0.9204133199403313
NMS,1.2266391185380774
NMT1,0.2983238567765005
NMT2,0.69583316683085
NMU,-1.0339484296687762
NMUR1,0.4844698577558084
NNAT,-0.764657527365115
NNMT,-1.0618270127709086
NNT,-0.013902306057360203
NOA1,-0.2763141669150091
NOB1,0.0745733249162921
NOBOX,1.8656385795974015
NOC2L,-0.11126073033390105
NOC3L,-0.1453811599022634
NOC4L,0.05440117417178181
NOCT,-0.16861241152468942
NOD1,0.11399878128696406
NOD2,-0.02381395257086366
NODAL,-1.481067107707971
NOG,-0.39268503270935673
NOL10,-0.005026010699018979
NOL11,-0.2418549646095074
NOL12,-0.6398087231738063
NOL3,-0.41699169841594097
NOL4,-0.5278117131175397
NOL4L,-0.5408237546149564
NOL6,-0.16654489258783478
NOL7,0.028017859192788652
NOL8,-0.08776434135496736
NOL9,-0.6438995005043804
NOLC1,-0.3851703232541537
NOM1,-0.3598586100284302
NOMO2,-0.7005990424161896
NONO,0.12140013067292976
NOP10,0.20331334870722695
NOP14,0.03194807875812167
NOP16,0.17906315307534282
NOP2,-0.04736780545707475
NOP53,0.15140396146974666
NOP56,-0.26808046794748996
NOP58,0.44103378389318637
NOP9,-0.1385962719650582
NOPCHAP1,0.17428215474656739
NOS1,-0.829084756224322
NOS1AP,0.2785025469046676
NOS2,-2.5995290773651263
NOS3,-0.2723838180014926
NOSIP,0.33394889242455994
NOSTRIN,0.7037448127312468
NOTCH1,-0.017487661305076063
NOTCH2,0.042952382237002595
NOTCH2NLA,2.0772749459769235
NOTCH2NLB,2.313062567229171
NOTCH2NLC,0.6131191783984602
NOTCH2NLR,0.3008437928975904
NOTCH3,-1.4927548322763067
NOTO,-1.5559770267208646
NOTUM,-0.26381244514983726
NOVA1,1.2931063265252938
NOVA2,-0.44095868742823974
NOX1,-0.0990247791262393
NOX3,0.3293086514516146
NOX4,-0.025311179074774426
NOX5,-0.4098843747586948
NOXA1,-1.4479337876775698
NOXO1,0.708097130803802
NOXRED1,-0.271713769752546
NPAP1,0.29573877206810417
NPAS1,0.3269203867769781
NPAS2,0.18235791762604436
NPAS3,-0.7511455259077654
NPAS4,0.052002605153383674
NPAT,0.2078226043985314
NPB,-0.3916871753738469
NPBWR1,-0.8207853801105287
NPC1,-0.7103931720423384
NPC1L1,0.045072363730033205
NPC2,0.019750008124030938
NPDC1,1.6832062754028985
NPEPL1,-0.06872199491131636
NPEPPS,-0.07015170393241388
NPFF,0.5049365809456434
NPFFR1,0.6542854596811101
NPFFR2,-1.5743384498646291
NPHP1,0.6710972937135243
NPHP3,0.6182713668036004
NPHP3-ACAD11,0.6254215348474548
NPHP4,0.3025187738168307
NPHS1,-0.21572374164191155
NPHS2,-1.273720623660689
NPIPB11,-0.2724488126847013
NPIPB12,-1.6897906501302453
NPIPB13,0.803313043922508
NPIPB15,-0.9625817764992037
NPIPB2,0.4309664573205987
NPIPB4,1.573332506566403
NPIPB5,-0.6666787038295332
NPIPB6,-1.173071128846627
NPIPB7,-1.2816647076236904
NPIPB8,0.7712163578228951
NPIPB9,0.8974356092169007
NPL,1.1469721198262943
NPLOC4,-0.6897337527540714
NPM1,0.047596961594577714
NPM2,-0.2896732670690082
NPM3,-0.16534188110164783
NPNT,-0.6067477486374926
NPPA,-0.32823280859844484
NPPB,0.09302589633720193
NPPC,-0.7362409896900719
NPR1,-0.238413365531287
NPR2,-0.46599787706862084
NPR3,0.14893040219080586
NPRL2,-0.17891165350206162
NPRL3,0.2049417177501236
NPS,-0.9723473085737067
NPSR1,-0.20145329685623342
NPTN,0.08132411547488294
NPTX1,0.3801785993375758
NPTX2,0.27601747777538765
NPTXR,0.033716347733749874
NPVF,-0.7240860245536052
NPW,0.13677153208851678
NPY,0.6477989144892383
NPY1R,-0.29808173287786993
NPY2R,-1.4071785684100484
NPY4R,0.019045883858251234
NPY4R2,-2.28061621627359
NPY5R,-0.5188246367572902
NQO1,-0.3771138273268999
NQO2,0.4945649048819596
NR0B1,-2.036841884977113
NR0B2,0.5079122757327057
NR1D1,0.3516291913487395
NR1D2,0.3348532304632834
NR1H2,0.3643157110584767
NR1H3,-0.2968143594323691
NR1H4,0.6119308273752864
NR1I2,-0.15484448641821547
NR1I3,-0.5597106423211884
NR2C1,0.14670235819528177
NR2C2,0.26075266846941636
NR2C2AP,-0.5491289468428446
NR2E1,-1.4145675515794023
NR2E3,0.7688100971368425
NR2F1,2.0034540865375585
NR2F2,-0.35126995965238983
NR2F6,0.5525783993632754
NR3C1,1.8944993713906013
NR3C2,0.33593242056449935
NR4A1,-0.8161800644502719
NR4A2,1.2473923103539883
NR4A3,0.49213029689849463
NR5A1,-0.48885068153761085
NR5A2,0.248408011713811
NR6A1,0.2544768432947655
NRAP,-0.7717749292816009
NRARP,0.6421615765017492
NRAS,0.24075581363463527
NRBF2,0.8339450639927501
NRBP1,-0.05831873148956879
NRBP2,0.15269417738039137
NRCAM,0.013321394874605347
NRDC,0.030878926746503055
NRDE2,0.349588807191612
NREP,0.5175830301024754
NRF1,-0.5887508079276187
NRG1,1.11847632889542
NRG2,-0.8811430479450932
NRG3,-2.6629747432869655
NRG4,0.4824079939222861
NRGN,0.6047011116335497
NRIP1,0.7732656602406403
NRIP2,-1.17435650218143
NRIP3,0.19823062584368212
NRK,-1.173071128846627
NRL,-0.02781839282859533
NRN1,-0.30765714107704367
NRN1L,-1.139042016473658
NRP1,-0.29226528695250564
NRP2,1.293329264803398
NRROS,-0.9478517226366954
NRSN1,-1.1491812379206348
NRSN2,-0.1324183072786833
NRTN,-0.23150864210045974
NRXN2,0.13981197377392407
NRXN3,0.9363304012408566
NSA2,0.5365141643215967
NSD1,-0.17380776815518617
NSD2,-0.17829985875382537
NSD3,0.08238009188354445
NSDHL,0.2512016647743378
NSFL1C,-0.10794296613655174
NSG1,0.02803402775517405
NSG2,0.9787539857294933
NSL1,-0.6845237554296637
NSMAF,-0.3789985872965369
NSMCE1,2.2850004845587835
NSMCE2,0.2731115065427647
NSMCE4A,-0.5196349040499577
NSMF,0.546706076742175
NSRP1,0.7178840382484508
NSUN2,0.12217004136038989
NSUN3,0.6338155392883169
NSUN4,-0.5933549336319919
NSUN5,-0.4401533961262649
NSUN6,0.7520459830019792
NSUN7,-0.639764045650653
NT5C,-0.4485170525737061
NT5C1A,-0.508811735364345
NT5C1B,-2.589679122742818
NT5C1B-RDH14,-2.589679122742818
NT5C2,0.20732468925571979
NT5C3A,0.5722969217102856
NT5C3B,-0.4919037562523274
NT5DC1,0.42820637428710695
NT5DC2,-0.4925805674638113
NT5DC3,0.5537601682809188
NT5DC4,-0.5943731897830367
NT5E,-0.6038511944505711
NT5M,0.10014669254675646
NTAQ1,-0.8405530622041342
NTF3,-0.527086231432973
NTF4,0.007294078499023193
NTHL1,-0.46768890361886184
NTM,-2.0693893422460037
NTMT1,-0.4032918597626942
NTMT2,1.7088945489644678
NTN1,0.34878901570106957
NTN3,0.24013181161092156
NTN4,-0.1511243233374068
NTN5,-0.4991490674315391
NTNG1,-0.5489070492312859
NTNG2,0.32894751670029043
NTPCR,-0.2813116081661242
NTRK1,0.5837042789516054
NTRK2,0.3753680007596293
NTRK3,0.15470963458723191
NTS,0.0
NTSR1,-0.8036916207550038
NTSR2,-0.13047650357293816
NUAK1,0.5539360626755658
NUAK2,-0.2104990370127109
NUB1,-0.013926053826024631
NUBP1,0.6394918606000104
NUBP2,0.6436254338140803
NUBPL,-0.41769048777190665
NUCB1,0.13295306998786316
NUCB2,-0.4303467048291747
NUCKS1,0.21184351884430042
NUDC,-0.03036216673746006
NUDCD1,0.32258043989769636
NUDCD2,-0.4349823059033886
NUDCD3,0.4274760755963929
NUDT1,-0.3248953210028258
NUDT10,-1.0697206328950375
NUDT11,-0.5130399088974146
NUDT12,0.5941717695471366
NUDT13,0.12946774006639494
NUDT14,-0.5075052036354804
NUDT15,0.07513011997927332
NUDT16,-0.6867455853776845
NUDT16L1,-0.026774181985897094
NUDT17,0.07939160892855868
NUDT18,0.10999929327186786
NUDT19,0.5601215514523279
NUDT2,-0.16053074777079512
NUDT21,0.12334370306616549
NUDT22,-0.42362958425765473
NUDT3,-0.2657039381107058
NUDT4,-0.601793195659249
NUDT5,0.2521415322232423
NUDT6,-0.5105143287634002
NUDT7,-0.896193676511782
NUDT8,-0.38367308193693095
NUDT9,-0.31458581533758645
NUF2,1.322876436886158
NUFIP1,-0.28010395069372507
NUFIP2,0.3054489769874751
NUGGC,0.5845301442712691
NUMA1,0.11774498668724664
NUMB,-0.06365364376332683
NUMBL,-0.5276862983545989
NUP107,-0.1656959202869417
NUP133,-0.18366274302654118
NUP153,0.09505260799656412
NUP155,0.4887124235534124
NUP160,-0.07201830292677913
NUP188,-0.40563671181186445
NUP205,0.24926124112463688
NUP210,-0.43587999625813145
NUP210L,-0.09601872822188162
NUP214,-0.3927200065647538
NUP35,1.643460919335173
NUP37,-0.23991741094504926
NUP42,0.14815280493897065
NUP43,0.18039955917036687
NUP50,-0.0027959111220612343
NUP54,0.0718596996080243
NUP58,0.195472001841138
NUP62,-0.12107501479567251
NUP62CL,0.7657731116306019
NUP85,-0.2227052254303099
NUP88,0.3857548357613836
NUP93,0.21520108426633122
NUP98,0.014376220206966828
NUPR1,0.5120240255772369
NUPR2,0.9262048372366478
NUS1,0.4090118072421043
NUSAP1,-0.7215415540902707
NUTF2,0.0644038791241699
NUTM1,0.2404279455772309
NUTM2A,-1.1477599497718525
NUTM2B,-1.4359606254050046
NUTM2D,-0.5271754662158927
NUTM2E,0.3013640454016644
NUTM2F,-2.103010308643656
NUTM2G,1.533438955916622
NVL,-0.04038005674183287
NWD1,-0.5754946500556888
NWD2,-1.0133087172678559
NXF1,-0.09885609640040727
NXF3,0.9160635962767518
NXNL1,0.7534346369771707
NXNL2,1.2851864562277473
NXPE1,2.593446578652439
NXPE2,-0.9395455577328502
NXPE3,-0.23671014438241889
NXPE4,1.261973125712446
NXPH1,-0.21731715550398878
NXPH2,-0.5882315367485407
NXPH3,1.6645271648102349
NXPH4,0.7290723807896501
NXT1,0.3470900522785323
NXT2,1.9257947103423187
NYAP1,-0.7112698964494849
NYAP2,-0.19773081009815052
NYNRIN,-1.220923208726511
NYX,1.4648878306715256
OAF,0.6047150593954148
OARD1,-0.8884253281575393
OAS1,-0.11199723572277964
OAS2,0.3379884907103019
OAS3,0.1708781747223842
OASL,-0.7515108030915603
OAT,0.6080476250903781
OAZ1,0.6700407864112385
OAZ2,0.12200475707423841
OAZ3,0.2291361794468565
OBI1,0.3863039762492064
OBP2A,-0.5648444316410378
OBP2B,-0.6700546178840848
OBSCN,-1.12914945134719
OBSL1,0.5609637825965037
OC90,-0.4289422304934604
OCEL1,0.15065659621486382
OCIAD1,0.591759898245284
OCIAD2,-1.4571640205807697
OCM,-0.6350891696346981
OCM2,-0.13781813717469646
OCRL,0.9585479151973207
OCSTAMP,1.1098355158985092
ODAD1,0.14790752932463658
ODAD2,0.6901640305611123
ODAD3,0.26599200158454117
ODAD4,-0.23044023863852114
ODAM,1.1495374642222909
ODAPH,1.0019650163447957
ODC1,-0.44617253881274355
ODF1,0.868522024864476
ODF2,-0.3461567277941997
ODF2L,0.4469435804533197
ODF4,-1.940352950500278
ODR4,-0.0211535928817268
OFD1,1.5078649886268682
OGA,-0.3469907662963134
OGDH,0.5863271845475984
OGDHL,-0.13147148430729394
OGFOD1,0.16112682774826492
OGFOD2,-0.37532478667798275
OGFOD3,0.08551452122897629
OGFR,-0.8127936360716204
OGFRL1,0.3168215283910461
OGG1,0.3387810493763119
OGN,-0.5551257135520693
OGT,0.09431059633087546
OIP5,-0.2798636094257101
OIT3,-0.04772498648820356
OLA1,-0.254409430418983
OLAH,0.4725042774226714
OLFM1,-0.47759219171211187
OLFM2,0.4643002796600043
OLFM3,0.9633513740869666
OLFM4,-1.7010760945684522
OLFML1,-1.2594701298196405
OLFML2A,0.2841049542046886
OLFML2B,-0.22871657089388642
OLFML3,-0.7632645018161646
OLIG1,0.20532806845457757
OLIG2,-0.9953244666548323
OLIG3,0.39595711019814617
OLR1,-1.1590039990946501
OMA1,-0.254544716925702
OMD,-0.6560166068104316
OMG,-0.5176473972178615
OMP,0.2773831998152158
ONECUT1,0.5694250426408933
ONECUT2,1.9927097883148712
ONECUT3,-0.08327948332180497
OOEP,-0.3743960946201069
OOSP1,-1.321932485334648
OOSP2,-1.173071128846627
OOSP3,-0.18266644176300217
OOSP4A,0.824636014422695
OOSP4B,-0.4228917100030398
OPA1,1.001476881155162
OPA3,0.04164496137726342
OPALIN,-1.3745106980922237
OPCML,0.07974601428293948
OPHN1,-0.8594713055096838
OPLAH,-0.4896829091713497
OPN1LW,-2.088735653675207
OPN1SW,-0.47743293003533127
OPN3,-0.5313048814815307
OPN4,-1.1097186405972148
OPN5,0.3317295540344088
OPRD1,-1.1222906809411703
OPRK1,0.3423076862561377
OPRL1,-0.2760461332341613
OPRM1,-1.173071128846627
OPRPN,0.18436051185382296
OPTC,-0.13060115551719154
OPTN,0.6046585155311769
OR10A2,-0.5220756413603368
OR10A4,-2.671880306267937
OR10A5,-1.773103802159687
OR10A7,0.5029033061102975
OR10AC1,0.342307701220363
OR10AD1,0.9856645711075966
OR10AG1,0.4458510731069197
OR10D3,1.03157273853014
OR10G2,-0.038602891878546375
OR10G3,0.2026620521985597
OR10G4,-0.26454649266694363
OR10G6,-0.13695943596141924
OR10G7,0.0
OR10G8,-2.467086209482798
OR10G9,0.4524689704619964
OR10H1,0.7369662907285537
OR10H2,0.25525749838284295
OR10H3,-0.08418122628190639
OR10H4,0.3886552363246314
OR10H5,-0.28485197779515126
OR10J1,-0.2816322494564014
OR10J3,0.5993987083651267
OR10J4,-0.14090136904820932
OR10J5,-2.0010637781581924
OR10K1,-1.0297282652321005
OR10K2,-0.4637477127144034
OR10P1,0.024399582986635693
OR10Q1,-3.0990743289962004
OR10R2,-1.5633103177031522
OR10S1,-2.7069628072383622
OR10T2,-0.677252699491496
OR10V1,-0.166078428996733
OR10W1,-2.174590831105761
OR10X1,0.19104843207408082
OR10Z1,0.17603780377097575
OR11G2,1.486302513123718
OR11H4,0.45312692041986774
OR11H6,1.0793251474147134
OR11H7,-0.551906027826983
OR11L1,0.7489844899051941
OR13C3,-2.732725921403114
OR13C4,1.8432828171475264
OR13C5,-0.9345532477363193
OR13C7,0.5553762102946024
OR13C8,-0.7475456203562323
OR13C9,0.2837228134254912
OR13D1,-0.40565124297045085
OR13F1,-0.7449050498978851
OR13G1,0.0027851086032117944
OR13J1,0.3926628202676393
OR14A16,-2.9312110353379577
OR14A2,-0.720801852490168
OR14C36,1.626188622029784
OR14I1,0.43140720802849075
OR14L1,1.6222031953580156
OR1A1,0.0631355297212653
OR1A2,-0.002680353185556983
OR1B1,-1.4154440852898016
OR1C1,-0.7132185046727062
OR1D2,-1.1564309909564767
OR1D5,-1.1477599497718525
OR1E1,-0.05838297766933154
OR1E2,-1.0347158175081164
OR1F1,-0.7819052153813458
OR1G1,-0.40679059761294106
OR1I1,0.7356728033727731
OR1J1,-0.05646056060806995
OR1J2,0.9049113739943517
OR1J4,-0.011923201905605252
OR1K1,-0.3933851671546565
OR1L1,0.09146917743729965
OR1L3,-0.9065022884400449
OR1L4,-0.885542861802732
OR1L6,-0.29553731884063783
OR1L8,1.4878445236979467
OR1M1,-1.3388088885312681
OR1N1,-1.4893037578605632
OR1N2,-0.5402785589508463
OR1P1,-0.9213272435841253
OR1Q1,-1.088503741137118
OR1R1P,-0.6418722339359674
OR1S1,-0.8231240266637483
OR1S2,1.9598514591555263
OR2A12,-2.1180949483482507
OR2A14,1.7951884199682133
OR2A2,-0.8198480839368549
OR2A25,0.5563970399552804
OR2A4,0.0
OR2A5,-1.8837146863288616
OR2AE1,0.27615648465366976
OR2AG1,-0.6547656465773816
OR2AG2,-1.3070140659159193
OR2AJ1,1.473733725447835
OR2AK2,-0.08390145664113291
OR2AP1,2.3466185984677472
OR2AT4,0.03340689735596525
OR2B11,-0.6079435586627444
OR2B2,0.3004510693735903
OR2B6,-0.9118973043727604
OR2B8P,-0.09136182654687494
OR2C1,-1.9570558302806087
OR2C3,0.17818004600603987
OR2D2,-1.2963133496096808
OR2D3,-1.1511274761701311
OR2F1,0.48542842804046193
OR2F2,-1.539081243415211
OR2G2,-0.3308986686217697
OR2G3,-1.2231247797801963
OR2K2,-0.351799157140287
OR2L13,0.7014063786715252
OR2L3,0.8217337239312629
OR2L5,-0.7010608247844239
OR2L8,0.6376141576810954
OR2M2,-2.327750223598407
OR2M3,0.3648756503538282
OR2M4,-2.543997221897476
OR2M5,-0.5583407814814282
OR2M7,-3.1458475084197386
OR2S2,-0.6889493421500873
OR2T10,-0.6221172911215864
OR2T11,1.173071128846627
OR2T12,-3.0301038565799963
OR2T33,0.6858939565695943
OR2T34,-0.0745174584806052
OR2T35,-0.803313043922508
OR2T8,-1.9786349579401858
OR2V1,0.5827535582634402
OR2V2,0.15618053067732318
OR2W3,-1.5849652455114525
OR2Y1,-1.1001917070964937
OR2Z1,-1.1454315476251238
OR3A1,-1.0836174107876622
OR3A2,-0.49796878401498057
OR3A3,0.18247831193782305
OR4A15,0.8682143500367734
OR4A16,1.2366619353097366
OR4A47,-1.3136624973419977
OR4A5,-2.2642217421620003
OR4A8,-0.7026185368813667
OR4B1,-2.3554899429165634
OR4C11,-2.2284505437862876
OR4C13,-0.46917413896445614
OR4C15,1.505499923848859
OR4C16,2.818635934957239
OR4C3,0.16615750107477312
OR4C45,-1.919385579390443
OR4C5,0.5829665173349772
OR4C6,0.038732500506547085
OR4D1,1.1289349319814952
OR4D10,-0.34173714148960843
OR4D11,0.8075046216378724
OR4D2,0.302478803959361
OR4D5,-1.6310571526773936
OR4D6,-0.31940559647240707
OR4D9,-0.01745219285800336
OR4E1,-1.0890069142472365
OR4E2,-0.9760515914975405
OR4F15,1.5639042706621185
OR4F17,0.0
OR4F4,-1.2296548539755006
OR4F5,0.6602868281119547
OR4F6,-0.4955872990692435
OR4K1,-0.318289815204738
OR4K13,1.8246819873446054
OR4K14,-1.193727843427962
OR4K15,0.26108294195274884
OR4K17,-0.4390238666352849
OR4K2,1.1195341562769086
OR4K3,0.47320120418817524
OR4K5,1.9175914844399142
OR4L1,-1.294064348142521
OR4M1,0.17963960435448212
OR4M2B,0.6674289334017307
OR4N5,0.7306126680222127
OR4P4,1.173071128846627
OR4Q2,-0.11664539984994038
OR4Q3,0.761842361603918
OR4S1,2.321937323446891
OR4X1,-0.17925108529136535
OR4X2,0.4170518558290697
OR51A2,-0.2796659818769709
OR51A4,-1.1855621171317674
OR51A7,-1.173071128846627
OR51B2,-0.913963075070418
OR51B4,1.7919243951178092
OR51B5,-1.466072490753323
OR51B6,0.22920136274409764
OR51C1P,0.0
OR51D1,0.17862829228457658
OR51E1,-0.5429311068980585
OR51E2,0.0
OR51F1,-1.5849673428596096
OR51F2,-0.8288327827817624
OR51G1,1.2259752452627608
OR51G2,-0.1408627363062216
OR51I1,1.7454352681452387
OR51I2,-2.018795279775704
OR51L1,1.0310295322150695
OR51M1,-1.301571243368818
OR51Q1,0.4025482015691644
OR51S1,1.3976871298585538
OR51T1,-1.517885069817905
OR51V1,2.185564652991244
OR52A5,-0.48542828883393296
OR52B2,1.2879516745053046
OR52B4,-0.8014557621531123
OR52B6,-2.0031367471981323
OR52D1,-0.7317347907180793
OR52E1,0.2938063416133335
OR52E2,-1.778793943730832
OR52E4,-0.8618713820322708
OR52E5,0.03267573272737745
OR52E6,-1.7615159972469818
OR52E8,-0.5032396097866796
OR52H1,-0.23132630400633203
OR52I1,-0.8093175318685484
OR52I2,-0.557247791640196
OR52J3,1.8191561954653555
OR52K1,1.8653200986575187
OR52K2,-3.228451793845292
OR52L1,-1.173071128846627
OR52M1,-0.5259317104960726
OR52N1,-1.4874534163803934
OR52N2,-1.185071048198499
OR52N4,-0.5563970399552804
OR52N5,-1.573332506566403
OR52P1,2.4097330641563635
OR52R1,-0.9042030399118723
OR52W1,-0.9955363902273762
OR56A1,-0.6383275676907827
OR56A3,0.08365801576179988
OR56A4,1.2879120967005102
OR56A5,0.10263509350834621
OR56B2P,0.6057228148842051
OR56B4,-0.49482172151980364
OR5A1,-1.0484633856068766
OR5A2,-1.7357141107182732
OR5AC1,-0.47045173230419746
OR5AC2,1.778793943730832
OR5AK2,-2.366502972739295
OR5AK3P,-1.1076451641588174
OR5AL1,-2.4142601705587547
OR5AN1,0.6221172911215864
OR5AP2,-1.7951884199682133
OR5AR1,-1.2077769284439142
OR5AS1,-0.5521244351952566
OR5AU1,-0.34076767588429097
OR5B12,-0.8936227965691121
OR5B17,-0.7264817056570945
OR5B2,-0.5485111400545024
OR5B21,2.153159418303699
OR5B3,0.7349590107064947
OR5BS1P,-0.25215115640374225
OR5C1,-0.21560456063347688
OR5D13,0.5563970399552804
OR5D14,0.7911367290415916
OR5D16,-1.173071128846627
OR5D18,0.5305157753025309
OR5F1,0.8267823101220737
OR5H1,-0.29406224479782117
OR5H14,-1.76221105869506
OR5H15,-1.186834104724803
OR5H2,1.7951884199682133
OR5H6,0.5563970399552804
OR5H8,2.8008844341702774
OR5I1,-0.20142976420824055
OR5J2,0.4710191931433043
OR5K1,-0.8742433307375879
OR5K2,-0.24001630748514557
OR5K3,0.14397210297036267
OR5K4,-1.2200896951782518
OR5L1,0.847999180253385
OR5L2,2.0622930518862637
OR5M1,1.0676715823392602
OR5M10,-0.44099759197402166
OR5M11,0.18065173099465937
OR5M8,-0.1174938418899294
OR5M9,-0.4452846688254801
OR5W2,-1.9981208393314227
OR6A2,-0.34471100299906804
OR6B1,0.7302246353436874
OR6B2,-0.0434524078017835
OR6B3,-0.006737084252874365
OR6C1,-0.8479991844906134
OR6C2,0.694610234560632
OR6C3,0.4673943255558215
OR6C4,-0.3009549174387618
OR6C65,-0.48542828883393296
OR6C68,-0.9810609739757346
OR6C70,-0.2756355196297262
OR6C74,-1.1477599497718525
OR6C75,2.25239627626134
OR6C76,-1.6819905050980244
OR6J1,-1.2305959105219224
OR6K2,3.0425171467704044
OR6K3,0.3850989228177557
OR6K6,-0.2307464317345916
OR6M1,0.8756114674187621
OR6N1,-0.8558446050354221
OR6N2,0.3094125375731403
OR6P1,-0.609828310207328
OR6Q1,-2.6164883565593766
OR6S1,1.8729335773406495
OR6T1,-1.635151803124459
OR6X1,-0.5060623472645118
OR6Y1,-1.4191450594251624
OR7A10,-1.1162148803392333
OR7A17,1.1564309832625697
OR7A5,0.147631343845678
OR7C1,0.06824839503123536
OR7C2,0.37418503617717147
OR7D2,-0.43148849797963496
OR7D4,-0.08528269347862338
OR7E24,0.1264115603320335
OR7G1,-0.4062140491139009
OR7G2,-0.4908061157519461
OR7G3,1.148866230716389
OR8A1,-1.2281483169825873
OR8B12,-1.8905773263814387
OR8B2,-0.44664773712600003
OR8B3,-1.370227489579092
OR8B4,-0.34445356544565975
OR8B8,-1.1113650103291013
OR8D1,-0.045986279999121416
OR8D2,2.1047462937997947
OR8D4,-2.754687771637959
OR8G1,-0.9160635861718422
OR8G2P,-2.5535146648000673
OR8G3P,2.732725951157432
OR8G5,-1.6561445379131652
OR8H2,0.0
OR8H3,1.4671333954166084
OR8I2,1.1219967598982734
OR8J3,-0.7424263007563562
OR8K5,0.0
OR8S1,-0.44984600306038985
OR8U3,0.9549776817342448
OR9A1P,0.4258984008625988
OR9A4,-0.8930859197017181
OR9G1,-0.7026185368813667
OR9H1P,0.6714408212700587
OR9I1,0.0777552440054835
OR9K2,1.914984653582654
OR9Q1,-0.8184307650866621
OR9Q2,-1.01594287428521
ORAI1,-0.5281038947559145
ORAI2,-0.08281707434104835
ORAI3,-0.22232223508733906
ORC1,0.42159357490701943
ORC2,0.001278448205330296
ORC3,0.6387466808967184
ORC4,0.511251788224997
ORC5,-0.02485257679186148
ORC6,-0.023443621636464407
ORM1,-0.511500632923231
ORM2,-0.0730915552425474
ORMDL1,0.016366643027252437
ORMDL2,0.43615015032690474
ORMDL3,0.23656132810222896
OS9,0.1913657614443136
OSBP,0.7378380662290565
OSBP2,0.2841934059693476
OSBPL10,-0.45135790699769884
OSBPL11,-0.5124403386528371
OSBPL1A,0.20634079008425088
OSBPL2,-0.7947881655220341
OSBPL3,0.20376618906071187
OSBPL5,-0.7358829560004962
OSBPL6,0.4282498456396749
OSBPL7,-0.730863694257371
OSBPL8,0.05562045017329176
OSBPL9,0.24368854658490768
OSCAR,-0.5563970399552804
OSCP1,0.06899768457318167
OSER1,0.29083458761009373
OSGEP,0.0666907103726766
OSGEPL1,0.382612478261938
OSGIN1,-0.7221791953692354
OSGIN2,0.4172271539535153
OSM,-0.7142913519485132
OSMR,-1.0264734509906486
OSR1,-0.9378446615649456
OSR2,-0.2577959601640223
OST4,0.11692414092308034
OSTC,-0.03628639325367233
OSTF1,0.44758410996892106
OSTM1,-1.4654623699251532
OSTN,1.527254536387277
OTC,0.6982369974957519
OTOA,-0.1154337031066968
OTOF,-0.26680746452240905
OTOG,-0.43732414614596593
OTOGL,-0.41433746003653654
OTOL1,-0.12185861209354143
OTOP1,1.1215197524830223
OTOP2,0.030330629262055542
OTOP3,-1.3384539231591384
OTOR,0.5069610135303357
OTOS,-0.08118713598698357
OTP,-0.023459002738899448
OTUB1,-0.30083723558499065
OTUD1,1.3818323267564194
OTUD3,-0.0752881122939495
OTUD4,-0.3822912016737625
OTUD5,0.3801569062277834
OTUD6A,-1.173071128846627
OTUD6B,0.1287512927976011
OTUD7A,-0.7647129396760286
OTUD7B,0.59583362158241
OTULIN,1.024013318400831
OTULINL,0.324328327064185
OTX1,-0.17549106277724213
OTX2,-3.113262932156665
OVCA2,-0.03940429125128375
OVCH1,1.243652952700901
OVCH2,-1.4456737540223938
OVGP1,-0.2859090217147867
OVOL1,0.03193247717456105
OVOL2,-0.7966387810502854
OVOL3,-0.22641445197829024
OXA1L,-0.11597728821067221
OXCT1,-0.304802341808164
OXCT2,-1.2845548241053169
OXER1,-1.1007033149006906
OXGR1,1.1418948697443572
OXLD1,-0.27991280677498764
OXNAD1,0.37289781947682643
OXR1,0.9942491730941345
OXSM,-0.17062221782407505
OXSR1,0.30162882966032
OXT,-0.014873285594692753
OXTR,-0.5752135087973532
P2RX1,-0.8607903913304402
P2RX2,-1.4877427921581086
P2RX3,-0.37485385770022206
P2RX4,-0.39565874704397563
P2RX5,-0.15220783211587507
P2RX5-TAX1BP3,-0.1338093849457236
P2RX6,-0.7269272984496211
P2RX7,0.18591663709662132
P2RY1,-0.168067305008766
P2RY10,0.954717780573439
P2RY11,-0.018965304249078052
P2RY12,0.2013208397858334
P2RY13,0.1694651224397613
P2RY14,0.018527457457228058
P2RY2,-1.1483689142968607
P2RY4,-0.1985542503504748
P2RY6,-0.258579841991751
P2RY8,0.6674289334017307
P3H1,-0.31675493046455516
P3H2,-1.0469036257726974
P3H3,-0.6511256923114945
P3H4,0.06629678201879585
P3R3URF,-0.34432635935152334
P3R3URF-PIK3R3,-0.3443262938795628
P4HA1,0.43575676908776373
P4HA2,0.39447229684858653
P4HA3,-0.20684629380995478
P4HB,0.1927798447393947
P4HTM,0.3160761446435667
PA2G4,-0.07407759945209857
PAAF1,-0.3565347454119103
PABIR1,-0.03754163860249915
PABIR2,1.4136352984091056
PABIR3,1.5577987353070906
PABPC1,0.3422855648513088
PABPC1L,0.0893983948120618
PABPC1L2A,-0.7026185368813667
PABPC3,-0.12785013592866523
PABPC4,-0.1500728561701128
PABPC4L,2.435062723112701
PABPC5,-2.228450558465886
PABPN1,0.7290808362426398
PABPN1L,-0.41064119467975124
PACC1,0.008696552268931956
PACRG,1.0659275843927927
PACRGL,0.6382368209498986
PACS1,0.1412024878056224
PACS2,0.2995543738875326
PACSIN1,-0.3727164358306542
PACSIN2,-0.17263444647289372
PACSIN3,-0.6353517815197929
PADI1,0.24150139208179466
PADI2,0.3053548436959981
PADI3,-1.3683233728324864
PADI4,-1.2312310037719156
PADI6,0.34858769226251723
PAEP,0.03312637423281855
PAF1,0.32558260359873925
PAFAH1B1,0.07141156865178822
PAFAH1B2,-0.39572946775372664
PAFAH1B3,-0.06575944316692128
PAFAH2,-0.18058930716707788
PAG1,1.331444999913789
PAGE1,-0.37159899277156483
PAGE2,-0.27172963069691036
PAGE2B,-1.2991716549963646
PAGE3,1.173071128846627
PAGE4,0.7369669712723501
PAGE5,0.0
PAGR1,-0.3968514092183191
PAH,-0.39592924200576973
PAICS,-0.03926133695613121
PAIP1,0.20886439714488425
PAIP2,-0.19620512562586745
PAIP2B,-0.17134066795599967
PAK1,0.4020195943843996
PAK1IP1,0.5372261145657302
PAK2,0.23927308477470932
PAK3,-2.0622930518862637
PAK4,0.011082136787202046
PAK5,-0.42614997146129013
PAK6,-0.7215049487390368
PALB2,-0.16489934398102468
PALD1,-0.13798122860051154
PALLD,1.0358221891019537
PALM,-0.3280734107220089
PALM2AKAP2,0.47034351327847235
PALM3,0.07098596073548291
PALMD,1.4995237861069395
PALS1,0.024527971774711332
PALS2,0.8435618574538541
PAM,0.4762955857407598
PAMR1,-0.5481634191130703
PAN2,0.44627133500161387
PAN3,-0.5204363614520235
PANK1,0.000214669234531506
PANK2,-0.19722621469275214
PANK3,-0.479617868223182
PANO1,-0.3867503904665597
PANX1,0.06905596837048034
PANX2,0.3126900623135871
PANX3,-0.3631920872322345
PAOX,-0.31675397512668635
PAPLN,0.005478809096643333
PAPOLA,0.07875308173937334
PAPOLB,1.2932411433335729
PAPOLG,0.051979247998921174
PAPPA,-0.14033180662285782
PAPPA2,0.515542286152743
PAPSS1,0.12207552839448166
PAPSS2,-0.9817721934576689
PAQR3,-0.07378478272862798
PAQR4,-0.006638862774005716
PAQR5,-0.2118746912515279
PAQR6,-0.5170845423119486
PAQR7,-0.5590410415844195
PAQR8,0.6439668123547586
PAQR9,1.3575994533058082
PARD3,0.21379626142915198
PARD3B,0.9059573905582448
PARD6A,-0.47653925119693374
PARD6B,0.03052620946492146
PARD6G,0.30837491265921113
PARG,0.4895769733388039
PARK7,0.040145478599386275
PARL,0.21028960361631466
PARM1,1.4521591266816394
PARP1,0.981175351676284
PARP10,1.5245367504711005
PARP11,0.05549451296860264
PARP12,0.3365053193794316
PARP14,0.07937409282956764
PARP15,0.28813292328468276
PARP16,-0.6255181497000022
PARP2,-0.33123129056562695
PARP3,-0.4116776629300851
PARP4,-0.3842008589315271
PARP6,0.37511448267613634
PARP8,0.5124047899532567
PARP9,-0.42758050747239595
PARPBP,-0.23775143892616235
PARS2,0.37903838059713024
PARVA,1.1870320535314063
PARVB,0.011876124152828904
PARVG,0.1471124481517696
PASD1,0.22588188913179863
PASK,-0.017600285339311572
PATE1,0.4667449992320303
PATE2,1.0839134892883084
PATE3,0.28928683967123703
PATE4,0.549640157865151
PATJ,0.2513219006099907
PATL1,0.7853100313076387
PATL2,0.8138513541101797
PATZ1,-0.16542916747178182
PAWR,0.4638199536335854
PAX1,0.46320544662873797
PAX2,-0.50772998479239
PAX3,-0.10893445617149816
PAX4,-0.051117624087308855
PAX5,-0.7563018970279266
PAX6,0.12858867264831142
PAX7,-1.2674845570488142
PAX8,-0.3978596049731647
PAX9,0.4820094767169365
PAXBP1,0.5981075153817761
PAXIP1,-0.5352119273904763
PAXX,-0.3726172870680977
PBK,-0.47402313160309406
PBLD,-0.03329034555792898
PBOV1,0.2681573603169898
PBRM1,0.41393420778084966
PBX1,-0.4325709398328631
PBX3,0.03928733059685641
PBX4,-0.35418196190986784
PBXIP1,-0.14503129278160554
PC,0.002431036114898255
PCARE,0.3269255080723701
PCBD1,-0.8655881295228693
PCBD2,0.20471200204472062
PCBP1,0.010111599187277776
PCBP2,0.09283501197759625
PCBP3,-0.30723438979681994
PCBP4,-0.43542726911880525
PCCA,0.3863332641545889
PCCB,-0.45762056179489186
PCDH1,-0.7577991214195936
PCDH10,-0.6132772516955435
PCDH11X,-0.8353743688716113
PCDH11Y,-0.298763084161638
PCDH12,0.11798930649450279
PCDH15,0.33969346660854094
PCDH17,-0.6383275554406918
PCDH18,-1.6583391906135212
PCDH19,-0.03828284108631541
PCDH20,-0.25043518429513
PCDH7,-2.9678296675498883
PCDH8,-0.11912511320183933
PCDH9,-0.37002003383239
PCDHA1,-0.11229017171926992
PCDHA10,-1.319419947770561
PCDHA11,-0.9772426277966817
PCDHA12,-1.056918655526659
PCDHA13,0.0
PCDHA2,-1.3186783498804524
PCDHA3,-0.4274222640870897
PCDHA4,-2.5515859002972356
PCDHA6,-1.5150874224905193
PCDHA7,0.18508295156661636
PCDHA8,1.383464982539033
PCDHA9,0.4548699980469375
PCDHAC1,-0.058398926630043535
PCDHAC2,-0.8715615804086191
PCDHB1,0.10958136780052197
PCDHB10,1.173071128846627
PCDHB11,-0.016210264319105328
PCDHB12,0.41599707249683704
PCDHB13,-0.2965136235971202
PCDHB14,0.20967161011258417
PCDHB15,-1.171321092912132
PCDHB16,0.9697549174973971
PCDHB2,-0.09885364147721565
PCDHB3,0.26437762265615694
PCDHB5,-1.1350165927105371
PCDHB6,0.21845246817382113
PCDHB7,-1.9136372797847545
PCDHB8,-1.2043614157674858
PCDHB9,-1.0315727954850773
PCDHGA1,-0.43153080247983144
PCDHGA10,-0.041050882737529104
PCDHGA11,0.1375569521005988
PCDHGA12,1.0252228183233099
PCDHGA2,-0.12088761959453631
PCDHGA3,-0.7378825327299788
PCDHGA4,-0.9598809129298093
PCDHGA5,-1.7357959120514406
PCDHGA6,-0.11464946305389856
PCDHGA7,0.6686348366583894
PCDHGA8,-0.21707727106026914
PCDHGA9,-1.0019543730373552
PCDHGB1,-0.06288314585397536
PCDHGB2,-0.25906146892098086
PCDHGB3,-0.964599548884925
PCDHGB4,0.5226370207847413
PCDHGB5,-0.6465618206873078
PCDHGB6,0.8563365497063562
PCDHGB7,-0.08898495184313143
PCDHGC3,-0.018685849800688478
PCDHGC4,-1.2341988080298163
PCDHGC5,-0.6169860093886341
PCED1A,0.8442705221974913
PCED1B,0.7950609474779503
PCF11,0.1562724362894432
PCGF1,-0.14488048838725298
PCGF3,-0.39225543615469105
PCGF5,-0.33701433822658133
PCGF6,-0.16820133766383139
PCID2,0.4383822843594265
PCIF1,0.17971427477841706
PCK1,-0.2216402104401956
PCK2,-0.9862740591808565
PCLAF,0.008675201175005753
PCLO,1.8128199779594347
PCM1,0.05506362142402388
PCMT1,0.19619848569534337
PCMTD1,-0.009508799014425584
PCNA,0.045599563415082756
PCNP,-0.014515125670991225
PCNT,-0.13976109778720058
PCNX1,-0.10681715621667776
PCNX2,-0.12484388781209477
PCNX3,0.9147666942524308
PCNX4,0.4811570792309259
PCOLCE,-0.7854496202016235
PCOLCE2,1.656990630139349
PCP2,0.022234306922750857
PCP4,-1.1940677559283324
PCP4L1,-0.6490801030637856
PCSK1,-1.2991740851856204
PCSK1N,1.738180895781246
PCSK2,0.27481191410667
PCSK4,0.07967433941083879
PCSK5,0.09813146658240113
PCSK6,1.3072265464263113
PCSK7,0.15322928818664527
PCSK9,-0.9476261759096132
PCTP,-0.3755090582520244
PCYOX1,-0.7285532651117865
PCYOX1L,-0.5539638398441133
PCYT1A,0.6398355006562131
PCYT1B,0.7060279464740293
PCYT2,-0.19049504331421208
PDAP1,-0.06537398543114392
PDC,1.60911359397848
PDCD10,0.37463930628526665
PDCD11,0.475947538626313
PDCD1LG2,0.7185788619092739
PDCD2,0.523498223481174
PDCD2L,0.4615598568134167
PDCD4,0.17079222856052745
PDCD5,1.0138947501416766
PDCD6,-0.24150592830273077
PDCD6-AHRR,-0.22405296240361983
PDCD6IP,0.02840510463593393
PDCD7,-0.3546448174499952
PDCL,0.32265311029176225
PDCL2,0.5729509452905138
PDCL3,-0.38900557352937604
PDE10A,-1.9704777966401936
PDE11A,0.7069857468938376
PDE12,-0.2946620198371397
PDE1A,0.9569368711815422
PDE1B,-0.5767123817831163
PDE1C,-0.3210719756342998
PDE2A,-0.8201870909875122
PDE3A,1.5076600912318772
PDE3B,-0.6414137975079148
PDE4A,0.15971240483975224
PDE4B,-0.1656523842694464
PDE4C,-0.5660818434146881
PDE4D,1.6633914052836887
PDE4DIP,1.173071128846627
PDE5A,-0.07243771731874982
PDE6A,0.6539104468608592
PDE6B,-0.5446132501547065
PDE6C,-0.13458316233108364
PDE6D,-0.12750018679097597
PDE6G,-0.22779107808717858
PDE6H,-0.9067214344991146
PDE7A,0.4504632627810259
PDE7B,0.09885364728587054
PDE8A,0.5156732119632546
PDE8B,1.1155535318097263
PDE9A,0.6509332135934678
PDF,0.3588249179716727
PDGFA,0.3002945535673092
PDGFB,-0.5878398374808258
PDGFC,-0.5339922247656737
PDGFD,0.3273990075395292
PDGFRA,-1.2211624714052514
PDGFRB,-0.5402498263605173
PDGFRL,0.9288567014660148
PDHA1,0.320804587106686
PDHA2,1.510005275372157
PDHB,-0.2553780270660946
PDHX,0.4937652356892577
PDIA2,0.30156154599620666
PDIA3,-0.48953294555187066
PDIA4,0.6672424880426839
PDIA5,-0.40469422357569274
PDIA6,-0.14190061456074904
PDIK1L,0.3241132977964907
PDILT,-0.8171368561218801
PDK1,-0.23198665052220857
PDK2,0.029249065886102876
PDK3,0.7815068238741979
PDK4,-1.8113986842873187
PDLIM1,-0.5364380366144228
PDLIM2,-0.8593810955230825
PDLIM3,-0.47045259196526024
PDLIM4,-0.0770122570903875
PDLIM5,1.2572912900986892
PDLIM7,0.2202456787691387
PDP1,0.563720550130929
PDP2,-0.9023886056341186
PDPK1,0.32576228033225463
PDPN,-1.7324377745649753
PDPR,-0.5745774107102455
PDRG1,-0.43281365338268474
PDS5A,-0.08747146762227231
PDS5B,0.4302869778859608
PDSS1,-0.6871927941350551
PDSS2,0.051087972537837256
PDX1,-0.7049052142656024
PDXK,-0.11119667048419024
PDXP,-0.8952719952607477
PDYN,0.008566260857535757
PDZD11,0.1781232838283371
PDZD2,0.5767482453461232
PDZD4,-0.23695971733995846
PDZD7,-0.617042580502992
PDZD8,-0.11886326661448177
PDZD9,0.3850734770878539
PDZK1,-0.2313761207667817
PDZK1IP1,-1.0031755623772833
PDZRN3,0.36387034909001115
PDZRN4,1.7284621488259808
PEA15,0.3738465036287226
PEAK1,0.7972780212524011
PEAK3,-0.7863908430188121
PEAR1,0.2749225021353283
PEBP1,-0.6165748836606486
PEBP4,-0.08783802605924995
PECAM1,0.8014016664196612
PECR,-0.48031250926175373
PEDS1,-0.27574271155496755
PEDS1-UBE2V1,-0.2481579512036185
PEF1,0.301984236366291
PEG10,0.9148239623912485
PEG3,1.7008828678858954
PELI1,0.9759166305925173
PELI2,-0.39873864877428167
PELI3,-0.2284021961999656
PELO,0.45623451667957826
PELP1,-0.43028271217759473
PEMT,-0.24324748612322145
PENK,-0.8464891988190621
PEPD,-0.10776993020672321
PER1,0.2588923704117949
PER2,-0.575742505081601
PER3,-0.5075695024313807
PERCC1,-0.11295185263774643
PERM1,-0.2768708188052442
PERP,1.603700592328848
PES1,0.09533861204842009
PET100,0.8192394942405712
PET117,-0.22078416431521308
PEX1,0.026353667079486165
PEX10,0.1620289608999954
PEX11A,-0.0012171732652379585
PEX11B,0.1691060093451755
PEX11G,-1.5434444626122747
PEX12,0.19930885194289294
PEX13,0.24438877492045297
PEX14,-0.39172903212185206
PEX16,0.23389733950431868
PEX19,0.5761618341951644
PEX2,0.37022167295069064
PEX26,-0.28256098324678325
PEX3,0.02243871479747339
PEX5,-0.8523466860892035
PEX5L,0.44086115093546163
PEX6,-0.05367969290407659
PEX7,0.024536688953953778
PF4,-0.5545057313225616
PF4V1,-0.2183230088762788
PFAS,-0.17760521200365798
PFDN1,0.02714852853562988
PFDN2,0.06490917762991844
PFDN4,0.5390427228067356
PFDN5,0.09786494514675015
PFKFB1,0.8777911463752193
PFKFB2,1.1292582116503813
PFKFB3,0.3056567287124716
PFKFB4,-0.9810987430625833
PFKL,0.17390599741395607
PFKM,1.370187868249162
PFKP,0.4574826323641722
PFN1,0.9458870801827022
PFN2,0.25964421622294276
PFN3,-0.2041558941064594
PFN4,-0.7072770037520668
PGA3,-1.002444318723504
PGA4,0.0
PGA5,1.1219967598982734
PGAM1,0.016687009490840232
PGAM2,-0.6882310122942252
PGAM4,0.8308821901092718
PGAM5,0.27283548007044933
PGAP1,0.06127975907019323
PGAP2,0.012240312577485035
PGAP3,-0.0891051647682688
PGAP4,0.04341142128385611
PGAP6,0.3472284867862417
PGBD1,0.79543481542441
PGBD2,-0.1085666034204027
PGBD4,0.3636471767761402
PGBD5,0.011351583083098138
PGC,0.21694937547618676
PGD,-0.11823346895412579
PGF,-0.23163433871909223
PGGHG,-1.0401458972646147
PGGT1B,0.06051116282757274
PGK1,0.3140708098012588
PGK2,-1.527254536387277
PGLS,0.9517452302646663
PGLYRP1,0.560968119186755
PGLYRP2,0.01639443657055311
PGLYRP3,0.30196333138566556
PGLYRP4,2.4299748154469762
PGM1,-0.39767477129054507
PGM2,-0.32217809574167733
PGM2L1,0.11358549794053063
PGM3,-0.13839366990908797
PGM5,0.6674289334017307
PGP,-0.39814342325073726
PGPEP1,-0.12778551364071444
PGPEP1L,-0.6144834756948224
PGR,-0.5305155898934478
PGRMC1,-0.2796659901428209
PGRMC2,-0.15141052464292182
PGS1,0.30697911284482204
PHACTR1,-2.254769134460669
PHACTR2,-0.031282353751268865
PHACTR3,-0.5964584958084947
PHACTR4,-0.19450638694200162
PHAF1,0.0515609251329332
PHAX,0.3607619472356569
PHB1,0.16477440293041434
PHB2,0.09207610754603701
PHC1,1.3129515274303967
PHC2,0.059969529780652175
PHC3,0.11232769820231558
PHETA1,-0.3100524122634811
PHETA2,-0.42376394646469606
PHEX,0.2269908998680763
PHF1,0.8913482531525903
PHF10,1.042410648119101
PHF11,-0.682170124314402
PHF12,0.6606631081241323
PHF13,0.18965002476372517
PHF14,-0.31682984796663227
PHF19,-1.2335862366175663
PHF2,0.09681575334745451
PHF20,-0.11845639544018871
PHF20L1,0.8436790753513375
PHF21A,0.5858986040270846
PHF21B,0.4836717543489544
PHF23,0.3106938248461022
PHF24,0.5347947904009993
PHF3,0.3469294815583748
PHF5A,0.11418009452974864
PHF6,1.0959452262781118
PHF7,-0.15227660428022904
PHF8,1.1605145627853117
PHGDH,0.5078729527208149
PHGR1,-0.9072813351369582
PHIP,-0.15722666841619093
PHKA1,0.130576864140598
PHKA2,-0.30634654893615676
PHKB,0.4348221499646625
PHKG1,0.0004415478529997685
PHKG2,-0.0807318870955056
PHLDA1,0.32220690618188375
PHLDA2,0.947107366357893
PHLDA3,-0.9767958047441114
PHLDB1,-0.22764915792646123
PHLDB2,0.9537795633634565
PHLDB3,0.10600621253351084
PHLPP1,-0.43242243695434546
PHLPP2,0.6179215649616712
PHOSPHO1,0.7954746251707094
PHOSPHO2,0.15077878137284673
PHOX2A,-0.6918300256636047
PHOX2B,0.18870253689790284
PHPT1,0.21459371812353512
PHRF1,1.8785055844414413
PHTF1,-0.252141098218965
PHTF2,0.3602376981600637
PHYH,0.5483514782069907
PHYHD1,-0.10602316084311458
PHYHIP,0.0648367451406735
PHYHIPL,1.6748139862188292
PHYKPL,-0.07714338773021634
PI15,-2.7647123405933636
PI16,-1.2706694533578418
PI3,-1.8040201664191067
PI4K2A,0.37846204702880026
PI4K2B,0.25206116573982307
PI4KA,-0.46436776202690133
PI4KB,0.16215064576144034
PIANP,0.5503017711451448
PIAS1,-0.1298516755935446
PIAS2,0.3260711926383888
PIAS3,0.44022586322141155
PIAS4,0.2749307352520005
PIBF1,0.6161774003603839
PICALM,0.8622925479337917
PICK1,-0.39860286532787836
PID1,-0.35914802706298854
PIDD1,0.2915654477757874
PIERCE1,-0.04834517755046752
PIERCE2,0.2632933124494107
PIEZO1,-1.3046247803148785
PIEZO2,-0.7287691208930245
PIF1,-0.18503229799008158
PIGA,0.5900578039956761
PIGB,0.08173741972504756
PIGBOS1,0.0666193461609188
PIGC,0.6426686129347121
PIGF,0.39563737795088594
PIGG,0.3232370313732291
PIGH,-0.5465047266026843
PIGK,0.23298479267718064
PIGL,-0.10261564667321998
PIGM,0.336977687377217
PIGN,0.1453885313095129
PIGO,-0.8115306920383745
PIGP,-0.027538503493503175
PIGQ,-0.6219535946286192
PIGR,0.03995260301594725
PIGS,-0.1859804535959535
PIGT,0.6979619739498344
PIGU,-1.1251584142553082
PIGV,0.5538987748671449
PIGW,0.7026185368813667
PIGX,-0.949524589707198
PIGY,0.6247330909246547
PIGZ,-0.6451374310300664
PIH1D1,-0.23742529531532153
PIH1D2,0.37444888251071085
PIK3AP1,-0.6670297067558901
PIK3C2A,-0.42194676003890885
PIK3C2B,-0.4438227846059237
PIK3C2G,1.0448574269922057
PIK3C3,0.6709895411928044
PIK3CA,1.0011059133416569
PIK3CB,-0.07782286769490776
PIK3CD,-0.9600519434492498
PIK3CG,-0.49000782510143537
PIK3IP1,0.36885386224857153
PIK3R1,0.24374573184748805
PIK3R2,-0.03249369458643203
PIK3R3,0.037138597342806
PIK3R4,0.3346417936135837
PIK3R5,0.33861328536918256
PIK3R6,0.03470043219921304
PIKFYVE,0.07454288832895628
PILRA,-0.8897186048896797
PILRB,-1.1804953907312905
PIM1,0.06626679535991076
PIM2,0.03359066368559427
PIM3,0.7120461145272934
PIMREG,0.03892328014110569
PIN1,-0.28912825096787786
PIN4,0.5843076225422077
PINK1,-0.321121592001663
PINLYP,0.19359921194004537
PINX1,0.3988358501394651
PIP,-0.6310924331725466
PIP4K2A,0.25924750850172407
PIP4K2C,-0.5215091218456153
PIP4P1,0.13562525414023696
PIP4P2,0.0035454631970356365
PIP5K1A,0.3911447598082973
PIP5K1B,-0.7369661377327261
PIP5K1C,-0.4655981583475626
PIP5KL1,-1.2870402132641061
PIPOX,0.5949536767358392
PIR,2.166787412739778
PIRT,-0.10153331331969254
PISD,-0.11799714188299415
PITHD1,0.44468011411278896
PITPNA,-0.2933641401096989
PITPNB,0.0905361474222035
PITPNC1,0.11183568220362572
PITPNM1,0.3341099396870604
PITPNM2,-1.072882842707234
PITPNM3,-0.39696814882803483
PITRM1,-0.1850235444354258
PITX1,-1.48794352489899
PITX2,-0.4546015620875944
PITX3,-1.3232920175879532
PIWIL2,-0.3534455744619204
PIWIL3,-0.10655797709244305
PIWIL4,0.05723257355205513
PJA1,0.10404275049709266
PJA2,1.0012803074756467
PJVK,0.1575309287481148
PKD1,0.9045747544097866
PKD1L1,1.0650837003898366
PKD1L2,-0.30656605189612907
PKD1L3,-0.8760322946659086
PKD2,1.4993125091584174
PKD2L1,-0.4761723921267649
PKD2L2,0.1063443021149375
PKDCC,0.3558759881884548
PKDREJ,-1.3190888048846041
PKHD1,1.2922548475292173
PKHD1L1,-1.5409779684534572
PKIA,0.11699590065190746
PKIB,0.5250294439081986
PKIG,-0.27502831272198724
PKM,0.06031763117984035
PKMYT1,-0.24756214643573005
PKN1,-0.5610003752237049
PKN2,-0.13214085302687328
PKN3,-0.5238969111528459
PKNOX1,-0.10150797720068905
PKNOX2,1.3074542316967774
PKP1,9.483887503103361e-07
PKP2,-0.009747997364240035
PKP3,-0.5502854009015619
PKP4,0.05894534098257731
PLA1A,3.6291171608283004
PLA2G12A,-0.1769735339312155
PLA2G12B,0.4225444654474567
PLA2G15,0.029612298568735707
PLA2G1B,0.26808823060721315
PLA2G2A,2.0747125700804023
PLA2G2C,0.03674035151421595
PLA2G2D,1.829765011787928
PLA2G2E,0.9744769482761872
PLA2G2F,0.3677585298989109
PLA2G3,-0.7349520050449023
PLA2G4A,-1.9929192387078045
PLA2G4B,-1.396874426738439
PLA2G4C,1.130297572103466
PLA2G4D,-0.45527427109918484
PLA2G4E,-0.19191899332147289
PLA2G4F,-0.06346752901703856
PLA2G5,-1.9244045395487663
PLA2G6,0.21411521043479165
PLA2G7,-1.0907209292233702
PLA2R1,-0.32273192426810343
PLAA,-0.3007829617800115
PLAAT1,-2.6431868079129304
PLAAT2,0.08700793782964222
PLAAT3,-0.46632545600805514
PLAAT4,0.7820341262301441
PLAAT5,-0.09528788429957569
PLAC1,-0.006587669128458762
PLAC8,-0.3834733819944654
PLAC8L1,-0.9908376859082656
PLAC9,1.7325597497862328
PLAG1,0.09969265527533389
PLAGL1,-0.3793783544121847
PLAGL2,-0.06093024700835592
PLAT,1.2898761420395415
PLAU,0.8732666734623613
PLAUR,-0.38140546346168924
PLB1,-1.3931738739475668
PLBD1,2.654013860369824
PLBD2,-0.29575443942136204
PLCB1,-0.43675371503133154
PLCB2,-1.0921492449816474
PLCB3,0.185056930042232
PLCB4,-1.173071128846627
PLCD1,-0.42660841415808637
PLCD3,-0.19840538047611922
PLCD4,-0.08502798445400792
PLCE1,0.0639383619060564
PLCG1,-0.1443706449411266
PLCG2,-0.14015076568998863
PLCH1,0.7827952894078616
PLCH2,-1.1314908158504253
PLCL1,-1.0863109889258218
PLCL2,-0.09524456134783743
PLCXD2,0.5006130426189817
PLCXD3,-0.7688510575435791
PLCZ1,0.8098871766930202
PLD1,-0.43824238657178793
PLD2,0.003308638350396187
PLD3,-0.02284037343413825
PLD4,-0.6338414546636896
PLD5,-0.864364222913913
PLD5P1,0.7205401043152317
PLD6,-0.8477699858800616
PLEC,-1.1103041972354344
PLEK,1.0711412945420404
PLEK2,-0.22273728326087253
PLEKHA1,0.2788516080018626
PLEKHA2,-0.5059963556831102
PLEKHA3,0.5177985939141965
PLEKHA4,-0.2940305849667857
PLEKHA5,0.25876020792407195
PLEKHA6,-0.8925289223131097
PLEKHA7,0.22444150402326613
PLEKHA8,-0.013335540662067213
PLEKHB1,-0.5195439324378994
PLEKHB2,0.02006719710612881
PLEKHD1,-1.0399438505986016
PLEKHF1,-0.5035258599919517
PLEKHF2,0.34932417237700575
PLEKHG1,0.21576983205560518
PLEKHG2,-0.4196196073884959
PLEKHG3,-0.5857012054211328
PLEKHG4,-1.242369239813264
PLEKHG4B,-1.2603742147968653
PLEKHG5,0.6549552778126151
PLEKHG6,-0.5227069537319129
PLEKHG7,2.967106331534565
PLEKHH1,-1.0632725624548023
PLEKHH2,0.37673896913183275
PLEKHH3,0.15963237972753985
PLEKHJ1,0.5143853493234851
PLEKHM2,-0.6993107177741942
PLEKHM3,0.7858447567209168
PLEKHN1,0.4408957831284104
PLEKHO1,-0.4368563666859826
PLEKHO2,-0.003482549638440746
PLEKHS1,-0.545078591605239
PLET1,-1.1608441190763048
PLG,-0.9708575441657068
PLGLB1,0.48542828883393296
PLGLB2,0.8966270883219112
PLGRKT,1.3573828501858585
PLIN1,-0.4080593701805596
PLIN2,0.2582570993177109
PLIN3,-0.4486858827329758
PLIN4,-1.3549016607840778
PLIN5,-0.07541668271664348
PLK1,-0.6262797207046162
PLK2,1.7098702850507637
PLK3,-0.11697008523481012
PLK4,-0.5102430155150204
PLK5,-0.09953580408862828
PLLP,-0.27413601099599594
PLN,1.44536808032713
PLOD1,1.0071555113593635
PLOD2,0.10982352158478426
PLOD3,0.15227978912091888
PLP1,1.156643434220765
PLP2,-0.3346289940826992
PLPBP,-0.058229546669695154
PLPP1,-0.43967778870405816
PLPP2,1.5836283580593091
PLPP3,-2.311717466459638
PLPP4,0.4218958391143053
PLPP5,0.12117742906256002
PLPP6,1.1101349496184472
PLPP7,-0.4680747508757781
PLPPR2,-0.07351991629403964
PLPPR3,0.3320036817019123
PLPPR4,-1.416607993896191
PLPPR5,-1.7219312741678185
PLRG1,0.7013217670192939
PLS1,-0.8413369481322104
PLS3,0.8974356092169007
PLSCR1,-1.0361974141185581
PLSCR2,1.549058647443022
PLSCR3,-0.028815164190162168
PLSCR4,0.5178904227512133
PLSCR5,-2.938609498713833
PLTP,0.3046207493900003
PLVAP,-0.006516702959484144
PLXDC1,-0.9465007569479016
PLXDC2,-0.555147913991705
PLXNA1,-0.32357940784816575
PLXNA2,0.26993039364317034
PLXNA3,0.2053427394436962
PLXNA4,-1.421632316042081
PLXNB1,0.3598315315765874
PLXNB2,-1.1785843413252106
PLXNB3,-0.28704173477084316
PLXNC1,0.3214893048979781
PLXND1,-0.5380444844285295
PM20D1,0.638327575040837
PM20D2,-1.4728699618210088
PMAIP1,0.46125718941252947
PMCH,0.013219287629895549
PMEL,-0.1924695491411299
PMEPA1,-0.5227261701399919
PMF1,0.49457833557367437
PMF1-BGLAP,0.4939155914911475
PMFBP1,-0.09942236250037922
PMIS2,-0.06823735327908192
PML,-0.3740201828188745
PMM1,-0.3011782554068385
PMM2,-0.5497570279616462
PMP2,-1.447369102347551e-08
PMP22,0.21180340648086293
PMPCA,-0.4086984571929597
PMPCB,0.7362883547291421
PMS1,0.03690997493546622
PMS2,0.15296203645954698
PMVK,0.10285026367966932
PNCK,0.08057824302190242
PNISR,-0.13943144459208412
PNKD,-0.021500008739188115
PNKP,0.7411467954219972
PNLDC1,-0.6190567021673181
PNLIP,-0.11977399227309915
PNLIPRP1,-0.312486998233979
PNLIPRP2,-0.0737903424017744
PNLIPRP3,1.6836503612313556
PNMA1,-0.5275487382308244
PNMA2,0.2216555450043477
PNMA3,0.31001617624833977
PNMA5,-0.20581529142367982
PNMA6A,0.39366660328634673
PNMA6E,0.4662550522504207
PNMA6F,-1.2118972035142133
PNMA8A,-0.2415764618088335
PNMA8B,-0.9862784152445709
PNMA8C,0.7563671765146587
PNMT,-0.30890158378883764
PNN,-0.28790254640271495
PNO1,1.0377926653776823
PNOC,-1.5192052867713612
PNP,0.16481395915216224
PNPLA1,1.1346589595376193
PNPLA2,-0.1964592426511178
PNPLA3,-0.00629076778819293
PNPLA4,0.025311179074774426
PNPLA5,0.6572114609177309
PNPLA6,-0.032495303227969785
PNPLA7,-0.021247388114195687
PNPLA8,-0.03978410449488878
PNPO,-0.663422645854415
PNPT1,-0.18135394301077756
PNRC1,0.4126859388011508
PNRC2,-0.9238607848980098
POC1A,-0.3982304265445369
POC1B,-0.14976573742524657
POC1B-GALNT4,-0.18199537080359862
POC5,0.8180504187018438
PODN,-1.070790078521535
PODNL1,-0.09672774729113165
PODXL,2.0650682177982116
PODXL2,-0.3084179640396857
POF1B,-1.1655890031642853
POFUT1,-0.09295493904063035
POFUT2,0.056113611777983685
POGK,-0.027319097420152705
POGLUT1,0.11802326909406391
POGLUT2,0.14950974772844727
POGLUT3,-0.3759682725209775
POGZ,0.269249195407133
POLA1,0.20021104796999634
POLA2,0.15327775583181014
POLB,0.8786977372261142
POLD1,0.21676225455820264
POLD2,-0.28282829501130013
POLD3,-0.42192403271324297
POLD4,-0.6000861151963373
POLDIP2,0.058337871305756295
POLDIP3,-0.20638336711551375
POLE,-0.2728640709514889
POLE2,-0.3291303008506419
POLE3,0.3265119880669576
POLE4,-0.2086073786601388
POLG,-0.34785507950020866
POLG2,-0.15564359075947243
POLGARF,-0.2578712869462456
POLH,-0.31335122188383435
POLI,0.07999208070898911
POLK,0.48652489613227345
POLL,0.17776451253512748
POLM,-0.3729414240070854
POLN,0.24331560340694613
POLQ,0.032984728083357506
POLR1A,-0.07898308762893258
POLR1B,-0.16933628254090438
POLR1C,-0.14377391195152578
POLR1D,-0.0711318270953698
POLR1E,-0.06999945480245273
POLR1F,0.3515999799987317
POLR1G,0.005554303173962438
POLR2A,0.12645980448712724
POLR2B,-0.2754531697463811
POLR2C,0.36796261285166243
POLR2D,-0.4027853617188146
POLR2E,0.4698269323650668
POLR2F,-0.41609885897423426
POLR2G,-0.29179730858278363
POLR2H,-0.2364126958085846
POLR2I,-0.12226675601304171
POLR2J,0.2196025991454117
POLR2J2,-0.5339420109695059
POLR2J2-UPK3BL1,-0.5173271670700261
POLR2J3,-0.13186703206343486
POLR2K,-0.012315873324715731
POLR2L,0.42394153664198475
POLR2M,-0.2884789602922555
POLR3A,0.11916057169695238
POLR3B,0.4772512974877203
POLR3C,0.11271060400311539
POLR3D,-0.00507629891285033
POLR3E,-0.15752576607242652
POLR3F,0.17082607600051047
POLR3G,0.6483160713612672
POLR3GL,-0.14766008687564947
POLR3H,0.4865688000281445
POLR3K,0.033085180991347496
POLRMT,0.2919223926855534
POM121,0.008451278497802583
POM121C,-0.6400449739273131
POM121L12,-2.204100636801317
POM121L2,-0.24356669059757965
POMC,-0.805272062702181
POMGNT1,-1.3889506489786367
POMGNT2,0.23790907759558655
POMK,0.15833161806035134
POMP,0.24803551728489381
POMT1,-0.5430734580892622
POMT2,0.06796771488650011
PON1,1.130699131253464
PON2,0.9147542242377329
PON3,0.7758784511672978
POP1,-0.0328756896336726
POP4,-0.040134757634726625
POP5,-0.2686856542730043
POP7,-0.04637593527012962
POPDC2,1.8633332739168846
POPDC3,2.774632184275248
POR,1.2994321076280935
PORCN,1.453799512391777
POSTN,0.7228481473299451
POT1,0.8095448425920979
POTEA,1.4719998303261832
POTEB3,0.2583138866944634
POTEC,0.0
POTED,-1.173071128846627
POTEE,1.319419947770561
POTEF,1.8890203441189177
POTEG,1.640465448886054
POTEH,2.25239627626134
POTEJ,1.1219967598982734
POU1F1,0.798245283826033
POU2AF1,-0.11361087909696699
POU2AF2,0.5243891219245087
POU2AF3,-0.8087301814506517
POU2F1,0.053118859306464206
POU2F2,0.24484862233985516
POU2F3,-0.3549921420748253
POU3F1,-0.14477674283835062
POU3F2,-1.5753561103621085
POU3F3,0.30391948840848904
POU3F4,-1.173071128846627
POU4F1,0.507834144226476
POU4F2,-2.3688293526831483
POU4F3,-0.3372975042470092
POU5F1,0.612980870024717
POU5F1B,2.108943233068839
POU5F2,4.8926882762763695
POU6F1,-0.512826118139732
POU6F2,0.08217470770770552
PP2D1,-0.19181778389025664
PPA1,0.06000294063488942
PPA2,0.20594157250410472
PPAN,0.0976525308936762
PPAN-P2RY11,0.09561470580902043
PPARA,-0.6476825035681499
PPARD,0.08365322427042088
PPARG,-0.06689199239491461
PPARGC1A,-0.2543183343001756
PPARGC1B,0.036945494630634235
PPAT,-0.05085227298081474
PPBP,-2.422453474578259
PPCDC,-0.48473215727080765
PPCS,-0.05954086832069594
PPDPF,-0.45834845484817643
PPDPFL,-1.076175411861503
PPEF1,0.3581132519003003
PPEF2,-0.6787467386684287
PPFIA1,-0.2387875779194255
PPFIA2,0.3114624721854744
PPFIA3,-0.25977289697403894
PPFIA4,0.3975671468743822
PPFIBP1,0.2677866624870735
PPFIBP2,-0.13850879850361386
PPHLN1,0.7930787054970283
PPIA,-0.2748542737249089
PPIAL4A,-1.7951884199682133
PPIAL4C,0.045849275409201695
PPIAL4G,0.0
PPIAL4H,-0.18919548892930305
PPIB,0.9288578371829019
PPIC,-1.085009827624765
PPID,0.5090179468045652
PPIE,0.42614442500576044
PPIF,0.015058242870137573
PPIG,-0.32661970579238586
PPIH,-0.2128254646034793
PPIL1,0.014965784871851184
PPIL2,0.396083236789869
PPIL3,-0.00022069294739512912
PPIL4,0.5826025101633943
PPIL6,-0.007934508007540142
PPIP5K2,0.3032958483596935
PPL,-0.4730012675754163
PPM1A,0.23189717151754885
PPM1B,0.6357436908444192
PPM1D,-0.1825904034115191
PPM1E,-0.0756361311121414
PPM1F,0.08868537894216111
PPM1G,0.0
PPM1H,0.6610818753924312
PPM1J,-0.1738593802075028
PPM1K,0.20032943489342214
PPM1L,-0.5638368636273645
PPM1M,-0.20873504454616043
PPM1N,0.28346408221498437
PPME1,-0.0963577122695698
PPOX,-0.025693720977429724
PPP1CA,-0.4939918312349141
PPP1CB,0.06007025195578741
PPP1CC,0.11669521922043646
PPP1R12A,0.29666129565818933
PPP1R12B,-0.022250196229057995
PPP1R12C,0.014040112894808221
PPP1R13B,-0.4500848532491264
PPP1R13L,-0.009056645859632617
PPP1R14A,1.952756507123771
PPP1R14B,-0.13636476407392717
PPP1R14C,-0.3870634459100807
PPP1R14D,0.48173967770980836
PPP1R15A,0.1149085498490372
PPP1R15B,0.28043940814917256
PPP1R16A,-0.22308572765495027
PPP1R16B,0.4940482592386215
PPP1R17,0.26437762265615694
PPP1R1A,0.40299667714404014
PPP1R1B,-0.7791318810223493
PPP1R1C,-0.4377006862152457
PPP1R2,0.48655359645902196
PPP1R21,0.16575720782804582
PPP1R26,-0.1422604634384206
PPP1R27,-0.41056685115891645
PPP1R2C,-0.7329818624302382
PPP1R35,0.10410014256913591
PPP1R36,0.5782869676261304
PPP1R37,-0.30510273696907486
PPP1R3A,-0.5988641504663011
PPP1R3B,-1.1438724155573095
PPP1R3C,-0.48542722621626455
PPP1R3D,0.2525420962010865
PPP1R3E,-0.21950181514875222
PPP1R3F,0.03494399624329647
PPP1R3G,0.09498320195671515
PPP1R42,0.9550734452896217
PPP1R7,-0.054548838298058566
PPP1R8,0.24090003563647544
PPP1R9A,-1.204361394253569
PPP1R9B,0.7746231015118563
PPP2CA,-0.05378789314129584
PPP2CB,0.6547858228180445
PPP2R1A,-0.6825581068050497
PPP2R1B,0.4578305145598538
PPP2R2A,-0.14027947463920176
PPP2R2B,-0.7944907042031155
PPP2R2C,-1.0278229184350076
PPP2R2D,0.49512220373202664
PPP2R3A,0.713202304443288
PPP2R3C,0.013759114704419595
PPP2R5A,0.10681861595400388
PPP2R5B,-0.4561749931775205
PPP2R5C,0.013805549548465912
PPP2R5D,-0.21362578660721043
PPP2R5E,0.23277118425485455
PPP3CA,1.3294090728449204
PPP3CB,-0.2803384974560026
PPP3CC,0.3329616305907517
PPP3R1,0.7425736739111519
PPP3R2,0.2166821916922949
PPP4C,0.03629306348934547
PPP4R1,-0.07506407230458878
PPP4R2,0.2522683033061597
PPP4R3A,0.00068616001098043
PPP4R3B,0.025866415493077888
PPP4R3C,0.07809255217610223
PPP5C,0.5241138117385369
PPP6C,-0.1671092157346976
PPP6R1,-0.19473794626631502
PPP6R2,0.07786546629062796
PPP6R3,0.023721350147431153
PPRC1,-0.503308166823849
PPT1,-0.18783307907399371
PPTC7,-0.169878441839713
PPWD1,0.8784882134879775
PPY,-0.16758245327212862
PQBP1,0.27793812980602717
PRAC1,-0.020799401892828917
PRAC2,0.5457037041387933
PRADC1,-0.08347417765163723
PRAF2,-0.3594075550737297
PRAG1,0.6261230814664135
PRAM1,-0.9705166472689641
PRAMEF1,-0.7848445568123638
PRAMEF11,-0.43063567454229323
PRAMEF12,-0.2063881849775676
PRAMEF14,-1.527254536387277
PRAMEF15,-1.3031725043288813
PRAMEF17,-1.8015235196734467
PRAMEF19,-1.1665970987900987
PRAMEF2,-2.5025047283852326
PRAMEF20,-0.8467301956453266
PRAMEF4,-2.5981132536467193
PRAMEF6,-0.7026185368813667
PRAMEF9,0.0
PRAP1,-0.7330733717794465
PRB2,-0.54686462306392
PRC1,-0.7788487919808329
PRCC,0.25694471047539746
PRCD,-0.502297721560818
PRCP,0.11429044627734236
PRDM1,0.017948311513829918
PRDM10,-0.32778147917659695
PRDM11,-0.3003755352785457
PRDM12,0.5160840627065862
PRDM13,-0.23339158947876407
PRDM14,0.3149250457240161
PRDM15,-0.6379390607750519
PRDM16,-0.13832849484477805
PRDM2,1.9828622608882651
PRDM4,1.3997193880939354
PRDM5,-1.0279385609802476
PRDM6,-0.9365671334120211
PRDM7,0.2340057200568595
PRDM8,1.312337962901849
PRDM9,-1.0793251474147134
PRDX1,2.590045141524098
PRDX2,0.02353695818871948
PRDX3,-0.17982726035411023
PRDX4,1.0209410827102348
PRDX5,0.5196054650672401
PRDX6,0.6845334058229047
PREB,-0.6791945899645047
PRELID1,-0.3497402609863438
PRELID2,0.040608859360048113
PRELID3A,-0.5339788422477285
PRELID3B,0.2726116155173459
PRELP,0.4142123964335229
PREP,1.7326107865740976
PREPL,-0.2798420738188163
PREX1,0.4314104342775965
PREX2,0.5112552223113973
PRF1,-0.24733525515691923
PRG2,0.7860317751864141
PRG3,0.7474749874229867
PRG4,0.40254688877259853
PRICKLE1,-0.5953049189895836
PRICKLE2,0.34184944755769786
PRICKLE3,0.70856688946679
PRICKLE4,-0.11588835637542094
PRIM1,-0.489362883986058
PRIM2,0.7864162025195782
PRIMPOL,0.6037234218030201
PRKAA1,0.1974537454614036
PRKAA2,-2.3264563495121706
PRKAB1,-0.046743816239752434
PRKAB2,1.2613868973653655
PRKACA,0.3981335711280516
PRKACB,-0.10582567226766004
PRKACG,-0.805797724003088
PRKAG1,0.3281712561273964
PRKAG2,-0.33836313721249955
PRKAG3,-1.1386594821683569
PRKAR1A,0.5136790827310365
PRKAR1B,0.17421075718766277
PRKAR2A,-0.2287747336040855
PRKAR2B,-0.0029971236260460943
PRKCA,0.1523575647724149
PRKCB,-0.1992714222703118
PRKCD,-0.291307211471886
PRKCE,-0.2033125694519664
PRKCG,0.4347202196716001
PRKCH,0.03459341213900815
PRKCI,0.15040799317889153
PRKCQ,-0.6500592020388498
PRKCSH,0.2557963096178577
PRKCZ,1.1440206268672006
PRKD1,-0.9194453767079617
PRKD2,-0.14964431628718522
PRKD3,1.0032027743514775
PRKDC,-0.6558956412112971
PRKG1,-1.2890221703528981
PRKG2,0.29352669083601113
PRKN,1.076533142280633
PRKRA,0.16114749671795003
PRKRIP1,-0.22052823835555735
PRKX,-0.6020188821173517
PRL,-1.452208685138856
PRLH,-1.3287236107420763
PRLHR,-0.28264405277961624
PRLR,-0.41131491399871495
PRM1,1.5013063551817845
PRM2,-0.030109536902569595
PRM3,-0.33653029759344166
PRMT1,0.7160968725945049
PRMT2,0.5153604841595651
PRMT3,-0.2355841100196594
PRMT5,0.06506673486849657
PRMT6,0.5566368513891355
PRMT7,0.08762303056680487
PRMT8,-0.44965659638555633
PRMT9,0.920343316251504
PRND,0.052394912559332485
PRNP,-0.48651728160549745
PROB1,-0.9322799427931612
PROC,-0.3436001852534143
PROCA1,-0.4155470455211958
PROCR,0.31753373007569174
PRODH2,-0.014427084738751289
PROK1,1.2645320209803739
PROK2,0.778280461311673
PROKR1,-0.9186436363708321
PROKR2,0.059747550101260205
PROM1,0.8759932517937485
PROM2,0.4550317048680003
PROP1,-0.927095882856054
PRORP,-0.030853307821492315
PROS1,0.3532083070092449
PROSER1,0.6615387122989351
PROSER2,1.6883252382853091
PROSER3,0.41536851712778056
PROX1,0.305616285309267
PROX2,0.5375269943537082
PROZ,0.43655634327625475
PRP4K,-0.2714061887801016
PRPF18,0.3582593418176452
PRPF19,-0.5268205202308507
PRPF3,0.2631607284640478
PRPF38A,0.4089927348875939
PRPF38B,0.2616227147747914
PRPF39,0.9071109385104741
PRPF4,0.271795373713104
PRPF40A,0.724118019660204
PRPF40B,-0.5331066984713542
PRPF6,0.3438997762373881
PRPH,-0.6974684399411685
PRPH2,0.16028881954370197
PRPS1,0.09303882510147443
PRPS1L1,-1.0088079106375993
PRPS2,0.43035403940065464
PRPSAP1,-0.3228085060963952
PRR11,0.3098797915645344
PRR12,0.3992919308766125
PRR13,-0.3170872563597178
PRR14,0.2137512586741548
PRR14L,-0.07722798824650345
PRR15,-1.0247588877029692
PRR15L,-0.8253892438110977
PRR16,2.3388422205120136
PRR18,-0.11693039234835872
PRR19,-0.4599112185002361
PRR20G,-0.3758758641229785
PRR22,-0.8928772573816592
PRR23A,-1.1315350153592463
PRR23B,1.0674019599470665
PRR23C,-0.4458001432197207
PRR23E,1.1283631460089532
PRR27,0.18128252403997513
PRR29,-0.9919431063915423
PRR30,-0.06410318098816858
PRR32,1.173071128846627
PRR33,-0.21313458437406702
PRR35,-0.24014085497004856
PRR36,-0.562042205584371
PRR5,-0.26739965481509126
PRR5-ARHGAP8,1.299609872298936
PRR5L,0.3523503288460664
PRR7,-0.6071163887943558
PRR9,1.6863124066953148
PRRC1,0.32893846641739466
PRRC2A,0.7603312140589111
PRRC2B,-0.45898388059637796
PRRC2C,0.47472859814787016
PRRG1,1.173071128846627
PRRG2,0.009342078658385322
PRRG3,0.14378998051231684
PRRG4,-0.599382118615871
PRRT1B,0.25001264256250044
PRRT2,-0.44200380296494846
PRRT3,-0.001612141485980878
PRRT4,-0.6786443545786527
PRRX1,1.1165766417227272
PRRX2,-0.4729983570607507
PRSS12,-0.9534140991468658
PRSS16,-0.1752692798264625
PRSS2,0.0
PRSS21,-1.1712995428454156
PRSS22,0.030338666755801713
PRSS23,0.6608436764994191
PRSS27,-0.3547606672654915
PRSS3,-0.30650895247849697
PRSS33,0.057396563877424533
PRSS35,0.31114030548739735
PRSS36,0.5228658254236266
PRSS37,-0.5901587319364187
PRSS38,0.09426080539919261
PRSS41,-0.33392084845764175
PRSS48,-0.07241115936119413
PRSS50,-0.15147769024261581
PRSS51,-0.40159853754512276
PRSS53,-1.0550389449184239
PRSS54,-1.3434973315832772
PRSS55,-0.19860916849212357
PRSS56,0.08488909156134805
PRSS57,0.3041218878736649
PRSS8,-1.166446928113486
PRTFDC1,1.761632416391266
PRTG,0.10314343395543041
PRUNE1,0.30167798900389275
PRUNE2,0.8036588333761763
PRX,-0.11405579753128492
PRXL2A,-0.45555994312867587
PRXL2C,0.12305295125336757
PSAP,-0.44954456486586647
PSAPL1,0.04410331491496894
PSAT1,-1.439165583572966
PSCA,0.20934588111102048
PSD,0.17005787772057612
PSD2,0.030237258416084156
PSD3,0.799703203948358
PSD4,0.3199799856660106
PSEN1,0.4941847987394077
PSEN2,-1.010240038984143
PSENEN,0.6703314134315956
PSG1,-0.35995509203092524
PSG11,0.3722167279708024
PSG2,-0.37416546499617787
PSG3,-0.5117750352668958
PSG4,-0.5703785799734935
PSG5,-1.036507990175627
PSG6,1.204114296216295
PSG7,-0.4293032881670369
PSG8,-0.64633642385023
PSG9,0.7684281099192507
PSIP1,1.0631638171647255
PSKH1,0.0
PSKH2,0.638327577490855
PSMA1,-0.6396916103609476
PSMA2,0.41213540273730676
PSMA3,0.21333717506857797
PSMA4,0.11778147642502468
PSMA5,0.29852415483809436
PSMA6,-0.2659567587126239
PSMA7,0.12140599328643775
PSMA8,0.4007872639060952
PSMB1,0.5076731672330603
PSMB10,-0.11118390587048
PSMB11,-0.13873989637180328
PSMB2,-0.6312348542061663
PSMB4,0.11183369132479326
PSMB5,-0.31086058184455023
PSMB6,0.17621823573513762
PSMB7,-0.057467816940036
PSMC1,0.19909850037213372
PSMC2,1.197273719508194
PSMC3,0.25781164793351374
PSMC3IP,-0.19723467404808526
PSMC4,-0.2581273025956019
PSMC5,0.11384061987468463
PSMC6,0.22360471899105328
PSMD1,0.35472966268710016
PSMD10,0.4133278399034723
PSMD11,-0.26701856396196266
PSMD12,-0.21037044481696032
PSMD13,0.1493439668655685
PSMD14,0.4002043163286113
PSMD2,0.02472961152463382
PSMD3,-0.023013187637409338
PSMD4,0.3670306104709997
PSMD5,-0.20750147738369984
PSMD6,0.06505837279308668
PSMD7,-0.46995287527132223
PSMD8,0.2180836036740792
PSMD9,-0.3987863106648546
PSME1,-0.18566607304932692
PSME2,0.5253651272626807
PSME3,0.17145377808451734
PSME3IP1,0.36013160901729613
PSME4,0.30220189925823426
PSMF1,0.3243512760911873
PSMG1,0.18626944932845735
PSMG2,-0.2344235841460467
PSMG3,0.43282339960171123
PSMG4,0.3260876580150358
PSPC1,-0.021395209680191485
PSPH,0.10620430584541118
PSPN,0.35920671424543493
PSRC1,-0.26950629425857153
PSTK,0.1349035514785153
PSTPIP1,-1.0332372092886382
PSTPIP2,-0.6422776567592292
PTAFR,-0.8529733698446573
PTAR1,0.40350136636004796
PTBP1,0.5352524695553127
PTBP2,-0.023730580248988886
PTBP3,0.6389610504777088
PTCD1,-0.3179397073301238
PTCD2,-0.14556322152062595
PTCD3,-0.09181505526118983
PTCH1,0.4168614383940799
PTCH2,-0.6323292222307577
PTCHD1,2.8453295543077957
PTCHD4,1.3326484741206666
PTCRA,-0.19796596427890711
PTDSS1,-0.15300625963221215
PTDSS2,0.2657858125941459
PTEN,-0.38806493385655294
PTER,-0.6360103142470459
PTF1A,-1.6880594615260551
PTGDR,0.39956698575032057
PTGDR2,-0.7095326043241208
PTGDS,-0.13614574464404217
PTGER1,-0.557391707608752
PTGER2,0.1365232361978881
PTGER3,0.2717466908156758
PTGER4,0.5336429620425074
PTGES,0.7561486548177446
PTGES2,-0.08652906696962415
PTGES3,-0.03941262047943184
PTGES3L,0.4261238083508938
PTGES3L-AARSD1,0.3954495430981817
PTGFR,-0.47045259196526024
PTGFRN,0.4722150366693241
PTGIR,1.2358703806142457
PTGIS,0.24028997444606998
PTGR1,-0.4138250438095835
PTGR2,-0.16196947515525606
PTGR3,0.41466068600642414
PTGS1,-0.288592556372488
PTGS2,1.2023373035530693
PTH,0.3481922220242121
PTH1R,-0.7015994292395271
PTH2,1.2999057876557067
PTH2R,0.9275979156166938
PTHLH,0.06389692659828117
PTK2,0.8092577445990219
PTK2B,-0.059581065343529804
PTK6,0.16996353315468316
PTK7,0.3568105435522859
PTMA,0.3852255437570502
PTMS,0.3592412838793162
PTN,-1.0265210275194947
PTOV1,0.1994025560977981
PTP4A1,-0.2231106523851255
PTP4A2,-0.7361837160639189
PTPA,0.01442762647795881
PTPDC1,0.11896532900625312
PTPMT1,-0.9899985480632503
PTPN1,0.4455677652674086
PTPN11,-0.1759344680103676
PTPN12,0.556312488636844
PTPN13,-1.2512864292284598
PTPN14,1.3996752705818596
PTPN18,-0.36467150612524
PTPN2,-0.7215459136258074
PTPN20,-1.0685670400961296
PTPN21,-0.631672869139831
PTPN22,-0.48190318204631666
PTPN23,-0.41024166456213607
PTPN3,0.4703435139562968
PTPN4,0.3399476492970579
PTPN5,2.068265529459607
PTPN6,-0.39167293809926607
PTPN7,-0.400776082068365
PTPN9,-0.42726406845286435
PTPRA,0.11195582748212463
PTPRB,2.0622930518862637
PTPRCAP,-0.40222191869062573
PTPRD,-0.0856088616064834
PTPRE,0.1248837306032472
PTPRF,0.09782144843116125
PTPRG,0.480587265337067
PTPRH,-0.030667169296101877
PTPRJ,0.46081179527605426
PTPRK,0.08560523310444335
PTPRM,-0.8337312967040484
PTPRN,1.3713474583617593
PTPRN2,0.36510223025694666
PTPRO,0.1528992666067588
PTPRQ,1.0595924837888422
PTPRR,0.3039074579238634
PTPRS,0.713493889971436
PTPRT,0.8409859466247513
PTPRU,-0.34064664592768845
PTPRZ1,-1.4166079967532128
PTRH1,-0.851951467523539
PTRH2,-0.12603626688916547
PTRHD1,-0.22110128362348958
PTS,-0.08956126307358536
PTTG1,0.23432403790625722
PTTG1IP,-0.32645913490459577
PTTG1IP2,0.032604740556486655
PTTG2,-0.17689914213254374
PTX3,0.22633993668315144
PTX4,-0.11888637727420837
PUDP,0.15554203007023748
PUF60,-0.2717504775639781
PUM1,-0.1638285804826487
PUM2,-0.13353561635171562
PUM3,-0.1831257588939308
PURA,0.2133769244055128
PURB,0.06143838562284154
PURG,0.7101748707954645
PUS1,-0.4491032116345055
PUS10,0.26125643579667823
PUS3,0.45379135566923545
PUS7,-0.6224772777509591
PUS7L,-0.005745541560865597
PUSL1,-0.6876736861555002
PVALEF,-0.35803003444883563
PVR,0.42764769225688126
PVRIG,-0.6802664047968134
PWP1,0.1847340527658341
PWP2,1.5378545519123268
PWWP2A,-0.21327075706340715
PWWP2B,-0.4814916768035482
PWWP3A,-0.15517139943191482
PWWP3B,1.173071128846627
PWWP4,-0.6234385313287176
PXDC1,0.13792235192306446
PXDN,-0.8419622995736873
PXDNL,-0.8348144291114366
PXK,-1.2343032431451162
PXMP2,-0.2762678500442193
PXMP4,0.453695870393819
PXN,0.19666328164864377
PXT1,0.2361204467468565
PXYLP1,-0.03301460556003333
PYCARD,0.1525713587039197
PYCR1,0.28107439657357636
PYCR2,-0.664761097580107
PYCR3,0.5563970399552804
PYDC1,-1.1334065405785014
PYDC5,0.6944193415270624
PYGB,-0.6708417500108892
PYGL,-1.2823457713978041
PYGM,0.03517979709100705
PYGO1,0.5424546715377517
PYGO2,-0.2536728163845341
PYHIN1,-2.0020620666394517
PYM1,-0.09130428902591126
PYROXD1,-0.09839470852213728
PYROXD2,-0.05604010052833486
PYURF,0.6251794621364033
PYY,-0.2154295632405171
PZP,2.452696217844918
QARS1,-0.3049542230268316
QDPR,0.016911810448181575
QKI,-0.31698874138776745
QNG1,-0.08382593880248379
QPCT,1.0685543823410075
QPCTL,0.2976955996815698
QPRT,-0.5996710575799833
QRFP,-0.7929966191463315
QRFPR,-0.6692654356901027
QRICH1,0.1933148345866087
QRICH2,-0.19464732609977653
QRSL1,0.002629770425245148
QSER1,0.0680395947842598
QSOX1,0.2403638539499009
QSOX2,0.7809221115323477
QTRT1,-0.3534215344584468
QTRT2,0.6313562255341894
R3HCC1,-0.28829748579979414
R3HCC1L,0.30139424220738587
R3HDM1,0.049866999708037874
R3HDM2,0.0914510747759043
R3HDM4,-0.033267308082485014
R3HDML,-1.2494771663279374
RAB10,0.07436735361135849
RAB11A,0.24498942262553597
RAB11B,0.7621758318247989
RAB11FIP1,-0.6332739505478351
RAB11FIP2,0.020180967983774334
RAB11FIP4,-0.23887605176586924
RAB11FIP5,0.07120040995729474
RAB12,0.8524744038680374
RAB13,0.4759226184845068
RAB14,-0.963009675750447
RAB15,0.891055106523089
RAB17,0.5723628131377043
RAB18,-0.22784850999336959
RAB19,-0.001875462862799826
RAB1A,-0.15952202714400698
RAB1B,-0.03460953345834117
RAB20,-0.27769837260085306
RAB21,0.7085123766743848
RAB22A,0.8193336190851501
RAB23,0.38030176158106155
RAB24,-0.3382741072556432
RAB25,-0.10602921268732302
RAB26,0.35084845265472575
RAB27A,0.07237066031443717
RAB27B,-0.010766452142455862
RAB28,0.07531006040543309
RAB29,0.05172839608905444
RAB2A,0.15201021725893638
RAB2B,0.3067279121267048
RAB30,0.6272970194637728
RAB31,-0.26617432515542294
RAB32,1.9193853102098688
RAB33A,-0.3043232910379592
RAB33B,0.141395068879
RAB34,0.2817891453866421
RAB35,0.075382094184679
RAB36,-0.4857548250622734
RAB37,1.0875417772061629
RAB38,1.8937955478610675
RAB39A,0.8442972608517068
RAB39B,0.31984521044583514
RAB3A,0.28590901806500657
RAB3B,-0.19718406868747373
RAB3C,1.5596548041994813
RAB3D,0.5696534987848041
RAB3GAP1,0.64982786152378
RAB3GAP2,-0.048089277097044913
RAB3IL1,-0.6050341322827406
RAB3IP,0.005400978826675118
RAB40A,-0.05107436894835349
RAB40AL,0.6182698934356778
RAB40B,-0.01104840048921596
RAB40C,0.0042724761666916855
RAB41,-0.22859566560159866
RAB42,-0.3326469360716885
RAB43,-0.0507985621290441
RAB44,-0.9345865096558021
RAB4A,0.005614701949065548
RAB4B,0.34474157804192274
RAB4B-EGLN2,0.34635650167204624
RAB5A,-0.049412109274793004
RAB5B,-0.15025396027892235
RAB5C,-0.04560482114736519
RAB5IF,0.12127549269272686
RAB6A,-0.22834751867971548
RAB6B,-1.0916599703434673
RAB6C,-0.12110048313616473
RAB6D,-0.9139601805042619
RAB7A,-0.2570467045644519
RAB7B,-0.517417021520703
RAB8A,-0.006909989041671505
RAB8B,0.5158409522662444
RAB9A,1.7279612330243346
RAB9B,0.02286460033471699
RABAC1,-0.021234520320577488
RABEP1,-0.2621285525854522
RABEP2,-0.07082687338603078
RABEPK,-0.12024788639773698
RABGAP1,0.4081850508803031
RABGAP1L,1.6302882564396834
RABGEF1,0.11406917791087023
RABGGTA,-0.4209112851265835
RABGGTB,-0.564036628713164
RABIF,0.4715391712007415
RABL2A,0.13266639353345822
RABL2B,0.38708074361800104
RABL3,0.11887386812344891
RABL6,-0.3793114408439271
RAC1,0.43713215202741784
RAC2,0.5389254695633958
RAC3,-0.1278139884951024
RACGAP1,0.8181287664599503
RACK1,-0.35887125846506907
RAD1,-0.009515212024731268
RAD18,0.22253040508625022
RAD21,0.15404360284124596
RAD21L1,-0.9550939861975469
RAD23A,0.24709397710625458
RAD23B,0.8049722578159324
RAD50,-0.06936460569548775
RAD51,-0.23533471579333032
RAD51AP1,-0.029028338390578945
RAD51AP2,1.9496350267869644
RAD51B,-0.16558729328602606
RAD51C,-0.3175922649240399
RAD51D,-0.8189006027905619
RAD52,0.19984023447972454
RAD54B,0.5824228063898658
RAD54L,-0.36034632789291887
RAD54L2,-0.2787057203457528
RAD9A,0.006137555371784842
RAD9B,0.15296878977795014
RADIL,0.4685336283551942
RADX,1.5191883057594848
RAE1,-0.2029228552859612
RAET1E,-1.023200491551212
RAET1G,-0.3677095007589224
RAET1L,-0.015008217634775667
RAF1,-0.15826112613426435
RAG1,-0.3966009031573021
RAG2,-0.6305757384925608
RAI1,-0.06458055203265678
RAI14,-0.39632570855260907
RAI2,0.31238558090024116
RALA,-0.08958094894620272
RALB,1.023290779320329
RALBP1,0.01197638176155813
RALGAPA1,0.10138382226867604
RALGAPA2,0.6346618927745094
RALGAPB,0.791257899088494
RALGDS,-0.17626905269628468
RALGPS1,0.17320734982428765
RALGPS2,-0.10061564020393754
RALY,-0.09419993085992573
RALYL,1.8113987234876088
RAMAC,0.46475534265644525
RAMACL,-0.1737059838740453
RAMP1,-0.47334642573605923
RAMP2,0.4819348420042331
RAMP3,-0.17819650199733983
RAN,-0.4596971105542824
RANBP1,-0.2935000418062974
RANBP10,-0.3402975848295977
RANBP17,-1.0821038769030435
RANBP2,-0.6938965486334276
RANBP3,0.25632225569731126
RANBP3L,0.011714645991917072
RANBP6,0.2606968772130904
RANBP9,0.05283781408973898
RANGAP1,0.48253575807267435
RANGRF,-0.3846622996587712
RAP1A,-0.08819224519794033
RAP1B,-0.0818263548196776
RAP1GAP,-0.611449458208531
RAP1GAP2,-0.5904817536609053
RAP1GDS1,-0.30683094195455407
RAP2A,0.3352992048677539
RAP2B,0.24931322560321467
RAP2C,0.10276214266634609
RAPGEF1,1.3761201849242242
RAPGEF2,1.0617878252177189
RAPGEF3,0.15045103497347123
RAPGEF4,0.19365965619972048
RAPGEF5,-0.2758651352256631
RAPGEF6,-0.15322648991841525
RAPGEFL1,-0.5545092156833265
RAPH1,1.475532027987144
RAPSN,-0.5430804672557399
RARA,0.693109576709122
RARB,-1.0859750318575598
RARG,1.0677392399078756
RARRES1,-0.2316703989004297
RARRES2,-0.45836302299394993
RARS1,-0.11557326143165225
RARS2,0.6408804688849585
RASA1,0.6267670186542322
RASA2,-0.4555943216399436
RASA3,0.4786634971975292
RASA4B,-1.173071128846627
RASAL1,0.25339124246279
RASAL2,-0.16234772407358175
RASAL3,0.7636617734049647
RASD1,-0.919606080846862
RASD2,0.1975452281727068
RASEF,-0.46739432003942705
RASGEF1A,3.0113750202009464
RASGEF1B,-0.2900833839575334
RASGEF1C,-1.1703961419942643
RASGRF1,-0.6541654967475183
RASGRF2,0.3131233717942986
RASGRP1,0.2982832697177402
RASGRP2,-0.47648032113412775
RASGRP3,-0.18576448776123644
RASGRP4,-0.08130011932934567
RASIP1,0.16035603552737276
RASL10A,-0.7067367180157753
RASL10B,-0.5911164327629331
RASL11A,1.1121844393285303
RASL11B,0.16025229970278476
RASL12,-0.7988092220501795
RASSF1,-0.06718795993408033
RASSF10,-1.1230669672655949
RASSF2,0.2911016470143917
RASSF3,-1.1244602435849955
RASSF4,0.8507619808596618
RASSF5,0.7325888976472914
RASSF6,-0.43695332150094157
RASSF7,1.028573151236249
RASSF8,0.3153054595962831
RASSF9,0.36763538023138026
RAVER1,0.18751832693432924
RAVER2,0.009892889241380987
RAX,-0.8467966185898272
RAX2,-0.32489497165628173
RB1,0.12831984999173063
RB1CC1,-0.7009295220646459
RBAK,-0.3105749744783117
RBAK-RBAKDN,0.7320982908260462
RBAKDN,-0.587073796856779
RBBP4,0.3446061405288603
RBBP5,-0.11071661454139514
RBBP6,0.20064202981683366
RBBP7,-0.25199905409636436
RBBP8,1.3360686287388344
RBBP8NL,-1.8233939901159832
RBBP8P1,0.6321164307694875
RBBP9,0.4493704302254202
RBCK1,-0.5545011469582333
RBFA,-0.14042253868099674
RBFOX1,-2.3929405152004266
RBFOX2,0.41590684269561917
RBFOX3,0.052554325982721084
RBIS,-0.13732556726795764
RBKS,0.2993883818575176
RBL1,-0.5684495875247291
RBL2,0.05730541720477644
RBM10,0.4267776681957276
RBM11,0.9419802106142585
RBM12,-0.32827877266518257
RBM12B,-0.024197918130711482
RBM14,0.030730458542050698
RBM14-RBM4,0.03073051347268585
RBM15,0.006163182799901357
RBM15B,-0.20069185527331435
RBM17,0.07377677753666267
RBM18,0.33094499330073157
RBM19,0.3391550572488533
RBM20,-0.1155496605296944
RBM22,0.5282517152018422
RBM23,0.1413736207129146
RBM24,-0.6632763913983344
RBM25,-0.1346025642294375
RBM26,0.03943048272637251
RBM27,0.2990402253471758
RBM28,0.363769217670292
RBM3,0.09178890232819548
RBM33,-0.11115219998629833
RBM34,-0.18871305965689
RBM38,-0.4504478440082744
RBM39,-0.010534039429494158
RBM4,-0.11636806411264455
RBM41,0.6468473221077518
RBM42,0.8533697662790494
RBM43,0.17275451864566804
RBM44,-0.4376078660994476
RBM45,0.022186419001181346
RBM46,0.2778540326101173
RBM47,-1.392262669765278
RBM48,0.025387890741689567
RBM4B,-0.02034684186661284
RBM5,0.28550454971458716
RBM6,0.20619065570023443
RBM7,-0.3689796456660237
RBM8A,0.3213568923751402
RBMS1,0.11764346343953136
RBMS2,0.8600761997118518
RBMS3,-0.14937784309244406
RBMX,-0.22848270997765097
RBMX2,1.11654314304998
RBMXL1,0.6448239524276245
RBMXL3,1.1477599497718525
RBP1,0.5126599489187644
RBP2,0.27051250561416745
RBP3,-0.3666160080424937
RBP4,-0.15151014911186078
RBP5,0.5235754892460585
RBP7,-0.867295254760855
RBPJ,0.07327957307869992
RBPJL,0.4073033955617298
RBPMS,0.1737372265345707
RBPMS2,1.8521133660474771
RBSN,0.9539861549886304
RBX1,0.369332794817975
RC3H1,0.263231959707646
RC3H2,0.6059519974775323
RCAN1,0.29244768147697986
RCAN2,0.736321983929231
RCAN3,0.02446061859129589
RCBTB1,0.035512758325477956
RCBTB2,0.21653981020879165
RCC1,-0.23292061103958916
RCC1L,-0.11424695731807777
RCC2,-0.1874780780741241
RCCD1,-0.4331932732892425
RCE1,0.123013919347577
RCHY1,0.40220411070509643
RCL1,0.08303817696396454
RCN1,-0.9222513642380044
RCN2,-0.11918871766384731
RCN3,0.9114234605008517
RCOR1,0.8121260063501539
RCOR2,-1.0154204060506744
RCOR3,0.5718889000037368
RCSD1,-0.25074255706996684
RCVRN,0.42049247304259146
RD3,-1.0550288817679345
RD3L,0.12455317479727379
RDH10,0.21546713755504143
RDH11,-0.705067514855803
RDH12,1.2867375615080214
RDH14,1.0347319191178797
RDH16,-1.0002462803090681
RDH5,0.572892080715357
RDH8,-3.484426701446351
RDX,1.4973566701383232
REC114,-0.37314447871142287
REC8,-0.6178693767588646
RECK,0.04799162031148252
RECQL,0.595476005915164
RECQL4,0.3657019398379866
RECQL5,-0.13787178479367856
REDIC1,1.347570407581196
REELD1,-0.14361931908192854
REEP1,-0.49935279837501256
REEP2,-0.03318074585406494
REEP3,-0.17096253100482928
REEP4,-0.5233133655501745
REEP5,-0.20487382191555703
REEP6,0.09935464614008405
REG1A,-1.5074912263634552
REG1B,-0.35418340754065003
REG3A,-1.2123063394447
REG3G,1.1567652374640565
REG4,-0.31641441793179437
REL,1.4023675293179467
RELA,0.1093228113754594
RELB,1.630505201692968
RELCH,0.15574635153103067
RELL1,-0.29453388838213623
RELL2,-0.6543377688246705
RELN,-0.43278357519987837
RELT,-1.1899126748213047
REM1,0.40168226405708585
REM2,0.2712305918107105
REN,-0.22409833493872278
RENBP,0.012980845942542674
REP15,0.10161787379878978
REPIN1,-0.10039047527704259
REPS1,0.10316337188968294
REPS2,-0.8825284321319404
RER1,0.3666125738206256
RERE,-0.4130342363183581
RERG,-0.4451414128904858
RERGL,0.6110547902909401
RESF1,0.28386353569726364
RESP18,-0.41036344589489504
REST,0.19076125359553187
RET,0.09809854253674011
RETN,0.08787874708892729
RETNLB,-0.924543381679191
RETREG1,-0.4768466194091663
RETREG2,0.30677273413054484
RETREG3,-0.2665416604812818
RETSAT,-0.6855144533808804
REV1,-0.016951609622597008
REV3L,0.22638864036694173
REX1BD,-0.29771616614745655
REXO1,0.2563694870352222
REXO2,0.16764870820357536
REXO4,0.7220842538300336
REXO5,0.17087615347947813
RFC1,0.2582796848664166
RFC2,0.14550121523654758
RFC3,-0.5160269516327993
RFC4,-0.004043942758516383
RFC5,1.2508157003918268
RFESD,-0.7514683579733754
RFFL,0.9527739424264641
RFK,0.19138081047314603
RFLNA,-0.15940779165555652
RFLNB,1.2559992148504038
RFNG,-0.36285025307650187
RFPL1,-0.347509623640182
RFPL2,-0.26648952259842584
RFPL3,-0.2716092997580449
RFPL4A,2.580249741830898
RFPL4AL1,0.6709867707046242
RFPL4B,-0.45720786510272426
RFT1,-0.04595274573598873
RFTN1,1.3878170446395504
RFTN2,0.679179197562139
RFWD3,-0.4584495478993089
RFX1,0.3808417005530913
RFX2,-0.3117866249748622
RFX3,0.03570470456564134
RFX4,0.2457493909508192
RFX5,0.899795213988559
RFX6,0.6423655927697902
RFX7,-0.38114407305433495
RFX8,-0.7089350823191563
RFXANK,0.1509369722845193
RFXAP,-0.18229360818553975
RGCC,-0.5955837009065497
RGL1,1.0618108392787038
RGL3,0.3373188928909552
RGL4,-0.9823938470250069
RGMA,0.7097201772596302
RGMB,-0.7039577313312213
RGN,0.9720851912821395
RGP1,-0.33954111241978735
RGPD1,-2.1154861088955856
RGPD2,0.6911111366285757
RGPD3,0.43472039954311986
RGPD5,-0.8974356092169007
RGPD6,-0.09163106898048357
RGPD8,-0.20119831392409782
RGR,-0.6336458291347435
RGS1,1.7588089960864977
RGS10,-1.5206849668042945
RGS11,-0.08515962430700497
RGS12,-0.4792996179168354
RGS13,1.3048614915290946
RGS14,-0.24320649586611642
RGS16,1.3435666632425753
RGS17,2.7746677342028674
RGS18,-0.9297298447102632
RGS19,-0.3023495007243251
RGS2,1.6673638957816481
RGS20,0.2979438669765755
RGS21,-2.1541320892986997
RGS22,1.2331649974813375
RGS3,-0.98950517078777
RGS4,-2.942294566109963
RGS5,0.1418672868881372
RGS6,-0.8277210300351541
RGS7,0.37614908058565255
RGS7BP,-0.7315528330150217
RGS8,0.24432552646269123
RGS9,0.8365665016338596
RGS9BP,0.41573976591107176
RGSL1,0.08017043399170493
RHAG,0.0
RHBDD1,-0.2602560913669856
RHBDD2,1.308053876512225
RHBDD3,-0.21716120652319226
RHBDF1,-0.042308860578424756
RHBDF2,-0.8213783326522128
RHBDL1,0.032244039876498265
RHBDL2,-0.7882593860522389
RHBDL3,1.5256328088158275
RHBG,-0.6438925074879978
RHCE,0.21016412917122773
RHCG,-0.1416827619365304
RHD,0.6318745050640018
RHEB,0.05819052425399862
RHEBL1,-0.08751380047093349
RHEX,-0.3740407947096491
RHNO1,-0.688560203563449
RHO,-0.4036361885400821
RHOA,-0.1871372077002933
RHOB,1.5210075239608511
RHOBTB1,-0.38321173201419173
RHOBTB2,-0.3680402611726929
RHOBTB3,-0.2711062847471543
RHOC,-0.3034722030539858
RHOD,-0.8111181054092041
RHOF,0.02204386523352131
RHOG,-0.40259645871713445
RHOH,-0.7161473690015283
RHOJ,-1.8721901134254593
RHOQ,-0.03098539182139226
RHOT1,0.05643057178696553
RHOT2,-0.391984770256776
RHOU,-0.08603397203885721
RHOV,0.16353799194489804
RHOXF1,0.5249465165467573
RHOXF1P3,0.6074628489876426
RHPN1,-0.5539525623796777
RHPN2,-1.151714129927368
RIBC1,0.04770483270793191
RIBC2,-0.4935867970485299
RIC1,0.00864856446907769
RIC3,0.1997155045933099
RIC8A,0.13156495512844124
RIC8B,0.0476322650824601
RICTOR,-0.1399192986938953
RIDA,-0.023813308679422995
RIF1,-0.607960696123778
RIGI,0.2575449364372244
RIIAD1,-0.6672383119060878
RILPL1,0.19451391588828248
RILPL2,0.1900655956094197
RIMBP2,2.0787104051642564
RIMBP3,-0.7053526229035085
RIMBP3B,-0.24485332687810857
RIMBP3C,-0.39366660328634673
RIMKLA,-0.10399910119773459
RIMKLB,1.067843709184328
RIMOC1,0.8286947134976859
RIMS1,1.0469036257726974
RIMS2,-0.45589225842947534
RIMS3,-1.1111555014145724
RIMS4,-0.5019143686506053
RIN1,-0.8970967558422973
RIN2,0.8575065119377675
RIN3,0.2483439217413217
RINL,-0.1852653624876548
RINT1,0.20875526662995414
RIOK1,0.49389772636247553
RIOK2,-0.10181984007620226
RIOK3,0.5606782840186271
RIOX1,0.3154593563258927
RIOX2,-0.784601907969386
RIPK1,0.4504651784265086
RIPK2,-0.2524397512746013
RIPK3,0.3270967366224246
RIPK4,-1.3919078661936168
RIPOR1,-0.910786988382343
RIPOR2,0.10494013360860777
RIPOR3,-1.3864006657061876
RIPPLY1,0.011692348007751097
RIPPLY2,-0.37778207269535846
RIPPLY3,-0.8971153883681311
RIT1,-0.38114425843589483
RIT2,0.5197543264870162
RITA1,-0.6130191310202902
RLBP1,-0.7496153702752117
RLF,0.7651963605534875
RLIG1,-0.16095833530164927
RLIM,0.3739233069592025
RLN1,-1.062424586355541
RLN2,0.5153890230759284
RLN3,-1.0392833251044555
RMC1,-0.32640574118620647
RMDN1,0.7428684196973943
RMDN2,0.06082530890847382
RMDN3,0.02229270876885181
RMI1,0.03610018626900047
RMI2,0.3586961548860492
RMND1,0.03939617582968413
RMND5A,-0.0545831082902275
RMND5B,-0.5818761266958927
RNASE1,-0.5857960620408146
RNASE10,-0.7691511814411948
RNASE11,0.5184136128431549
RNASE12,-1.8844742403080497
RNASE13,-0.1185111260791214
RNASE2,-0.7905274369808583
RNASE3,0.37566395259359675
RNASE4,0.263780256474333
RNASE6,-0.5829919420607221
RNASE7,0.4766793835009541
RNASE8,-0.23668504216276698
RNASE9,-0.8807886988885171
RNASEH1,0.35682977367447055
RNASEH2A,-0.3927118933968141
RNASEH2B,-0.05493988280631257
RNASEH2C,-0.29283621186135855
RNASEK,1.117380986696424
RNASEK-C17orf49,1.16670935103124
RNASEL,0.6001149010002731
RNASET2,0.31392907615797516
RND1,-0.06493805940206632
RND2,-0.24898847573741256
RND3,-1.406533183643582
RNF10,0.2784966493274941
RNF103,-0.031816484339635576
RNF103-CHMP3,-0.05696426240438157
RNF11,0.31173364863311326
RNF111,-0.2918338981720793
RNF112,-0.3523762815593572
RNF113A,0.3833747656755184
RNF113B,-0.10391911929256081
RNF114,0.082516943667033
RNF115,0.11396819002921266
RNF121,-0.01718800764702877
RNF122,0.15831858880046856
RNF123,-0.67128305686207
RNF125,-0.026856683609533416
RNF126,0.7009125220252792
RNF128,-0.025311179074774426
RNF13,-0.07048733207251257
RNF130,0.1790378111390396
RNF133,-1.778793943730832
RNF135,0.2795849659566734
RNF138,0.10256470780678395
RNF139,0.04707035549978045
RNF14,-0.32198223973270035
RNF141,0.01903587033749332
RNF144A,-0.9238877755169392
RNF144B,-0.37717406411250165
RNF145,-0.26626896892707297
RNF146,0.7559840481328093
RNF148,-1.403146092358418
RNF149,-0.8263565744975416
RNF150,0.6823691918631609
RNF151,0.6722550377443444
RNF152,0.7637290252529234
RNF157,-0.6461714495157949
RNF166,0.15782073890718884
RNF167,0.5277030095184467
RNF168,0.2940760601441301
RNF169,-0.5616809423344642
RNF17,0.7288158658728752
RNF170,0.2994045837227981
RNF175,-1.009823436356648
RNF180,2.4409859301623107
RNF181,0.274118418920581
RNF182,0.18631444482792137
RNF183,-0.9853675815617305
RNF185,0.17732711497471754
RNF186,-0.5463334293468487
RNF187,-0.48225866388994154
RNF19A,0.45122484410427577
RNF19B,0.4681783304084508
RNF2,-0.2412114072740974
RNF20,0.09364014012408939
RNF207,-0.5926132818956884
RNF208,0.2892955998758202
RNF212,-0.25481369934986575
RNF212B,-0.7834390262837236
RNF213,-0.0697273592187786
RNF214,0.15751035244543043
RNF215,0.6376930135829229
RNF216,0.5649344917173584
RNF217,-2.5802496972566753
RNF220,-0.516427557224808
RNF222,0.15970408102643535
RNF223,0.02758675029856761
RNF224,0.18648547016767636
RNF225,-0.518027490408381
RNF227,0.15333117835868526
RNF228,2.513898854346446
RNF24,-0.6134121638605032
RNF25,0.4925596475375553
RNF26,-0.33528581769299715
RNF31,0.5334430664021856
RNF32,0.4819835587221539
RNF34,-0.09226214396009347
RNF38,0.04193247311012538
RNF4,0.18346877082390467
RNF40,0.7503037104731365
RNF41,0.7040384967579607
RNF43,0.8443786008485434
RNF44,0.49760792020453604
RNF5,1.1512469572718818
RNF6,-0.17089071428082248
RNF7,-0.32869361809253306
RNF8,0.042719657934981115
RNFT1,0.828981601600401
RNFT2,0.5163354647986562
RNGTT,-0.1688736033726057
RNLS,-1.47297464911102
RNMT,-0.209398927676415
RNPC3,-0.08538283272437752
RNPEP,-0.7051880017728134
RNPEPL1,-0.8048038508084696
RNPS1,0.04956167454398841
RO60,0.26460778011963404
ROBO1,-1.9886129602541665
ROBO2,-2.25239627626134
ROBO3,0.417788489181412
ROBO4,-0.15882462574614264
ROCK1,0.18233703069943274
ROCK2,-0.3440511684894134
ROGDI,-0.2554309816470868
ROM1,-0.5481150768416794
ROMO1,0.3650579292998213
ROPN1,-0.5326883629508377
ROPN1B,0.07975311201924007
ROPN1L,0.41855344791979343
ROR1,-0.8539702343527771
ROR2,0.667746222844256
RORA,-0.09530714355637371
RORB,1.1923523840254462
RORC,-1.1414258700444706
ROS1,-0.30880763967138536
RP1,-0.485428460857388
RP1L1,0.6334438195205215
RP2,0.9992332728612565
RP9,0.5234847829166469
RPA1,0.09108396638733707
RPA2,0.5165181376719863
RPA3,-1.055560685359846
RPA4,-0.48064798424168376
RPAIN,0.3620352379408782
RPAP1,0.23430347754816516
RPAP2,-0.014363155122221194
RPAP3,0.04721895494341766
RPE,0.14910737141391772
RPE65,0.9877233379258505
RPEL1,-0.9005684307525343
RPF1,0.21472829327666942
RPF2,0.006629447047068471
RPGR,0.6996310970610033
RPGRIP1,-0.07864546537547301
RPGRIP1L,0.14246864591663266
RPH3A,0.5747570079454436
RPIA,0.3680488570993936
RPL10,1.8113986842873187
RPL10A,-0.730039090890696
RPL10L,-0.7549672383148223
RPL11,0.48462919856161024
RPL12,-0.3331057206819805
RPL13,0.3215437627596649
RPL13A,0.08288304089128973
RPL14,-0.16330509475060495
RPL15,-0.13714440101454795
RPL17,-0.18619211058776441
RPL17-C18orf32,-0.1816411197974377
RPL18,-0.17117938092147833
RPL18A,1.154698415496193
RPL19,0.10202479779745666
RPL21,0.29076310596912736
RPL22,-0.27650737620968047
RPL22L1,0.05841696615205949
RPL23,0.4102082475453517
RPL23A,0.5031394651770178
RPL24,0.4356253607982401
RPL26,-0.205161898022435
RPL26L1,0.8291252618534004
RPL27,-0.1693146443626974
RPL27A,-0.008205316132430251
RPL28,-0.06654436636353278
RPL29,0.5479563867590274
RPL3,0.1762480487610234
RPL30,0.8218028819265473
RPL31,-0.6794879048688993
RPL32,-0.20371749162013986
RPL34,0.2691686367104289
RPL35,-0.5077376755809735
RPL35A,0.5814261562969825
RPL36,-0.27939181360396503
RPL36A,0.39869440069533213
RPL36A-HNRNPH2,0.33723918868921765
RPL36AL,0.4680048653676345
RPL37,0.32488685931900774
RPL37A,-0.25752368965025463
RPL38,-0.2355285520179362
RPL39,-0.06462448740293025
RPL39L,1.469215183336806
RPL3L,0.1291556219625558
RPL4,-0.8530726009739094
RPL41,0.6055574040109653
RPL5,-0.553922449069955
RPL6,-0.2798459404848863
RPL7,0.45831060069503105
RPL7A,0.5592345630439755
RPL7L1,-0.10348597309300889
RPL8,0.13381586003322665
RPL9,0.47792163991786696
RPLP0,-0.5518679920741736
RPLP1,0.3055143434848526
RPLP2,-0.061970316126458425
RPN1,-0.1892343524969915
RPN2,0.25778653350967806
RPP14,-0.045549426725120856
RPP25,0.1959108121097004
RPP25L,-0.6268321241240855
RPP30,0.4991751378371363
RPP38,0.09794285331833796
RPP40,0.18094019155744379
RPRD1A,1.0040616481666698
RPRD1B,-0.027826247333162968
RPRD2,0.03483035457761963
RPRM,2.22704859713042
RPRML,0.009764479626543282
RPS10,-0.12195861790339002
RPS10-NUDT3,-0.12236496421273246
RPS11,-0.004567531741493269
RPS12,-0.3346011744506714
RPS13,0.8178369270730221
RPS14,0.15493574640051344
RPS15,0.4078017593919445
RPS15A,0.018851084503751725
RPS16,-0.03577891394104693
RPS17,0.18913299884920276
RPS19,-0.09999348474743686
RPS19BP1,-0.10750641842213549
RPS2,0.3043272631937941
RPS20,0.482969773731611
RPS21,0.2622767769198515
RPS23,0.1202923247074934
RPS24,-0.016125136915751348
RPS25,0.728097029655594
RPS26,0.5642641392037944
RPS27,0.09699566114413427
RPS27A,0.1320262230985163
RPS27L,0.43464544329524646
RPS28,-0.020065504466035833
RPS29,-0.41075311933167313
RPS3,-0.020927597635389095
RPS3A,0.5964859749528402
RPS4X,-0.22134832001394988
RPS4Y1,0.5418632826357468
RPS4Y2,0.4135407028688768
RPS5,0.4559116571707831
RPS6,-0.039178495428592086
RPS6KA1,0.06405529781856711
RPS6KA2,0.03384196011873572
RPS6KA3,2.533119329708593
RPS6KA4,-0.6823223957454227
RPS6KA5,-0.07768200021250982
RPS6KB1,0.26304854822719026
RPS6KB2,-0.12717270974824846
RPS6KC1,1.4797922614388916
RPS6KL1,0.08863889593613655
RPS7,-0.19934085035704552
RPS8,0.09090677401614311
RPSA,0.08390302559317409
RPSA2,-1.0674019599470665
RPTN,-0.17340451307681667
RPTOR,0.5360123297320203
RPUSD1,-0.44284252538356794
RPUSD2,0.02963524765399672
RPUSD3,0.022900346844353603
RPUSD4,1.0627933600590338
RRAD,-0.6688972299881331
RRAGA,0.16645747780568465
RRAGB,0.5451467897422566
RRAGC,0.24573598033974253
RRAGD,-0.6107974305020258
RRAS,0.6322581973945893
RRAS2,-0.5158735771432612
RRBP1,0.1283791702601036
RREB1,-0.2955488343025139
RRH,-1.2822061979731827
RRM1,-0.6971621228355795
RRM2,-0.3323795658706543
RRM2B,0.010746610868907158
RRN3,-1.7454352681452387
RRP1,0.45651168232457073
RRP12,0.017424041152684033
RRP15,-0.04225050099845662
RRP1B,0.31287813010778853
RRP36,-0.08777852262218167
RRP7A,-0.04554788361380879
RRP8,-0.30851811744955526
RRP9,-0.4132818619007783
RRS1,0.49864978356250855
RS1,0.89865895726453
RSAD1,-0.5493766200496368
RSAD2,-0.6840353382675608
RSBN1,0.16801556858372546
RSBN1L,-0.3292977473630958
RSC1A1,0.13770885454193782
RSF1,0.22721435053117212
RSKR,-0.5522794579404813
RSL1D1,-0.01682780692011665
RSL24D1,0.11024986257603286
RSPH1,0.12111024038498108
RSPH10B,-1.5185701352713772
RSPH10B2,-1.0252431593760778
RSPH14,-0.4498191418851045
RSPH3,0.6027486707996139
RSPH4A,0.20014428065552226
RSPH6A,0.27174481953009066
RSPH9,-0.6300755077624812
RSPO1,-0.269242601359611
RSPO2,0.34866538603472286
RSPO3,-1.1511274761701311
RSPO4,-0.6112689860955967
RSPRY1,0.3599085666823765
RSRC1,0.35375119850631304
RSRC2,-0.2556196969242408
RSRP1,0.4192011144959227
RSU1,-0.20688733522511704
RTBDN,1.0236602195491247
RTCA,0.11052976824635952
RTCB,0.6770601757950874
RTEL1,-0.1362907732396912
RTEL1-TNFRSF6B,-0.09251891914036703
RTF1,-0.13429110392899968
RTF2,0.03335964674930825
RTKN,-0.6733854923987012
RTKN2,0.3501413080045439
RTL1,-0.6173554266613807
RTL10,-0.5747677447738613
RTL3,-0.7294954340558704
RTL4,-0.4708916921157895
RTL5,0.3141788651827225
RTL6,0.2566531627613875
RTL8A,0.48683597235240683
RTL8B,1.173071128846627
RTL8C,1.2143695310495473
RTL9,1.7504885079011168
RTN1,-0.34837775121734016
RTN2,0.09632142238400832
RTN3,-0.7235064175961328
RTN4,-0.08373805392475298
RTN4IP1,-0.002729256681637704
RTN4R,-0.6072001137328473
RTN4RL1,-0.1568473777683983
RTN4RL2,0.12129799622698512
RTP1,0.5491327289423502
RTP2,0.1885921237366759
RTP3,-1.006787547667515
RTP4,0.6196779919578297
RTRAF,0.5288962045271948
RTTN,0.1921098864756119
RUBCN,-0.2981227573920755
RUBCNL,-1.3938387740264548
RUFY1,-0.6275933828108351
RUFY2,0.194749554754873
RUFY3,-0.2811245169479326
RUFY4,0.43400518235999863
RUNDC1,0.3932013260061358
RUNDC3A,-0.13025485294161498
RUNDC3B,1.4258522866678196
RUNX1,0.4546247047578981
RUNX1T1,1.173071128846627
RUNX2,0.6057439301768257
RUNX3,-0.3130824157057748
RUSC1,-0.7850600510336894
RUSC2,-0.10814750216086189
RUSF1,0.26150830129500147
RUVBL1,-0.5044820206076086
RUVBL2,0.036329347031055725
RWDD1,0.20039507154209657
RWDD2A,-0.17592308097984422
RWDD2B,0.4242355204743333
RWDD3,-0.19873937206468573
RWDD4,-0.14477731433227126
RXFP1,0.0
RXFP2,0.48065460180618147
RXFP4,-0.7346162295205363
RXRA,1.0782645881185098
RXRG,-1.1904316894873972
RXYLT1,0.1503270933848806
RYBP,2.096456261178551
RYK,0.7834799774026282
RYR1,-0.1983288749347817
RYR2,0.2986963745031841
RYR3,0.8318156708953188
S100A1,-0.6444361919736532
S100A10,0.22360364924531306
S100A11,0.031486338684829196
S100A12,-0.5211062927314349
S100A13,-0.025606367355329063
S100A14,0.30889736582630145
S100A16,-0.4736794101822893
S100A2,0.49014551973421727
S100A3,-0.4899417866265179
S100A4,-0.19737399794806842
S100A5,-0.909194335633692
S100A6,0.07849935742257375
S100A7,-0.6952253272576748
S100A7A,0.07939164893188672
S100A8,-0.2596440985541478
S100A9,1.0549519547494859
S100B,-0.09059858947109567
S100G,-2.37595566556106
S100P,-0.41762346183248633
S100PBP,-0.16635214108499863
S100Z,-0.39961339717215383
S1PR1,-0.35893470226021007
S1PR2,0.06566248133261943
S1PR3,0.5118583414105666
S1PR4,-0.12303846468377522
S1PR5,0.19211344622624593
SAA1,1.4405743240046514
SAA2,1.006769000921821
SAA2-SAA4,1.024663016319232
SAA4,0.8499169846593415
SAAL1,0.07745628602272081
SAC3D1,-0.6214082534001153
SACM1L,-0.02549316231195764
SACS,-0.33697949797377236
SAE1,0.15971217263875737
SAFB,0.17767249950020503
SAFB2,0.2771677032679247
SAG,-0.6630418443104026
SAGE1,-1.2662831735663005
SALL1,-1.0432558314144014
SALL2,-0.12608410756176863
SALL4,-1.5074912263634552
SAMD1,0.923459025052703
SAMD10,0.46938755091483975
SAMD11,-0.07614017453059407
SAMD12,0.09907157530423061
SAMD13,-1.1589088521651192
SAMD14,0.4297115925581272
SAMD15,0.34659898992909666
SAMD3,1.5325410424167134
SAMD4A,0.3076289569917465
SAMD4B,0.16122173880677604
SAMD5,-1.5170628357850962
SAMD7,-1.192898703149497
SAMD8,-0.7139956464154762
SAMD9,-0.45322473543276365
SAMD9L,1.087463616053994
SAMHD1,0.020119975189849267
SAMM50,0.03453504178176692
SAMSN1,1.683553554453843
SAMTOR,0.3348629275645949
SANBR,0.08785668077487263
SAP130,-0.20886147844423952
SAP18,-0.16806245163947198
SAP25,-1.021457518229949
SAP30,0.35392577671288894
SAP30BP,-0.13753403487332783
SAP30L,-0.3206740794458285
SAPCD2,0.12730375673738736
SAR1A,0.3118956691755512
SAR1B,0.4939108580761893
SARAF,0.34544659999122507
SARDH,0.2484013241258748
SARM1,-0.5884530859830186
SARNP,0.43185509087149
SARS1,-0.45618262053774883
SARS2,0.2921209842088297
SART1,0.20657889165470422
SART3,0.3997938643541721
SASH1,-0.5286252858954631
SASH3,-0.11273822833241276
SASS6,0.1646085117322187
SAT1,0.4438185750830228
SAT2,0.9683765451812862
SATB1,-0.5664514541525953
SATB2,0.026729404130621304
SATL1,0.20931536454677802
SAV1,0.03224222981053537
SAXO1,0.1603900743327955
SAXO2,1.61214269211348
SAXO3,-0.48093583197765555
SAXO4,0.11471183446484012
SAXO5,0.38837730330523723
SAYSD1,-0.6413315001103208
SBDS,0.40908091877832664
SBF1,0.16467172065953473
SBF2,-0.2721615948293079
SBK1,-0.37372627725850327
SBK2,-0.5899651960078591
SBK3,-0.010056397151079532
SBNO1,0.21481385968744338
SBNO2,0.1470756235743207
SBSN,0.3025404946476255
SBSPON,1.7319423792129207
SC5D,-0.7703344025290515
SCAF1,0.6897411307199937
SCAF11,0.2624039409273369
SCAF4,-0.13663544594416166
SCAF8,0.18557499000782895
SCAI,-1.025989158990464
SCAMP1,-0.1500058423894095
SCAMP2,-0.4148356008547869
SCAMP4,0.5291205698515489
SCAMP5,0.26421275650136244
SCAND1,-0.4931214888561524
SCAP,0.2015223229501215
SCAPER,-0.6080595102759765
SCARA3,0.2215986926959598
SCARA5,-0.5592813072137339
SCARB1,0.3051129329799328
SCARB2,0.7119267976310839
SCARF2,0.6076931184111555
SCART1,-0.5615823183025557
SCCPDH,-0.04746466806809657
SCD,-1.1664176559389237
SCD5,-1.2455732368241739
SCEL,1.375331627285925
SCFD1,0.06960062237929288
SCFD2,-0.022880962279219208
SCG2,1.8161992458691762
SCG3,0.050804443635821706
SCGB1A1,-0.5962982159802499
SCGB1C1,-0.2551357610136524
SCGB1D1,-0.41445496017744826
SCGB1D2,0.6769233787338428
SCGB1D4,0.2589671169117568
SCGB2A1,-1.353038279377199
SCGB2A2,-0.4513796314812557
SCGB2B2,0.5548957788066655
SCGB3A1,-0.2283514964138788
SCGB3A2,-1.6897888592758528
SCGN,0.1778182047798914
SCHIP1,3.1994528162839084
SCIMP,-0.425021919181929
SCIN,-2.021070309100012
SCLT1,0.6547002117259866
SCLY,0.6784438756472468
SCMH1,-0.980269761242246
SCML1,-0.2105504126954465
SCML2,0.6988646788154808
SCML4,-0.9659869003757338
SCN10A,0.4830152617125931
SCN11A,0.9711155756365755
SCN1A,-1.2909357027650745
SCN1B,1.8314543324493366
SCN2A,-1.1693804557551
SCN2B,0.01315567295227904
SCN3A,-0.25562339982631377
SCN3B,0.2666969607813491
SCN4A,-0.9684450077468165
SCN4B,-0.3885000691789203
SCN5A,-0.27569254101203056
SCN7A,-0.8756114653403113
SCN8A,-0.00858254014487736
SCN9A,0.7932080235944945
SCNM1,-0.31426104520296105
SCNN1A,-0.5105209440586702
SCNN1B,-1.9102082995067415
SCNN1D,0.760023014782013
SCNN1G,-0.5240907752171395
SCO1,-0.2868732483590204
SCO2,0.13713226865933992
SCOC,-1.7251240460313233
SCP2,-0.3506763899750551
SCP2D1,-0.22574546602961654
SCPEP1,0.7233058213540646
SCPPPQ1,1.3336494915143602
SCRG1,0.853219276883636
SCRN1,-0.3818990524853274
SCRN2,-0.3057754088957787
SCRN3,0.9500033612705552
SCRT1,0.49490847301834695
SCRT2,1.4016632232878137
SCTR,-0.17133001268805687
SCUBE1,0.23294458075328595
SCUBE2,0.2352445156355245
SCUBE3,0.9451643616091201
SCX,-0.7583778180149592
SCYGR1,0.3814471766911104
SCYGR10,-0.3056340534760285
SCYGR2,-0.014684068765903169
SCYGR3,0.35891944826033295
SCYGR4,1.1308958560912357
SCYGR5,-1.0650208062547764
SCYGR6,-0.41565856921660216
SCYGR7,1.8385831700423474
SCYGR8,-1.7849133645830846
SCYL1,-0.43176346158670453
SCYL2,0.15039176354183548
SCYL3,0.5354615869868651
SDAD1,0.7575396409284536
SDC1,0.05013733084209972
SDC2,-0.7788743912671072
SDC3,-0.9143400084750725
SDC4,1.6092416674323295
SDCBP,0.20206066053080818
SDCBP2,-0.5343662414003436
SDE2,-0.161718356869736
SDF2,0.6058765610317924
SDF2L1,-0.8876877485934926
SDF4,0.30766332548738085
SDHA,0.08056647936821282
SDHAF1,0.29011607651882043
SDHAF2,-0.13564106005733212
SDHAF3,-0.12783233945540973
SDHAF4,-0.14559143549441744
SDHB,0.5904061362178235
SDHC,0.579891854858523
SDHD,0.6329661109568172
SDK1,-0.4279036338242591
SDK2,-1.2769213082121817
SDR16C5,-1.9778810149157864
SDR39U1,0.1285484215630852
SDR42E1,1.0940705466592364
SDR42E2,-0.24882070803821366
SDR9C7,-0.2920868341983067
SDS,-0.9235801535690935
SDSL,-0.3087491572362593
SEBOX,-0.7391105386971171
SEC11A,0.16433568690765643
SEC11C,0.9304963350945294
SEC13,0.15979822627348828
SEC14L1,-0.2786987668184677
SEC14L2,0.1339018752907819
SEC14L3,0.5882636089285735
SEC14L4,0.210243305312135
SEC14L5,-0.9365819183730866
SEC14L6,-0.3301174547096293
SEC16A,0.36310038497789776
SEC16B,-0.29928107272008475
SEC22A,0.33260641735147756
SEC22B,0.33632217017904
SEC22C,-0.2787183686558299
SEC23A,0.21972522625938418
SEC23B,0.45341794478282527
SEC23IP,0.244486740091705
SEC24A,0.5183674642462321
SEC24B,-0.26853373672923553
SEC24C,0.5005746978379619
SEC24D,0.026765858740010362
SEC31A,0.3748285600771899
SEC31B,-0.49416559750975475
SEC61A1,0.4581709132864322
SEC61A2,0.8367780285860338
SEC61B,0.4020524962894534
SEC61G,0.5148180123475645
SEC62,-0.01734911632933711
SEC63,-0.04508831266489466
SECISBP2,-0.36190533187606366
SECISBP2L,0.6974955163216325
SECTM1,-0.07363275012526294
SEH1L,-0.529898398900305
SEL1L,1.1297906755022398
SEL1L2,-1.2043614025281524
SEL1L3,0.7116927242589323
SELE,0.5171475790955029
SELENBP1,0.15030486171198265
SELENOF,0.7629565135551153
SELENOH,0.6353466702600925
SELENOI,-1.1950963090570454
SELENOK,1.2743791322853348
SELENOM,-0.6354847609915687
SELENON,-0.7380541849580757
SELENOO,-0.5633144644406638
SELENOP,-0.31675342999044587
SELENOS,-0.22987968588870933
SELENOT,0.10672002780069612
SELENOV,-0.7278757937771136
SELENOW,-0.2410579987160264
SELL,0.5438221802171572
SELP,-0.10854187419309524
SELPLG,-1.226962831161086
SEM1,0.6380022018181801
SEMA3A,-1.5659870543197885
SEMA3B,-0.17163305984611177
SEMA3C,0.919880217743559
SEMA3D,-0.060734728401643734
SEMA3E,-1.992919227906003
SEMA3F,-0.38764784191149126
SEMA3G,-0.587498065013591
SEMA4A,0.5959987961750746
SEMA4B,-0.2464608557606527
SEMA4C,1.3157007452814555
SEMA4D,0.03681140248531456
SEMA4F,0.01926350684380007
SEMA4G,-0.6782191995498339
SEMA5A,-1.467133373644448
SEMA5B,-0.7892143474408768
SEMA6A,-0.6370001505474774
SEMA6B,-0.8683341371697755
SEMA6C,-0.47458446165356705
SEMA6D,-0.9695754696387324
SEMA7A,0.1695201561263211
SEMG1,-0.4063556419265585
SEMG2,0.43371965200314155
SENP1,1.4461762556454802
SENP2,-0.18864583173228996
SENP3,0.4802834366675084
SENP3-EIF4A1,0.283985840343425
SENP5,0.5701462345950437
SENP6,-0.0853627170852782
SENP7,0.8340817616606697
SENP8,-0.3538082120496795
SEPHS1,-0.613589537744188
SEPHS2,0.15272484350661708
SEPSECS,0.25370540930560814
SEPTIN1,-0.046342826884660404
SEPTIN10,1.4487308197489175
SEPTIN11,1.746973606676835
SEPTIN12,1.2538149369766176
SEPTIN14,0.27345190508686357
SEPTIN2,0.200924937037672
SEPTIN3,-1.0359201877729771
SEPTIN4,-0.6046105920590561
SEPTIN5,-0.24288387063160688
SEPTIN6,-0.30761273044573345
SEPTIN7,0.11309068429490488
SEPTIN8,0.8736843527636405
SERAC1,-0.19574496647589346
SERBP1,-0.29471705129135284
SERF2,-0.39585711187174644
SERGEF,0.12144292142403756
SERHL2,-0.7256547880731308
SERINC1,0.5442061958142637
SERINC2,-0.15752818900615184
SERINC3,-0.07086999716724662
SERINC4,0.04666911837325305
SERINC5,-0.6335624204113981
SERP1,0.08115910952649674
SERP2,-0.5021429205412249
SERPINA11,0.03329449232301951
SERPINA12,1.5384225391576933
SERPINA2,-0.5563970399552804
SERPINA3,-0.4143428710743925
SERPINA4,1.3126751376293155
SERPINA5,1.3131068772617347
SERPINA7,1.173071128846627
SERPINA9,0.8920693142047973
SERPINB1,-0.43456863392192135
SERPINB10,1.461933344377451
SERPINB11,-1.034854843414015
SERPINB12,-0.48273953833654104
SERPINB13,-1.108780159656043
SERPINB2,-1.04897189057568
SERPINB3,-0.6377803839321345
SERPINB4,-0.6406179492958837
SERPINB5,0.36257054442386183
SERPINB6,-0.10659773308048837
SERPINB7,-0.8642248085778212
SERPINB8,0.3527648046372436
SERPINB9,0.07505585512826862
SERPINC1,-0.7566838058192803
SERPIND1,-1.039052971834189
SERPINE1,-0.5329503356297404
SERPINE2,1.542330156864685
SERPINE3,-0.2860772504012725
SERPINF2,-0.6674289334017307
SERPING1,0.1684537723774905
SERPINH1,-0.2029374185443098
SERPINI1,0.4110647046553835
SERPINI2,-0.5039389925396542
SERTAD1,-0.4969376281031077
SERTAD2,0.8261286369816947
SERTAD3,0.6956965836619569
SERTAD4,0.8880630027735668
SERTM1,-0.39432288509997154
SERTM2,-0.6166740888913465
SESN1,0.16256931716311618
SESN2,-0.520676034388782
SESN3,0.49878940434097174
SESTD1,0.706243114497823
SET,-0.3859993545360694
SETBP1,0.9371830518034208
SETD1A,0.041127937098385026
SETD1B,0.14532073598052175
SETD2,-0.05688489571686528
SETD3,0.5933975625560022
SETD4,0.034483592641516125
SETD5,0.5146203390592365
SETD6,-0.6718055039038089
SETD7,0.35475545695806426
SETD9,-0.09380245474978599
SETDB1,-0.019153593025418303
SETDB2,-0.11139672649227883
SETMAR,-0.05635957130431368
SETSIP,0.3410372685020688
SETX,0.37851659362215884
SEZ6,0.7622498965231161
SEZ6L,-0.9770020053288313
SEZ6L2,-0.28634932306172
SF1,0.777482103869966
SF3A1,0.8528924290382287
SF3A2,0.40532313543201104
SF3A3,0.21655130044006787
SF3B1,-0.05485441130009061
SF3B2,0.16259932634356167
SF3B3,0.06887864922126763
SF3B4,-0.0539817527269264
SF3B5,-0.19414742301271648
SF3B6,-0.1850610019264085
SFI1,0.7830117081710064
SFMBT1,-0.029997678274852113
SFMBT2,0.775305582533015
SFN,-1.0701683398506097
SFPQ,0.07322941521298132
SFR1,0.779473459842968
SFRP1,0.15275617787446172
SFRP2,1.7990909660759453
SFRP4,-0.6894019243890452
SFRP5,-0.08855018689348815
SFSWAP,-0.09921020450256135
SFT2D1,0.6425285422189819
SFT2D2,-0.024087748617307003
SFT2D3,-0.5188436235533538
SFTA2,-0.6602868281119547
SFTA3,-0.5565661557669073
SFTPA1,0.614109543357503
SFTPA2,0.18641329048678143
SFTPB,-0.13049783845445107
SFTPC,-0.25113031998269375
SFTPD,-0.49799980504149205
SFXN1,0.26496752677076585
SFXN2,-0.30734638718277774
SFXN3,-0.7693459874013708
SFXN4,-0.4825071762069202
SFXN5,-0.4297666351549507
SGCA,0.2229262535988068
SGCB,0.7023243185935963
SGCD,-0.03531260657476354
SGCE,0.7289795705007323
SGCG,-0.4491320665113887
SGCZ,-2.0622930518862637
SGF29,0.5357789701045239
SGIP1,-0.5662672357581005
SGK1,2.3433880778906495
SGK2,2.0968897420884294
SGK3,0.8608227003833975
SGMS1,-0.07639796079494188
SGMS2,-0.3949761722506538
SGO1,0.7417223196001306
SGO2,-0.6596441932918304
SGPL1,0.12315791836023315
SGPP1,0.4911868109927293
SGPP2,3.509533687986049
SGSH,0.36971068132206164
SGSM1,0.8849975159964888
SGSM2,0.15739917396784175
SGSM3,-0.263647099986307
SGTA,0.19067793177443626
SGTB,-0.04463555934404262
SH2B1,0.494715790070158
SH2B2,0.17876009004669613
SH2B3,0.9770957670059031
SH2D1A,-0.5029357856761001
SH2D1B,-0.67286856178563
SH2D2A,0.5824122622355508
SH2D3A,0.4306090068576487
SH2D3C,-0.07549374111964102
SH2D4A,-0.13607664354699317
SH2D4B,-0.1187039909310888
SH2D5,-0.11893725871347627
SH2D6,-0.0300456546975596
SH2D7,-0.08804068066036486
SH3BGR,0.026619261829103014
SH3BGRL,0.0283349165807969
SH3BGRL2,-1.0674019599470665
SH3BGRL3,-0.9299970582038037
SH3BP1,-0.36420716406089104
SH3BP2,-0.10600477162942212
SH3BP4,0.6546197281497709
SH3BP5,0.388110611979275
SH3BP5L,0.3521465682063982
SH3D19,0.08250004298798297
SH3D21,-0.22912974798713215
SH3GL1,0.3162086080326798
SH3GL2,-1.1591156227731676
SH3GL3,0.27066456977635167
SH3GLB1,-0.07970465875423027
SH3GLB2,-0.6530291831647399
SH3KBP1,-0.06973093439616518
SH3PXD2A,1.1549501420579713
SH3PXD2B,-0.004110464445412354
SH3RF1,-0.6532802482156709
SH3RF2,-0.6123231048555147
SH3RF3,-0.5545342906030147
SH3TC1,-0.5561458462104647
SH3TC2,0.1996379290357645
SH3YL1,0.15397005160851585
SHANK1,-0.8203251013829136
SHANK2,-0.06784841539392772
SHANK3,-0.5478896513682678
SHARPIN,-0.24611651971224768
SHB,-0.3739584273761105
SHBG,0.3003121846500041
SHC1,-0.059069716149273255
SHC2,-0.2321250337395786
SHC3,-0.2728569518304449
SHC4,0.14443712110194573
SHCBP1,-0.8245930314668453
SHCBP1L,1.5658982821333312
SHD,1.1987738122705793
SHE,-0.9907035414057931
SHF,-0.001945822186887547
SHFL,-0.15023163997277766
SHH,-0.4086268498611701
SHISA2,0.8104017637473069
SHISA3,-1.2023344810748111
SHISA4,-0.44503474246998076
SHISA5,0.003486633233378278
SHISA6,-3.1762078579699216
SHISA7,-0.1448501978045934
SHISA8,-0.8661475317116071
SHISA9,0.12148318349193543
SHISAL1,0.41656526268762367
SHISAL2A,-0.37095099456619296
SHISAL2B,0.06889180577658277
SHKBP1,-0.2687538021349032
SHLD1,-0.153191056509268
SHLD2,-0.15390639380828963
SHLD3,0.4641557932027425
SHMT1,-0.7206246302972952
SHMT2,0.26780668183416667
SHOC1,-0.7202790434764195
SHOC2,0.4164051432239373
SHOX2,0.7410100680520664
SHPK,0.047477249978471026
SHPRH,0.23416656585770168
SHQ1,-0.7277836571099636
SHROOM1,-0.5281810289851618
SHROOM2,-0.875611475732565
SHROOM3,1.3001585052619673
SHROOM4,0.4575262214328011
SHTN1,-1.4837639805075387
SI,-2.064999802774734
SIAE,-0.1147488850395865
SIAH1,-0.4146283257919234
SIAH2,0.30358423179733407
SIAH3,-0.19797567770714453
SIDT1,-0.6411596763908536
SIDT2,-0.49552319009516976
SIGIRR,-0.7560977397215778
SIGLEC1,-0.7031378857424622
SIGLEC10,-0.2726104827845759
SIGLEC11,-2.446835895060307
SIGLEC12,-0.15809531495341686
SIGLEC14,0.9484003332921136
SIGLEC15,-0.8751153898276007
SIGLEC16,-0.3869219538774521
SIGLEC5,0.68647680268693
SIGLEC6,-0.4424053602315991
SIGLEC7,0.5159697066319575
SIGLEC8,0.6116415225027537
SIGLEC9,-0.22520338160115916
SIGLECL1,0.12392130390474944
SIGMAR1,-0.8630543303571727
SIK2,-0.1813317278462825
SIK3,-0.11224121663479503
SIKE1,0.05040214405277332
SIL1,-0.400867834799874
SIM1,0.8697133558934491
SIM2,0.3891208891306721
SIMC1,0.25188545377870203
SIN3A,0.9351251614134517
SIN3B,-0.2453835750189628
SIPA1,-0.44245174732145376
SIPA1L1,0.2123983070591846
SIPA1L2,-0.6228197492705339
SIPA1L3,0.4754967235274845
SIRPA,0.18983896612593454
SIRPB1,-0.0912680952987992
SIRPB2,-0.20028492778058382
SIRPD,-0.0827849092815317
SIRPG,0.7576207740793484
SIRT1,0.37495883403677777
SIRT2,0.3863476026489314
SIRT3,0.15524873347822865
SIRT4,0.0503349985059276
SIRT5,-0.14893188868756102
SIRT6,0.6097497209732194
SIRT7,-0.22018934464346374
SIT1,0.4836089052027819
SIVA1,-0.36344877766793626
SIX1,0.6971654459836277
SIX2,0.5923769701880209
SIX3,2.1300898930146586
SIX4,-0.13873835667722156
SIX5,0.8677801553433164
SIX6,-0.7401348346323728
SKA2,0.3797662936543622
SKA3,-0.6049103518791465
SKAP1,0.7125475801492492
SKAP2,0.7319408264829106
SKI,1.0883154674331583
SKIC3,0.24520463616986854
SKIC8,0.2451929527411818
SKIDA1,-0.42745825091939826
SKIL,0.32158208648817466
SKOR1,-0.7927196562142029
SKOR2,-0.8366712532075032
SKP1,0.3049228967502611
SKP2,-0.14546633765171668
SLA,0.9265796479890014
SLA2,-0.8511800758572377
SLAIN1,0.009725723391940999
SLAIN2,0.528457988423034
SLAMF1,-0.5076685938309893
SLAMF6,-0.19911927290408493
SLAMF7,0.33532290902896555
SLAMF8,-0.5669085681416154
SLAMF9,-0.1795168087920397
SLBP,-0.6139991135981262
SLC10A1,-0.6068967565228278
SLC10A2,1.6309420966896961
SLC10A3,-0.15443121911422342
SLC10A4,-0.17838533639033455
SLC10A5,0.7018214773162696
SLC10A6,-0.9966733580241919
SLC10A7,-0.20658487448075968
SLC11A1,-0.5039201675584721
SLC11A2,-0.34853683462089013
SLC12A1,0.81701989493341
SLC12A2,0.473731228420716
SLC12A3,-0.5587448459142954
SLC12A4,0.6417049663534464
SLC12A5,0.14839959249049528
SLC12A6,-0.264372114149769
SLC12A8,-0.5435975788970899
SLC12A9,-0.0678315342743329
SLC13A1,-1.9320332556840212
SLC13A2,0.44597926990539116
SLC13A3,1.8937637419853721
SLC13A4,-0.8289524269564228
SLC13A5,-0.8972830971419674
SLC14A1,-0.7940305062762745
SLC14A2,1.5545388437656702
SLC15A1,-0.16178197653641252
SLC15A2,-0.40834512033500836
SLC15A3,-0.44735384540128786
SLC15A4,-0.16934609474180284
SLC15A5,1.778793943730832
SLC16A1,-0.6011030741449988
SLC16A10,-0.04039627857465722
SLC16A11,-0.006595142092065132
SLC16A12,-0.12710643740307853
SLC16A13,-0.009347812894632046
SLC16A14,-0.011825649480848854
SLC16A2,-1.1101119388802756
SLC16A3,-0.3868312616391525
SLC16A4,-0.8682689626687243
SLC16A5,-0.7822092453924937
SLC16A6,0.30682999055083293
SLC16A7,-0.4151386795304681
SLC16A8,-0.9751278308152165
SLC16A9,0.42303139757042874
SLC17A1,0.20838063639312854
SLC17A2,-1.4077242442780151
SLC17A3,-0.07416754472218406
SLC17A4,0.14861266682514873
SLC17A5,0.07032185738060504
SLC17A6,-1.5378545719292687
SLC17A7,0.04887352785556365
SLC17A8,1.0076157917635327
SLC17A9,-0.6062878827587266
SLC18A1,0.5523788880216668
SLC18A2,-0.15079844717762123
SLC18A3,1.9553331009002632
SLC18B1,-0.3723406939310978
SLC19A1,0.6403028126432474
SLC19A2,-0.5386263072710089
SLC19A3,0.24755389170643327
SLC1A1,0.9179111131961553
SLC1A2,1.0717927753265646
SLC1A3,-0.7308990329349863
SLC1A4,-0.2324753786533198
SLC1A5,-0.6645555731044279
SLC1A6,-1.017873401682239
SLC1A7,-0.44282643604065036
SLC20A1,-0.4169904605275847
SLC20A2,0.259389163080884
SLC22A1,-0.2031376936956163
SLC22A10,-0.4310980909431825
SLC22A11,0.2131312322707275
SLC22A12,-1.0984730396892182
SLC22A13,-1.2668460366560155
SLC22A14,-0.1567514845844924
SLC22A15,0.15911369660643593
SLC22A16,0.4893852214083122
SLC22A17,0.30913112122865927
SLC22A2,0.012226323459711308
SLC22A23,0.47778165322737853
SLC22A24,1.6115834598951242
SLC22A25,-0.7397925340739491
SLC22A3,-2.240720913841264
SLC22A31,-1.392689745477047
SLC22A4,0.4174103106338518
SLC22A5,-0.3602860373069565
SLC22A6,-0.09851363958756226
SLC22A7,0.47158832757483726
SLC22A8,-1.086731749949335
SLC22A9,-0.8739072724140649
SLC23A1,-1.4547223544361314
SLC23A2,-0.19155319121079106
SLC23A3,-0.11331257998468347
SLC24A1,-0.15077281222766503
SLC24A2,-0.8683180472715479
SLC24A3,-0.3254915150152251
SLC24A4,-1.0743283786778475
SLC24A5,1.1488662049191571
SLC25A1,-0.9031938799455168
SLC25A10,-0.7482033920387146
SLC25A11,0.5287872142174495
SLC25A12,-0.5509957679634443
SLC25A13,1.0034587922168243
SLC25A14,0.6925819237378598
SLC25A15,-0.5031734221190427
SLC25A16,-0.05056825691730893
SLC25A17,-0.7554087077566463
SLC25A18,-0.4891837346405886
SLC25A19,-0.31259897102996126
SLC25A2,-1.103077888013139
SLC25A20,-0.608403997432287
SLC25A21,0.3381695177815578
SLC25A22,-0.42178625222170085
SLC25A23,0.4186345626311023
SLC25A24,0.5186946645570967
SLC25A25,0.14839325298231465
SLC25A26,-0.687534554276473
SLC25A27,0.5842170940954168
SLC25A28,-0.05793854088485695
SLC25A29,-0.6213807699661174
SLC25A3,0.1633878675833147
SLC25A30,0.11989131109594942
SLC25A31,-1.0837237851575043
SLC25A32,-0.19628074014758434
SLC25A33,-0.4439335613263493
SLC25A34,-0.8098233329763322
SLC25A35,-0.5139696245890839
SLC25A36,0.04121290641716824
SLC25A37,-0.26003234889553406
SLC25A38,0.33859000680061646
SLC25A39,0.03731987910517409
SLC25A4,0.1386324559188492
SLC25A40,0.17385848676018112
SLC25A41,0.14516901559971215
SLC25A42,-0.48218471190616086
SLC25A43,-0.5539548281239148
SLC25A44,0.9554223587849684
SLC25A45,-0.4663806770686003
SLC25A46,0.6418094163110286
SLC25A47,-0.0690871193430258
SLC25A48,-0.9966590351921698
SLC25A5,0.013463854070324466
SLC25A51,0.305327306516729
SLC25A52,0.6383275554406918
SLC25A53,0.5253338820035132
SLC26A1,-0.6659986290776514
SLC26A11,0.007528917245010147
SLC26A2,-0.25428036331642967
SLC26A3,-0.17535618011386056
SLC26A4,0.690965575808304
SLC26A5,0.6382819073665744
SLC26A6,-0.5231379653485959
SLC26A7,-1.2879516745053046
SLC26A8,-0.3096083832073342
SLC26A9,-0.553908903543232
SLC27A1,-0.010252256835355134
SLC27A2,0.5257750713540077
SLC27A4,-0.7881221039622193
SLC27A5,-0.034547604729920245
SLC27A6,-1.8445116128542574
SLC28A1,0.5050887209824396
SLC28A2,0.4147625106842231
SLC28A3,0.2561420539095821
SLC29A1,-0.4438740611035572
SLC29A2,-1.0173857457557627
SLC29A3,-0.5543160090125487
SLC29A4,-0.9000863832565686
SLC2A1,-0.5867415809071681
SLC2A10,-0.6633433356510723
SLC2A12,-0.35672954518442657
SLC2A13,1.2549787158989707
SLC2A14,0.39954156262737583
SLC2A2,0.06014229706914098
SLC2A3,-1.1123468164972274
SLC2A4,-0.49064193917715393
SLC2A4RG,-0.9175759085499853
SLC2A5,-1.0604456277442071
SLC2A6,0.22376730531307465
SLC2A7,-0.4719866097269429
SLC2A8,0.21219266710112628
SLC2A9,-1.0542295772748433
SLC30A1,-0.4333158414724849
SLC30A10,-1.4982271996254677
SLC30A2,0.2227233492538659
SLC30A3,-1.0781253728664069
SLC30A4,0.6623370856045342
SLC30A5,0.1445999783739773
SLC30A6,0.13042474324906328
SLC30A7,0.169236104495897
SLC30A8,-0.1712647010635714
SLC30A9,0.16116778603928683
SLC31A1,0.5179810936210107
SLC31A2,0.43306334365502575
SLC32A1,0.4125972210111746
SLC33A1,0.42237350627045567
SLC34A1,-0.38254985502257355
SLC34A2,0.2784553149302124
SLC34A3,0.17977465172783624
SLC35A1,-0.06628807650600288
SLC35A2,0.22279599360793734
SLC35A3,-1.0077636357502198
SLC35A4,-0.23902189906581217
SLC35A5,0.49221182442064393
SLC35B1,0.8383333172714691
SLC35B2,0.8234065740908627
SLC35B3,0.31373554841866613
SLC35B4,0.39429907545871723
SLC35C1,-0.46699363244284386
SLC35C2,-0.015274282238696202
SLC35D1,-0.04828267063063407
SLC35D2,-0.5848469115420128
SLC35D3,-0.6359330064330884
SLC35E1,-0.0042865147870387865
SLC35E2B,0.37433218310978633
SLC35E3,0.1457059622275403
SLC35E4,-0.1741875139753406
SLC35F1,0.3576720214109086
SLC35F2,0.9340740361828623
SLC35F3,-0.5577725166676389
SLC35F4,-1.2005840655881166
SLC35F5,1.0775958111105575
SLC35F6,-0.7074146196948439
SLC35G1,1.166024516533725
SLC35G2,0.3287038528718462
SLC35G3,-0.8254891991954185
SLC35G4,0.3127525217789736
SLC35G5,-0.09293644199822582
SLC35G6,0.2500932877907367
SLC36A1,-0.81170773026869
SLC36A2,0.10668719243505298
SLC36A3,-0.08098893947715091
SLC36A4,0.9472499785510964
SLC37A1,0.07496816253149108
SLC37A2,1.0248172672725326
SLC37A3,-0.5010279256053602
SLC37A4,0.1586209587503613
SLC38A1,-0.23397818970206563
SLC38A10,-0.24771534595134614
SLC38A11,-1.4018426290073698
SLC38A2,-0.05804227670639417
SLC38A3,0.29226532670505956
SLC38A4,-0.01993399756876446
SLC38A5,-0.12827244427854678
SLC38A6,-0.4016142180063742
SLC38A7,-0.18874990353356824
SLC38A8,0.34624798013702485
SLC38A9,0.29541176327309804
SLC39A1,0.4705801481699132
SLC39A10,-0.44855507523707683
SLC39A11,-0.6574916900488925
SLC39A12,-0.10982350424086995
SLC39A13,-0.012988266624059275
SLC39A14,-0.37966272793683453
SLC39A2,-0.41522815289931936
SLC39A3,0.590310096533827
SLC39A4,-0.35881020618799986
SLC39A5,0.009352014582493018
SLC39A6,0.5391868661789321
SLC39A8,-0.6668543080294951
SLC39A9,0.009239970440524381
SLC3A1,0.05903386749374248
SLC3A2,-0.8075832766732298
SLC40A1,0.1717946465502327
SLC41A1,-0.2866050522132748
SLC41A2,0.5787698342912677
SLC41A3,-1.0538895793238128
SLC43A1,-0.750677391127001
SLC43A3,0.39991303943318623
SLC44A1,0.6751025000358473
SLC44A2,-0.7146780479261134
SLC44A3,-0.24670653431719325
SLC44A5,-0.13337212169118806
SLC45A1,-0.004562923975187039
SLC45A2,-0.5537852049755683
SLC45A3,-0.7057289929764075
SLC45A4,-0.2837582828183376
SLC46A1,-1.1877192712997822
SLC46A2,-1.0002118855018411
SLC46A3,-0.20198166452437505
SLC47A1,-0.6526172173602488
SLC47A2,0.10128343445106247
SLC48A1,0.7282239354167717
SLC49A3,0.7738064840715559
SLC49A4,0.11854508417664711
SLC4A1,-0.3310946619993069
SLC4A10,-0.19828010242118
SLC4A11,-0.2994920600196913
SLC4A1AP,0.2335940396852294
SLC4A2,-0.29999267412132635
SLC4A3,1.0725798173866858
SLC4A4,-0.06779021205313884
SLC4A5,0.04177530188024914
SLC4A7,-0.445194688968634
SLC4A8,-0.5193863646697259
SLC4A9,-0.5602817225965631
SLC50A1,0.13678430158194077
SLC51A,-0.2920875179478189
SLC51B,-0.3872429252467213
SLC52A1,-0.8833765235570123
SLC52A2,-0.32686304023507295
SLC52A3,-1.8105437588553281
SLC5A1,-0.04167415466864138
SLC5A10,-0.6899790866343644
SLC5A11,0.18991906218025767
SLC5A12,-0.5120109288124852
SLC5A2,-0.1585704398504615
SLC5A3,0.2702580428689969
SLC5A4,0.5185214617111692
SLC5A5,-0.447721173104323
SLC5A6,-0.011966639389343392
SLC5A7,0.05343938799494086
SLC5A9,-0.2302446718728063
SLC66A1,-0.5778729304798875
SLC66A2,0.4145331137037016
SLC66A3,-0.4018795831330766
SLC6A1,0.9910575935941284
SLC6A11,-0.12639512772121
SLC6A12,0.8956009820975894
SLC6A13,1.3889991726117124
SLC6A14,-1.3752965601612692
SLC6A15,1.4444993203313348
SLC6A16,-0.32971969404986534
SLC6A17,0.2747976735411979
SLC6A18,-0.996184442844021
SLC6A19,0.24383950977585833
SLC6A2,1.3912258964859172
SLC6A20,-0.6950107422769254
SLC6A4,-0.33405890563358764
SLC6A5,0.9045307688144806
SLC6A6,-0.8042755539577024
SLC6A7,-0.280007136141841
SLC6A8,0.49960427889304104
SLC6A9,-0.5769216525043841
SLC7A1,-0.37197913836632956
SLC7A10,-1.2869642940455632
SLC7A11,-0.03845889228195931
SLC7A13,-0.6814718745283748
SLC7A14,1.4869508023935234
SLC7A2,1.2889392914336515
SLC7A3,2.0217925654597857
SLC7A4,-0.1702298043681123
SLC7A5,-1.1725478851273792
SLC7A6,-0.056260115805206734
SLC7A6OS,0.0874600853880052
SLC7A7,0.07808860127197548
SLC7A8,0.8602760564383255
SLC7A9,0.6242759517530398
SLC8A1,1.7951884199682133
SLC8A2,0.32949294055746325
SLC8A3,2.2943477784747035
SLC8B1,-0.43306336702389236
SLC9A1,-0.3278532156277085
SLC9A2,0.845093833381328
SLC9A4,-1.3510768773746333
SLC9A5,-0.3745191326824684
SLC9A6,-0.17181574710764824
SLC9A7,-0.49185914040526324
SLC9A8,0.8561809632238533
SLC9A9,0.2424732363206008
SLC9B1,0.12436579005141368
SLC9B2,0.16925034016237406
SLC9C1,-0.8479976488597889
SLC9C2,-0.7331345283140499
SLCO1A2,2.580249718824848
SLCO1B1,0.5138217988235423
SLCO1B3,0.6474284949733811
SLCO1C1,-2.4517054236020788
SLCO2A1,-0.2679629271298701
SLCO2B1,-0.6315212104863456
SLCO3A1,-1.3677305877808208
SLCO4A1,0.24208756503894935
SLCO4C1,-0.3040874067486403
SLCO5A1,1.6475168488628937
SLCO6A1,-0.5547019854496837
SLF1,0.563660856336061
SLF2,0.45224773695502396
SLFN11,-0.902208295482045
SLFN12,-0.13640975184366566
SLFN12L,-0.37797832586160285
SLFN13,0.27200311013415235
SLFN14,-0.2901888975053215
SLFN5,0.6488945577023344
SLFNL1,-1.338672373511234
SLIRP,0.12520628721049798
SLIT1,0.3498014522209343
SLIT2,0.1843731360260159
SLIT3,-0.3330058741149062
SLITRK1,0.07368569415577841
SLITRK3,0.3976223358143538
SLITRK4,-0.6383275554406918
SLITRK5,0.33135545910431846
SLITRK6,0.15730528547922917
SLK,0.4676942722151729
SLMAP,0.1487377710449671
SLN,-2.2337992697553446
SLPI,0.5400530022948422
SLTM,-0.3164188758312143
SLU7,0.21573845591169016
SLURP1,-0.4910741877636609
SLURP2,-0.021887078719978525
SLX1A,-0.04372150021748711
SLX1B,-1.416606073976311
SLX4,0.3502110911950518
SLX4IP,0.2552231456789191
SLX9,-0.47788340316121847
SMAD1,0.2311477245470055
SMAD2,-0.533691716784042
SMAD3,0.03858999620819148
SMAD4,0.09880866546365574
SMAD5,0.7803241868823649
SMAD6,-0.6167472342146341
SMAD7,1.5340801105144188
SMAD9,-0.06908472296485357
SMAGP,1.0309361067450649
SMAP1,0.6721386781699263
SMAP2,-0.3934972133648675
SMARCA1,0.16952533150582993
SMARCA2,-1.6662661188239682
SMARCA4,-0.3316201415802871
SMARCA5,0.1874789901102587
SMARCAD1,0.2144564286840378
SMARCAL1,0.4895677584151241
SMARCC1,0.1290520884330384
SMARCC2,-0.059053937080897345
SMARCD1,-0.5430670634407857
SMARCD2,-0.09764008613719888
SMARCD3,-0.5615243409202152
SMARCE1,-0.10815493764288009
SMC1A,0.05243726958519801
SMC1B,-0.4929572838308345
SMC2,-0.03455535450982783
SMC3,-0.31831514196533517
SMC4,-0.35430383461396664
SMC5,-0.08092842873107653
SMC6,1.084857915389023
SMCHD1,0.5165288460689803
SMCO1,0.24040417053509833
SMCO2,-0.3724235036048521
SMCO3,0.21845622248971824
SMCO4,-0.11839754525947255
SMCP,0.17986809083281063
SMCR8,-0.16504769989393386
SMDT1,-0.5212184067682777
SMG1,0.4802655176646873
SMG5,0.07574525737421034
SMG6,0.04462860478273312
SMG7,0.2803661049131252
SMG8,0.23393593219224162
SMG9,0.4200752814514175
SMIM1,0.11109918795169782
SMIM10,0.6704766120414298
SMIM10L2A,0.06670583644015349
SMIM10L2B,-1.0356900269184426
SMIM10L2B-AS1,2.606498323319805
SMIM10L3,-0.7265644160459117
SMIM11,-0.5285228805739538
SMIM12,0.1428292158444564
SMIM13,-0.1970810208108693
SMIM14,0.0596980851561848
SMIM15,-0.11624732634798285
SMIM17,-0.938906781185969
SMIM18,-0.31009165755538676
SMIM19,0.2385004374581179
SMIM20,0.9535714448489238
SMIM21,-0.16344627847665164
SMIM22,1.254708179737066
SMIM23,-0.1483446721015238
SMIM24,-0.14888588476112763
SMIM26,-0.02671216309136204
SMIM27,0.27442788401584695
SMIM28,0.30799892572682364
SMIM29,-0.6626565475516362
SMIM3,-1.370137749834159
SMIM30,0.47450300093533476
SMIM31,-1.173071128846627
SMIM32,-0.7921955798430191
SMIM33,-1.4265606579795045
SMIM35,1.9523548375672186
SMIM36,-1.0275770007453868
SMIM38,1.5763586613594076
SMIM39,-0.3424284724428984
SMIM41,-1.2288818907544568
SMIM42,0.02658066532180392
SMIM43,0.10803949684749159
SMIM44,-0.6969193475603187
SMIM45,-0.8477704634617811
SMIM46,-0.4355451453255679
SMIM47,-0.6412188898308696
SMIM5,-0.4001519063545489
SMIM6,-0.20873763615185936
SMIM7,-0.4819286437101731
SMIM8,0.20178132030019946
SMIM9,2.25239627626134
SMKR1,0.3049064428303758
SMLR1,0.9880481760375254
SMNDC1,0.8014200955311788
SMO,-1.132744310021467
SMOC1,-1.4224260710643368
SMOC2,-0.2104909187451629
SMOX,-0.5505314144567778
SMPD1,0.8513258183462862
SMPD2,0.2527415234004926
SMPD3,0.05753175079173589
SMPD4,-0.747345517445543
SMPDL3A,-0.2194027457958565
SMPDL3B,-0.40731481950191206
SMPX,0.6383275554406918
SMR3A,-0.6872794377677292
SMR3B,0.4290744245233167
SMS,1.5354677663303147
SMTN,-0.18475317623370313
SMTNL1,0.32047498004815844
SMTNL2,0.015925554899394512
SMU1,0.7019478191578306
SMUG1,0.43362242664410555
SMURF1,0.27562044190365187
SMURF2,-0.060536748433106524
SMYD1,-0.2366065742504223
SMYD2,-0.08399246439844643
SMYD3,-0.6145908802329432
SMYD4,-0.03200291236255648
SMYD5,0.25125378314421143
SNAI1,-0.32363174124176863
SNAI2,1.8814967121479982
SNAI3,-0.34038877264388456
SNAP23,0.6165163118050354
SNAP25,-2.315845704865496
SNAP29,-0.4145463595180545
SNAP47,0.005226479426641895
SNAP91,-2.015600726415958
SNAPC1,-0.17881239681840144
SNAPC2,-0.17316847667906154
SNAPC3,0.7706843595421384
SNAPC4,0.10678487977871232
SNAPC5,-0.12071095462620018
SNAPIN,-0.1311955575960626
SNCA,-0.3299660859000517
SNCAIP,-1.9285531276873846
SNCB,0.0123470528611124
SNCG,-0.9349757157041914
SND1,-0.048965872419757694
SNED1,-1.1463238640762046
SNF8,0.18069673144776965
SNIP1,-0.1332092794302615
SNN,0.07508092339071348
SNORC,-0.023099595343486934
SNPH,0.18209814795632262
SNRK,-0.07354709146492144
SNRNP200,0.4562563729519882
SNRNP25,0.0759975876422776
SNRNP27,-0.09270568836624804
SNRNP35,0.5443521240608482
SNRNP40,-0.20085984323501327
SNRNP48,0.6281311815087558
SNRNP70,0.2136923138307325
SNRPA,0.16220497884970353
SNRPA1,-0.03182607029061879
SNRPB,-0.09482354434102058
SNRPB2,0.6397647237177218
SNRPC,-0.13387819488810937
SNRPD1,0.10304394234822567
SNRPD2,0.31029754633029727
SNRPD3,0.08479777076181083
SNRPE,-0.21301574349564012
SNRPF,0.15883408975803404
SNRPG,-0.08628198489613537
SNRPN,1.640465448886054
SNTA1,-0.6449553846915554
SNTB1,-0.11498344969192753
SNTB2,0.9857918515295441
SNTG1,0.9711879308872601
SNTG2,0.27037313999821544
SNTN,-1.0674019690456766
SNU13,-0.3654290819196486
SNUPN,0.1262637579507384
SNURF,0.463245563044679
SNW1,0.31152014287075236
SNX1,-0.10023110919781608
SNX10,0.9049759245855085
SNX11,1.1720516404401347
SNX12,0.65566648970477
SNX13,-0.3602023577715534
SNX14,0.18736693117207048
SNX15,-0.16093216111658726
SNX16,0.011632886029135925
SNX17,0.015302709242081214
SNX18,-0.5871562012083833
SNX19,-0.5040707678646559
SNX2,0.5991503665404729
SNX20,2.4650666596676896
SNX21,-0.5823063603496534
SNX22,-0.47258913869263797
SNX24,0.4597416949451843
SNX25,-0.4025770857625135
SNX27,0.09883247893325597
SNX29,0.4381393288282245
SNX3,-0.28563400041076337
SNX30,0.1152061396553119
SNX31,-0.6973976213194899
SNX32,0.761840637422167
SNX33,0.2804654341619002
SNX4,0.2983607746539878
SNX5,-0.3224702882526209
SNX6,0.08417819331202381
SNX7,0.7319408127063707
SNX8,-0.18129809103785366
SNX9,0.1509180951649246
SOAT1,-0.10599940153290444
SOAT2,-0.410063474110246
SOBP,-0.2268086058858756
SOCS1,0.609340347099339
SOCS2,-0.1253481011580233
SOCS3,0.1330060057379563
SOCS4,-0.30819151426529956
SOCS5,0.38457484065343794
SOCS6,0.14780850758284902
SOD1,-0.02068574235636822
SOD2,-0.645356441977528
SOD3,-0.11051584232315204
SOHLH1,0.09468047385919365
SOHLH2,-1.5139721471075775
SON,0.257102628345935
SORBS1,0.5831561977058227
SORBS2,-2.1135157182154787
SORBS3,-0.1984605346248387
SORCS1,-0.1548096793187259
SORCS2,-0.6560016459719248
SORCS3,-0.7944365581318189
SORD,0.6223779993993057
SORL1,1.0114912238213438
SORT1,0.44834469038100844
SOS1,-0.6434477934013243
SOS2,0.15475675909290398
SOST,-1.0361241785576503
SOSTDC1,-0.4758740982172746
SOWAHA,0.5303929309905446
SOWAHB,-0.8317250877559844
SOWAHC,1.417021907389729
SOWAHD,-0.8388078478455492
SOX1,-0.8132807740172029
SOX10,-0.6827408190167077
SOX11,-0.02820326933440731
SOX12,-0.2872019561622734
SOX13,0.27205295581810984
SOX14,0.0537236305785343
SOX15,-0.35404176077639304
SOX17,0.32404666472610366
SOX18,0.6231970656650037
SOX2,0.20082655299894853
SOX21,0.23519097451943335
SOX3,0.46453336674115275
SOX30,-0.7559855272627264
SOX4,0.09837330286802315
SOX5,-0.3821045209282734
SOX6,0.02146904827191687
SOX7,-0.2116860893700721
SOX8,-1.298454123431663
SOX9,-1.1866704044525762
SP1,0.12489339492273732
SP100,-0.2814076184837053
SP110,-0.030381471027354445
SP140,-1.3274070160259672
SP140L,-0.21302256720639212
SP2,0.19041328254644974
SP3,0.34849244977996907
SP4,0.26871702544463405
SP5,-0.2846116040074138
SP6,0.20509929107716435
SP7,0.3354638449875198
SP8,-0.8847076200418943
SP9,-0.6750691326596889
SPA17,0.4227813173171209
SPAAR,-1.483777725784171
SPACA1,-3.0084717171401283
SPACA3,0.12217418949568896
SPACA4,1.7166819029700484
SPACA5,0.30760730869983766
SPACA5B,0.26774336244578967
SPACA6,0.8512558061994713
SPACA9,-0.4596956815629465
SPACDR,-0.2826100608943709
SPADH,2.269375185242689
SPAG1,-0.3244772653014363
SPAG16,-0.2905705718251517
SPAG17,0.6336090551209437
SPAG4,-0.219310089421056
SPAG5,0.10521150107125177
SPAG6,0.8255349466341032
SPAG7,0.36109036661378324
SPAG8,0.03649362627760766
SPAG9,0.11298416336160422
SPAM1,-1.0674019599470665
SPANXA2,-1.173071128846627
SPANXC,-0.6313594948152135
SPANXD,1.173071128846627
SPANXN1,0.673888868331302
SPANXN3,1.4150447090960199
SPANXN5,1.7951884199682133
SPARC,1.0481371058394444
SPARCL1,-2.2140169262991707
SPART,-3.3360136887521197
SPAST,0.27106150643461246
SPATA1,0.6139603972211845
SPATA12,-0.08325546407977336
SPATA13,0.6573489734783968
SPATA16,1.173071128846627
SPATA17,0.6942255886248367
SPATA18,-1.3892407310738175
SPATA19,-0.0190983054291346
SPATA2,0.061753195603473365
SPATA20,-0.6046229045826732
SPATA21,0.5511066882204276
SPATA22,0.49885567241965123
SPATA24,-0.4440142301854517
SPATA25,-0.8211437274079927
SPATA2L,-0.20427305721295097
SPATA3,0.3814257105117189
SPATA31A3,1.423506313141757
SPATA31A6,-0.84799921415121
SPATA31C2,1.8113986842873187
SPATA31D1,-0.5347861638495176
SPATA31E1,0.13142054511635182
SPATA31F1,-0.4784357711522407
SPATA31F3,-0.380832974626889
SPATA31G1,-0.45954681852880874
SPATA31H1,-0.32096512006059014
SPATA31J1,-0.5817399239545041
SPATA32,-0.5784375754216904
SPATA33,-0.41047404995083836
SPATA4,1.757233480620489
SPATA45,-0.5912924144447113
SPATA46,-0.1873584737371261
SPATA6,-0.1062468475697238
SPATA6L,1.76244697312741
SPATA7,-0.10552115873442836
SPATA9,0.523828720962263
SPATC1,1.5019729919062557
SPATS1,-0.32394526790692524
SPATS2,-0.20308452220922346
SPATS2L,0.51103136015419
SPC24,-0.4105648994288802
SPCS1,0.21754059386089075
SPCS2,-0.02514997071202041
SPCS3,1.0016172284414382
SPDEF,-0.9351170107580942
SPDL1,-0.10135120422388821
SPDYA,0.014192239114806937
SPDYC,0.03863516489992702
SPDYE1,-0.1808427729005831
SPDYE10,0.42506191690985606
SPDYE12,0.8359642597412764
SPDYE13,0.4277142889167349
SPDYE16,-0.06206124034528937
SPDYE18,-1.5361918214404258
SPDYE2,-0.3048567788098535
SPDYE21,-0.6357513107821741
SPDYE3,-0.5166336375735762
SPDYE4,-0.02419972531942957
SPDYE5,-0.3961689123410421
SPDYE6,2.021070309100012
SPECC1,-0.18274699782514864
SPECC1L,-0.41204607960720585
SPECC1L-ADORA2A,-0.42059295509969363
SPEF1,-0.6476669221992957
SPEF2,1.3403795898597055
SPEG,0.06436103244104258
SPEGNB,-0.49241234381117027
SPEM1,-0.8039128153175357
SPEM2,-0.4859379446348673
SPEM3,0.19319760883032866
SPEN,0.17288736218955414
SPESP1,0.4488963913294386
SPESP1-NOX5,-1.1767478276823733
SPG11,0.2304772937768842
SPG21,-0.012846235282571339
SPG7,0.183746679305
SPHK1,-0.7196543745138833
SPHK2,-0.15652033923902575
SPHKAP,-0.7167543902192592
SPI1,-0.3876905499047787
SPIB,0.051989712945180955
SPIC,-0.8533758414113952
SPICE1,0.7801246623527158
SPICE1-CFAP44,0.7810463460209227
SPIDR,0.7757662518010943
SPIN1,-0.2595284085134977
SPIN2A,0.4381549839543588
SPIN2B,1.156096008188494
SPIN3,-0.9924975260599966
SPIN4,0.3100165912214945
SPINDOC,-0.18862769433114623
SPINK1,0.19082307859031022
SPINK13,-0.656388934427643
SPINK14,0.42284894537811546
SPINK2,1.1581172759179337
SPINK4,-0.5744810905899078
SPINK5,2.5321553436687285
SPINK6,1.8793704390831911
SPINK7,0.0
SPINK8,-2.3548861139927886
SPINK9,2.263761263533759
SPINT1,-0.5731015675766991
SPINT2,0.7989918125130467
SPINT3,-1.0296593803312715
SPINT4,-0.43821830285055996
SPIRE1,-0.23616498958091658
SPIRE2,-0.3635428730373893
SPMAP1,-1.0832308841339835
SPMAP2,0.33480706218285966
SPMAP2L,-0.2531191590969301
SPMIP1,-0.8790906472249644
SPMIP10,-0.9217632113709215
SPMIP11,-1.1343587088585867
SPMIP2,0.6858922948293011
SPMIP3,0.04425799227968197
SPMIP4,0.17483541303609096
SPMIP5,0.23090621187311705
SPMIP6,-0.4011078381007409
SPMIP7,-0.2843919270786398
SPMIP8,-1.0298204304177918
SPMIP9,-0.8983645963641533
SPN,-0.5540952307264346
SPNS1,0.24003225606194079
SPNS2,-0.28111007713954084
SPNS3,-1.8045874178316437
SPO11,-0.9126189168233384
SPOCD1,-0.7636306933261541
SPOCK1,-0.46763298777021006
SPOCK2,-0.3608681518226331
SPOCK3,-0.23985267633354007
SPON1,-1.989892441468262
SPON2,-1.26392366181138
SPOP,0.9311245382726159
SPOPL,1.2216106278762549
SPOUT1,-0.4101671903927593
SPP1,-0.4963570276894315
SPP2,-1.017320914217473
SPPL2A,0.8796345967471026
SPPL2B,-0.030523289687092614
SPPL3,0.23222412946328452
SPR,0.9859286750073023
SPRED1,-0.0895482752465222
SPRED2,0.27255425415059165
SPRED3,-0.20963888830594568
SPRING1,0.5317665081649046
SPRN,-2.300923454004775
SPRR1A,-0.8330746274955324
SPRR1B,-0.3942793309082122
SPRR2A,-0.5342544124589609
SPRR2B,-0.06314147212661542
SPRR2D,0.010454374597807625
SPRR2E,-1.1963697664232633
SPRR2F,2.0963304235019375
SPRR2G,-1.4920128786703821
SPRR3,-0.2014702795986439
SPRR4,-2.081134534292076
SPRR5,0.6814718745608371
SPRTN,-0.371893688506884
SPRY1,-0.622284070637749
SPRY2,-0.4321262702361057
SPRY3,0.2676490027659655
SPRY4,-1.0097029181225659
SPRYD3,-0.154608582954729
SPRYD4,-0.04423480739934549
SPRYD7,0.7615579928066085
SPSB1,1.1306100860419432
SPSB2,0.03533755363849522
SPSB3,0.012719135765955736
SPSB4,0.8138696983493481
SPTA1,0.12703939943961595
SPTAN1,-0.5234783380342356
SPTB,0.3481128566790177
SPTBN1,-0.3403674641991654
SPTBN2,-0.1169494897469252
SPTBN4,0.11236518091558745
SPTBN5,-0.7335081591978223
SPTLC1,-0.2993475087577657
SPTLC2,0.05988548908906299
SPTLC3,0.7233708051247402
SPTSSA,0.49708814419216707
SPTSSB,1.0750109729332613
SPTY2D1,0.4470447242379305
SPX,-0.5829665373519191
SPZ1,-0.6603447908344628
SQLE,-0.7987650180626655
SQOR,-0.013390448763496543
SQSTM1,-0.21689401798309982
SRA1,0.02582445937106881
SRARP,-0.400384513114986
SRBD1,0.2520634021749062
SRC,-0.3917778620674788
SRCAP,0.26341956464176697
SRD5A1,0.12318459412753269
SRD5A2,0.4236698005797881
SRD5A3,-0.1804289818430047
SREBF1,-1.414946863518023
SREBF2,-0.5630972668966985
SREK1,-0.1534331287480698
SREK1IP1,0.3021170593823599
SRF,0.4745821121528677
SRFBP1,0.3014762898062249
SRGAP1,2.367707162989924
SRGAP2,0.3556600003179704
SRGAP2B,1.8422179478873153
SRGAP2C,0.5641301602474376
SRGAP3,0.278808449838575
SRGN,1.4608102031553503
SRI,-0.06628570901449427
SRL,-0.5303504090119665
SRM,-0.5323021331778035
SRMS,0.24910952905188422
SRP14,-0.27085422762113565
SRP19,-0.02383401292100462
SRP54,-0.006843823204387256
SRP68,-0.46275276860349646
SRP72,0.21355306606317415
SRP9,-0.2136763485679678
SRPK1,-0.3669264709061446
SRPK2,0.25280888586137046
SRPK3,0.00988371779135322
SRPRA,0.43384832707261145
SRPRB,-0.028475218181228446
SRPX,-0.07392173628045584
SRPX2,0.2679338835809364
SRR,0.051883958838542465
SRRD,0.030343789815537647
SRRM1,0.33892730755960754
SRRM2,0.516080065162325
SRRM3,0.9530154529912633
SRRM4,1.0685670289935219
SRRM5,0.5944181197144274
SRRT,-0.06688147155857704
SRSF1,0.2969358910817248
SRSF10,-0.22231310476507327
SRSF11,0.029214934500136014
SRSF12,-0.6384139758261006
SRSF2,-0.23585234148622192
SRSF3,-0.1566262038477224
SRSF4,-0.09143823425762276
SRSF5,-0.21228823193089474
SRSF6,0.1807632802246384
SRSF7,-0.029153611842338556
SRSF8,-0.5788331130110702
SRSF9,-0.011890980651096505
SRXN1,-0.6246975690323526
SRY,0.0468449066772757
SS18,0.9516786138040012
SS18L1,0.08650347486803556
SS18L2,0.8226328523587956
SSB,-0.33818963117000483
SSBP2,-0.054438646083408315
SSBP3,-0.7879009932854442
SSBP4,-0.45524675409482596
SSC4D,-0.5581720975468745
SSC5D,-1.0611709438913859
SSH1,-0.20148151886927224
SSH2,-0.006899582319742414
SSH3,-0.9240011046137262
SSMEM1,-0.3300096847518543
SSNA1,0.5347577501884717
SSPN,0.2190576480981209
SSR1,-0.5681411027763197
SSR2,-0.15791360781013797
SSR3,1.3893649626460922
SSR4,0.6057942964459122
SSRP1,-0.6006919988935628
SST,-0.1459565521804569
SSTR1,-0.42449861781029796
SSTR2,0.332778775706996
SSTR3,-0.39089255889517405
SSTR4,-0.35278689094620924
SSTR5,0.7693303826873725
SSU72,0.7309541099258472
SSU72L2,-0.47045259196526024
SSU72L3,-0.7705229272774625
SSU72L5,-0.4673943255558215
SSU72L6,-0.9708574964319965
SSUH2,0.22959643188210263
SSX1,1.565987036893824
SSX2IP,0.026555607108563972
SSX3,0.41937822301690675
SSX4B,-0.7026185368813667
SSX5,-0.5805538247648233
SSX7,-1.6584994449198989
ST13,0.3991146128803864
ST14,0.45088910095170376
ST20-MTHFS,0.6492581383015885
ST3GAL1,-0.5958371270939562
ST3GAL2,-0.339951383679606
ST3GAL3,-0.28675984420693634
ST3GAL4,-0.6324533344515992
ST3GAL5,0.7322641433665293
ST3GAL6,0.5824056157585232
ST6GAL1,-0.15567407253412413
ST6GAL2,-2.1403564426562993
ST6GALNAC1,-0.8890331447618893
ST6GALNAC2,0.8045397872363228
ST6GALNAC3,-0.960293589602052
ST6GALNAC4,-1.1760758262180264
ST6GALNAC5,0.7688100955504927
ST6GALNAC6,-0.6470648057348467
ST7,-0.08014088433347233
ST7L,-0.047686176251218626
ST8SIA1,1.4196895118373216
ST8SIA2,0.267259319670576
ST8SIA3,2.2637820929171477
ST8SIA4,0.12287243662407388
ST8SIA5,-0.3194430474585327
ST8SIA6,-0.5449412873116752
STAB1,-1.0889509514184375
STAB2,0.6317843022992455
STAC,0.6529026893780043
STAC2,-0.1405178207476646
STAC3,-0.32818821096925066
STAG1,-0.09408518522208276
STAG2,0.040663866177125474
STAG3,-0.44777183011883204
STAM,0.09418628307293275
STAM2,1.0307532785073665
STAMBP,0.8758531737153379
STAMBPL1,-0.22254429183780688
STAP1,0.6727248747183803
STAP2,0.501019065682097
STAR,-0.5055787932645512
STARD10,-0.27752194431015464
STARD13,-0.10142787135163955
STARD3,-0.08110552420268657
STARD3NL,0.6578214891275804
STARD4,-0.08748062257213185
STARD5,-0.1301160021841421
STARD6,0.6914676934755521
STARD7,0.12642493868413274
STARD8,-2.0518305492238342
STARD9,0.09218515130873106
STAT1,0.08731266499342549
STAT2,0.17796535340280695
STAT3,0.42133367230686947
STAT4,0.0595010666971365
STAT5A,-0.5241052103628383
STAT5B,-0.05669963558910318
STAT6,0.5678631371535887
STATH,-0.3578276823887857
STAU1,-0.027743862256746965
STAU2,-0.533618309507689
STBD1,0.2018242971641485
STC1,-0.7348354668185666
STC2,-1.5387932532345925
STEAP1,0.44099759313349307
STEAP1B,0.2575417153462809
STEAP2,1.5681412699090038
STEAP3,-0.4190083499420266
STEAP4,-0.5152325941058504
STEEP1,0.2735521751791803
STIL,-0.3153754381696299
STIM1,-0.593114190598814
STIM2,-0.12618839299834672
STIMATE,-0.4835241907941059
STIMATE-MUSTN1,-0.48302928198755724
STING1,-0.6338463589064345
STIP1,-0.08196502497672675
STK10,0.40610338925086165
STK11,0.687396375181698
STK11IP,0.7001746629888259
STK16,0.8398480238252528
STK17A,0.0322816119471776
STK17B,-0.6139270328374797
STK24,-0.9318318280437001
STK25,-0.16152247774526485
STK26,-0.5247929379931939
STK3,-0.24748458258440698
STK31,0.1148527893832949
STK32A,0.3967325741141605
STK32B,-0.7330455545083856
STK32C,-0.1295635920236422
STK33,-0.5059944076304572
STK35,0.2444115578744439
STK36,0.47529578321899524
STK38,0.34123257264169427
STK38L,0.2657249721847452
STK39,-0.24209443536381103
STK4,0.33669067305573774
STK40,-0.1819763489367281
STKLD1,0.12635486250745664
STMN1,-0.4083939696529342
STMN2,-0.24834745471357356
STMN3,-0.1539414983199201
STMN4,-0.4516619707043039
STMND1,0.42779748518244076
STMP1,-0.25730563349932467
STN1,-0.18453734928170773
STOM,-0.4729107648705886
STOML1,-0.3749747470964464
STOML2,0.5193617854751227
STOML3,1.4250421067637555
STON1,-0.3165048159530327
STON1-GTF2A1L,-0.47135629014416586
STON2,0.34247727753269364
STOX1,-0.6254923008140205
STOX2,0.027745046104567406
STPG1,0.02949003607937417
STPG2,0.6441229112257394
STPG3,0.5305149073085424
STPG4,0.8944314779592867
STRA6,0.019920249130826573
STRA8,-1.1364837707618751
STRADA,0.4556085062330024
STRADB,-0.09880715001817841
STRAP,0.3260723163479291
STRBP,-0.505257789604717
STRC,0.5199250226669854
STRIP1,-0.25772729904545644
STRIP2,0.029670548130370067
STRIT1,-0.29590873821052044
STRN,-0.008516600811019348
STRN3,0.0018165582709328554
STRN4,-0.40233205351762624
STS,0.1804679970619314
STT3A,0.45614583023510047
STT3B,-0.1200572608832875
STUB1,-0.12068301454260277
STUM,0.9569737992176395
STX10,0.7029476121634897
STX11,1.0589262339753087
STX12,0.2654545234123784
STX16,0.03877844819044807
STX16-NPEPL1,0.06299008685545049
STX17,0.055817857662390225
STX18,-0.4755710712691097
STX19,1.0123149566352796
STX1A,-0.2366438026149016
STX1B,-0.4598684766365172
STX2,-0.08397897596989723
STX3,-0.2144030268054047
STX4,0.5022064007654987
STX5,0.3660913064411604
STX6,-0.03747993098142377
STX7,0.9213188307587493
STX8,0.25231432087449346
STXBP1,-1.0326584806786792
STXBP2,-0.1049010745059169
STXBP3,0.8341533991824339
STXBP4,0.21502824325011582
STXBP5,0.4833850821061909
STXBP5L,0.07462569743154901
STXBP6,0.07747886665117709
STYK1,0.8940547646635959
STYX,0.10916649845091753
STYXL1,-0.37238679413672227
STYXL2,-0.2515385407133093
SUB1,0.4273113004771423
SUCLA2,0.04674129956073658
SUCLG1,0.5302648188439005
SUCLG2,0.6936285927502606
SUCNR1,0.08515003419596567
SUCO,0.5950888253864175
SUDS3,0.17794120748547293
SUFU,0.3852791696568989
SUGCT,0.18499194468600022
SUGP1,0.1388649184173012
SUGP2,-0.001961196115089159
SUGT1,0.05934662250430778
SULF1,1.1219967598982734
SULF2,-0.2513093901402297
SULT1A1,-0.5078472584095541
SULT1A2,0.293506944477731
SULT1A3,2.2284505401163885
SULT1A4,0.2313262734982413
SULT1C2,-2.1499493958576728
SULT1C3,0.327853420995335
SULT1C4,1.425324421527571
SULT1E1,1.173071128846627
SULT2A1,-0.48479171833301654
SULT2B1,-0.2663112530055022
SULT4A1,-0.8119295274080693
SULT6B1,-0.042439212766038015
SUMF1,-0.3217997371400556
SUMF2,-0.08983474521059254
SUMO1,0.5100860310690072
SUMO2,-0.12357222176628468
SUMO3,-0.6146881689626436
SUMO4,0.05262323286330209
SUN1,0.891897831024036
SUN2,0.2401727155258031
SUN3,1.3144381356849555
SUN5,0.08332376706180378
SUOX,0.30596303426907046
SUPT16H,-0.11192509005467466
SUPT20H,0.18012596612607856
SUPT20HL1,-0.31427908440173175
SUPT20HL2,-1.7899821851350644
SUPT3H,0.09668744554987718
SUPT4H1,0.18458830011009297
SUPT5H,-0.020795235909911725
SUPT6H,0.6079952672092652
SUPT7L,0.2993804926442314
SUPV3L1,0.19583635521340526
SURF1,-0.1242974145358291
SURF2,-0.145978483501096
SURF4,0.10884404283000926
SURF6,0.408733396765407
SUSD1,0.5822289851692064
SUSD2,-1.5455804242033806
SUSD3,-0.6797056072134879
SUSD4,0.49799058603234014
SUSD5,0.10536699360585589
SUSD6,0.5333801737865667
SUV39H1,-0.5403463342736246
SUV39H2,0.04245850876046964
SUZ12,-0.18648230206244332
SV2A,-0.6067247373510603
SV2B,2.0479580518842746
SV2C,0.6975490095143477
SVBP,-0.1570344592577202
SVEP1,0.8840361733206274
SVIL,-0.2766340614585068
SVIP,0.9394956452039558
SVOP,-1.1865307510299563
SVOPL,-0.8889030940190292
SWAP70,-1.3858925998913096
SWI5,0.15966285078803466
SWSAP1,0.11794215554777843
SWT1,0.6045048950321532
SYAP1,1.0652342520705036
SYBU,-0.09953585086221528
SYCE1,1.6021924770589924
SYCE1L,-0.358933122745121
SYCE2,-0.8247714691653592
SYCE3,-0.4825726894580107
SYCN,0.7408985368852758
SYCP1,0.46526136173825383
SYCP2,0.11382365189888244
SYCP2L,0.7411568264700459
SYCP3,0.08855835797299066
SYDE1,0.09477534269728152
SYDE2,-0.5323290746380116
SYF2,0.46831130875550997
SYK,-0.7467386247925227
SYMPK,0.5277437499459565
SYN1,0.3357833345488048
SYN2,0.13680962982140166
SYN3,-0.42289168127685883
SYNC,-0.334444408804109
SYNCRIP,0.023145970302914876
SYNDIG1,-0.157952513161884
SYNDIG1L,-0.252349672032806
SYNE1,1.5206314409310968
SYNE2,0.3361618948627383
SYNE3,-0.4440933650199943
SYNE4,-0.8574801427619672
SYNGR1,-0.6565165465003407
SYNGR2,-0.09412674947915955
SYNGR3,1.0757926455897109
SYNGR4,-0.20479997118019044
SYNJ1,0.294813761293772
SYNJ2,0.05884937168779758
SYNJ2BP,-0.72075665938141
SYNJ2BP-COX16,-0.7050215662924066
SYNM,-0.18947788805122812
SYNPO,1.3367385693402598
SYNPO2,0.7687333902138704
SYNPO2L,-1.4781612802978086
SYNPR,-0.1174938418899294
SYNRG,1.9914971348561739
SYP,0.9089684642038753
SYPL1,-0.10679365129918361
SYPL2,-0.20793707177512988
SYS1,0.43208190115276324
SYS1-DBNDD2,0.376313566124999
SYT1,-0.16950719936880534
SYT10,-0.8892219353932451
SYT11,0.5094208067722981
SYT12,-0.7947492885945635
SYT13,-0.6472805695878387
SYT14,0.8549519545591944
SYT15B,-0.6221172985546923
SYT16,1.0399432557198984
SYT17,-0.3619034081514305
SYT2,-0.1746167999006007
SYT3,-0.8050212565904232
SYT4,0.8021088918722576
SYT5,1.0709839421281757
SYT6,-0.25304690760259163
SYT7,-0.7543787148710768
SYT8,-0.3666675316425567
SYT9,2.8628600117641363
SYTL1,-1.1268698963253563
SYTL2,0.12351462712139732
SYTL3,1.4383333956291566
SYTL4,0.4170518558290697
SYTL5,1.0697730535031862
SYVN1,0.35870057172657255
SZRD1,-0.23084567778414877
SZT2,-0.06528341816352512
TAAR1,1.5659870543197885
TAAR2,0.025311179074774426
TAAR5,0.07331263767947294
TAAR6,0.48033101637012177
TAAR8,-1.6521976111655459
TAAR9,1.5164570664019
TAB1,-0.032104453230639596
TAB2,1.0416911776677222
TAB3,0.8876093540771516
TAC1,0.8566381980419124
TAC3,-1.0578219037722076
TAC4,0.22315925709766304
TACC1,0.1414557162024067
TACC2,-1.1364837738666722
TACC3,-0.6225818657835696
TACO1,-0.6970378868397065
TACR1,1.0694228468678353
TACR2,-0.12844717956107832
TACR3,-0.20609090232251526
TACSTD2,-0.8186226101586576
TADA1,0.16366970357879262
TADA2A,-0.07994896419728392
TADA2B,0.3276639455977648
TADA3,0.4476388195215142
TAF1,-0.11419539690416869
TAF10,0.10292111745777399
TAF11,-0.18791961827575632
TAF11L12,0.025311179074774426
TAF11L13,0.5090975513448848
TAF11L14,0.3815086122881097
TAF11L2,1.8113986842873187
TAF11L3,1.0252431593760778
TAF11L5,0.709554618087914
TAF11L6,0.7026185368813667
TAF12,-0.26651983115288713
TAF13,1.0814522294332423
TAF15,-0.43610212412604943
TAF1A,1.0808075641717343
TAF1B,0.2705715988285453
TAF1C,-0.3177922157842854
TAF1D,-0.26526325594407885
TAF1L,-3.3033910444580425
TAF2,0.34538393007953694
TAF3,-0.2550496582910582
TAF4,-0.1837608651790159
TAF4B,0.25533563489274713
TAF5,0.13074717549902282
TAF5L,-0.01155135721307543
TAF6,0.07903184033260668
TAF6L,0.03352417149659104
TAF7,0.15516838574763625
TAF7L,2.1281091613786707
TAF8,-0.05410791727236042
TAF9B,0.4291698890612481
TAFA1,0.7533623116213983
TAFA2,-0.3080127963352639
TAFA3,0.0682822532123939
TAFA4,-2.0966412201718434
TAFA5,0.8274681049296307
TAFAZZIN,0.03799001715889805
TAGAP,1.0517159090134283
TAGLN,-0.7559006148490346
TAGLN2,-0.003871289550644086
TAGLN3,0.7805778809087379
TAL1,-0.5391786876166247
TAL2,0.8377063164272499
TALDO1,-0.3070786544462143
TAMALIN,-1.0309354530295718
TANC1,-0.14271665923915533
TANC2,0.1641316971323279
TANGO2,-0.1706219448265669
TANGO6,-0.4197978785510941
TANK,3.8401181398451647
TAOK1,-0.1053096072502604
TAOK2,0.04726129740915486
TAOK3,0.26570555760989123
TAPBP,0.16046588648076732
TAPBPL,-0.10694479036720139
TAPT1,0.07253646731117058
TARBP1,0.7718561970157305
TARBP2,0.2906735095016666
TARDBP,-0.050178634419445256
TARS1,-0.13115597732297957
TARS2,0.657404619106879
TARS3,0.3184277437675078
TAS1R1,-0.40451622723208613
TAS1R2,-1.2086455791785857
TAS1R3,-0.2657338411195478
TAS2R1,1.3019229510346155
TAS2R16,-1.966145715781278
TAS2R3,1.050569243341303
TAS2R38,-0.9369340466544167
TAS2R39,-2.1129270312838484
TAS2R4,-1.4257392304744498
TAS2R40,0.24586238564097362
TAS2R41,-0.04355321311455829
TAS2R5,-0.7924639781921642
TAS2R60,-1.4224313153460968
TASL,4.256844012446539
TASOR,0.08211851486582278
TASOR2,0.01633063096811549
TASP1,0.3089435432923531
TAT,-0.04632909311380995
TATDN1,0.45396333041112635
TATDN2,0.5214717922263601
TATDN3,-0.6904593339321705
TAX1BP1,0.3687564719377563
TAX1BP3,0.36949562844687955
TBATA,-0.04172507783968604
TBC1D1,0.5259069800387985
TBC1D10A,0.2717868002592305
TBC1D10B,0.18902181382844008
TBC1D10C,-0.07579539370092281
TBC1D12,-1.3452518169394598
TBC1D13,-0.2318167281115242
TBC1D14,-0.10976930683219788
TBC1D15,0.18598570635425205
TBC1D16,1.3499023954064762
TBC1D17,0.798372965877574
TBC1D19,2.3398850995682388
TBC1D2,-0.27729897263796044
TBC1D20,0.27936820695577547
TBC1D21,0.4336254189008748
TBC1D22A,-0.16254866827272174
TBC1D22B,0.8231104972245307
TBC1D23,0.5705678330555974
TBC1D24,-0.11345064108982772
TBC1D25,0.2723139039271967
TBC1D26,-0.265308982775893
TBC1D28,-0.4411906770785433
TBC1D2B,-0.09271915257284657
TBC1D30,0.2762652939130732
TBC1D31,0.41050427316268356
TBC1D32,0.8701979294929221
TBC1D3K,2.668324682127276
TBC1D4,-0.13783748474488422
TBC1D5,-0.4653534929338159
TBC1D7,0.6569164721373355
TBC1D8,-0.16420114708594813
TBC1D9,-0.5860993890651167
TBC1D9B,-0.7866887348956899
TBCA,-0.12498706757925487
TBCB,-0.10968148288521062
TBCC,0.7125026534622956
TBCCD1,-0.07464206092467807
TBCD,-0.24449906836575375
TBCE,-0.6410757912165339
TBCEL,0.8286424022334962
TBCEL-TECTA,0.8105939715399764
TBCK,0.3747041133853499
TBK1,0.08723303815905181
TBKBP1,-0.6849507624579643
TBL1X,0.24495781972255948
TBL1XR1,0.4929413107934122
TBL2,-0.15044998388322517
TBL3,0.7452014579484092
TBP,0.49475493685273797
TBPL1,0.35518153398203456
TBPL2,-0.4043217948433879
TBR1,0.04938309835278343
TBRG1,-0.10954432825067695
TBRG4,0.4022828479806102
TBX1,-1.0007732572832428
TBX10,0.032460792392571935
TBX15,-1.016580245281927
TBX18,-1.2730760177261922
TBX19,-0.44926586902730264
TBX2,-0.35454977382850494
TBX20,0.18344637161074318
TBX21,-0.09827136712063689
TBX3,0.5483664223739328
TBX4,-1.7007502445271185
TBX5,-0.6221172911215864
TBX6,-0.007651476040244187
TBXA2R,-0.7094964853170327
TBXAS1,1.2959205983756974
TBXT,-0.9848307859217338
TC2N,0.18896605226497631
TCAF1,0.5752038808912803
TCAF2,1.5627242431417854
TCAIM,0.3211941946060435
TCAP,-0.35868359970173835
TCEA1,-0.33521931498443314
TCEA2,0.4835326414244615
TCEA3,-0.5786824160144308
TCEAL1,0.14949510557947895
TCEAL2,-0.9540193757696342
TCEAL3,1.7779244664641403
TCEAL4,-0.9861961823190554
TCEAL5,-0.577390296943172
TCEAL7,-0.46982127363324977
TCEAL8,1.3479037626676729
TCEAL9,1.7382454036694837
TCEANC,1.2148575173581344
TCEANC2,-0.33082681245554246
TCERG1,-0.5547698257604954
TCERG1L,1.021898411598422
TCF12,-0.4353769406522776
TCF15,1.8433096459862295
TCF19,1.173071128846627
TCF20,-1.0379030208508426
TCF21,-1.6868929276701692
TCF23,0.2690137673200956
TCF24,-1.6453028652548776
TCF25,0.37778740604791405
TCF3,0.7584945252929813
TCF4,-0.8238065481383714
TCF7,0.2918497531827331
TCF7L1,0.07655805210144817
TCF7L2,0.1621416801067208
TCFL5,-0.6063292432629992
TCHH,-0.4014730354292583
TCHHL1,-0.12300745625749782
TCHP,-0.615923594616572
TCIM,-0.714189472728554
TCIRG1,-0.7318565129871
TCL1A,0.48956778170997917
TCL1B,-0.8725124118648079
TCN1,0.09624383050452667
TCN2,0.09878072026546036
TCOF1,-0.43600877978146
TCP1,0.30820979213484545
TCP10L,-1.0881090130721853
TCP11,0.38874755305530917
TCP11L1,0.3027108783620469
TCP11L2,0.489989780871007
TCTA,-0.20586593281389387
TCTE1,-0.798851068248654
TCTN1,-0.21458428193481272
TCTN2,-0.3183749970563987
TCTN3,0.307203334109615
TDG,0.1431552170145931
TDP1,0.09338070199373227
TDP2,0.12028813495843682
TDRD1,-0.5867041961217625
TDRD10,-0.9599442160760006
TDRD12,-0.24795655703412972
TDRD15,-1.528270016968838
TDRD3,0.4539114398146964
TDRD5,0.7773243134966503
TDRD6,-0.1362850156250206
TDRD7,0.22662198196454497
TDRD9,-1.3769938034812335
TDRKH,-0.0544089146412734
TDRP,2.4521585095001863
TEAD1,0.5260690484523067
TEAD2,-0.7771983064125562
TEAD3,-0.7027054411707001
TEAD4,-0.08629989045118358
TEC,2.2135945853730368
TECPR1,0.47035953984105205
TECPR2,0.25621205737952835
TECR,-0.2865379863668984
TECRL,-1.8113986842873187
TECTA,1.8870605987180489
TECTB,-2.25239627626134
TEDC1,-0.4068572755826656
TEDC2,-0.7767153099286968
TEDDM1,-1.2518230252132831
TEF,-0.1416527113380468
TEFM,-0.15976996840256819
TEK,-2.0622930518862637
TEKT1,1.4518558450396744
TEKT2,0.17784319203391064
TEKT3,-1.0142620868536723
TEKT4,0.007725945949419444
TEKT5,-0.47651309368204003
TEKTIP1,-0.377586968287416
TEKTL1,-0.8863750913581514
TELO2,-0.35318949223712304
TEN1,0.17006396068030893
TEN1-CDK3,0.17011262814310957
TENM1,2.4924910705049528
TENM2,-0.019695847029405744
TENM3,-1.7202685352717992
TENM4,-0.4385956443283243
TENT2,0.2680091584640367
TENT4A,0.14474319382997303
TENT4B,0.14854571527993965
TENT5A,-0.28303164346183
TENT5B,-0.2906618363415716
TENT5C,-0.1954961013965395
TENT5D,-1.1477599497718525
TEP1,0.27453147564610925
TEPSIN,-0.13395080869458242
TERB1,-1.0307169913905776
TERB2,0.8543323312767254
TERF1,-0.29001755417417163
TERF2,0.6913330451792541
TERF2IP,0.3707817677399676
TERT,-1.488082718874511
TES,1.5329712703066516
TESC,-0.0867232572441703
TESK1,0.02901750538660819
TESK2,0.29302750563425306
TESMIN,-1.1867840425102227
TESPA1,1.2921882038060422
TET1,0.01886507233112389
TET2,0.09306609159633394
TET3,-0.17298611151405563
TEX10,-0.06247905371489937
TEX101,-0.20449706251173505
TEX11,1.7951884199682133
TEX12,-0.605618316729267
TEX13A,0.1312450204998119
TEX13B,-0.5962531888623199
TEX13C,0.37700497962802004
TEX13D,-0.1580212674235767
TEX14,-0.2518093165155517
TEX15,0.7787602141626814
TEX19,-0.0030583120987506263
TEX2,-0.2938042453476575
TEX22,-0.24365911270419316
TEX26,1.2865383741329097
TEX261,-0.4194499674628016
TEX264,0.26230131794727907
TEX28,1.225093939181046
TEX29,-0.9954694222468603
TEX30,0.09055540609532109
TEX35,-0.5051262827281907
TEX36,0.20612519289917475
TEX38,-1.0408689388134622
TEX44,0.16710000421262783
TEX46,-0.5162415833351557
TEX47,0.4084657245371093
TEX48,1.2170155190263297
TEX50,1.7951884199682133
TEX51,-0.04340893183935769
TEX52,-1.2038672034961015
TEX53,0.8707664655677114
TEX54,0.3371594669089957
TEX55,0.48884998561644133
TEX9,-0.2607872244504015
TF,-0.23969212528423833
TFAM,0.21509516838735987
TFAP2A,-0.8479977970399726
TFAP2B,-1.2951463914333825
TFAP2C,-0.6873635657804757
TFAP2D,-0.5116744581415364
TFAP2E,0.29666783881417624
TFAP4,-0.3157595576131018
TFB1M,0.5745303156392993
TFB2M,0.7952529285907945
TFCP2,-0.8005046870774151
TFCP2L1,-0.20345978545612892
TFDP1,0.12681639104769826
TFDP2,-0.9414141361325843
TFDP3,-0.10422458172312377
TFE3,0.8697860865800484
TFEB,1.1614636833388088
TFEC,1.5817487493825235
TFF1,-1.3311686201547483
TFF2,-1.6861206679813683
TFF3,-0.9007129973670361
TFG,0.5923080600180581
TFIP11,0.12438837192442298
TFPI,-0.4541159395908194
TFPI2,-1.1168479527414823
TFR2,-0.8789136110077197
TFRC,0.2753912919460091
TG,-0.7550081336290249
TGDS,-0.1531844274719405
TGFA,0.9022405947911786
TGFB1,0.2159293749497302
TGFB1I1,-1.969350087248869
TGFB2,0.20152810785404293
TGFB3,-0.025552547119769953
TGFBI,-1.4410885753545861
TGFBR1,0.2384191945044658
TGFBR2,-0.058646759562154926
TGFBR3,0.08006447333446376
TGFBR3L,-0.9248990251767535
TGFBRAP1,-0.5103363515121706
TGIF1,-0.49022147392616183
TGIF2,0.5132082103125555
TGIF2-RAB5IF,0.5732842343842184
TGIF2LY,-1.1477599497718525
TGM1,-0.8917996654045695
TGM2,-0.21932943760285284
TGM3,0.055482307354624366
TGM4,-0.5730704491636466
TGM5,0.2890737287894354
TGM6,-0.9350228419832021
TGM7,-2.152443085178387
TGOLN2,0.5358793012144658
TGS1,-0.2509215969268226
TH,-0.8307948881158163
THADA,-0.10372878932530849
THAP1,0.10422669618703884
THAP10,-0.32704526197158446
THAP11,-0.11545803047252345
THAP12,-0.07536979525968057
THAP2,0.33009783657257774
THAP3,-0.14477366122642366
THAP4,0.16639529020118493
THAP5,-0.040705746629723816
THAP6,0.526182926117094
THAP7,-0.3092634970436636
THAP8,0.12005621151982382
THAP9,0.38605652972304805
THBD,0.19108311053401406
THBS1,-0.46854794369030717
THBS2,0.30200113958641917
THBS3,0.2337268889942652
THBS4,0.17997053089842158
THEM4,-2.835315658081722
THEM5,-0.6872242480526741
THEM6,0.1577143182629448
THEMIS2,-0.5412038989296183
THG1L,0.6409949375957089
THNSL1,0.4908696082741486
THNSL2,-0.3773030098061685
THOC1,0.9124329980465755
THOC2,-0.5727667876158198
THOC3,-1.360648102201583
THOC5,0.1033214956707158
THOC6,-0.2931488830748399
THOC7,-0.275041655815385
THOP1,0.586412212895437
THPO,-1.1691435483017043
THRA,0.41843172102423287
THRAP3,0.38940870968516794
THRB,1.6860884466420334
THRSP,-0.2993226387785417
THSD1,0.5889381334569117
THSD4,0.7493272789652444
THSD7A,-0.6057228148842051
THSD7B,0.5454437435156747
THSD8,0.059152795986927575
THTPA,0.7107974631613092
THUMPD1,0.27260046206844457
THUMPD2,0.10260354930406823
THUMPD3,0.27674538007564786
THY1,-0.31744307209785516
THYN1,-0.455614639270443
TIA1,0.24629402891741625
TIAL1,0.2777565714710355
TIAM1,-0.07450329616113338
TIAM2,-0.19140334860576183
TICAM1,0.10433229225612561
TICAM2,0.37152157148375076
TICRR,-0.570715278004938
TIE1,-1.592202911618979
TIFA,0.5105477669360359
TIFAB,1.2160379739526417
TIGAR,-0.18372920990632058
TIGD1,-0.0407475072063197
TIGD2,0.24872210477221146
TIGD3,-0.9040574151791598
TIGD4,0.030057215854057517
TIGD6,0.1034200076678049
TIGD7,0.7875249647845415
TIGIT,-0.13770268439929292
TIMD4,-0.019236271160303353
TIMELESS,-0.5196865065726901
TIMM10,-0.44666677729106086
TIMM10B,-0.9630459263949804
TIMM13,-0.05216274189767933
TIMM17A,0.09182026676208954
TIMM17B,0.37492839597899774
TIMM21,0.05551552039011787
TIMM23,0.47363057560707666
TIMM23B,-0.3868937952660767
TIMM23B-AGAP6,-0.38722150634210584
TIMM29,0.15096308536098402
TIMM44,-0.22640121904011634
TIMM50,0.06986566794954241
TIMM8A,0.21556247388512517
TIMM8B,0.6222862318503548
TIMM9,0.202705275588968
TIMMDC1,0.8233777256715271
TIMP1,2.424188969319963
TIMP2,-1.277402953670189
TIMP3,0.3078452310664054
TIMP4,-1.062705268029411
TINAG,-0.49111498223820615
TINAGL1,-1.1729082786144231
TINCR,-0.2653778923513199
TINF2,-0.4286301465549309
TIPARP,-0.02300317405303942
TIPIN,-0.04121313823478845
TIPRL,0.5229563620834252
TIRAP,-0.3007777401858749
TJAP1,0.5143809300516717
TJP2,-0.1282322601826018
TJP3,0.4667816834539645
TK1,-0.5304082132009045
TK2,-0.11502266681953932
TKFC,-0.5581204400089219
TKT,-0.826383911426368
TKTL1,1.2129020700698905
TKTL2,1.03102950795469
TLCD1,0.40042251198828627
TLCD3A,-0.2585348413813795
TLCD3B,-0.08598644099817099
TLCD4,-0.29548559411163167
TLCD4-RWDD3,0.5208327563054853
TLCD5,0.7782020547823936
TLDC2,-0.5196605498238452
TLE1,0.3272595241257341
TLE2,-0.4173932403503654
TLE3,-0.584962592431364
TLE4,0.3883267410966402
TLE5,0.24171218601404298
TLE6,-0.4359185724301775
TLE7,0.41106240436481956
TLK1,1.5425306189165942
TLK2,2.2811770068017148
TLL1,2.616017164745909
TLL2,0.6889241093687004
TLN1,0.33711053482868314
TLN2,-0.031205749354623613
TLNRD1,0.06736040986801095
TLR1,1.0086558096738745
TLR10,-0.6911859293085278
TLR2,1.2089759237187017
TLR3,-0.6648076734441936
TLR4,0.45734957264842224
TLR5,0.975111809516259
TLR6,1.010298489154642
TLR7,1.5353025101088384
TLR8,-0.3320703769278714
TLR9,-1.682626018266114
TLX1,-0.45792168390112886
TLX2,-0.1405782426232629
TLX3,0.672158683467944
TM2D1,-0.4528346069487301
TM2D2,0.5965903181790697
TM2D3,0.16279359120894643
TM4SF1,-1.394105410664146
TM4SF18,-2.49047894034307
TM4SF19,0.11620316731106406
TM4SF19-DYNLT2B,0.03896123339346946
TM4SF20,0.185490206526133
TM4SF4,-0.6852859688339403
TM4SF5,-0.5973013379707623
TM6SF1,-0.44004717485372735
TM6SF2,-0.5746769800270543
TM7SF2,-0.12770717188074343
TM7SF3,-0.5370128120167914
TM9SF1,0.020211185977100143
TM9SF2,0.9530999756483715
TM9SF3,0.05861003890610572
TM9SF4,0.2310001514758997
TMA16,-0.016476800533164138
TMA7,-0.17445325420807123
TMA7B,-0.8168470160031713
TMBIM1,-0.15158889776031725
TMBIM4,0.1358431494641441
TMBIM6,1.5886444612793194
TMC1,0.030447666729719103
TMC2,-0.6601451088892618
TMC3,-1.355315484889176
TMC5,-1.0834184739451451
TMC6,-0.4947665221051887
TMC7,0.987219198101978
TMC8,-0.43585712419623146
TMCC1,0.007691075346734522
TMCC2,0.33755366013734345
TMCC3,-0.04173127274689335
TMCO1,-0.7844575037152519
TMCO2,-1.4034498884610465
TMCO3,-0.027641973592615887
TMCO4,-0.1372853748301633
TMCO5A,1.223077795140088
TMCO6,-0.41200187558989265
TMDD1,-0.661589985531381
TMED1,0.5143750148470594
TMED10,-0.28029273707625
TMED2,0.338155448900038
TMED3,-0.1130271276504562
TMED4,0.21413042779465385
TMED5,0.46765168621194775
TMED6,0.16303263337896312
TMED7,0.8930851990346108
TMED7-TICAM2,-0.06182371020510713
TMED8,0.3281916689814208
TMED9,0.618825192265297
TMEFF1,0.7067294058909939
TMEFF2,-1.06006264530435
TMEM100,-0.02806891117969934
TMEM101,-0.2561930169897315
TMEM102,-0.19168992311433275
TMEM104,-0.5256424105034192
TMEM106A,-0.5534912142686603
TMEM106B,-0.07766976496479083
TMEM106C,1.0679398787753631
TMEM107,-0.2943817369863839
TMEM108,-1.9193853102098688
TMEM109,-0.5380886237532088
TMEM11,-0.11215373056511391
TMEM114,-0.998227283460079
TMEM115,-0.2001751036129491
TMEM116,-0.27894067485741036
TMEM117,-0.6814174677615998
TMEM119,-0.8316484770037464
TMEM120A,-0.07717616859288823
TMEM120B,-0.6913963964311209
TMEM121,-0.5700874218857727
TMEM121B,-0.3597992692901639
TMEM123,0.7165536942725076
TMEM125,-0.20749928063714107
TMEM126A,-0.07498533375097471
TMEM126B,0.44282960413267514
TMEM127,-0.022677648139017847
TMEM128,0.26853296015082195
TMEM129,-0.3772625544466708
TMEM130,0.90989437908595
TMEM131,0.018469006848944147
TMEM131L,-0.43219724258617154
TMEM132A,-0.42694617828779524
TMEM132B,-0.21109733147118648
TMEM132C,0.18107472518582113
TMEM132D,-0.00874806141784984
TMEM132E,-0.31778869127947934
TMEM134,-0.010866122902751574
TMEM135,-0.6700681720774457
TMEM138,-0.14922240812901366
TMEM139,1.6557246136333137
TMEM140,0.7163785725812515
TMEM141,0.21159612999191424
TMEM143,-0.2271875095323197
TMEM144,0.4803296397275395
TMEM145,-1.1188442729714372
TMEM147,-0.046939688609852315
TMEM14A,-0.39618544867496075
TMEM14B,0.3333421487493693
TMEM14C,0.12090796975989893
TMEM150A,-0.2944119003771526
TMEM150B,-0.4015401266209757
TMEM150C,0.3743483984737042
TMEM151A,-0.8579721714491575
TMEM151B,0.0049029170448764425
TMEM154,0.12428504501860171
TMEM156,1.743537252770084
TMEM158,0.21884972670820046
TMEM160,0.6614166360853679
TMEM161A,-0.4513549528013754
TMEM161B,-0.028438425273265455
TMEM163,0.1564218836874146
TMEM164,-0.04602625896214807
TMEM165,0.2170498310915323
TMEM167A,-0.0533551831990704
TMEM167B,0.18756648165725087
TMEM168,0.19162368061892976
TMEM169,-0.14664372987311736
TMEM17,-0.3354611426485157
TMEM170A,-0.3194545176972805
TMEM170B,0.37660871568173526
TMEM171,-0.615472204415974
TMEM174,0.5259032747001882
TMEM175,0.2839680954533721
TMEM176A,-0.21021128693559266
TMEM176B,-0.5335296770613634
TMEM177,-0.6469344415499605
TMEM178A,0.5417116340314134
TMEM178B,0.6715637240025046
TMEM179B,0.2093176076114034
TMEM18,-0.46480844236115093
TMEM181,0.3796578521558136
TMEM182,-0.19112087090473584
TMEM183A,0.3019564465268112
TMEM184A,-0.7422792743941549
TMEM184B,0.1706497588356497
TMEM184C,0.7275515275819977
TMEM185A,1.6913304618636618
TMEM185B,-0.7447708388514498
TMEM186,-0.33108359675836496
TMEM187,0.3808702128357817
TMEM19,0.27808467572956763
TMEM190,-0.8595168722203548
TMEM191B,0.5819957819481472
TMEM191C,1.9631387204236153
TMEM192,0.1387086379766156
TMEM196,0.04932788432407964
TMEM198,0.08321313344250791
TMEM199,0.06448820270693068
TMEM200A,1.4686551992113386
TMEM200B,-0.14072394607110583
TMEM200C,-1.4874534163803934
TMEM201,-0.4495551767014838
TMEM202,-0.67858044263071
TMEM203,0.33810052117625444
TMEM204,-0.3312319057359996
TMEM205,0.5891769147987833
TMEM207,-2.7496492561853163
TMEM208,0.07374995066317913
TMEM209,0.5302449854091699
TMEM210,0.21698188973675636
TMEM212,-0.1810575132142449
TMEM213,-0.21371311551844085
TMEM214,-0.6622659274931735
TMEM215,-0.10593356305174717
TMEM216,-0.40550625803459306
TMEM217,0.9167620751829499
TMEM217B,0.9144160139914286
TMEM218,0.10405445044975914
TMEM219,-0.22705036224265285
TMEM220,0.1018091746386871
TMEM221,-0.12541643066378255
TMEM222,0.37983491471027
TMEM223,0.11943125298686841
TMEM225,-0.6894019243890452
TMEM225B,-0.015433305395874841
TMEM229A,-1.7092843826063109
TMEM229B,-1.044408370851607
TMEM230,-0.1885593416795559
TMEM231,0.2696362765054212
TMEM232,0.715771923794811
TMEM233,-0.6014034657427059
TMEM234,0.46603556709134386
TMEM235,0.152606220853154
TMEM236,-0.3330882931732244
TMEM237,0.2695117577024573
TMEM238,-0.23500032023522088
TMEM238L,1.4212640759725184
TMEM239,0.37476134463742516
TMEM240,-0.7695295380606557
TMEM241,0.26685097008189473
TMEM242,0.6833212658161976
TMEM243,0.7369140128924783
TMEM244,-0.3574642048618898
TMEM245,0.31869680296820846
TMEM247,1.4352819610973253
TMEM248,-0.1104432691631736
TMEM249,-0.48880994695852564
TMEM25,-0.26206815805787853
TMEM250,0.31798254607248255
TMEM252,-1.1533852189511071
TMEM253,0.16500098357264825
TMEM254,0.951879971073676
TMEM255A,0.21260106981320917
TMEM256,-0.13172203699572949
TMEM256-PLSCR3,-0.13152240830184914
TMEM258,-0.3936733209009735
TMEM259,0.20860305245651123
TMEM26,0.16829001621556633
TMEM260,-0.5263076852893275
TMEM262,-0.3689170785988787
TMEM263,0.5440224041809669
TMEM265,-0.3182069265936469
TMEM266,0.346210494197169
TMEM267,-0.4395245712594482
TMEM268,-0.5016185364041092
TMEM269,-0.28811900012689384
TMEM270,-0.6007617951535653
TMEM271,-2.441920222568942
TMEM272,-0.12636097759327014
TMEM273,0.5503867024693561
TMEM275,-0.7924617653880612
TMEM276,-0.4674127430121491
TMEM276-ZFTRAF1,-0.4493810247401324
TMEM30A,0.838464414238687
TMEM30B,-0.028342282783209258
TMEM31,0.7164539527270191
TMEM33,0.9289583763629958
TMEM35A,-1.9987936513190747
TMEM35B,-0.6644030810133099
TMEM37,-0.6865776664380548
TMEM38A,-0.47791730611120053
TMEM38B,0.14348348329002958
TMEM39A,0.12683691920357854
TMEM39B,-0.22522555713484982
TMEM40,-0.41549717988761553
TMEM41A,0.024777798932650086
TMEM41B,-0.1780771325106052
TMEM42,-0.6559865890921981
TMEM43,0.3409267264990712
TMEM44,-0.42994615201037
TMEM45A,-0.2534941742187249
TMEM45B,0.10044035146660313
TMEM50A,0.42172328965745365
TMEM50B,0.6313594948152135
TMEM51,0.9140418697618831
TMEM52,-0.5753226164838541
TMEM52B,-1.9921410833743785
TMEM53,-0.6268568528882255
TMEM54,-0.2579439145467013
TMEM59,-0.3324426261635778
TMEM59L,-0.5610280522661376
TMEM60,0.3517698305331849
TMEM61,-1.1494856980276489
TMEM62,0.37064151067287543
TMEM63A,-0.936577346934572
TMEM63B,0.03801173584184836
TMEM63C,0.031184106709684634
TMEM64,1.0840669818767945
TMEM65,-0.9779000798244581
TMEM67,0.5955930322111203
TMEM68,-0.2445252258910302
TMEM69,0.48678508988565916
TMEM70,0.17406617965937388
TMEM71,0.31510302211860153
TMEM72,1.6089543774408217
TMEM74,0.5095900622362817
TMEM74B,0.06487271020666352
TMEM79,0.05274584836063312
TMEM80,-0.4103859216928405
TMEM81,-1.190943683595
TMEM82,-0.954565936396461
TMEM86A,1.1251039533785854
TMEM86B,-0.7068079198389525
TMEM87A,0.05384722963161925
TMEM87B,-0.0839438429846977
TMEM88,0.030305744513570154
TMEM88B,-0.10480275078704282
TMEM89,-0.6910693155157481
TMEM8B,0.42534856038599855
TMEM9,0.7187617261301367
TMEM91,0.025593219632524145
TMEM92,0.41802156658437406
TMEM94,0.5717614172151562
TMEM95,0.01175463481274619
TMEM97,-1.440886718148652
TMEM98,-0.798395564423263
TMEM9B,0.31365226622002673
TMF1,0.4928818548773215
TMIE,-1.2753963638905024
TMIGD1,0.26877165966830585
TMIGD2,0.35632900731369044
TMIGD3,0.7908046971599259
TMOD1,0.6141039268375315
TMOD2,0.5020097794310586
TMOD3,0.6662900771486249
TMOD4,-0.24333732631654126
TMPO,-0.38351109881199186
TMPPE,-0.7807542210219882
TMPRSS11A,-1.381169468672246
TMPRSS11B,-0.6286421422742122
TMPRSS11D,1.173071128846627
TMPRSS11F,0.0
TMPRSS12,-0.7644231568594362
TMPRSS13,0.0013778392995531519
TMPRSS2,-0.15763458735876418
TMPRSS3,-0.40142449097693533
TMPRSS4,0.3088821249768542
TMPRSS5,-0.812129205983178
TMPRSS6,-0.3236116861870403
TMPRSS7,0.6719206102507889
TMPRSS9,0.4109445701843798
TMSB10,0.9232907765741876
TMSB15A,-1.8898255051435622
TMSB15B,-0.04521939165030364
TMSB4X,0.273079974636115
TMSB4Y,0.33043916377028126
TMT1A,-1.263166680132771
TMT1B,-0.743274929023145
TMTC1,-0.6937223230601728
TMTC2,2.343427179433758
TMTC3,0.23641756555507865
TMTC4,0.1860892937775045
TMUB1,-0.5136015873999149
TMUB2,0.10504891042881681
TMX1,-0.11166472061466104
TMX2,0.6945624537610016
TMX3,-0.019988225906439006
TMX4,0.3638387960936642
TNC,1.0978360076235827
TNFAIP1,0.03209306540909651
TNFAIP2,-1.4030998393110818
TNFAIP3,0.5712912966832491
TNFAIP6,-0.8777564145663406
TNFAIP8,-0.43652055646755317
TNFAIP8L1,-0.17700397742259577
TNFAIP8L2,-0.3155541833585831
TNFAIP8L3,-1.050419184477706
TNFRSF10A,0.891397802512374
TNFRSF10B,-0.3178230774985624
TNFRSF10C,0.45836851779487975
TNFRSF10D,0.09966760337871206
TNFRSF11A,0.5392486601013233
TNFRSF11B,0.7158282217589742
TNFRSF12A,0.2727866980809345
TNFRSF13B,-0.9946672651765698
TNFRSF13C,-0.09707769591359994
TNFRSF17,-0.7703366833282613
TNFRSF18,1.2200165957132394
TNFRSF19,1.3498967564572968
TNFRSF1A,-0.7195493131684452
TNFRSF1B,-0.5193142974955735
TNFRSF21,-0.624127619055185
TNFRSF25,0.5373444918050629
TNFRSF4,1.2265700412817608
TNFRSF6B,0.4246380126661413
TNFRSF8,0.9649943533695875
TNFRSF9,-0.08799655867875844
TNFSF10,1.4856191464262691
TNFSF11,-0.728423467692389
TNFSF12,0.18596762607482098
TNFSF12-TNFSF13,0.18371589326049131
TNFSF13,0.7881209419863371
TNFSF13B,0.21189596984542547
TNFSF14,-0.11508711773288072
TNFSF15,1.418314235903202
TNFSF18,2.2281200273796777
TNFSF4,0.7034243146342041
TNFSF8,1.0725945327155522
TNFSF9,-0.3655549453605733
TNIK,0.5547349149882352
TNIP1,0.09843910256468003
TNIP2,0.23307958911074023
TNIP3,0.570554007640614
TNK1,0.14595853606198494
TNK2,-0.39948527194192285
TNKS,0.570423839529274
TNKS1BP1,-0.7883197994167319
TNKS2,0.49754339192627484
TNMD,0.0
TNN,0.060290833084422304
TNNC1,-0.9211435156479202
TNNC2,-0.6193750119272501
TNNI1,0.5414725223961552
TNNI2,-1.0203294295178365
TNNI3,0.027513509420269977
TNNI3K,-1.038377732331693
TNNT1,-1.2818361101434252
TNNT2,-1.13663694176757
TNNT3,-0.8560714436900567
TNP1,0.6613840500742967
TNP2,-0.652763791738541
TNPO1,0.09349952879169576
TNPO2,0.6438959196219929
TNPO3,0.006466259947339736
TNR,-0.5130969711258931
TNRC18,-0.08259969137716894
TNRC6A,-1.0118555938233014
TNRC6B,0.6284939650627885
TNRC6C,-0.17217075383058233
TNS1,-0.49520327262752617
TNS2,-0.6028282945044829
TNS3,-0.13508794565401216
TNS4,-0.7498479211065808
TOB1,-0.32745174141310596
TOB2,0.3578520858726515
TOE1,-0.11922132526248053
TOGARAM1,0.8182151704850504
TOGARAM2,-0.015223227268499617
TOLLIP,0.32554520879582904
TOM1,0.5140057330650594
TOM1L1,0.2571436799310487
TOM1L2,0.05007745481626369
TOMM20,-0.26524624096243876
TOMM20L,-1.108215527153203
TOMM22,0.09473932496399096
TOMM34,0.6069694776782604
TOMM40,0.5588557373155143
TOMM40L,-0.48827441942600114
TOMM5,0.31055745961088466
TOMM6,-0.1577896534292753
TOMM7,-0.3163747361868099
TOMM70,0.08680879850342071
TOMT,-0.41754509094090064
TONSL,-0.1539788818931247
TOP1,0.459091273594439
TOP1MT,-0.8964106270127843
TOP2A,-0.21738566852067942
TOP2B,0.7584479911742741
TOP3A,-0.1854301596073209
TOP3B,0.05934823923569188
TOP6BL,-0.11138112537014155
TOPAZ1,0.31805800936522954
TOPBP1,-0.3914776075643629
TOPORS,0.2921063177367458
TOR1A,-0.15015064486619334
TOR1AIP1,0.07716795350531669
TOR1AIP2,0.28481607522177854
TOR1B,-0.3093478269305652
TOR2A,-0.12626524305479325
TOR3A,0.12234710071178378
TOR4A,0.19111868061240134
TOX,-0.0641138473245908
TOX2,0.23250855583210603
TOX3,0.7369682990859927
TOX4,0.2914787473210003
TP53,0.24776854358872846
TP53AIP1,0.5533172358870457
TP53BP1,-0.2393115206660359
TP53BP2,0.2567362429950766
TP53I11,-0.53748350240474
TP53I13,-0.19546940780018307
TP53I3,-0.3594612801815926
TP53INP1,0.4912433642407157
TP53INP2,-0.6253168654078212
TP53RK,0.09997702484160076
TP53TG3D,2.25239627626134
TP53TG5,-0.31128003951136196
TP63,-1.7319869375183208
TP73,-0.3495801226991555
TPBG,-0.2817872080528727
TPBGL,-0.6083219383852089
TPCN1,-0.34760594785936005
TPCN2,-0.55172303669598
TPD52,0.109701934255513
TPD52L1,-1.8795576786321904
TPD52L2,-0.4034961660023968
TPD52L3,0.7132566950421877
TPGS1,0.640075259984699
TPGS2,-0.11802126142933256
TPH1,-0.7719630512764596
TPH2,-0.10927847336873608
TPI1,-0.2431389159008468
TPK1,0.23691612227390335
TPM1,-0.04468621263429323
TPM2,-0.3831312371378399
TPM3,-0.4679842785835434
TPM4,0.08189090427548074
TPMT,0.4555480256435531
TPP1,0.05256634344667388
TPP2,0.3870537514231307
TPPP,0.6993914954344358
TPPP2,0.31784810568601274
TPPP3,0.005882593458178209
TPR,-0.0006910314680284024
TPRA1,-0.6817538271375971
TPRG1,0.23669523014879534
TPRG1L,0.6172986168649897
TPRKB,0.07468070471799715
TPRN,0.3468424447393419
TPRX1,0.5444117216581602
TPRX2,-1.449396028954534
TPSAB1,0.9974132736991312
TPSB2,-1.1554000394724246
TPSD1,1.1004386011446377
TPSG1,-0.12681565980743104
TPST1,-0.28091027887513054
TPST2,1.0288440168273634
TPT1,0.7011270909474665
TPTE,1.173071128846627
TPTE2,0.6855330229541928
TPTEP2-CSNK1E,0.0711949569183139
TPX2,-0.269256452576089
TRA2A,0.3806739544019835
TRA2B,0.4883408241014613
TRABD,0.11523946611095814
TRABD2A,0.9351619764970247
TRABD2B,0.07106055748247025
TRADD,-0.01771327943790668
TRAF1,0.7953982911927162
TRAF2,0.8849090380924507
TRAF3,0.40646835177897467
TRAF3IP1,-0.5492398370539486
TRAF3IP2,0.5679091182964595
TRAF3IP3,-0.03117170443663353
TRAF4,0.4219427691747688
TRAF5,-1.1993326776770838
TRAF6,-0.42666383534384655
TRAF7,0.13125023630573152
TRAFD1,0.7705707699456403
TRAIP,-0.3805982154435674
TRAK1,0.06306932137826005
TRAK2,0.22338639552774797
TRAM1,-0.05256939828500817
TRAM1L1,-1.6391349581116095
TRAM2,0.5573806223925049
TRANK1,-0.4162149265001962
TRAP1,0.01504593220993522
TRAPPC1,-0.22231882695898042
TRAPPC10,0.2455033481217428
TRAPPC11,-0.15302201604593524
TRAPPC12,0.2652701370515853
TRAPPC13,0.46210604697008906
TRAPPC14,-0.24041513892219069
TRAPPC2,1.4542546656157935
TRAPPC2B,0.07504029808256751
TRAPPC2L,-0.035365522484458456
TRAPPC3,-0.01354909889117284
TRAPPC3L,2.3554899513179604
TRAPPC4,0.7407210942443672
TRAPPC5,-0.03273068420476832
TRAPPC6A,-0.11216359685599642
TRAPPC6B,-0.2822231083780107
TRAPPC8,0.5265390018492029
TRAPPC9,-0.48105179781870566
TRARG1,-0.4339919495779717
TRAT1,-0.46499015760904294
TRBV11-2,-1.5272545841209872
TRDMT1,0.021267136223823258
TRDN,0.08293652248638805
TREH,-0.41698629102907325
TREM1,-0.7866524283021088
TREM2,-1.138090625902748
TREML1,0.31845424356280283
TREML2,-1.5908172213245724
TREML4,-0.3851602518437429
TRERF1,-0.5207673768135659
TREX1,-0.9003690370761261
TREX2,-0.09558211621074153
TRH,0.25053636102718135
TRHDE,-0.13306178019868753
TRHR,-0.3036058726052955
TRIAP1,0.33791930302146733
TRIB1,1.741594714692888
TRIB2,1.1713077273983223
TRIB3,-1.6131280982778955
TRIL,-0.8886952089469975
TRIM11,-0.01389477170741138
TRIM13,-0.49074646590987303
TRIM14,-1.3708067887855835
TRIM16,1.4742170303587894
TRIM17,-0.8120727347713501
TRIM2,1.0216955871017017
TRIM21,-0.10404289631294517
TRIM22,2.0414297281590676
TRIM23,0.4694460936009537
TRIM24,0.34137753100051693
TRIM25,-1.125078947679413
TRIM28,0.3654762458042917
TRIM29,0.5072420685925785
TRIM3,-0.6427244555016964
TRIM32,-0.517930777424122
TRIM33,0.17826262494578549
TRIM34,0.09488939985309161
TRIM35,-0.056357942063073097
TRIM36,1.2966649593035
TRIM37,-0.38656952362664576
TRIM38,-0.04183858271448848
TRIM4,0.13664127975441076
TRIM41,0.08904936258930274
TRIM42,-0.12247323365579721
TRIM43,0.6618667532480729
TRIM43B,1.4199065737516507
TRIM44,0.7915633421729753
TRIM45,-0.3295611355264416
TRIM46,-0.6919507498901263
TRIM47,-0.2354540602549826
TRIM48,-2.570758241336751
TRIM49,-1.1219967598982734
TRIM49B,2.275477006985466
TRIM49D1,-2.2362554778789736
TRIM49D2,-0.8709224680077297
TRIM5,0.10142942263097476
TRIM50,0.23758688538102546
TRIM51,2.25239627626134
TRIM51G,-2.0957678197873717
TRIM52,-0.0007895364597425569
TRIM54,-0.5134326953121567
TRIM55,0.12791757405492932
TRIM56,-0.6652539729408824
TRIM58,0.7019741979028961
TRIM59,-0.10680301344447457
TRIM59-IFT80,0.11199890595348982
TRIM6,0.7695725759405037
TRIM6-TRIM34,1.108780147405952
TRIM60,0.3337989870342347
TRIM61,0.1413081859266817
TRIM62,-0.08398464102775693
TRIM63,-0.3326066091800064
TRIM64,0.26774336244578967
TRIM64B,-0.5906129636979971
TRIM64C,-1.3930761730797268
TRIM65,-1.2278979236768404
TRIM66,-0.029836782803272843
TRIM67,-1.2052350779908592
TRIM68,0.7065278892038683
TRIM7,0.06242462556627748
TRIM71,-1.5321271130136587
TRIM72,-0.8542897925877566
TRIM73,1.0793251474147134
TRIM74,1.9652994563524295
TRIM75,1.2248327282396183
TRIM77,1.173071128846627
TRIM8,0.8229772827375434
TRIM9,-0.4335643758519989
TRIML1,0.33140479362869946
TRIML2,-1.5074912263634552
TRIO,0.7811964445733598
TRIOBP,-0.9700636215479961
TRIP10,0.5500730220127674
TRIP11,0.20226503363293524
TRIP12,0.7118038116920897
TRIP13,-1.0740471289209137
TRIP4,-0.03176364602838966
TRIP6,-1.216420808090934
TRIQK,-1.6897888557296044
TRIR,0.31010607528076006
TRIT1,0.43316905271354766
TRMO,-0.29017035901608956
TRMT1,0.28891100053838237
TRMT10A,0.4308608940379699
TRMT10B,-0.11877226710090838
TRMT10C,0.4432825398902076
TRMT11,0.3602087610179965
TRMT112,0.5239585211980136
TRMT12,0.4254254343103363
TRMT13,0.18661109957204003
TRMT1L,0.5985348208664227
TRMT2A,0.07457618655140896
TRMT2B,-0.48326696583106443
TRMT44,0.773663226332863
TRMT5,-0.39453873033100617
TRMT6,0.3416813623642949
TRMT61A,-0.1726178457504699
TRMT61B,0.01364725783130627
TRMT9B,-1.173071128846627
TRMU,-0.30112033957897677
TRNAU1AP,-0.4550734134398504
TRNP1,0.5520248979445663
TRNT1,-0.21597522835242522
TRO,0.44443869869343333
TROAP,-0.5357473762735019
TRPC1,-0.18232695524786946
TRPC3,-0.21071935716754572
TRPC4,-0.4339360689741532
TRPC4AP,-0.18886074334392378
TRPC5,-0.2616281552328861
TRPC5OS,0.46739432003942705
TRPC6,0.17862027844142225
TRPC7,-0.6094859880912217
TRPM2,-0.3693366626705443
TRPM3,-0.7073214342051821
TRPM4,-0.31202219519851593
TRPM5,-0.25633140245361896
TRPM6,-0.9056792782586288
TRPM7,0.30865886352696936
TRPM8,-1.3459085572950844
TRPS1,-0.025763189873579062
TRPT1,-0.3768598562564969
TRPV1,-0.6822313836380343
TRPV2,-0.4070583216807866
TRPV3,-0.5016560898325041
TRPV4,0.24487660677904158
TRRAP,0.6914750090128288
TRUB1,1.111788896139618
TRUB2,0.3386370570838686
TSACC,-0.3120111198919746
TSC1,0.6826924562605355
TSC2,-0.46442117914725367
TSC22D1,-0.4308873288790924
TSC22D2,0.6319755065771879
TSC22D3,1.3407086718115295
TSC22D4,-0.16794072428583506
TSEN15,-0.7398613944609425
TSEN2,-0.40069880406300706
TSEN54,0.09086576770801136
TSFM,-0.23528935615239632
TSG101,0.44258863197846177
TSGA10,-0.26701013058093714
TSGA10IP,-0.3925526131942061
TSGA13,-0.773353801116436
TSHB,-0.03606925863683985
TSHR,-1.1539721576476434
TSHZ1,0.44925061132157706
TSHZ2,2.25239627626134
TSHZ3,0.7676842798712574
TSKS,0.13163300379204435
TSKU,-1.119879733800297
TSLP,0.5540877247147328
TSN,-0.14662142775800513
TSNARE1,0.009152538091372175
TSNAX,0.7787876298284759
TSNAX-DISC1,0.7891569971320096
TSNAXIP1,-0.34210882183132396
TSPAN1,0.007037649818756098
TSPAN10,-0.2163073602850143
TSPAN11,0.23870256937818357
TSPAN12,-3.4696922291553203
TSPAN13,1.4724601882307258
TSPAN14,-0.6584697343461134
TSPAN15,0.6148425200736916
TSPAN16,-0.5036016601840126
TSPAN17,-0.08323945216225237
TSPAN18,0.8324466329845237
TSPAN19,2.015600730188454
TSPAN2,-0.18910218783357013
TSPAN3,0.3889988723556783
TSPAN31,-0.7595134650114151
TSPAN32,-0.3861545197841636
TSPAN33,0.9076828091748959
TSPAN4,0.5542432686353234
TSPAN5,0.11876907271910087
TSPAN6,-1.565987036893824
TSPAN7,-0.21125311952976622
TSPAN8,0.9713136831218703
TSPAN9,-0.34309511760222944
TSPEAR,-0.48402200967867914
TSPO,-0.6433235591286747
TSPO2,-0.7373515907938795
TSPOAP1,0.16572542016727043
TSPY2,-1.778793943730832
TSPYL1,0.7181177863722632
TSPYL2,-0.18303027137302008
TSPYL4,0.6135441975914135
TSPYL5,0.6183102647476462
TSPYL6,-0.8015570364921079
TSR1,0.29558728852149896
TSR2,1.1789899841792233
TSR3,0.3104715705958603
TSSC4,0.040116644215941744
TSSK1B,-0.7532274150273668
TSSK2,-0.2759449537578973
TSSK3,-0.2385064088180231
TSSK4,-0.5093126384297622
TSSK6,0.06833446431333501
TST,-1.4998760779623548
TSTD1,0.07584292466776077
TSTD2,0.3140761488800754
TTBK1,-0.18232879973998029
TTBK2,0.3794805912409065
TTC1,0.163489452107759
TTC12,-0.42203050396928593
TTC13,0.7629699385033373
TTC14,0.5768892886072674
TTC16,-0.2298094989243813
TTC17,0.9535011532961124
TTC19,-0.12824755577739966
TTC21A,-0.025213351751751212
TTC21B,0.15615694703790495
TTC22,-0.8586592897239658
TTC23,-0.33540055006051306
TTC23L,-0.5141704006571859
TTC24,-0.3872376240377744
TTC27,-0.33905269195004584
TTC28,1.1659676852241674
TTC29,-1.0411246828714675
TTC3,-0.02727279422871609
TTC31,0.422668016305046
TTC32,0.7110582584372098
TTC33,0.5253866165757772
TTC34,-1.7538166518977771
TTC36,-0.8236144644209293
TTC38,-0.9044001481586988
TTC39A,-0.0725580184538086
TTC39B,-0.4676359078474219
TTC39C,-0.2671905972516433
TTC4,-0.1149671473607512
TTC5,2.5481438659650344
TTC6,-0.0459252613404344
TTC7A,0.15810717094118365
TTC7B,-0.4345140634986311
TTC8,0.7013119029705184
TTC9,0.981558085831225
TTC9B,0.4032094454787496
TTC9C,0.5495425576967126
TTF1,-0.88621824428275
TTF2,-0.20566752873655236
TTI1,-0.016008403325177945
TTI2,0.0067741019908797995
TTK,-0.8492689869538577
TTL,-0.44603338191742914
TTLL1,-0.3485808641653074
TTLL10,-0.004686620782707429
TTLL11,0.41492026416100347
TTLL12,-0.438989744887635
TTLL13,-0.4109612572900045
TTLL2,-0.8712680009090509
TTLL3,-0.336952319000853
TTLL4,0.22572857486066278
TTLL5,-0.16213837369323264
TTLL6,1.4405732402163798
TTLL7,0.3313462209526804
TTLL8,0.49020426938995504
TTLL9,-0.86291756323972
TTN,-0.8544618131057764
TTPA,0.6474284701963609
TTPAL,-0.45680929320084207
TTR,0.6269315091370817
TTYH1,-0.8353743688716113
TTYH2,-0.8372965235767855
TTYH3,-0.10303536360917898
TUB,-0.7842829170152117
TUBA1A,-0.21555501486146245
TUBA1B,-0.16671304408294274
TUBA1C,-0.18486229061835813
TUBA3C,-1.0419409660051262
TUBA3D,0.20424877997556312
TUBA3E,-0.4888778493373984
TUBA3FP,1.0474739485505382
TUBA4A,0.9680252069521917
TUBA4B,0.9832915606113695
TUBA8,-0.7771832341830728
TUBAL3,0.4904508698640374
TUBB,0.7705229272774625
TUBB1,-0.45957120090342407
TUBB2A,0.1778184068456896
TUBB2B,0.3535510123287212
TUBB3,-0.20572227139838906
TUBB4A,0.20514470737909796
TUBB4B,0.3277325650659577
TUBB6,0.5263088648637769
TUBB8,1.0793239527527443
TUBB8B,0.4163858782498707
TUBD1,0.2101204739301581
TUBE1,0.46633902740584054
TUBG1,-0.2219215165969648
TUBG2,-0.3500397572352896
TUBGCP2,0.4018902333870647
TUBGCP3,-0.4195418339765551
TUBGCP4,-0.2780054635147642
TUBGCP6,-0.051458931371402006
TUFM,0.46212177185215664
TUFT1,-0.3657323823572616
TUG1,0.4242465351280802
TULP1,0.03349061531831854
TULP2,-0.07697531993815887
TULP3,-0.6203642559716638
TULP4,0.32017185877405674
TUNAR,0.8105658865721436
TUSC1,-0.6247437367274682
TUSC2,0.03533757235452617
TUSC3,-1.9274960191604913
TUT1,-0.08485460977344772
TUT4,-0.21106173240465953
TUT7,0.2308169205830266
TVP23A,5.613776620791821
TVP23B,0.09572207677677724
TVP23C,1.104277022840551
TVP23C-CDRT4,1.1105064429991125
TWF1,1.0235817868297161
TWF2,-0.2354467948875505
TWIST1,0.07246477733638301
TWIST2,-1.6402314830390194
TWNK,-0.13151898434441867
TWSG1,0.07544309627893409
TXK,0.3651090946319453
TXLNA,0.0026230795258173067
TXLNB,0.6852967200964253
TXLNG,-0.3859949856246061
TXN,-0.33338873297742255
TXN2,0.06494264263471239
TXNDC11,0.18645003937681182
TXNDC12,-0.05720260067699545
TXNDC15,-0.38500557091748044
TXNDC16,0.1483587045483179
TXNDC17,0.2828120741303728
TXNDC2,-0.3039068394205239
TXNDC5,-0.46176906425765396
TXNDC8,-0.5503355962780813
TXNDC9,0.4926363673563827
TXNIP,-0.0054571086696602045
TXNL1,0.44786068642902155
TXNL4A,-0.07354764889915133
TXNL4B,0.31536551147120573
TXNRD1,-0.25517253592432515
TXNRD2,0.0582996269956797
TXNRD3,-0.8513060151540197
TYK2,0.7994055326422194
TYMP,0.6691094913508945
TYMS,0.22002122128729162
TYR,1.542872540294187
TYRO3,0.15180422525600323
TYROBP,-0.1540582416946139
TYSND1,-0.37683179915634657
TYW1,0.3797499932361168
TYW1B,0.11634030736659984
TYW3,1.0524131912847738
TYW5,0.034280245033405876
U2AF1,1.9209546505850263
U2AF1L4,0.6523490766704034
U2AF2,0.19212989279584214
U2SURP,1.7169096980845842
UACA,0.9083965839696001
UAP1,-0.22824907679071238
UAP1L1,0.15716244958775238
UBA1,-0.1235458269078511
UBA2,0.0601679393618233
UBA3,0.4041172782093314
UBA5,0.3794788565706835
UBA52,0.17754931028172827
UBA6,0.3996229013351189
UBA7,-0.49169658121507576
UBAC1,0.7797182201504798
UBAC2,0.635863510776495
UBALD1,0.3024683482086714
UBALD2,-0.09462215495118853
UBAP1,0.1461369471821503
UBAP1L,0.09299382535204437
UBAP2,-0.15369229772209714
UBAP2L,0.5078912126600912
UBASH3A,-0.3128079797032375
UBASH3B,0.3216105057951566
UBB,0.11422863808408357
UBC,0.29093103978753154
UBE2A,-0.319064718621494
UBE2B,0.44047229286729594
UBE2C,-0.05247029590560759
UBE2D1,0.09029731991213752
UBE2D2,0.9409401694443249
UBE2D3,0.278729800699713
UBE2D4,-0.8501351556754653
UBE2E1,1.4543312569104065
UBE2E2,0.2633144617842038
UBE2E3,-0.1832642170663752
UBE2F,1.2072196784867089
UBE2F-SCLY,1.1548490531002649
UBE2G1,-0.20292063109884229
UBE2G2,-0.13885215075553692
UBE2H,0.537662771296187
UBE2I,0.9494793811797346
UBE2J1,-1.0188917684684045
UBE2J2,-0.35072370057889657
UBE2K,-0.003943653858524243
UBE2L5,-0.3343615516591971
UBE2L6,-0.07350728591038447
UBE2M,0.6489360920868301
UBE2N,-0.0427644796430342
UBE2O,0.12554460304676063
UBE2Q1,0.04342301337327781
UBE2Q2,-0.33773829680759837
UBE2QL1,0.37005503135623125
UBE2R2,0.4518318344147838
UBE2S,0.1309122387933228
UBE2T,-0.34081633880137474
UBE2U,1.6401952700452462
UBE2V1,-0.2510805991808889
UBE2V2,-0.1150944291008611
UBE2W,0.003576122679839866
UBE2Z,0.325889602242484
UBE3A,0.23419462288867576
UBE3B,-0.4118460748021424
UBE3C,-0.296082871443486
UBE3D,0.3871032830287324
UBE4A,-0.06332110498794075
UBE4B,0.011607336153453218
UBFD1,0.20301509290403708
UBIAD1,-0.08347831452156917
UBL3,0.672743495226952
UBL4A,0.10610337904302236
UBL4B,-1.2162091314769459
UBL5,-0.06521008275655005
UBL7,0.4669574598716011
UBLCP1,0.24286362384526505
UBN1,0.7178664968963164
UBN2,-0.0029939757374730647
UBOX5,-0.21502021378635972
UBP1,0.11408178835865135
UBQLN1,-0.007342269296843895
UBQLN2,-0.11207677094854107
UBQLN3,0.03297739929800447
UBQLN4,-0.34294396701557384
UBQLNL,-0.8664949639707151
UBR1,0.1407801855212627
UBR2,-0.13587308102086615
UBR3,0.49156759353399426
UBR4,-0.03335342434162358
UBR5,-0.027618542812180902
UBTD1,-0.08018974152583702
UBTD2,0.7779342589405764
UBTF,0.3661509884102916
UBTFL1,1.4874534163803934
UBXN1,0.04767763759023502
UBXN10,0.07196665148177184
UBXN11,-0.4871817131768048
UBXN2A,0.20798962458148473
UBXN2B,0.9667116367314363
UBXN4,0.09399102564578854
UBXN6,0.35265129880390833
UBXN7,0.18570005523354105
UBXN8,0.59721353392976
UCHL1,-0.07348070164413334
UCHL3,-0.4682725536615351
UCHL5,0.29551566414743746
UCK1,-0.504336889634716
UCK2,-0.7918040756127587
UCKL1,-0.1073653786288915
UCMA,0.011712287641972796
UCN,-0.2719094009815386
UCN2,-1.5434182485435
UCN3,0.8178390949592376
UCP1,0.20968337263400594
UCP2,-0.6180527783415783
UCP3,-0.695102042489496
UEVLD,1.958701242448956
UFC1,-0.05420956807038335
UFD1,-0.03388786065220195
UFL1,0.38498946651804467
UFM1,0.5374065081431034
UFSP1,-0.2007420698834328
UFSP2,0.025544005211783016
UGCG,0.8600152817156506
UGDH,-0.7180498180221855
UGGT1,-0.17412148474218236
UGGT2,-2.862860001125391
UGP2,-0.12246207136868037
UGT1A1,-0.046869581547070216
UGT1A10,0.2559153974263959
UGT1A3,-0.49171856506424233
UGT1A4,-1.0934721292034901
UGT1A5,-1.034049759273597
UGT1A6,-0.29521099741376944
UGT1A7,-0.05075338715239286
UGT1A8,-0.6383275554406918
UGT1A9,-1.8113986842873187
UGT2A1,0.3039074579238634
UGT2A2,1.173071128846627
UGT2B11,-1.565987036893824
UGT2B28,-1.173071128846627
UGT2B4,-0.6718414619385373
UGT2B7,0.16881951226985126
UGT3A1,-1.2571875460753823
UGT3A2,-1.0198310047131498
UGT8,-0.8387951430459166
UHMK1,-0.2364361238658481
UHRF1,0.5838605083179951
UHRF2,-0.43149947356836815
UIMC1,0.17110531954822994
ULBP1,-0.8487654912429359
ULBP2,-0.3152010272743344
ULBP3,0.07982677326460419
ULK1,-0.3481385358435731
ULK2,0.6544528154428556
ULK3,-1.2227330674600503
ULK4,-0.1492294066903268
UMAD1,0.016871054789775908
UMOD,-1.6320104375195101
UMODL1,-0.9392245735636933
UMPS,0.1892916259637336
UNC119,-0.04856496241592345
UNC119B,0.09769244617647121
UNC13A,-0.5043168493693517
UNC13B,0.006899846253167419
UNC13C,-1.498809162577984
UNC13D,-1.251011094142561
UNC45A,-0.5808963735379402
UNC45B,-0.3333525699794969
UNC50,0.2893232876716878
UNC5A,0.34441777387828953
UNC5B,0.19369536985374847
UNC5C,0.759358095205887
UNC5CL,-0.7396714927598669
UNC5D,-3.058903844593358
UNC80,-1.404397432852959
UNC93A,-1.6261876506274013
UNC93B1,-0.4610462690299797
UNCX,-0.6520779299960087
UNG,-0.07831026755153747
UNK,0.07150694231117694
UNKL,0.10775241111722411
UPB1,-0.2502980295706123
UPF1,-0.06577121638088457
UPF2,0.27555954641595903
UPF3A,0.2647226994724807
UPF3B,0.20119687660138563
UPK1A,-0.07857092327638895
UPK1B,-1.225817937121104
UPK2,-0.1268398924486509
UPK3A,0.8912685744989468
UPK3BL1,1.6222031953580156
UPK3BL2,0.42853447851668114
UPP1,0.5137499060581237
UPP2,-0.17103592791976707
UPRT,0.43656442721002264
UQCC1,0.36986041332190833
UQCC2,-0.6409024654454749
UQCC3,-0.1427890556829987
UQCC4,0.5342280831467989
UQCC5,-0.7614817291992302
UQCC6,0.14186940249743518
UQCR10,0.35051041580785336
UQCR11,-0.12298718750136928
UQCRB,0.5885574830563653
UQCRC1,-0.7054509708597787
UQCRC2,-0.15211483065314546
UQCRFS1,-0.43930953240895043
UQCRH,0.3530105256255558
UQCRHL,0.18807247933503318
UQCRQ,0.3728044025905226
URAD,-0.15419222647450262
URB1,0.08519683270270573
URB2,-0.01886801219434986
URGCP,-0.8469758867423667
URGCP-MRPS24,-0.2970591797264759
URI1,0.4492980701023854
URM1,-0.24625041201760522
UROC1,0.6784108501927674
UROD,-0.37385909772929304
UROS,0.0669376254556644
USB1,-0.543806594470555
USE1,0.22867281018685492
USF1,0.1408409123576071
USF2,-0.15853955083874016
USF3,0.15317028514043907
USH1C,-0.5673534369046674
USH1G,-0.08761618843455998
USH2A,-1.4767141609131156
USHBP1,-0.1975493161841344
USO1,-0.18028012480951316
USP1,-0.1383203773234305
USP10,0.4852713190829814
USP11,0.09057230772212188
USP12,1.0685832284709427
USP13,-0.03792278958571105
USP14,-0.04167492340182655
USP15,-0.05575277614780916
USP16,0.9677360446199104
USP17L1,0.7967177880777707
USP17L2,-1.6848636474877332
USP17L24,0.3048567788098535
USP17L4,0.47045259196526024
USP17L7,1.0695058411333376
USP18,0.47484534814276436
USP19,-0.412975415210751
USP2,-0.13037989037688025
USP20,-0.07530890088983844
USP21,0.26222776774316925
USP22,0.5649399666044026
USP24,-0.6246481858656718
USP25,-0.09117735127896887
USP26,-1.173071128846627
USP27X,0.836328841814947
USP28,0.1948433733047663
USP29,0.3373956412521115
USP3,-0.4436862174620768
USP30,-1.243150283417242
USP31,0.8907502682788224
USP32,-1.3088432225262394
USP33,0.18773717163359516
USP34,-0.1883395602614284
USP35,0.2037702597022677
USP36,-0.3794287342654732
USP37,0.5934858730406578
USP38,0.6697734604252621
USP39,-0.4711977566238903
USP4,-0.5740300650495707
USP40,0.6579260886864662
USP42,0.19333415891051553
USP43,1.2039090778525208
USP44,-0.9523699303370274
USP45,-0.22725416200132909
USP46,-0.5139140574414429
USP47,0.22440280067621554
USP48,0.9121473605817716
USP49,0.434922544283614
USP5,0.21603615948049448
USP50,0.7705186444307729
USP51,0.580473200087229
USP53,0.08555547054601442
USP54,-0.213502941862314
USP6,0.024062860136694564
USP6NL,0.8296516811297547
USP7,-1.6981831479869964
USP8,0.15361590760489285
USP9X,0.12238576131842782
USP9Y,-0.12558622830209998
USPL1,-0.26332594235665896
UST,-0.20104710891543776
UTF1,-0.7368135977539074
UTP11,-0.5292074290740558
UTP14A,0.3988067143483902
UTP14C,-0.2988232372375086
UTP15,0.09294227435476055
UTP18,0.14443535979142474
UTP20,0.00318251390781632
UTP23,0.19741691651940174
UTP25,0.8740234601723569
UTP3,0.3964123458741913
UTP4,-0.1695975523334221
UTP6,0.4175542129689651
UTRN,0.5215192501383179
UTS2,-0.5303134919961765
UTS2B,0.3670694771995333
UTS2R,0.7707083692506328
UTY,1.0730109348024306
UVRAG,0.8145309260115474
UVSSA,0.5497063228612968
UXS1,0.4727034373239283
UXT,0.454123323333538
VAC14,-0.590059828781063
VAMP1,-0.20190865470444708
VAMP2,-0.26013859758520086
VAMP3,0.9888346965215125
VAMP4,-0.1244380459697787
VAMP5,-0.6073291671285612
VAMP8,0.37071463150653283
VANGL1,-1.1430930622598345
VANGL2,-0.46993481364179435
VAPA,-0.08859906894897662
VAPB,0.15940637329568164
VASH1,0.004772016103494647
VASH2,-0.19762438212854416
VASP,0.11483969895419088
VAT1,-0.247013329601953
VAT1L,-0.7782804527406079
VAV1,-0.2840201444023607
VAV2,-0.4383156729031781
VAV3,-1.1950417044804058
VAX1,-0.45456652702609623
VAX2,-0.5875612695117582
VBP1,0.317937948459742
VCAM1,3.286520685226688
VCAN,1.351500125873479
VCF1,-0.020360155619257636
VCF2,1.1027593917978016
VCL,0.48483001987626095
VCP,-0.10549076820137504
VCPIP1,0.06384435873246375
VCPKMT,-0.11752434097121256
VCX,-2.3621078269487663
VCX2,-1.8113987234876088
VCX3B,1.173071128846627
VCY1B,0.6313594948152135
VDAC1,0.19257886414879266
VDAC2,0.27241115589755616
VDAC3,-0.3295318050452001
VDR,-0.3009434865046816
VEGFA,-1.1280281728760213
VEGFB,-0.35171236838673314
VEGFC,-0.4733203647904425
VEGFD,1.0180129045119262
VENTX,-0.5592090044957114
VEPH1,-0.27884905280987543
VEZF1,0.029662235547950555
VEZT,0.34964651040807126
VGF,0.00979842493843952
VGLL1,-0.15063374714711314
VGLL2,-0.21374676845194396
VGLL3,-1.9113676197335394e-08
VGLL4,-0.5671101514324208
VHL,-0.033087240614918745
VHLL,-0.18571466667281755
VIL1,-0.2990088350578428
VILL,-0.8276982817826117
VIM,-0.04569147778302618
VIP,1.9583963777107904
VIPAS39,0.019437501967780157
VIPR1,0.02354653244717897
VIPR2,-0.512310662537768
VIRMA,0.510861205663883
VIT,-0.84515927165307
VKORC1,0.3351745776335453
VKORC1L1,0.10441679737705911
VLDLR,-2.0592269658091746
VMA21,0.29357166450572336
VMAC,-0.11499031485878852
VMO1,0.2865487446139484
VMP1,-0.1421850698596181
VN1R1,-0.23975409091068434
VN1R2,1.726775609768605
VN1R4,1.173071128846627
VN1R5,0.1368416598727834
VNN1,0.9449646935194067
VNN2,-0.043721414532416236
VOPP1,1.073086056178074
VPREB1,-1.6043754589563544
VPREB3,-0.04611346586386911
VPS11,0.24226273081120464
VPS13A,-0.12233297381230601
VPS13B,0.9059015382287594
VPS13C,-0.10356098829016425
VPS13D,-0.6193919840445057
VPS16,0.6721343254088168
VPS18,-0.23244902113551769
VPS25,-0.5362099568583272
VPS26A,0.21166384034273245
VPS26B,0.04524957688748543
VPS26C,-0.0292018484193326
VPS28,0.0
VPS29,0.15224240776883047
VPS33A,0.4319061667022033
VPS33B,0.06331476683806825
VPS35,-0.022653687777422604
VPS35L,-0.2837648511571311
VPS36,-0.034149572301694686
VPS37A,1.162821429177641
VPS37B,-1.2433098606128774
VPS37C,0.21543839986469449
VPS37D,0.09164841866957696
VPS39,0.13099231400682054
VPS41,-0.02391268038485128
VPS45,0.2849039942475824
VPS4A,-0.3424358001309833
VPS4B,0.36221722210997376
VPS50,0.8105939989593725
VPS51,-0.3637027336891552
VPS53,-0.28818805289841287
VPS54,0.17135483747435964
VPS72,0.5133325297149307
VPS8,-0.5193348856347344
VPS9D1,0.5196914856017782
VRK1,-0.058554816888901406
VRK2,0.5749515043683648
VRK3,0.2157660214958126
VRTN,-1.1549716415285256
VSIG1,1.083700941288171
VSIG10,-0.5966199417389966
VSIG10L,-0.3718222079303405
VSIG10L2,-0.9285430100415673
VSIG2,-0.5524343462368868
VSIG4,-0.6218058161791982
VSIG8,-0.20155776647844137
VSIR,-0.6865785777949214
VSNL1,-1.527254566220846
VSTM2A,0.6383275554406918
VSTM2B,0.8679802809082603
VSTM2L,-0.23558463247255843
VSTM4,1.5222451695175396
VSTM5,-1.2408902860252073
VSX1,-0.48112700983348855
VSX2,0.16642583243690878
VTA1,1.2124931663422376
VTCN1,0.208587201252759
VTI1A,-0.44550640392885477
VTI1B,0.14814333874415775
VTN,0.9853657815597971
VWA1,-0.8677502907288768
VWA2,-0.21768124760794905
VWA3A,-0.7637680797005886
VWA3B,-1.0815132760028572
VWA5A,0.3405816639750612
VWA5B1,1.3833884800066398
VWA5B2,0.10309340058620364
VWA8,-0.26142094337529365
VWC2,-1.3194199416583259
VWC2L,1.1406643018343512
VWCE,-0.4850536148673543
VWDE,0.6511504427148178
VWF,0.08488898780304778
VXN,0.7448605349309765
WAC,0.292358438259988
WAPL,-0.03996819240459537
WARS1,0.4615065440242705
WARS2,-0.043662024420391354
WAS,0.18259422955811555
WASF1,0.16591860090808508
WASF2,-0.39038060147367704
WASF3,0.48003331827398893
WASHC1,0.7940603840694855
WASHC2A,0.3917550473288162
WASHC2C,0.16960158811018422
WASHC3,1.6901753691179158
WASHC4,-0.27609450871483876
WASHC5,0.2894045754962917
WASL,0.3775473728812657
WBP1,0.91031290901631
WBP11,0.033407091451310045
WBP1L,0.05621348860839781
WBP2,-0.23904588040774888
WBP2NL,-0.3884681294128047
WBP4,0.14075412072641313
WDCP,-0.30396196075382886
WDFY1,0.2751388973404605
WDFY2,-0.025645540184853655
WDFY3,0.1370877979736177
WDFY4,-0.5500602459820508
WDHD1,-0.3269214764549142
WDPCP,0.05097853319724599
WDR1,-0.027681922227027478
WDR11,1.0983145134835717
WDR12,0.7612750075181878
WDR13,0.7622720357935631
WDR17,0.9324441886240473
WDR18,-0.2106250440131674
WDR19,0.38157115681485965
WDR20,0.1366575257010294
WDR24,-0.023944330547161385
WDR25,0.3902753121865139
WDR26,0.6137990535451687
WDR27,0.27609104915952676
WDR3,1.0074296117387909
WDR31,-0.08360527473078117
WDR33,0.34001256250176404
WDR35,1.7029731025421402
WDR36,-0.15195096255128338
WDR37,-0.1808623642408298
WDR38,-0.5687312731484913
WDR4,0.15124925379496723
WDR41,1.8431136599823286
WDR43,-0.22658333482850423
WDR44,0.5142442391823279
WDR45,0.11647186978315505
WDR45B,0.5178537017448588
WDR47,0.5003792478273477
WDR48,0.963322548875114
WDR49,-0.6707763028486114
WDR5,-0.10677665410929027
WDR53,-0.145253203086666
WDR54,0.1627956410054423
WDR55,0.18100597377844263
WDR59,0.4196041360157019
WDR5B,0.6210676857963295
WDR6,-0.7920564977493485
WDR62,0.12077958165417835
WDR64,-1.0283787321473297
WDR7,0.44647683274311056
WDR70,0.12982893318968558
WDR72,0.43594421868127475
WDR73,0.036248122716895814
WDR74,-0.2379871024373248
WDR75,0.4779061905620794
WDR76,-0.8282335923006316
WDR77,-0.5460309262513081
WDR81,0.9857918515295441
WDR82,-0.35752211019101754
WDR83,0.4912323523976707
WDR83OS,0.4707126096102292
WDR86,0.7278253941833231
WDR87,0.4267677397383931
WDR88,-0.43868645892734537
WDR89,0.3997770345888956
WDR90,-0.5712306767874673
WDR91,0.22665971092678294
WDR93,-0.007758823100865397
WDR97,-0.05629723284917865
WDSUB1,-0.6413663456573784
WDTC1,-0.6583488550501264
WEE1,0.24623870246567048
WFDC1,0.6071126288041511
WFDC10A,-0.833874911719071
WFDC10B,0.28975207334766545
WFDC11,0.4290744045063748
WFDC12,0.6155206048027604
WFDC13,0.9382505655051002
WFDC2,-0.5562655178878044
WFDC3,0.2127185755172687
WFDC5,0.716545402519322
WFDC6,1.4440092531274569
WFDC8,-1.127525261672949
WFDC9,-0.5887847233337028
WFIKKN1,0.3881841012607714
WFIKKN2,-0.3147806430655899
WFS1,0.3740009521007487
WHAMM,0.5867146562075898
WHRN,1.5616581791884707
WIF1,-0.23752834923965577
WIPF1,0.41931151578377457
WIPF2,0.19739365226596295
WIPF3,-0.9003390053044726
WIPI1,0.6992927742870747
WIPI2,-0.08752686228867024
WIZ,-0.3973449407863192
WLS,2.0519580336056524
WNK1,-0.0318273136158993
WNK2,-0.7225629696966782
WNK3,-1.8858361561311638
WNK4,-0.6130328523225557
WNT1,-0.7480348194580291
WNT10A,0.6309552010166841
WNT10B,-0.25125448698000064
WNT11,-0.5706860028770188
WNT16,-0.29193115923617996
WNT2,0.0
WNT2B,0.6006536539561826
WNT3A,-0.4142896530740804
WNT4,0.42948721687892977
WNT5A,0.22398332876132065
WNT5B,0.5654150207798179
WNT6,0.5464494915828236
WNT7A,-1.4665945376811862
WNT7B,-1.202535344679959
WNT8A,-0.3052422975205651
WNT8B,-0.6825580921705859
WNT9A,0.010487120192051225
WRAP53,0.14381094977705988
WRAP73,-0.29676417576335357
WRN,0.7169820745353741
WRNIP1,-0.1752280440518521
WSB1,0.34131747172701266
WSB2,0.17193597728829269
WSCD1,-1.33917049479219
WSCD2,-0.4433024712100717
WT1,0.36333636942686065
WTAP,-0.2015763574894467
WTIP,0.2519465597784445
WWC1,0.860053058671058
WWC2,0.5017238346646954
WWC3,1.0220757684365245
WWOX,0.6369035284333413
WWP1,0.07048423248548197
WWP2,0.128655552544497
WWTR1,2.0882669770087015
XAB2,0.7907349372777497
XAF1,0.7658964221747495
XAGE2,0.2697358500047573
XAGE3,-0.06750699293384521
XAGE5,-0.6756314824005992
XBP1,-0.9027601581153619
XCL1,1.2198152761137802
XCL2,1.6425860522908426
XCR1,-0.39162902776636455
XDH,0.2042552852724724
XIAP,0.5567581831642134
XIRP1,0.48850192544791193
XIRP2,0.6972059595123747
XK,0.0
XKR3,-0.21964818166996447
XKR4,-0.9706602829990066
XKR5,-0.8144082536419079
XKR6,1.1890065881844047
XKR7,0.011392200762419868
XKR8,-0.14693208995071272
XKR9,0.024719761060909784
XKRX,-0.4488719830957113
XNDC1N,-0.018424364302905616
XNDC1N-ZNF705EP-ALG1L9P,-0.017370089559961777
XPA,0.08709909066638089
XPC,0.42740721723997943
XPNPEP1,-0.20071304782776966
XPNPEP2,-1.4601470428597305
XPNPEP3,0.370244745008411
XPO1,-0.4924274036419991
XPO4,-0.11922141364413497
XPO5,-0.3202653809761209
XPO6,-0.047681426007097016
XPO7,0.280585016621242
XPOT,-0.5774348441724686
XPR1,-0.14887686189197247
XRCC1,-0.30182715383729797
XRCC2,-0.07967302604690163
XRCC3,-1.2941357725413924
XRCC4,-0.04158508013168216
XRCC5,0.46934875607420534
XRCC6,0.11685603359540009
XRN1,-0.4409963060290081
XRN2,0.8054943646364379
XRRA1,-0.030275071803465003
XXYLT1,-0.7261721589824406
XYLB,-0.6909826937964691
XYLT1,-0.22464768952024816
XYLT2,-0.5717570191344583
YAE1,0.3650759473055396
YAF2,0.7962060501169506
YAP1,1.336218001690191
YARS1,-0.1403905714774023
YARS2,0.03887320167420194
YBEY,-0.18645412621570978
YBX1,-0.25089913455957635
YBX2,-0.29704734256623233
YBX3,-0.9581451612617167
YDJC,-0.5737059939374909
YEATS2,0.4305491250055371
YEATS4,0.17096447925727132
YES1,0.036132307705381894
YIF1A,-0.3763617852608827
YIF1B,0.40127039817903176
YIPF1,0.12949798110635857
YIPF2,0.1411800026347967
YIPF3,0.2770459128043923
YIPF4,-0.2003970384164102
YIPF5,1.053160404707379
YIPF6,0.6370048961953818
YIPF7,0.11093442867543146
YJEFN3,-0.12538985493595534
YJU2,-0.003806726292701512
YJU2B,1.6138035396447212
YKT6,-0.16170101712698748
YLPM1,0.6454121415471064
YME1L1,0.6398442065019019
YOD1,0.4780438286333437
YPEL1,-0.5287414810238755
YPEL2,-0.4465615955334925
YPEL3,-0.4900051944723718
YPEL4,-0.009437547540774194
YPEL5,0.830530479360928
YRDC,0.5169325858912628
YTHDC2,-0.15505870577346048
YTHDF1,-0.11402298470320416
YTHDF2,0.373900804359645
YTHDF3,0.46850198947797317
YWHAB,0.6865172162453357
YWHAG,-0.11174991715554938
YWHAH,-1.1929518700363224
YWHAQ,0.5511605222424012
YWHAZ,0.5990085503657392
YY1,0.3200974635491236
YY1AP1,-0.2162213446611494
YY2,0.7694663291106816
ZACN,-0.3803786074458113
ZAN,3.104346876147963
ZAP70,-0.7506709685996755
ZAR1,0.5427325346899318
ZAR1L,-0.22490202432604267
ZBBX,0.36793400591317194
ZBED2,1.037476156124285
ZBED3,0.023722575852985983
ZBED4,0.10564640396045366
ZBED5,0.5697704612577721
ZBED6,0.049247766731854714
ZBP1,-0.34536978223057635
ZBTB1,0.5481917253779658
ZBTB10,2.077908896305437
ZBTB11,0.1261477754916429
ZBTB14,0.7006462644299878
ZBTB16,0.6648887278939264
ZBTB17,0.5444358357995065
ZBTB18,0.09893257037341607
ZBTB2,0.18576873617077538
ZBTB20,0.867911173720419
ZBTB21,-0.4618935963498436
ZBTB22,0.3048567788098535
ZBTB24,-0.04898193819514596
ZBTB25,0.38416414355125283
ZBTB26,0.3864785312676271
ZBTB3,-0.21351838336049234
ZBTB32,0.16041992365250968
ZBTB33,0.011347057320631126
ZBTB34,0.29352065570533004
ZBTB37,-0.195948731779497
ZBTB38,-0.7424995005605295
ZBTB39,-0.18215590740265952
ZBTB4,0.09288049002050336
ZBTB40,0.7782804413125209
ZBTB41,0.5363018591725619
ZBTB42,0.02195056438681897
ZBTB43,0.5051283894932652
ZBTB44,-0.3898819676050884
ZBTB45,1.0905112455672141
ZBTB46,0.9362569368463067
ZBTB47,-0.501468652320793
ZBTB48,-0.2931146759055392
ZBTB49,-0.2957062847162968
ZBTB5,0.5924447644743123
ZBTB6,0.33994149642972227
ZBTB7A,0.29789076146766647
ZBTB7B,-0.07577200277429208
ZBTB7C,1.856437876223996
ZBTB8A,0.36267659783009043
ZBTB8B,-0.001307963110256355
ZBTB8OS,0.3422758301819506
ZC2HC1A,0.5290470192680026
ZC2HC1B,0.6663566865851653
ZC2HC1C,-0.40917364195109185
ZC3H10,0.46309712915350953
ZC3H11A,0.04949131649410843
ZC3H11C,-1.527254536387277
ZC3H12A,0.6129878950296415
ZC3H12B,0.10329911879982268
ZC3H12C,1.0973865552775814
ZC3H12D,0.8950173845966394
ZC3H13,-0.09667910439402716
ZC3H14,0.06068684577417405
ZC3H15,0.6714610567805908
ZC3H18,-0.3412249758573038
ZC3H4,0.14999972186963006
ZC3H6,-0.21079505387069775
ZC3H7A,0.31248627986700406
ZC3H7B,0.23721681004224893
ZC3H8,-0.6864758201711263
ZC3HAV1,-0.6200286253325691
ZC3HAV1L,-0.8924250095579462
ZC3HC1,0.33432019251591005
ZC4H2,0.11841741389740612
ZCCHC10,0.15897643693550756
ZCCHC12,0.3055595983431485
ZCCHC13,-1.0793251474147134
ZCCHC14,-0.6027039639924421
ZCCHC17,-0.21393712773242246
ZCCHC18,0.05238820797142135
ZCCHC2,0.10703041195419694
ZCCHC24,-0.33765491521910995
ZCCHC3,0.3135886749864696
ZCCHC4,-0.02511107982202465
ZCCHC7,0.06872400136749546
ZCCHC8,-0.5090434360443465
ZCCHC9,0.022790696432612556
ZCRB1,0.48950967867601314
ZCWPW1,0.7465558707269557
ZCWPW2,-0.10141844642348463
ZDBF2,0.4627668259089736
ZDHHC1,-0.7370875661031473
ZDHHC11,-0.7999815362221621
ZDHHC11B,-0.6202176352529676
ZDHHC12,-1.073088066934405
ZDHHC13,0.5585346838908458
ZDHHC14,-0.4083380349676924
ZDHHC15,0.38691087756732045
ZDHHC16,0.5423096844459874
ZDHHC17,0.18457610010700298
ZDHHC18,0.2947773052881588
ZDHHC19,-0.3080775116566301
ZDHHC2,0.21851280841531695
ZDHHC20,-0.37487280354641417
ZDHHC21,1.3300237260264267
ZDHHC22,0.4463364432657774
ZDHHC23,0.5724114959880313
ZDHHC24,-0.2992684744750327
ZDHHC3,0.11518090827437799
ZDHHC4,-0.06525664914183604
ZDHHC5,0.2743976033751192
ZDHHC6,-0.4916051590498953
ZDHHC7,0.027239497997219253
ZDHHC8,-1.0146745288210535
ZDHHC9,-0.1912067188333808
ZEB1,0.37119591873751423
ZEB2,0.14484348589543428
ZER1,0.27378819853468483
ZFAND1,-1.041881254118161
ZFAND2A,-0.233433520702778
ZFAND2B,1.1164598482539978
ZFAND3,0.6553734048731932
ZFAND4,-0.30407325336090407
ZFAND5,0.43378610279536867
ZFAND6,0.925917181140747
ZFAT,0.38643145550363256
ZFC3H1,0.1859504947683508
ZFHX2,0.7581380005116025
ZFHX3,-0.6525294316520898
ZFHX4,-1.6422790239063791
ZFP1,0.9070256926769453
ZFP14,1.3101273317616944
ZFP2,0.30807460183673907
ZFP28,0.7544664620672286
ZFP3,-0.1430487185801761
ZFP30,1.11847632889542
ZFP36,-0.9116306506451668
ZFP36L1,-0.2513557441346421
ZFP36L2,-0.6685568650774183
ZFP37,-0.3911288426305399
ZFP41,0.2740665284945947
ZFP42,-1.2145645411229673
ZFP62,0.6725574776231305
ZFP64,0.8882458160930204
ZFP69,0.32117900345174827
ZFP69B,-0.019102115349757032
ZFP82,0.07466283885274017
ZFP90,-0.13837810012404939
ZFP91,1.0142431011219193
ZFP91-CNTF,1.0081350157546778
ZFP92,-0.08868526407334121
ZFPL1,-0.2676611019595696
ZFPM1,-0.38267374974801927
ZFPM2,0.20944387145897148
ZFR,0.10783807165111714
ZFR2,-0.5186383173954682
ZFTA,-0.8250301321508824
ZFTRAF1,-0.007292067752849185
ZFX,-0.05270133701488389
ZFY,-0.040917636719883355
ZFYVE1,0.24438233940754817
ZFYVE16,0.3659250921135384
ZFYVE19,0.2773999751575338
ZFYVE21,-1.2812842760141803
ZFYVE26,-0.029845576678694474
ZFYVE27,-0.2263861523551256
ZFYVE28,0.22068638004683816
ZFYVE9,-0.06465485855266007
ZG16,0.36995386722516443
ZG16B,0.6213134428331866
ZGLP1,-0.6192000904142527
ZGPAT,0.44515580250242515
ZGRF1,0.25595209085264514
ZHX1,0.5330398103208007
ZHX1-C8orf76,0.3896087690989507
ZHX2,1.090998034186859
ZHX3,-0.9795476922553172
ZIC1,0.7026185368813667
ZIC2,0.5007780518178884
ZIC3,-0.3170302790598294
ZIC4,-0.4253066880584473
ZIC5,0.36825632356714727
ZIK1,0.28043756631124905
ZIM2,1.6584994176805599
ZIM3,0.4770591876710566
ZKSCAN1,-0.13211044510934444
ZKSCAN2,0.23545086811232974
ZKSCAN3,0.576208530112039
ZKSCAN4,1.520724829544587
ZKSCAN5,0.27458823125912746
ZKSCAN7,-0.2867212224668855
ZKSCAN8,0.537208867767299
ZKSCAN8P1,-0.35686319934439836
ZMAT1,0.13191149833749152
ZMAT2,0.36886838581249837
ZMAT3,0.015211818207729433
ZMAT4,-0.18867081596620494
ZMAT5,0.2913144585532299
ZMIZ1,0.9800361180927837
ZMIZ2,1.1360975615306126
ZMPSTE24,0.06365868453115331
ZMYM1,0.46732177889474835
ZMYM2,0.03598223628703945
ZMYM3,0.15268441257900633
ZMYM4,0.4360204446831295
ZMYM5,0.011923461078739095
ZMYM6,0.45360491032920036
ZMYND10,-0.9780465869932711
ZMYND11,-0.7355118608763048
ZMYND12,-0.06492744794556948
ZMYND15,0.3141260169670552
ZMYND19,-0.2691342022380687
ZMYND8,0.09083415902885239
ZNF10,1.0640901410617827
ZNF101,-0.6274397655264901
ZNF106,0.6555582022247419
ZNF107,0.13452184758316377
ZNF112,0.7026185368813667
ZNF114,0.47803500185611514
ZNF117,-0.15673859073042262
ZNF12,0.08254715298710158
ZNF121,0.29183200327830194
ZNF124,0.7615381251284371
ZNF131,-0.13633977846351186
ZNF132,0.6493982243111848
ZNF133,0.3522423647173478
ZNF134,1.041986462885308
ZNF135,1.3194199508266784
ZNF136,0.0605055918458528
ZNF138,0.1343132352596461
ZNF14,0.8513550787705981
ZNF140,0.690128189124275
ZNF141,-0.9042030386027596
ZNF142,-0.4464975332768857
ZNF143,0.389667523786021
ZNF146,0.38103501853103383
ZNF148,0.25194636844616314
ZNF154,-0.02842843520649102
ZNF155,1.1234895663047473
ZNF157,1.2623108398924494
ZNF16,0.12912648566414942
ZNF160,0.5788067352237678
ZNF165,0.6131516227802911
ZNF169,0.3567276812705311
ZNF17,0.7746043874265536
ZNF174,0.6129125371987425
ZNF175,1.1341757464309579
ZNF177,-0.059577911014800256
ZNF18,0.34328870822753865
ZNF180,0.6342663174785488
ZNF181,0.49175337798851304
ZNF182,0.3139914632126548
ZNF184,-0.09447476920615383
ZNF185,0.49819488333995365
ZNF189,-0.047210782552587816
ZNF19,-0.22143837920403198
ZNF195,0.03197993686689804
ZNF197,0.08156542450250542
ZNF2,-0.516846082823947
ZNF20,0.28577738331892677
ZNF200,0.4296127201246769
ZNF202,-0.45550682130610576
ZNF205,0.25272825554894074
ZNF207,0.24312455739581873
ZNF208,0.9274929707606221
ZNF211,0.6117558505885012
ZNF212,0.1338827813892245
ZNF213,-0.5481251510759892
ZNF214,0.1566668912336524
ZNF215,0.0
ZNF217,0.15924353898658206
ZNF219,0.025878954583010927
ZNF22,-0.22366267059032463
ZNF221,-0.2796659818769709
ZNF222,0.40446491966991704
ZNF223,0.5551042717769603
ZNF224,0.35913814364546326
ZNF225,-0.020348698477987592
ZNF226,0.792103051804152
ZNF227,0.16320795774257713
ZNF229,-1.1209168242928302
ZNF23,0.1914986173918236
ZNF230,0.9289091473856214
ZNF232,-0.6988650135434455
ZNF233,-0.6383275554406918
ZNF234,-0.8422960867212942
ZNF235,0.6866669808212622
ZNF236,0.14393454801394645
ZNF239,-0.5775457966398911
ZNF24,0.6359133112967448
ZNF248,0.3870924771460347
ZNF25,-0.016188817985846704
ZNF250,0.0044120400860951925
ZNF251,0.4319605280996598
ZNF253,-0.3965813934332463
ZNF254,0.3802284257314277
ZNF256,1.4207748783713487
ZNF257,0.7026185368813667
ZNF26,0.41742482308423745
ZNF260,0.7098819361004325
ZNF263,0.28542520936731286
ZNF264,0.49649105970738305
ZNF266,-0.6008141592533471
ZNF267,0.8939418714005298
ZNF268,0.7642605543684005
ZNF273,-1.1071197325869924
ZNF274,0.5873263410014165
ZNF275,0.6847098761213045
ZNF276,0.47102008141122065
ZNF277,0.3749344085795896
ZNF28,0.55891714512174
ZNF280C,-0.2572670751743076
ZNF280D,-0.7098894845537242
ZNF281,0.2599320447755513
ZNF282,-0.44525795085715725
ZNF283,-0.3569348772245183
ZNF284,-0.5699461846480576
ZNF285,-0.9352233166283179
ZNF286A,-0.21090408253834703
ZNF286A-TBC1D26,-0.21128648802518968
ZNF287,0.1021992544796193
ZNF292,0.8959342292912122
ZNF296,-0.44121636940273956
ZNF3,0.10024448475358438
ZNF30,0.5451560557685409
ZNF300,-0.1730653588402289
ZNF302,0.6126723670240397
ZNF304,0.45256199987857837
ZNF316,-0.10643298907402698
ZNF317,0.8038402512532086
ZNF318,0.35149577323473125
ZNF319,-0.3037232928975615
ZNF32,0.4338708924245043
ZNF320,0.7765639090711283
ZNF322,0.6243996591497749
ZNF324,0.1917891632340747
ZNF324B,-0.05652804926493071
ZNF326,0.5675605290619323
ZNF329,0.19446429241290797
ZNF330,0.6933868206890277
ZNF331,0.07970507956409678
ZNF333,-0.14142979715214343
ZNF334,-0.9485191711052854
ZNF335,0.5322286288248086
ZNF337,0.12148751277776837
ZNF33A,0.7269202865530877
ZNF33B,0.6525942200705603
ZNF34,-0.2776429796432347
ZNF341,-0.4403635848426055
ZNF343,0.7850171629511961
ZNF345,0.5520651644765389
ZNF346,0.17044801282969457
ZNF347,0.8247059528094574
ZNF35,-0.10346347129757694
ZNF350,1.1232742309186807
ZNF354A,-0.223932580230344
ZNF354B,0.11982428493734154
ZNF354C,0.5660338448962978
ZNF358,-0.58086016745849
ZNF362,-0.5780711450062843
ZNF365,-0.07037659432948518
ZNF366,-0.6221172911215864
ZNF367,-0.05029658660847591
ZNF37A,0.7167417614270253
ZNF382,0.22523906491944823
ZNF383,0.06872494990490852
ZNF384,0.14712084999803654
ZNF385A,-0.5753767166485841
ZNF385B,0.7771408369907378
ZNF385C,-0.16581847628615742
ZNF385D,-0.5781353233160144
ZNF391,0.28422005562776
ZNF394,0.2774749258518545
ZNF395,-0.21204617475953835
ZNF396,0.11712124631761389
ZNF397,-0.11282772590609769
ZNF398,0.22043802230807508
ZNF404,-1.4259761888339286
ZNF407,0.7924671438168542
ZNF408,0.18838708887632816
ZNF41,0.49117459788510653
ZNF410,0.06371342650393075
ZNF414,-0.42887309966785825
ZNF415,-1.0911506025753
ZNF416,0.32099747052519256
ZNF417,0.931576936207599
ZNF418,1.3934847028523882
ZNF419,-0.3843040206398334
ZNF420,0.4442887662851034
ZNF423,-1.5488948462045644
ZNF425,0.2338701985220153
ZNF426,0.20554831703684773
ZNF428,0.12777226987115453
ZNF429,-0.2536450102194682
ZNF43,0.9132613745352042
ZNF431,0.08626684978149735
ZNF432,0.10513929109870879
ZNF433,-0.7142377424954671
ZNF436,0.4438919040988698
ZNF438,0.8024036477737453
ZNF439,-0.15144975275831285
ZNF44,1.4413498563369567
ZNF440,0.26595191349921743
ZNF441,-0.5532545668359456
ZNF442,0.9746425067310738
ZNF443,0.5566697619801477
ZNF444,0.42948168797262004
ZNF445,-0.06659141630269794
ZNF446,0.41521800648802243
ZNF449,0.4493783859213345
ZNF45,0.901311063493874
ZNF451,1.0745440036037
ZNF454,-1.012839943636851
ZNF460,-0.3386059652972264
ZNF461,1.1673882871303185
ZNF462,0.6340117914708945
ZNF467,-0.4205314853868073
ZNF468,0.5635433245954634
ZNF469,-0.8543481150352863
ZNF470,-0.3812164985888069
ZNF471,-1.692545026744471
ZNF473,0.13379100578888892
ZNF474,0.08790257762139059
ZNF475,0.06258222712228156
ZNF479,-2.4620104358871426
ZNF48,-0.004221986282203716
ZNF480,-0.19949887736637262
ZNF483,-0.31980390710656115
ZNF484,0.10219212171144854
ZNF485,-1.6526649956862525
ZNF486,-2.355489947957402
ZNF487,-0.223710964071417
ZNF488,0.5788039629754689
ZNF490,0.6372599249416563
ZNF491,0.14830485594134757
ZNF492,-2.1546630392684523
ZNF493,1.413987822343321
ZNF496,-0.827060509945166
ZNF497,0.6114520303205371
ZNF500,-0.20708278431343574
ZNF501,-0.6384309938076214
ZNF502,-2.7361022711361573
ZNF503,0.029979469589373586
ZNF506,-0.020391816633300475
ZNF507,0.4512135385342799
ZNF510,0.40252556802625783
ZNF511,0.19353117171507472
ZNF511-PRAP1,0.22611290661638028
ZNF512,-0.1752595708012512
ZNF512B,-0.32321104987102256
ZNF513,-0.38696338281474274
ZNF514,-0.5010795939813613
ZNF516,0.6599593479081303
ZNF517,0.3816186670144317
ZNF518A,0.04650278956841536
ZNF518B,1.318873771610223
ZNF519,-0.005795778492093451
ZNF521,-0.16436652565863685
ZNF524,0.21840649860128636
ZNF525,0.13839559214560915
ZNF526,0.06743327717628178
ZNF527,0.31084038608617903
ZNF528,0.5928061399885742
ZNF529,0.2505476005116467
ZNF530,0.10958257029926366
ZNF532,0.3691480603983479
ZNF534,1.8113986842873187
ZNF536,1.064131678006278
ZNF540,-1.0925698905199526
ZNF541,0.24609072278317362
ZNF543,0.10245190185197783
ZNF544,-0.3079164248501465
ZNF546,0.1836712002760166
ZNF547,0.058706313780987784
ZNF548,0.523845502930969
ZNF549,0.2173117083558005
ZNF550,0.25526797745027086
ZNF551,0.09673682323766375
ZNF552,-0.13392758900978174
ZNF554,0.12220968134030619
ZNF555,0.7548806157977022
ZNF556,-0.215375737990663
ZNF557,0.4728856116186346
ZNF558,-0.37545269810240933
ZNF559,0.35782080496837887
ZNF559-ZNF177,0.3738785415858892
ZNF560,1.2933657718303215
ZNF561,0.23835574314107344
ZNF562,1.1631055831286599
ZNF563,0.8190784006280136
ZNF564,0.4588551293427079
ZNF565,-1.0812055296702945
ZNF566,0.36894582214899474
ZNF567,0.5564523370565122
ZNF568,0.7589600647067338
ZNF569,0.09280428806702634
ZNF57,0.18422753976725526
ZNF570,0.3352429450563461
ZNF571,0.4182623387230797
ZNF572,-0.31662297768780623
ZNF573,0.3892528977219478
ZNF574,0.21549763592093985
ZNF575,-0.08175410417209528
ZNF576,0.5754111166475311
ZNF577,-1.6719890573937088
ZNF578,-0.592912317704818
ZNF579,0.2377607777857782
ZNF580,0.11095759467964594
ZNF581,0.0636103639281953
ZNF582,0.5216556660272574
ZNF583,0.6682537917142479
ZNF584,-0.11642657171529613
ZNF585A,2.204100636801317
ZNF585B,0.08565044118800458
ZNF586,0.6095984390158848
ZNF587,-0.197687857624111
ZNF587B,-0.2461915475044809
ZNF589,-0.11330123985841478
ZNF592,0.11440226455562819
ZNF593,-0.35879319662955833
ZNF593OS,0.022591633038025805
ZNF594,-0.4272191635058671
ZNF595,-0.8652917781289771
ZNF596,0.4967751752414633
ZNF597,1.3749989221765804
ZNF598,0.09412777622262603
ZNF599,1.3795283585327378
ZNF600,-1.4790823454419617
ZNF605,0.947157708988559
ZNF606,0.1778772676271405
ZNF607,0.4041986258602324
ZNF608,1.2413819364923204
ZNF609,-0.2728249703875223
ZNF610,-0.04475721997664861
ZNF611,-0.11897932453724236
ZNF613,-0.030567654452985593
ZNF614,0.05966506490793888
ZNF615,1.5404110347649618
ZNF616,0.40060322873868737
ZNF618,0.5934347270828975
ZNF619,0.6914618046712363
ZNF620,0.6960358557257669
ZNF621,0.8679110435822306
ZNF622,-0.17543455402911956
ZNF623,3.2494259340423617
ZNF624,-0.22049247482011225
ZNF625,-0.04078565301510917
ZNF625-ZNF20,-0.035623967090229525
ZNF626,-1.173071128846627
ZNF627,-0.024013090081862032
ZNF628,0.3785011249991679
ZNF629,-0.04864579130884461
ZNF630,-0.8094507483666452
ZNF638,1.725947459423689
ZNF639,0.08123921711147508
ZNF641,0.7117728349392346
ZNF644,0.1428616810815404
ZNF646,0.08848507480765555
ZNF648,0.4335228160998552
ZNF649,-0.6383275554406918
ZNF652,-0.21632629181789165
ZNF653,-0.13408493273390176
ZNF654,0.4436456126313759
ZNF655,0.1449973222621077
ZNF660,-0.8092741812333957
ZNF662,-0.6999339689362046
ZNF664,-0.14805718971730464
ZNF665,1.071387838338264
ZNF667,0.3307046539104137
ZNF668,0.12307018963605731
ZNF669,0.6463305775304722
ZNF670,0.5855774833598195
ZNF670-ZNF695,0.585850746583668
ZNF671,-0.284221610410921
ZNF672,0.3010323787589164
ZNF674,-0.3649480842151678
ZNF675,0.542145368032624
ZNF677,-1.9957591961411416
ZNF678,0.27315854081159685
ZNF679,-0.08037359546450484
ZNF680,0.20019718176408796
ZNF681,2.3633018539938773
ZNF682,-0.7593595488099382
ZNF683,-0.659899995516048
ZNF684,0.85761558787028
ZNF687,0.13313083475273846
ZNF688,0.09810827060212146
ZNF689,-1.8176532895455395
ZNF69,-0.16679616358819632
ZNF691,0.5828719496378132
ZNF692,-0.23845905721307403
ZNF695,0.5380836458213885
ZNF696,-0.5147722150233085
ZNF697,0.3886836850217197
ZNF699,0.08506645001801427
ZNF7,0.4337114459753275
ZNF70,-0.22720604018053248
ZNF700,-0.6316972306763295
ZNF701,1.2366619660569884
ZNF703,0.01628658505167513
ZNF704,0.1861960580340211
ZNF705A,0.5768812376796131
ZNF705G,1.173071128846627
ZNF706,0.8982626413172325
ZNF708,0.817201799141116
ZNF709,-1.8149365385604466
ZNF71,-0.2142747060847947
ZNF710,0.39936634579228736
ZNF711,0.19937749987758213
ZNF713,0.9715045819885909
ZNF714,0.18288354424743325
ZNF716,0.0
ZNF717,0.530516057597586
ZNF718,0.3756213710291535
ZNF721,0.32873982116664946
ZNF722,-1.9496350267869644
ZNF723,0.7343854775779226
ZNF724,-0.21714371498031504
ZNF726,1.960648100299867
ZNF727,-2.0486826274421492
ZNF728,2.1036874978575733
ZNF730,-2.7746677342028674
ZNF732,-0.83258850577447
ZNF735,1.1219967598982734
ZNF736,1.4764413390811897
ZNF737,-0.5449297870278833
ZNF738,0.8510436150393935
ZNF74,-0.5322899325996824
ZNF740,-0.06645577708087647
ZNF746,-0.3118853324222415
ZNF747,-0.24063605297742718
ZNF749,0.628762483538067
ZNF750,-0.19491832133751785
ZNF75A,0.7052004189433221
ZNF75D,0.35345766221013597
ZNF76,-0.03389533593370064
ZNF761,0.10293771890417225
ZNF763,0.3904897722689904
ZNF764,-0.4355545648697534
ZNF765,0.07629081616073008
ZNF766,0.39340291913670833
ZNF768,-0.583929158487599
ZNF77,0.12539159328737837
ZNF770,0.4560653560026582
ZNF771,-0.2586073320988116
ZNF772,-1.1090987063025257
ZNF773,1.1563003207110594
ZNF774,-0.19450704944397157
ZNF775,-0.1683481207159092
ZNF776,0.6169292832012321
ZNF777,-0.07548229129971462
ZNF778,0.26148178590159876
ZNF780A,0.6880799816272309
ZNF780B,0.6314564801430069
ZNF782,0.10867997379091343
ZNF783,-0.7179168998653052
ZNF784,-0.7116142966069403
ZNF785,-0.46381386451092044
ZNF786,0.14447191254249914
ZNF787,0.005377532199161372
ZNF789,0.28658377726344275
ZNF79,-0.209536158010041
ZNF790,0.5746960766271068
ZNF791,0.5413282490084539
ZNF792,0.30740170062406563
ZNF793,0.7712947868936382
ZNF799,-0.06128583721429193
ZNF8,0.487912640092913
ZNF80,0.11140435120492825
ZNF800,-0.05910179322621234
ZNF804A,0.6102579013131748
ZNF804B,0.3559587564694118
ZNF805,0.3270275130175597
ZNF808,0.6075159496202969
ZNF81,0.915011537748291
ZNF813,1.2961413597064309
ZNF814,0.26626997923203466
ZNF816,0.8390531136444674
ZNF816-ZNF321P,0.7766526403884482
ZNF821,0.1560727692481314
ZNF823,-0.09743926874274988
ZNF827,1.3298891310254866
ZNF829,0.7600058541041823
ZNF83,-0.20294635241641834
ZNF830,0.02295688183346911
ZNF831,-1.1477971063985513
ZNF835,-3.3527246596161504
ZNF836,-0.4786541576555689
ZNF837,0.03488877560726644
ZNF839,-0.20628075381524935
ZNF84,1.3123960105086168
ZNF840P,-2.0210703260489247
ZNF841,0.12029446108735842
ZNF843,-0.7239388583595505
ZNF844,0.5593850833819376
ZNF845,0.5683535495011625
ZNF846,-0.8832832699019697
ZNF850,-0.22249171175629234
ZNF852,0.019839956244729784
ZNF853,-0.40873987620449626
ZNF860,-0.7075225715818226
ZNF862,-0.0747443181240981
ZNF865,0.36142291861785214
ZNF875,-2.2404730887936934
ZNF878,0.4611370729404386
ZNF879,0.0865368160248425
ZNF880,0.025311179074774426
ZNF883,-0.7157064419913279
ZNF888,-1.5523600077303366
ZNF891,1.0645327792743093
ZNF892,0.21195863701982054
ZNF90,-1.3294387116694129
ZNF91,0.879927765857125
ZNF92,0.7408175608985943
ZNF93,0.7026185368813667
ZNF98,-0.7017788959715923
ZNF99,-0.9453252558405487
ZNFX1,-0.1204644808613784
ZNG1A,1.2436891292547998
ZNG1B,0.9595603825405566
ZNG1E,-0.7017789414512221
ZNHIT1,0.16571920557181619
ZNHIT2,0.005883604770676953
ZNHIT6,0.25603758555470524
ZNRD2,0.6649763869672749
ZNRF1,0.3668641029904163
ZNRF2,0.4043420793286834
ZNRF3,-0.315920701627618
ZNRF4,-1.5655382309837265
ZP1,-0.8812714526556533
ZP2,-0.015681658408847887
ZP3,-0.5432471975477344
ZP4,-1.397687108148017
ZPBP,1.5709575489516248
ZPBP2,1.2863946338984436
ZPLD1,-0.8526371000955295
ZPR1,-0.10393351907632464
ZRANB1,-0.7022928744590089
ZRANB2,0.2835846052038553
ZRANB3,0.02297490441411476
ZRSR2,0.47572247419631464
ZSCAN1,1.4698062874376792
ZSCAN10,-0.5171703214211787
ZSCAN12,-0.5372749056570326
ZSCAN16,-0.263506922436191
ZSCAN18,0.6012916487726702
ZSCAN2,0.6525866997366347
ZSCAN20,-0.2718625854229688
ZSCAN21,-0.13275816620182113
ZSCAN22,0.35869254300325837
ZSCAN23,0.1576521976766354
ZSCAN25,-0.2612363926147432
ZSCAN26,0.13164633139338178
ZSCAN29,-0.7571105872602524
ZSCAN30,0.07944073003948349
ZSCAN31,-0.5431889175828968
ZSCAN32,0.6284286180913874
ZSCAN4,-1.4297460196060934
ZSCAN5A,-1.7951884199682133
ZSCAN5B,-0.35614427501652357
ZSCAN5C,-0.9698096782783227
ZSCAN9,0.7795193634662998
ZSWIM1,-0.0025919113200796318
ZSWIM2,-0.262008636779159
ZSWIM3,0.0487623590761217
ZSWIM4,-0.04682838887820573
ZSWIM5,0.5216812429971467
ZSWIM6,1.193845694033587
ZSWIM7,-0.12607255518972194
ZSWIM8,0.5342974032691945
ZSWIM9,-0.2547888328438108
ZUP1,-0.03697467906843288
ZW10,-0.29480329688750007
ZWILCH,0.8055079984367182
ZWINT,0.11846440075184272
ZXDA,-0.26260486714830444
ZXDB,-0.5210127024432063
ZXDC,-0.28720369107859867
ZYG11A,0.6597467866349054
ZYG11B,0.7001839481927472
ZYX,0.6162709403834883
ZZEF1,0.264367462110636
ZZZ3,0.2398581285671204
