set,n_genes,CSI,collection,z,pct,risk
REACTOME_TRAF6_MEDIATED_INDUCTION_OF_TAK1_COMPLEX_WITHIN_TLR4_COMPLEX,16,9.47655667828703,Reactome,16.629356969662865,1.0,high
KEGG_MEDICUS_REFERENCE_CCR_CXCR_GNB_G_PI3K_RAC_SIGNALING_PATHWAY,30,9.388445706042592,KEGG_MEDICUS,15.363710431209654,1.0,high
REACTOME_ADAPTIVE_IMMUNE_SYSTEM,948,7.064108648985737,Reactome,12.802895043136752,1.0,high
KEGG_NATURAL_KILLER_CELL_MEDIATED_CYTOTOXICITY,122,6.966257122539552,KEGG,14.388519579874155,1.0,high
KEGG_MEDICUS_REFERENCE_CXCR_GNB_G_PI3K_AKT_SIGNALING_PATHWAY,25,6.27477860722065,KEGG_MEDICUS,10.256992067225507,1.0,high
REACTOME_IRAK4_DEFICIENCY_TLR2_4,16,5.961682800603711,Reactome,10.475402526607821,1.0,high
KEGG_ANTIGEN_PROCESSING_AND_PRESENTATION,71,5.410249223477708,KEGG,8.935425614211804,1.0,high
REACTOME_IKK_COMPLEX_RECRUITMENT_MEDIATED_BY_RIP1,23,5.105665192077651,Reactome,8.33953180021435,1.0,high
REACTOME_REGULATION_OF_TLR_BY_ENDOGENOUS_LIGAND,17,5.03972419509378,Reactome,8.861207692274178,1.0,high
KEGG_LYSOSOME,120,4.971910947657856,KEGG,10.222006781992894,1.0,high
REACTOME_RHOQ_GTPASE_CYCLE,59,4.888923067219456,Reactome,9.50430411065097,1.0,high
REACTOME_GPVI_MEDIATED_ACTIVATION_CASCADE,35,4.661183269219992,Reactome,7.610538004193257,1.0,high
REACTOME_IMMUNOREGULATORY_INTERACTIONS_BETWEEN_A_LYMPHOID_AND_A_NON_LYMPHOID_CELL,186,4.604732224125318,Reactome,9.610304863371464,1.0,high
KEGG_LEISHMANIA_INFECTION,70,4.413417426413201,KEGG,7.270240240257757,1.0,high
REACTOME_NUCLEOTIDE_BINDING_DOMAIN_LEUCINE_RICH_REPEAT_CONTAINING_RECEPTOR_NLR_SIGNALING_PATHWAYS,56,4.358926789225834,Reactome,8.46219312620061,1.0,high
REACTOME_INNATE_IMMUNE_SYSTEM,1039,4.306568127436325,Reactome,7.806052389245646,1.0,high
REACTOME_RHO_GTPASES_ACTIVATE_ROCKS,19,4.278467758640052,Reactome,7.528375393749027,1.0,high
REACTOME_DISEASES_OF_IMMUNE_SYSTEM,30,4.255545515386459,Reactome,6.94525244190218,1.0,high
KEGG_MEDICUS_REFERENCE_BCR_PLCG_CALCINEURIN_SIGNALING_PATHWAY,17,4.1117974599492415,KEGG_MEDICUS,7.236563664268235,1.0,high
REACTOME_NEUTROPHIL_DEGRANULATION,469,4.09534746288624,Reactome,8.539144793861485,1.0,high
REACTOME_NEGATIVE_REGULATION_OF_THE_PI3K_AKT_NETWORK,113,4.068279856492095,Reactome,8.334174793081095,1.0,high
KEGG_B_CELL_RECEPTOR_SIGNALING_PATHWAY,75,4.049075347700029,KEGG,6.661614891050597,1.0,high
REACTOME_ANTIGEN_ACTIVATES_B_CELL_RECEPTOR_BCR_LEADING_TO_GENERATION_OF_SECOND_MESSENGERS,86,3.9139621695409303,Reactome,6.435911328261438,1.0,high
REACTOME_CONSTITUTIVE_SIGNALING_BY_ABERRANT_PI3K_IN_CANCER,79,3.901111025479467,Reactome,6.4144437775746095,1.0,high
REACTOME_DAP12_INTERACTIONS,40,3.8970263565808603,Reactome,7.5539763432376645,1.0,high
KEGG_GRAFT_VERSUS_HOST_DISEASE,37,3.88734765982423,KEGG,6.341371972056631,1.0,high
REACTOME_GLYCEROPHOSPHOLIPID_BIOSYNTHESIS,124,3.8846267762209825,Reactome,7.9504937055360525,1.0,high
KEGG_VIRAL_MYOCARDITIS,60,3.8640880967762676,KEGG,7.489211129261088,1.0,high
REACTOME_RHOH_GTPASE_CYCLE,37,3.863685261212783,Reactome,6.3025633256311,1.0,high
REACTOME_C_TYPE_LECTIN_RECEPTORS_CLRS,125,3.7764504833325083,Reactome,7.724495875057141,1.0,high
REACTOME_ANTIGEN_PROCESSING_CROSS_PRESENTATION,96,3.7349057456645687,Reactome,8.263613938350822,1.0,high
KEGG_TOLL_LIKE_RECEPTOR_SIGNALING_PATHWAY,91,3.7269790593542083,KEGG,8.245832497570538,1.0,high
KEGG_FC_GAMMA_R_MEDIATED_PHAGOCYTOSIS,96,3.697477260004264,KEGG,8.17965295198069,1.0,high
REACTOME_ROS_AND_RNS_PRODUCTION_IN_PHAGOCYTES,36,3.68210767861011,Reactome,6.004758343230846,1.0,high
REACTOME_SIGNALING_BY_THE_B_CELL_RECEPTOR_BCR,153,3.661075109534721,Reactome,7.525047566316585,1.0,high
REACTOME_VESICLE_MEDIATED_TRANSPORT,717,3.581560916519192,Reactome,6.492292200563524,1.0,high
REACTOME_PLATELET_ACTIVATION_SIGNALING_AND_AGGREGATION,248,3.572616900077803,Reactome,7.995898728865858,1.0,high
REACTOME_SIGNALING_BY_RECEPTOR_TYROSINE_KINASES,506,3.5198083753836555,Reactome,6.380392582363594,1.0,high
KEGG_INTESTINAL_IMMUNE_NETWORK_FOR_IGA_PRODUCTION,46,3.49328431135262,KEGG,6.760114126299856,1.0,high
REACTOME_REGULATION_OF_SIGNALING_BY_CBL,22,3.4881179011106,Reactome,5.686596148063366,1.0,high
REACTOME_CS_GAG_BIOSYNTHESIS,21,3.4847342722161345,Reactome,5.681046665969146,1.0,high
HALLMARK_ALLOGRAFT_REJECTION,192,3.481868243521228,Hallmark,3.8765714832127616,0.9916666666666667,high
REACTOME_FCERI_MEDIATED_CA_2_MOBILIZATION,86,3.435487335418845,Reactome,5.636629746422385,1.0,high
REACTOME_CD22_MEDIATED_BCR_REGULATION,61,3.4253904954913126,Reactome,6.62661716750391,1.0,high
REACTOME_RHO_GTPASES_ACTIVATE_NADPH_OXIDASES,23,3.399414376913113,Reactome,5.541113698722264,1.0,high
REACTOME_ROLE_OF_LAT2_NTAL_LAB_ON_CALCIUM_MOBILIZATION,71,3.327306073319914,Reactome,5.4559153511618055,1.0,high
REACTOME_LEISHMANIA_INFECTION,214,3.3262137661753,Reactome,5.1733607563124355,0.9916666666666667,high
REACTOME_POTENTIAL_THERAPEUTICS_FOR_SARS,154,3.280792818449573,Reactome,6.7543277466989595,1.0,high
REACTOME_SEMAPHORIN_INTERACTIONS,64,3.2707372114068156,Reactome,5.361418323923798,1.0,high
REACTOME_FC_EPSILON_RECEPTOR_FCERI_SIGNALING,173,3.2483544430537967,Reactome,6.817193230594469,1.0,high
REACTOME_FCERI_MEDIATED_MAPK_ACTIVATION,87,3.237950007863347,Reactome,5.306648028720318,1.0,high
REACTOME_CELLULAR_RESPONSE_TO_CHEMICAL_STRESS,190,3.207545090582003,Reactome,3.565074276513927,0.9916666666666667,high
REACTOME_CLEC7A_DECTIN_1_SIGNALING,87,3.206829985323042,Reactome,5.254662722348833,1.0,high
REACTOME_FCGAMMA_RECEPTOR_FCGR_DEPENDENT_PHAGOCYTOSIS,141,3.194711662017307,Reactome,6.579866682081313,1.0,high
REACTOME_PLATELET_HOMEOSTASIS,84,3.185841729351101,Reactome,5.219602306968626,1.0,high
REACTOME_INFECTIOUS_DISEASE,1302,3.1838380340656465,Reactome,5.771592487198755,1.0,high
KEGG_MEDICUS_REFERENCE_CXCR_GNB_G_ERK_SIGNALING_PATHWAY,26,3.148699740259645,KEGG_MEDICUS,5.129917190398593,1.0,high
KEGG_EPITHELIAL_CELL_SIGNALING_IN_HELICOBACTER_PYLORI_INFECTION,68,3.147339427233498,KEGG,5.155285066548933,1.0,high
REACTOME_ROLE_OF_PHOSPHOLIPIDS_IN_PHAGOCYTOSIS,81,3.129341118205217,Reactome,5.125219291121166,1.0,high
REACTOME_HIGH_LAMINAR_FLOW_SHEAR_STRESS_ACTIVATES_SIGNALING_BY_PIEZO1_AND_PECAM1_CDH5_KDR_IN_ENDOTHELIAL_CELLS,66,3.12259188155333,Reactome,5.113944841217809,1.0,high
KEGG_MEDICUS_REFERENCE_PRNP_PI3K_NOX2_SIGNALING_PATHWAY,29,3.1151947339721286,KEGG_MEDICUS,5.074965705392826,1.0,high
REACTOME_CASPASE_ACTIVATION_VIA_DEATH_RECEPTORS_IN_THE_PRESENCE_OF_LIGAND,16,3.106431729794813,Reactome,5.476336948521324,1.0,high
REACTOME_VEGFR2_MEDIATED_VASCULAR_PERMEABILITY,27,3.101984767843231,Reactome,5.053300069832886,1.0,high
REACTOME_SARS_COV_INFECTIONS,458,3.0950451017670995,Reactome,6.158921037852684,1.0,high
REACTOME_INTERLEUKIN_2_FAMILY_SIGNALING,43,3.079815823618121,Reactome,5.947127185290834,1.0,high
REACTOME_DECTIN_2_FAMILY,24,3.078235877019652,Reactome,5.0143495677259295,1.0,high
REACTOME_FCGR_ACTIVATION,69,3.074905300450253,Reactome,5.034285466767118,1.0,high
REACTOME_NUCLEAR_SIGNALING_BY_ERBB4,30,3.056742334636487,Reactome,4.979098057493282,1.0,high
REACTOME_FCGR3A_MEDIATED_IL10_SYNTHESIS,94,3.05032760081844,Reactome,6.727942503220459,1.0,high
REACTOME_CELL_SURFACE_INTERACTIONS_AT_THE_VASCULAR_WALL,192,3.048999638343914,Reactome,3.3850440275983003,0.9916666666666667,high
KEGG_TYPE_I_DIABETES_MELLITUS,40,3.0467042761791405,KEGG,5.882021242605845,1.0,high
KEGG_CHEMOKINE_SIGNALING_PATHWAY,182,3.014296941247145,KEGG,6.335211927038738,1.0,high
REACTOME_TOLL_LIKE_RECEPTOR_CASCADES,165,2.996053839253773,Reactome,6.2976449445160885,1.0,high
REACTOME_ANTI_INFLAMMATORY_RESPONSE_FAVOURING_LEISHMANIA_PARASITE_INFECTION,130,2.985156854936173,Reactome,6.071355075771979,1.0,high
REACTOME_SIGNALING_BY_GPCR,618,2.9776819049845225,Reactome,5.3980241819994434,1.0,high
REACTOME_HEMOSTASIS,645,2.9730525628765063,Reactome,5.389635513211435,1.0,high
REACTOME_INACTIVATION_OF_CSF3_G_CSF_SIGNALING,25,2.9713428257999803,Reactome,4.83903451627026,1.0,high
REACTOME_PARASITE_INFECTION,115,2.9647535560764005,Reactome,6.028729273446924,1.0,high
REACTOME_SIGNALING_BY_CSF3_G_CSF,30,2.956702221020076,Reactome,4.815022493495681,1.0,high
REACTOME_INTERLEUKIN_3_INTERLEUKIN_5_AND_GM_CSF_SIGNALING,48,2.9478901593235767,Reactome,5.687726903438459,1.0,high
REACTOME_SIGNALING_BY_RETINOIC_ACID,39,2.9276379648960242,Reactome,5.647905804407211,1.0,high
REACTOME_DOWNREGULATION_OF_ERBB2_SIGNALING,29,2.925391389657475,Reactome,4.76366966981986,1.0,high
REACTOME_THE_ROLE_OF_NEF_IN_HIV_1_REPLICATION_AND_DISEASE_PATHOGENESIS,28,2.9224134440588285,Reactome,4.758785547981239,1.0,high
REACTOME_FCERI_MEDIATED_NF_KB_ACTIVATION,123,2.9204090804898244,Reactome,5.9360864678127605,1.0,high
REACTOME_ACYL_CHAIN_REMODELLING_OF_PC,25,2.9059057552997096,Reactome,4.7317113249966996,1.0,high
REACTOME_DAP12_SIGNALING,29,2.8836991433161243,Reactome,4.695290310925751,1.0,high
REACTOME_IRON_UPTAKE_AND_TRANSPORT,57,2.871615336130305,Reactome,5.537750697213716,1.0,high
REACTOME_INFLAMMASOMES,21,2.859491482547537,Reactome,4.655587381269971,1.0,high
HALLMARK_XENOBIOTIC_METABOLISM,190,2.856526350148504,Hallmark,3.166488316953298,0.9916666666666667,high
REACTOME_RHOJ_GTPASE_CYCLE,55,2.8564655724018095,Reactome,5.507962308410195,1.0,high
KEGG_GLYCEROLIPID_METABOLISM,45,2.8403283223728075,KEGG,5.476232263856472,1.0,high
REACTOME_OTHER_SEMAPHORIN_INTERACTIONS,19,2.834030652365897,Reactome,4.999408364716333,1.0,high
REACTOME_EPHB_MEDIATED_FORWARD_SIGNALING,42,2.82522539518738,Reactome,5.446535967918565,1.0,high
KEGG_MEDICUS_VARIANT_MLL_AF4_FUSION_TO_TRANSCRIPTIONAL_ACTIVATION,26,2.812271257201045,KEGG_MEDICUS,4.578141596516798,1.0,high
REACTOME_INTEGRIN_CELL_SURFACE_INTERACTIONS,79,2.8061322150737316,Reactome,4.585305998014754,1.0,high
KEGG_ALLOGRAFT_REJECTION,35,2.787497646684552,KEGG,4.537510453959961,1.0,high
HALLMARK_IL6_JAK_STAT3_SIGNALING,85,2.765122755268658,Hallmark,4.516800606370686,1.0,high
REACTOME_BINDING_AND_UPTAKE_OF_LIGANDS_BY_SCAVENGER_RECEPTORS,101,2.754570908887108,Reactome,6.064489971224006,1.0,high
REACTOME_PURINERGIC_SIGNALING_IN_LEISHMANIASIS_INFECTION,26,2.7490196946409515,Reactome,4.474402851871125,1.0,high
KEGG_MEDICUS_PATHOGEN_KSHV_VGPCR_TO_GNB_G_PI3K_JNK_SIGNALING_PATHWAY,28,2.7256566109518854,KEGG_MEDICUS,4.43608511117258,1.0,high
KEGG_MEDICUS_REFERENCE_REGULATION_OF_GF_RTK_RAS_ERK_SIGNALING_UBIQUITINATION_OF_RTK_BY_CBL,25,2.716393938930895,KEGG_MEDICUS,4.420893423748112,1.0,high
KEGG_ASTHMA,26,2.6856860283489024,KEGG,4.370529449080435,1.0,high
REACTOME_SCAVENGING_OF_HEME_FROM_PLASMA,69,2.6825816480392803,Reactome,4.378917520264197,1.0,high
REACTOME_VIRAL_INFECTION_PATHWAYS,1084,2.6403712036050804,Reactome,4.786795267285371,1.0,high
REACTOME_THE_NLRP3_INFLAMMASOME,16,2.6379481929217237,Reactome,4.6561008764553415,1.0,high
REACTOME_CASPASE_ACTIVATION_VIA_EXTRINSIC_APOPTOTIC_SIGNALLING_PATHWAY,26,2.63257818642362,Reactome,4.283427397697352,1.0,high
REACTOME_EPH_EPHRIN_SIGNALING,90,2.6253722228512,Reactome,5.7746666207483415,1.0,high
REACTOME_CREATION_OF_C4_AND_C2_ACTIVATORS,69,2.6229415758373937,Reactome,4.279290104460848,1.0,high
REACTOME_TP53_REGULATES_TRANSCRIPTION_OF_CELL_DEATH_GENES,44,2.599975707029352,Reactome,5.003636302354641,1.0,high
KEGG_GALACTOSE_METABOLISM,25,2.558986015875801,KEGG,4.1627290452870405,1.0,high
REACTOME_ACTIVATION_OF_IRF3_IRF7_MEDIATED_BY_TBK1_IKK_IKBKE,18,2.557887104732988,Reactome,4.515927343486464,1.0,high
REACTOME_TOLL_LIKE_RECEPTOR_TLR1_TLR2_CASCADE,111,2.55594319240537,Reactome,5.618920809072711,1.0,high
REACTOME_PI3K_AKT_SIGNALING_IN_CANCER,106,2.5451789828530917,Reactome,5.594774129463319,1.0,high
REACTOME_INITIAL_TRIGGERING_OF_COMPLEMENT,77,2.543921924484162,Reactome,4.147289532171886,1.0,high
REACTOME_COMPLEMENT_CASCADE,107,2.541507591752116,Reactome,5.586538326898767,1.0,high
REACTOME_MHC_CLASS_II_ANTIGEN_PRESENTATION,122,2.5402825993471696,Reactome,5.141940562532104,1.0,high
REACTOME_L1CAM_INTERACTIONS,120,2.5033621355169435,Reactome,5.064807722210903,1.0,high
REACTOME_ADP_SIGNALLING_THROUGH_P2Y_PURINOCEPTOR_1,24,2.502248054397131,Reactome,4.069673243037734,0.9916666666666667,high
REACTOME_RESPONSE_TO_ELEVATED_PLATELET_CYTOSOLIC_CA2,125,2.493718807333361,Reactome,5.04466124473517,1.0,high
HALLMARK_MYOGENESIS,178,2.4394844654536354,Hallmark,5.1515332829254,1.0,high
KEGG_HEMATOPOIETIC_CELL_LINEAGE,84,2.4377557417917726,KEGG,3.9699412822981306,1.0,high
HALLMARK_COMPLEMENT,197,2.4377168166897825,Hallmark,2.6909251046854066,0.9916666666666667,caution
REACTOME_G_ALPHA_I_SIGNALLING_EVENTS,282,2.42462114670579,Reactome,5.118416618604947,1.0,high
REACTOME_EPH_EPHRIN_MEDIATED_REPULSION_OF_CELLS,49,2.4202162605191546,Reactome,4.6501823224962235,1.0,high
KEGG_NITROGEN_METABOLISM,22,2.3978424287463773,KEGG,3.898437812629748,0.9916666666666667,high
REACTOME_CLASS_A_1_RHODOPSIN_LIKE_RECEPTORS,274,2.3930429975527225,Reactome,5.052544991134946,1.0,high
REACTOME_G_PROTEIN_BETA_GAMMA_SIGNALLING,31,2.387811023466102,Reactome,3.881985327526016,0.9916666666666667,high
REACTOME_SIGNALING_BY_CSF1_M_CSF_IN_MYELOID_CELLS,31,2.374605389364551,Reactome,3.8603267969143262,0.9916666666666667,high
REACTOME_SIGNALING_BY_INTERLEUKINS,441,2.3709750562074285,Reactome,4.677585100389187,0.9916666666666667,high
REACTOME_G_BETA_GAMMA_SIGNALLING_THROUGH_CDC42,19,2.329779205716297,Reactome,4.116548683682332,1.0,high
REACTOME_CYTOPROTECTION_BY_HMOX1,56,2.3190990463913503,Reactome,4.451359493101047,0.9916666666666667,high
REACTOME_ACYL_CHAIN_REMODELLING_OF_PI,16,2.3163018406898157,Reactome,4.0929520787196365,1.0,high
REACTOME_NUCLEOTIDE_LIKE_PURINERGIC_RECEPTORS,16,2.30883776486949,Reactome,4.079883734262262,1.0,high
KEGG_MEDICUS_REFERENCE_LPAR_GNB_G_RHO_SIGNALING_PATHWAY,22,2.2941490718534125,KEGG_MEDICUS,3.7283705725998764,0.9916666666666667,high
REACTOME_SIGNALING_BY_ERYTHROPOIETIN,25,2.289234725307708,Reactome,3.720310563949168,0.9916666666666667,high
HALLMARK_REACTIVE_OXYGEN_SPECIES_PATHWAY,48,2.27477460829748,Hallmark,4.364206081397714,0.9916666666666667,high
KEGG_STARCH_AND_SUCROSE_METABOLISM,43,2.2679336635730154,KEGG,4.350754998932814,0.9916666666666667,high
REACTOME_TRANSFERRIN_ENDOCYTOSIS_AND_RECYCLING,31,2.262302696619106,Reactome,3.676139404631761,0.9916666666666667,high
KEGG_AUTOIMMUNE_THYROID_DISEASE,40,2.2585219724599583,KEGG,4.3322491582346485,0.9916666666666667,high
HALLMARK_APICAL_JUNCTION,190,2.2539992960954,Hallmark,2.48231167241174,0.9916666666666667,caution
REACTOME_RESPIRATORY_SYNCYTIAL_VIRUS_RSV_ATTACHMENT_AND_ENTRY,22,2.203453390392016,Reactome,3.5796207906375703,0.9916666666666667,high
KEGG_ACUTE_MYELOID_LEUKEMIA,57,2.1901508796306013,KEGG,4.197813748374646,0.9916666666666667,high
REACTOME_ERBB2_REGULATES_CELL_MOTILITY,15,2.1894819576849307,Reactome,3.8709117411015965,1.0,high
KEGG_MEDICUS_PATHOGEN_HCMV_US28_TO_GNB_G_PI3K_NFKB_SIGNALING_PATHWAY,30,2.1816412889395984,KEGG_MEDICUS,3.5438468123961937,0.9833333333333333,high
REACTOME_CELLULAR_HEXOSE_TRANSPORT,18,2.1710009385210873,Reactome,3.8385545772449863,1.0,high
REACTOME_EGFR_DOWNREGULATION,31,2.1704410946668995,Reactome,3.525477399110418,0.9833333333333333,high
REACTOME_GOLGI_ASSOCIATED_VESICLE_BIOGENESIS,56,2.1580757083447244,Reactome,4.134745591647814,0.9916666666666667,high
REACTOME_DISEASES_OF_SIGNAL_TRANSDUCTION_BY_GROWTH_FACTOR_RECEPTORS_AND_SECOND_MESSENGERS,441,2.150111905249606,Reactome,4.225733066484982,0.9916666666666667,high
REACTOME_NERVOUS_SYSTEM_DEVELOPMENT,545,2.1352616588540276,Reactome,3.871503942144149,0.9916666666666667,high
REACTOME_SIGNALING_BY_ERBB2,50,2.11482681717859,Reactome,4.049706985867135,0.9916666666666667,high
REACTOME_PEPTIDE_LIGAND_BINDING_RECEPTORS,166,2.1092852527935126,Reactome,4.471572821403978,1.0,high
REACTOME_GRB2_EVENTS_IN_ERBB2_SIGNALING,16,2.0883113385243695,Reactome,3.693778961105483,1.0,high
REACTOME_FOXO_MEDIATED_TRANSCRIPTION_OF_CELL_CYCLE_GENES,17,2.0615810626034636,Reactome,3.6469787327069705,1.0,high
REACTOME_SIGNALING_BY_ERBB2_IN_CANCER,26,2.0611492653598287,Reactome,3.3462281171409343,0.9833333333333333,high
REACTOME_PROSTACYCLIN_SIGNALLING_THROUGH_PROSTACYCLIN_RECEPTOR,18,2.0610250601630256,Reactome,3.646005265718465,1.0,high
REACTOME_HEME_SIGNALING,48,2.0538032816709166,Reactome,3.929718791038136,0.9916666666666667,high
REACTOME_SIGNALING_BY_VEGF,104,2.0489972092038102,Reactome,4.4817205180355275,0.9916666666666667,high
REACTOME_SYNTHESIS_OF_PC,27,2.041936666096864,Reactome,3.314717576559004,0.9833333333333333,high
KEGG_PRIMARY_IMMUNODEFICIENCY,35,2.0401757443314605,KEGG,3.31182949275572,0.9833333333333333,high
REACTOME_PI3K_EVENTS_IN_ERBB2_SIGNALING,16,2.036405898159404,Reactome,3.6029012435916923,1.0,high
REACTOME_SIGNAL_TRANSDUCTION_BY_L1,21,2.030798729208167,Reactome,3.29645027146787,0.9833333333333333,high
REACTOME_EXTRACELLULAR_MATRIX_ORGANIZATION,294,2.025992876311534,Reactome,5.193857675975508,1.0,high
REACTOME_TRANS_GOLGI_NETWORK_VESICLE_BUDDING,71,2.0247774929116082,Reactome,3.2800702912026263,0.9833333333333333,high
KEGG_LEUKOCYTE_TRANSENDOTHELIAL_MIGRATION,110,2.019285155337237,KEGG,4.4150693216082635,0.9916666666666667,high
REACTOME_SIGNALING_BY_ERBB4,55,2.0053098606833193,Reactome,3.834368071074478,0.9916666666666667,high
REACTOME_GABA_B_RECEPTOR_ACTIVATION,39,1.9942174934176395,Reactome,3.812557582489761,0.9916666666666667,high
KEGG_SYSTEMIC_LUPUS_ERYTHEMATOSUS,124,1.942812570648384,KEGG,3.893728716325594,0.9916666666666667,high
REACTOME_GENERATION_OF_SECOND_MESSENGER_MOLECULES,37,1.9340723462292213,Reactome,3.13780954959133,0.9833333333333333,high
REACTOME_ENDOGENOUS_STEROLS,21,1.927501244134152,Reactome,3.1270322999125826,0.9833333333333333,high
REACTOME_GPCR_LIGAND_BINDING,387,1.9197269981208045,Reactome,3.2987122059488048,1.0,high
KEGG_CYTOKINE_CYTOKINE_RECEPTOR_INTERACTION,241,1.9093351262209244,KEGG,4.235525116189112,1.0,high
HALLMARK_COAGULATION,127,1.8998317260470476,Hallmark,3.8039347571069357,0.9916666666666667,high
HALLMARK_HYPOXIA,193,1.8988714576760437,Hallmark,2.079059783158585,0.9833333333333333,caution
REACTOME_INTERLEUKIN_10_SIGNALING,45,1.8911130238158063,Reactome,3.6098272902606294,0.9833333333333333,high
REACTOME_SIGNALING_BY_NOTCH2,33,1.8893554110446342,Reactome,3.0644694053689054,0.9833333333333333,high
KEGG_MEDICUS_PATHOGEN_HCMV_US28_TO_GNAQ_PLCB_G_CALCINEURIN_SIGNALING_PATHWAY,19,1.8853826886485003,KEGG_MEDICUS,3.3384849420353397,0.9916666666666667,high
REACTOME_REGULATION_OF_KIT_SIGNALING,16,1.8817561215150342,Reactome,3.3321354314410248,0.9916666666666667,high
REACTOME_REGULATION_OF_MITF_M_DEPENDENT_GENES_INVOLVED_IN_LYSOSOME_BIOGENESIS_AND_AUTOPHAGY,17,1.8779843722863052,Reactome,3.325531731356194,0.9916666666666667,high
REACTOME_SIGNAL_AMPLIFICATION,31,1.869949441056232,Reactome,3.032641717897694,0.9833333333333333,high
REACTOME_CHEMOKINE_RECEPTORS_BIND_CHEMOKINES,55,1.86590626042597,Reactome,3.560264215760499,0.9833333333333333,high
REACTOME_ONCOGENIC_MAPK_SIGNALING,79,1.830280655386564,Reactome,2.955167644556753,0.9833333333333333,caution
KEGG_PANTOTHENATE_AND_COA_BIOSYNTHESIS,16,1.8114247727581598,KEGG,3.2089970397859324,0.9916666666666667,high
REACTOME_REGULATION_OF_LIPID_METABOLISM_BY_PPARALPHA,113,1.8108439986677982,Reactome,3.6180249538592597,0.9916666666666667,high
KEGG_MEDICUS_REFERENCE_EGF_EGFR_PLCG_CAMK_SIGNALING_PATHWAY,15,1.806494774739035,KEGG_MEDICUS,3.200365440397211,0.9916666666666667,high
REACTOME_SEMA3A_PAK_DEPENDENT_AXON_REPULSION,16,1.7879966742552234,Reactome,3.167978370015197,0.9916666666666667,high
KEGG_CELL_ADHESION_MOLECULES_CAMS,128,1.7873731683592518,KEGG,3.568990580544778,0.9916666666666667,high
REACTOME_DEGRADATION_OF_THE_EXTRACELLULAR_MATRIX,128,1.7826750377395064,Reactome,3.5591754232767836,0.9916666666666667,high
HALLMARK_INFLAMMATORY_RESPONSE,199,1.7756285086301884,Hallmark,1.9391159469865948,0.9833333333333333,robust
KEGG_MEDICUS_PATHOGEN_KSHV_VGPCR_TO_GNB_G_PI3K_AKT_SIGNALING_PATHWAY,23,1.7748481295570624,KEGG_MEDICUS,2.8766662720783467,0.9833333333333333,caution
REACTOME_CHONDROITIN_SULFATE_DERMATAN_SULFATE_METABOLISM,37,1.7728551457338853,Reactome,2.8733975838191577,0.9833333333333333,caution
KEGG_MEDICUS_REFERENCE_GPCR_PI3K_SIGNALING_PATHWAY,30,1.7728142301428593,KEGG_MEDICUS,2.8733304782508893,0.9833333333333333,caution
REACTOME_THROMBIN_SIGNALLING_THROUGH_PROTEINASE_ACTIVATED_RECEPTORS_PARS,31,1.7654050080669061,Reactome,2.8611786298877737,0.9833333333333333,caution
REACTOME_REGULATION_OF_INSULIN_LIKE_GROWTH_FACTOR_IGF_TRANSPORT_AND_UPTAKE_BY_INSULIN_LIKE_GROWTH_FACTOR_BINDING_PROTEINS_IGFBPS,113,1.7643861765595514,Reactome,3.520967024391632,0.9916666666666667,high
REACTOME_CD209_DC_SIGN_SIGNALING,21,1.761718049509812,Reactome,2.8551316575001713,0.9833333333333333,caution
HALLMARK_APOPTOSIS,159,1.7614420299055134,Hallmark,3.6750527104065682,1.0,high
HALLMARK_TGF_BETA_SIGNALING,54,1.755484249937234,Hallmark,3.343145728643898,0.9833333333333333,high
REACTOME_APOPTOSIS,164,1.744886044843065,Reactome,3.7211862543982406,1.0,high
REACTOME_ADIPOGENESIS,108,1.7433118449341702,Reactome,3.795995614924839,0.9833333333333333,high
KEGG_FC_EPSILON_RI_SIGNALING_PATHWAY,77,1.7404541405814915,KEGG,2.805114446928875,0.9833333333333333,caution
KEGG_MEDICUS_REFERENCE_CROSSTALK_BETWEEN_EXTRINSIC_AND_INTRINSIC_APOPTOTIC_PATHWAYS,15,1.740091218624831,KEGG_MEDICUS,3.0841039546641857,0.9916666666666667,high
KEGG_ERBB_SIGNALING_PATHWAY,86,1.7337471098026493,KEGG,2.7939105009989027,0.9833333333333333,caution
REACTOME_SHC1_EVENTS_IN_ERBB2_SIGNALING,22,1.7214352264550814,Reactome,2.7890638905495724,0.9833333333333333,caution
REACTOME_LYSOSOME_VESICLE_BIOGENESIS,34,1.7137490995540645,Reactome,2.7764578912093776,0.9833333333333333,caution
REACTOME_INTERLEUKIN_1_FAMILY_SIGNALING,135,1.7107349314923443,Reactome,3.4088808670282833,0.9916666666666667,high
HALLMARK_KRAS_SIGNALING_UP,185,1.7068043851322998,Hallmark,3.6427668581076547,1.0,high
REACTOME_PROGRAMMED_CELL_DEATH,196,1.7011279804819448,Reactome,1.8545197101501545,0.9833333333333333,robust
KEGG_HISTIDINE_METABOLISM,29,1.6791325939148567,KEGG,2.719683438631712,0.9833333333333333,caution
REACTOME_SIGNALING_BY_SCF_KIT,43,1.6758124025401357,Reactome,3.1864900863849,0.9833333333333333,high
REACTOME_METABOLISM_OF_LIPIDS,730,1.6658902887510454,Reactome,3.0209725123002578,0.9916666666666667,high
KEGG_MEDICUS_REFERENCE_GF_RTK_RAS_ERK_SIGNALING_PATHWAY,78,1.664793406520927,KEGG_MEDICUS,2.6787248713642766,0.9666666666666667,caution
REACTOME_VASOPRESSIN_REGULATES_RENAL_WATER_HOMEOSTASIS_VIA_AQUAPORINS,40,1.6561079835389219,Reactome,3.147746056783197,0.9833333333333333,high
REACTOME_DENGUE_VIRUS_ATTACHMENT_AND_ENTRY,43,1.6443294184101345,Reactome,3.1245863241370726,0.975,high
HALLMARK_UV_RESPONSE_UP,151,1.6364587349483624,Hallmark,3.4217485077056766,1.0,high
REACTOME_TCR_SIGNALING,109,1.6348568880545244,Reactome,3.552705377671059,0.9833333333333333,high
REACTOME_CELLULAR_RESPONSES_TO_STIMULI,891,1.6308736828475372,Reactome,2.9575201464670875,0.9916666666666667,caution
REACTOME_PHASE_I_FUNCTIONALIZATION_OF_COMPOUNDS,97,1.6285594468550737,Reactome,3.538578720784308,0.9833333333333333,high
REACTOME_FLT3_SIGNALING,38,1.6234755360351798,Reactome,3.083582149591459,0.975,high
KEGG_NOD_LIKE_RECEPTOR_SIGNALING_PATHWAY,60,1.6227657329245813,KEGG,3.0821864914537227,0.975,high
REACTOME_G_ALPHA_12_13_SIGNALLING_EVENTS,76,1.6220576488891276,Reactome,2.607335737547639,0.9666666666666667,caution
KEGG_OTHER_GLYCAN_DEGRADATION,15,1.618342901840231,KEGG,2.87094307860314,0.975,caution
REACTOME_RA_BIOSYNTHESIS_PATHWAY,21,1.6155446518073027,Reactome,2.615392998651321,0.975,caution
REACTOME_RAC3_GTPASE_CYCLE,93,1.6135349683219382,Reactome,3.5048752456079986,0.9833333333333333,high
KEGG_MEDICUS_REFERENCE_GF_RTK_RAS_PI3K_SIGNALING_PATHWAY,76,1.6093511161744662,KEGG_MEDICUS,2.5861097569033302,0.9666666666666667,caution
REACTOME_SIGNALING_BY_EGFR,52,1.6085199224427562,Reactome,3.0541755106187085,0.975,high
REACTOME_SIGNALING_BY_PTK6,54,1.6081111171640647,Reactome,3.053371692763537,0.975,high
KEGG_BLADDER_CANCER,39,1.6070508805221997,KEGG,3.051286990858107,0.975,high
REACTOME_BIOLOGICAL_OXIDATIONS,191,1.6057269514232122,Reactome,1.7461907056545942,0.9833333333333333,robust
REACTOME_TOLL_LIKE_RECEPTOR_9_TLR9_CASCADE,109,1.6036810126319918,Reactome,3.4827704816887644,0.9833333333333333,high
REACTOME_MUSCLE_CONTRACTION,186,1.5879707267075227,Reactome,3.398059462908742,1.0,high
REACTOME_INTERLEUKIN_1_SIGNALING,101,1.5858694213100628,Reactome,3.4428148503072653,0.9833333333333333,high
REACTOME_EPHRIN_SIGNALING,19,1.5819022184737572,Reactome,2.807141555955368,0.9666666666666667,caution
REACTOME_AQUAPORIN_MEDIATED_TRANSPORT,48,1.5814663590328326,Reactome,3.0009811453587605,0.975,high
REACTOME_GAB1_SIGNALOSOME,17,1.5756955019299421,Reactome,2.796274636634562,0.9666666666666667,caution
KEGG_MEDICUS_REFERENCE_CXCR4_GNB_G_RAC_SIGNALING_PATHWAY,25,1.5705913715215059,KEGG_MEDICUS,2.541665225363143,0.975,caution
HALLMARK_ADIPOGENESIS,197,1.568767530606069,Hallmark,1.7042228432179247,0.9833333333333333,robust
REACTOME_RAB_GEFS_EXCHANGE_GTP_FOR_GDP_ON_RABS,90,1.5667072215697497,Reactome,3.399829483337837,0.9833333333333333,high
REACTOME_G_BETA_GAMMA_SIGNALLING_THROUGH_PI3KGAMMA,24,1.565559779960981,Reactome,2.533412923428899,0.975,caution
REACTOME_EXTRA_NUCLEAR_ESTROGEN_SIGNALING,72,1.5633366717706347,Reactome,2.5092436496648554,0.9666666666666667,caution
REACTOME_ERK_MAPK_TARGETS,22,1.549262341708561,Reactome,2.506683531824697,0.975,caution
REACTOME_OPIOID_SIGNALLING,87,1.544488012141349,Reactome,2.477757382447304,0.9666666666666667,caution
REACTOME_G_ALPHA_Z_SIGNALLING_EVENTS,43,1.5349187591134117,Reactome,2.909456417374891,0.975,caution
REACTOME_INTERLEUKIN_4_AND_INTERLEUKIN_13_SIGNALING,106,1.5341874225450771,Reactome,3.3268798473987653,0.9833333333333333,high
KEGG_MEDICUS_REFERENCE_TLR1_2_4_NFKB_SIGNALING_PATHWAY,20,1.5322016639039595,KEGG_MEDICUS,2.7201242235386793,0.9666666666666667,caution
REACTOME_CLASS_B_2_SECRETIN_FAMILY_RECEPTORS,80,1.5319489257133645,Reactome,2.456811117105335,0.9583333333333334,caution
MODULE_CLEAR,13,1.5200129904203776,module,2.6987839012541497,0.9666666666666667,caution
REACTOME_SARS_COV_2_ACTIVATES_MODULATES_INNATE_AND_ADAPTIVE_IMMUNE_RESPONSES,115,1.5141756388286196,Reactome,2.998236607400449,0.9916666666666667,caution
KEGG_FRUCTOSE_AND_MANNOSE_METABOLISM,34,1.5068396900572856,KEGG,2.4371062368343503,0.9666666666666667,caution
REACTOME_RAC2_GTPASE_CYCLE,88,1.5022989470261447,Reactome,3.2553464200859707,0.9833333333333333,high
REACTOME_CYTOKINE_SIGNALING_IN_IMMUNE_SYSTEM,759,1.5013276858827589,Reactome,2.722774380007513,0.9833333333333333,caution
REACTOME_CARGO_RECOGNITION_FOR_CLATHRIN_MEDIATED_ENDOCYTOSIS,102,1.4998399491413008,Reactome,3.2498303035706684,0.9833333333333333,high
REACTOME_SURFACTANT_METABOLISM,24,1.4981683666538579,Reactome,2.4228844189395975,0.9666666666666667,caution
KEGG_MEDICUS_REFERENCE_CCR2_GNB_G_PI3K_NFKB_SIGNALING_PATHWAY,30,1.496793526063954,KEGG_MEDICUS,2.4206295459987266,0.9666666666666667,caution
REACTOME_CELLULAR_RESPONSES_TO_MECHANICAL_STIMULI,99,1.4945960227528314,Reactome,3.2380669307207963,0.9833333333333333,high
REACTOME_TNFS_BIND_THEIR_PHYSIOLOGICAL_RECEPTORS,29,1.4918960176897234,Reactome,2.4125971535949553,0.9666666666666667,caution
KEGG_MEDICUS_REFERENCE_PDGF_PDGFR_PLCG_CAMK_SIGNALING_PATHWAY,17,1.4871191985302785,KEGG_MEDICUS,2.641192390492909,0.9583333333333334,caution
KEGG_MEDICUS_REFERENCE_GF_RTK_PI3K_SIGNALING_PATHWAY,70,1.4799608845726095,KEGG_MEDICUS,2.369966249211836,0.9583333333333334,caution
REACTOME_TRANSCRIPTIONAL_REGULATION_OF_WHITE_ADIPOCYTE_DIFFERENTIATION,84,1.4598788912081395,Reactome,2.336419725386218,0.9583333333333334,caution
REACTOME_ADORA2B_MEDIATED_ANTI_INFLAMMATORY_CYTOKINES_PRODUCTION,40,1.452055584827754,Reactome,2.7465257936799308,0.975,caution
REACTOME_TNFR2_NON_CANONICAL_NF_KB_PATHWAY,88,1.4519160925909294,Reactome,3.1423257065867367,0.9833333333333333,high
REACTOME_RAB_GERANYLGERANYLATION,65,1.4435389509952992,Reactome,2.309124218226604,0.9583333333333334,caution
HALLMARK_EPITHELIAL_MESENCHYMAL_TRANSITION,186,1.438574738828657,Hallmark,3.090416800622557,1.0,high
REACTOME_TRIGLYCERIDE_METABOLISM,33,1.432855913492651,Reactome,2.3157656122818846,0.9666666666666667,caution
KEGG_MEDICUS_PATHOGEN_HIV_GP120_TO_CXCR4_GNB_G_RAC_SIGNALING_PATHWAY,25,1.4319662961816675,KEGG_MEDICUS,2.3143065529429343,0.9666666666666667,caution
KEGG_TRYPTOPHAN_METABOLISM,40,1.4064460349584917,KEGG,2.6568455168777474,0.975,caution
REACTOME_RHO_GTPASES_ACTIVATE_WASPS_AND_WAVES,36,1.4011148611420854,Reactome,2.2637071841370955,0.9666666666666667,caution
REACTOME_SMOOTH_MUSCLE_CONTRACTION,42,1.3963768568701966,Reactome,2.637046885215799,0.975,caution
REACTOME_CDC42_GTPASE_CYCLE,151,1.3944316490890791,Reactome,2.9312311306704166,1.0,caution
REACTOME_METABOLISM_OF_FAT_SOLUBLE_VITAMINS,40,1.3864547794891362,Reactome,2.6175374919300336,0.975,caution
HALLMARK_ESTROGEN_RESPONSE_LATE,184,1.3844957124226065,Hallmark,2.97905493680268,1.0,caution
REACTOME_PYROPTOSIS,27,1.3784980811192922,Reactome,2.2266134543930627,0.9666666666666667,caution
HALLMARK_NOTCH_SIGNALING,31,1.3782133480167336,Hallmark,2.226146464275776,0.9666666666666667,caution
REACTOME_PHOSPHOLIPID_METABOLISM,207,1.3731877043169167,Reactome,1.4821396215759972,0.9833333333333333,robust
REACTOME_DETOXIFICATION_OF_REACTIVE_OXYGEN_SPECIES,35,1.370218986464366,Reactome,2.2130349299812937,0.9666666666666667,caution
REACTOME_REGULATED_NECROSIS,59,1.3679579397091333,Reactome,2.58116787819363,0.975,caution
REACTOME_G_ALPHA_Q_SIGNALLING_EVENTS,189,1.3669861723033612,Reactome,1.4750977081291075,0.9833333333333333,robust
REACTOME_TRANSPORT_OF_SMALL_MOLECULES,678,1.3631514284124242,Reactome,2.4723900205802725,0.9833333333333333,caution
REACTOME_G_PROTEIN_MEDIATED_EVENTS,52,1.3601283243351578,Reactome,2.5657728112393308,0.975,caution
REACTOME_ONCOGENE_INDUCED_SENESCENCE,34,1.3600664967498886,Reactome,2.196383854570985,0.9666666666666667,caution
REACTOME_MAP2K_AND_MAPK_ACTIVATION,38,1.358854509491015,Reactome,2.5632681588552377,0.975,caution
REACTOME_CD28_DEPENDENT_PI3K_AKT_SIGNALING,27,1.3542318681705785,Reactome,2.186814493439134,0.9666666666666667,caution
REACTOME_ADP_SIGNALLING_THROUGH_P2Y_PURINOCEPTOR_12,20,1.3506904808292461,Reactome,2.402328595468223,0.9583333333333334,caution
REACTOME_THROMBOXANE_SIGNALLING_THROUGH_TP_RECEPTOR,23,1.3501974228576095,Reactome,2.180197608809424,0.9666666666666667,caution
REACTOME_OTHER_INTERLEUKIN_SIGNALING,24,1.348981161451005,Reactome,2.1782028212282913,0.9666666666666667,caution
HALLMARK_ANGIOGENESIS,33,1.3485624114532488,Hallmark,2.1775160303044094,0.9666666666666667,caution
KEGG_ENDOCYTOSIS,180,1.3445206806350558,KEGG,2.8967366270628725,1.0,caution
REACTOME_TNF_RECEPTOR_SUPERFAMILY_TNFSF_MEMBERS_MEDIATING_NON_CANONICAL_NF_KB_PATHWAY,17,1.335752372527387,Reactome,2.3761744741102033,0.9583333333333334,caution
REACTOME_SIGNALING_BY_EGFR_IN_CANCER,25,1.329921241507467,Reactome,2.1469426896527097,0.9666666666666667,caution
REACTOME_INTERFERON_GAMMA_SIGNALING,95,1.3199587129650228,Reactome,2.8463139509212003,0.9833333333333333,caution
REACTOME_PRESYNAPTIC_FUNCTION_OF_KAINATE_RECEPTORS,20,1.300886595334211,Reactome,2.315130347938048,0.9583333333333334,caution
KEGG_PATHWAYS_IN_CANCER,312,1.298560207521443,KEGG,3.3110174552920055,0.9916666666666667,high
REACTOME_ACYL_CHAIN_REMODELLING_OF_PS,21,1.2914914526939945,Reactome,2.083914079968635,0.9666666666666667,caution
REACTOME_INTRACELLULAR_SIGNALING_BY_SECOND_MESSENGERS,294,1.2832582579163962,Reactome,3.27141086707103,0.9916666666666667,high
REACTOME_REGULATION_OF_T_CELL_ACTIVATION_BY_CD28_FAMILY,262,1.2763226982209983,Reactome,2.8044006560035792,0.9916666666666667,caution
KEGG_DORSO_VENTRAL_AXIS_FORMATION,24,1.2721128213727153,KEGG,2.0521312305835173,0.9666666666666667,caution
REACTOME_SYNTHESIS_OF_PROSTAGLANDINS_PG_AND_THROMBOXANES_TX,15,1.2701009629990236,Reactome,2.261229870855708,0.9583333333333334,caution
KEGG_PRION_DISEASES,33,1.267978098178891,KEGG,2.045349880428299,0.9666666666666667,caution
REACTOME_DEVELOPMENTAL_CELL_LINEAGES_OF_THE_EXOCRINE_PANCREAS,68,1.2630286754516367,Reactome,2.0075858126812696,0.9416666666666667,caution
HALLMARK_P53_PATHWAY,193,1.2537216651469651,Hallmark,1.34648451154211,0.9833333333333333,robust
REACTOME_G_PROTEIN_ACTIVATION,23,1.2499901603395154,Reactome,2.015847904276353,0.9666666666666667,caution
KEGG_MEDICUS_REFERENCE_ANGIOTENSIN_ALDOSTERONE_SIGNALING_PATHWAY,26,1.2496859709895616,KEGG_MEDICUS,2.0153490040117337,0.9666666666666667,caution
HALLMARK_IL2_STAT5_SIGNALING,197,1.2487183952880192,Hallmark,1.3408032390402318,0.9833333333333333,robust
REACTOME_CRMPS_IN_SEMA3A_SIGNALING,16,1.2474227892448768,Reactome,2.2215241934996,0.9583333333333334,caution
REACTOME_TRANSCRIPTIONAL_REGULATION_OF_PLURIPOTENT_STEM_CELLS,28,1.2329808209867266,Reactome,1.98795092528814,0.9666666666666667,robust
KEGG_APOPTOSIS,86,1.2323825433087678,KEGG,1.9563921296919762,0.9416666666666667,robust
REACTOME_NUCLEAR_EVENTS_STIMULATED_BY_ALK_SIGNALING_IN_CANCER,34,1.2288856187202746,Reactome,1.9812343933164875,0.9666666666666667,robust
REACTOME_RHOC_GTPASE_CYCLE,74,1.2281923927231233,Reactome,1.9493925762162267,0.9416666666666667,robust
HALLMARK_HEDGEHOG_SIGNALING,34,1.2152503650934618,Hallmark,1.9588712446934473,0.9666666666666667,robust
REACTOME_ARACHIDONATE_METABOLISM,58,1.211808692775129,Reactome,2.2741377117562425,0.975,caution
REACTOME_SIGNALING_BY_BRAF_AND_RAF1_FUSIONS,63,1.2109651971046647,Reactome,1.9206149286105032,0.9416666666666667,robust
REACTOME_GLYCOGEN_BREAKDOWN_GLYCOGENOLYSIS,15,1.1995386488593442,Reactome,2.1376870975661197,0.95,caution
KEGG_MEDICUS_REFERENCE_E2_ER_RAS_ERK_SIGNALING_PATHWAY,23,1.1955685630544521,KEGG_MEDICUS,1.9265911657001151,0.9666666666666667,robust
REACTOME_SIALIC_ACID_METABOLISM,31,1.189737759020913,Reactome,1.9170280771971302,0.9666666666666667,robust
REACTOME_RECYCLING_PATHWAY_OF_L1,49,1.1812988368397757,Reactome,2.2141473734757677,0.975,caution
REACTOME_GABA_RECEPTOR_ACTIVATION,54,1.1809872297412978,Reactome,2.2135346726066487,0.975,caution
KEGG_GLYCEROPHOSPHOLIPID_METABOLISM,75,1.1790829601130723,KEGG,1.8673563599295318,0.9416666666666667,robust
REACTOME_METABOLISM_OF_CARBOHYDRATES_AND_CARBOHYDRATE_DERIVATIVES,288,1.1763664651708028,Reactome,2.9947389835039693,0.9833333333333333,caution
REACTOME_PHOSPHORYLATION_OF_CD3_AND_TCR_ZETA_CHAINS,25,1.1701119662112487,Reactome,1.8848398588141242,0.9666666666666667,robust
KEGG_GAP_JUNCTION,87,1.1658764944017856,KEGG,1.8452952523195814,0.9416666666666667,robust
REACTOME_SIGNALING_BY_FLT3_ITD_AND_TKD_MUTANTS,16,1.1565124410552383,Reactome,2.0623554265309116,0.95,caution
REACTOME_SIGNALING_BY_NUCLEAR_RECEPTORS,279,1.156433674755742,Reactome,2.4729932814268314,0.9916666666666667,caution
REACTOME_NUCLEAR_EVENTS_KINASE_AND_TRANSCRIPTION_FACTOR_ACTIVATION,59,1.1551843508539417,Reactome,2.162799479482746,0.975,caution
KEGG_GLYCOSAMINOGLYCAN_BIOSYNTHESIS_CHONDROITIN_SULFATE,22,1.1497265111656072,KEGG,1.8514057201166578,0.9666666666666667,robust
KEGG_MEDICUS_REFERENCE_TCR_PLCG_ITPR_SIGNALING_PATHWAY,19,1.1485990372172719,KEGG_MEDICUS,2.0485003841017817,0.95,caution
KEGG_PPAR_SIGNALING_PATHWAY,64,1.1443166733554082,KEGG,1.8092800501789428,0.9416666666666667,robust
REACTOME_TRAF6_MEDIATED_NF_KB_ACTIVATION,25,1.141644093218549,Reactome,1.8381497647284746,0.9666666666666667,robust
KEGG_MEDICUS_PATHOGEN_KSHV_VGPCR_TO_GNB_G_ERK_SIGNALING_PATHWAY,30,1.1391834761464896,KEGG_MEDICUS,1.8341141122358326,0.9666666666666667,robust
REACTOME_PEPTIDE_HORMONE_METABOLISM,72,1.1349081102876832,Reactome,1.7935632545706601,0.9416666666666667,robust
KEGG_ARRHYTHMOGENIC_RIGHT_VENTRICULAR_CARDIOMYOPATHY_ARVC,71,1.1304815658140173,KEGG,1.7861688103560875,0.9416666666666667,robust
REACTOME_SYNTHESIS_OF_LEUKOTRIENES_LT_AND_EOXINS_EX,20,1.1299141674674265,Reactome,2.0157863120706243,0.95,caution
KEGG_MEDICUS_REFERENCE_TLR2_4_MAPK_SIGNALING_PATHWAY,26,1.1229258534850008,KEGG_MEDICUS,1.8074500220922327,0.9666666666666667,robust
REACTOME_FORMATION_OF_FIBRIN_CLOT_CLOTTING_CASCADE,34,1.1226376239041256,Reactome,1.80697729740877,0.9666666666666667,robust
KEGG_REGULATION_OF_ACTIN_CYTOSKELETON,200,1.1200087936867864,KEGG,1.1946519537967795,0.9666666666666667,robust
REACTOME_GLUCAGON_SIGNALING_IN_METABOLIC_REGULATION,29,1.1186627685766741,Reactome,1.8004581461794824,0.9666666666666667,robust
REACTOME_GLUCAGON_TYPE_LIGAND_RECEPTORS,26,1.1154597441758303,Reactome,1.7952048731066266,0.9666666666666667,robust
REACTOME_SYNTHESIS_OF_IP3_AND_IP4_IN_THE_CYTOSOL,26,1.11267262550069,Reactome,1.7906337260734941,0.9666666666666667,robust
REACTOME_TRANSCRIPTIONAL_REGULATION_BY_VENTX,40,1.106908247406138,Reactome,2.0678760625110826,0.9666666666666667,caution
REACTOME_MYD88_INDEPENDENT_TLR4_CASCADE,109,1.106002858735117,Reactome,2.3663601338246383,0.975,caution
KEGG_COMPLEMENT_AND_COAGULATION_CASCADES,61,1.1013227616564,KEGG,2.0568935400010604,0.9666666666666667,caution
REACTOME_DEVELOPMENTAL_LINEAGE_OF_MAMMARY_GLAND_MYOEPITHELIAL_CELLS,19,1.0951895891539336,Reactome,1.9549894014467986,0.95,robust
REACTOME_NUCLEAR_EVENTS_MEDIATED_BY_NFE2L2,85,1.0925033450832207,Reactome,1.7227270362514153,0.9416666666666667,robust
REACTOME_FORMATION_OF_THE_EMBRYONIC_STEM_CELL_BAF_ESBAF_COMPLEX,19,1.0903479523656396,Reactome,1.9465125077482346,0.95,robust
REACTOME_CELL_CELL_COMMUNICATION,317,1.086359572004286,Reactome,2.24173687594802,0.9916666666666667,caution
HALLMARK_APICAL_SURFACE,43,1.0800833468259445,Hallmark,2.015131308043684,0.9666666666666667,caution
REACTOME_RSV_HOST_INTERACTIONS,87,1.07841028923789,Reactome,1.6991848995167425,0.9416666666666667,robust
REACTOME_GLYCOSAMINOGLYCAN_METABOLISM,131,1.0783716277798014,Reactome,2.087771306906367,0.9583333333333334,caution
REACTOME_MYOGENESIS,25,1.0776586136575892,Reactome,1.7332073244701973,0.9666666666666667,robust
REACTOME_SIGNALING_BY_KIT_IN_DISEASE,20,1.0776049919953292,Reactome,1.9242017221219143,0.95,robust
REACTOME_CYCLIN_D_ASSOCIATED_EVENTS_IN_G1,47,1.076952682422989,Reactome,2.0089756048842236,0.9666666666666667,caution
KEGG_PENTOSE_PHOSPHATE_PATHWAY,26,1.0725064116345484,KEGG,1.724757209589267,0.9666666666666667,robust
KEGG_ARACHIDONIC_ACID_METABOLISM,54,1.0712118245393842,KEGG,1.997687580214841,0.9666666666666667,robust
REACTOME_RAB_REGULATION_OF_TRAFFICKING,121,1.0656976729342784,Reactome,2.06129335852974,0.9583333333333334,caution
REACTOME_ELEVATION_OF_CYTOSOLIC_CA2_LEVELS,15,1.0652935386237183,Reactome,1.9026464328531492,0.95,robust
REACTOME_PLATELET_SENSITIZATION_BY_LDL,17,1.0651060835390287,Reactome,1.9023182304506039,0.95,robust
KEGG_MEDICUS_REFERENCE_CYTOKINE_JAK_STAT_SIGNALING_PATHWAY,44,1.0638563096747917,KEGG_MEDICUS,1.9832247185779674,0.9666666666666667,robust
REACTOME_SIGNALING_BY_MODERATE_KINASE_ACTIVITY_BRAF_MUTANTS,43,1.0618713714192305,Reactome,1.9793218120001952,0.9666666666666667,robust
REACTOME_RHO_GTPASE_CYCLE,441,1.0597869644579505,Reactome,1.9950959503493242,0.95,robust
REACTOME_CLASS_I_MHC_MEDIATED_ANTIGEN_PROCESSING_PRESENTATION,365,1.0592532738537126,Reactome,1.796965711993687,0.975,robust
REACTOME_INWARDLY_RECTIFYING_K_CHANNELS,33,1.05605015497862,Reactome,1.6977673402808038,0.9666666666666667,robust
REACTOME_GLYCOGEN_STORAGE_DISEASES,15,1.0548512826242564,Reactome,1.8843637945737461,0.95,robust
KEGG_MEDICUS_REFERENCE_IFN_RIPK1_3_SIGNALING_PATHWAY,21,1.0548083129900012,KEGG_MEDICUS,1.6957305980449862,0.9666666666666667,robust
REACTOME_MET_PROMOTES_CELL_MOTILITY,39,1.0538620610678746,Reactome,1.96357341782917,0.9666666666666667,robust
REACTOME_MAPK_FAMILY_SIGNALING_CASCADES,298,1.053062481560483,Reactome,2.6755868342086195,0.9833333333333333,caution
REACTOME_KEAP1_NFE2L2_PATHWAY,111,1.04978031760714,Reactome,2.240239615559945,0.975,caution
REACTOME_ECM_PROTEOGLYCANS,68,1.0479031003491226,Reactome,1.648223318147021,0.9416666666666667,robust
REACTOME_NRIF_SIGNALS_CELL_DEATH_FROM_THE_NUCLEUS,15,1.038911837114644,Reactome,1.8564564997668083,0.9416666666666667,robust
REACTOME_PRE_NOTCH_PROCESSING_IN_GOLGI,18,1.037018469188503,Reactome,1.8531415301926815,0.9416666666666667,robust
KEGG_NICOTINATE_AND_NICOTINAMIDE_METABOLISM,24,1.0345604108993038,KEGG,1.6625220596377046,0.9666666666666667,robust
REACTOME_ESTROGEN_DEPENDENT_NUCLEAR_EVENTS_DOWNSTREAM_OF_ESR_MEMBRANE_SIGNALING,24,1.0310443885290603,Reactome,1.6567554393034065,0.9666666666666667,robust
REACTOME_POST_TRANSLATIONAL_MODIFICATION_SYNTHESIS_OF_GPI_ANCHORED_PROTEINS,81,1.0259233100477936,Reactome,1.6115065666949386,0.9333333333333333,robust
REACTOME_CELL_DEATH_SIGNALLING_VIA_NRAGE_NRIF_AND_NADE,74,1.0213987347818272,Reactome,1.6039483642194272,0.9333333333333333,robust
REACTOME_ACTIVATION_OF_MATRIX_METALLOPROTEINASES,28,1.0209452276550215,Reactome,1.6401918284036423,0.9666666666666667,robust
REACTOME_SPRY_REGULATION_OF_FGF_SIGNALING,16,1.0193002946156728,Reactome,1.822119979226773,0.9333333333333333,robust
REACTOME_MAPK1_MAPK3_SIGNALING,260,1.0143104200419324,Reactome,2.212039173693091,0.9833333333333333,caution
REACTOME_EFFECTS_OF_PIP2_HYDROLYSIS,26,1.013994459987257,Reactome,1.6287918900781257,0.9666666666666667,robust
REACTOME_SEMA4D_INDUCED_CELL_MIGRATION_AND_GROWTH_CONE_COLLAPSE,20,1.0103541995687455,Reactome,1.806456867753107,0.9333333333333333,robust
REACTOME_P75_NTR_RECEPTOR_MEDIATED_SIGNALLING,94,1.0101123933257194,Reactome,2.1512550362704848,0.975,caution
REACTOME_REGULATION_OF_EXPRESSION_AND_FUNCTION_OF_TYPE_II_CLASSICAL_CADHERINS,28,1.009196062063602,Reactome,1.6209220485001024,0.9666666666666667,robust
KEGG_AMINO_SUGAR_AND_NUCLEOTIDE_SUGAR_METABOLISM,44,1.0069586931409753,KEGG,1.8713491571053489,0.9666666666666667,robust
REACTOME_CS_DS_DEGRADATION,20,0.999811657232131,Reactome,1.787998644923141,0.9333333333333333,robust
REACTOME_INTEGRIN_SIGNALING,25,0.9982809811816088,Reactome,1.603020249041343,0.9666666666666667,robust
KEGG_ETHER_LIPID_METABOLISM,31,0.9948991109221194,KEGG,1.5974736512803684,0.9666666666666667,robust
HALLMARK_TNFA_SIGNALING_VIA_NFKB,197,0.9946113478948986,Hallmark,1.052261660914737,0.9666666666666667,robust
REACTOME_INTERLEUKIN_RECEPTOR_SHC_SIGNALING,27,0.994050141958442,Reactome,1.5960812592038667,0.9666666666666667,robust
KEGG_MEDICUS_REFERENCE_CX3CR1_GNAI_AC_PKA_SIGNALING_PATHWAY,16,0.9936825774082964,KEGG_MEDICUS,1.7772676544733252,0.9333333333333333,robust
REACTOME_FORMATION_OF_NEURONAL_PROGENITOR_AND_NEURONAL_BAF_NPBAF_AND_NBAF,25,0.9828121740856908,Reactome,1.5776498935221097,0.9666666666666667,robust
KEGG_MEDICUS_VARIANT_MUTATION_INACTIVATED_ATP2B3_TO_ANGIOTENSIN_ALDOSTERONE_SIGNALING_PATHWAY,22,0.9815079590727962,KEGG_MEDICUS,1.5755108534302988,0.9666666666666667,robust
KEGG_MEDICUS_VARIANT_MUTATION_INACTIVATED_PDE11A_PDE8B_TO_ACTH_CORTISOL_SIGNALING_PATHWAY,20,0.9802568694851708,KEGG_MEDICUS,1.7537614924317064,0.9333333333333333,robust
KEGG_MEDICUS_REFERENCE_CCR5_GNB_G_PLCB_G_PKC_SIGNALING_PATHWAY,25,0.9741631509352192,KEGG_MEDICUS,1.5634646502217748,0.9666666666666667,robust
REACTOME_CA_DEPENDENT_EVENTS,36,0.9716714436108328,Reactome,1.559378006676634,0.9666666666666667,robust
REACTOME_RAC1_GTPASE_CYCLE,183,0.9673893832984994,Reactome,2.1201315924073603,0.9916666666666667,caution
KEGG_MEDICUS_REFERENCE_HORMONE_LIKE_CYTOKINE_TO_JAK_STAT_SIGNALING_PATHWAY,16,0.9654090925648893,KEGG_MEDICUS,1.7277655261672549,0.925,robust
KEGG_GLYCOLYSIS_GLUCONEOGENESIS,60,0.9629708646368785,KEGG,1.784857607693393,0.95,robust
KEGG_MEDICUS_REFERENCE_CXCR4_GNB_G_PLCB_PKC_SIGNALING_PATHWAY,30,0.9623577935069569,KEGG_MEDICUS,1.5441027102137652,0.9583333333333334,robust
KEGG_CYTOSOLIC_DNA_SENSING_PATHWAY,45,0.9618672292453919,KEGG,1.7826875725213531,0.95,robust
REACTOME_APOPTOTIC_CLEAVAGE_OF_CELLULAR_PROTEINS,36,0.9595918635002345,Reactome,1.5395663146677647,0.9583333333333334,robust
REACTOME_NOD1_2_SIGNALING_PATHWAY,36,0.9591235726903488,Reactome,1.5387982719699973,0.9583333333333334,robust
REACTOME_SPHINGOLIPID_METABOLISM,105,0.958906975451557,Reactome,2.036389117536051,0.975,caution
REACTOME_SIGNALING_BY_NOTCH1,73,0.9496303343022283,Reactome,1.4840608454397959,0.9166666666666666,robust
KEGG_GLUTATHIONE_METABOLISM,44,0.9477642022334685,KEGG,1.7549573412473471,0.9416666666666667,robust
REACTOME_SARS_COV_1_ACTIVATES_MODULATES_INNATE_IMMUNE_RESPONSES,41,0.9471793237600691,Reactome,1.7538073175452837,0.9416666666666667,robust
REACTOME_METABOLIC_DISORDERS_OF_BIOLOGICAL_OXIDATION_ENZYMES,30,0.9398864487848106,Reactome,1.5072475085772703,0.9583333333333334,robust
REACTOME_GPER1_SIGNALING,42,0.9395198314881033,Reactome,1.7387467570029616,0.9416666666666667,robust
REACTOME_PLATELET_CALCIUM_HOMEOSTASIS,27,0.9341134334234894,Reactome,1.4977791991448406,0.9583333333333334,robust
HALLMARK_CHOLESTEROL_HOMEOSTASIS,73,0.933979900154777,Hallmark,1.4579171428461273,0.9166666666666666,robust
REACTOME_RESPIRATORY_SYNCYTIAL_VIRUS_INFECTION_PATHWAY,110,0.9311537952153376,Reactome,1.9741321400913994,0.975,robust
KEGG_PATHOGENIC_ESCHERICHIA_COLI_INFECTION,56,0.9309919062458876,KEGG,1.7219786306245506,0.9416666666666667,robust
REACTOME_REGULATION_OF_INSULIN_SECRETION,71,0.9268592812347094,Reactome,1.4460223071134446,0.9166666666666666,robust
REACTOME_LISTERIA_MONOCYTOGENES_ENTRY_INTO_HOST_CELLS,20,0.9253399894131127,Reactome,1.6576112492426356,0.925,robust
REACTOME_ACYL_CHAIN_REMODELLING_OF_PE,27,0.9238816462394362,Reactome,1.4809980681340942,0.9583333333333334,robust
REACTOME_GLYCOSPHINGOLIPID_CATABOLISM,37,0.9237941877027523,Reactome,1.4808546275859573,0.9583333333333334,robust
REACTOME_RHO_GTPASES_ACTIVATE_CIT,19,0.9237782378804017,Reactome,1.6548768843356336,0.925,robust
KEGG_MEDICUS_REFERENCE_IL1_IL1R_P38_SIGNALING_PATHWAY,17,0.9196773072911469,KEGG_MEDICUS,1.6476968429177496,0.925,robust
KEGG_MAPK_SIGNALING_PATHWAY,252,0.9157830832352353,KEGG,1.9892870199217605,0.9666666666666667,robust
REACTOME_SLC_MEDIATED_TRANSPORT_OF_AMINO_ACIDS,37,0.9125722030402542,Reactome,1.4624494759311737,0.9583333333333334,robust
HALLMARK_INTERFERON_GAMMA_RESPONSE,194,0.9119470708848381,Hallmark,0.9583953900348697,0.9583333333333334,robust
REACTOME_VEGFR2_MEDIATED_CELL_PROLIFERATION,19,0.9116429574161277,Reactome,1.6336300442697647,0.925,robust
KEGG_NEUROACTIVE_LIGAND_RECEPTOR_INTERACTION,223,0.9113830639537145,KEGG,1.4261185913985288,0.95,robust
KEGG_MEDICUS_VARIANT_MUTATION_INACTIVATED_PRKAR1A_TO_ACTH_CORTISOL_SIGNALING_PATHWAY,18,0.9110827822157525,KEGG_MEDICUS,1.632649271478705,0.925,robust
REACTOME_G_ALPHA_S_SIGNALLING_EVENTS,132,0.9073690754269907,Reactome,1.7305192250853108,0.9333333333333333,robust
KEGG_PROSTATE_CANCER,87,0.9051987334340357,KEGG,1.4098388431672395,0.9083333333333333,robust
REACTOME_CO_STIMULATION_BY_CD28,48,0.9041821680305173,Reactome,1.6692636893229964,0.9416666666666667,robust
REACTOME_ACTIVATION_OF_KAINATE_RECEPTORS_UPON_GLUTAMATE_BINDING,29,0.9023802838999269,Reactome,1.445733732408739,0.95,robust
REACTOME_MAPK_TARGETS_NUCLEAR_EVENTS_MEDIATED_BY_MAP_KINASES,31,0.8977634202295691,Reactome,1.43816162474882,0.95,robust
KEGG_MEDICUS_VARIANT_MUTATION_ACTIVATED_PRKACA_TO_ACTH_CORTISOL_SIGNALING_PATHWAY,17,0.8955492615607763,KEGG_MEDICUS,1.605452682987176,0.925,robust
REACTOME_DEVELOPMENTAL_LINEAGES_OF_THE_MAMMARY_GLAND,33,0.8923068904855658,Reactome,1.4292123826612924,0.95,robust
REACTOME_ACTIVATED_NOTCH1_TRANSMITS_SIGNAL_TO_THE_NUCLEUS,31,0.8785859533865142,Reactome,1.4067087047692952,0.95,robust
REACTOME_NGF_STIMULATED_TRANSCRIPTION,37,0.8782237429276574,Reactome,1.4061146442152395,0.95,robust
REACTOME_CLATHRIN_MEDIATED_ENDOCYTOSIS,142,0.8724496256866704,Reactome,1.8733278300135145,0.9583333333333334,robust
REACTOME_FATTY_ACID_METABOLISM,174,0.8706673912727416,Reactome,1.9209574944218502,0.9833333333333333,robust
REACTOME_BACTERIAL_INFECTION_PATHWAYS,105,0.8684879852775984,Reactome,1.8335578389612852,0.975,robust
REACTOME_RECYCLING_OF_BILE_ACIDS_AND_SALTS,15,0.8645119535953729,Reactome,1.5511115641018371,0.925,robust
REACTOME_GLYCOGEN_METABOLISM,25,0.8619189016705502,Reactome,1.3793731109597998,0.95,robust
KEGG_NOTCH_SIGNALING_PATHWAY,44,0.8615696616849947,KEGG,1.585476382163522,0.9416666666666667,robust
REACTOME_DEVELOPMENTAL_LINEAGE_OF_PANCREATIC_DUCTAL_CELLS,42,0.8559345658994537,Reactome,1.5743963133774297,0.9416666666666667,robust
REACTOME_FLT3_SIGNALING_IN_DISEASE,28,0.847796129471879,Reactome,1.356210384230084,0.95,robust
REACTOME_SIGNALING_BY_NTRKS,128,0.8457354999802744,Reactome,1.6017566842023787,0.925,robust
REACTOME_RET_SIGNALING,37,0.8455509654210166,Reactome,1.3525280957500363,0.9416666666666667,robust
REACTOME_EICOSANOID_LIGAND_BINDING_RECEPTORS,15,0.845081384150039,Reactome,1.5170918970155132,0.9166666666666666,robust
REACTOME_NRAGE_SIGNALS_DEATH_THROUGH_JNK,57,0.8449875226048909,Reactome,1.5528715696420503,0.9416666666666667,robust
REACTOME_COOPERATION_OF_PDCL_PHLP1_AND_TRIC_CCT_IN_G_PROTEIN_BETA_FOLDING,37,0.8412916864934601,Reactome,1.345542462017736,0.9333333333333333,robust
REACTOME_DOWNSTREAM_TCR_SIGNALING,87,0.8407021799575339,Reactome,1.302098783273699,0.8916666666666667,robust
KEGG_MEDICUS_PATHOGEN_SALMONELLA_SOPE_TO_RAC_SIGNALING_PATHWAY,20,0.8350481924798293,KEGG_MEDICUS,1.4995254617448386,0.9166666666666666,robust
REACTOME_GENE_AND_PROTEIN_EXPRESSION_BY_JAK_STAT_SIGNALING_AFTER_INTERLEUKIN_12_STIMULATION,36,0.8350239165962525,Reactome,1.3352627067904008,0.925,robust
KEGG_MEDICUS_PATHOGEN_HCMV_UL33_TO_GNB_G_RHO_SIGNALING_PATHWAY,32,0.832343226784873,KEGG_MEDICUS,1.330866113495923,0.925,robust
HALLMARK_PEROXISOME,101,0.831129746602208,Hallmark,1.7497544332690476,0.975,robust
REACTOME_CO_INHIBITION_BY_CTLA4,21,0.8211235505118765,Reactome,1.3124647478255382,0.925,robust
REACTOME_INSULIN_RECEPTOR_RECYCLING,29,0.8200421704236943,Reactome,1.3106911787895754,0.925,robust
REACTOME_SEMA4D_IN_SEMAPHORIN_SIGNALING,24,0.8187481390887914,Reactome,1.3085688409249978,0.925,robust
REACTOME_SLC_MEDIATED_TRANSPORT_OF_ORGANIC_CATIONS,15,0.8186074517826295,Reactome,1.4707404831704909,0.9083333333333333,robust
REACTOME_SIGNALING_BY_NOTCH,223,0.8159896673731858,Reactome,1.2780907575665112,0.95,robust
REACTOME_STING_MEDIATED_INDUCTION_OF_HOST_IMMUNE_RESPONSES,16,0.8135274534114949,Reactome,1.4618462583320846,0.9083333333333333,robust
REACTOME_COLLAGEN_DEGRADATION,56,0.8050548616575993,Reactome,1.4743535378380508,0.9333333333333333,robust
KEGG_ADHERENS_JUNCTION,73,0.8036978235093656,KEGG,1.240283827820302,0.8916666666666667,robust
REACTOME_NOTCH_HLH_TRANSCRIPTION_PATHWAY,28,0.800787347213235,Reactome,1.2791113868068924,0.9083333333333333,robust
REACTOME_SYNTHESIS_OF_VERY_LONG_CHAIN_FATTY_ACYL_COAS,24,0.799912403428224,Reactome,1.2776763934846904,0.9083333333333333,robust
REACTOME_RHO_GTPASES_ACTIVATE_PAKS,21,0.7987145197435385,Reactome,1.2757117471636965,0.9083333333333333,robust
REACTOME_RECEPTOR_TYPE_TYROSINE_PROTEIN_PHOSPHATASES,18,0.7901099082676228,Reactome,1.4208460657224544,0.9083333333333333,robust
KEGG_MEDICUS_REFERENCE_DRD1_GNAS_AC_PKA_SIGNALING_PATHWAY,15,0.7886263245946001,KEGG_MEDICUS,1.4182485596229584,0.9083333333333333,robust
REACTOME_FORMATION_OF_THE_DYSTROPHIN_GLYCOPROTEIN_COMPLEX_DGC,34,0.7862672795604218,Reactome,1.255297056701735,0.9,robust
REACTOME_TRANSCRIPTIONAL_REGULATION_BY_RUNX1,217,0.78496794507586,Reactome,1.2299524322943316,0.95,robust
HALLMARK_PANCREAS_BETA_CELLS,30,0.7835299763408464,Hallmark,1.2508076118845652,0.9,robust
KEGG_MEDICUS_REFERENCE_IL1_IL1R_JNK_SIGNALING_PATHWAY,19,0.7810471974033985,KEGG_MEDICUS,1.404978779518212,0.9083333333333333,robust
KEGG_AXON_GUIDANCE,126,0.7786879296591349,KEGG,1.4616834294543946,0.925,robust
REACTOME_NEGATIVE_REGULATION_OF_FLT3,15,0.7772738064850737,Reactome,1.3983722051103378,0.9083333333333333,robust
REACTOME_TRANSCRIPTIONAL_REGULATION_OF_GRANULOPOIESIS,83,0.7750078492110071,Reactome,1.1923578630573095,0.8916666666666667,robust
KEGG_RETINOL_METABOLISM,52,0.7745856841269831,KEGG,1.414443183916272,0.9333333333333333,robust
REACTOME_SIGNALING_BY_MET,77,0.7732196019920203,Reactome,1.1893706358010765,0.8916666666666667,robust
REACTOME_PLATELET_ADHESION_TO_EXPOSED_COLLAGEN,16,0.7731895767594602,Reactome,1.3912214041026605,0.9083333333333333,robust
REACTOME_SPHINGOLIPID_DE_NOVO_BIOSYNTHESIS,37,0.7719694821396565,Reactome,1.2318472715012645,0.9,robust
KEGG_MELANOMA,65,0.7709515546029074,KEGG,1.18558191301865,0.8916666666666667,robust
KEGG_MEDICUS_REFERENCE_ACH_CHRN_RAS_ERK_SIGNALING_PATHWAY,21,0.7692836046672349,KEGG_MEDICUS,1.2274421699356486,0.9,robust
KEGG_BETA_ALANINE_METABOLISM,22,0.768547325659484,KEGG,1.2262346004008966,0.9,robust
REACTOME_INOSITOL_PHOSPHATE_METABOLISM,47,0.7675070639462767,Reactome,1.4005247694832654,0.9333333333333333,robust
REACTOME_NUCLEOTIDE_SALVAGE,23,0.7665637374426372,Reactome,1.2229813218543921,0.9,robust
KEGG_JAK_STAT_SIGNALING_PATHWAY,138,0.765858469787618,KEGG,1.6572990577745323,0.9166666666666666,robust
MODULE_ELONGATION,15,0.762988067525109,module,1.3733602730170746,0.9083333333333333,robust
REACTOME_AMYLOID_FIBER_FORMATION,99,0.7603066635458742,Reactome,1.590881430360193,0.9666666666666667,robust
REACTOME_COMMON_PATHWAY_OF_FIBRIN_CLOT_FORMATION,18,0.7595269513079523,Reactome,1.3673004392182757,0.9083333333333333,robust
KEGG_MEDICUS_REFERENCE_FLT3LG_FLT3_RAS_ERK_SIGNALING_PATHWAY,15,0.7594699349841318,KEGG_MEDICUS,1.3672006132013226,0.9083333333333333,robust
REACTOME_SIGNALING_BY_ALK_IN_CANCER,92,0.7552096356737642,Reactome,1.5794475857857042,0.9666666666666667,robust
HALLMARK_MTORC1_SIGNALING,196,0.7530612182901447,Hallmark,0.77797861246096,0.925,robust
REACTOME_NICOTINATE_METABOLISM,28,0.751436050095704,Reactome,1.1981704360636718,0.9,robust
REACTOME_GLYCOSPHINGOLIPID_METABOLISM,56,0.7513276586844093,Reactome,1.3687118367413702,0.9333333333333333,robust
REACTOME_RHOB_GTPASE_CYCLE,70,0.7497619486863798,Reactome,1.1501851470286817,0.8916666666666667,robust
REACTOME_EPIGENETIC_REGULATION_OF_GENE_EXPRESSION_BY_MLL3_AND_MLL4_COMPLEXES,128,0.7492265612867995,Reactome,1.4001338499919869,0.9166666666666666,robust
KEGG_MEDICUS_REFERENCE_IL6_FAMILY_TO_JAK_STAT_SIGNALING_PATHWAY,24,0.747360166064343,KEGG_MEDICUS,1.1914855878856838,0.9,robust
REACTOME_BIOSYNTHESIS_OF_SPECIALIZED_PRORESOLVING_MEDIATORS_SPMS,19,0.747112556075775,Reactome,1.3455649160229872,0.9,robust
KEGG_MEDICUS_VARIANT_MUTATION_ACTIVATED_GNAS_TO_ACTH_CORTISOL_SIGNALING_PATHWAY,28,0.7456528048480903,KEGG_MEDICUS,1.1886853486178794,0.9,robust
REACTOME_DENGUE_VIRUS_ACTIVATES_MODULATES_INNATE_AND_ADAPTIVE_IMMUNE_RESPONSES,30,0.7453979655037382,Reactome,1.1882673871857914,0.9,robust
REACTOME_SYNTHESIS_SECRETION_AND_DEACYLATION_OF_GHRELIN,16,0.7448309072209727,Reactome,1.3415701316875799,0.9,robust
REACTOME_NFE2L2_REGULATING_ANTI_OXIDANT_DETOXIFICATION_ENZYMES,18,0.7447562999902573,Reactome,1.3414395069440121,0.9,robust
REACTOME_SIGNALING_BY_PDGF,55,0.7430977990121262,Reactome,1.352529785053312,0.9333333333333333,robust
REACTOME_RAF_INDEPENDENT_MAPK1_3_ACTIVATION,22,0.7420605966998741,Reactome,1.1827937761615017,0.9,robust
REACTOME_EPHA_MEDIATED_GROWTH_CONE_COLLAPSE,27,0.7400602215418305,Reactome,1.1795129653907215,0.9,robust
KEGG_MEDICUS_ENV_FACTOR_TCDD_TO_AHR_SIGNALING_PATHWAY,18,0.7398182378822978,KEGG_MEDICUS,1.3327937886887136,0.9,robust
REACTOME_METABOLISM_OF_VITAMINS_AND_COFACTORS,185,0.7339619431992231,Reactome,1.6394477390965363,0.9416666666666667,robust
REACTOME_LAMININ_INTERACTIONS,29,0.7309026125185676,Reactome,1.164493591551117,0.9,robust
REACTOME_MITF_M_REGULATED_MELANOCYTE_DEVELOPMENT,151,0.7305452771222456,Reactome,1.585729652311252,0.9166666666666666,robust
REACTOME_INTERLEUKIN_12_SIGNALING,45,0.7247112726099042,Reactome,1.316377076203774,0.9333333333333333,robust
KEGG_TYPE_II_DIABETES_MELLITUS,41,0.7237785932896902,KEGG,1.3145431852786449,0.9333333333333333,robust
KEGG_DRUG_METABOLISM_OTHER_ENZYMES,41,0.7231665745981748,KEGG,1.313339796825557,0.9333333333333333,robust
KEGG_MEDICUS_VARIANT_MUTATION_ACTIVATED_CACNA1D_H_TO_ANGIOTENSIN_ALDOSTERONE_SIGNALING_PATHWAY,23,0.7189001984184068,KEGG_MEDICUS,1.144808459341375,0.8916666666666667,robust
KEGG_MEDICUS_REFERENCE_EGF_EGFR_PLCG_ERK_SIGNALING_PATHWAY,15,0.7154448496650959,KEGG_MEDICUS,1.2901200752266486,0.8916666666666667,robust
REACTOME_DIGESTION_AND_ABSORPTION,21,0.7103182307652011,Reactome,1.1307331936103902,0.8916666666666667,robust
KEGG_MEDICUS_REFERENCE_GHRHR_PKA_GH_SIGNALING_PATHWAY,26,0.7102710124693503,KEGG_MEDICUS,1.1306557509901984,0.8916666666666667,robust
KEGG_MEDICUS_VARIANT_MUTATION_ACTIVATED_KCNJ5_TO_ANGIOTENSIN_ALDOSTERONE_SIGNALING_PATHWAY,24,0.703794085160842,KEGG_MEDICUS,1.1200329571658156,0.8916666666666667,robust
HALLMARK_ESTROGEN_RESPONSE_EARLY,190,0.7033963840353346,Hallmark,0.7215836017745622,0.9166666666666666,robust
KEGG_MEDICUS_VARIANT_MUTATION_INACTIVATED_ATP1A1_TO_ANGIOTENSIN_ALDOSTERONE_SIGNALING_PATHWAY,24,0.7030670038273523,KEGG_MEDICUS,1.1188404727158092,0.8916666666666667,robust
KEGG_MEDICUS_REFERENCE_CA2_CAM_CAMK_SIGNALING_PATHWAY,18,0.7029212962795137,KEGG_MEDICUS,1.2681934344190309,0.8916666666666667,robust
KEGG_MEDICUS_REFERENCE_TLR5_NFKB_SIGNALING_PATHWAY,17,0.7016938369309299,KEGG_MEDICUS,1.2660443590397272,0.8916666666666667,robust
REACTOME_LDL_CLEARANCE,19,0.700592599441342,Reactome,1.264116276958337,0.8916666666666667,robust
REACTOME_TP53_REGULATES_TRANSCRIPTION_OF_GENES_INVOLVED_IN_CYTOCHROME_C_RELEASE,20,0.6947115977398932,Reactome,1.2538196296788906,0.8916666666666667,robust
REACTOME_INTRINSIC_PATHWAY_OF_FIBRIN_CLOT_FORMATION,21,0.6942875734165257,Reactome,1.1044413487628175,0.8916666666666667,robust
REACTOME_SYNTHESIS_OF_SUBSTRATES_IN_N_GLYCAN_BIOSYTHESIS,63,0.6941296023872214,Reactome,1.0572525483205466,0.8666666666666667,robust
REACTOME_PLATELET_AGGREGATION_PLUG_FORMATION,34,0.6931527507673034,Reactome,1.1025801287034087,0.8916666666666667,robust
REACTOME_APOPTOTIC_EXECUTION_PHASE,50,0.689140268438355,Reactome,1.246435199790168,0.9166666666666666,robust
REACTOME_SIGNALING_BY_RHO_GTPASES_MIRO_GTPASES_AND_RHOBTB3,704,0.6881433934121728,Reactome,1.2492315884012595,0.9416666666666667,robust
KEGG_MEDICUS_REFERENCE_TNF_P38_SIGNALING_PATHWAY,24,0.6870728529806894,KEGG_MEDICUS,1.09260850209959,0.8916666666666667,robust
KEGG_SPHINGOLIPID_METABOLISM,38,0.6868324770625601,KEGG,1.2418974797298687,0.9166666666666666,robust
REACTOME_DEFECTIVE_B4GALT7_CAUSES_EDS_PROGEROID_TYPE,19,0.6843313998629523,Reactome,1.235645644760065,0.8916666666666667,robust
REACTOME_METABOLISM_OF_FOLATE_AND_PTERINES,17,0.68341783073178,Reactome,1.2340461384877313,0.8916666666666667,robust
REACTOME_PLASMA_LIPOPROTEIN_CLEARANCE,37,0.6822790699662125,Reactome,1.084746229423668,0.8916666666666667,robust
REACTOME_HEPARAN_SULFATE_HEPARIN_HS_GAG_METABOLISM,39,0.6821710652188261,Reactome,1.232731927655066,0.9166666666666666,robust
REACTOME_NOTCH2_ACTIVATION_AND_TRANSMISSION_OF_SIGNAL_TO_THE_NUCLEUS,23,0.6809796616693229,Reactome,1.0826150728159016,0.8916666666666667,robust
KEGG_MEDICUS_REFERENCE_CA2_PYK2_RAS_ERK_SIGNALING_PATHWAY,15,0.6778620121584507,KEGG_MEDICUS,1.2243188323072083,0.8916666666666667,robust
REACTOME_DEVELOPMENTAL_LINEAGE_OF_MAMMARY_GLAND_LUMINAL_EPITHELIAL_CELLS,22,0.6731879304011532,Reactome,1.0698358719920735,0.8916666666666667,robust
REACTOME_DEVELOPMENTAL_CELL_LINEAGES,122,0.6727354520965837,Reactome,1.2403315100676895,0.9083333333333333,robust
REACTOME_APOPTOTIC_FACTOR_MEDIATED_RESPONSE,20,0.6711870854955049,Reactome,1.2126321556229296,0.875,robust
HALLMARK_HEME_METABOLISM,190,0.6691317811452487,Hallmark,0.6826757371829387,0.9,robust
REACTOME_REGULATION_OF_CDH1_FUNCTION,60,0.6642140178627908,Reactome,1.1974236866823906,0.9083333333333333,robust
REACTOME_SIGNALING_BY_FLT3_FUSION_PROTEINS,19,0.6637978622139369,Reactome,1.1996948654023478,0.875,robust
KEGG_MEDICUS_REFERENCE_EGF_EGFR_ACTIN_SIGNALING_PATHWAY,21,0.6634319355234417,KEGG_MEDICUS,1.0538350868664592,0.8916666666666667,robust
REACTOME_DIGESTION,17,0.6597558509855068,Reactome,1.1926179818999245,0.875,robust
KEGG_MEDICUS_REFERENCE_EGF_EGFR_PLCG_CALCINEURIN_SIGNALING_PATHWAY,16,0.6539533239402473,KEGG_MEDICUS,1.1824587305771836,0.875,robust
REACTOME_SENESCENCE_ASSOCIATED_SECRETORY_PHENOTYPE_SASP,105,0.651961260908283,Reactome,1.347836949301505,0.9416666666666667,robust
REACTOME_EGR2_AND_SOX10_MEDIATED_INITIATION_OF_SCHWANN_CELL_MYELINATION,27,0.6507946185948057,Reactome,1.0331086519642276,0.8916666666666667,robust
KEGG_MEDICUS_PATHOGEN_HCMV_GB_TO_PDGFR_RAS_ERK_SIGNALING_PATHWAY,15,0.6506651065999131,KEGG_MEDICUS,1.1767016137031585,0.875,robust
KEGG_MEDICUS_REFERENCE_CXCR4_GNAQ_PLCB_G_CALCINEURIN_SIGNALING_PATHWAY,21,0.6499972429804208,KEGG_MEDICUS,1.0318008780231687,0.8916666666666667,robust
REACTOME_GROWTH_HORMONE_RECEPTOR_SIGNALING,24,0.6491250852430704,Reactome,1.0303704540914314,0.8916666666666667,robust
KEGG_LONG_TERM_DEPRESSION,65,0.6483572523870837,KEGG,0.9807908544056979,0.8666666666666667,robust
REACTOME_SCAVENGING_BY_CLASS_A_RECEPTORS,18,0.6479743913398633,Reactome,1.1719906227243035,0.875,robust
KEGG_AMYOTROPHIC_LATERAL_SCLEROSIS_ALS,52,0.6385316851040977,KEGG,1.146925518703812,0.9083333333333333,robust
REACTOME_DEFECTS_OF_CONTACT_ACTIVATION_SYSTEM_CAS_AND_KALLIKREIN_KININ_SYSTEM_KKS,15,0.6384785814665276,Reactome,1.155365052819378,0.875,robust
KEGG_MEDICUS_REFERENCE_KEAP1_NRF2_SIGNALING_PATHWAY,19,0.6369384551022148,KEGG_MEDICUS,1.1526685499540248,0.875,robust
KEGG_PORPHYRIN_AND_CHLOROPHYLL_METABOLISM,32,0.6353026186379338,KEGG,1.0077002578862186,0.8916666666666667,robust
REACTOME_P75NTR_SIGNALS_VIA_NF_KB,15,0.6344238274467359,Reactome,1.1482658588272343,0.875,robust
KEGG_MEDICUS_REFERENCE_CXCL12_CXCR4_PKC_ERK_SIGNALING_PATHAWAY,19,0.6314460254087955,KEGG_MEDICUS,1.143052227066996,0.875,robust
REACTOME_INTRINSIC_PATHWAY_FOR_APOPTOSIS,55,0.6298593517079127,Reactome,1.1298734482115569,0.9083333333333333,robust
REACTOME_GLUCAGON_LIKE_PEPTIDE_1_GLP1_REGULATES_INSULIN_SECRETION,39,0.623166952238189,Reactome,1.1167144444801895,0.9,robust
KEGG_MEDICUS_REFERENCE_RTK_PLCG_ITPR_SIGNALING_PATHWAY,46,0.6220528098467579,KEGG_MEDICUS,1.1145237498044693,0.9,robust
REACTOME_TRIGLYCERIDE_CATABOLISM,21,0.6209474860491365,Reactome,0.9841564374063817,0.8666666666666667,robust
REACTOME_SYNTHESIS_OF_BILE_ACIDS_AND_BILE_SALTS_VIA_7ALPHA_HYDROXYCHOLESTEROL,22,0.6206687854428359,Reactome,0.983699341172559,0.8666666666666667,robust
REACTOME_GLUCONEOGENESIS,26,0.6191302527891962,Reactome,0.981175997248315,0.8666666666666667,robust
REACTOME_HS_GAG_DEGRADATION,19,0.6125250347117374,Reactome,1.1099247468730524,0.875,robust
REACTOME_INTERLEUKIN_17_SIGNALING,70,0.6116116549849482,Reactome,0.9194081501907758,0.8416666666666667,robust
REACTOME_DISEASES_OF_METABOLISM,251,0.6112728504721888,Reactome,1.300845493013798,0.9083333333333333,robust
KEGG_MEDICUS_REFERENCE_EREG_EGFR_RAS_ERK_SIGNALING_PATHWAY,15,0.6112426949516337,KEGG_MEDICUS,1.107679585100876,0.875,robust
REACTOME_TAK1_DEPENDENT_IKK_AND_NF_KAPPA_B_ACTIVATION,44,0.609555040292167,Reactome,1.0899498735816533,0.9,robust
REACTOME_KERATAN_SULFATE_KERATIN_METABOLISM,35,0.6060098447288811,Reactome,0.9596572456740291,0.8666666666666667,robust
REACTOME_ADRENALINE_NORADRENALINE_INHIBITS_INSULIN_SECRETION,25,0.6059600185772147,Reactome,0.9595755259154146,0.8666666666666667,robust
REACTOME_METABOLISM_OF_PORPHYRINS,22,0.6001502927227186,Reactome,0.9500470076861878,0.8666666666666667,robust
KEGG_MEDICUS_REFERENCE_HGF_MET_RAS_ERK_SIGNALING_PATHWAY,15,0.5993723914909889,KEGG_MEDICUS,1.0868966753111813,0.875,robust
REACTOME_TRANSCRIPTIONAL_AND_POST_TRANSLATIONAL_REGULATION_OF_MITF_M_EXPRESSION_AND_ACTIVITY,56,0.5986336686858256,Reactome,1.0684756070843144,0.8916666666666667,robust
KEGG_P53_SIGNALING_PATHWAY,68,0.5981924622368167,KEGG,0.8969916867911709,0.8416666666666667,robust
REACTOME_INTERFERON_SIGNALING,276,0.5952702485028296,Reactome,1.3024133343645898,0.8666666666666667,robust
REACTOME_ESR_MEDIATED_SIGNALING,208,0.5950350126063726,Reactome,0.5985379741907517,0.8583333333333333,robust
KEGG_VEGF_SIGNALING_PATHWAY,74,0.5937076940495232,KEGG,0.8894999811563312,0.8416666666666667,robust
REACTOME_NR1H3_NR1H2_REGULATE_GENE_EXPRESSION_LINKED_TO_CHOLESTEROL_TRANSPORT_AND_EFFLUX,37,0.591426598266985,Reactome,0.9357392961470393,0.8666666666666667,robust
HALLMARK_UV_RESPONSE_DN,139,0.5898130729709539,Hallmark,1.3005070649318462,0.9,robust
REACTOME_BETA_CATENIN_INDEPENDENT_WNT_SIGNALING,132,0.587065719631884,Reactome,1.0613535366341613,0.875,robust
HALLMARK_BILE_ACID_METABOLISM,106,0.5869978430409468,Hallmark,1.2021085676720722,0.925,robust
REACTOME_NITRIC_OXIDE_STIMULATES_GUANYLATE_CYCLASE,22,0.5854187815750664,Reactome,0.9258858895835442,0.8666666666666667,robust
KEGG_MEDICUS_VARIANT_MUTATION_ACTIVATED_GNAS_TO_CRHR_PKA_ACTH_SIGNALING_PATHWAY,23,0.5841826544221185,KEGG_MEDICUS,0.9238585202367804,0.8666666666666667,robust
REACTOME_CA2_PATHWAY,61,0.5823439950378583,Reactome,1.036445857920939,0.8833333333333333,robust
REACTOME_FORMATION_OF_THE_CORNIFIED_ENVELOPE,63,0.5794819984890011,Reactome,0.8657362727238127,0.8416666666666667,robust
REACTOME_DEFENSINS,19,0.5764960695703965,Reactome,1.0468440737604319,0.8583333333333333,robust
REACTOME_REGULATION_OF_CDH1_GENE_TRANSCRIPTION,96,0.5735567504736612,Reactome,1.171957003430764,0.9166666666666666,robust
REACTOME_CO_INHIBITION_BY_PD_1,211,0.5728809052580577,Reactome,0.5733817214940095,0.8583333333333333,robust
KEGG_CALCIUM_SIGNALING_PATHWAY,167,0.5667608022493837,KEGG,1.2951399375991914,0.8916666666666667,robust
REACTOME_SIGNALING_BY_TGFBR3,45,0.5663899887607206,Reactome,1.005076118400626,0.8833333333333333,robust
REACTOME_ACTIVATED_TAK1_MEDIATES_P38_MAPK_ACTIVATION,23,0.5654151555924188,Reactome,0.8930779878683909,0.8666666666666667,robust
REACTOME_LONG_TERM_POTENTIATION,22,0.5582195621493964,Reactome,0.8812765113428016,0.8666666666666667,robust
REACTOME_SIGNALING_BY_ERBB2_ECD_MUTANTS,16,0.5564085471548,Reactome,1.0116741922451087,0.8583333333333333,robust
REACTOME_FORMATION_OF_DEFINITIVE_ENDODERM,15,0.5541959739444766,Reactome,1.0078003477738444,0.8583333333333333,robust
REACTOME_ADHERENS_JUNCTIONS_INTERACTIONS,230,0.5518403575864572,Reactome,0.8681939351701778,0.875,robust
REACTOME_NOTCH3_ACTIVATION_AND_TRANSMISSION_OF_SIGNAL_TO_THE_NUCLEUS,25,0.5517159190733106,Reactome,0.8706099010484605,0.8666666666666667,robust
HALLMARK_FATTY_ACID_METABOLISM,153,0.5491887351321786,Hallmark,1.218173537799036,0.8833333333333333,robust
REACTOME_RAF_ACTIVATION,34,0.5483404571632685,Reactome,0.8650738136069152,0.8666666666666667,robust
HALLMARK_ANDROGEN_RESPONSE,97,0.5478704650995357,Hallmark,1.1143365622574375,0.9166666666666666,robust
REACTOME_CELL_JUNCTION_ORGANIZATION,285,0.5466917488068288,Reactome,1.2010791865171158,0.8583333333333333,robust
REACTOME_TRANSMISSION_ACROSS_CHEMICAL_SYNAPSES,255,0.5458217999259305,Reactome,1.1528727278067286,0.8916666666666667,robust
REACTOME_INFECTION_WITH_ENTEROBACTERIA,39,0.5443036611969904,Reactome,0.961648635008735,0.8833333333333333,robust
KEGG_ADIPOCYTOKINE_SIGNALING_PATHWAY,66,0.5437566353128066,KEGG,0.806057847120435,0.8333333333333334,robust
REACTOME_SLC_MEDIATED_TRANSMEMBRANE_TRANSPORT,228,0.5426827787951858,Reactome,0.8539835537369768,0.875,robust
REACTOME_ION_CHANNEL_TRANSPORT,168,0.5405843463461484,Reactome,1.2412362505080907,0.8666666666666667,robust
REACTOME_REGULATION_OF_INNATE_IMMUNE_RESPONSES_TO_CYTOSOLIC_DNA,15,0.5335315889868735,Reactome,0.9716204767320251,0.85,robust
REACTOME_EARLY_SARS_COV_2_INFECTION_EVENTS,36,0.532039046566364,Reactome,0.8383379069695118,0.85,robust
REACTOME_INSERTION_OF_TAIL_ANCHORED_PROTEINS_INTO_THE_ENDOPLASMIC_RETICULUM_MEMBRANE,22,0.5318067506975955,Reactome,0.8379569190407231,0.85,robust
REACTOME_RHO_GTPASES_ACTIVATE_PKNS,87,0.5298955661664373,Reactome,0.7829032390131595,0.8333333333333334,robust
REACTOME_FORMATION_OF_SENESCENCE_ASSOCIATED_HETEROCHROMATIN_FOCI_SAHF,17,0.5227710746176588,Reactome,0.9527806214437802,0.85,robust
REACTOME_INTEGRATION_OF_ENERGY_METABOLISM,99,0.5222596702051225,Reactome,1.0568854641666958,0.9166666666666666,robust
REACTOME_CARGO_CONCENTRATION_IN_THE_ER,33,0.5210448938893564,Reactome,0.8203064220386524,0.85,robust
REACTOME_DEGRADATION_OF_BETA_CATENIN_BY_THE_DESTRUCTION_COMPLEX,72,0.5198347170889238,Reactome,0.7660968141150275,0.8333333333333334,robust
REACTOME_TRAF6_MEDIATED_IRF7_ACTIVATION,20,0.5197378911060595,Reactome,0.9474700260149306,0.85,robust
REACTOME_DDX58_IFIH1_MEDIATED_INDUCTION_OF_INTERFERON_ALPHA_BETA,72,0.5190526990420831,Reactome,0.7647904703390744,0.8333333333333334,robust
REACTOME_MET_ACTIVATES_PTK2_SIGNALING,28,0.5181355681689377,Reactome,0.8155348435070571,0.85,robust
REACTOME_ATTENUATION_PHASE,27,0.5174197609164313,Reactome,0.8143608496517633,0.85,robust
REACTOME_REGULATION_OF_HOMOTYPIC_CELL_CELL_ADHESION,207,0.5121783395628283,Reactome,0.5044532353238844,0.8416666666666667,robust
REACTOME_DEATH_RECEPTOR_SIGNALING,151,0.5110974503523623,Reactome,1.1409737606263193,0.8666666666666667,robust
KEGG_NEUROTROPHIN_SIGNALING_PATHWAY,121,0.508130642641786,KEGG,0.8964453513736483,0.8166666666666667,robust
REACTOME_DOPAMINE_NEUROTRANSMITTER_RELEASE_CYCLE,23,0.5049289990519298,Reactome,0.7938747793786322,0.85,robust
KEGG_MEDICUS_PATHOGEN_HIV_GP120_TO_CXCR4_GNAQ_PLCB_G_CALCINEURIN,17,0.5048625593067448,KEGG_MEDICUS,0.9214258157803812,0.85,robust
REACTOME_DISEASES_OF_CARBOHYDRATE_METABOLISM,32,0.5030857158166125,Reactome,0.7908516147148889,0.85,robust
REACTOME_REGULATION_OF_MITF_M_DEPENDENT_GENES_INVOLVED_IN_CELL_CYCLE_AND_PROLIFERATION,17,0.5003835970313099,Reactome,0.9135839043052086,0.85,robust
REACTOME_SARS_COV_1_INFECTION,142,0.4955005867492181,Reactome,1.1093635274268867,0.8666666666666667,robust
REACTOME_WNT_LIGAND_BIOGENESIS_AND_TRAFFICKING,24,0.4923162786343146,Reactome,0.7731886851584753,0.85,robust
KEGG_ECM_RECEPTOR_INTERACTION,81,0.4906515715708187,KEGG,0.7173470177844671,0.825,robust
KEGG_FOCAL_ADHESION,191,0.4905946655332971,KEGG,0.47994471645312525,0.8416666666666667,robust
REACTOME_CELLULAR_SENESCENCE,190,0.48942531594382344,Reactome,0.4786169060701053,0.8416666666666667,robust
REACTOME_CROSS_PRESENTATION_OF_SOLUBLE_EXOGENOUS_ANTIGENS_ENDOSOMES,42,0.4888010162057501,Reactome,0.8525159516050294,0.8583333333333333,robust
REACTOME_CARDIOGENESIS,24,0.48811854749621036,Reactome,0.7663039958164015,0.85,robust
REACTOME_SIGNALING_BY_NOTCH1_PEST_DOMAIN_MUTANTS_IN_CANCER,57,0.48782950133264313,Reactome,0.8506056998488201,0.8583333333333333,robust
KEGG_MEDICUS_VARIANT_MUTATION_CAUSED_ABERRANT_ABETA_TO_AGE_RAGE_SIGNALING_PATHWAY,17,0.48737869649868026,KEGG_MEDICUS,0.8908145054023341,0.85,robust
KEGG_MEDICUS_PATHOGEN_HBV_HBX_TO_RAS_ERK_SIGNALING_PATHWAY,15,0.4870613980409165,KEGG_MEDICUS,0.8902589690383332,0.85,robust
REACTOME_HSF1_ACTIVATION,30,0.48588964238308296,Reactome,0.7626483735833464,0.85,robust
REACTOME_TRANSCRIPTIONAL_REGULATION_BY_RUNX3,85,0.4849382575962745,Reactome,0.7078030537022273,0.825,robust
REACTOME_RHO_GTPASE_EFFECTORS,315,0.4845973614117837,Reactome,1.0271994872878627,0.85,robust
REACTOME_HS_GAG_BIOSYNTHESIS,31,0.4839443264017974,Reactome,0.7594578652437936,0.8416666666666667,robust
REACTOME_SARS_COV_2_HOST_INTERACTIONS,193,0.478840267358582,Reactome,0.4665974573588088,0.825,robust
REACTOME_ACYL_CHAIN_REMODELLING_OF_PG,16,0.47638467265956147,Reactome,0.8715658142099232,0.85,robust
KEGG_MEDICUS_REFERENCE_ARNO_ARF_ACTB_G_SIGNALING_PATHWAY,25,0.47571483716526064,KEGG_MEDICUS,0.7459606985664912,0.8416666666666667,robust
HALLMARK_GLYCOLYSIS,194,0.4754951315314792,Hallmark,0.46279901579452143,0.825,robust
KEGG_METABOLISM_OF_XENOBIOTICS_BY_CYTOCHROME_P450,56,0.4752038311796113,KEGG,0.8257803376739561,0.8583333333333333,robust
REACTOME_BMAL1_CLOCK_NPAS2_ACTIVATES_CIRCADIAN_EXPRESSION,26,0.475094148695529,Reactome,0.7449427088116163,0.8416666666666667,robust
REACTOME_MITOCHONDRIAL_UNFOLDED_PROTEIN_RESPONSE_UPRMT,16,0.4725588651262277,Reactome,0.864867467103497,0.85,robust
REACTOME_TRAF3_DEPENDENT_IRF_ACTIVATION_PATHWAY,15,0.47240226468093194,Reactome,0.8645932859978162,0.85,robust
REACTOME_METAL_ION_SLC_TRANSPORTERS,44,0.468095738065102,Reactome,0.8118039717621652,0.8583333333333333,robust
REACTOME_DISEASES_OF_HEMOSTASIS,18,0.46782925055414043,Reactome,0.8565867055107033,0.85,robust
REACTOME_NOTCH1_INTRACELLULAR_DOMAIN_REGULATES_TRANSCRIPTION,47,0.46469862060033795,Reactome,0.8051243523525712,0.8583333333333333,robust
KEGG_MEDICUS_PATHOGEN_SALMONELLA_SOPB_TO_ARNO_ARF_ACTB_G_SIGNALING_PATHWAY,30,0.4643038514345098,KEGG_MEDICUS,0.7272455666872887,0.8333333333333334,robust
KEGG_MEDICUS_VARIANT_MUTATION_CAUSED_ABERRANT_PSEN_TO_MGLUR5_CA2_APOPTOTIC_PATHWAY,16,0.4625077023194802,KEGG_MEDICUS,0.8472695673878969,0.85,robust
REACTOME_EPIGENETIC_REGULATION_BY_WDR5_CONTAINING_HISTONE_MODIFYING_COMPLEXES,160,0.46231211604315803,Reactome,1.0421003054583622,0.8583333333333333,robust
REACTOME_AFLATOXIN_ACTIVATION_AND_DETOXIFICATION,17,0.4605658179628726,Reactome,0.8438696536839888,0.85,robust
KEGG_MEDICUS_VARIANT_MUTATION_CAUSED_ABBERANT_ATXN2_3_TO_MGLUR5_CA2_APOPTOTIC_PATHWAY,18,0.458407825652375,KEGG_MEDICUS,0.8400913712108724,0.85,robust
REACTOME_RESPONSE_OF_EIF2AK1_HRI_TO_HEME_DEFICIENCY,15,0.4579976916634821,Reactome,0.8393732954075782,0.85,robust
REACTOME_MITF_M_DEPENDENT_GENE_EXPRESSION,104,0.4557703971164355,Reactome,0.9077342267315177,0.875,robust
REACTOME_ATTACHMENT_OF_BACTERIA_TO_EPITHELIAL_CELLS,22,0.4549285441233958,Reactome,0.7118691463783304,0.8333333333333334,robust
REACTOME_SYNTHESIS_SECRETION_AND_INACTIVATION_OF_GLUCAGON_LIKE_PEPTIDE_1_GLP_1,15,0.45132934105332534,Reactome,0.8276981322884194,0.85,robust
REACTOME_FOXO_MEDIATED_TRANSCRIPTION,64,0.4502768840830149,Reactome,0.6499019991959343,0.8166666666666667,robust
KEGG_MEDICUS_REFERENCE_P300_P21_CELL_CYCLE_G1_S,15,0.44925033553337207,KEGG_MEDICUS,0.8240581424333395,0.85,robust
REACTOME_INTERLEUKIN_12_FAMILY_SIGNALING,55,0.4487821211856537,Reactome,0.7738283611112141,0.85,robust
REACTOME_ZBP1_DAI_MEDIATED_INDUCTION_OF_TYPE_I_IFNS,21,0.4449601726423206,Reactome,0.6955200428660497,0.825,robust
REACTOME_COLLAGEN_FORMATION,82,0.44446025998192873,Reactome,0.6401854578421771,0.8166666666666667,robust
REACTOME_EXPRESSION_OF_BMAL_ARNTL_CLOCK_AND_NPAS2,35,0.44311817957922955,Reactome,0.6924989942108556,0.825,robust
REACTOME_FOXO_MEDIATED_TRANSCRIPTION_OF_CELL_DEATH_GENES,16,0.44261169606085426,Reactome,0.8124349985313261,0.85,robust
REACTOME_ANTIMICROBIAL_PEPTIDES,55,0.4416002494290825,Reactome,0.7597069271366783,0.85,robust
KEGG_MEDICUS_VARIANT_MUTATION_INACTIVATED_RASD1_TO_CRHR_PKA_ACTH_SIGNALING_PATHWAY,26,0.43992456561660154,KEGG_MEDICUS,0.687261155176426,0.8083333333333333,robust
KEGG_RIBOFLAVIN_METABOLISM,16,0.4372843624631777,KEGG,0.803107731208532,0.85,robust
REACTOME_NEUROTRANSMITTER_RELEASE_CYCLE,49,0.4328728844633115,Reactome,0.7425466502181928,0.85,robust
REACTOME_RHOU_GTPASE_CYCLE,40,0.43218826773099356,Reactome,0.7412005150725123,0.85,robust
REACTOME_ATTACHMENT_AND_ENTRY,18,0.4308057478344055,Reactome,0.791764763959348,0.8333333333333334,robust
KEGG_VIBRIO_CHOLERAE_INFECTION,53,0.4282827583566292,KEGG,0.7335212645043641,0.85,robust
REACTOME_GLYCOSAMINOGLYCAN_PROTEIN_LINKAGE_REGION_BIOSYNTHESIS,28,0.42678259619442305,Reactome,0.6657070408613315,0.8083333333333333,robust
KEGG_GLYCOSAMINOGLYCAN_BIOSYNTHESIS_HEPARAN_SULFATE,26,0.42615961820129045,KEGG,0.6646852960643068,0.8,robust
REACTOME_INFECTION_WITH_MYCOBACTERIUM_TUBERCULOSIS,27,0.42520199997401964,Reactome,0.6631147085764086,0.8,robust
REACTOME_SARS_COV_2_INFECTION,287,0.4239133899916355,Reactome,0.9449650528467164,0.85,robust
REACTOME_RUNX1_REGULATES_GENES_INVOLVED_IN_MEGAKARYOCYTE_DIFFERENTIATION_AND_PLATELET_FUNCTION,90,0.42240444945716565,Reactome,0.8328864783595439,0.8416666666666667,robust
KEGG_MEDICUS_REFERENCE_AGE_RAGE_SIGNALING_PATHWAY,16,0.42157101382072587,KEGG_MEDICUS,0.7755962940820241,0.8333333333333334,robust
REACTOME_SIGNALING_BY_WNT,305,0.4206122922476416,Reactome,1.0385931918998033,0.875,robust
REACTOME_PROTEIN_FOLDING,96,0.41925721839077096,Reactome,0.8258264912933433,0.8416666666666667,robust
REACTOME_DAG_AND_IP3_SIGNALING,40,0.4158418139805621,Reactome,0.7090591214109903,0.85,robust
REACTOME_CARDIAC_CONDUCTION,119,0.4155015754873029,Reactome,0.7029281984260913,0.8,robust
KEGG_VASOPRESSIN_REGULATED_WATER_REABSORPTION,43,0.414879147025396,KEGG,0.7071662669703068,0.85,robust
REACTOME_MAP3K8_TPL2_DEPENDENT_MAPK1_3_ACTIVATION,16,0.4120830555621919,Reactome,0.7589844710372922,0.8333333333333334,robust
REACTOME_SARS_COV_1_HOST_INTERACTIONS,97,0.41007607681259983,Reactome,0.8052310092879192,0.8333333333333334,robust
HALLMARK_PI3K_AKT_MTOR_SIGNALING,103,0.40631106849249055,Hallmark,0.7967852010573343,0.8333333333333334,robust
HALLMARK_PROTEIN_SECRETION,95,0.4048847001231123,Hallmark,0.7935855178987082,0.8333333333333334,robust
KEGG_GLIOMA,64,0.40170921603119963,KEGG,0.5687707885693288,0.8,robust
KEGG_GLYCOSAMINOGLYCAN_DEGRADATION,20,0.40108530969845546,KEGG,0.7397292632042478,0.825,robust
REACTOME_KERATAN_SULFATE_BIOSYNTHESIS,27,0.39934503279718975,Reactome,0.6207067552120905,0.7916666666666666,robust
REACTOME_BILE_ACID_AND_BILE_SALT_METABOLISM,40,0.3972966979455027,Reactome,0.6725945839595131,0.8333333333333334,robust
REACTOME_CONSTITUTIVE_SIGNALING_BY_AKT1_E17K_IN_CANCER,26,0.39304508654638504,Reactome,0.6103742276200208,0.7833333333333333,robust
REACTOME_RHOG_GTPASE_CYCLE,73,0.39158685181385244,Reactome,0.5518616039965664,0.8,robust
REACTOME_REGULATION_OF_MRNA_STABILITY_BY_PROTEINS_THAT_BIND_AU_RICH_ELEMENTS,74,0.391047551373947,Reactome,0.5509607145914108,0.8,robust
REACTOME_VLDLR_INTERNALISATION_AND_DEGRADATION,16,0.3901823424579455,Reactome,0.720639996838752,0.825,robust
REACTOME_SIGNALING_BY_NOTCH3,48,0.38990112994106063,Reactome,0.6580529673978748,0.8333333333333334,robust
REACTOME_REGULATION_OF_PD_L1_CD274_TRANSCRIPTION,94,0.38832954431530464,Reactome,0.7564483699053304,0.8333333333333334,robust
REACTOME_DENGUE_VIRUS_INFECTION,392,0.38443259690238624,Reactome,0.8912219755056308,0.8333333333333334,robust
REACTOME_RUNX1_REGULATES_TRANSCRIPTION_OF_GENES_INVOLVED_IN_DIFFERENTIATION_OF_HSCS,110,0.3843410209323986,Reactome,0.7475011642815587,0.8333333333333334,robust
REACTOME_METABOLISM_OF_WATER_SOLUBLE_VITAMINS_AND_COFACTORS,122,0.38123464589244843,Reactome,0.6313390217328694,0.7833333333333333,robust
KEGG_MEDICUS_REFERENCE_P4_PR_RAS_ERK_SIGNALING_PATHWAY,15,0.38055716906499804,KEGG_MEDICUS,0.703787933115275,0.825,robust
REACTOME_INCRETIN_SYNTHESIS_SECRETION_AND_INACTIVATION,16,0.37932996637922034,Reactome,0.7016393071094825,0.825,robust
REACTOME_ACTIVATION_OF_NMDA_RECEPTORS_AND_POSTSYNAPTIC_EVENTS,92,0.3783485794552867,Reactome,0.7340586942401589,0.8333333333333334,robust
REACTOME_CYTOCHROME_P450_ARRANGED_BY_SUBSTRATE_TYPE,58,0.37515239639760223,Reactome,0.6290531085864993,0.825,robust
REACTOME_NEGATIVE_REGULATION_OF_MET_ACTIVITY,21,0.37426495021619816,Reactome,0.5795729685156751,0.7833333333333333,robust
REACTOME_CIRCADIAN_CLOCK,111,0.3735517368291709,Reactome,0.7232982364966569,0.8333333333333334,robust
REACTOME_SIGNALING_BY_INSULIN_RECEPTOR,76,0.3702374980540567,Reactome,0.5161979827829644,0.8,robust
KEGG_MEDICUS_ENV_FACTOR_E2_TO_RAS_ERK_SIGNALING_PATHWAY,16,0.36914960279741993,KEGG_MEDICUS,0.6838151985137485,0.825,robust
REACTOME_INTERLEUKIN_6_FAMILY_SIGNALING,22,0.36891463901455224,Reactome,0.5707979352191441,0.7833333333333333,robust
REACTOME_JNK_C_JUN_KINASES_PHOSPHORYLATION_AND_ACTIVATION_MEDIATED_BY_ACTIVATED_HUMAN_TAK1,22,0.36773383826254447,Reactome,0.5688613065773841,0.775,robust
KEGG_SNARE_INTERACTIONS_IN_VESICULAR_TRANSPORT,38,0.3673551240753278,KEGG,0.6137216365117261,0.825,robust
REACTOME_ATF4_ACTIVATES_GENES_IN_RESPONSE_TO_ENDOPLASMIC_RETICULUM_STRESS,27,0.3672182996428701,Reactome,0.5680157728536825,0.775,robust
REACTOME_NOTCH4_INTRACELLULAR_DOMAIN_REGULATES_TRANSCRIPTION,19,0.3652277611842385,Reactome,0.6769487118458674,0.825,robust
REACTOME_DISEASES_ASSOCIATED_WITH_GLYCOSAMINOGLYCAN_METABOLISM,38,0.36277789758456735,Reactome,0.6047216148089396,0.8166666666666667,robust
REACTOME_GLUCOSE_METABOLISM,83,0.3610506932581503,Reactome,0.5008516294417453,0.8,robust
REACTOME_ABERRANT_REGULATION_OF_MITOTIC_G1_S_TRANSITION_IN_CANCER_DUE_TO_RB1_DEFECTS,17,0.3606806278515565,Reactome,0.6689874442870253,0.825,robust
REACTOME_INTERFERON_ALPHA_BETA_SIGNALING,68,0.3589963409072186,Reactome,0.49741987947370314,0.8,robust
KEGG_MEDICUS_REFERENCE_MGLUR5_CA2_APOPTOTIC_PATHWAY,22,0.3571917816125854,KEGG_MEDICUS,0.5515713033176022,0.775,robust
KEGG_MEDICUS_PATHOGEN_HCMV_UL33_TO_GNAI_AC_PKA_SIGNALING_PATHWAY,25,0.35389890119815437,KEGG_MEDICUS,0.5461706576001647,0.775,robust
REACTOME_CHAPERONE_MEDIATED_AUTOPHAGY,21,0.35342810609720987,Reactome,0.545398507620298,0.775,robust
KEGG_VASCULAR_SMOOTH_MUSCLE_CONTRACTION,104,0.35332264104530375,KEGG,0.6779195682062994,0.8166666666666667,robust
KEGG_INSULIN_SIGNALING_PATHWAY,130,0.3522957666232481,KEGG,0.5708810067954093,0.75,robust
KEGG_MEDICUS_VARIANT_CYP11B1_CYP11B2_FUSION_TO_ACTH_CORTISOL_SIGNALING_PATHWAY,29,0.3495783148198264,KEGG_MEDICUS,0.5390844736565648,0.775,robust
REACTOME_ASSOCIATION_OF_TRIC_CCT_WITH_TARGET_PROTEINS_DURING_BIOSYNTHESIS,39,0.3491152641727498,Reactome,0.5778573122729416,0.8,robust
REACTOME_TRANSLATION_OF_SARS_COV_1_STRUCTURAL_PROTEINS,29,0.34730245315218483,Reactome,0.535351838084692,0.775,robust
KEGG_MEDICUS_ENV_FACTOR_METALS_TO_NFKB_SIGNALING_PATHWAY,15,0.3463127731235356,KEGG_MEDICUS,0.6438317412610745,0.825,robust
REACTOME_OVARIAN_TUMOR_DOMAIN_PROTEASES,39,0.3458329992242867,Reactome,0.5714035228810262,0.8,robust
REACTOME_NCAM_SIGNALING_FOR_NEURITE_OUT_GROWTH,57,0.34577463913310236,Reactome,0.5712887717127597,0.8,robust
REACTOME_CONSTITUTIVE_SIGNALING_BY_EGFRVIII,15,0.34500062045895563,Reactome,0.6415343820950947,0.825,robust
REACTOME_TURBULENT_OSCILLATORY_DISTURBED_FLOW_SHEAR_STRESS_ACTIVATES_SIGNALING_BY_PIEZO1_AND_INTEGRINS_IN_ENDOTHELIAL_CELLS,31,0.34499744356270434,Reactome,0.5315713970721595,0.775,robust
KEGG_MEDICUS_PATHOGEN_SHIGELLA_IPGD_TO_ARNO_ARF_ACTB_G_SIGNALING_PATHWAY,29,0.34440859555408526,KEGG_MEDICUS,0.5306056287855151,0.775,robust
REACTOME_REGULATION_OF_MITF_M_DEPENDENT_GENES_INVOLVED_IN_APOPTOSIS,17,0.343246028497902,Reactome,0.6384623859523507,0.825,robust
REACTOME_MEMBRANE_TRAFFICKING,619,0.34308255128352794,Reactome,0.6239589149222156,0.7916666666666666,robust
REACTOME_RHOA_GTPASE_CYCLE,147,0.3423775891869068,Reactome,0.7990284636410476,0.8,robust
KEGG_SMALL_CELL_LUNG_CANCER,84,0.34154522789367414,KEGG,0.46826818283345956,0.7833333333333333,robust
REACTOME_LATE_ENDOSOMAL_MICROAUTOPHAGY,33,0.3375917183034933,Reactome,0.5194252838302709,0.775,robust
KEGG_MEDICUS_REFERENCE_CRHR_PKA_ACTH_SIGNALING_PATHWAY,25,0.3335504344506122,KEGG_MEDICUS,0.5127971833267235,0.775,robust
KEGG_MEDICUS_REFERENCE_AUTOPHAGOSOME_AND_LYSOSOME_FUSION_TETHERING_FACTOR,16,0.33321486143930157,KEGG_MEDICUS,0.6208994954369195,0.8166666666666667,robust
REACTOME_SIGNALING_BY_NOTCH1_HD_DOMAIN_MUTANTS_IN_CANCER,15,0.33278652873490977,Reactome,0.6201495567361217,0.8166666666666667,robust
KEGG_ALZHEIMERS_DISEASE,159,0.32893283573141996,KEGG,0.7717799217001449,0.7916666666666666,robust
REACTOME_PERK_REGULATES_GENE_EXPRESSION,32,0.32820823341759614,Reactome,0.5040354514994129,0.775,robust
REACTOME_DNA_DAMAGE_TELOMERE_STRESS_INDUCED_SENESCENCE,75,0.32652161115775574,Reactome,0.44317156480199876,0.7833333333333333,robust
KEGG_MATURITY_ONSET_DIABETES_OF_THE_YOUNG,18,0.3240554374808321,KEGG,0.6048628808309354,0.8166666666666667,robust
KEGG_MEDICUS_REFERENCE_GPCR_PLCB_ITPR_SIGNALING_PATHWAY,43,0.3238796409995764,KEGG_MEDICUS,0.5282374919078435,0.7833333333333333,robust
REACTOME_GAP_JUNCTION_TRAFFICKING_AND_REGULATION,49,0.32241817276681717,Reactome,0.5253638639937962,0.7833333333333333,robust
REACTOME_SENSORY_PROCESSING_OF_SOUND_BY_OUTER_HAIR_CELLS_OF_THE_COCHLEA,51,0.3220042109265423,Reactome,0.524549906992953,0.7833333333333333,robust
KEGG_PHENYLALANINE_METABOLISM,18,0.32088425951504423,KEGG,0.5993106802651669,0.8166666666666667,robust
KEGG_MEDICUS_VARIANT_MUTATION_CAUSED_ABERRANT_HTT_TO_MGLUR5_CA2_APOPTOTIC_PATHWAY,23,0.32056586543922766,KEGG_MEDICUS,0.4915012210692475,0.775,robust
REACTOME_PLASMA_LIPOPROTEIN_ASSEMBLY_REMODELING_AND_CLEARANCE,71,0.3184239646276912,Reactome,0.42964462614993987,0.7833333333333333,robust
REACTOME_COPI_INDEPENDENT_GOLGI_TO_ER_RETROGRADE_TRAFFIC,52,0.3184036991798634,Reactome,0.5174703613496121,0.7833333333333333,robust
HALLMARK_INTERFERON_ALPHA_RESPONSE,95,0.316810158131916,Hallmark,0.5960133936403874,0.7916666666666666,robust
REACTOME_PROLACTIN_RECEPTOR_SIGNALING,15,0.316623864600634,Reactome,0.5918514435684623,0.8166666666666667,robust
REACTOME_SIGNALING_BY_NOTCH4,71,0.3152012693568916,Reactome,0.42426118528714896,0.775,robust
REACTOME_SIGNALLING_TO_RAS,19,0.3140157092264983,Reactome,0.5872850010981511,0.8166666666666667,robust
REACTOME_TRANSCRIPTIONAL_REGULATION_BY_MECP2,58,0.31278726955700076,Reactome,0.506426995110259,0.775,robust
REACTOME_PRE_NOTCH_EXPRESSION_AND_PROCESSING,107,0.31221226804547103,Reactome,0.5856992337146281,0.7833333333333333,robust
REACTOME_REPLACEMENT_OF_PROTAMINES_BY_NUCLEOSOMES_IN_THE_MALE_PRONUCLEUS,38,0.31032567894768226,Reactome,0.5015868656231204,0.775,robust
KEGG_MEDICUS_REFERENCE_ITGA_B_FAK_CDC42_SIGNALING_PATHWAY,26,0.3102976937816582,KEGG_MEDICUS,0.47466041596580827,0.7666666666666667,robust
KEGG_MEDICUS_REFERENCE_ACTH_CORTISOL_SIGNALING_PATHWAY,31,0.31009397442949765,KEGG_MEDICUS,0.4743262963172527,0.7666666666666667,robust
KEGG_NON_SMALL_CELL_LUNG_CANCER,54,0.3037387519824689,KEGG,0.4886352483585484,0.75,robust
KEGG_MEDICUS_REFERENCE_SKELETAL_TYPE_VGCC_RYR_SIGNALING,19,0.29888260821901724,KEGG_MEDICUS,0.5607894802279768,0.8083333333333333,robust
REACTOME_DISEASES_ASSOCIATED_WITH_O_GLYCOSYLATION_OF_PROTEINS,61,0.2943163373975575,Reactome,0.4701083225164397,0.75,robust
REACTOME_GASTRIN_CREB_SIGNALLING_PATHWAY_VIA_PKC_AND_MAPK,16,0.29345110509589106,Reactome,0.5512798295434235,0.8083333333333333,robust
REACTOME_NEURONAL_SYSTEM,383,0.2928224056300846,Reactome,0.459348029136304,0.725,robust
REACTOME_SYNTHESIS_OF_BILE_ACIDS_AND_BILE_SALTS,31,0.2924231926946437,Reactome,0.4453444871747542,0.7583333333333333,robust
REACTOME_VITAMIN_B5_PANTOTHENATE_METABOLISM,20,0.29127491645590725,Reactome,0.5474696883503116,0.8083333333333333,robust
REACTOME_RECOGNITION_AND_ASSOCIATION_OF_DNA_GLYCOSYLASE_WITH_SITE_CONTAINING_AN_AFFECTED_PURINE,51,0.2898222812762978,Reactome,0.4612718354633032,0.75,robust
KEGG_HYPERTROPHIC_CARDIOMYOPATHY_HCM,75,0.28897326914857807,KEGG,0.3804478935527149,0.7583333333333333,robust
REACTOME_FORMATION_OF_THE_BETA_CATENIN_TCF_TRANSACTIVATING_COMPLEX,87,0.2872772410533918,Reactome,0.3776147162942887,0.7583333333333333,robust
REACTOME_ABC_TRANSPORTER_DISORDERS,65,0.2868581976848341,Reactome,0.37691471365549895,0.7583333333333333,robust
REACTOME_AZATHIOPRINE_ADME,21,0.2855508492807916,Reactome,0.4340731722906415,0.75,robust
KEGG_MEDICUS_VARIANT_MUTATION_CAUSED_ABERRANT_ABETA_TO_MGLUR5_CA2_APOPTOTIC_PATHWAY,22,0.2813912167125314,KEGG_MEDICUS,0.4272509683267695,0.75,robust
REACTOME_CONSTITUTIVE_SIGNALING_BY_LIGAND_RESPONSIVE_EGFR_CANCER_VARIANTS,19,0.28079522205203233,Reactome,0.5291215017061035,0.8,robust
REACTOME_ASSEMBLY_OF_THE_HIV_VIRION,16,0.2780974085763871,Reactome,0.5243980829426617,0.8,robust
REACTOME_DEVELOPMENTAL_CELL_LINEAGES_OF_THE_INTEGUMENTARY_SYSTEM,56,0.27583557821461274,Reactome,0.4337703274300658,0.7416666666666667,robust
REACTOME_KERATINIZATION,90,0.2738696369525316,Reactome,0.49968760193750916,0.7583333333333333,robust
REACTOME_ELASTIC_FIBRE_FORMATION,41,0.2735375580697085,Reactome,0.4292518201594888,0.7333333333333333,robust
REACTOME_N_GLYCAN_ANTENNAE_ELONGATION_IN_THE_MEDIAL_TRANS_GOLGI,24,0.268911515441144,Reactome,0.40678303850737974,0.7333333333333333,robust
REACTOME_RUNX2_REGULATES_BONE_DEVELOPMENT,30,0.2651475665398876,Reactome,0.40060979443051087,0.7333333333333333,robust
KEGG_PRIMARY_BILE_ACID_BIOSYNTHESIS,15,0.2608022952717553,KEGG,0.49411724127720474,0.7833333333333333,robust
KEGG_THYROID_CANCER,29,0.259051317232854,KEGG,0.39061134973504785,0.7333333333333333,robust
REACTOME_GLUTAMATE_NEUROTRANSMITTER_RELEASE_CYCLE,24,0.255704581114853,Reactome,0.3851223754000359,0.725,robust
KEGG_RENAL_CELL_CARCINOMA,68,0.25504421287809376,KEGG,0.32377015873320836,0.7416666666666667,robust
REACTOME_AUTOPHAGY,158,0.2524837932808751,Reactome,0.6168403055552762,0.7833333333333333,robust
KEGG_MEDICUS_REFERENCE_MICROTUBULE_DEPOLYMERIZATION_AT_THE_MINUS_ENDS,20,0.2523657575683774,KEGG_MEDICUS,0.479346279219834,0.775,robust
REACTOME_STIMULI_SENSING_CHANNELS,92,0.25173004243803504,Reactome,0.45002323105853054,0.7416666666666667,robust
REACTOME_NEUROTRANSMITTER_RECEPTORS_AND_POSTSYNAPTIC_SIGNAL_TRANSMISSION,194,0.24930240726807562,Reactome,0.20595448397602176,0.7833333333333333,robust
REACTOME_RHO_GTPASES_ACTIVATE_IQGAPS,32,0.24904840145872958,Reactome,0.37420559020589494,0.725,robust
REACTOME_ACTIVATED_PKN1_STIMULATES_TRANSCRIPTION_OF_AR_ANDROGEN_RECEPTOR_REGULATED_GENES_KLK2_AND_KLK3,60,0.24732560068819193,Reactome,0.37771227196750723,0.7166666666666667,robust
REACTOME_RHOV_GTPASE_CYCLE,37,0.24620191502648464,Reactome,0.369537074248657,0.725,robust
KEGG_MEDICUS_REFERENCE_REGULATION_OF_GF_RTK_RAS_ERK_SIGNALING_PTP,19,0.2454376905986842,KEGG_MEDICUS,0.4672163963296896,0.775,robust
REACTOME_CHROMATIN_MODIFICATIONS_DURING_THE_MATERNAL_TO_ZYGOTIC_TRANSITION_MZT,64,0.24462737333754742,Reactome,0.3063690596743453,0.7333333333333333,robust
REACTOME_HYALURONAN_DEGRADATION,15,0.24422714959693642,Reactome,0.46509694213717784,0.775,robust
REACTOME_DNA_METHYLATION,58,0.24311015677922737,Reactome,0.3694236092272772,0.7166666666666667,robust
REACTOME_SIGNALING_BY_FGFR3,39,0.2414700140043197,Reactome,0.3661986605384512,0.7166666666666667,robust
REACTOME_DARPP_32_EVENTS,24,0.24080093071910177,Reactome,0.3606789321060568,0.7166666666666667,robust
REACTOME_NUCLEOTIDE_CATABOLISM,35,0.2400009736074718,Reactome,0.3593669242572068,0.7166666666666667,robust
REACTOME_HSF1_DEPENDENT_TRANSACTIVATION,37,0.23022427915287863,Reactome,0.3433321898023825,0.7166666666666667,robust
MODULE_FUSION,15,0.2279076495556603,module,0.43652423560989784,0.775,robust
REACTOME_RUNX2_REGULATES_OSTEOBLAST_DIFFERENTIATION,23,0.2270042169078294,Reactome,0.3380509729997942,0.7166666666666667,robust
REACTOME_BASE_EXCISION_REPAIR_AP_SITE_FORMATION,58,0.22508165813098352,Reactome,0.3339748763689881,0.7083333333333334,robust
KEGG_MEDICUS_VARIANT_MUTATION_CAUSED_ABERRANT_SNCA_TO_ANTEROGRADE_AXONAL_TRANSPORT,25,0.22171395776173214,KEGG_MEDICUS,0.3293744309436985,0.7083333333333334,robust
REACTOME_SIGNALLING_TO_ERKS,32,0.2216520513785752,Reactome,0.32927289842474844,0.7083333333333334,robust
REACTOME_STRIATED_MUSCLE_CONTRACTION,30,0.21921204742892778,Reactome,0.3252710534675361,0.7,robust
REACTOME_ACTIVATION_OF_ANTERIOR_HOX_GENES_IN_HINDBRAIN_DEVELOPMENT_DURING_EARLY_EMBRYOGENESIS,112,0.2153626739035542,Reactome,0.3684425825237837,0.7166666666666667,robust
KEGG_INOSITOL_PHOSPHATE_METABOLISM,54,0.20992601063914185,KEGG,0.30417491855136763,0.7083333333333334,robust
REACTOME_O_GLYCOSYLATION_OF_TSR_DOMAIN_CONTAINING_PROTEINS,34,0.207602250051698,Reactome,0.30622985105676265,0.7,robust
KEGG_PHOSPHATIDYLINOSITOL_SIGNALING_SYSTEM,75,0.20656156421913124,KEGG,0.24278097111379215,0.7083333333333334,robust
REACTOME_DRUG_ADME,91,0.20587466708740085,Reactome,0.3471587288781727,0.7,robust
REACTOME_P53_DEPENDENT_G1_DNA_DAMAGE_RESPONSE,53,0.20423504987401656,Reactome,0.2929850046375109,0.7083333333333334,robust
REACTOME_TGFBR3_EXPRESSION,25,0.20265069217647355,Reactome,0.2981088121887006,0.7,robust
KEGG_MEDICUS_REFERENCE_PROMOTION_OF_MICROTUBULE_GROWTH,22,0.2022833524151467,KEGG_MEDICUS,0.29750633907726903,0.7,robust
REACTOME_GLYCOSPHINGOLIPID_BIOSYNTHESIS,19,0.2002841696053656,Reactome,0.38816015681546834,0.7416666666666667,robust
REACTOME_O_LINKED_GLYCOSYLATION,114,0.1997197653940262,Reactome,0.25212498049580767,0.6666666666666666,robust
REACTOME_SIRT1_NEGATIVELY_REGULATES_RRNA_EXPRESSION,61,0.19969716034122706,Reactome,0.28406232965902894,0.7083333333333334,robust
REACTOME_SIGNALING_BY_NTRK2_TRKB,23,0.19931406256772294,Reactome,0.29263641351664393,0.7,robust
REACTOME_RORA_B_C_AND_NR1D1_REV_ERBA_REGULATE_GENE_EXPRESSION,25,0.19656449895852937,Reactome,0.2881268604622008,0.6916666666666667,robust
REACTOME_SIGNALING_BY_NTRK3_TRKC,16,0.19606030635182276,Reactome,0.38076488092775157,0.7416666666666667,robust
REACTOME_NEGATIVE_REGULATORS_OF_DDX58_IFIH1_SIGNALING,35,0.19483627453616548,Reactome,0.28529240349725726,0.6916666666666667,robust
REACTOME_EVASION_BY_RSV_OF_HOST_INTERFERON_RESPONSES,25,0.19413949226721652,Reactome,0.2841496124744512,0.6916666666666667,robust
REACTOME_DISEASES_OF_GLYCOSYLATION,134,0.1939093880004211,Reactome,0.23998615922401334,0.6583333333333333,robust
REACTOME_INHIBITION_OF_DNA_RECOMBINATION_AT_TELOMERE,63,0.19388307971921964,Reactome,0.22160184438917616,0.7,robust
REACTOME_ATP_DEPENDENT_CHROMATIN_REMODELERS,31,0.19286624489613818,Reactome,0.2820613623419177,0.6916666666666667,robust
HALLMARK_MITOTIC_SPINDLE,196,0.1918893852725933,Hallmark,0.14076131384760168,0.725,robust
REACTOME_SYNTHESIS_OF_PA,37,0.19027597263722693,Reactome,0.2778130626706697,0.6833333333333333,robust
REACTOME_CGMP_EFFECTS,16,0.1877278006340169,Reactome,0.36617606142289055,0.7416666666666667,robust
REACTOME_SENSORY_PROCESSING_OF_SOUND,71,0.18693377592487928,Reactome,0.20999318676852635,0.6833333333333333,robust
HALLMARK_WNT_BETA_CATENIN_SIGNALING,41,0.18649304404028882,Hallmark,0.25809959141252864,0.7083333333333334,robust
REACTOME_REGULATION_OF_ENDOGENOUS_RETROELEMENTS_BY_THE_HUMAN_SILENCING_HUB_HUSH_COMPLEX,64,0.1837287998123987,Reactome,0.20463934536610429,0.6833333333333333,robust
REACTOME_ASSEMBLY_OF_THE_ORC_COMPLEX_AT_THE_ORIGIN_OF_REPLICATION,62,0.18200541401674727,Reactome,0.24927573974438888,0.7,robust
REACTOME_BUDDING_AND_MATURATION_OF_HIV_VIRION,28,0.17465967090484424,Reactome,0.252200801531883,0.675,robust
KEGG_PYRUVATE_METABOLISM,38,0.1744829231479939,KEGG,0.2344845597111401,0.6833333333333333,robust
REACTOME_RIPK1_MEDIATED_REGULATED_NECROSIS,32,0.1729450126742224,Reactome,0.2493885944473215,0.675,robust
KEGG_MEDICUS_REFERENCE_MICROTUBULE_RHOA_SIGNALING_PATHWAY,21,0.1722490924828463,KEGG_MEDICUS,0.24824721731599225,0.675,robust
KEGG_RIG_I_LIKE_RECEPTOR_SIGNALING_PATHWAY,61,0.17039718089901829,KEGG,0.22645092427994626,0.675,robust
REACTOME_PLASMA_LIPOPROTEIN_ASSEMBLY,17,0.16823492822020178,Reactome,0.3320473122917928,0.7166666666666667,robust
KEGG_MEDICUS_VARIANT_SCRAPIE_CONFORMATION_PRPSC_TO_TRANSPORT_OF_CALCIUM,18,0.16782584362691808,KEGG_MEDICUS,0.3313310738041453,0.7166666666666667,robust
REACTOME_ACTIVATION_OF_AMPK_DOWNSTREAM_OF_NMDARS,29,0.16667422605391186,Reactome,0.2391038914992504,0.6666666666666666,robust
REACTOME_HCMV_LATE_EVENTS,109,0.16510909025586257,Reactome,0.2557118541157939,0.6666666666666666,robust
REACTOME_UPTAKE_AND_ACTIONS_OF_BACTERIAL_TOXINS,29,0.16497302790387985,Reactome,0.23631376026241033,0.6666666666666666,robust
REACTOME_DEFECTIVE_PYROPTOSIS,66,0.16429295949838793,Reactome,0.17217220585801052,0.6666666666666666,robust
REACTOME_REGULATION_OF_PD_L1_CD274_EXPRESSION,188,0.1640665494288645,Reactome,0.10916815244324218,0.7,robust
KEGG_MEDICUS_REFERENCE_ITGA_B_RHOGAP_RHOA_SIGNALING_PATHWAY,23,0.16281085533110393,KEGG_MEDICUS,0.23276758591780058,0.6666666666666666,robust
KEGG_MEDICUS_VARIANT_MUTATION_CAUSED_ABERRANT_DCTN1_TO_RETROGRADE_AXONAL_TRANSPORT,18,0.16269052307951246,KEGG_MEDICUS,0.3223399891169052,0.7083333333333334,robust
REACTOME_COLLAGEN_BIOSYNTHESIS_AND_MODIFYING_ENZYMES,60,0.16134057224121973,Reactome,0.2086432683471744,0.6666666666666666,robust
KEGG_MEDICUS_PATHOGEN_ESCHERICHIA_ESPG_TO_MICROTUBULE_RHOA_SIGNALING_PATHWAY,17,0.16125796213623148,KEGG_MEDICUS,0.3198318152567206,0.7083333333333334,robust
REACTOME_POTASSIUM_CHANNELS,93,0.16036588049742312,Reactome,0.2450717076376964,0.6583333333333333,robust
REACTOME_RNA_POLYMERASE_II_TRANSCRIBES_SNRNA_GENES,81,0.16018625511876,Reactome,0.16531204741578645,0.6666666666666666,robust
REACTOME_ION_HOMEOSTASIS,52,0.1598482802451748,Reactome,0.20570903287108208,0.6666666666666666,robust
REACTOME_NCAM1_INTERACTIONS,36,0.15839782815329742,Reactome,0.22552979002812693,0.6666666666666666,robust
KEGG_MEDICUS_REFERENCE_CD80_CD86_CTLA4_PP2A_SIGNALING_PATHWAY,22,0.1580875122189958,KEGG_MEDICUS,0.22502084156638083,0.6666666666666666,robust
REACTOME_PKR_MEDIATED_SIGNALING,76,0.1526444922061333,Reactome,0.15271369999858184,0.6666666666666666,robust
REACTOME_REGULATION_OF_ENDOGENOUS_RETROELEMENTS_BY_PIWI_INTERACTING_RNAS_PIRNAS,91,0.15215947521591056,Reactome,0.22666279074369533,0.6416666666666667,robust
KEGG_MEDICUS_REFERENCE_PDGF_PDGFR_RAS_ERK_SIGNALING_PATHWAY,17,0.14961011303044008,KEGG_MEDICUS,0.2994383857195377,0.7,robust
REACTOME_IL_6_TYPE_CYTOKINE_RECEPTOR_LIGAND_INTERACTIONS,15,0.14896403117792112,Reactome,0.298307204793778,0.7,robust
KEGG_MEDICUS_REFERENCE_TSH_TG_SIGNALING_PATHWAY,28,0.14861339005379906,KEGG_MEDICUS,0.20948235523881395,0.6583333333333333,robust
REACTOME_BIOSYNTHESIS_OF_THE_N_GLYCAN_PRECURSOR_DOLICHOL_LIPID_LINKED_OLIGOSACCHARIDE_LLO_AND_TRANSFER_TO_A_NASCENT_PROTEIN,78,0.1484166781245174,Reactome,0.1456512304894474,0.6666666666666666,robust
KEGG_ALPHA_LINOLENIC_ACID_METABOLISM,17,0.14784749754085974,KEGG,0.296352341724511,0.7,robust
KEGG_MEDICUS_REFERENCE_KINETOCHORE_FIBER_ORGANIZATION,23,0.14640068559269398,KEGG_MEDICUS,0.20585330365848603,0.6583333333333333,robust
REACTOME_OXIDATIVE_STRESS_INDUCED_SENESCENCE,118,0.14629956207623898,Reactome,0.1405215068399954,0.6083333333333333,robust
REACTOME_ERCC6_CSB_AND_EHMT2_G9A_POSITIVELY_REGULATE_RRNA_EXPRESSION,69,0.1452320922385268,Reactome,0.1403314505074402,0.6583333333333333,robust
KEGG_MEDICUS_REFERENCE_FLT3LG_FLT3_RAS_PI3K_SIGNALING_PATHWAY,15,0.14510317775740494,KEGG_MEDICUS,0.291547498218807,0.7,robust
REACTOME_GLUTATHIONE_CONJUGATION,31,0.1440673480984373,Reactome,0.20202640211342304,0.65,robust
REACTOME_SIGNALING_BY_CYTOSOLIC_FGFR1_FUSION_MUTANTS,18,0.14301366258225423,Reactome,0.28788910772076015,0.7,robust
KEGG_GNRH_SIGNALING_PATHWAY,96,0.14202289940750484,KEGG,0.2039240427480213,0.6416666666666667,robust
REACTOME_TICAM1_RIP1_MEDIATED_IKK_COMPLEX_RECRUITMENT,19,0.14182181074875,Reactome,0.2858023751262208,0.7,robust
REACTOME_DISEASES_OF_PROGRAMMED_CELL_DEATH,97,0.13999413233497734,Reactome,0.19937303616788313,0.6416666666666667,robust
KEGG_DILATED_CARDIOMYOPATHY,81,0.13907890599225367,KEGG,0.13005268956634417,0.6583333333333333,robust
REACTOME_CONDENSATION_OF_PROPHASE_CHROMOSOMES,67,0.13661441488802725,Reactome,0.12593581192150705,0.6583333333333333,robust
REACTOME_SIGNALING_BY_WNT_IN_CANCER,33,0.13659032532454657,Reactome,0.18976335397902164,0.6416666666666667,robust
REACTOME_PRC2_METHYLATES_HISTONES_AND_DNA,69,0.13630813315206786,Reactome,0.12542417508515136,0.6583333333333333,robust
REACTOME_TRANSCRIPTIONAL_REGULATION_BY_SMALL_RNAS,70,0.13617845695905056,Reactome,0.12520755388526755,0.6583333333333333,robust
KEGG_MEDICUS_REFERENCE_TNF_NFKB_SIGNALING_PATHWAY,16,0.13303270706908765,KEGG_MEDICUS,0.27041412919701574,0.6916666666666667,robust
REACTOME_ASSEMBLY_OF_COLLAGEN_FIBRILS_AND_OTHER_MULTIMERIC_STRUCTURES,56,0.13037033613667157,Reactome,0.14774770251839092,0.65,robust
REACTOME_TRANSCRIPTIONAL_ACTIVATION_OF_MITOCHONDRIAL_BIOGENESIS,53,0.12825515285318304,Reactome,0.14358870022842443,0.65,robust
REACTOME_MAPK6_MAPK4_SIGNALING,75,0.12799449827876008,Reactome,0.11153643270354417,0.6583333333333333,robust
KEGG_MEDICUS_ENV_FACTOR_ZN_TO_ANTEROGRADE_AXONAL_TRANSPORT,19,0.1273590479973758,KEGG_MEDICUS,0.2604805040748097,0.6833333333333333,robust
REACTOME_O_LINKED_GLYCOSYLATION_OF_MUCINS,59,0.12729587482601204,Reactome,0.1417025093045161,0.65,robust
REACTOME_TCF_DEPENDENT_SIGNALING_IN_RESPONSE_TO_WNT,210,0.12700300871116607,Reactome,0.06708206061967174,0.675,robust
REACTOME_THE_CANONICAL_RETINOID_CYCLE_IN_RODS_TWILIGHT_VISION,19,0.1268430296595658,Reactome,0.2595770425415735,0.6833333333333333,robust
REACTOME_HDACS_DEACETYLATE_HISTONES,87,0.1259858339537309,Reactome,0.10818100356788485,0.6583333333333333,robust
REACTOME_TRANSPORT_OF_CONNEXONS_TO_THE_PLASMA_MEMBRANE,21,0.12593956657730448,Reactome,0.17229506865542857,0.6333333333333333,robust
REACTOME_MEIOTIC_SYNAPSIS,74,0.12462341162679391,Reactome,0.1059051073347944,0.6583333333333333,robust
KEGG_MEDICUS_VARIANT_MUTATION_CAUSED_ABERRANT_SNCA_TO_26S_PROTEASOME_MEDIATED_PROTEIN_DEGRADATION,36,0.12389146300387052,KEGG_MEDICUS,0.16893597861855406,0.6333333333333333,robust
REACTOME_WNT5A_DEPENDENT_INTERNALIZATION_OF_FZD4,15,0.12161265541314456,Reactome,0.2504195347752295,0.6833333333333333,robust
KEGG_MEDICUS_REFERENCE_ITGA_B_FAK_RAC_SIGNALING_PATHWAY,30,0.12118847806147084,KEGG_MEDICUS,0.1645028191301336,0.6333333333333333,robust
REACTOME_ENDOSOMAL_SORTING_COMPLEX_REQUIRED_FOR_TRANSPORT_ESCRT,31,0.1207513422946604,Reactome,0.16378587374802459,0.6333333333333333,robust
REACTOME_RND3_GTPASE_CYCLE,39,0.11970843360842306,Reactome,0.1267836199367382,0.65,robust
REACTOME_RIP_MEDIATED_NFKB_ACTIVATION_VIA_ZBP1,17,0.1187890982232234,Reactome,0.24547595986505716,0.6833333333333333,robust
REACTOME_MEIOTIC_RECOMBINATION,81,0.11693337270515328,Reactome,0.09305906813824909,0.6416666666666667,robust
REACTOME_HCMV_INFECTION,155,0.11501458243934541,Reactome,0.3382308413058934,0.6916666666666667,robust
REACTOME_FORMATION_OF_TUBULIN_FOLDING_INTERMEDIATES_BY_CCT_TRIC,26,0.11491488639377465,Reactome,0.15421351563019184,0.625,robust
REACTOME_SUMOYLATION_OF_INTRACELLULAR_RECEPTORS,28,0.11401501877104578,Reactome,0.15273764477813995,0.625,robust
REACTOME_FERTILIZATION,21,0.11163349811668226,Reactome,0.14883171814120208,0.625,robust
REACTOME_DEFECTIVE_INTRINSIC_PATHWAY_FOR_APOPTOSIS,24,0.1110451135654517,Reactome,0.14786670996997192,0.625,robust
KEGG_MEDICUS_ENV_FACTOR_IRON_TO_ANTEROGRADE_AXONAL_TRANSPORT,19,0.11075515431324856,KEGG_MEDICUS,0.23140987199375315,0.675,robust
REACTOME_NONHOMOLOGOUS_END_JOINING_NHEJ,66,0.11018701513798575,Reactome,0.08178942768196196,0.625,robust
KEGG_MEDICUS_VARIANT_LRP6_OVEREXPRESSION_TO_WNT_SIGNALING_PATHWAY,42,0.10996528166309058,KEGG_MEDICUS,0.1076260407479989,0.6416666666666667,robust
REACTOME_VISUAL_PHOTOTRANSDUCTION,88,0.10890371278763744,Reactome,0.12962983801802092,0.6333333333333333,robust
REACTOME_FACTORS_INVOLVED_IN_MEGAKARYOCYTE_DEVELOPMENT_AND_PLATELET_PRODUCTION,154,0.1081565820538187,Reactome,0.3243317012618274,0.6833333333333333,robust
REACTOME_HYALURONAN_METABOLISM,19,0.10809517395562007,Reactome,0.22675269267241255,0.675,robust
KEGG_REGULATION_OF_AUTOPHAGY,24,0.10719216469631392,KEGG,0.14154749724714671,0.625,robust
KEGG_PROXIMAL_TUBULE_BICARBONATE_RECLAMATION,23,0.10551276173114106,KEGG,0.13879311224368165,0.625,robust
KEGG_TIGHT_JUNCTION,119,0.10335873970254303,KEGG,0.05081116054960617,0.5833333333333334,robust
KEGG_MEDICUS_REFERENCE_EGF_ERBB2_RAS_ERK_SIGNALING_PATHWAY,16,0.09942385902078879,KEGG_MEDICUS,0.211570675073105,0.675,robust
REACTOME_NON_INTEGRIN_MEMBRANE_ECM_INTERACTIONS,74,0.09644966390936106,Reactome,0.05884148760808089,0.6083333333333333,robust
REACTOME_BETA_CATENIN_PHOSPHORYLATION_CASCADE,17,0.09566145594151827,Reactome,0.20498333852790257,0.675,robust
REACTOME_PHASE_4_RESTING_MEMBRANE_POTENTIAL,15,0.0955575303529206,Reactome,0.20480138225864397,0.675,robust
KEGG_ARGININE_AND_PROLINE_METABOLISM,52,0.09514853520049285,KEGG,0.0784924507897031,0.625,robust
REACTOME_THE_ROLE_OF_GTSE1_IN_G2_M_PROGRESSION_AFTER_G2_CHECKPOINT,66,0.09422222450201712,Reactome,0.0551205995571573,0.6083333333333333,robust
REACTOME_MODULATION_OF_HOST_RESPONSES_BY_IFN_STIMULATED_GENES,19,0.0941162762154751,Reactome,0.2022779880739997,0.675,robust
REACTOME_COLLAGEN_CHAIN_TRIMERIZATION,38,0.09405424902049925,Reactome,0.07634079860712441,0.625,robust
REACTOME_CYTOSOLIC_SULFONATION_OF_SMALL_MOLECULES,17,0.09310433928289236,Reactome,0.20050625628530072,0.675,robust
KEGG_MEDICUS_REFERENCE_WNT_SIGNALING_PATHWAY,43,0.09101107961364986,KEGG_MEDICUS,0.0703571334417264,0.625,robust
KEGG_MEDICUS_REFERENCE_COPI_VESICLE_FORMATION,23,0.08052568302706037,KEGG_MEDICUS,0.09781186099536279,0.5916666666666667,robust
REACTOME_SIGNALING_BY_FGFR4,38,0.07991908597744583,Reactome,0.04854737951005663,0.625,robust
KEGG_GLYCOSAMINOGLYCAN_BIOSYNTHESIS_KERATAN_SULFATE,15,0.07781176831768255,KEGG,0.17373153027461496,0.6666666666666666,robust
REACTOME_TRANSLOCATION_OF_SLC2A4_GLUT4_TO_THE_PLASMA_MEMBRANE,72,0.07689018729976611,Reactome,0.02616781641459856,0.6,robust
KEGG_MEDICUS_VARIANT_MUTATION_CAUSED_ABERRANT_ABETA_TO_ANTEROGRADE_AXONAL_TRANSPORT,24,0.07628703239090642,KEGG_MEDICUS,0.09086005967711973,0.5916666666666667,robust
REACTOME_NPAS4_REGULATES_EXPRESSION_OF_TARGET_GENES,20,0.07544194114438915,Reactome,0.16958236049786787,0.6666666666666666,robust
REACTOME_TRANSCRIPTIONAL_REGULATION_OF_BROWN_AND_BEIGE_ADIPOCYTE_DIFFERENTIATION,29,0.07325794074127194,Reactome,0.08589205331599267,0.5916666666666667,robust
KEGG_MEDICUS_VARIANT_FZD7_OVEREXPRESSION_TO_WNT_SIGNALING_PATHWAY,35,0.07115120351459125,KEGG_MEDICUS,0.08243679835708914,0.5916666666666667,robust
KEGG_MEDICUS_REFERENCE_TNF_JNK_SIGNALING_PATHWAY,16,0.06783926989965187,KEGG_MEDICUS,0.15627135870554323,0.6666666666666666,robust
REACTOME_CROSSLINKING_OF_COLLAGEN_FIBRILS,17,0.06726680685354518,Reactome,0.1552690719582318,0.6666666666666666,robust
REACTOME_POST_CHAPERONIN_TUBULIN_FOLDING_PATHWAY,22,0.06696452652843435,Reactome,0.0755702389046138,0.5833333333333334,robust
REACTOME_ASPIRIN_ADME,33,0.06175275372741228,Reactome,0.06702242212549751,0.5833333333333334,robust
KEGG_CHRONIC_MYELOID_LEUKEMIA,72,0.06128058919334959,KEGG,9.232952037027567e-05,0.5833333333333334,robust
REACTOME_TRANSCRIPTIONAL_REGULATION_BY_RUNX2,102,0.060725755626357514,Reactome,0.02155523298934073,0.5666666666666667,robust
KEGG_MEDICUS_PATHOGEN_HPV_E5_TO_EGFR_RAS_ERK_SIGNALING_PATHWAY,15,0.060101708818809794,KEGG_MEDICUS,0.14272418744167917,0.6666666666666666,robust
REACTOME_SIGNALING_BY_FGFR1,47,0.058437332004459094,Reactome,0.006308645560345595,0.5833333333333334,robust
REACTOME_MATURATION_OF_SARS_COV_2_NUCLEOPROTEIN,15,0.05789660428200526,Reactome,0.13886341936467117,0.6666666666666666,robust
REACTOME_BLOOD_GROUP_SYSTEMS_BIOSYNTHESIS,19,0.055353158397873484,Reactome,0.13441027235456016,0.6666666666666666,robust
REACTOME_TNFR1_INDUCED_PROAPOPTOTIC_SIGNALING,25,0.05486916530488526,Reactome,0.05573266432809927,0.575,robust
KEGG_GLYCOSPHINGOLIPID_BIOSYNTHESIS_GANGLIO_SERIES,15,0.05097184019563641,KEGG,0.12673931926907817,0.6583333333333333,robust
REACTOME_METALLOPROTEASE_DUBS,34,0.05058147784129915,Reactome,0.04870043782013245,0.575,robust
KEGG_ENDOMETRIAL_CANCER,52,0.04941479333483815,KEGG,-0.011432019885145127,0.5833333333333334,robust
REACTOME_RHOF_GTPASE_CYCLE,42,0.04879525193268986,Reactome,-0.012650199950380001,0.5833333333333334,robust
KEGG_BUTANOATE_METABOLISM,32,0.048436603250165904,KEGG,0.04518263385607755,0.575,robust
REACTOME_MTORC1_MEDIATED_SIGNALLING,24,0.04747413192683521,Reactome,0.04360408681631193,0.575,robust
REACTOME_GENE_SILENCING_BY_RNA,102,0.04630775243755805,Reactome,-0.010787773890661996,0.5583333333333333,robust
REACTOME_NEGATIVE_REGULATION_OF_FGFR3_SIGNALING,28,0.045348962448499085,Reactome,0.04011860116317201,0.575,robust
KEGG_FATTY_ACID_METABOLISM,42,0.04249163572338548,KEGG,-0.025044754339221383,0.5833333333333334,robust
REACTOME_DNA_DOUBLE_STRAND_BREAK_RESPONSE,75,0.04020515775099444,Reactome,-0.03511371054669834,0.575,robust
REACTOME_INSULIN_RECEPTOR_SIGNALLING_CASCADE,48,0.03873207219579854,Reactome,-0.03243703728820551,0.575,robust
KEGG_MEDICUS_REFERENCE_CARDIAC_TYPE_VGCC_RYR_SIGNALING,19,0.038121665343503544,KEGG_MEDICUS,0.10424081907326488,0.6333333333333333,robust
REACTOME_SEALING_OF_THE_NUCLEAR_ENVELOPE_NE_BY_ESCRT_III,32,0.03773512057877194,Reactome,0.027631156339247842,0.5666666666666667,robust
REACTOME_TRANSCRIPTIONAL_REGULATION_BY_THE_AP_2_TFAP2_FAMILY_OF_TRANSCRIPTION_FACTORS,36,0.0374257392150616,Reactome,0.027123740664613965,0.5583333333333333,robust
KEGG_MEDICUS_VARIANT_SCRAPIE_CONFORMATION_PRPSC_TO_MGLUR5_CA2_APOPTOTIC_PATHWAY,19,0.03573790472252135,KEGG_MEDICUS,0.10006725416733378,0.6333333333333333,robust
REACTOME_ACTIVATION_OF_NF_KAPPAB_IN_B_CELLS,54,0.03490112543665948,Reactome,-0.039969678297792716,0.5666666666666667,robust
REACTOME_HCMV_EARLY_EVENTS,131,0.03352785722180253,Reactome,-0.0950768849701776,0.5,robust
REACTOME_HSP90_CHAPERONE_CYCLE_FOR_STEROID_HORMONE_RECEPTORS_SHR_IN_THE_PRESENCE_OF_LIGAND,55,0.03191763336463559,Reactome,-0.04583600225019239,0.5583333333333333,robust
REACTOME_MATERNAL_TO_ZYGOTIC_TRANSITION_MZT,116,0.03079644230790336,Reactome,-0.10078325397392376,0.5,robust
REACTOME_RAP1_SIGNALLING,16,0.02773309967386654,Reactome,0.08605218355335569,0.6333333333333333,robust
REACTOME_NEGATIVE_REGULATION_OF_FGFR4_SIGNALING,28,0.025756053428199126,Reactome,0.007984315408701814,0.5583333333333333,robust
KEGG_PROPANOATE_METABOLISM,33,0.025653077199134715,KEGG,0.007815424328401025,0.5583333333333333,robust
KEGG_MEDICUS_REFERENCE_MICROTUBULE_DEPOLYMERIZATION,23,0.024606703808916074,KEGG_MEDICUS,0.0060992696985641935,0.5583333333333333,robust
REACTOME_ASYMMETRIC_LOCALIZATION_OF_PCP_PROTEINS,51,0.01988728433075743,Reactome,-0.0694908077564437,0.55,robust
KEGG_MEDICUS_REFERENCE_CA2_ENTRY_VOLTAGE_GATED_CA2_CHANNEL,23,0.018612172944171827,KEGG_MEDICUS,-0.0037323468098420616,0.55,robust
REACTOME_DEPOSITION_OF_NEW_CENPA_CONTAINING_NUCLEOSOMES_AT_THE_CENTROMERE,68,0.01799234986304271,Reactome,-0.07221971270111668,0.5333333333333333,robust
KEGG_T_CELL_RECEPTOR_SIGNALING_PATHWAY,107,0.017168251356953542,KEGG,-0.07615459838006024,0.5,robust
REACTOME_METABOLISM_OF_NUCLEOTIDES,97,0.017031844217350288,Reactome,-0.07646059200462102,0.5,robust
REACTOME_SEROTONIN_NEUROTRANSMITTER_RELEASE_CYCLE,18,0.016639919726507045,Reactome,0.0666298866515797,0.6166666666666667,robust
REACTOME_ANTIMICROBIAL_MECHANISM_OF_IFN_STIMULATED_GENES,165,0.016299846798474592,Reactome,0.16160699455372998,0.6083333333333333,robust
REACTOME_B_WICH_COMPLEX_POSITIVELY_REGULATES_RRNA_EXPRESSION,84,0.015281724385769687,Reactome,-0.07674775234864226,0.5333333333333333,robust
REACTOME_DEACTIVATION_OF_THE_BETA_CATENIN_TRANSACTIVATING_COMPLEX,43,0.013377505367653328,Reactome,-0.08229073191718718,0.55,robust
REACTOME_REGULATION_OF_RUNX1_EXPRESSION_AND_ACTIVITY,17,0.006786980000624401,Reactome,0.04937904229320012,0.5916666666666667,robust
REACTOME_BASIGIN_INTERACTIONS,24,0.00407718531197092,Reactome,-0.02757114713943617,0.5416666666666666,robust
REACTOME_AMINO_ACIDS_REGULATE_MTORC1,55,0.0026503924211899203,Reactome,-0.10338303519763349,0.55,robust
REACTOME_REGULATION_OF_RUNX3_EXPRESSION_AND_ACTIVITY,45,0.0024500885864968272,Reactome,-0.10377688480569379,0.55,robust
REACTOME_COBALAMIN_CBL_VITAMIN_B12_TRANSPORT_AND_METABOLISM,20,0.002432362611748368,Reactome,0.041754837852117505,0.5916666666666667,robust
REACTOME_FIBRONECTIN_MATRIX_FORMATION,18,0.0023533540127107845,Reactome,0.04161650705106829,0.5916666666666667,robust
KEGG_MEDICUS_REFERENCE_KINETOCHORE_MICROTUBULE_ATTACHMENT,20,0.0009028441342296669,KEGG_MEDICUS,0.03907690761677577,0.5916666666666667,robust
REACTOME_NOTCH3_INTRACELLULAR_DOMAIN_REGULATES_TRANSCRIPTION,24,-0.00022808776384607553,Reactome,-0.034632215770234724,0.5416666666666666,robust
REACTOME_SELECTIVE_AUTOPHAGY,89,-0.001984151967112752,Reactome,-0.11911798966021174,0.48333333333333334,robust
REACTOME_SYNTHESIS_OF_PIPS_AT_THE_PLASMA_MEMBRANE,53,-0.0035618112137242967,Reactome,-0.1155978486112184,0.55,robust
REACTOME_CYTOSOLIC_SENSORS_OF_PATHOGEN_ASSOCIATED_DNA,64,-0.004886448826107473,Reactome,-0.11043823769500442,0.5,robust
REACTOME_TNF_SIGNALING,57,-0.00598580798213578,Reactome,-0.12036405879706462,0.5333333333333333,robust
REACTOME_REPRODUCTION,146,-0.006325867386244387,Reactome,0.09230960912061595,0.575,robust
REACTOME_REGULATION_OF_PYRUVATE_METABOLISM,32,-0.006686506530933956,Reactome,-0.04522465377771023,0.525,robust
REACTOME_AMPK_INDUCED_ERAD_AND_LYSOSOME_MEDIATED_DEGRADATION_OF_PD_L1_CD274,55,-0.007035425413731376,Reactome,-0.12242788056403467,0.525,robust
REACTOME_ACTIVATION_OF_BAD_AND_TRANSLOCATION_TO_MITOCHONDRIA,15,-0.007196124983088506,Reactome,0.0248969715171806,0.5916666666666667,robust
KEGG_PARKINSONS_DISEASE,123,-0.00977970192131066,KEGG,-0.18555340388519714,0.44166666666666665,robust
REACTOME_TRP_CHANNELS,26,-0.010072717402682582,Reactome,-0.05077837056703048,0.525,robust
REACTOME_MOLECULES_ASSOCIATED_WITH_ELASTIC_FIBRES,34,-0.010437570273790064,Reactome,-0.05137676493543996,0.525,robust
REACTOME_RHOD_GTPASE_CYCLE,53,-0.012603105861530212,Reactome,-0.13337539320417155,0.525,robust
REACTOME_REGULATION_OF_GENE_EXPRESSION_IN_LATE_STAGE_BRANCHING_MORPHOGENESIS_PANCREATIC_BUD_PRECURSOR_CELLS,16,-0.014477609418269801,Reactome,0.012148313940467025,0.5833333333333334,robust
REACTOME_ION_TRANSPORT_BY_P_TYPE_ATPASES,54,-0.01572379116784431,Reactome,-0.13951147485560136,0.525,robust
REACTOME_NETRIN_1_SIGNALING,41,-0.016198268407141413,Reactome,-0.14044442092234555,0.525,robust
REACTOME_CELL_EXTRACELLULAR_MATRIX_INTERACTIONS,18,-0.01719988667834782,Reactome,0.0073820631949561445,0.575,robust
REACTOME_GLYOXYLATE_METABOLISM_AND_GLYCINE_DEGRADATION,18,-0.017771020129742635,Reactome,0.006382104344909135,0.575,robust
REACTOME_DISASSEMBLY_OF_THE_DESTRUCTION_COMPLEX_AND_RECRUITMENT_OF_AXIN_TO_THE_MEMBRANE,30,-0.018406320787412014,Reactome,-0.06444629462322128,0.525,robust
KEGG_MEDICUS_VARIANT_MUTATION_CAUSED_ABERRANT_HTT_TO_TRANSPORT_OF_CALCIUM,19,-0.018476647048365963,KEGG_MEDICUS,0.005146669998723327,0.575,robust
REACTOME_NEGATIVE_REGULATION_OF_NOTCH4_SIGNALING,44,-0.02085939297168144,Reactome,-0.14960940813128784,0.5166666666666667,robust
REACTOME_SIGNALING_BY_TGFB_FAMILY_MEMBERS,155,-0.02211940004846946,Reactome,0.06030078585981973,0.5583333333333333,robust
REACTOME_RNA_POLYMERASE_I_PROMOTER_ESCAPE,84,-0.022214088085213753,Reactome,-0.13938367417123326,0.48333333333333334,robust
REACTOME_COOPERATION_OF_PREFOLDIN_AND_TRIC_CCT_IN_ACTIN_AND_TUBULIN_FOLDING,33,-0.025991946604140566,Reactome,-0.07688746236246237,0.5166666666666667,robust
KEGG_MEDICUS_REFERENCE_TGFA_EGFR_RAS_ERK_SIGNALING_PATHWAY,15,-0.026174021333591164,KEGG_MEDICUS,-0.008330140928455871,0.5666666666666667,robust
REACTOME_INTERLEUKIN_7_SIGNALING,34,-0.027264380780391152,Reactome,-0.07897437877599882,0.5166666666666667,robust
REACTOME_HDMS_DEMETHYLATE_HISTONES,47,-0.028448687416763152,Reactome,-0.16453194142791402,0.5166666666666667,robust
REACTOME_AUF1_HNRNP_D0_BINDS_AND_DESTABILIZES_MRNA,42,-0.02906473652196086,Reactome,-0.1657432547260332,0.5166666666666667,robust
KEGG_MEDICUS_VARIANT_MUTATION_CAUSED_ABERRANT_ABETA_TO_MACHR_CA2_APOPTOTIC_PATHWAY,20,-0.029954563754021384,KEGG_MEDICUS,-0.014949236416655565,0.5583333333333333,robust
REACTOME_MECHANICAL_LOAD_ACTIVATES_SIGNALING_BY_PIEZO1_AND_INTEGRINS_IN_OSTEOCYTES,16,-0.03133008897013288,Reactome,-0.017357550287878422,0.5583333333333333,robust
KEGG_ALDOSTERONE_REGULATED_SODIUM_REABSORPTION,39,-0.03140117404137201,KEGG,-0.17033730057986018,0.5166666666666667,robust
MODULE_INITIATION,12,-0.03190502829120333,module,-0.018364172577188143,0.5583333333333333,robust
REACTOME_INTRA_GOLGI_TRAFFIC,44,-0.03267975692798601,Reactome,-0.17285132817966672,0.5166666666666667,robust
REACTOME_ESTROGEN_DEPENDENT_GENE_EXPRESSION,140,-0.03313811594570726,Reactome,0.03796910508524622,0.5416666666666666,robust
REACTOME_DEGRADATION_OF_CYSTEINE_AND_HOMOCYSTEINE,15,-0.03579205222407586,Reactome,-0.025169699328471875,0.55,robust
KEGG_MEDICUS_REFERENCE_WNT_SIGNALING_MODULATION_LGR_RSPO,18,-0.03846183794433337,KEGG_MEDICUS,-0.029844046194656606,0.55,robust
REACTOME_PROTEIN_PROTEIN_INTERACTIONS_AT_SYNAPSES,82,-0.040198794708483906,Reactome,-0.1694267270835853,0.475,robust
HALLMARK_KRAS_SIGNALING_DN,172,-0.04023900583878251,Hallmark,0.04517975045641599,0.525,robust
REACTOME_REGULATION_OF_MITF_M_DEPENDENT_GENES_INVOLVED_IN_PIGMENTATION,40,-0.045556855882283566,Reactome,-0.19817106498787357,0.49166666666666664,robust
KEGG_MEDICUS_REFERENCE_RAB7_REGULATED_MICROTUBULE_MINUS_END_DIRECTED_TRANSPORT,43,-0.04678307489626042,KEGG_MEDICUS,-0.20058213154978358,0.48333333333333334,robust
REACTOME_TP53_REGULATES_TRANSCRIPTION_OF_GENES_INVOLVED_IN_G2_CELL_CYCLE_ARREST,18,-0.04779774892485507,Reactome,-0.04618965996570192,0.55,robust
REACTOME_ANTIGEN_PROCESSING_UB_ATP_INDEPENDENT_PROTEASOMAL_DEGRADATION,19,-0.04787769446583735,Reactome,-0.046329631194898524,0.55,robust
REACTOME_DISORDERS_OF_TRANSMEMBRANE_TRANSPORTERS,156,-0.05144715512044533,Reactome,0.0008620935284904709,0.525,robust
KEGG_MEDICUS_REFERENCE_ARL8_REGULATED_MICROTUBULE_PLUS_END_DIRECTED_TRANSPORT,35,-0.05918610960484059,KEGG_MEDICUS,-0.13132913399681706,0.4666666666666667,robust
KEGG_MEDICUS_REFERENCE_ITGA_B_TALIN_VINCULIN_SIGNALING_PATHWAY,30,-0.06447836893476704,KEGG_MEDICUS,-0.1400089565498855,0.4666666666666667,robust
REACTOME_AGGREPHAGY,43,-0.06565969801383251,Reactome,-0.23769849843186994,0.4666666666666667,robust
REACTOME_NR1H2_AND_NR1H3_MEDIATED_SIGNALING,46,-0.06573567635282385,Reactome,-0.23784789167278647,0.4666666666666667,robust
REACTOME_TP53_REGULATES_TRANSCRIPTION_OF_CELL_CYCLE_GENES,49,-0.06680021053767672,Reactome,-0.23994104366916982,0.4666666666666667,robust
REACTOME_SYNTHESIS_OF_ACTIVE_UBIQUITIN_ROLES_OF_E1_AND_E2_ENZYMES,30,-0.06933313931003457,Reactome,-0.1479712544582537,0.4583333333333333,robust
REACTOME_BASE_EXCISION_REPAIR,86,-0.0706274083573793,Reactome,-0.2202570502605256,0.45,robust
REACTOME_FATTY_ACYL_COA_BIOSYNTHESIS,37,-0.07089092569497639,Reactome,-0.1505261763836441,0.4583333333333333,robust
REACTOME_DOWNSTREAM_SIGNALING_EVENTS_OF_B_CELL_RECEPTOR_BCR,68,-0.07215978581321632,Reactome,-0.22281685276115915,0.44166666666666665,robust
REACTOME_FORMATION_OF_THE_CANONICAL_BAF_CBAF_COMPLEX,18,-0.07286800316701628,Reactome,-0.09008346891902785,0.5333333333333333,robust
REACTOME_NEGATIVE_REGULATION_OF_FGFR1_SIGNALING,29,-0.07291010745910578,Reactome,-0.15383783182651492,0.4583333333333333,robust
REACTOME_UNFOLDED_PROTEIN_RESPONSE_UPR,93,-0.07661777461191936,Reactome,-0.28653893825285126,0.375,robust
REACTOME_G1_S_DNA_DAMAGE_CHECKPOINTS,67,-0.077049831308286,Reactome,-0.23098556513604432,0.44166666666666665,robust
REACTOME_DISEASES_OF_MITOTIC_CELL_CYCLE,38,-0.07849790717391311,Reactome,-0.2629417677563995,0.45,robust
KEGG_MEDICUS_VARIANT_MUTATION_CAUSED_ABERRANT_HTT_TO_ANTEROGRADE_AXONAL_TRANSPORT,26,-0.07967883891217452,KEGG_MEDICUS,-0.16493921296817302,0.4583333333333333,robust
REACTOME_METABOLISM_OF_COFACTORS,25,-0.08019716527765426,Reactome,-0.16578931886746265,0.4583333333333333,robust
KEGG_MEDICUS_VARIANT_IGH_MMSET_FUSION_TO_TRANSCRIPTIONAL_ACTIVATION,17,-0.08113896186364249,KEGG_MEDICUS,-0.10456452991600895,0.525,robust
REACTOME_MEIOSIS,113,-0.08169412866537507,Reactome,-0.3357943114845074,0.39166666666666666,robust
KEGG_MEDICUS_PATHOGEN_SALMONELLA_SIFA_TO_MICROTUBULE_PLUS_END_DIRECTED_TRANSPORT,25,-0.0818230010918211,KEGG_MEDICUS,-0.1684558485077605,0.4583333333333333,robust
KEGG_WNT_SIGNALING_PATHWAY,144,-0.0828787471924889,KEGG,-0.06284045465731508,0.5,robust
KEGG_MEDICUS_REFERENCE_ANTEROGRADE_AXONAL_TRANSPORT,24,-0.08290041079737887,KEGG_MEDICUS,-0.17022290572816415,0.4583333333333333,robust
REACTOME_ACTIVATION_OF_BH3_ONLY_PROTEINS,30,-0.08553790138506262,Reactome,-0.17454864807359857,0.4583333333333333,robust
REACTOME_SARS_COV_1_TARGETS_HOST_INTRACELLULAR_SIGNALLING_AND_REGULATORY_PATHWAYS,16,-0.08585176188370236,Reactome,-0.11281585204930641,0.525,robust
REACTOME_DEGRADATION_OF_GLI1_BY_THE_PROTEASOME,47,-0.08594808647658805,Reactome,-0.2775907643811187,0.45,robust
REACTOME_GAP_JUNCTION_ASSEMBLY,36,-0.08637742374717318,Reactome,-0.1759255468002439,0.4583333333333333,robust
REACTOME_PI_METABOLISM,84,-0.08961639865140278,Reactome,-0.25197773673629725,0.425,robust
REACTOME_TNFR1_INDUCED_NF_KAPPA_B_SIGNALING_PATHWAY,33,-0.09014436223176263,Reactome,-0.1821036940859732,0.4583333333333333,robust
KEGG_O_GLYCAN_BIOSYNTHESIS,30,-0.09025792339415714,KEGG,-0.1822899454914799,0.4583333333333333,robust
REACTOME_DOWNSTREAM_SIGNAL_TRANSDUCTION,29,-0.0903509649639652,Reactome,-0.1824425427596119,0.4583333333333333,robust
REACTOME_NEGATIVE_EPIGENETIC_REGULATION_OF_RRNA_EXPRESSION,102,-0.09231897127394513,Reactome,-0.321760452980957,0.35833333333333334,robust
REACTOME_METABOLISM_OF_STEROID_HORMONES,33,-0.09385692368761306,Reactome,-0.18819265772989788,0.4583333333333333,robust
REACTOME_POSITIVE_EPIGENETIC_REGULATION_OF_RRNA_EXPRESSION,99,-0.09398354172274354,Reactome,-0.32549448000070125,0.3416666666666667,robust
REACTOME_PLASMA_LIPOPROTEIN_REMODELING,30,-0.09725110666748839,Reactome,-0.1937594495557195,0.45,robust
REACTOME_PCP_CE_PATHWAY,79,-0.0976797509772555,Reactome,-0.26544738768201187,0.425,robust
KEGG_MEDICUS_REFERENCE_MACHR_CA2_APOPTOTIC_PATHWAY,19,-0.10025754679621461,KEGG_MEDICUS,-0.1380379644644698,0.525,robust
REACTOME_METABOLISM_OF_NITRIC_OXIDE_NOS3_ACTIVATION_AND_REGULATION,17,-0.10596999426169859,Reactome,-0.14803950155635096,0.5166666666666667,robust
KEGG_GLYCINE_SERINE_AND_THREONINE_METABOLISM,30,-0.10738670508333395,KEGG,-0.2103828215853596,0.43333333333333335,robust
REACTOME_REGULATION_OF_IFNA_IFNB_SIGNALING,16,-0.10748890560276514,Reactome,-0.15069886047540385,0.5166666666666667,robust
REACTOME_SCF_SKP2_MEDIATED_DEGRADATION_OF_P27_P21,50,-0.1084385994133837,Reactome,-0.32181298168816136,0.43333333333333335,robust
KEGG_LYSINE_DEGRADATION,43,-0.11152286270135056,KEGG,-0.32787744814723696,0.43333333333333335,robust
REACTOME_RMTS_METHYLATE_HISTONE_ARGININES,72,-0.11243552308374802,Reactome,-0.2900965772097616,0.425,robust
REACTOME_TBC_RABGAPS,43,-0.11375076152062913,Reactome,-0.33225807859355516,0.43333333333333335,robust
REACTOME_E3_UBIQUITIN_LIGASES_UBIQUITINATE_TARGET_PROTEINS,58,-0.11600751945904049,Reactome,-0.3366954535988422,0.43333333333333335,robust
REACTOME_NOREPINEPHRINE_NEUROTRANSMITTER_RELEASE_CYCLE,18,-0.1181729497197244,Reactome,-0.1694048291819377,0.5083333333333333,robust
KEGG_MEDICUS_REFERENCE_AREG_EGFR_RAS_ERK_SIGNALING_PATHWAY,15,-0.12004118348437061,KEGG_MEDICUS,-0.172675793056234,0.5,robust
REACTOME_NEF_MEDIATES_DOWN_MODULATION_OF_CELL_SURFACE_RECEPTORS_BY_RECRUITING_THEM_TO_CLATHRIN_ADAPTERS,21,-0.12129098485882032,Reactome,-0.2331871993861574,0.425,robust
REACTOME_MITOTIC_PROPHASE,136,-0.12499934960036707,Reactome,-0.426265945503322,0.30833333333333335,robust
KEGG_MEDICUS_REFERENCE_GNRH_GNRHR_PLCB_PKC_SIGNALING_PATHWAY,20,-0.12618275734481565,KEGG_MEDICUS,-0.18342865846793624,0.49166666666666664,robust
REACTOME_GASTRULATION,103,-0.12766152557005184,Reactome,-0.40104219968245913,0.31666666666666665,robust
KEGG_MEDICUS_VARIANT_EGF_OVEREXPRESSION_TO_RAS_ERK_SIGNALING_PATHWAY,15,-0.13020122307510848,KEGG_MEDICUS,-0.19046431775352612,0.48333333333333334,robust
KEGG_MEDICUS_VARIANT_MUTATION_CAUSED_ABERRANT_ABETA_TO_ELECTRON_TRANSFER_IN_COMPLEX_IV,18,-0.13068692552923106,KEGG_MEDICUS,-0.19131470126074898,0.48333333333333334,robust
REACTOME_NEGATIVE_REGULATION_OF_FGFR2_SIGNALING,30,-0.13611603199053757,Reactome,-0.25750172564463725,0.425,robust
KEGG_MEDICUS_REFERENCE_VGCC_CA2_APOPTOTIC_PATHWAY,23,-0.13643710997344682,KEGG_MEDICUS,-0.2580283249179552,0.425,robust
KEGG_GLYCOSPHINGOLIPID_BIOSYNTHESIS_LACTO_AND_NEOLACTO_SERIES,26,-0.1372260026182826,KEGG,-0.25932218595984985,0.425,robust
REACTOME_REGULATION_OF_NF_KAPPA_B_SIGNALING,18,-0.13916502720725293,Reactome,-0.20615843486422136,0.475,robust
REACTOME_SARS_COV_1_MODULATES_HOST_TRANSLATION_MACHINERY,37,-0.1405957621453916,Reactome,-0.26484892093604845,0.425,robust
KEGG_STEROID_HORMONE_BIOSYNTHESIS,44,-0.14132916381593436,KEGG,-0.38648441405826295,0.375,robust
KEGG_PANCREATIC_CANCER,68,-0.14225717352203074,KEGG,-0.33991298182610147,0.4,robust
REACTOME_REGULATION_OF_PTEN_GENE_TRANSCRIPTION,61,-0.14258808226607092,Reactome,-0.3889597762445429,0.375,robust
REACTOME_NUCLEAR_RECEPTOR_TRANSCRIPTION_PATHWAY,49,-0.14475283180919685,Reactome,-0.39321623873521455,0.375,robust
REACTOME_TERMINATION_OF_O_GLYCAN_BIOSYNTHESIS,21,-0.1451949083274044,Reactome,-0.2723919701834193,0.425,robust
REACTOME_SOMITOGENESIS,43,-0.1459271978701244,Reactome,-0.39552534886046153,0.375,robust
REACTOME_ISG15_ANTIVIRAL_MECHANISM,74,-0.15020801795899544,Reactome,-0.3531946908426135,0.38333333333333336,robust
REACTOME_DENGUE_VIRUS_HOST_INTERACTIONS,282,-0.15081661407291522,Reactome,-0.25391460726454695,0.36666666666666664,robust
REACTOME_PARACETAMOL_ADME,26,-0.15133988860111167,Reactome,-0.2824703384270682,0.4166666666666667,robust
REACTOME_VIF_MEDIATED_DEGRADATION_OF_APOBEC3G,41,-0.15174662147233858,Reactome,-0.40696785423426357,0.35,robust
REACTOME_DAG1_GLYCOSYLATIONS,18,-0.1518955703720855,Reactome,-0.22844748004707785,0.475,robust
REACTOME_SIGNALING_BY_HIPPO,20,-0.1527402194014244,Reactome,-0.22992631878434378,0.475,robust
REACTOME_SYNTHESIS_OF_PIPS_AT_THE_GOLGI_MEMBRANE,18,-0.15540498554731455,Reactome,-0.2345918772179829,0.475,robust
REACTOME_NEGATIVE_REGULATION_OF_MAPK_PATHWAY,42,-0.15639872223722012,Reactome,-0.41611509829832727,0.35,robust
KEGG_CITRATE_CYCLE_TCA_CYCLE,31,-0.15770945080906326,KEGG,-0.29291704299294574,0.39166666666666666,robust
REACTOME_OLFACTORY_SIGNALING_PATHWAY,122,-0.15815065128380004,Reactome,-0.49552439444769325,0.2833333333333333,robust
KEGG_MEDICUS_REFERENCE_IL2_FAMILY_TO_JAK_STAT_SIGNALING_PATHWAY,22,-0.16101054568433254,KEGG_MEDICUS,-0.2983311612290185,0.39166666666666666,robust
REACTOME_RESPONSE_OF_EIF2AK4_GCN2_TO_AMINO_ACID_DEFICIENCY,102,-0.16164266311137826,Reactome,-0.47726996512942693,0.2916666666666667,robust
KEGG_ALANINE_ASPARTATE_AND_GLUTAMATE_METABOLISM,32,-0.16168801350285417,KEGG,-0.2994422746653783,0.39166666666666666,robust
KEGG_MEDICUS_VARIANT_MUTATION_CAUSED_ABERRANT_SNCA_TO_ELECTRON_TRANSFER_IN_COMPLEX_I,44,-0.16418488904655246,KEGG_MEDICUS,-0.4314247340366856,0.35,robust
REACTOME_CELLULAR_RESPONSE_TO_STARVATION,157,-0.16538498726660547,Reactome,-0.2300562203081364,0.4166666666666667,robust
REACTOME_RNA_POLYMERASE_I_TRANSCRIPTION,104,-0.16560502073928385,Reactome,-0.48615847474773094,0.2916666666666667,robust
REACTOME_REGULATION_OF_FZD_BY_UBIQUITINATION,21,-0.16759920481870377,Reactome,-0.30913720616820145,0.375,robust
REACTOME_REGULATION_OF_ENDOGENOUS_RETROELEMENTS_BY_KRAB_ZFP_PROTEINS,101,-0.1681823604610503,Reactome,-0.4919400601213529,0.2916666666666667,robust
KEGG_MEDICUS_VARIANT_MUTATION_CAUSED_ABERRANT_ABETA_TO_TRANSPORT_OF_CALCIUM,15,-0.16844431260310105,KEGG_MEDICUS,-0.257421551186909,0.475,robust
REACTOME_REGULATION_OF_CDH1_POSTTRANSLATIONAL_PROCESSING_AND_TRAFFICKING_TO_PLASMA_MEMBRANE,32,-0.16933587216556314,Reactome,-0.3119855103545077,0.36666666666666664,robust
KEGG_MEDICUS_ENV_FACTOR_ARSENIC_TO_ELECTRON_TRANSFER_IN_COMPLEX_IV,19,-0.17713192036857356,KEGG_MEDICUS,-0.2726320947990989,0.4666666666666667,robust
KEGG_MEDICUS_VARIANT_MUTATION_ACTIVATED_EGFR_TO_RAS_ERK_SIGNALING_PATHWAY,15,-0.177430485493451,KEGG_MEDICUS,-0.27315483224024767,0.4666666666666667,robust
REACTOME_MITOPHAGY,39,-0.17778844143230602,Reactome,-0.4581728678583165,0.3333333333333333,robust
KEGG_MEDICUS_VARIANT_MUTATION_ACTIVATED_MET_TO_RAS_ERK_SIGNALING_PATHWAY,15,-0.17813608012129378,KEGG_MEDICUS,-0.2743902100506944,0.4666666666666667,robust
KEGG_MEDICUS_VARIANT_MUTATION_CAUSED_ABERRANT_ABETA_TO_26S_PROTEASOME_MEDIATED_PROTEIN_DEGRADATION,36,-0.17871965234834472,KEGG_MEDICUS,-0.32737582700111767,0.36666666666666664,robust
KEGG_MELANOGENESIS,95,-0.17991598218805574,KEGG,-0.5182613615716604,0.2833333333333333,robust
KEGG_MEDICUS_REFERENCE_EGF_EGFR_RAS_ERK_SIGNALING_PATHWAY,16,-0.1849664289137717,KEGG_MEDICUS,-0.2863490048074468,0.4666666666666667,robust
REACTOME_PI_3K_CASCADE_FGFR3,17,-0.18650397285894585,Reactome,-0.28904098629016023,0.4583333333333333,robust
REACTOME_STABILIZATION_OF_P53,44,-0.18663111149085704,Reactome,-0.47555986467793804,0.3,robust
REACTOME_ASPARAGINE_N_LINKED_GLYCOSYLATION,306,-0.1875138360347845,Reactome,-0.5354416056892665,0.275,robust
REACTOME_IRS_MEDIATED_SIGNALLING,43,-0.1880462854044927,Reactome,-0.47834246588013946,0.3,robust
REACTOME_UBIQUITIN_DEPENDENT_DEGRADATION_OF_CYCLIN_D,39,-0.18815052241220695,Reactome,-0.4785474230378321,0.3,robust
REACTOME_SYNDECAN_INTERACTIONS,26,-0.18908252533542919,Reactome,-0.344371951540829,0.35833333333333334,robust
REACTOME_SIGNALING_BY_CTNNB1_PHOSPHO_SITE_MUTANTS,15,-0.18942429986144296,Reactome,-0.29415398890635536,0.4583333333333333,robust
KEGG_OLFACTORY_TRANSDUCTION,133,-0.18954418108225465,KEGG,-0.5611105726765993,0.26666666666666666,robust
REACTOME_SENSORY_PERCEPTION,316,-0.1896710146389278,Reactome,-0.33367718175128047,0.36666666666666664,robust
KEGG_OXIDATIVE_PHOSPHORYLATION,126,-0.18972546786992067,KEGG,-0.5614893101948949,0.26666666666666666,robust
REACTOME_ACTIVATION_OF_THE_MRNA_UPON_BINDING_OF_THE_CAP_BINDING_COMPLEX_AND_EIFS_AND_SUBSEQUENT_BINDING_TO_43S,60,-0.19179356596510336,Reactome,-0.4857105973108222,0.2833333333333333,robust
KEGG_MEDICUS_REFERENCE_ELECTRON_TRANSFER_IN_COMPLEX_IV,17,-0.19417619497502428,KEGG_MEDICUS,-0.3024737599891316,0.4583333333333333,robust
KEGG_MEDICUS_REFERENCE_ITGA_B_RHOGEF_RHOA_SIGNALING_PATHWAY,23,-0.19517428656510655,KEGG_MEDICUS,-0.35436303535077457,0.35833333333333334,robust
REACTOME_PI_3K_CASCADE_FGFR4,17,-0.19555420645063082,Reactome,-0.30488642688359185,0.4583333333333333,robust
REACTOME_REGULATION_OF_APOPTOSIS,40,-0.1962700482260297,Reactome,-0.4945125295686647,0.275,robust
KEGG_MEDICUS_VARIANT_MUTATION_CAUSED_ABERRANT_HTT_TO_26S_PROTEASOME_MEDIATED_PROTEIN_DEGRADATION,36,-0.19633102830911595,KEGG_MEDICUS,-0.35626020486795096,0.35833333333333334,robust
KEGG_MEDICUS_REFERENCE_26S_PROTEASOME_MEDIATED_PROTEIN_DEGRADATION,39,-0.19698887469700227,KEGG_MEDICUS,-0.49592592998753193,0.26666666666666666,robust
KEGG_MEDICUS_VARIANT_SCRAPIE_CONFORMATION_PRPSC_TO_26S_PROTEASOME_MEDIATED_PROTEIN_DEGRADATION,36,-0.1980830521506442,KEGG_MEDICUS,-0.35913369520641886,0.35833333333333334,robust
REACTOME_VOLTAGE_GATED_POTASSIUM_CHANNELS,38,-0.1990941855380741,Reactome,-0.5000655204795047,0.25833333333333336,robust
KEGG_MEDICUS_PATHOGEN_HIV_GP120_TO_TNF_NFKB_SIGNALING_PATHWAY,15,-0.1992775724589521,KEGG_MEDICUS,-0.3114054160671046,0.45,robust
REACTOME_DNA_REPLICATION_PRE_INITIATION,143,-0.20043390735466193,Reactome,-0.30109002335738494,0.375,robust
KEGG_MEDICUS_VARIANT_MUTATION_INACTIVATED_VCP_TO_26S_PROTEASOME_MEDIATED_PROTEIN_DEGRADATION,40,-0.20214981360121534,KEGG_MEDICUS,-0.5060736826142445,0.25833333333333336,robust
REACTOME_HATS_ACETYLATE_HISTONES,135,-0.20295972831292292,Reactome,-0.5891378278899403,0.25,robust
REACTOME_REGULATION_OF_ORNITHINE_DECARBOXYLASE_ODC,38,-0.2046852272746455,Reactome,-0.5110589675094698,0.25833333333333336,robust
REACTOME_INTERLEUKIN_20_FAMILY_SIGNALING,23,-0.20719208168757502,Reactome,-0.3740733939404031,0.35,robust
REACTOME_SYNTHESIS_OF_PIPS_AT_THE_EARLY_ENDOSOME_MEMBRANE,16,-0.20726169817798304,Reactome,-0.3253842806444376,0.4083333333333333,robust
KEGG_MEDICUS_REFERENCE_KITLG_KIT_RAS_ERK_SIGNALING_PATHWAY,15,-0.20883393636974165,KEGG_MEDICUS,-0.32813700593200634,0.4083333333333333,robust
KEGG_BASAL_CELL_CARCINOMA,52,-0.21030202680903393,KEGG,-0.5221030610914105,0.25833333333333336,robust
REACTOME_XENOBIOTICS,21,-0.2112251738812006,Reactome,-0.38068805932213945,0.3416666666666667,robust
REACTOME_DECTIN_1_MEDIATED_NONCANONICAL_NF_KB_SIGNALING,49,-0.21380406517609968,Reactome,-0.5289889823739176,0.25,robust
REACTOME_ASSEMBLY_AND_CELL_SURFACE_PRESENTATION_OF_NMDA_RECEPTORS,44,-0.21407072325284035,Reactome,-0.529513301736906,0.25,robust
REACTOME_FGFR2_LIGAND_BINDING_AND_ACTIVATION,16,-0.21487803518932935,Reactome,-0.3387192089012865,0.4083333333333333,robust
REACTOME_FBXL7_DOWN_REGULATES_AURKA_DURING_MITOTIC_ENTRY_AND_IN_EARLY_MITOSIS,41,-0.2162365765672301,Reactome,-0.5337719345299102,0.23333333333333334,robust
REACTOME_NEUREXINS_AND_NEUROLIGINS,53,-0.2181170105433116,Reactome,-0.5374693584239545,0.23333333333333334,robust
REACTOME_ACETYLCHOLINE_NEUROTRANSMITTER_RELEASE_CYCLE,16,-0.22054689600188113,Reactome,-0.34864443307674314,0.4,robust
REACTOME_SIGNALING_BY_FGFR2,69,-0.22261896183918028,Reactome,-0.47415556409983795,0.35,robust
KEGG_MEDICUS_VARIANT_MUTATION_CAUSED_ABERRANT_SOD1_TO_26S_PROTEASOME_MEDIATED_PROTEIN_DEGRADATION,41,-0.22266172897034808,KEGG_MEDICUS,-0.5464054607905181,0.23333333333333334,robust
KEGG_PEROXISOME,76,-0.22399405432641145,KEGG,-0.4764526255542523,0.35,robust
KEGG_MEDICUS_VARIANT_MUTATION_INACTIVATED_UBQLN2_TO_26S_PROTEASOME_MEDIATED_PROTEIN_DEGRADATION,40,-0.22428204977472607,KEGG_MEDICUS,-0.5495914343127625,0.225,robust
REACTOME_SENSORY_PERCEPTION_OF_TASTE,39,-0.22448409602306119,Reactome,-0.5499887099607238,0.225,robust
REACTOME_SIGNALING_BY_FGFR,83,-0.22540140283456891,Reactome,-0.4788035699751075,0.35,robust
REACTOME_TP53_REGULATES_METABOLIC_GENES,81,-0.2260987664477731,Reactome,-0.479968500400135,0.35,robust
REACTOME_DEVELOPMENTAL_LINEAGE_OF_PANCREATIC_ACINAR_CELLS,22,-0.2272002530503867,Reactome,-0.4068887505232795,0.325,robust
REACTOME_TRANSLATION_OF_SARS_COV_2_STRUCTURAL_PROTEINS,61,-0.22810242717142426,Reactome,-0.5571032931977281,0.225,robust
KEGG_MEDICUS_REFERENCE_PINK_PARKIN_MEDIATED_AUTOPHAGOSOME_FORMATION,17,-0.22895400547326786,KEGG_MEDICUS,-0.36336387123729263,0.4,robust
REACTOME_CELLULAR_RESPONSE_TO_HYPOXIA,61,-0.23105234263511248,Reactome,-0.5629035967763628,0.225,robust
REACTOME_G2_M_DNA_DAMAGE_CHECKPOINT,94,-0.2314383190765683,Reactome,-0.6338382049554587,0.25,robust
KEGG_VALINE_LEUCINE_AND_ISOLEUCINE_DEGRADATION,43,-0.23158808433575281,KEGG,-0.5639570047609979,0.225,robust
REACTOME_PROTEIN_UBIQUITINATION,78,-0.23201614306842763,Reactome,-0.4898533465997732,0.3416666666666667,robust
REACTOME_SIGNALING_BY_FGFR1_IN_DISEASE,36,-0.23253152487120116,Reactome,-0.41563255737438604,0.325,robust
REACTOME_PROCESSING_OF_DNA_DOUBLE_STRAND_BREAK_ENDS,95,-0.23695294782299264,Reactome,-0.6462088275132912,0.24166666666666667,robust
KEGG_MEDICUS_REFERENCE_DNA_END_RESECTION_AND_RPA_LOADING,18,-0.2370197619684662,KEGG_MEDICUS,-0.3774856576078868,0.39166666666666666,robust
KEGG_ABC_TRANSPORTERS,43,-0.2378311545426902,KEGG,-0.5762325099097766,0.21666666666666667,robust
REACTOME_ABC_FAMILY_PROTEINS_MEDIATED_TRANSPORT,90,-0.23942919646370547,Reactome,-0.6517636415727991,0.23333333333333334,robust
KEGG_MEDICUS_VARIANT_IGF2_OVEREXPRESSION_TO_RAS_ERK_SIGNALING_PATHWAY,15,-0.23996386207622256,KEGG_MEDICUS,-0.38264028294279867,0.39166666666666666,robust
REACTOME_ASSEMBLY_OF_ACTIVE_LPL_AND_LIPC_LIPASE_COMPLEXES,16,-0.24031945964421605,Reactome,-0.3832628746230826,0.39166666666666666,robust
REACTOME_ZINC_TRANSPORTERS,15,-0.24268665459619498,Reactome,-0.3874074358219356,0.39166666666666666,robust
REACTOME_REGULATION_OF_ENDOGENOUS_RETROELEMENTS,136,-0.24400857347123708,Reactome,-0.6748955267510758,0.225,robust
KEGG_MEDICUS_REFERENCE_MICROTUBULE_NUCLEATION,28,-0.24436991000220284,KEGG_MEDICUS,-0.4350486660429321,0.31666666666666665,robust
REACTOME_FOXO_MEDIATED_TRANSCRIPTION_OF_OXIDATIVE_STRESS_METABOLIC_AND_NEURONAL_GENES,28,-0.24491446898885658,Reactome,-0.43594179600485683,0.31666666666666665,robust
KEGG_MEDICUS_VARIANT_AMPLIFIED_FGFR_TO_RAS_ERK_SIGNALING_PATHWAY,15,-0.24491979762145313,KEGG_MEDICUS,-0.3913172945879983,0.39166666666666666,robust
REACTOME_TELOMERE_MAINTENANCE,108,-0.24506866434156235,Reactome,-0.6644143079642987,0.23333333333333334,robust
KEGG_MEDICUS_REFERENCE_WNT5A_ROR_SIGNALING_PATHWAY,15,-0.24569992865729068,KEGG_MEDICUS,-0.3926831731433113,0.39166666666666666,robust
REACTOME_PKA_ACTIVATION_IN_GLUCAGON_SIGNALLING,16,-0.24864405455196287,Reactome,-0.39783784362678626,0.38333333333333336,robust
KEGG_PROTEASOME,46,-0.2488101638066241,KEGG,-0.5978201070824222,0.20833333333333334,robust
REACTOME_MISCELLANEOUS_TRANSPORT_AND_BINDING_EVENTS,26,-0.24992408682094477,Reactome,-0.4441580588768082,0.31666666666666665,robust
KEGG_LONG_TERM_POTENTIATION,67,-0.25137286167068174,KEGG,-0.5221883150459411,0.31666666666666665,robust
KEGG_HUNTINGTONS_DISEASE,175,-0.25156638137447784,KEGG,-0.3899946966409736,0.2833333333333333,robust
REACTOME_COMPLEX_IV_ASSEMBLY,45,-0.2521356648784197,Reactome,-0.6043589099752255,0.20833333333333334,robust
REACTOME_LATE_SARS_COV_2_INFECTION_EVENTS,70,-0.25288135534626716,Reactome,-0.5247082202222048,0.31666666666666665,robust
KEGG_MEDICUS_VARIANT_MUTATION_INACTIVATED_FGF17_TO_RAS_ERK_SIGNALING_PATHWAY,15,-0.2548578579209194,KEGG_MEDICUS,-0.4087171707894054,0.36666666666666664,robust
KEGG_DRUG_METABOLISM_CYTOCHROME_P450,57,-0.2573531638119107,KEGG,-0.6146178743787726,0.2,robust
REACTOME_FORMATION_OF_ATP_BY_CHEMIOSMOTIC_COUPLING,20,-0.2587519580195542,Reactome,-0.4155350867197174,0.36666666666666664,robust
REACTOME_PYRUVATE_METABOLISM,47,-0.25947714324712406,Reactome,-0.6187941721983756,0.2,robust
REACTOME_UB_SPECIFIC_PROCESSING_PROTEASES,203,-0.2618213035781587,Reactome,-0.3744325759576975,0.275,robust
REACTOME_MITOCHONDRIAL_BIOGENESIS,94,-0.26202898577506045,Reactome,-0.702460338723733,0.21666666666666667,robust
REACTOME_SPOP_MEDIATED_PROTEASOMAL_DEGRADATION_OF_PD_L1_CD274,46,-0.26272505946289104,Reactome,-0.6251804230185484,0.2,robust
REACTOME_TRANSCRIPTIONAL_ACTIVITY_OF_SMAD2_SMAD3_SMAD4_HETEROTRIMER,51,-0.2651525375983742,Reactome,-0.6299534784805162,0.2,robust
REACTOME_GABA_SYNTHESIS_RELEASE_REUPTAKE_AND_DEGRADATION,18,-0.2663025202690102,Reactome,-0.4287548544040217,0.35833333333333334,robust
KEGG_MEDICUS_VARIANT_MUTATION_ACTIVATED_FGFR3_TO_RAS_ERK_SIGNALING_PATHWAY,16,-0.2691687405799944,KEGG_MEDICUS,-0.43377312528126344,0.35,robust
REACTOME_INTERLEUKIN_37_SIGNALING,21,-0.2700529843252871,Reactome,-0.47717141813126135,0.2916666666666667,robust
REACTOME_SLC_TRANSPORTER_DISORDERS,91,-0.2704718469138716,Reactome,-0.7213996822877299,0.21666666666666667,robust
HALLMARK_UNFOLDED_PROTEIN_RESPONSE,107,-0.2719345181081596,Hallmark,-0.7246808013082049,0.21666666666666667,robust
REACTOME_CHROMATIN_ORGANIZATION,279,-0.2724460801194614,Reactome,-0.5076321648692481,0.2916666666666667,robust
KEGG_MEDICUS_REFERENCE_TIGHT_JUNCTION_ACTIN_SIGNALING_PATHWAY,32,-0.27573661875779926,KEGG_MEDICUS,-0.48649313410457906,0.2916666666666667,robust
REACTOME_RIBOSOME_QUALITY_CONTROL_RQC_COMPLEX_EXTRACTS_AND_DEGRADES_NASCENT_PEPTIDE,103,-0.27577072108635947,Reactome,-0.7332863160727869,0.21666666666666667,robust
REACTOME_HH_MUTANTS_ABROGATE_LIGAND_SECRETION,46,-0.2788970368895564,Reactome,-0.6569787506981516,0.18333333333333332,robust
KEGG_MEDICUS_REFERENCE_N_GLYCAN_BIOSYNTHESIS,16,-0.28185265043252344,KEGG_MEDICUS,-0.4559805233582972,0.3416666666666667,robust
KEGG_MEDICUS_REFERENCE_ITGA_B_RHOG_RAC_SIGNALING_PATHWAY,28,-0.2838259352144097,KEGG_MEDICUS,-0.4997604037226706,0.2833333333333333,robust
REACTOME_PKMTS_METHYLATE_HISTONE_LYSINES,67,-0.28530230957158953,Reactome,-0.5788667040753707,0.30833333333333335,robust
REACTOME_DEGRADATION_OF_CRY_AND_PER_PROTEINS,48,-0.2853391257562219,Reactome,-0.6696455784656444,0.175,robust
REACTOME_SULFUR_AMINO_ACID_METABOLISM,27,-0.28555468557416847,Reactome,-0.5025957232763456,0.275,robust
REACTOME_MATURATION_OF_SARS_COV_2_SPIKE_PROTEIN,41,-0.2863795767988705,Reactome,-0.6716913767199861,0.175,robust
REACTOME_PURINE_CATABOLISM,17,-0.28714812589870203,Reactome,-0.46525201243791614,0.3416666666666667,robust
KEGG_MEDICUS_REFERENCE_TRANSLATION_INITIATION,81,-0.28910633015044357,KEGG_MEDICUS,-0.585221235952044,0.30833333333333335,robust
REACTOME_CALNEXIN_CALRETICULIN_CYCLE,26,-0.2928925376082088,Reactome,-0.5146305177951978,0.26666666666666666,robust
HALLMARK_OXIDATIVE_PHOSPHORYLATION,199,-0.294350092496068,Hallmark,-0.4113694031144982,0.25833333333333336,robust
REACTOME_ABERRANT_REGULATION_OF_MITOTIC_EXIT_IN_CANCER_DUE_TO_RB1_DEFECTS,20,-0.2944535369468627,Reactome,-0.47804256149960916,0.3333333333333333,robust
KEGG_MEDICUS_REFERENCE_WNT_SIGNALING_MODULATION_WNT_ACYLATION,17,-0.2999764694083217,KEGG_MEDICUS,-0.48771228961579693,0.325,robust
REACTOME_TP53_REGULATES_TRANSCRIPTION_OF_ADDITIONAL_CELL_CYCLE_GENES_WHOSE_EXACT_ROLE_IN_THE_P53_PATHWAY_REMAIN_UNCERTAIN,21,-0.3025729988465358,Reactome,-0.5305074203697553,0.25833333333333336,robust
REACTOME_ER_QUALITY_CONTROL_COMPARTMENT_ERQC,21,-0.3029065558567484,Reactome,-0.5310544864675191,0.25833333333333336,robust
REACTOME_PROTEASOME_ASSEMBLY,52,-0.30656632533558076,Reactome,-0.7113837920518089,0.15833333333333333,robust
REACTOME_DEGRADATION_OF_AXIN,42,-0.30703914555679235,Reactome,-0.7123134799886,0.15833333333333333,robust
KEGG_COLORECTAL_CANCER,62,-0.3075409681014218,KEGG,-0.7133001940613533,0.15833333333333333,robust
REACTOME_TGF_BETA_RECEPTOR_SIGNALING_IN_EMT_EPITHELIAL_TO_MESENCHYMAL_TRANSITION,16,-0.30804840751526036,Reactome,-0.5018448989514132,0.31666666666666665,robust
REACTOME_INLB_MEDIATED_ENTRY_OF_LISTERIA_MONOCYTOGENES_INTO_HOST_CELL,15,-0.30865193057039125,Reactome,-0.502901566563355,0.31666666666666665,robust
REACTOME_METABOLISM_OF_POLYAMINES,46,-0.3095654040146029,Reactome,-0.7172807633408742,0.15833333333333333,robust
REACTOME_RESPONSE_OF_MTB_TO_PHAGOCYTOSIS,23,-0.31083792421532597,Reactome,-0.5440627057673907,0.25,robust
REACTOME_SIGNALING_BY_TYPE_1_INSULIN_LIKE_GROWTH_FACTOR_1_RECEPTOR_IGF1R,48,-0.31619914940764837,Reactome,-0.7303244378517787,0.15833333333333333,robust
REACTOME_HOST_INTERACTIONS_OF_HIV_FACTORS,118,-0.3169777447452936,Reactome,-0.8273399668353961,0.19166666666666668,robust
REACTOME_TIE2_SIGNALING,18,-0.32502048773964143,Reactome,-0.5315601638910351,0.3,robust
REACTOME_DIFFERENTIATION_OF_KERATINOCYTES_IN_INTERFOLLICULAR_EPIDERMIS_IN_MAMMALIAN_SKIN,28,-0.32843506629717223,Reactome,-0.5729237386816038,0.24166666666666667,robust
KEGG_MEDICUS_VARIANT_MUTATION_ACTIVATED_SMO_TO_HEDGEHOG_SIGNALING_PATHWAY,27,-0.3287913342351985,KEGG_MEDICUS,-0.5735080529206906,0.24166666666666667,robust
KEGG_MEDICUS_VARIANT_MUTATION_INACTIVATED_PTCH1_TO_HEDGEHOG_SIGNALING_PATHWAY,27,-0.3287913342351985,KEGG_MEDICUS,-0.5735080529206906,0.24166666666666667,robust
REACTOME_FORMATION_OF_PARAXIAL_MESODERM,57,-0.3289002265223318,Reactome,-0.755298069790609,0.15,robust
REACTOME_PI_3K_CASCADE_FGFR2,19,-0.3293234944612495,Reactome,-0.5390940067128405,0.3,robust
REACTOME_HEDGEHOG_LIGAND_BIOGENESIS,52,-0.3303571340749249,Reactome,-0.7581627302173455,0.15,robust
KEGG_MEDICUS_REFERENCE_RETROGRADE_AXONAL_TRANSPORT,43,-0.3307823766363712,KEGG_MEDICUS,-0.7589988680597028,0.15,robust
KEGG_TYROSINE_METABOLISM,40,-0.33108833381514835,KEGG,-0.7596004597123501,0.15,robust
KEGG_MEDICUS_REFERENCE_IGF_IGF1R_RAS_ERK_SIGNALING_PATHWAY,16,-0.3326896110693708,KEGG_MEDICUS,-0.544987512135016,0.3,robust
REACTOME_METABOLISM_OF_AMINO_ACIDS_AND_DERIVATIVES,350,-0.3327864271759513,Reactome,-0.648407645183971,0.20833333333333334,robust
REACTOME_RESPIRATORY_SYNCYTIAL_VIRUS_RSV_GENOME_REPLICATION_TRANSCRIPTION_AND_TRANSLATION,17,-0.33437530383841907,Reactome,-0.5479388773522931,0.3,robust
REACTOME_GSK3B_MEDIATED_PROTEASOMAL_DEGRADATION_OF_PD_L1_CD274,44,-0.3366474917522166,Reactome,-0.7705312148724514,0.15,robust
REACTOME_ANTIGEN_PRESENTATION_FOLDING_ASSEMBLY_AND_PEPTIDE_LOADING_OF_CLASS_I_MHC,29,-0.3378574775386104,Reactome,-0.5883774140401122,0.23333333333333334,robust
KEGG_SELENOAMINO_ACID_METABOLISM,25,-0.33971230303373706,KEGG,-0.5914195091380542,0.225,robust
REACTOME_TRANSCRIPTIONAL_REGULATION_BY_NPAS4,32,-0.3400811908630532,Reactome,-0.5920245212322924,0.225,robust
REACTOME_REGULATION_OF_HSF1_MEDIATED_HEAT_SHOCK_RESPONSE,81,-0.3427680974150118,Reactome,-0.6748620261561938,0.25,robust
REACTOME_MTOR_SIGNALLING,41,-0.34311717368379263,Reactome,-0.7832522978059367,0.15,robust
REACTOME_PHASE_II_CONJUGATION_OF_COMPOUNDS,88,-0.34403373436548484,Reactome,-0.886416474197014,0.14166666666666666,robust
REACTOME_COPI_MEDIATED_ANTEROGRADE_TRANSPORT,100,-0.3453035893481103,Reactome,-0.8892650606414647,0.14166666666666666,robust
REACTOME_EPIGENETIC_REGULATION_OF_GENE_EXPRESSION,314,-0.3514244965656109,Reactome,-0.6601444275965938,0.23333333333333334,robust
KEGG_MEDICUS_VARIANT_MUTATION_INACTIVATED_PINK1_TO_ELECTRON_TRANSFER_IN_COMPLEX_I,44,-0.3529390094538241,KEGG_MEDICUS,-0.8025645899264872,0.14166666666666666,robust
REACTOME_TRANSPORT_TO_THE_GOLGI_AND_SUBSEQUENT_MODIFICATION,183,-0.3537890843170932,Reactome,-0.6004960958141224,0.20833333333333334,robust
REACTOME_SIGNALING_BY_BMP,28,-0.35484587124800937,Reactome,-0.6162400401259915,0.20833333333333334,robust
REACTOME_RHOBTB1_GTPASE_CYCLE,23,-0.3567158957254827,Reactome,-0.619307063040492,0.20833333333333334,robust
KEGG_MEDICUS_VARIANT_MUTATION_CAUSED_ABERRANT_HTT_TO_RETROGRADE_AXONAL_TRANSPORT,45,-0.35702390246180915,KEGG_MEDICUS,-0.8105965555282851,0.14166666666666666,robust
REACTOME_ABC_TRANSPORTERS_IN_LIPID_HOMEOSTASIS,18,-0.3575528034643124,Reactome,-0.5885187905341804,0.275,robust
KEGG_PYRIMIDINE_METABOLISM,98,-0.35838053797384567,KEGG,-0.9185997635010233,0.14166666666666666,robust
REACTOME_FGFR1_MUTANT_RECEPTOR_ACTIVATION,29,-0.3614939043001389,Reactome,-0.6271434640933541,0.20833333333333334,robust
KEGG_MEDICUS_REFERENCE_ELECTRON_TRANSFER_IN_COMPLEX_I,43,-0.36199507305694,KEGG_MEDICUS,-0.8203711741395215,0.14166666666666666,robust
REACTOME_ER_TO_GOLGI_ANTEROGRADE_TRANSPORT,154,-0.36575506994154094,Reactome,-0.6361471627375773,0.225,robust
REACTOME_RAS_PROCESSING,24,-0.3672455016597552,Reactome,-0.6365766459096467,0.2,robust
KEGG_MEDICUS_VARIANT_MUTATION_CAUSED_ABERRANT_TDP43_TO_ELECTRON_TRANSFER_IN_COMPLEX_I,44,-0.36826225896096804,KEGG_MEDICUS,-0.8326940970417437,0.13333333333333333,robust
KEGG_MEDICUS_ENV_FACTOR_NNK_NNN_TO_RAS_ERK_SIGNALING_PATHWAY,18,-0.37055452467428135,KEGG_MEDICUS,-0.6112826229764949,0.25,robust
REACTOME_DEGRADATION_OF_DVL,44,-0.3707637313887428,Reactome,-0.8376126445910816,0.13333333333333333,robust
REACTOME_MECP2_REGULATES_NEURONAL_RECEPTORS_AND_CHANNELS,17,-0.3753374197652275,Reactome,-0.6196566698185382,0.24166666666666667,robust
REACTOME_SUMOYLATION_OF_TRANSCRIPTION_FACTORS,18,-0.3774665577382094,Reactome,-0.6233844331877733,0.23333333333333334,robust
REACTOME_SELENOAMINO_ACID_METABOLISM,117,-0.38072631261885087,Reactome,-0.9605210701147876,0.15,robust
KEGG_HEDGEHOG_SIGNALING_PATHWAY,53,-0.3810789806739149,KEGG,-0.8578951164380838,0.125,robust
REACTOME_APC_C_CDC20_MEDIATED_DEGRADATION_OF_CYCLIN_B,24,-0.382658246774915,Reactome,-0.6618550543010809,0.19166666666666668,robust
REACTOME_DOWNSTREAM_SIGNALING_OF_ACTIVATED_FGFR3,24,-0.38409870980290756,Reactome,-0.6642175544541875,0.19166666666666668,robust
REACTOME_CELLULAR_RESPONSE_TO_HEAT_STRESS,100,-0.38553561975171025,Reactome,-0.9795150639949776,0.11666666666666667,robust
KEGG_MEDICUS_REFERENCE_PP2A_AKT_SIGNALING_PATHWAY,19,-0.3857323986968872,KEGG_MEDICUS,-0.637856533884248,0.23333333333333334,robust
REACTOME_SCF_BETA_TRCP_MEDIATED_DEGRADATION_OF_EMI1,42,-0.39111019456030627,Reactome,-0.8776191005723748,0.125,robust
REACTOME_SLC_MEDIATED_TRANSPORT_OF_NEUROTRANSMITTERS,19,-0.393399235609756,Reactome,-0.6512798789959152,0.225,robust
REACTOME_DEUBIQUITINATION,280,-0.39488335872169034,Reactome,-0.7630348094458167,0.175,robust
REACTOME_IRE1ALPHA_ACTIVATES_CHAPERONES,50,-0.3959664116048386,Reactome,-0.8871676905061386,0.11666666666666667,robust
REACTOME_DNA_REPLICATION,178,-0.39938182808845507,Reactome,-0.6943826403853629,0.2,robust
KEGG_MEDICUS_VARIANT_MUTATION_CAUSED_ABERRANT_ABETA_TO_ELECTRON_TRANSFER_IN_COMPLEX_I,50,-0.4020819923747282,KEGG_MEDICUS,-0.8991925181534605,0.11666666666666667,robust
REACTOME_SARS_COV_2_MODULATES_HOST_TRANSLATION_MACHINERY,51,-0.4021672986402208,Reactome,-0.8993602525319901,0.11666666666666667,robust
KEGG_MEDICUS_REFERENCE_WNT_SIGNALING_MODULATION_WNT_INHIBITOR,22,-0.4037877223992779,KEGG_MEDICUS,-0.6965094594663327,0.18333333333333332,robust
REACTOME_ACTIVATION_OF_SMO,17,-0.4053962039451616,Reactome,-0.6722845577297996,0.20833333333333334,robust
KEGG_RIBOSOME,88,-0.4055174705667774,KEGG,-1.0243391030747413,0.08333333333333333,robust
REACTOME_RESPIRATORY_ELECTRON_TRANSPORT,156,-0.40560006844403995,Reactome,-0.7169011993530622,0.20833333333333334,robust
KEGG_MEDICUS_REFERENCE_MITOCHONDRIAL_COMPLEX_UCP1_IN_THERMOGENESIS,60,-0.4060890372292486,KEGG_MEDICUS,-0.9070714139711614,0.11666666666666667,robust
REACTOME_APC_C_CDH1_MEDIATED_DEGRADATION_OF_CDC20_AND_OTHER_APC_C_CDH1_TARGETED_PROTEINS_IN_LATE_MITOSIS_EARLY_G1,61,-0.41037665991414185,Reactome,-0.9155019990198353,0.11666666666666667,robust
REACTOME_DOWNREGULATION_OF_SMAD2_3_SMAD4_TRANSCRIPTIONAL_ACTIVITY,31,-0.4127936390821965,Reactome,-0.7112800430417484,0.16666666666666666,robust
KEGG_MEDICUS_REFERENCE_AUTOPHAGY_VESICLE_NUCLEATION_ELONGATION_MATURATION_MTORC1_PI3KC3_C1,16,-0.4155718381342928,KEGG_MEDICUS,-0.6901003859524555,0.20833333333333334,robust
REACTOME_UBIQUITIN_MEDIATED_DEGRADATION_OF_PHOSPHORYLATED_CDC25A,51,-0.4174828296331941,Reactome,-0.9294745830342498,0.11666666666666667,robust
REACTOME_FORMATION_OF_THE_NON_CANONICAL_BAF_NCBAF_COMPLEX,17,-0.42015466762583065,Reactome,-0.6981241514964418,0.2,robust
REACTOME_PHOSPHORYLATION_OF_THE_APC_C,20,-0.4219744790021269,Reactome,-0.7013103358929249,0.2,robust
REACTOME_COMPLEX_I_BIOGENESIS,68,-0.42225003125200156,Reactome,-0.8076348310653994,0.19166666666666668,robust
REACTOME_CONVERSION_FROM_APC_C_CDC20_TO_APC_C_CDH1_IN_LATE_ANAPHASE,20,-0.4226413760119905,Reactome,-0.7024779606668797,0.2,robust
REACTOME_N_GLYCAN_TRIMMING_IN_THE_ER_AND_CALNEXIN_CALRETICULIN_CYCLE,35,-0.42344770897853906,Reactome,-0.7287537589734895,0.15833333333333333,robust
KEGG_CARDIAC_MUSCLE_CONTRACTION,68,-0.4269097910600988,KEGG,-0.8154188563156296,0.18333333333333332,robust
KEGG_PENTOSE_AND_GLUCURONATE_INTERCONVERSIONS,20,-0.4295215497120938,KEGG,-0.7145239904773856,0.19166666666666668,robust
REACTOME_POST_TRANSLATIONAL_PROTEIN_MODIFICATION,1444,-0.4329946448248382,Reactome,-0.7823434062663611,0.15,robust
REACTOME_DENGUE_VIRUS_GENOME_TRANSLATION_AND_REPLICATION,82,-0.4333073678404526,Reactome,-0.826105866215158,0.18333333333333332,robust
REACTOME_DEFECTIVE_C1GALT1C1_CAUSES_TNPS,15,-0.43782642061512816,Reactome,-0.729064426058082,0.19166666666666668,robust
REACTOME_RETROGRADE_TRANSPORT_AT_THE_TRANS_GOLGI_NETWORK,49,-0.4409084517042735,Reactome,-0.9755354689149398,0.09166666666666666,robust
REACTOME_CHK1_CHK2_CDS1_MEDIATED_INACTIVATION_OF_CYCLIN_B_CDK1_COMPLEX,15,-0.44120324507350517,Reactome,-0.7349766791295187,0.19166666666666668,robust
REACTOME_SIGNALING_BY_ALK,28,-0.443581271933797,Reactome,-0.7617747700234335,0.15,robust
REACTOME_REGULATION_OF_PTEN_STABILITY_AND_ACTIVITY,56,-0.44641633969140804,Reactome,-0.9863654139746373,0.09166666666666666,robust
REACTOME_CARBOXYTERMINAL_POST_TRANSLATIONAL_MODIFICATIONS_OF_TUBULIN,45,-0.4480594952028915,Reactome,-0.9895962864897415,0.09166666666666666,robust
REACTOME_PEROXISOMAL_PROTEIN_IMPORT,62,-0.448722216291062,Reactome,-0.990899369085385,0.09166666666666666,robust
REACTOME_REGULATION_OF_RAS_BY_GAPS,55,-0.44884478414323753,Reactome,-0.9911403694667013,0.09166666666666666,robust
REACTOME_FORMATION_OF_THE_POLYBROMO_BAF_PBAF_COMPLEX,18,-0.45126584073910275,Reactome,-0.7525945958627888,0.18333333333333332,robust
REACTOME_HEDGEHOG_OFF_STATE,99,-0.4529541464566946,Reactome,-1.1307508380828124,0.06666666666666667,robust
REACTOME_DOWNSTREAM_SIGNALING_OF_ACTIVATED_FGFR4,24,-0.457160195928669,Reactome,-0.784045532544576,0.15,robust
REACTOME_VXPX_CARGO_TARGETING_TO_CILIUM,20,-0.4629509825288117,Reactome,-0.7730533186326379,0.18333333333333332,robust
REACTOME_DOWNSTREAM_SIGNALING_OF_ACTIVATED_FGFR2,26,-0.4638634300561148,Reactome,-0.7950394916706701,0.15,robust
REACTOME_INITIATION_OF_NUCLEAR_ENVELOPE_NE_REFORMATION,19,-0.4647069384851674,Reactome,-0.776127702902308,0.18333333333333332,robust
REACTOME_CHROMOSOME_MAINTENANCE,135,-0.4655922971342158,Reactome,-1.1378198836515279,0.09166666666666666,robust
REACTOME_CRISTAE_FORMATION,33,-0.466281368477106,Reactome,-0.7990051470042575,0.15,robust
REACTOME_REGULATION_OF_MECP2_EXPRESSION_AND_ACTIVITY,32,-0.46870722017256866,Reactome,-0.8029837808814013,0.15,robust
KEGG_CYSTEINE_AND_METHIONINE_METABOLISM,33,-0.4735611538887413,KEGG,-0.8109447065870811,0.15,robust
REACTOME_RHOBTB_GTPASE_CYCLE,35,-0.47810503607249394,Reactome,-0.8183971174759423,0.15,robust
REACTOME_PTEN_REGULATION,126,-0.47946196383411827,Reactome,-1.1667958681297084,0.09166666666666666,robust
KEGG_STEROID_BIOSYNTHESIS,17,-0.47985540477067695,KEGG,-0.8026501257963622,0.16666666666666666,robust
REACTOME_CDK_MEDIATED_PHOSPHORYLATION_AND_REMOVAL_OF_CDC6,60,-0.479870926078077,Reactome,-1.052145860746399,0.075,robust
REACTOME_PI_3K_CASCADE_FGFR1,17,-0.4812633536165893,Reactome,-0.8051152080034106,0.16666666666666666,robust
KEGG_PURINE_METABOLISM,153,-0.48252384788591174,KEGG,-0.8728029670808437,0.15,robust
REACTOME_PROCESSING_OF_SMDT1,16,-0.4843332949899134,Reactome,-0.8104901602809981,0.16666666666666666,robust
REACTOME_SYNTHESIS_OF_GLYCOSYLPHOSPHATIDYLINOSITOL_GPI,17,-0.4852653953364966,Reactome,-0.812122111602395,0.16666666666666666,robust
KEGG_TGF_BETA_SIGNALING_PATHWAY,85,-0.487252279058473,KEGG,-0.9162196421039545,0.15,robust
REACTOME_ACTIVATION_OF_GENE_EXPRESSION_BY_SREBF_SREBP,42,-0.48941909123928384,Reactome,-1.0709200450359717,0.075,robust
REACTOME_PEROXISOMAL_LIPID_METABOLISM,28,-0.49858340877059737,Reactome,-0.8519836502049818,0.15,robust
REACTOME_FORMATION_OF_THE_URETERIC_BUD,18,-0.4996976202900535,Reactome,-0.8373905160933834,0.16666666666666666,robust
REACTOME_AEROBIC_RESPIRATION_AND_RESPIRATORY_ELECTRON_TRANSPORT,256,-0.5012850508770698,Reactome,-1.2144429208714866,0.09166666666666666,robust
REACTOME_TRANSLESION_SYNTHESIS_BY_Y_FAMILY_DNA_POLYMERASES_BYPASSES_LESIONS_ON_DNA_TEMPLATE,39,-0.5014534454037378,Reactome,-1.0945827256740692,0.058333333333333334,robust
REACTOME_NS1_MEDIATED_EFFECTS_ON_HOST_PATHWAYS,43,-0.5016653537317527,Reactome,-1.0949993927441792,0.058333333333333334,robust
REACTOME_EUKARYOTIC_TRANSLATION_ELONGATION,94,-0.5041868510920786,Reactome,-1.2456779675060197,0.041666666666666664,robust
REACTOME_ENERGY_DEPENDENT_REGULATION_OF_MTOR_BY_LKB1_AMPK,29,-0.5049111065970238,Reactome,-0.8623616930934397,0.15,robust
REACTOME_SHC_MEDIATED_CASCADE_FGFR3,17,-0.5053030009554098,Reactome,-0.8472045971816415,0.16666666666666666,robust
REACTOME_FORMATION_OF_THE_NEPHRIC_DUCT,16,-0.5058708459081152,Reactome,-0.8481987984222195,0.16666666666666666,robust
REACTOME_REGULATION_OF_CHOLESTEROL_BIOSYNTHESIS_BY_SREBP_SREBF,55,-0.5126258413183274,Reactome,-1.1165505714659265,0.058333333333333334,robust
REACTOME_TERMINATION_OF_TRANSLESION_DNA_SYNTHESIS,32,-0.5130095034624682,Reactome,-0.8756438554695151,0.15,robust
REACTOME_MITOCHONDRIAL_TRANSLATION_ELONGATION,90,-0.513968213566284,Reactome,-1.2676198875941485,0.041666666666666664,robust
REACTOME_PROTEIN_LOCALIZATION,163,-0.5225706801637322,Reactome,-0.9480584382062931,0.125,robust
KEGG_BIOSYNTHESIS_OF_UNSATURATED_FATTY_ACIDS,22,-0.5301491399653697,KEGG,-0.9037545345188253,0.125,robust
REACTOME_MITOCHONDRIAL_PROTEIN_IMPORT,65,-0.5351834572760918,Reactome,-0.99628761060115,0.13333333333333333,robust
REACTOME_SMAD2_SMAD3_SMAD4_HETEROTRIMER_REGULATES_TRANSCRIPTION,36,-0.5365559780556347,Reactome,-0.9142623751749468,0.11666666666666667,robust
REACTOME_INHIBITION_OF_THE_PROTEOLYTIC_ACTIVITY_OF_APC_C_REQUIRED_FOR_THE_ONSET_OF_ANAPHASE_BY_MITOTIC_SPINDLE_CHECKPOINT_COMPONENTS,21,-0.5404118022348015,Reactome,-0.920586303687245,0.11666666666666667,robust
REACTOME_CYTOSOLIC_TRNA_AMINOACYLATION,24,-0.5431284886564554,Reactome,-0.9250419349407902,0.10833333333333334,robust
REACTOME_HEDGEHOG_ON_STATE,72,-0.5440128101806059,Reactome,-1.0110368484980266,0.13333333333333333,robust
REACTOME_RND2_GTPASE_CYCLE,41,-0.5465655824174361,Reactome,-1.183284959002905,0.041666666666666664,robust
REACTOME_CYCLIN_A_CDK2_ASSOCIATED_EVENTS_AT_S_PHASE_ENTRY,75,-0.5485754749279523,Reactome,-1.0186586786060858,0.125,robust
KEGG_MEDICUS_REFERENCE_EGF_EGFR_RAS_PI3K_SIGNALING_PATHWAY,15,-0.5504724062980374,KEGG_MEDICUS,-0.9262886475264664,0.15833333333333333,robust
REACTOME_PKA_MEDIATED_PHOSPHORYLATION_OF_CREB,19,-0.5543424197940441,Reactome,-0.9330643918567667,0.15,robust
REACTOME_DEFECTS_IN_VITAMIN_AND_COFACTOR_METABOLISM,22,-0.5602242764680805,Reactome,-0.9530806978507473,0.09166666666666666,robust
REACTOME_MITOCHONDRIAL_TRANSLATION,115,-0.5619997203110494,Reactome,-1.3392306354739185,0.06666666666666667,robust
REACTOME_UCH_PROTEINASES,85,-0.565593766758826,Reactome,-1.047087357075116,0.11666666666666667,robust
REACTOME_NEGATIVE_REGULATION_OF_NMDA_RECEPTOR_MEDIATED_NEURONAL_TRANSMISSION,21,-0.5668680164370141,Reactome,-0.9639770807420736,0.09166666666666666,robust
REACTOME_RIBOSOME_ASSOCIATED_QUALITY_CONTROL,145,-0.5673463794623143,Reactome,-1.0447131710756896,0.10833333333333334,robust
REACTOME_MATURATION_OF_TCA_ENZYMES_AND_REGULATION_OF_TCA_CYCLE,20,-0.5674720531520899,Reactome,-0.9560521770095829,0.13333333333333333,robust
REACTOME_SHC_MEDIATED_CASCADE_FGFR4,17,-0.568778369841388,Reactome,-0.9583393183619893,0.13333333333333333,robust
REACTOME_REGULATION_OF_BETA_CELL_DEVELOPMENT,32,-0.5701094995302408,Reactome,-0.9692934298292922,0.09166666666666666,robust
REACTOME_ACTIVATION_OF_APC_C_AND_APC_C_CDC20_MEDIATED_DEGRADATION_OF_MITOTIC_PROTEINS,64,-0.5704213033403316,Reactome,-1.0551516496984292,0.10833333333333334,robust
KEGG_MEDICUS_REFERENCE_LONG_PATCH_BER,17,-0.5720227108268312,KEGG_MEDICUS,-0.9640196151000655,0.13333333333333333,robust
REACTOME_GAMMA_CARBOXYLATION_HYPUSINYLATION_HYDROXYLATION_AND_ARYLSULFATASE_ACTIVATION,59,-0.5756191685413885,Reactome,-1.2404118908222448,0.041666666666666664,robust
REACTOME_INTRA_GOLGI_AND_RETROGRADE_GOLGI_TO_ER_TRAFFIC,200,-0.5761438710566881,Reactome,-0.7313495941638112,0.09166666666666666,robust
REACTOME_REGULATION_OF_PD_L1_CD274_POST_TRANSLATIONAL_MODIFICATION,86,-0.5800691828156446,Reactome,-1.0712682180495519,0.10833333333333334,robust
REACTOME_SUMOYLATION_OF_DNA_METHYLATION_PROTEINS,16,-0.5884077350278345,Reactome,-0.9927070434375478,0.125,robust
REACTOME_HOMOLOGY_DIRECTED_REPAIR,138,-0.5894983040440829,Reactome,-1.0896085756687508,0.1,robust
REACTOME_SIGNALING_BY_TGF_BETA_RECEPTOR_COMPLEX,94,-0.5907539476148596,Reactome,-1.4398685334085992,0.025,robust
REACTOME_METABOLISM_OF_AMINE_DERIVED_HORMONES,19,-0.5908260716038445,Reactome,-0.9969411450396651,0.125,robust
KEGG_MEDICUS_REFERENCE_BRANCHING_MICROTUBULE_NUCLEATION,33,-0.5959665902431619,KEGG_MEDICUS,-1.011701585804874,0.08333333333333333,robust
KEGG_MTOR_SIGNALING_PATHWAY,49,-0.5981495364600902,KEGG,-1.284712473423826,0.041666666666666664,robust
REACTOME_DISORDERS_OF_DEVELOPMENTAL_BIOLOGY,18,-0.6028680555051571,Reactome,-1.0180246384768532,0.10833333333333334,robust
KEGG_MEDICUS_REFERENCE_GLYCOLYSIS,24,-0.6075834093678281,KEGG_MEDICUS,-1.030754304567731,0.08333333333333333,robust
REACTOME_INTERACTION_BETWEEN_L1_AND_ANKYRINS,30,-0.6120376627816547,Reactome,-1.0380597155138251,0.08333333333333333,robust
REACTOME_GLUCURONIDATION,18,-0.6204104800085871,Reactome,-1.04873848055815,0.1,robust
REACTOME_APC_CDC20_MEDIATED_DEGRADATION_OF_NEK2A,26,-0.6306784496304788,Reactome,-1.0686324278490715,0.08333333333333333,robust
REACTOME_SUMOYLATION_OF_CHROMATIN_ORGANIZATION_PROTEINS,70,-0.6373094717401003,Reactome,-1.1668868491953432,0.08333333333333333,robust
REACTOME_EXPORT_OF_VIRAL_RIBONUCLEOPROTEINS_FROM_NUCLEUS,33,-0.6378785765195575,Reactome,-1.0804413396692805,0.08333333333333333,robust
REACTOME_MITOCHONDRIAL_CALCIUM_ION_TRANSPORT,23,-0.6471334808172859,Reactome,-1.0956202872684015,0.08333333333333333,robust
REACTOME_COMPLEX_III_ASSEMBLY,26,-0.6479888311635474,Reactome,-1.0970231454360415,0.08333333333333333,robust
REACTOME_BRANCHED_CHAIN_AMINO_ACID_CATABOLISM,21,-0.6512020698394869,Reactome,-1.1022931709183714,0.075,robust
REACTOME_SIGNALING_BY_FGFR2_IN_DISEASE,39,-0.655110511020153,Reactome,-1.396712613309249,0.025,robust
REACTOME_NUCLEAR_PORE_COMPLEX_NPC_DISASSEMBLY,36,-0.6566762732350913,Reactome,-1.1112713995219026,0.075,robust
REACTOME_MITOTIC_G1_PHASE_AND_G1_S_TRANSITION,139,-0.6567433050507924,Reactome,-1.2258943198673247,0.08333333333333333,robust
REACTOME_CLASS_C_3_METABOTROPIC_GLUTAMATE_PHEROMONE_RECEPTORS,33,-0.6581386587537524,Reactome,-1.1136698547023542,0.06666666666666667,robust
REACTOME_FRS_MEDIATED_FGFR3_SIGNALING,19,-0.6623718516209302,Reactome,-1.1222058020771408,0.09166666666666666,robust
KEGG_MEDICUS_REFERENCE_DNA_REPLICATION_TERMINATION,21,-0.6658850049912447,KEGG_MEDICUS,-1.1263746196400537,0.06666666666666667,robust
REACTOME_REGULATION_OF_RUNX2_EXPRESSION_AND_ACTIVITY,57,-0.6673200007100821,Reactome,-1.420719656091843,0.025,robust
REACTOME_NUCLEAR_ENVELOPE_NE_REASSEMBLY,76,-0.6715412051833903,Reactome,-1.224070199508527,0.08333333333333333,robust
REACTOME_DEADENYLATION_OF_MRNA,25,-0.6734677504342529,Reactome,-1.1388110632848731,0.06666666666666667,robust
REACTOME_MRNA_DECAY_BY_3_TO_5_EXORIBONUCLEASE,16,-0.6742767636347237,Reactome,-1.1430493056368622,0.09166666666666666,robust
REACTOME_METABOLISM_OF_STEROIDS,146,-0.6796565550345213,Reactome,-1.2723327060564908,0.08333333333333333,robust
HALLMARK_DNA_REPAIR,147,-0.6866755665086879,Hallmark,-1.286558167993798,0.075,robust
REACTOME_FRS_MEDIATED_FGFR2_SIGNALING,21,-0.6914714993997786,Reactome,-1.1683389712290448,0.06666666666666667,robust
REACTOME_DEPOLYMERIZATION_OF_THE_NUCLEAR_LAMINA,15,-0.6980067223614332,Reactome,-1.1845964820140693,0.075,robust
REACTOME_EUKARYOTIC_TRANSLATION_INITIATION,120,-0.7089948846262644,Reactome,-1.6463273878129816,0.041666666666666664,robust
KEGG_N_GLYCAN_BIOSYNTHESIS,46,-0.7133381391377932,KEGG,-1.5112033246206475,0.025,robust
REACTOME_FORMATION_OF_WDR5_CONTAINING_HISTONE_MODIFYING_COMPLEXES,42,-0.7172412195464136,Reactome,-1.5188777992083073,0.025,robust
REACTOME_COPII_MEDIATED_VESICLE_TRANSPORT,69,-0.7194719944526858,Reactome,-1.3041375182761883,0.03333333333333333,robust
REACTOME_DNA_DOUBLE_STRAND_BREAK_REPAIR,167,-0.7215117270406046,Reactome,-1.357726423057577,0.075,robust
REACTOME_SLC_MEDIATED_TRANSPORT_OF_ORGANIC_ANIONS,32,-0.7229621280097974,Reactome,-1.2199866799635566,0.058333333333333334,robust
REACTOME_G2_M_CHECKPOINTS,154,-0.7249123228781,Reactome,-1.364052773087565,0.075,robust
KEGG_MEDICUS_REFERENCE_TRAIP_DEPENDENT_REPLISOME_DISASSEMBLY,16,-0.726092024714118,KEGG_MEDICUS,-1.2337691343516737,0.075,robust
REACTOME_DOWNSTREAM_SIGNALING_OF_ACTIVATED_FGFR1,26,-0.7289181463042993,Reactome,-1.2297551320926445,0.058333333333333334,robust
REACTOME_SIGNALING_BY_HEDGEHOG,135,-0.7300634323090206,Reactome,-1.6903430028845137,0.03333333333333333,robust
REACTOME_SIGNALING_BY_ROBO_RECEPTORS,202,-0.7314463638713945,Reactome,-0.9076974240382528,0.06666666666666667,robust
REACTOME_APC_C_MEDIATED_DEGRADATION_OF_CELL_CYCLE_PROTEINS,75,-0.7333775943470942,Reactome,-1.3273665140088828,0.03333333333333333,robust
REACTOME_TRANSLESION_SYNTHESIS_BY_POLH,19,-0.736323134959503,Reactome,-1.2516820918411957,0.075,robust
REACTOME_RHOBTB2_GTPASE_CYCLE,23,-0.7371124107786402,Reactome,-1.2431945267171667,0.05,robust
REACTOME_DISEASES_ASSOCIATED_WITH_N_GLYCOSYLATION_OF_PROTEINS,20,-0.7372421542052418,Reactome,-1.2532911403497284,0.075,robust
KEGG_MEDICUS_REFERENCE_ASSEMBLY_AND_TRAFFICKING_OF_TELOMERASE,19,-0.7406599709924971,KEGG_MEDICUS,-1.2592751641114406,0.075,robust
KEGG_MEDICUS_REFERENCE_ORGANIZATION_OF_THE_OUTER_KINETOCHORE,19,-0.7487324421454769,KEGG_MEDICUS,-1.2734087067212416,0.058333333333333334,robust
REACTOME_KIDNEY_DEVELOPMENT,39,-0.7493344485316662,Reactome,-1.5819814620842472,0.025,robust
REACTOME_POLO_LIKE_KINASE_MEDIATED_EVENTS,16,-0.7522998700356535,Reactome,-1.2796546744227912,0.058333333333333334,robust
KEGG_UBIQUITIN_MEDIATED_PROTEOLYSIS,132,-0.7531183655715632,KEGG,-1.7385084997789435,0.03333333333333333,robust
KEGG_MEDICUS_REFERENCE_ADRB3_UCP1_SIGNALING_PATHWAY,34,-0.7571467225763864,KEGG_MEDICUS,-1.2760527561682355,0.05,robust
REACTOME_THE_PHOTOTRANSDUCTION_CASCADE,33,-0.7600497636537723,Reactome,-1.280814027271012,0.05,robust
KEGG_MEDICUS_REFERENCE_ACTIVATION_OF_PRC2.2_BY_UBIQUITINATION_OF_H2AK119_IN_GERMLINE_GENES,26,-0.7660813489018903,KEGG_MEDICUS,-1.2907064165897526,0.05,robust
REACTOME_FRS_MEDIATED_FGFR4_SIGNALING,19,-0.7671287239431404,Reactome,-1.305617509666695,0.058333333333333334,robust
REACTOME_MITOCHONDRIAL_TRNA_AMINOACYLATION,21,-0.7696694513358333,Reactome,-1.2965912552734402,0.05,robust
KEGG_MEDICUS_VARIANT_MUTATION_CAUSED_ABERRANT_SOD1_TO_RETROGRADE_AXONAL_TRANSPORT,27,-0.7702478393504643,KEGG_MEDICUS,-1.297539868147611,0.041666666666666664,robust
REACTOME_SLC_MEDIATED_TRANSPORT_OF_INORGANIC_ANIONS,34,-0.7714082323439897,Reactome,-1.2994430260708574,0.041666666666666664,robust
REACTOME_TRAFFICKING_OF_GLUR2_CONTAINING_AMPA_RECEPTORS,16,-0.7743661347243448,Reactome,-1.3182890016698627,0.058333333333333334,robust
REACTOME_PIWI_INTERACTING_RNA_PIRNA_BIOGENESIS,28,-0.7762580597514127,Reactome,-1.3073972170288475,0.03333333333333333,robust
KEGG_HOMOLOGOUS_RECOMBINATION,28,-0.7813133108437141,KEGG,-1.3156883229076275,0.03333333333333333,robust
KEGG_MEDICUS_REFERENCE_GPI_ANCHOR_BIOSYNTHESIS,23,-0.7815792857384853,KEGG_MEDICUS,-1.3161245477307633,0.03333333333333333,robust
REACTOME_REGULATION_OF_TP53_EXPRESSION_AND_DEGRADATION,37,-0.7892628609262385,Reactome,-1.3287263620118075,0.03333333333333333,robust
KEGG_MEDICUS_REFERENCE_FGF_FGFR_RAS_ERK_SIGNALING_PATHWAY,29,-0.7904454532237739,KEGG_MEDICUS,-1.330665928963334,0.03333333333333333,robust
REACTOME_CLASS_I_PEROXISOMAL_MEMBRANE_PROTEIN_IMPORT,20,-0.7926417432027626,Reactome,-1.3502865258795853,0.05,robust
KEGG_AMINOACYL_TRNA_BIOSYNTHESIS,41,-0.7941642091445276,KEGG,-1.6701284697232428,0.025,robust
REACTOME_REGULATION_OF_TP53_ACTIVITY_THROUGH_METHYLATION,19,-0.7980178152233349,Reactome,-1.359699126003659,0.041666666666666664,robust
REACTOME_CITRIC_ACID_CYCLE_TCA_CYCLE,34,-0.798630079101271,Reactome,-1.3440895153469805,0.03333333333333333,robust
REACTOME_DISEASES_ASSOCIATED_WITH_GLYCOSYLATION_PRECURSOR_BIOSYNTHESIS,16,-0.8042879113227063,Reactome,-1.3706770122925807,0.041666666666666664,robust
REACTOME_RNA_POLYMERASE_III_CHAIN_ELONGATION,18,-0.8062391960775802,Reactome,-1.3740933845166778,0.041666666666666664,robust
REACTOME_PCNA_DEPENDENT_LONG_PATCH_BASE_EXCISION_REPAIR,21,-0.8064277644014796,Reactome,-1.356878481365284,0.03333333333333333,robust
KEGG_GLYOXYLATE_AND_DICARBOXYLATE_METABOLISM,16,-0.8088538905835689,KEGG,-1.3786712759097444,0.041666666666666664,robust
REACTOME_MRNA_DECAY_BY_5_TO_3_EXORIBONUCLEASE,15,-0.8103357574049059,Reactome,-1.3812657760899878,0.041666666666666664,robust
REACTOME_FGFR2_ALTERNATIVE_SPLICING,27,-0.8121522949424248,Reactome,-1.366267270953514,0.03333333333333333,robust
REACTOME_SUMOYLATION_OF_UBIQUITINYLATION_PROTEINS,39,-0.8121943039556806,Reactome,-1.7055803410543282,0.025,robust
REACTOME_FGFR2_MUTANT_RECEPTOR_ACTIVATION,29,-0.8159237698775861,Reactome,-1.3724528584615623,0.03333333333333333,robust
REACTOME_NUCLEAR_ENVELOPE_BREAKDOWN,53,-0.8170003508525674,Reactome,-1.7150302833859792,0.025,robust
REACTOME_SRP_DEPENDENT_COTRANSLATIONAL_PROTEIN_TARGETING_TO_MEMBRANE,113,-0.8202116874953209,Reactome,-1.8786773370492766,0.025,robust
KEGG_MEDICUS_REFERENCE_COHESIN_DISSOCIATION_IN_PROPHASE,16,-0.8208888690511005,KEGG_MEDICUS,-1.399742504007736,0.041666666666666664,robust
KEGG_MEDICUS_REFERENCE_PRE_IC_FORMATION,27,-0.8216095270223966,KEGG_MEDICUS,-1.381778055890518,0.03333333333333333,robust
KEGG_MEDICUS_REFERENCE_LESION_BYPASS_BY_TLS_AND_DSB_FORMATION,15,-0.8237836321939485,KEGG_MEDICUS,-1.404810748594726,0.041666666666666664,robust
KEGG_MEDICUS_PATHOGEN_ESCHERICHIA_EAE_TIR_TO_ACTIN_SIGNALING_PATHWAY,17,-0.8279701400936087,KEGG_MEDICUS,-1.4121406215251824,0.041666666666666664,robust
REACTOME_ANTIGEN_PROCESSING_UBIQUITINATION_PROTEASOME_DEGRADATION,289,-0.8306358118459019,Reactome,-2.200057418004444,0.008333333333333333,caution
HALLMARK_G2M_CHECKPOINT,193,-0.8326085943950705,Hallmark,-1.022568341399464,0.041666666666666664,robust
REACTOME_TRNA_AMINOACYLATION,42,-0.8349930042467605,Reactome,-1.7504085351210268,0.016666666666666666,robust
HALLMARK_MYC_TARGETS_V2,57,-0.8360886841574615,Hallmark,-1.7525629277418688,0.016666666666666666,robust
KEGG_BASE_EXCISION_REPAIR,35,-0.838204774093098,KEGG,-1.408995883063779,0.03333333333333333,robust
REACTOME_RND1_GTPASE_CYCLE,40,-0.8420114832407386,Reactome,-1.7642086962871526,0.016666666666666666,robust
REACTOME_TRANSLATION,371,-0.8473599392710893,Reactome,-1.5305614714510425,0.058333333333333334,robust
REACTOME_AMINE_LIGAND_BINDING_RECEPTORS,26,-0.852067586778511,Reactome,-1.4317322507839685,0.03333333333333333,robust
REACTOME_RESOLUTION_OF_D_LOOP_STRUCTURES,37,-0.8534737560929365,Reactome,-1.4340385058950444,0.03333333333333333,robust
REACTOME_SUMOYLATION,184,-0.8586432444835197,Reactome,-1.6401135588064268,0.041666666666666664,robust
REACTOME_SIGNALING_BY_FGFR_IN_DISEASE,59,-0.8614226919052514,Reactome,-1.8023761978540038,0.016666666666666666,robust
REACTOME_FRS_MEDIATED_FGFR1_SIGNALING,19,-0.8659428845689824,Reactome,-1.4786245261292479,0.03333333333333333,robust
KEGG_MEDICUS_REFERENCE_HOMOLOGOUS_RECOMBINATION_IN_ICLR,16,-0.8685995086608139,KEGG_MEDICUS,-1.483275829192284,0.03333333333333333,robust
REACTOME_KSRP_KHSRP_BINDS_AND_DESTABILIZES_MRNA,17,-0.8697536761524669,Reactome,-1.4852965828268268,0.03333333333333333,robust
REACTOME_REGULATION_OF_EXPRESSION_OF_SLITS_AND_ROBOS,157,-0.8800661417513679,Reactome,-1.6785037115042991,0.05,robust
REACTOME_SIGNALING_BY_NODAL,21,-0.8809727619492655,Reactome,-1.4791395631824324,0.025,robust
REACTOME_TRANSPORT_OF_THE_SLBP_DEPENDANT_MATURE_MRNA,36,-0.893722228065554,Reactome,-1.5000499337135909,0.025,robust
REACTOME_PROTEIN_METHYLATION,17,-0.8941072179150715,Reactome,-1.5279355484766803,0.03333333333333333,robust
REACTOME_ORC1_REMOVAL_FROM_CHROMATIN,58,-0.8943392280138902,Reactome,-1.8670986973755612,0.016666666666666666,robust
REACTOME_SHC_MEDIATED_CASCADE_FGFR1,17,-0.8963161309328245,Reactome,-1.5318029845648515,0.03333333333333333,robust
REACTOME_REGULATION_OF_TP53_ACTIVITY_THROUGH_ACETYLATION,30,-0.9002400797170935,Reactome,-1.5107398474603861,0.025,robust
REACTOME_RRNA_MODIFICATION_IN_THE_NUCLEUS_AND_CYTOSOL,60,-0.9008349828804233,Reactome,-1.8798710465028743,0.016666666666666666,robust
REACTOME_RRNA_PROCESSING_IN_THE_MITOCHONDRION,19,-0.9045541318227854,Reactome,-1.5462263419719404,0.03333333333333333,robust
REACTOME_SYNAPTIC_ADHESION_LIKE_MOLECULES,21,-0.9047481188777292,Reactome,-1.5181334722881297,0.025,robust
REACTOME_NONSENSE_MEDIATED_DECAY_NMD,116,-0.916494064051361,Reactome,-2.0798268461885114,0.008333333333333333,caution
KEGG_MEDICUS_REFERENCE_FGF_FGFR_PI3K_SIGNALING_PATHWAY,25,-0.9186332178615437,KEGG_MEDICUS,-1.5409063917159038,0.025,robust
REACTOME_SUMOYLATION_OF_TRANSCRIPTION_COFACTORS,44,-0.9191483488630177,Reactome,-1.9158799028762974,0.016666666666666666,robust
REACTOME_SWITCHING_OF_ORIGINS_TO_A_POST_REPLICATIVE_STATE,79,-0.9196688014316241,Reactome,-1.6385618372789825,0.0,robust
REACTOME_RESOLUTION_OF_ABASIC_SITES_AP_SITES,38,-0.9225307108014269,Reactome,-1.9225305090706404,0.016666666666666666,robust
REACTOME_SYNTHESIS_OF_DNA,108,-0.9231794833533696,Reactome,-2.185577994607191,0.016666666666666666,caution
KEGG_GLYCOSYLPHOSPHATIDYLINOSITOL_GPI_ANCHOR_BIOSYNTHESIS,24,-0.9263171117871718,KEGG,-1.5535087287582157,0.025,robust
REACTOME_DOWNREGULATION_OF_TGF_BETA_RECEPTOR_SIGNALING,26,-0.9317564294576718,Reactome,-1.5624297413629333,0.025,robust
REACTOME_RNA_POLYMERASE_III_TRANSCRIPTION_TERMINATION,23,-0.933031307576298,Reactome,-1.5645206660808306,0.025,robust
REACTOME_MATURATION_OF_DENV_PROTEINS,52,-0.936831175138067,Reactome,-1.9506489536460807,0.016666666666666666,robust
REACTOME_PHASE_0_RAPID_DEPOLARISATION,30,-0.9399977030848925,Reactome,-1.5759462355927338,0.025,robust
REACTOME_M_PHASE,397,-0.9426986575204624,Reactome,-2.222769060667425,0.025,caution
REACTOME_TRANSCRIPTION_OF_E2F_TARGETS_UNDER_NEGATIVE_CONTROL_BY_P107_RBL1_AND_P130_RBL2_IN_COMPLEX_WITH_HDAC1,16,-0.9446889286791393,Reactome,-1.6164956375513488,0.025,robust
REACTOME_TRANSPORT_OF_MATURE_MRNAS_DERIVED_FROM_INTRONLESS_TRANSCRIPTS,43,-0.9479898490323355,Reactome,-1.9725898183652415,0.016666666666666666,robust
REACTOME_TIGHT_JUNCTION_INTERACTIONS,27,-0.9481032431425682,Reactome,-1.589240113502226,0.025,robust
KEGG_MEDICUS_PATHOGEN_HTLV_1_TAX_TO_SPINDLE_ASSEMBLY_CHECKPOINT_SIGNALING,16,-0.9503026887308315,KEGG_MEDICUS,-1.6263243895392085,0.025,robust
REACTOME_ACTIVATION_OF_THE_PRE_REPLICATIVE_COMPLEX,33,-0.956450302936173,Reactome,-1.6029301073841675,0.025,robust
REACTOME_MRNA_CAPPING,29,-0.9608468404073409,Reactome,-1.610140858543292,0.025,robust
REACTOME_DNA_DAMAGE_BYPASS,48,-0.9626123297840113,Reactome,-2.0013414312424525,0.016666666666666666,caution
REACTOME_POLYMERASE_SWITCHING_ON_THE_C_STRAND_OF_THE_TELOMERE,26,-0.9634058825945047,Reactome,-1.6143379378445262,0.025,robust
REACTOME_TRANSLESION_SYNTHESIS_BY_POLK,17,-0.9687470894232135,Reactome,-1.658617440596046,0.016666666666666666,robust
KEGG_OOCYTE_MEIOSIS,108,-0.9695132466044493,KEGG,-2.289515634513544,0.016666666666666666,caution
REACTOME_MICRORNA_MIRNA_BIOGENESIS,25,-0.9712783110002979,Reactome,-1.6272494898611902,0.025,robust
REACTOME_INTERCONVERSION_OF_NUCLEOTIDE_DI_AND_TRIPHOSPHATES,29,-0.9720269187312024,Reactome,-1.6284772797068923,0.025,robust
REACTOME_AURKA_ACTIVATION_BY_TPX2,72,-0.9744187614878743,Reactome,-1.730020429369155,0.0,robust
REACTOME_G1_S_SPECIFIC_TRANSCRIPTION,29,-0.9766583980455273,Reactome,-1.6360733584514133,0.025,robust
REACTOME_LAGGING_STRAND_SYNTHESIS,20,-0.9798795595454818,Reactome,-1.6781085280020798,0.008333333333333333,robust
KEGG_MEDICUS_REFERENCE_CONDENSIN_LOADING,20,-0.9804635648047574,KEGG_MEDICUS,-1.6791310232281262,0.008333333333333333,robust
REACTOME_TRANSCRIPTIONAL_REGULATION_BY_TP53,358,-0.9845122453747898,Reactome,-1.7749194398354204,0.016666666666666666,robust
REACTOME_CHOLESTEROL_BIOSYNTHESIS,27,-0.993018013464393,Reactome,-1.6629047266856247,0.025,robust
KEGG_MEDICUS_VARIANT_AMPLIFIED_MYC_TO_P27_CELL_CYCLE_G1_S,15,-0.9950038848588889,KEGG_MEDICUS,-1.7045886841042948,0.008333333333333333,robust
REACTOME_HIV_INFECTION,219,-0.9963351620462311,Reactome,-1.5342057777860845,0.03333333333333333,robust
REACTOME_REGULATION_OF_PLK1_ACTIVITY_AT_G2_M_TRANSITION,87,-1.0079069285433855,Reactome,-1.7859616685487059,0.0,robust
REACTOME_RESOLUTION_OF_AP_SITES_VIA_THE_MULTIPLE_NUCLEOTIDE_PATCH_REPLACEMENT_PATHWAY,25,-1.0092057743647957,Reactome,-1.6894542367129322,0.025,robust
REACTOME_RRNA_MODIFICATION_IN_THE_MITOCHONDRION,15,-1.0121760980705878,Reactome,-1.734654348326897,0.008333333333333333,robust
REACTOME_SIGNALING_BY_ACTIVIN,16,-1.018448610557883,Reactome,-1.7456364653056577,0.008333333333333333,robust
REACTOME_TRAFFICKING_OF_AMPA_RECEPTORS,30,-1.021275882272588,Reactome,-1.7092503933834107,0.025,robust
REACTOME_SIGNALING_BY_PDGFR_IN_DISEASE,20,-1.021885338466011,Reactome,-1.751653599267157,0.008333333333333333,robust
REACTOME_BUTYRATE_RESPONSE_FACTOR_1_BRF1_BINDS_AND_DESTABILIZES_MRNA,17,-1.0246321292320444,Reactome,-1.7564627690487808,0.008333333333333333,robust
REACTOME_NEPHRIN_FAMILY_INTERACTIONS,21,-1.0258427912507782,Reactome,-1.71674057046573,0.025,robust
REACTOME_TGF_BETA_RECEPTOR_SIGNALING_ACTIVATES_SMADS,47,-1.0275368711697213,Reactome,-2.1290000215906373,0.016666666666666666,caution
REACTOME_CYCLIN_A_B1_B2_ASSOCIATED_EVENTS_DURING_G2_M_TRANSITION,32,-1.0325198593025522,Reactome,-1.7276916146703165,0.025,robust
REACTOME_SUMOYLATION_OF_RNA_BINDING_PROTEINS,47,-1.0361765890053558,Reactome,-2.145987961379858,0.016666666666666666,caution
REACTOME_RECRUITMENT_OF_MITOTIC_CENTROSOME_PROTEINS_AND_COMPLEXES,81,-1.0450537032929337,Reactome,-1.8480145306109603,0.0,robust
REACTOME_CELL_CYCLE_MITOTIC,544,-1.0525226719911314,Reactome,-1.904968458276887,0.016666666666666666,robust
REACTOME_TRNA_PROCESSING_IN_THE_NUCLEUS,59,-1.059406517749452,Reactome,-2.191664063113752,0.016666666666666666,caution
REACTOME_TRISTETRAPROLIN_TTP_ZFP36_BINDS_AND_DESTABILIZES_MRNA,17,-1.0719860832013235,Reactome,-1.8393715975207552,0.0,robust
REACTOME_CELL_CYCLE_CHECKPOINTS,287,-1.0720373721155636,Reactome,-2.1755696826546367,0.016666666666666666,caution
KEGG_MEDICUS_REFERENCE_FANCONI_ANEMIA_PATHWAY,19,-1.0728776338284745,KEGG_MEDICUS,-1.8409325530867569,0.0,robust
REACTOME_RECRUITMENT_OF_NUMA_TO_MITOTIC_CENTROSOMES,95,-1.0769996620951439,Reactome,-2.530633203305803,0.008333333333333333,caution
KEGG_MEDICUS_REFERENCE_CORE_NER_REACTION,29,-1.0863467037824253,KEGG_MEDICUS,-1.8159729005164134,0.025,robust
REACTOME_GERM_LAYER_FORMATION_AT_GASTRULATION,17,-1.0881217507624124,Reactome,-1.8676224442181821,0.0,robust
REACTOME_MRNA_SPLICING_MINOR_PATHWAY,50,-1.1047722833029785,Reactome,-2.2808649963359633,0.016666666666666666,caution
REACTOME_PROCESSIVE_SYNTHESIS_ON_THE_LAGGING_STRAND,15,-1.1076000644178303,Reactome,-1.9017257034059585,0.0,robust
KEGG_CELL_CYCLE,125,-1.1107958814300951,KEGG,-2.485754873607375,0.0,caution
REACTOME_KINESINS,59,-1.1140987495958992,Reactome,-2.2992032627984225,0.016666666666666666,caution
KEGG_TASTE_TRANSDUCTION,42,-1.123543113640277,KEGG,-2.317773347005528,0.016666666666666666,caution
KEGG_MEDICUS_REFERENCE_ORIGIN_UNWINDING_AND_ELONGATION,30,-1.1236912771171448,KEGG_MEDICUS,-1.8772216507491275,0.025,robust
REACTOME_MITOCHONDRIAL_PROTEIN_DEGRADATION,97,-1.128354844186337,Reactome,-2.645835078763118,0.0,caution
REACTOME_DUAL_INCISION_IN_TC_NER,63,-1.1366818166142114,Reactome,-2.001077258540497,0.0,caution
REACTOME_GOLGI_TO_ER_RETROGRADE_TRANSPORT,131,-1.1398366931109547,Reactome,-2.546425841894181,0.0,caution
REACTOME_SIGNALING_BY_FGFR2_IIIA_TM,19,-1.1495526640027678,Reactome,-1.975177666576711,0.0,robust
REACTOME_RNA_POLYMERASE_III_TRANSCRIPTION_INITIATION_FROM_TYPE_1_PROMOTER,28,-1.1551410155869504,Reactome,-1.928802295657191,0.025,robust
KEGG_DNA_REPLICATION,36,-1.1578351233925999,KEGG,-1.9332208957737123,0.025,robust
REACTOME_REGULATION_OF_TP53_ACTIVITY,161,-1.1596025528900993,Reactome,-2.245041405790888,0.025,caution
REACTOME_REGULATION_OF_GLUCOKINASE_BY_GLUCOKINASE_REGULATORY_PROTEIN,32,-1.161373896494152,Reactome,-1.9390248295309553,0.025,robust
HALLMARK_E2F_TARGETS,198,-1.1623401395005488,Hallmark,-1.3969824371852553,0.0,robust
REACTOME_NUCLEAR_IMPORT_OF_REV_PROTEIN,34,-1.1634598894481998,Reactome,-1.9424460618552484,0.025,robust
REACTOME_FORMATION_OF_THE_EARLY_ELONGATION_COMPLEX,33,-1.1663541618797617,Reactome,-1.9471929515218485,0.025,robust
KEGG_MEDICUS_REFERENCE_COHESIN_DISSOCIATION_IN_ANAPHASE,16,-1.1665886140436992,KEGG_MEDICUS,-2.0050047568491944,0.0,caution
REACTOME_ABORTIVE_ELONGATION_OF_HIV_1_TRANSCRIPT_IN_THE_ABSENCE_OF_TAT,23,-1.1686880613553066,Reactome,-1.9510207747711505,0.025,robust
REACTOME_RUNX1_INTERACTS_WITH_CO_FACTORS_WHOSE_PRECISE_EFFECT_ON_RUNX1_TARGETS_IS_NOT_KNOWN,37,-1.1694779657209822,Reactome,-1.9523162951341055,0.025,robust
REACTOME_GAP_FILLING_DNA_REPAIR_SYNTHESIS_AND_LIGATION_IN_GG_NER,25,-1.1746827370424868,Reactome,-1.9608526288025063,0.025,robust
REACTOME_MITOCHONDRIAL_FATTY_ACID_BETA_OXIDATION,37,-1.1756007481225685,Reactome,-1.9623582566979125,0.025,robust
REACTOME_FORMATION_OF_INCISION_COMPLEX_IN_GG_NER,43,-1.1776977521319605,Reactome,-2.4242554978703708,0.008333333333333333,caution
REACTOME_RNA_POLYMERASE_I_TRANSCRIPTION_TERMINATION,31,-1.1789256912130022,Reactome,-1.9678114883377187,0.025,robust
REACTOME_RHO_GTPASES_ACTIVATE_FORMINS,139,-1.1799222549895712,Reactome,-2.2862234368870515,0.025,caution
REACTOME_PROCESSING_OF_INTRONLESS_PRE_MRNAS,20,-1.1848729089855152,Reactome,-2.037017489598934,0.0,caution
REACTOME_S_PHASE,150,-1.185471469552161,Reactome,-2.297470054852076,0.025,caution
REACTOME_TRANSCRIPTION_COUPLED_NUCLEOTIDE_EXCISION_REPAIR_TC_NER,76,-1.1864977300588335,Reactome,-2.084293635367988,0.0,caution
REACTOME_DENGUE_VIRUS_MODULATES_APOPTOSIS,16,-1.1892917944060497,Reactome,-2.0447542165807207,0.0,caution
REACTOME_RNA_POLYMERASE_II_TRANSCRIPTION,1337,-1.196880579227341,Reactome,-2.1665543688618176,0.008333333333333333,caution
KEGG_LINOLEIC_ACID_METABOLISM,26,-1.1998832048395518,KEGG,-2.0021838590194276,0.025,caution
REACTOME_INSULIN_PROCESSING,24,-1.2028149376788624,Reactome,-2.006992187416021,0.025,caution
KEGG_MEDICUS_REFERENCE_GENE_SILENCING_BY_METHYLATION_OF_H3K27_AND_UBIQUITINATION_OF_H2AK119,38,-1.2158254267004724,KEGG_MEDICUS,-2.4992244554445846,0.008333333333333333,caution
REACTOME_HDR_THROUGH_SINGLE_STRAND_ANNEALING_SSA,37,-1.2166606919023506,Reactome,-2.0297005775914028,0.025,caution
REACTOME_FORMATION_OF_TC_NER_PRE_INCISION_COMPLEX,51,-1.2175018127872856,Reactome,-2.502520667942267,0.008333333333333333,caution
REACTOME_BBSOME_MEDIATED_CARGO_TARGETING_TO_CILIUM,23,-1.2273319220403536,Reactome,-2.047202437996665,0.025,caution
REACTOME_TRNA_MODIFICATION_IN_THE_NUCLEUS_AND_CYTOSOL,44,-1.2315731881195267,Reactome,-2.530188663754548,0.008333333333333333,caution
REACTOME_TRANSCRIPTIONAL_REGULATION_BY_E2F6,34,-1.24383271680334,Reactome,-2.074265354153745,0.016666666666666666,caution
REACTOME_MRNA_SPLICING,212,-1.2469750715439618,Reactome,-1.493086410321309,0.0,robust
REACTOME_INTRAFLAGELLAR_TRANSPORT,54,-1.2555049871895876,Reactome,-2.5772448257015377,0.008333333333333333,caution
REACTOME_CELL_CYCLE,679,-1.2567190121975842,Reactome,-2.2749854986570424,0.008333333333333333,caution
KEGG_MEDICUS_REFERENCE_SPINDLE_ASSEMBLY_CHECKPOINT_SIGNALING,21,-1.2643913202699308,KEGG_MEDICUS,-2.1079834731846554,0.016666666666666666,caution
REACTOME_HIV_TRANSCRIPTION_ELONGATION,43,-1.275676600182449,Reactome,-2.616907480604551,0.008333333333333333,caution
REACTOME_METABOLISM_OF_RNA,738,-1.2776709550402705,Reactome,-2.3129517808784903,0.008333333333333333,caution
REACTOME_TRNA_PROCESSING,114,-1.2798277928268305,Reactome,-2.8388899666794725,0.0,caution
REACTOME_RNA_POLYMERASE_III_TRANSCRIPTION_INITIATION_FROM_TYPE_3_PROMOTER,28,-1.2840349148065522,Reactome,-2.1402008881397663,0.016666666666666666,caution
KEGG_MEDICUS_REFERENCE_DNA_REPLICATION_LICENSING,24,-1.3243187605413616,KEGG_MEDICUS,-2.206270332385649,0.016666666666666666,caution
REACTOME_NUCLEAR_RNA_DECAY,35,-1.3319556030778426,Reactome,-2.218795500551076,0.016666666666666666,caution
REACTOME_M_DECAY_DEGRADATION_OF_MATERNAL_MRNAS_BY_MATERNALLY_STORED_FACTORS,32,-1.344267611888044,Reactome,-2.2389883983442855,0.016666666666666666,caution
KEGG_ONE_CARBON_POOL_BY_FOLATE,17,-1.352376729944946,KEGG,-2.3302885767257933,0.0,caution
REACTOME_DNA_STRAND_ELONGATION,32,-1.353596534715614,Reactome,-2.2542887435667303,0.016666666666666666,caution
REACTOME_HIV_TRANSCRIPTION_INITIATION,48,-1.355361663836777,Reactome,-2.7735891094740293,0.0,caution
KEGG_MEDICUS_REFERENCE_HOMOLOGOUS_RECOMBINATION,33,-1.3571020098035753,KEGG_MEDICUS,-2.2600380653272207,0.016666666666666666,caution
REACTOME_E2F_MEDIATED_REGULATION_OF_DNA_REPLICATION,22,-1.3635300196602476,Reactome,-2.2705806297495252,0.008333333333333333,caution
REACTOME_G0_AND_EARLY_G1,27,-1.374257440504429,Reactome,-2.2881746484048575,0.008333333333333333,caution
REACTOME_SUMOYLATION_OF_DNA_REPLICATION_PROTEINS,46,-1.3760860763196987,Reactome,-2.8143387124268875,0.0,caution
REACTOME_DUAL_INCISION_IN_GG_NER,41,-1.3804104845974938,Reactome,-2.8228416275503645,0.0,caution
REACTOME_INFLUENZA_VIRAL_RNA_TRANSCRIPTION_AND_REPLICATION,137,-1.392154060396704,Reactome,-3.0735577677175114,0.0,high
KEGG_BASAL_TRANSCRIPTION_FACTORS,35,-1.3960441913539383,KEGG,-2.323907049179761,0.008333333333333333,caution
HALLMARK_MYC_TARGETS_V1,194,-1.3968952281455205,Hallmark,-1.6633225333348975,0.0,robust
KEGG_SPLICEOSOME,127,-1.397267782283856,KEGG,-3.0842411625844477,0.0,high
REACTOME_NEDDYLATION,228,-1.3990291275359859,Reactome,-2.159090911825236,0.008333333333333333,caution
REACTOME_RRNA_PROCESSING,212,-1.4135766703027215,Reactome,-1.682264509540703,0.0,robust
REACTOME_HDR_THROUGH_HOMOLOGOUS_RECOMBINATION_HRR,70,-1.4352140939547358,Reactome,-2.499768796415332,0.0,caution
REACTOME_COPI_DEPENDENT_GOLGI_TO_ER_RETROGRADE_TRAFFIC,98,-1.4367811214516522,Reactome,-3.337708500965929,0.0,high
REACTOME_RAS_ACTIVATION_UPON_CA2_INFLUX_THROUGH_NMDA_RECEPTOR,20,-1.4506107786259335,Reactome,-2.5022799145026404,0.0,caution
REACTOME_DEADENYLATION_DEPENDENT_MRNA_DECAY,56,-1.4659067837144373,Reactome,-2.990949661774508,0.0,caution
KEGG_MEDICUS_REFERENCE_DEUBIQUITINATION_OF_H2AK119,26,-1.4687718407666552,KEGG_MEDICUS,-2.4431875024324037,0.008333333333333333,caution
REACTOME_TELOMERE_C_STRAND_LAGGING_STRAND_SYNTHESIS,34,-1.4974430684564366,Reactome,-2.4902111180966386,0.008333333333333333,caution
REACTOME_SEPARATION_OF_SISTER_CHROMATIDS,177,-1.5137746450804166,Reactome,-2.9891883973511253,0.016666666666666666,caution
REACTOME_CARGO_TRAFFICKING_TO_THE_PERICILIARY_MEMBRANE,70,-1.527153713861907,Reactome,-2.653351889176977,0.0,caution
REACTOME_RNA_POLYMERASE_III_TRANSCRIPTION,41,-1.5493709460222673,Reactome,-3.155061984748188,0.0,high
REACTOME_MITOTIC_METAPHASE_AND_ANAPHASE,222,-1.5620308374313188,Reactome,-2.4120307471979308,0.0,caution
REACTOME_RNA_POLYMERASE_II_TRANSCRIPTION_TERMINATION,66,-1.5789547380815976,Reactome,-2.7398843494581233,0.0,caution
REACTOME_SUMOYLATION_OF_DNA_DAMAGE_RESPONSE_AND_REPAIR_PROTEINS,77,-1.5898097611411797,Reactome,-2.7580174243519817,0.0,caution
KEGG_MEDICUS_REFERENCE_RELN_VLDLR_PI3K_SIGNALING_PATHWAY,15,-1.590371250680445,KEGG_MEDICUS,-2.7469770524068364,0.0,caution
KEGG_MEDICUS_REFERENCE_BMP_SIGNALING_PATHWAY,19,-1.604657165905127,KEGG_MEDICUS,-2.771989293110046,0.0,caution
REACTOME_DNA_REPAIR,327,-1.606905777708111,Reactome,-3.19408379745027,0.0,high
REACTOME_NUCLEOTIDE_EXCISION_REPAIR,108,-1.6279879723829673,Reactome,-3.766630898484841,0.0,high
REACTOME_RESOLUTION_OF_SISTER_CHROMATID_COHESION,126,-1.6376357552842324,Reactome,-3.5864088646215597,0.0,high
REACTOME_VIRAL_MESSENGER_RNA_SYNTHESIS,44,-1.638667892327311,Reactome,-3.330643083118619,0.0,high
KEGG_NUCLEOTIDE_EXCISION_REPAIR,44,-1.650103855792978,KEGG,-3.353129171493541,0.0,high
REACTOME_RESOLUTION_OF_D_LOOP_STRUCTURES_THROUGH_SYNTHESIS_DEPENDENT_STRAND_ANNEALING_SDSA,27,-1.6519443278217913,Reactome,-2.7436082840166085,0.008333333333333333,caution
REACTOME_INFLUENZA_INFECTION,159,-1.670294666311817,Reactome,-3.2800633954117497,0.0,high
REACTOME_SUMOYLATION_OF_SUMOYLATION_PROTEINS,35,-1.6735483113521883,Reactome,-2.779040928524954,0.008333333333333333,caution
KEGG_MEDICUS_REFERENCE_MISMATCH_REPAIR,26,-1.6806052912868588,KEGG_MEDICUS,-2.7906150653491135,0.008333333333333333,caution
REACTOME_CREB1_PHOSPHORYLATION_THROUGH_NMDA_RECEPTOR_MEDIATED_ACTIVATION_OF_RAS_SIGNALING,28,-1.6845950727740877,Reactome,-2.797158696939281,0.008333333333333333,caution
REACTOME_INTERACTIONS_OF_VPR_WITH_HOST_CELLULAR_PROTEINS,37,-1.6971352969660818,Reactome,-2.8177258902638225,0.008333333333333333,caution
KEGG_PROGESTERONE_MEDIATED_OOCYTE_MATURATION,81,-1.7011290579708374,KEGG,-2.9439738369237607,0.0,caution
REACTOME_PHOSPHORYLATED_BMAL1_CLOCK_ARNTL_CLOCK_ACTIVATES_EXPRESSION_OF_CORE_CLOCK_GENES,22,-1.711828403537233,Reactome,-2.841824021107439,0.008333333333333333,caution
KEGG_MEDICUS_REFERENCE_DISASSEMBLY_OF_MCC,17,-1.7300132645954176,KEGG_MEDICUS,-2.9914667899833107,0.0,caution
REACTOME_MITOTIC_PROMETAPHASE,203,-1.74182384056929,Reactome,-2.0549930800215384,0.0,caution
KEGG_ASCORBATE_AND_ALDARATE_METABOLISM,17,-1.7464290933688253,KEGG,-3.020208151958759,0.0,high
KEGG_PROTEIN_EXPORT,23,-1.7521058283603135,KEGG,-2.907882934430522,0.008333333333333333,caution
REACTOME_RECOGNITION_OF_DNA_DAMAGE_BY_PCNA_CONTAINING_REPLICATION_COMPLEX,30,-1.7577116169260036,Reactome,-2.9170769755737944,0.008333333333333333,caution
REACTOME_PROCESSING_OF_CAPPED_INTRON_CONTAINING_PRE_MRNA,292,-1.7671934397190525,Reactome,-4.6241833150176666,0.0,high
REACTOME_PROCESSING_OF_CAPPED_INTRONLESS_PRE_MRNA,29,-1.7759746019083622,Reactome,-2.9470300559226423,0.008333333333333333,caution
REACTOME_PINK1_PRKN_MEDIATED_MITOPHAGY,32,-1.7811915267604856,Reactome,-2.955586322569113,0.008333333333333333,caution
REACTOME_INTERACTIONS_OF_REV_WITH_HOST_CELLULAR_PROTEINS,37,-1.7815184080802375,Reactome,-2.9561224398820563,0.008333333333333333,caution
KEGG_RNA_POLYMERASE,29,-1.7818429459733156,KEGG,-2.956654713746214,0.008333333333333333,caution
REACTOME_HOMOLOGOUS_DNA_PAIRING_AND_STRAND_EXCHANGE,43,-1.8157649953818684,Reactome,-3.678862201007807,0.0,high
REACTOME_REGULATION_OF_TP53_ACTIVITY_THROUGH_PHOSPHORYLATION,93,-1.8227115471661477,Reactome,-4.203442143179505,0.0,high
KEGG_MISMATCH_REPAIR,23,-1.865819354613779,KEGG,-3.0943842315575254,0.008333333333333333,high
HALLMARK_SPERMATOGENESIS,113,-1.8866526504901828,Hallmark,-4.106645568676107,0.0,high
REACTOME_MRNA_3_END_PROCESSING,151,-1.9245247501121383,Reactome,-3.795312642934782,0.0,high
KEGG_RNA_DEGRADATION,57,-1.9275126411868846,KEGG,-3.8985872330792155,0.0,high
REACTOME_MITOTIC_SPINDLE_CHECKPOINT,110,-1.9303144489442694,Reactome,-4.444821018391686,0.0,high
KEGG_MEDICUS_REFERENCE_GLOBAL_GENOME_NER,18,-1.9540846836979682,KEGG_MEDICUS,-3.383778250688311,0.0,high
REACTOME_ANCHORING_OF_THE_BASAL_BODY_TO_THE_PLASMA_MEMBRANE,97,-1.9745466519858947,Reactome,-4.544044359416074,0.0,high
REACTOME_EXTENSION_OF_TELOMERES,51,-1.985516120389556,Reactome,-4.012637209132386,0.0,high
REACTOME_PROTEIN_HYDROXYLATION,19,-2.004633396297394,Reactome,-3.472280565513041,0.0,high
REACTOME_PD_L1_CD274_GLYCOSYLATION_AND_TRANSLOCATION_TO_PLASMA_MEMBRANE,21,-2.006028429017911,Reactome,-3.324340817259223,0.008333333333333333,high
REACTOME_MRNA_POLYADENYLATION,127,-2.015034608653168,Reactome,-4.374856312848875,0.0,high
REACTOME_HIV_ELONGATION_ARREST_AND_RECOVERY,33,-2.0325887031687926,Reactome,-3.367902262800423,0.008333333333333333,high
REACTOME_GLOBAL_GENOME_NUCLEOTIDE_EXCISION_REPAIR_GG_NER,84,-2.048778037489936,Reactome,-3.524713734738026,0.0,high
REACTOME_ACTIVATION_OF_ATR_IN_RESPONSE_TO_REPLICATION_STRESS,37,-2.1048293684468655,Reactome,-3.4863840144756573,0.008333333333333333,high
KEGG_MEDICUS_REFERENCE_ORGANIZATION_OF_THE_INNER_KINETOCHORE,17,-2.1381216949773125,KEGG_MEDICUS,-3.705996180167922,0.0,high
REACTOME_TRANSCRIPTION_OF_E2F_TARGETS_UNDER_NEGATIVE_CONTROL_BY_DREAM_COMPLEX,19,-2.16215423325695,Reactome,-3.7480731225762636,0.0,high
KEGG_MEDICUS_REFERENCE_TRANSCRIPTION_COUPLED_NER,31,-2.180070131049985,KEGG_MEDICUS,-3.6097862189858616,0.008333333333333333,high
REACTOME_POSTMITOTIC_NUCLEAR_PORE_COMPLEX_NPC_REFORMATION,27,-2.1825031914208575,Reactome,-3.613776675795236,0.008333333333333333,high
REACTOME_TRANSPORT_OF_MATURE_TRANSCRIPT_TO_CYTOPLASM,82,-2.200378210497815,Reactome,-3.77795845618955,0.0,high
REACTOME_MITOTIC_G2_G2_M_PHASES,192,-2.2382552518891243,Reactome,-2.618696858892685,0.0,caution
REACTOME_CILIUM_ASSEMBLY,200,-2.273476716398194,Reactome,-2.6586912512466108,0.0,caution
REACTOME_ORGANELLE_BIOGENESIS_AND_MAINTENANCE,294,-2.2896843430192657,Reactome,-5.976565370268438,0.0,high
KEGG_MEDICUS_REFERENCE_DYNEIN_RECRUITMENT_TO_THE_KINETOCHORE,30,-2.29159642885976,KEGG_MEDICUS,-3.7927002476910587,0.0,high
REACTOME_DNA_DAMAGE_RECOGNITION_IN_GG_NER,38,-2.3491365282831405,Reactome,-4.727609817375468,0.0,high
REACTOME_UNBLOCKING_OF_NMDA_RECEPTORS_GLUTAMATE_BINDING_AND_ACTIVATION,20,-2.3764790149613875,Reactome,-4.123319856463669,0.0,high
REACTOME_DISEASES_OF_DNA_REPAIR,51,-2.3888627980745794,Reactome,-4.8057220303095285,0.0,high
REACTOME_TELOMERE_EXTENSION_BY_TELOMERASE,23,-2.4125139227013004,Reactome,-3.991016755760005,0.0,high
REACTOME_TP53_REGULATES_TRANSCRIPTION_OF_DNA_REPAIR_GENES,62,-2.5115741263045215,Reactome,-5.047004522988572,0.0,high
REACTOME_HIV_LIFE_CYCLE,150,-2.591218283686497,Reactome,-5.146503408274983,0.0,high
REACTOME_PROCESSIVE_SYNTHESIS_ON_THE_C_STRAND_OF_THE_TELOMERE,19,-2.7019219911243963,Reactome,-4.693115905714643,0.0,high
KEGG_MEDICUS_REFERENCE_ACTIVATION_OF_PRC2.2_BY_UBIQUITINATION_OF_H2AK119,21,-2.7078325345176637,KEGG_MEDICUS,-4.475368142830101,0.0,high
REACTOME_TRANSPORT_OF_VITAMINS_NUCLEOSIDES_AND_RELATED_MOLECULES,29,-2.7397863816399175,Reactome,-4.527775575198479,0.0,high
REACTOME_TRANSCRIPTION_OF_THE_HIV_GENOME,71,-2.842865394762406,Reactome,-4.851219025666632,0.0,high
REACTOME_SNRNP_ASSEMBLY,54,-2.880640470230695,Reactome,-5.772685262582424,0.0,high
REACTOME_RNA_POLYMERASE_I_TRANSCRIPTION_INITIATION,47,-3.0964785952185823,Reactome,-6.197079339017343,0.0,high
KEGG_MEDICUS_REFERENCE_TELOMERE_ELONGATION,19,-3.1303589968082184,KEGG_MEDICUS,-5.443237220575291,0.0,high
REACTOME_FORMATION_OF_RNA_POL_II_ELONGATION_COMPLEX,58,-3.2076395823117814,Reactome,-6.415650846973408,0.0,high
REACTOME_MISMATCH_REPAIR,15,-3.546069743421003,Reactome,-6.171076990982543,0.0,high
REACTOME_FANCONI_ANEMIA_PATHWAY,39,-3.7273370159700647,Reactome,-7.437511615988993,0.0,high
KEGG_MEDICUS_REFERENCE_NUCLEAR_EXPORT_OF_MRNA,30,-6.13724952294994,KEGG_MEDICUS,-10.09994718636767,0.0,high
