,0
,0.2574872473207209
A1BG,-0.14758295933009613
A1CF,-0.4669854862720424
A2M,0.7061659381184676
A2ML1,-0.8902344490139917
A3GALT2,0.20860672932626845
A4GALT,-0.03860510033406281
A4GNT,-0.049676547742010246
AAAS,-0.22431123057238267
AACS,0.06203264150417409
AADAC,-0.4992315909450371
AADACL3,1.1638215588610021
AADACL4,-0.11529752011159589
AADAT,-0.3176944215413209
AAGAB,-0.20170324606578438
AAK1,-0.4148115110914681
AAMDC,-0.03421524825446376
AAMP,-0.12573979497347576
AANAT,0.4312182136623255
AAR2,-0.39594617468467774
AARD,0.0717700868817504
AARS1,0.3025798259505894
AARS2,-0.017750561032335188
AARSD1,-0.1446447078152051
AASDH,-0.21976675650331723
AASDHPPT,-0.14558822312894115
AASS,-0.6409500963443584
AATK,0.12603829645266681
ABAT,-0.3485924210561808
ABCA1,0.3913362162252748
ABCA10,-0.7748303408962025
ABCA12,0.12399970878952926
ABCA13,0.9986619847221067
ABCA2,0.5690977779268698
ABCA3,-0.12618934894798484
ABCA4,-0.41360413597793433
ABCA5,-0.18870138362445554
ABCA6,-0.219614370650692
ABCA7,0.40308180322435705
ABCA8,-0.2996562417502877
ABCA9,-0.19049816402503628
ABCB1,-1.2967184534165588
ABCB10,-0.0239956564478625
ABCB11,0.09806524846930476
ABCB4,-1.199880000823782
ABCB5,-0.26015704568954656
ABCB6,0.2647225294447493
ABCB7,0.24498269005121098
ABCB8,-0.11646515144302594
ABCB9,-0.23749171301709993
ABCC1,1.0195405467783036
ABCC10,-0.09948177160130545
ABCC11,-0.3355811949094545
ABCC12,0.45723235645158455
ABCC2,0.49840752355717743
ABCC3,-0.44669209700473167
ABCC4,-0.11025972644732107
ABCC5,-0.11761739088498357
ABCC8,-0.1538636651448566
ABCC9,0.19959254203330978
ABCD1,0.016895083313495984
ABCD2,0.23821139424492
ABCD3,-0.05118011254558308
ABCD4,-0.03690946928431327
ABCE1,0.07045574614124828
ABCF2,-0.22658285277518075
ABCF2-H2BK1,-0.22524104012013346
ABCF3,0.20317497110148075
ABCG1,0.04156762735615882
ABCG2,-0.5890495530106865
ABCG4,0.3187291275029019
ABCG5,-0.5320476907378624
ABCG8,-0.3132221190971094
ABHD1,-0.7511309781098636
ABHD10,-0.4585025099820852
ABHD11,0.05409695754381927
ABHD12,0.05295881509820566
ABHD12B,-0.4384812226247041
ABHD13,0.0065565059466505815
ABHD14A,-0.15607461061862982
ABHD14A-ACY1,-0.07105449897810567
ABHD14B,-0.05675878208183782
ABHD15,-0.17729199103789917
ABHD16B,-0.05039607611824781
ABHD17A,0.00526563474660291
ABHD17B,-0.04942824540983182
ABHD17C,0.083740286315105
ABHD18,-0.01627495412119817
ABHD2,0.11200979146117263
ABHD3,-0.1150189018939125
ABHD4,0.14715223365805352
ABHD5,-0.1903894785275746
ABHD6,0.06646508960817687
ABHD8,-0.0718216703607939
ABI1,0.22004390359830062
ABI2,-0.2835794886782055
ABI3,-1.169296312292197
ABI3BP,-0.35132290019792967
ABITRAM,-0.05179135722219552
ABL1,-0.0642841783805217
ABL2,-0.2399761915559009
ABLIM1,-0.6218672330754025
ABLIM2,0.0
ABLIM3,0.3678397996403251
ABO,-0.3297765217112776
ABR,0.00972667004792882
ABRA,-0.2536036522254401
ABRACL,0.024048654421382487
ABRAXAS1,-0.5434244447459197
ABRAXAS2,-0.35822314883824413
ABT1,0.6150319730128544
ABTB1,-0.3078134439672029
ABTB2,0.9377413005483661
ABTB3,0.6521512905040914
ACAA1,-0.053925856879714296
ACAA2,0.05778917641671644
ACACA,0.13912061156221478
ACACB,0.06715976491714881
ACAD10,-0.3862878173976445
ACAD11,-0.21742415557366535
ACAD8,-0.22650942156118603
ACAD9,0.056461105629747266
ACADL,-1.1042761804714574
ACADM,-0.15115111696861794
ACADS,-0.5046886985444711
ACADSB,-0.2481855207417798
ACADVL,0.14647680530226426
ACAN,0.08902201608303573
ACAP1,-0.1097748840168542
ACAP2,-0.04542508783835153
ACAP3,0.009931885759285386
ACAT1,-0.17784621999047556
ACAT2,-0.19742173478698266
ACBD3,0.10151666927019498
ACBD4,0.2178830832730032
ACBD5,0.018670120181027983
ACBD6,-0.3242938568978264
ACBD7,0.19526237764442844
ACCS,0.08746984748814235
ACCSL,-0.39082543514838464
ACD,0.07100091907754891
ACE,0.14025351950499035
ACE2,0.5710123277665304
ACER1,0.7490356108098915
ACER2,0.09689593072810743
ACER3,-0.16034834197671355
ACHE,-0.6297836545020739
ACIN1,-0.2352853349910804
ACKR1,0.2024479566473083
ACKR2,0.06656583919778214
ACKR3,-0.4888676325472322
ACKR4,-0.4947394116117676
ACLY,-0.11714193750648283
ACMSD,0.04097637542430732
ACO1,-0.31447393947400215
ACO2,0.16449156986135094
ACOD1,-0.26141724889129886
ACOT1,-0.01894743803211546
ACOT11,1.0487837670950664
ACOT12,0.1951333396116035
ACOT13,0.25768636771803166
ACOT2,-0.05007658028384121
ACOT4,0.2982166095093741
ACOT6,0.4785537299278371
ACOT7,-0.0646884701981767
ACOT8,-0.3346101637828136
ACOT9,-0.1042807202536048
ACOX1,0.17536921469383415
ACOX2,0.22909098481166873
ACOX3,0.09532637119187681
ACOXL,0.49536775120948157
ACP1,0.03185406153497983
ACP2,-0.10636107930989214
ACP3,0.32091521686991764
ACP4,-0.09695395346703663
ACP5,0.5914415802935258
ACP6,-0.04241407067935832
ACP7,-0.3422611881363582
ACR,0.9243156868828245
ACRBP,-0.05664736329749209
ACRV1,-0.17434632515927517
ACSBG1,-0.9252183686739051
ACSBG2,0.28313534889183223
ACSF2,-0.19211163759493166
ACSF3,0.28548155834106614
ACSL1,-0.08294526197050445
ACSL3,0.2739576282064591
ACSL4,0.18066380076943211
ACSL5,-0.27922417812885714
ACSL6,-0.06526974726504893
ACSM1,-1.708213959971261
ACSM3,0.37503424766411086
ACSM4,-0.4090093964592971
ACSM5,-0.3080884203444514
ACSM6,0.0
ACSS1,0.09721079165969337
ACSS2,0.24473389718893013
ACSS3,-2.1484783851333322
ACTA1,0.15851020823822226
ACTA2,0.035275392405621275
ACTB,0.42169585139240073
ACTBL2,0.04925992620977593
ACTC1,0.6082780433715883
ACTG1,0.3995897477866414
ACTG2,-0.2775280574165058
ACTL10,-0.0008817552416964247
ACTL6A,-0.14660107615929263
ACTL6B,-1.1805278251499263
ACTL7A,-0.08193519875122457
ACTL7B,0.28498099711798974
ACTL8,0.6013032639471729
ACTL9,0.4184020781419471
ACTMAP,-0.037690320569346625
ACTN1,0.30423827589645147
ACTN2,0.5552444131107528
ACTN3,-0.10609946344133814
ACTN4,0.15924372336775727
ACTR10,-0.42217701616394443
ACTR1A,-0.022899007965672347
ACTR1B,0.3370359370557834
ACTR2,0.07731990032782132
ACTR3,0.13767251165133665
ACTR3B,-0.03388100899798596
ACTR3C,-0.03883155555612827
ACTR5,-0.2636173170191851
ACTR6,-0.23468656482094996
ACTR8,-0.13528569078395858
ACTRT1,-1.3776534015796926e-06
ACTRT2,0.2997240234883012
ACTRT3,-0.22616510667444206
ACVR1,-0.1298081098664614
ACVR1B,-0.22915469427163448
ACVR1C,0.06911421392453532
ACVR2A,-0.9703613180678058
ACVR2B,-0.32576962733991577
ACVRL1,0.2025293003850025
ACY1,-0.04956313175387095
ACY3,-0.047042755005939796
ACYP1,-0.10756552588488155
ACYP2,-0.03917707685113481
ADA,-0.1521035472898884
ADA2,0.5611777232558226
ADAD1,-0.74566545149871
ADAD2,-0.4600818657431208
ADAM10,-0.18173276180789522
ADAM11,0.07773623794145385
ADAM12,0.5483022170777614
ADAM15,0.018770318866755176
ADAM17,0.2212086321879001
ADAM19,0.7236392094075415
ADAM20,0.10346268793968427
ADAM21,-0.842296375554483
ADAM22,-0.1780940697759248
ADAM23,0.04399678133306484
ADAM28,-0.8067727472561729
ADAM29,0.5853516387011557
ADAM30,-0.1662124645033668
ADAM33,0.16612964416145484
ADAM7,0.4203587463341274
ADAM8,-0.12480964465853583
ADAM9,0.052860318645948645
ADAMDEC1,1.2727563124110246
ADAMTS1,-0.36307414741272825
ADAMTS10,-0.6030356020451
ADAMTS13,-0.16334196036672244
ADAMTS14,-0.25752164485769513
ADAMTS15,-0.848376187179406
ADAMTS16,0.38894434381999443
ADAMTS17,-0.7424195188707461
ADAMTS18,0.5360055184975665
ADAMTS19,-0.6035740780706372
ADAMTS2,-1.082441847710669e-06
ADAMTS20,-0.13179270442628743
ADAMTS3,0.027355275338210028
ADAMTS4,-0.10714602740739676
ADAMTS5,-0.6645737619734251
ADAMTS6,-0.03929184065977509
ADAMTS7,0.8086886898801209
ADAMTS8,0.5501606117501479
ADAMTS9,-0.40969716489102215
ADAMTSL1,0.8525625088896265
ADAMTSL2,-0.9076790055450612
ADAMTSL3,-0.4161713540164659
ADAMTSL4,0.06723024174801129
ADAMTSL5,0.1880212247219918
ADAP1,-0.12757327706018295
ADAP2,-0.28855978535501503
ADAR,0.13378780898949927
ADARB1,-0.002015888972559887
ADARB2,-0.4786285509512025
ADAT1,0.1713937116009019
ADAT2,-0.04183624239200956
ADAT3,-0.009017630560960388
ADCK1,0.1624746984627663
ADCK2,-0.19276204365764116
ADCK5,-0.11070134406576182
ADCY1,0.07023995289452134
ADCY10,-0.4017555899649589
ADCY2,0.6208409162986004
ADCY3,-0.18561647648993063
ADCY4,-0.2323825297777955
ADCY5,0.5142607384909513
ADCY6,0.044926005330049035
ADCY7,-0.6170673156424258
ADCY8,0.8776658069409627
ADCY9,0.24920328335512715
ADCYAP1,-0.8560560802408345
ADCYAP1R1,-0.27915654367494724
ADD1,0.13828816953829248
ADD2,-0.9279252984630508
ADD3,-0.25339742235001994
ADGB,-0.74544697943705
ADGRA1,0.5038710359817444
ADGRA2,-0.3786142282151417
ADGRA3,-0.3305431901364577
ADGRB1,-0.06968398704361967
ADGRB2,0.11540408664966784
ADGRB3,0.6908269920578484
ADGRD1,-1.3957883854977406
ADGRD2,0.36599911604876434
ADGRE1,-0.9790235313286559
ADGRE2,1.4831044837337926
ADGRE3,-0.11397576521812658
ADGRE5,0.005712554275112858
ADGRF1,-0.7667724688134903
ADGRF3,-0.2223700689946142
ADGRF4,-0.7167679411892611
ADGRF5,-1.373151615956457
ADGRG1,0.8539850695477531
ADGRG2,-1.493032267768767
ADGRG3,0.21961500363366593
ADGRG4,0.5562005175470004
ADGRG5,1.019149952406511
ADGRG6,0.31331431456309106
ADGRG7,0.25740749020549886
ADGRL1,0.40793624498454806
ADGRL2,1.3776534015796926e-06
ADGRL3,1.145178013733237
ADGRL4,-0.510771846950788
ADGRV1,-0.35593462056551717
ADH1A,0.5430648651739427
ADH1B,-1.8315816087891061
ADH1C,-0.04684872088207204
ADH4,0.26020601937276977
ADH5,-0.26002661595910403
ADH6,-0.7938341538245235
ADH7,-0.2630955346377989
ADHFE1,-0.3501649206977775
ADI1,-0.056468134696924466
ADIG,0.4011925879991063
ADIPOQ,-0.42290245657530956
ADIPOR1,0.02791950910102292
ADIPOR2,0.016993156743050797
ADIRF,0.6510197587106115
ADISSP,-0.06630680127973143
ADK,-0.09343530464970051
ADM,0.08895374052143917
ADM2,-0.03334573810637309
ADM5,0.7385428358052448
ADNP,-0.08153087964457928
ADNP2,-0.31957771684287106
ADO,0.7399123971992041
ADORA1,-0.17393919106527478
ADORA2A,0.3709530618925678
ADORA2B,0.25204191089212163
ADORA3,1.138567173085081
ADPGK,-0.06627930602411336
ADPRH,0.05388447461373147
ADPRHL1,-1.2836029736546999
ADPRM,-0.3135587045812782
ADPRS,-0.1861766434120362
ADRA1A,0.57493219309917
ADRA1B,0.5416334797669011
ADRA1D,0.07632306427220814
ADRA2A,0.6156974355936843
ADRA2B,0.6224497544138327
ADRA2C,-0.901453925404001
ADRB1,0.8066496389438297
ADRB2,0.36533585368399524
ADRB3,0.4605426946716811
ADRM1,-0.1706289870115958
ADSL,-0.17337827792513316
ADSS1,-0.020473785186424065
ADSS2,-0.02438859871796417
ADTRP,0.12932052101223768
AEBP1,0.11628414680529464
AEBP2,0.05291714690268212
AEN,0.5002088052422469
AFAP1,-0.08183504878498506
AFAP1L1,-0.5060564144410465
AFAP1L2,0.06458034866767459
AFDN,-0.42752324018409155
AFF1,-0.1409261985651744
AFF2,0.46643235783396175
AFF3,-0.01495797285770517
AFF4,0.02903982923744408
AFG1L,0.3970926764529885
AFG2A,-0.43549446709522766
AFG2B,-0.14114862089017777
AFG3L2,-0.1418092754661764
AFM,0.13521609899530018
AFMID,0.3555807523510577
AFP,-0.4435784681157813
AFTPH,0.19940743555080598
AGA,-0.1352900620412889
AGAP1,0.9186969312482383
AGAP2,-0.20042401959107492
AGAP3,0.12339267617748773
AGAP4,0.978163624006966
AGAP5,0.595970766632411
AGAP6,-0.31091199634893973
AGBL1,-0.6257808128314386
AGBL2,-0.5753952109495266
AGBL3,-0.12052583076236667
AGBL4,-0.4365171469184448
AGBL5,-0.634854863998779
AGFG1,-0.047879145359328135
AGFG2,0.03315694196907337
AGGF1,0.09456407901426722
AGK,0.44734441069428055
AGL,-0.3420230322396418
AGMAT,-1.0988444373211586
AGMO,-1.403078147739051
AGO1,0.1626123530814717
AGO2,0.4153718562014648
AGO3,0.0600233045909091
AGO4,-0.18781378629845796
AGPAT2,0.03998318488784536
AGPAT3,-0.2553834006673874
AGPAT4,0.2508690638443287
AGPAT5,-0.2559766102877967
AGPS,-0.046244340535625206
AGR2,0.21097784107955042
AGR3,1.4245479058452695
AGRN,0.30248573411790236
AGRP,0.3260673096887632
AGT,-0.6157306090614719
AGTPBP1,-0.44476014003463815
AGTR1,-0.0653549853685309
AGTR2,-0.11766044758810468
AGTRAP,-0.6327450083308022
AGXT,0.7867092515915932
AGXT2,0.31769642372798534
AHCTF1,-0.22508190293997288
AHCY,-0.0770588251153993
AHCYL1,0.14157728122076563
AHCYL2,-0.05298378367000689
AHDC1,-0.19695385352155048
AHI1,0.17341128691346253
AHNAK,0.05745074257040361
AHNAK2,-0.14513874669723537
AHR,-0.21583563395931993
AHRR,-0.4253909416621034
AHSA1,-0.1274620101832955
AHSG,0.15922692921177062
AHSP,0.7559539971301887
AICDA,-0.24724807794500792
AIDA,-0.07034610302769373
AIF1L,0.2465190207245897
AIFM1,0.17767694254369548
AIFM2,0.09790469764497105
AIFM3,0.723230461369508
AIG1,-0.09739653039248886
AIM2,-0.8182526776600962
AIMP1,-0.09176684422590586
AIMP2,0.07504822338287997
AIP,0.1920014263918377
AIPL1,-0.39749653253171147
AIRE,0.3859210748923314
AIRIM,-0.2824558249860951
AJAP1,0.32074446861880107
AJM1,0.15558277379592056
AJUBA,0.22303874665142942
AK1,-0.955144464268709
AK2,-0.27055781271531354
AK3,-0.0855405847774886
AK4,-0.07319877568760802
AK4P3,-0.49544109462955044
AK5,-0.13151112558879996
AK7,-0.29481765166660523
AK8,-0.49033325770005365
AK9,-0.06599257734074948
AKAIN1,0.7901319343765398
AKAP1,-0.08876523602963537
AKAP10,0.06141774270535372
AKAP11,-0.013950480342817428
AKAP12,-0.24878939933594846
AKAP13,0.1665967309385774
AKAP14,0.09197962214196087
AKAP3,-0.12003392369275367
AKAP4,0.9859133067123473
AKAP5,0.08375961619612715
AKAP6,-0.1865580012858512
AKAP7,-0.029521098799778045
AKAP8,0.1873871563615861
AKAP8L,0.06683137665330108
AKAP9,-0.31339332212593574
AKIP1,-0.03429342628891563
AKIRIN1,0.14601845817822134
AKIRIN2,0.19016846579568458
AKNA,-0.27715035394612175
AKNAD1,-0.23581772124052947
AKR1A1,-0.12155131614444104
AKR1B1,0.38134413785176813
AKR1B10,-0.1811424418598635
AKR1B15,0.4666266031513029
AKR1C1,-0.3543777243609305
AKR1C2,1.574601906694114
AKR1C3,0.650043842454048
AKR1C4,-0.499814218222562
AKR1C8,0.3771545470523432
AKR1D1,0.13392826179633932
AKR7A2,9.357481237248777e-05
AKR7A3,0.09888625287089291
AKR7L,-0.694567041357796
AKT1,0.05592570385976581
AKT1S1,-0.15011229253038394
AKT2,0.08948402220146168
AKT3,0.7474614823914307
AKTIP,-0.04591125108061611
ALAD,0.07175554437530485
ALAS1,0.05895804041736907
ALB,0.5277515182571682
ALCAM,0.6182093312465531
ALDH16A1,-0.06014898461688567
ALDH18A1,-0.35315165488972866
ALDH1A1,0.5300920124505073
ALDH1A2,-0.13394273595867312
ALDH1A3,0.36973153944416026
ALDH1B1,0.5818270469411875
ALDH1L1,0.7780727772744347
ALDH1L2,-0.11717066049999181
ALDH2,-0.2827023010743859
ALDH3A1,1.2530088520690978
ALDH3A2,0.18564715999129433
ALDH3B1,-0.20858947231789057
ALDH3B2,-2.1529981976922015
ALDH4A1,-0.05369153457709208
ALDH5A1,-0.2244356695111318
ALDH6A1,-0.1182535393427413
ALDH7A1,-0.7668433283643254
ALDH8A1,0.35765942172899035
ALDH9A1,-0.24723572683217698
ALDOA,0.21351169311392582
ALDOB,0.242092979541207
ALDOC,0.11263122044688245
ALG1,-1.2484374212275735
ALG10,0.0013487800362841362
ALG10B,0.6840287038267778
ALG11,0.46386481090356035
ALG12,0.3367217374103273
ALG13,0.2948488064923107
ALG14,0.08071563350703093
ALG1L2,-0.10925727207769276
ALG2,0.21173006312058273
ALG3,-0.10879820113325023
ALG5,-0.22913899996623321
ALG6,-0.23235903696077242
ALG8,-0.3789431212187022
ALG9,-0.3488265726125368
ALK,-0.35835039596365004
ALKAL1,-0.9459962888259291
ALKAL2,0.3940936153980732
ALKBH1,-0.35277763742569546
ALKBH2,-0.13230747193661951
ALKBH3,-0.160218040628763
ALKBH4,0.030788632933314908
ALKBH5,0.2005776038666136
ALKBH6,-0.07398431335253353
ALKBH7,0.024017371635606466
ALKBH8,0.10240176013749114
ALLC,0.18398670895821656
ALMS1,-0.14466791252209
ALOX12,0.16512354304895704
ALOX12B,-0.8658954347347779
ALOX15,-0.17997375870263044
ALOX15B,0.7454789408223123
ALOX5AP,0.24708641264274195
ALOXE3,0.1644751811727012
ALPG,0.23295038304668003
ALPI,-0.5542435722265523
ALPK1,0.21423276481690756
ALPK2,0.3047487106248914
ALPK3,-0.4775591046110199
ALPL,-0.17808322679536936
ALPP,-0.055059009368285894
ALS2,-0.12551344231786343
ALS2CL,0.1852347378067113
ALX1,-0.7481712775332807
ALX3,0.0002557872196193578
ALX4,-0.05165360602451963
ALYREF,0.03761382623714837
AMACR,-0.0755226901559014
AMBN,0.5167624132348307
AMBP,0.23887909342116098
AMBRA1,-0.1467506046434517
AMD1,-0.0948492083814303
AMDHD1,0.03671975184889398
AMDHD2,0.5416156414053357
AMELX,-0.38939440558733507
AMELY,-0.04001266048247776
AMER1,0.37021666136718157
AMER2,-0.4100430179564798
AMER3,-0.4315403292563902
AMFR,-0.418854142110209
AMH,0.007802195515466348
AMHR2,-0.8278928412636186
AMIGO1,-1.038028042829394
AMIGO2,-0.008939601190024238
AMIGO3,-0.2102789307139008
AMMECR1,0.37534886193975137
AMMECR1L,0.2508163960882892
AMN,-0.36956864392818506
AMN1,0.20236558684002048
AMOT,-6.674682864193926e-07
AMOTL1,0.053311857155018294
AMOTL2,-0.9166281479788883
AMPD1,0.6479903339902441
AMPD2,0.9998768645386298
AMPD3,-0.413418047284639
AMPH,-0.2249643648866273
AMT,0.14022832648913752
AMTN,-1.4560081148973627
AMY2A,-0.9859119901992819
AMY2B,-0.7167682268465994
AMZ1,0.8820208383975932
AMZ2,-0.0995939357296951
ANAPC1,-0.15857694924159116
ANAPC10,0.07706042593000806
ANAPC11,0.024915132367201664
ANAPC13,-0.06292060852716741
ANAPC15,-0.12829242958919274
ANAPC16,0.09111598489778006
ANAPC2,0.1369183952881512
ANAPC4,-0.45304378660963973
ANAPC5,-0.06704086007603838
ANAPC7,-0.10579947681770197
ANG,0.06774493482956956
ANGEL1,0.3956077396239738
ANGEL2,-0.007233150239244424
ANGPT1,0.4885664148881959
ANGPT2,0.1355942644475574
ANGPT4,0.14088983650070863
ANGPTL1,-0.1550479854558129
ANGPTL2,0.3095964742152818
ANGPTL3,-0.29976221158329164
ANGPTL4,1.211242973166529
ANGPTL5,-0.4045466642792368
ANGPTL6,-0.2125355803934584
ANGPTL7,-0.4150852943175088
ANGPTL8,0.31195020091064224
ANHX,0.02132542879826982
ANK1,0.4949752789562156
ANK2,0.23610805324155315
ANK3,-0.761410971179943
ANKAR,-0.7093000816472328
ANKDD1A,-0.008765197267436048
ANKDD1B,1.1334265157417587
ANKEF1,-1.2877794046671829
ANKFN1,0.3540860107587225
ANKFY1,-0.2671144328978827
ANKH,-0.14547472823599028
ANKHD1,-0.12783608000925462
ANKHD1-EIF4EBP3,-0.12792379225377015
ANKIB1,-0.18196044032197278
ANKK1,0.5060596920255056
ANKLE1,0.12154072752189737
ANKLE2,0.29516240929889204
ANKMY1,0.14645824138027708
ANKMY2,0.05115149191185875
ANKRA2,0.1393705354554604
ANKRD1,-0.4945024046990507
ANKRD10,-0.19808267296978954
ANKRD11,0.09727140515119181
ANKRD12,0.2914489744050446
ANKRD13A,-0.14481777088626568
ANKRD13B,-0.048056770283108285
ANKRD13C,-0.007200887097449815
ANKRD13D,0.018631485256062952
ANKRD16,-0.12883405729499664
ANKRD17,-0.12250319136402954
ANKRD18A,-0.20108041304043356
ANKRD18B,-0.09635167075518858
ANKRD2,-0.09888839675143113
ANKRD20A1,0.3671973482752615
ANKRD22,-0.12004309249674239
ANKRD23,-0.03960147301807915
ANKRD24,0.126156771492699
ANKRD26,0.32901013363486875
ANKRD27,-0.3017156906273244
ANKRD28,-0.46911995922102
ANKRD29,-0.2978773381553821
ANKRD30A,-0.37942661052195703
ANKRD30BL,0.6265622126835351
ANKRD31,-0.08937666443213743
ANKRD33,-0.12008444583189247
ANKRD33B,0.3991665766349408
ANKRD34A,0.03776514173935519
ANKRD34B,-1.3021990757225086
ANKRD35,0.2218161840029288
ANKRD36,-0.11482321564794029
ANKRD36B,0.4520316902341701
ANKRD36C,0.1768903043422383
ANKRD37,0.23081193652988397
ANKRD39,-0.035263370757310675
ANKRD40,-0.23979697266118016
ANKRD40CL,-0.9928724841557307
ANKRD42,-0.07218299087019986
ANKRD44,-0.14506375172748776
ANKRD45,0.21059704472735905
ANKRD46,0.11477766718216342
ANKRD49,-0.25120289614317404
ANKRD50,-0.7819305301167403
ANKRD52,-0.11973334811366021
ANKRD53,0.32504198496728787
ANKRD54,0.12194660239320054
ANKRD55,0.7982697797141922
ANKRD6,-0.19808536651522468
ANKRD60,0.4400768619289742
ANKRD61,-0.019829458314324866
ANKRD62,-0.6362293777732775
ANKRD63,1.1318914463967893
ANKRD65,-0.05837779476017868
ANKRD66,0.7362151907221905
ANKRD7,-0.910798387509415
ANKRD9,0.19049840134826201
ANKS1A,0.001749016477899712
ANKS1B,0.46198924550592557
ANKS3,-0.07934460398999477
ANKS4B,0.01481290383180145
ANKS6,-0.9566379700584333
ANKUB1,0.09888958139249748
ANKZF1,0.056104585991138656
ANLN,0.23768934051861113
ANO1,-0.5372894952366353
ANO10,-0.18038937187195847
ANO2,-0.5413030230845226
ANO3,0.26817592484869435
ANO4,-0.7378977580001864
ANO6,-0.09578654125574992
ANO7,0.11646361827086138
ANO8,-0.19701442369179123
ANO9,0.1994396390232116
ANOS1,-0.3877456111853417
ANP32A,0.007478872906986567
ANP32B,0.06686754220896685
ANP32D,-0.7319308416433437
ANP32E,-0.08663062145543954
ANPEP,0.6216052010442883
ANTKMT,0.5610425109186186
ANTXR1,0.15756884704929336
ANTXR2,-0.07386591086452432
ANTXRL,-0.30130599761687193
ANXA1,0.7282456242078622
ANXA10,1.0054333481359938
ANXA11,0.6922612161379957
ANXA13,0.4376957052189512
ANXA2,0.5619802386844006
ANXA2R,-0.13210294528335575
ANXA3,-1.452289679225598
ANXA4,-0.019494262187128797
ANXA5,0.4445765369353367
ANXA6,0.15129574239899135
ANXA7,0.3139983761748919
ANXA8,1.1275360359092548
ANXA8L1,1.1808456923390054e-06
ANXA9,0.49987141667975443
AOAH,0.17219723900446732
AOC1,-0.15840259027134107
AOC2,0.927494636674802
AOC3,-0.20650858417444673
AOPEP,-0.14470038601786284
AOX1,-0.3270831960833265
AP1AR,-0.043222773244158574
AP1B1,-0.15070100793678698
AP1G1,0.001598352997367769
AP1G2,-0.1714850184173744
AP1M1,0.045520169160714996
AP1M2,-0.05650566279303826
AP1S1,-0.2779129445554669
AP1S2,0.014758607533211121
AP1S3,0.0678640159231183
AP2A1,-0.0344769105809144
AP2A2,-0.16116562981338522
AP2B1,-0.23722320576760003
AP2M1,0.09037220509804955
AP2S1,-0.22585903041603617
AP3B1,0.03294319169911608
AP3B2,0.35138204291993047
AP3D1,0.08939966134322219
AP3M1,-0.09776862943258813
AP3M2,-0.05154220966008616
AP3S1,0.09282149640110848
AP3S2,0.10222712786096322
AP4B1,-0.294913321610454
AP4E1,-0.018907485404368707
AP4M1,0.23040376021492381
AP4S1,-0.08175469459931506
AP5B1,0.11130952083415213
AP5M1,0.0025673476942813522
AP5S1,0.25296777310595564
AP5Z1,0.06907428119906456
APAF1,-0.15620656841319303
APBA1,-0.1572742889575499
APBA2,-2.2607920281688068
APBA3,0.26166548219177255
APBB1,-0.466095704179078
APBB1IP,-0.5982869959919976
APBB2,0.3612080434268221
APBB3,0.5160069230419655
APC,-0.17578126681986506
APC2,0.07976307092126955
APCDD1,0.30875649249992776
APCDD1L,0.38244585067976034
APCS,0.7918695873318331
APEH,-0.1231280727390569
APELA,-0.7167699725251797
APEX1,0.0259886370582203
APEX2,0.2633206598639828
APH1A,0.06757669855034587
APH1B,-0.4880152966762301
API5,-0.06746398279454091
APIP,-0.11390553468013742
APLF,-0.09063553154075699
APLN,-1.13506202299615
APLNR,0.3159445403777228
APLP1,-0.24989280507893108
APLP2,0.42146148573157616
APMAP,-0.029776616457786176
APOA1,-0.21977968407952808
APOA2,-0.2378573350796297
APOA4,0.30995963079831623
APOA5,-0.08470888375372287
APOB,-0.2167020061864086
APOBEC1,-0.5259452210538379
APOBEC2,0.2517024087889692
APOBEC3A,0.7893930683254644
APOBEC3B,0.4023739658100922
APOBEC3C,-0.25704432326139104
APOBEC3D,-0.09670730302405506
APOBEC3F,-0.03093953172329278
APOBEC3G,0.5750162350316306
APOBEC3H,0.20372415200110883
APOBEC4,-1.4229297543828139
APOBR,-0.1081760053172065
APOC1,-0.621003250833835
APOC2,-0.0796432947442286
APOC3,-0.04338425451298056
APOC4,0.7429471187816244
APOC4-APOC2,0.7429474965544578
APOD,1.4305646535521297
APOE,0.6764552081531783
APOF,0.18285917743197916
APOH,-0.9838497631368341
APOL1,0.36501583257686687
APOL2,0.2988819829926159
APOL3,0.0995369003890465
APOL4,-0.2855909663795769
APOL6,0.00841622923916674
APOLD1,-0.029296867948459315
APOO,0.2172571254880049
APOOL,0.385625797778141
APP,-0.48997332272648403
APPBP2,-0.19553616758373682
APPL1,-0.12203423706926664
APPL2,-0.5778090100106907
APRT,0.45193653187386484
APTX,0.05441703569631784
AQP1,-0.49583543932319685
AQP10,-0.4985616069456631
AQP11,-0.2765442653461214
AQP12A,1.1275351615275668
AQP12B,0.5216199350724267
AQP2,-0.19746332681355222
AQP3,-0.3447781052007679
AQP4,0.4388434403532954
AQP5,-0.7935659153291084
AQP6,-0.31133073371039144
AQP7,-0.740046580324119
AQP7B,0.2942251301673865
AQP8,-0.646954185904229
AQP9,0.38584213912962473
AQR,-0.1916219072031735
AR,0.2945434665105302
ARAF,0.2890355984585802
ARAP1,-0.01680816933231677
ARAP2,0.5359833610459139
ARAP3,-0.0427624935204749
ARB2A,-0.4747193955268423
ARC,-0.38247416732839734
ARCN1,-0.038250494019557824
AREG,0.4967795893025443
AREL1,-0.20569379289168177
ARF1,-0.005208702299306367
ARF3,0.142633969337135
ARF4,0.18939960960314384
ARF5,0.23527650455489768
ARF6,0.21676897968198272
ARFGAP1,-0.026824522712476373
ARFGAP2,0.008112004243110427
ARFGAP3,0.30035322270772546
ARFGEF1,-0.1190451764248115
ARFGEF2,-0.20259664258287025
ARFGEF3,-0.7911451269216447
ARFIP1,-0.14867699466615658
ARFIP2,-0.16146343400454288
ARFRP1,0.09703026624569322
ARG1,-1.4999599067408627
ARG2,-0.18950634730093285
ARGFX,0.6716914697113097
ARGLU1,-0.05422499718317564
ARHGAP1,-0.17066555433499442
ARHGAP10,-0.07725001651416541
ARHGAP12,-0.4225332291094088
ARHGAP15,-0.016614243509480944
ARHGAP17,0.18562936240373418
ARHGAP18,-0.5590618142935688
ARHGAP19,0.22819477448089298
ARHGAP19-SLIT1,0.2294357111791161
ARHGAP20,-0.4310159023220618
ARHGAP21,-0.11748766178440961
ARHGAP22,-0.10908079309521324
ARHGAP24,-0.15080359187836967
ARHGAP25,0.09316873682793858
ARHGAP26,0.3554705242531915
ARHGAP28,0.4467344970808722
ARHGAP29,-0.3310641296110015
ARHGAP30,0.06611414014846506
ARHGAP31,0.04637128112441413
ARHGAP32,0.232984049285895
ARHGAP33,-0.11534866148276368
ARHGAP35,0.12404457424495163
ARHGAP36,-1.2142047585759541
ARHGAP4,0.07646098148003544
ARHGAP40,-0.7260113441087465
ARHGAP42,-0.36932637162960424
ARHGAP44,-0.356227150517469
ARHGAP45,0.16843630493413597
ARHGAP5,-0.02501296802418551
ARHGAP6,-0.396863829920135
ARHGAP8,-0.06595780280165164
ARHGAP9,-0.027401292063113925
ARHGDIA,0.032964615388531016
ARHGDIB,-0.12997729955004544
ARHGDIG,0.47451272108203024
ARHGEF1,-0.053046762016009996
ARHGEF10L,-0.8229325058519987
ARHGEF11,0.38389026522820197
ARHGEF12,0.023739071150944202
ARHGEF15,-0.15082688310759162
ARHGEF16,-0.33401483105329977
ARHGEF17,-0.311343723400058
ARHGEF18,0.561044892027429
ARHGEF19,0.129087151279086
ARHGEF2,-0.2009741353401402
ARHGEF25,-0.28100387737658195
ARHGEF28,0.12674034226945835
ARHGEF3,0.10227429540269561
ARHGEF33,1.0351996168513318
ARHGEF37,0.03208160322461051
ARHGEF38,-0.8090077734457994
ARHGEF39,-0.6128029228048804
ARHGEF4,-1.2690191046426829
ARHGEF40,-0.9294830998131041
ARHGEF5,-0.5412347326449174
ARHGEF6,0.5116665826446818
ARHGEF7,-0.7322281211016058
ARHGEF9,0.008868825388218315
ARID1A,0.11414128372138599
ARID1B,0.42260282553056117
ARID2,0.054733335140038086
ARID3A,0.32137963821713633
ARID3B,0.19623384742764927
ARID3C,-0.4957218007548748
ARID4A,-0.1404338178967679
ARID4B,-0.05794151027848837
ARID5A,0.2058288465787559
ARID5B,0.4340232648334572
ARIH1,-0.08552278997266072
ARIH2,-0.07909502407709201
ARK2C,-0.3513849230015591
ARK2N,0.06694162263312098
ARL1,-0.041689864947612953
ARL10,0.21056938116356383
ARL11,-0.4579083129236168
ARL13A,-0.20957223689258142
ARL13B,-0.29193954015509904
ARL14,-0.11041455019788132
ARL14EP,-0.3165244206018203
ARL14EPL,-0.6530418956242814
ARL15,0.029586013168878544
ARL16,0.08179494022488853
ARL2,-0.049647630628098405
ARL2-SNX15,-0.0497343358534561
ARL2BP,-0.22952993612635453
ARL3,0.07030826885454289
ARL4A,-0.015660484142031805
ARL4C,0.1541607366764639
ARL4D,0.20797381142981541
ARL5A,0.11581546618957894
ARL5B,0.09290978189956789
ARL5C,-0.09372360376178102
ARL6,-0.15356537849788676
ARL6IP1,0.07370672550954627
ARL6IP4,-0.21418806962304915
ARL6IP5,0.09358236357576111
ARL6IP6,-0.0728299047949541
ARL8A,-0.24534831516045585
ARL8B,-0.24526517538666148
ARL9,-0.013751155623325073
ARMC1,-0.3117895488589677
ARMC10,0.045384554378303577
ARMC12,0.2019627288872763
ARMC2,0.22585038745830754
ARMC3,-0.7334405572615641
ARMC5,-0.142365690521844
ARMC6,-0.05716273791161264
ARMC7,-0.09231110494836336
ARMC8,-0.05220793063346729
ARMC9,-0.0740681408544217
ARMCX1,-0.716768501407012
ARMCX2,0.12797219950443894
ARMCX3,0.06641086022719245
ARMCX4,-0.001933529478635787
ARMCX5,0.021518066935599434
ARMCX5-GPRASP2,-1.0740088541593207
ARMCX6,-0.18815166294893215
ARMH1,-0.07691219770692825
ARMH2,-1.0248184118790147
ARMH3,-0.08709039924804252
ARMH4,-0.1424401615295059
ARMS2,0.6619427334564274
ARMT1,0.058959106903281544
ARNT,-0.007604017496362303
ARNT2,0.5657961022991904
ARPC1A,-0.0012999872209609187
ARPC1B,0.3613715130879229
ARPC2,0.13153951717996293
ARPC3,-0.2017334282279899
ARPC4,-0.09650365603490396
ARPC4-TTLL3,-0.0862626148214165
ARPC5,0.023685860597307595
ARPC5L,-0.029859172964394
ARPIN,0.14356676550523928
ARPIN-AP3S2,0.11286350713408494
ARPP19,0.28803779748674874
ARPP21,0.03607656279411975
ARR3,0.7823143254157832
ARRB1,-0.35766202334539315
ARRB2,-0.04041416508405149
ARRDC1,-0.35544991586509367
ARRDC2,0.05086214186234583
ARRDC3,0.2355642180020845
ARRDC4,0.43005482767458414
ARRDC5,0.9142514443561287
ARSA,-0.08525776582549405
ARSB,0.22252259912015848
ARSD,0.5562005175470004
ARSG,-0.15538068785822912
ARSH,-0.3087551575630463
ARSI,0.4587271714467064
ARSJ,0.40133630244402074
ARSK,0.13151529722579758
ARSL,0.887321810215826
ART1,0.16707712894882354
ART3,0.18677860418416348
ART4,-0.3049055634350629
ART5,0.8981528071251407
ARTN,0.14255638144196903
ARV1,0.056843470253656214
ARVCF,0.2338831852959365
ARX,0.6925645680838981
AS3MT,0.90493599128051
ASAH1,0.29588586415374385
ASAH2,0.31527662117421384
ASAH2B,0.3910378041739619
ASAP1,0.5780663870487288
ASAP2,1.0005268578545206
ASAP3,-0.14834476549058717
ASB1,-0.05610698847944651
ASB10,-0.08331974120087055
ASB11,1.9515383664520718
ASB12,-1.2633648494015373
ASB13,0.5971291717895548
ASB14,-0.40428517390345453
ASB15,1.0658022908982598
ASB16,-0.2239699005227207
ASB17,0.5625968174657321
ASB18,0.6113998627502879
ASB3,-0.42821881342499063
ASB4,0.16025723483364684
ASB5,-0.9107986207731096
ASB6,-0.2507091082954087
ASB7,0.10364771412098506
ASB8,0.15266389577918604
ASB9,0.7865885433120582
ASCC1,0.1358798259188485
ASCC2,-0.10309273448612899
ASCC3,0.049408714390057895
ASCL1,0.7334236605476102
ASCL2,-2.7511855868154385
ASCL3,-0.29302357716697425
ASCL4,-0.667773678649576
ASCL5,-1.1454388198132162
ASDURF,-0.18900802052215315
ASF1A,0.08608667207607557
ASF1B,0.061112881379839834
ASGR1,-0.0815512918796043
ASGR2,0.6015478639386516
ASH1L,0.08576499934829318
ASH2L,-0.28484403743018305
ASIC1,-0.3228584753143702
ASIC2,0.4420791715178962
ASIC3,0.21627466003080825
ASIC4,-0.5762503038776169
ASIP,-0.20835835196875374
ASL,-0.19660307568397428
ASNS,-0.5264056439393445
ASNSD1,-0.18557085190018796
ASPA,1.3190205276823588
ASPDH,-0.4514565064350635
ASPG,-0.3853497640125497
ASPH,0.24443166802030714
ASPHD1,-0.23803839906498336
ASPHD2,-0.27305164356258294
ASPM,-0.04326271102854218
ASPN,0.41585466184663683
ASPRV1,-0.2520335294850766
ASPSCR1,0.11630561740440948
ASRGL1,0.5536831852120963
ASS1,-0.018183953191092506
ASTE1,-0.17225944833083906
ASTL,1.1084672927573795
ASTN1,0.5971613611982821
ASTN2,-0.17570951381245647
ASXL1,0.020833156776846273
ASXL2,0.09835245959413363
ASXL3,-0.574094238891889
ASZ1,-0.0014831460106883854
ATAD1,0.5988088830899745
ATAD2,0.08536626779963807
ATAD2B,0.12785392657498562
ATAD3A,-0.11000549288737282
ATAD3B,-0.12997067915018334
ATAD3C,-0.5898719666004745
ATAD5,-0.2625311754778079
ATCAY,0.6585515387284278
ATE1,-0.1682545990739781
ATF1,-0.022706118473180936
ATF2,-0.09177794196373412
ATF3,1.5023760070906844
ATF4,0.2656080547075348
ATF5,0.05397123947694116
ATF6,-0.22631029415656023
ATF7,-0.1061523736562986
ATF7-NPFF,-0.10823563686547022
ATF7IP,0.07103961565236272
ATF7IP2,0.03843693650772516
ATG10,0.0468542864186432
ATG101,0.4590248359801281
ATG12,0.09733146921700087
ATG13,-0.0052197718005162486
ATG14,-0.06727711743483411
ATG16L1,-0.6072093607982665
ATG16L2,-0.06098340907793176
ATG2A,-0.11837589514134894
ATG2B,-0.15876478908548108
ATG3,0.07876918123914312
ATG4A,0.04480045056103732
ATG4B,-0.05845455153027235
ATG4C,-0.2356228225536332
ATG4D,0.3615185432177648
ATG5,0.025296490907645186
ATG7,0.129885917087186
ATG9A,0.056636350425518955
ATG9B,0.18559004534343904
ATIC,-0.06201709753232665
ATL1,0.33024739849230356
ATL2,0.06866347733351397
ATL3,-0.09769948167824083
ATM,0.1870022734591421
ATMIN,-0.4527080338093763
ATN1,0.09025654311791254
ATOH1,-0.10601782447528008
ATOH7,1.3071885716105764
ATOH8,-0.3251478118459694
ATOSA,-0.1828287368738772
ATOSB,0.035477641087103606
ATOX1,0.21009333758268411
ATP10A,0.10587880995994103
ATP10B,0.5560354123272044
ATP10D,-0.379464504711569
ATP11A,-0.1827905401450618
ATP11B,-0.0846769526029103
ATP11C,0.573747621739856
ATP12A,0.38501209204562
ATP13A1,-0.1038387039317854
ATP13A2,-0.025023492191330154
ATP13A3,1.5242152177852069
ATP13A4,0.0005724719449391458
ATP13A5,0.31306373529967146
ATP1A1,0.5780235472903956
ATP1A2,0.10202885803337286
ATP1A3,0.02750987817173034
ATP1A4,-0.3583321401348676
ATP1B1,0.20817327946170128
ATP1B2,-0.9151978805483582
ATP1B3,-0.2961973774086806
ATP1B4,0.9251272984975543
ATP23,-0.27683515893447197
ATP2A1,-0.03825238565710931
ATP2A2,0.19199437223656446
ATP2A3,-0.26158349927141833
ATP2B1,-0.10395067555111925
ATP2B2,-0.25143859369757804
ATP2B3,0.2564197252274182
ATP2B4,0.1408730297573877
ATP2C1,-0.1477502636392103
ATP2C2,0.30442456871820633
ATP4A,0.01474290804389733
ATP4B,-0.20555993185081278
ATP5F1A,0.027073594600012907
ATP5F1B,0.10780930763361063
ATP5F1C,-0.10689106440377838
ATP5F1D,0.4654912068484345
ATP5F1E,0.0022598808994125363
ATP5IF1,-0.186243440956686
ATP5MC1,-0.06817574289155104
ATP5MC2,-0.015688343197346022
ATP5MC3,-0.12373355513983775
ATP5ME,-0.04336454242125498
ATP5MF,-0.12717661975180805
ATP5MF-PTCD1,-0.1268882838766281
ATP5MG,-0.09059678938846805
ATP5MGL,-0.2723926582028629
ATP5MJ,-0.21757347481221911
ATP5MK,0.18001211920064009
ATP5PB,-0.1277036321640912
ATP5PD,-0.19698754759664094
ATP5PF,-0.12395529811761374
ATP5PO,-0.12118024193578236
ATP6AP1,0.1508059461721447
ATP6AP2,-0.18872699218583122
ATP6V0A1,0.6145490371700879
ATP6V0A2,-0.1120920897580433
ATP6V0A4,-0.4594859916232461
ATP6V0B,-0.05049818891699953
ATP6V0C,0.20885863939931415
ATP6V0D1,0.12546434613061086
ATP6V0D2,-1.3287708925952169
ATP6V0E1,0.05122804952052418
ATP6V0E2,-0.3229817603439442
ATP6V1A,0.29743033517738215
ATP6V1B1,0.3864116421114767
ATP6V1B2,-0.23550552595439767
ATP6V1C1,-0.07550728888326796
ATP6V1C2,0.036146211106517834
ATP6V1D,-0.20929688640203192
ATP6V1E1,-0.2277108362801874
ATP6V1E2,-0.15828281393478516
ATP6V1F,-0.07192409459905358
ATP6V1G1,-0.027293617892603095
ATP6V1H,0.17496351075097882
ATP7A,0.13358944260266026
ATP7B,0.42902853649285966
ATP8A1,-0.03002192310024121
ATP8A2,-0.2774386423441302
ATP8B1,-0.05513464043385005
ATP8B2,0.03908019204818913
ATP8B3,-0.1289589035412506
ATP8B4,-0.6204065262864598
ATP9A,-0.305474178274796
ATPAF1,0.00668613354889569
ATPAF2,-0.033448443866006095
ATPSCKMT,0.09940770820642175
ATR,0.3318752344526965
ATRAID,0.22214597872490227
ATRIP,-0.025995112917058805
ATRN,-0.49101913080356274
ATRNL1,1.2118475889195783
ATRX,-0.03514894176167882
ATXN1,0.3960380260701166
ATXN10,-0.31548042793575704
ATXN1L,0.0038758465954895627
ATXN2,-0.15816621611876513
ATXN2L,0.3524467467678223
ATXN3,-0.1820028450277107
ATXN3L,-0.8391873353466708
ATXN7,-0.20555660330323278
ATXN7L1,0.4745615443420991
ATXN7L2,-0.04114978331904329
ATXN7L3,0.10128708672896902
ATXN7L3B,0.01039072013798048
AUH,0.23799601872904264
AUNIP,0.26816022679346796
AUP1,0.07447804123900603
AURKA,-0.06842239341980161
AURKAIP1,-0.2139533375005307
AURKB,0.04412890203300135
AURKC,-0.5124685537877041
AUTS2,0.931289546535419
AVEN,0.11899793925617125
AVIL,-0.3285831132287489
AVL9,0.034859477909690906
AVP,-0.802142140723987
AVPI1,1.089735947155884
AVPR1A,0.2796613307207585
AVPR1B,-0.9775714507656283
AVPR2,0.3403777449081984
AWAT1,0.9189230808272886
AWAT2,-0.9790214547592133
AXDND1,-0.03957786833856192
AXIN1,-0.14854763720684305
AXIN2,0.14025686739802978
AXL,0.07798990838559607
AZGP1,0.2761843193115705
AZI2,0.008532801995479566
AZIN1,0.3259329616934703
AZIN2,-0.2707329960309014
B2M,-0.21530573422360266
B3GALNT1,0.5019922116820237
B3GALNT2,0.11915355877811873
B3GALT1,-0.05851976290539884
B3GALT2,0.6402364638067319
B3GALT5,0.7706215638908371
B3GALT6,0.2638897853346718
B3GALT9,-0.2465979993658185
B3GAT1,0.019838897348880113
B3GAT2,-0.07525208279307855
B3GAT3,0.1260740785367056
B3GLCT,-0.42195210373208125
B3GNT2,0.09627815671564033
B3GNT3,-0.18817974659555214
B3GNT4,-1.1529925371413512
B3GNT5,-0.45435269915346815
B3GNT6,-0.9784535499962033
B3GNT7,-0.7932968009398822
B3GNT8,0.15500560839117705
B3GNT9,0.755260772253372
B3GNTL1,0.28659667887424756
B4GALNT1,0.2604650330752043
B4GALNT2,0.7582626086202282
B4GALNT3,0.12016395991769113
B4GALNT4,0.7873267330417935
B4GALT1,0.01303189622133516
B4GALT2,-0.2774612820888276
B4GALT3,0.08582970531381529
B4GALT4,0.10626654530135626
B4GALT5,0.49913649572996066
B4GALT6,-0.3325052325117166
B4GALT7,-0.1980344251669437
B4GAT1,-0.11163671445041423
B9D1,0.09151527984644048
B9D2,0.035298392363830366
BAALC,0.18738391392118592
BAAT,1.2503087255996237
BABAM1,-0.05988289260836499
BABAM2,-0.1780814262755106
BACE1,0.6356617486108728
BACE2,-0.9999887735222085
BACH1,-0.26818327954233856
BACH2,0.874542708726082
BAD,-0.22734096679685933
BAG1,-0.11398290543546974
BAG2,0.18237900215543412
BAG3,0.40345617130819633
BAG4,-0.33811335626337513
BAG5,-0.1333228288476569
BAHCC1,0.041378543516751964
BAHD1,0.32334841206871756
BAIAP2,0.19451635942218304
BAIAP2L1,-0.24651171149259377
BAIAP2L2,0.4533994601342821
BAIAP3,0.27633240024181444
BAK1,0.09919546260511414
BAMBI,0.10908058728941272
BANF1,0.02273485328162206
BANF2,0.7836446337531686
BANK1,-0.8043013673564265
BANP,-0.1374656585503562
BAP1,-0.011451350724339449
BARD1,-0.15551741363227478
BARHL1,0.5903265565376559
BARHL2,-0.8623758956830896
BARX1,0.4244310521030308
BARX2,-0.9790230863497413
BASP1,-0.3044252061895847
BATF,0.17997530487240976
BATF2,-0.34122170059025336
BATF3,-0.09027284629488186
BAX,0.15621193540549205
BAZ1A,0.06956697721754868
BAZ1B,-0.07010128993856135
BAZ2A,0.1695579813561281
BAZ2B,-0.6415870616052298
BBC3,0.10205988482263129
BBIP1,0.07169119674711943
BBLN,-0.308719416439041
BBOF1,-0.44009806986856503
BBOX1,0.3578075798632597
BBS1,-0.34869265247823567
BBS10,-0.1098454443245509
BBS12,-0.20894024858519877
BBS2,0.46493853112072614
BBS4,-0.3106928671288762
BBS5,-0.9716623224538228
BBS7,-0.33560368270659025
BBS9,-0.9200955542886499
BBX,-0.3541960668369395
BCAM,0.17208078076776456
BCAN,-0.2949431187427993
BCAP29,-0.0809950853475212
BCAP31,0.008546279471898455
BCAR1,0.28426520836377056
BCAR3,0.05084113854352257
BCAS1,0.20057324369454754
BCAS2,0.10150152843305582
BCAS3,-0.259817139819686
BCAS4,0.03436352918375096
BCAT1,0.22197616232133566
BCAT2,-0.31079426025159673
BCCIP,0.028155492981158936
BCDIN3D,0.1853752816923726
BCHE,-0.31370599393978615
BCKDHA,0.057614024852417955
BCKDHB,-0.004192378291912213
BCKDK,-0.5057352817395377
BCL10,-0.007555598022650933
BCL11A,-0.3779398794100807
BCL11B,0.13957283148451083
BCL2,0.5528193155818621
BCL2A1,0.7251565242241282
BCL2L1,-0.12168900958644446
BCL2L10,0.09008037505338118
BCL2L11,0.2247424019475417
BCL2L12,-0.016509401734222884
BCL2L13,-0.22981261090194227
BCL2L14,-0.36872737930391486
BCL2L15,-1.504122836004285
BCL2L2,0.687197734393924
BCL2L2-PABPN1,0.49159588449136526
BCL3,0.5940962610248549
BCL6,0.4790482504255511
BCL6B,0.18205438044770528
BCL7A,0.5255337241534042
BCL7B,0.27709839820600557
BCL7C,0.060194103797416965
BCL9,1.0635357740725646
BCL9L,-0.2436857122612428
BCLAF1,-0.01794084382811789
BCLAF3,0.6017354791293938
BCO1,0.07134972621045454
BCO2,-0.39313079315320354
BCOR,0.1963417434721526
BCORL1,0.15721856524903988
BCR,0.35954032278491166
BCS1L,-0.25952911047578375
BDH1,-0.6987240996464787
BDH2,0.19836039843303838
BDKRB1,0.09597904997053974
BDKRB2,0.4253208790333506
BDNF,-0.16478559356413958
BEAN1,-0.4514029848601837
BECN1,-0.2556695692759279
BECN2,-0.17984252904434606
BEGAIN,0.3118699724745891
BEND2,0.4584678352409246
BEND3,-0.25688627721590196
BEND4,-0.06417089753246774
BEND5,0.21787226445474617
BEND6,0.3388166902850811
BEND7,-1.1206573594272524
BEST1,0.029504002358813786
BEST2,0.22612442185862802
BEST3,-0.9018213726024384
BEST4,0.004297741387352838
BET1,0.21132020855287625
BET1L,0.22051570760794625
BEX1,1.1856174324493138
BEX2,-0.5710109501131289
BEX3,-0.9107993983184843
BEX4,0.7640613750031191
BEX5,-0.2603016580600825
BFSP1,-0.1503627056705854
BFSP2,0.6245330298242202
BGLAP,0.09838442909636091
BGN,-1.902039643298941
BHLHA15,0.2623825707438996
BHLHA9,0.15522943357955343
BHLHE22,1.2686316832755697
BHLHE23,0.35575318343685086
BHLHE40,0.3458823856675908
BHLHE41,0.9598313470715425
BHMT,-0.20644923449001018
BHMT2,0.8697559238525616
BICC1,-0.37911820956959064
BICD1,-0.031510938981349934
BICD2,0.014276175867074414
BICDL1,-0.1225050046227305
BICDL2,-1.1228744453116704
BICRA,-0.09331593275300509
BICRAL,0.15437392487329982
BID,1.1623052447542452
BIK,-0.9652986888132636
BIN1,0.039675843358043306
BIN2,-0.31795109926132115
BIN3,0.4112285368474278
BIRC2,0.14112498481919822
BIRC3,0.19802650573101932
BIRC5,-0.2062437629594851
BIRC6,-0.136431080004507
BIRC7,-0.8593952532851897
BIVM,-0.1032706863461379
BIVM-ERCC5,-0.1035520473698548
BLACAT1,-0.33905012110559385
BLCAP,-0.07185980000969483
BLID,-0.40801171838055117
BLK,-0.3078507923366268
BLM,-0.04241964572883905
BLMH,-0.17898638048142823
BLNK,-0.453304294385483
BLOC1S1,0.18942235918573047
BLOC1S2,0.24586516440982242
BLOC1S3,0.09590324579344855
BLOC1S4,-0.14028357752824316
BLOC1S5,0.38282243986463227
BLOC1S5-TXNDC5,0.38099242856476545
BLOC1S6,-0.014435462222497364
BLTP1,-0.38042225381824313
BLTP2,0.042375078868500005
BLTP3A,-0.25569794592934914
BLTP3B,-0.057405681088252614
BLVRA,0.2503060774886947
BLVRB,0.4526922380326921
BLZF1,-0.03934390057426551
BMAL1,0.3721977373625007
BMAL2,-0.1666104060195801
BMF,0.4214295429195163
BMI1,0.22917353076832736
BMP1,0.8980189732645212
BMP10,-1.2051655206724698
BMP2,-0.1200799928871179
BMP2K,0.029745937085247753
BMP3,0.1825861743718309
BMP4,0.1109167362176805
BMP5,1.4091080055576675
BMP6,-0.7427385057482663
BMP7,0.0701965043188944
BMP8A,0.10128339367790506
BMP8B,-0.3735954325049333
BMPER,-0.25588859123015695
BMPR1A,-0.25342618111302295
BMPR1B,-0.8910200824045202
BMPR2,-0.1045459982338528
BMS1,-0.16478576527300826
BMX,0.9181268612721449
BNC1,-0.28724957280313257
BNC2,0.8656540359056126
BNIP1,-0.24561009016928415
BNIP2,0.007572237009230598
BNIP3,-0.15501936848880163
BNIP3L,0.3118028062470337
BNIP5,0.39404385530812425
BNIPL,-0.23162352797842936
BOC,-0.5632488624576384
BOD1,0.4307855874222377
BOD1L1,-0.1349722000087512
BOD1L2,0.12804948398812055
BOK,-0.011520814733833484
BOLA1,0.35552077318841935
BOLA2,0.5562005175470004
BOLA2-SMG1P6,0.5562005175470004
BOLA2B,0.014966965260005516
BOLA3,-0.033310808411099124
BOLL,-0.4015730547981103
BOP1,-0.028154975407560734
BORA,0.029693914116396325
BORCS5,0.13664996672216212
BORCS6,0.1159085364996093
BORCS7,-0.09640177197775701
BORCS7-ASMT,-0.09332247453966946
BORCS8,-0.2299913914584435
BORCS8-MEF2B,-0.22831863340234992
BPGM,0.21020819359217358
BPHL,0.34183781840908756
BPI,0.2666435751244758
BPIFA1,0.8650998382722928
BPIFA2,0.028902048886137233
BPIFA3,-0.5992368438323683
BPIFB1,-0.7979958403545595
BPIFB2,0.6451823209624215
BPIFB3,0.9473915851669106
BPIFB4,0.23697356013423676
BPIFB6,-0.030934178083061897
BPIFC,0.6443875081265494
BPNT1,-0.3270185239745602
BPNT2,-0.13128889771464936
BPTF,-0.020994319069071565
BPY2C,0.24262632907103043
BRAF,-0.0001379434025814419
BRAP,-0.3867386251217244
BRAT1,-0.13951526679649362
BRCA1,-0.16802028410420355
BRCA2,-0.22084206481431767
BRCC3,0.0419003629241117
BRD1,0.029952467006635786
BRD10,0.050848330248846274
BRD3,-0.1540030794744549
BRD3OS,-0.3484343771783944
BRD4,-0.026222936846520994
BRD7,0.12245872385560608
BRD8,-0.16209908671559425
BRD9,-0.2330929448199761
BRDT,-0.42172984215113907
BRF1,0.43871939464373
BRF2,-0.294035366905979
BRI3,-0.12727817800879526
BRI3BP,0.09568718670956189
BRICD5,-0.24538415085685106
BRINP1,-0.47977075860820406
BRINP2,2.229700254494985
BRINP3,-0.9962286677495685
BRIP1,-0.28323749695936673
BRIX1,-0.14549924711044504
BRK1,-0.2594989257474958
BRME1,-0.3403196488355089
BRMS1,-0.03807916368791986
BRMS1L,-0.017948160323647766
BROX,-0.0597801838879235
BRPF1,-0.1458995499356721
BRPF3,0.0008051443576078121
BRS3,0.8857926547068538
BRSK1,-0.12812122800109904
BRSK2,0.7818181647329183
BRWD1,-0.3616428713216736
BRWD3,0.25805607925806395
BSCL2,0.021607409133249433
BSDC1,-0.003985937282567242
BSG,0.3191436495908224
BSN,0.01942505212784429
BSND,-0.546852519614395
BSPH1,-0.9790220480650733
BSPRY,-0.1971677912701113
BST1,0.2463074121421091
BST2,-0.11983463289147789
BSX,0.12253211068901715
BTAF1,-0.15000032634220073
BTBD1,-0.09172904413054983
BTBD10,-0.18489854823906038
BTBD16,-0.4817132414230654
BTBD17,0.5690269257125646
BTBD18,0.6075549475066184
BTBD19,0.6655220665590251
BTBD2,0.011883990170859837
BTBD3,-0.7908478910667704
BTBD6,0.07161162420814593
BTBD8,-0.5526819091339298
BTBD9,-0.3989696903777702
BTC,-0.5749792051196999
BTD,-0.08955731023265923
BTF3,-0.033413439777005394
BTF3L4,0.07573779708665818
BTG1,-0.05511561493114936
BTG2,0.965415771862975
BTG4,0.2933974183562841
BTK,-0.06273675177662108
BTLA,-0.6328678473075826
BTN1A1,0.3792540741498365
BTN2A1,0.022304458372245595
BTN2A2,0.12456129779833525
BTN3A1,0.11932082451781234
BTN3A2,0.13136393177828198
BTN3A3,0.1142843924622925
BTNL3,-1.1817623204333287
BTNL8,-0.8369698539265187
BTNL9,-0.43287083379686986
BTRC,-0.012879646523183297
BUB1,-0.1371146840291484
BUB1B,-0.04213409635393628
BUB1B-PAK6,0.5648381005158444
BUB3,0.39517695834327604
BUD13,-0.17350592983253366
BUD23,0.1920240001551785
BUD31,-0.15717150670728763
BVES,0.036370193287584396
BYSL,-0.14284127609482322
BZW1,0.16041101573740146
BZW2,0.06148060448496029
C10orf105,-0.4697675774399396
C10orf120,-0.3625673790829329
C10orf143,-0.06047485015516596
C10orf53,-0.9634162311200074
C10orf62,-0.05565864740587312
C10orf67,0.41694595729534356
C10orf71,-0.717307164884224
C10orf88,0.06012098867512172
C10orf90,-0.3602249838699352
C10orf95,0.8405326014508105
C11orf16,0.21885350365619405
C11orf21,0.3083431389244843
C11orf24,0.22187816129838378
C11orf42,-0.010985454322276045
C11orf52,-0.10156225353855874
C11orf54,-0.16766329051592166
C11orf58,-0.06025807092665181
C11orf65,-0.03437254101819276
C11orf68,0.1415279827487863
C11orf71,0.03383634017792758
C11orf86,-0.03819872457221085
C11orf87,0.2950800081528835
C11orf91,0.5310628833699855
C11orf96,0.04924608025405963
C11orf97,1.5081537055438885
C11orf98,0.1513276800181087
C12orf42,2.0625017320313654
C12orf43,0.2793389149965262
C12orf50,-0.3806015192012002
C12orf54,0.6553806082956883
C12orf56,-0.1972927274401708
C12orf57,-0.10981371934464335
C12orf60,-0.0003242768536013685
C12orf71,0.39163788393995097
C12orf75,-0.5651271953458898
C12orf76,-0.2830176475031677
C13orf42,-0.5111085083687525
C13orf46,-0.7352426711409736
C14orf119,-0.23793324028675578
C14orf132,-0.5885272085574046
C14orf28,-0.1505254880560214
C14orf39,-0.2796521386319619
C14orf93,0.18191085805889706
C15orf39,0.4555815768137027
C15orf40,0.0247897523095304
C15orf48,0.28316441143679694
C15orf61,-0.16977328545560244
C15orf62,-0.4418179657411807
C16orf46,-0.12281520860171158
C16orf54,0.2982251304062076
C16orf74,1.4503468550046548
C16orf78,-0.9339006529232319
C16orf82,-0.874373877484546
C16orf86,-0.15786439494030446
C16orf87,0.06909388551944273
C16orf89,0.6529247566025984
C16orf90,0.9707943021604756
C16orf92,0.28637080964133527
C16orf95,0.10162363531306617
C16orf96,-0.19026289505670424
C17orf100,-0.25499861537891366
C17orf107,-0.14183736647348655
C17orf113,-1.1774587658743907
C17orf114,0.31748373144592223
C17orf49,0.05374077763713814
C17orf50,0.3075645828884932
C17orf58,-0.34114121071782133
C17orf67,0.17089591900818368
C17orf75,-0.003591782766612539
C17orf99,0.3201965617885243
C18orf21,0.005057102748292852
C18orf32,0.04378368695866097
C18orf54,0.01529413759329934
C18orf63,0.1605056491766319
C19orf12,0.1444034087568884
C19orf18,-0.0870079144399778
C19orf25,-0.035624632330850226
C19orf33,0.09413322596492013
C19orf38,-0.026222720883499306
C19orf44,-0.2514152114637982
C19orf47,-0.12564346820602124
C19orf53,0.02595547612508531
C19orf67,-0.5858510232827612
C19orf73,0.4988654114439406
C19orf81,-0.9367783383245021
C19orf84,0.11354221465388886
C19orf85,0.32558023136288694
C1D,-0.3984072623710677
C1GALT1,0.3877054229755399
C1GALT1C1,0.03795264078898164
C1GALT1C1L,0.5826871152071385
C1QA,-1.1284054003070145
C1QB,-0.17935004094951146
C1QBP,0.6673692427534118
C1QC,-0.8405125471404435
C1QL1,0.46855356280741534
C1QL2,-0.6721243686261767
C1QL3,0.8381745607114571
C1QL4,-0.497726771117715
C1QTNF1,2.625537314461615
C1QTNF12,-0.2598144117554061
C1QTNF2,0.25787774985345235
C1QTNF3,0.6873822322532005
C1QTNF3-AMACR,-1.2967199979167932
C1QTNF4,-0.40207530851000994
C1QTNF5,-0.39017108137298684
C1QTNF6,0.09723689847719008
C1QTNF7,1.383848163111441
C1QTNF8,1.047255871022756
C1QTNF9,-0.8414338003662494
C1QTNF9B,-0.2821542389456838
C1R,-0.15098140097188084
C1RL,-0.1048056972971394
C1S,-0.3788821406794207
C1orf105,-0.2377848337688777
C1orf115,-0.04906256947552845
C1orf116,-0.11839745149995662
C1orf122,-0.03406974420528375
C1orf127,-0.49277934772685583
C1orf131,-0.11191975767316897
C1orf141,-0.20218292726982773
C1orf146,0.3293052956153424
C1orf159,-0.09198576484366239
C1orf162,-1.9940537644744014
C1orf167,-0.14430621106378355
C1orf174,-0.15386498574364893
C1orf185,0.6862759622461498
C1orf198,0.12459363977044502
C1orf202,0.2796701577129119
C1orf21,-0.2748841556728552
C1orf210,-0.48856271908866256
C1orf216,-0.15787728097606157
C1orf226,-0.6183277023953184
C1orf232,-0.09206427523187521
C1orf35,0.03157177491288321
C1orf43,0.003480009281039642
C1orf50,-0.1151842647021013
C1orf52,-0.07545554542700916
C1orf53,-0.008335431284161032
C1orf54,0.06525558115850671
C1orf56,0.2097604869861911
C1orf74,-0.04813750741393408
C1orf87,0.8404424215242576
C1orf94,0.36367747048306853
C20orf141,0.3303302167317906
C20orf144,-0.0032168333665567594
C20orf173,0.5590153545232027
C20orf202,-0.3870204849685457
C20orf203,-0.4153893324987701
C20orf204,-0.2387198285934904
C20orf96,0.18251006250343793
C21orf58,-0.2274942104609483
C21orf91,-0.004119716255228667
C22orf15,-0.1850424866590601
C22orf23,-0.21624642969181407
C22orf31,0.8233662820298715
C22orf39,-0.07173930914694537
C22orf42,-0.7200705332676678
C2CD2,-0.021752912417420722
C2CD2L,0.08766962646382037
C2CD3,-0.06401492385678864
C2CD4A,-0.1202581004324863
C2CD4B,0.06460216012415139
C2CD4C,-0.6555329702735652
C2CD4D,-0.09166858765598729
C2CD5,0.009018061055079407
C2CD6,-0.18660196281475605
C2orf15,0.08883315446065643
C2orf42,-0.015428807028067482
C2orf49,-0.03842288159149998
C2orf66,-0.7221847222443678
C2orf68,-0.235517180431144
C2orf69,-0.04250999319921345
C2orf72,0.04805002637907907
C2orf74,-0.299200650543773
C2orf76,-0.15038592023717268
C2orf78,1.5715117480096015
C2orf80,-0.7189747285297212
C2orf81,-0.1346991896130767
C2orf88,0.14548902440591327
C2orf92,0.32783083891843656
C3,-0.36840097942261185
C3AR1,-0.2933392472788651
C3orf18,-0.28088312700616536
C3orf20,-0.4225454765734129
C3orf22,0.17976831865023873
C3orf33,-0.3091828550148601
C3orf38,0.14030589788824077
C3orf49,-0.12032559167395696
C3orf52,-0.29799423866535735
C3orf62,0.10788544253653631
C3orf70,-0.9819460885271736
C3orf80,-0.06873041121374168
C3orf85,-0.6177543172491875
C4BPA,-0.8980888990279985
C4BPB,1.3041336964166317
C4orf17,-0.5408515374088685
C4orf19,0.41712106928195347
C4orf3,-0.41714114222748133
C4orf33,-0.017213141961033074
C4orf36,-0.11563662063826641
C4orf46,0.15172419883061572
C4orf50,0.11947553422904722
C4orf51,-0.9399409556472527
C4orf54,1.0787638118584733
C5,-0.23412994752736704
C5AR1,0.26266654308818116
C5AR2,-0.47359180342538765
C5orf15,0.6282505965137304
C5orf22,-0.18448865996476593
C5orf24,-0.24859827395249745
C5orf34,0.003364045660598336
C5orf46,1.6452390436544364
C5orf47,0.31654070694115843
C5orf52,-0.6076349647329227
C5orf58,0.40583804189013883
C5orf63,0.22219987772127558
C6,1.2787857495133768
C6orf118,-0.1131388535738469
C6orf120,0.020487891364665778
C6orf132,-0.7958256728315392
C6orf141,0.5977122764941709
C6orf163,-0.6158865188456359
C6orf226,-0.1853006617345776
C6orf52,-0.0707406317257715
C6orf58,0.19570439614820412
C6orf62,0.39459809250873246
C6orf89,-0.034070825606812405
C7,-0.4080116670168876
C7orf25,-0.15737632011907454
C7orf33,0.5737588053143416
C7orf50,-0.5038757461964254
C7orf57,0.3630633001465177
C7orf78,0.6726965548574797
C8A,0.4623256967912306
C8B,-0.5827103094643
C8G,0.3119460223329016
C8orf33,0.18408715853085367
C8orf34,-1.6653567737532051
C8orf44-SGK3,-0.2950779525703604
C8orf48,0.30342348405864783
C8orf58,-0.043913848669181244
C8orf74,-0.9002267484146766
C8orf76,0.06526526312102243
C8orf82,0.3050955769808539
C8orf88,-0.4310166558557458
C8orf89,-0.23893232571550738
C8orf90,-0.3562807098710059
C9,0.2099986986441258
C9orf152,0.30650722490028026
C9orf153,-0.4474939045747456
C9orf40,-0.46628840489799295
C9orf43,-0.07956836536276057
C9orf50,0.4404239973989069
C9orf57,-0.5120498716867647
C9orf72,0.3937223740805482
C9orf78,0.005054968117201852
C9orf85,-0.04876732204970047
CA1,-1.7734568995079258
CA10,0.15029343026755537
CA11,-0.05259308053856904
CA12,-0.29965388226853906
CA13,-0.2983917713244191
CA14,-0.33208805328146285
CA2,-0.10054843428854188
CA3,-1.9458676392862466
CA4,0.5183837393391099
CA5A,-0.44567660801992726
CA5B,-0.7973434579255088
CA6,-0.34286238582043893
CA7,-0.08185994974355149
CA8,0.25165768666915667
CA9,1.0561547816958547
CAAP1,0.33117342981167974
CAB39,0.12743563405129965
CAB39L,0.22961293409793093
CABCOCO1,1.1207754739947398
CABIN1,0.571011442132352
CABLES1,-0.1803104289621862
CABLES2,-0.2637800642186061
CABP1,-0.3521039764042001
CABP2,0.3152134685353774
CABP4,-0.3145827485249052
CABP5,-0.09473137432121015
CABP7,-0.9681621638907347
CABS1,-1.2787866736282334
CABYR,0.09190785565846943
CACFD1,0.03140280692831254
CACHD1,0.1253051808744612
CACNA1A,-0.732949614637298
CACNA1B,0.5934607410875378
CACNA1C,-1.15845858371322
CACNA1D,-0.36690912237956347
CACNA1E,0.09733990328817832
CACNA1F,-0.5539321615619555
CACNA1G,0.41457258465819735
CACNA1H,-0.567847864508474
CACNA1I,0.5225885186010005
CACNA1S,0.12801959959559767
CACNA2D1,-0.6302686734718695
CACNA2D2,0.559985196278714
CACNA2D3,-0.3657289174123055
CACNA2D4,-0.49193214041135275
CACNB1,-0.12356851634600563
CACNB2,-0.3777007547918334
CACNB3,0.021536750983544017
CACNB4,0.3888079712624264
CACNG1,1.4314789838048476
CACNG2,-0.15166656581554916
CACNG3,-0.23851548584308602
CACNG4,-0.8538173299385918
CACNG5,0.09803420949864072
CACNG6,0.047709353267550325
CACNG7,1.1241924877819032
CACNG8,1.0438770058541063
CACTIN,-0.1290250309171661
CACUL1,-0.3323301189468997
CACYBP,-0.07641636857964151
CAD,-0.009695580075940402
CADM1,0.5925618294772907
CADM2,-1.2835845953363343
CADM3,0.3200371589997911
CADM4,0.35846277233962776
CADPS,0.5076036218519713
CADPS2,-0.5884858436300704
CAGE1,-0.10457179343369916
CALB1,-0.3957690480190488
CALB2,-0.3381227245508944
CALCA,0.7411310084200387
CALCB,-0.02741322954574299
CALCOCO1,0.12815569830309714
CALCOCO2,-0.09483011969525634
CALCR,-0.40043792247780097
CALCRL,-0.741322415516249
CALD1,0.6265060658779047
CALHM1,-0.4853816129592553
CALHM2,-0.5989602834087393
CALHM3,-0.805534453065893
CALHM4,-0.07743847940888005
CALHM5,0.7271022830721547
CALHM6,0.8755190391006751
CALM1,0.058950224192092726
CALM2,-0.06949064241924319
CALM3,-0.1794889910348516
CALML3,-0.26234231217216053
CALML4,-0.5230343834434257
CALML5,0.18598468968061693
CALML6,0.054255023470750174
CALN1,-0.35774562830849155
CALR,-0.1438005942649152
CALR3,-0.2532994484682609
CALU,-0.30995397399536806
CALY,0.29191334669374636
CAMK1,-0.29977041399423066
CAMK1D,0.2563328142396184
CAMK1G,-0.9842447612457677
CAMK2A,-1.581946509859523
CAMK2B,-0.027727232783976926
CAMK2D,0.1441562834670682
CAMK2G,-0.1084221788674613
CAMK2N1,1.6459938905358862
CAMK2N2,-0.29800440135010176
CAMK4,0.38785235496398585
CAMKK1,-0.20080112642342707
CAMKK2,-0.1001149796628118
CAMKMT,-0.1429146794753411
CAMKV,-0.1492708147426256
CAMLG,-0.12770285743052012
CAMP,-0.06577838529589791
CAMSAP1,0.2763258018485404
CAMSAP2,0.11490543676626919
CAMSAP3,0.7903973243961213
CAMTA1,0.10845762242406032
CAMTA2,0.06850122117513369
CAND1,-0.07172542632813617
CAND2,-1.2980153880803214
CANT1,0.03494280225435986
CANX,0.272539462804279
CAP1,-0.0011369057527543802
CAP2,-0.5561993245153904
CAPG,-0.19711174480275062
CAPN1,0.14949091914657808
CAPN10,0.01025370035646489
CAPN11,0.3099552972914408
CAPN12,0.7724961258828316
CAPN13,0.12581652930217935
CAPN14,0.29356299380733025
CAPN2,-0.06002562896299812
CAPN3,0.5524882617486347
CAPN5,-0.5667852680073951
CAPN6,-0.40801083274637273
CAPN7,0.023358134982006895
CAPN8,-0.5446587950042905
CAPN9,-0.2140211022885482
CAPNS1,0.16033260671919436
CAPNS2,-1.2329541924703706
CAPRIN1,0.0347642755343438
CAPRIN2,0.3926498430064037
CAPS,0.1928056741083159
CAPS2,-0.05218626768062862
CAPSL,-0.5576877659188804
CAPZA1,0.05153584397704325
CAPZA2,-1.1728702751775848
CAPZA3,0.3182755676169111
CAPZB,0.20283826686961515
CARD10,-1.4010890180907924
CARD11,0.33216935392104485
CARD14,-0.04052315739436946
CARD16,-0.06015234180746476
CARD18,0.6536710332828828
CARD19,0.31097219472864523
CARD6,-1.141273840497432
CARD8,-0.028622064760166488
CARD9,0.1014421180030407
CARF,-0.2944883102878322
CARHSP1,0.02122240221076943
CARM1,0.3217535649669774
CARMIL1,0.10072741649287409
CARMIL2,-0.07970839187459688
CARMIL3,-0.0681934613385784
CARNMT1,-0.13333153644952223
CARNS1,0.3321881160128854
CARS1,0.35935668285758526
CARS2,-0.2762816366278722
CARTPT,-0.4575892622966333
CASC3,0.0910017063920856
CASD1,-0.18805724027138027
CASK,0.5595052324157335
CASKIN1,-0.25666721136824444
CASKIN2,-2.8318393564319422e-05
CASP1,-0.057599122963504445
CASP10,-0.5863277465452708
CASP12,-0.6878008034732647
CASP14,0.4018678853793969
CASP2,-0.24522414936255688
CASP3,-0.1867787187055141
CASP4,-0.14231200140451428
CASP5,0.2602051333069224
CASP6,0.24780325194652608
CASP7,0.6501177097427098
CASP8,0.05749913585692035
CASP8AP2,0.0024949837658239105
CASP9,0.32285215074823803
CASQ1,0.5086721056044986
CASQ2,-0.7354350174078284
CASR,0.31911485212374535
CASS4,1.1119644482513136
CAST,1.4932502013485374
CASTOR1,-0.059646396289291026
CASTOR2,-0.8983055898870067
CASZ1,0.018867684228584647
CAT,0.1888360151432611
CATIP,0.36690045720711095
CATSPER1,-0.8773350759663493
CATSPER2,-0.479770444123536
CATSPER3,2.0977856117254747
CATSPER4,0.4087334550725278
CATSPERD,0.26036854693743106
CATSPERE,-0.47545060306317904
CATSPERG,-0.09341856309641372
CATSPERZ,0.7642041588433658
CAV1,0.34619388767959514
CAV2,0.8916255737280354
CAV3,1.2868931955669687
CAVIN1,0.2606911014537512
CAVIN2,0.1857708321004444
CAVIN3,-0.062232867353506194
CAVIN4,1.2592275612803312
CBARP,0.692191101797822
CBFA2T2,0.005496255470392786
CBFA2T3,0.7795026741392276
CBFB,0.4048671129574113
CBL,0.49802619699355644
CBLB,0.21028252092311428
CBLC,-0.43518866275354773
CBLIF,-0.48619333575814205
CBLL1,-0.049615633029953976
CBLN1,-0.011150448342152952
CBLN2,0.22361359633311587
CBLN3,-0.1368654715919968
CBLN4,-0.17594891957887993
CBR1,0.14966927501191707
CBR3,0.49758045433781284
CBR4,-0.051816325528819984
CBX1,-0.1944102936063965
CBX2,0.34603498416730605
CBX3,0.15427858069237566
CBX4,0.43545150483554584
CBX5,0.04720662732114178
CBX6,0.12707323981401508
CBX7,0.21614355162520926
CBX8,0.9097192197805575
CBY1,-0.07881762976310291
CBY2,0.13999866801351946
CBY3,1.1796370587131824
CC2D1A,-0.3546003319862421
CC2D1B,0.0065766502818798145
CC2D2A,-0.41986138814893836
CC2D2B,-0.5527573003498012
CCAR1,-0.2427036513186911
CCAR2,-0.2537962617758538
CCBE1,-0.7490780235310033
CCDC102A,0.20263252036273505
CCDC102B,0.04684921835649325
CCDC103,-0.15719422478658007
CCDC106,-0.04962748348345025
CCDC107,-0.1570559943695775
CCDC110,0.5633836797680317
CCDC112,-0.29607587619140796
CCDC115,-0.038002012369735105
CCDC116,0.32407571441932803
CCDC117,0.033576181113125436
CCDC12,-0.2363067916056769
CCDC120,0.0
CCDC121,-0.038217096678869744
CCDC122,0.28667625441800443
CCDC124,0.07653871053703654
CCDC126,-0.10705943935249618
CCDC127,-0.08625927875439476
CCDC13,-0.6155729824248395
CCDC134,-0.09578902920673737
CCDC136,-0.8717289042323901
CCDC137,0.11565931413758523
CCDC138,-0.2657916842419885
CCDC14,-0.13134240280821263
CCDC141,0.044578961652838256
CCDC142,-0.09952966147926912
CCDC144A,-1.1866022373896357
CCDC146,-0.12437736938897179
CCDC148,-0.0665606228482174
CCDC149,1.3118160731668032
CCDC15,-0.1341936863192279
CCDC150,-0.8818532451398098
CCDC152,0.45126531932282354
CCDC154,-0.34084124226080986
CCDC157,-0.20304676289354529
CCDC158,-0.7318526554064048
CCDC159,0.13844049942750347
CCDC160,-0.39686181572280343
CCDC163,-0.14955582094668163
CCDC167,0.12956555918788482
CCDC168,-0.40974088034162814
CCDC169,-0.475407041895034
CCDC169-SOHLH2,-0.47554571962694037
CCDC17,-0.60849086149712
CCDC170,0.11685775079655003
CCDC171,-0.3704899207177341
CCDC172,0.8391881524611033
CCDC174,-0.15962897502109907
CCDC175,-0.17927734717197863
CCDC177,-0.08620948453007339
CCDC178,-2.219844287184927
CCDC179,0.6899814083199078
CCDC18,-0.045757040555931994
CCDC180,0.21481814108200292
CCDC181,-1.208077836741801
CCDC182,0.764291529764221
CCDC183,-0.3355463280295421
CCDC184,-0.40483151478435486
CCDC185,1.2351529742379617
CCDC186,-0.14434852867106196
CCDC187,-0.03265475647979604
CCDC188,0.09582087039754514
CCDC190,0.005019234021770735
CCDC191,-0.16060403359061493
CCDC192,0.0426101950440414
CCDC194,0.2151568090386457
CCDC195,0.11230763302161328
CCDC196,-0.6394944994909477
CCDC198,0.4509141572049409
CCDC200,0.5933092667406676
CCDC201,-0.3155937648717537
CCDC22,-0.5101622610786329
CCDC24,-0.05707865354020303
CCDC25,-0.055833900017110416
CCDC27,0.38950346130904934
CCDC28A,-0.14209149606055682
CCDC28B,0.2471439288648014
CCDC3,0.03407751804298309
CCDC30,-0.7459105345272612
CCDC32,-0.03942577746082776
CCDC33,1.2261530904390185
CCDC34,-0.12871194490825344
CCDC38,0.032980501535360585
CCDC39,-0.2829584314682374
CCDC40,-0.5717555905893057
CCDC42,-0.19382302940371954
CCDC43,-0.2069280998825751
CCDC47,-0.102315850843409
CCDC50,-0.011865157604745491
CCDC51,0.0460366689860745
CCDC54,-0.014957453498482431
CCDC57,-0.2604313530005
CCDC59,-0.1192357751767128
CCDC6,0.2835369278581217
CCDC60,-0.876164676290905
CCDC61,0.18584793988608705
CCDC62,-0.5495201505798838
CCDC63,0.08242991417145151
CCDC65,0.0030610814314876167
CCDC66,-0.1941757903793917
CCDC68,-0.1018783604931589
CCDC69,0.003114422897785518
CCDC7,0.09187067119519998
CCDC70,0.6453802149117764
CCDC71,-0.2450922198914922
CCDC71L,-0.4452190159194027
CCDC73,0.6423987945835516
CCDC74A,0.01018047124603827
CCDC74B,0.43158272326349945
CCDC77,-0.05213455105574294
CCDC78,0.4694244763023584
CCDC8,0.4191264813094251
CCDC80,-0.4858290023459358
CCDC81,0.8254464602239139
CCDC82,-0.12521109453709212
CCDC83,0.021968685215545403
CCDC85A,0.35099435190579453
CCDC85B,0.3247642789967822
CCDC85C,-0.08859750980811887
CCDC86,-0.13423798191349112
CCDC87,-0.15651702518333144
CCDC88A,0.04475005183283498
CCDC88B,0.12076703126772337
CCDC88C,-0.11145546442627374
CCDC89,-0.9948935196861356
CCDC9,0.25144156716176624
CCDC90B,-0.16029103030276737
CCDC91,0.6164718660700219
CCDC92,0.09771523673559068
CCDC92B,-1.2086946435432209
CCDC93,-0.22921505371084994
CCDC97,-0.09253354210243359
CCDC9B,0.44763079796206506
CCER1,-0.5148360278932798
CCER2,0.08607455528572627
CCHCR1,-0.5502948843780522
CCIN,-0.503937826078096
CCK,0.989312564740789
CCKAR,0.3121116800830581
CCKBR,-0.4623258176044362
CCL1,1.0736653579070314
CCL11,1.1282253001564349
CCL13,-0.5528407790302585
CCL17,-0.2802254587040425
CCL19,-0.9885211217945848
CCL2,-0.6342814725641066
CCL20,0.8529727954811388
CCL21,0.7801457113681709
CCL22,0.5824223488456363
CCL24,0.29949283311824415
CCL25,0.6269724174014414
CCL26,-0.1267930126049055
CCL27,0.024372231930652966
CCL28,1.1908603043733574
CCL7,0.8331695790507652
CCL8,-0.2873010076093896
CCM2,0.06148299128024526
CCM2L,0.135340573028226
CCN1,-0.5407502617530624
CCN2,-0.3823458877979855
CCN3,-0.014202374831780738
CCN4,-0.3196065413672006
CCN5,0.27452275769838475
CCN6,1.2294969694018776
CCNA1,-0.16043406761211987
CCNA2,0.1191434294925533
CCNB1,-0.17950057957287546
CCNB1IP1,-0.26186538241705404
CCNB2,-0.18303971544393072
CCNB3,0.25611715519786116
CCNC,-0.5626848348709856
CCND1,1.2470119719969146
CCND2,0.4660087805108928
CCND3,0.00017485836300723534
CCNDBP1,-0.31041550852006994
CCNE1,0.2512541482468673
CCNE2,-0.21566206329408555
CCNF,-0.104022439961732
CCNG1,0.1760888432190506
CCNG2,0.3100556126427061
CCNH,-0.03313540868799025
CCNI,0.5536559407069168
CCNI2,-0.05100725771246983
CCNJ,-0.04576042370537259
CCNJL,0.09514875461552375
CCNK,0.11915077169293031
CCNL1,-0.010866457129892204
CCNL2,-0.08026654897900443
CCNO,-0.06506753465159476
CCNP,0.5103353511064955
CCNQ,0.0769306293933929
CCNT1,0.1073945784344863
CCNT2,-0.03169732807616299
CCNY,-0.10553689341599948
CCNYL1,-0.21945286474657566
CCP110,-0.23163362656928754
CCPG1,-0.1354194493204428
CCR1,-0.4291516009949593
CCR10,0.3473027716475967
CCR2,0.6697028241798122
CCR3,-0.0186681491012326
CCR4,-0.9340190912100539
CCR5,0.34151106085141336
CCR6,1.322865559886988
CCR7,0.3503174822762274
CCR8,-0.45309866540843835
CCR9,0.8386127461654107
CCRL2,0.16959693916062057
CCS,-0.15136609480580843
CCSAP,-0.12472904225788284
CCSER1,-1.121827345076559
CCSER2,0.4530212359661303
CCT2,-0.14310490517551688
CCT3,0.2822234033772166
CCT4,-0.0729314405755801
CCT5,0.09941040174951166
CCT6A,-0.0621502031390202
CCT6B,0.1684068365167919
CCT7,-0.19653711833881715
CCT8,-0.08987361620771317
CCT8L2,-0.9286103488121802
CCZ1,0.28103554467723885
CCZ1B,-0.01858476212448751
CD101,-1.011493395008814
CD109,0.056544450365099586
CD14,-0.1404934163176168
CD151,0.24015515243770436
CD160,0.07425946515059634
CD163,-0.9790221222282889
CD163L1,-1.3205796371187684
CD164,0.20995095021621246
CD164L2,-0.17748517108513256
CD177,0.9179530939026479
CD180,-0.47254819891956124
CD19,1.1235365378947382
CD1A,0.3192370164091147
CD1B,0.0
CD1C,0.5561999210313187
CD1D,-1.8457575652138325
CD1E,0.47417392037915573
CD2,0.2878898809603099
CD200,0.547137552636632
CD200R1,-0.12539355227920446
CD200R1L,-0.4347541243616482
CD207,-0.40903303823012777
CD209,-0.13938243886810509
CD22,0.461907014992084
CD226,0.7315373057063194
CD24,-0.7841580125477212
CD244,0.09529919196035896
CD247,0.5678696924779496
CD248,-0.29931921298581243
CD27,1.2753466470502217
CD274,1.4468984832587906
CD276,0.4777245337898476
CD28,0.39458804672425085
CD2AP,-0.27021334972447253
CD2BP2,0.06207382613933721
CD300A,0.5034278037338167
CD300C,-0.2628793150879548
CD300E,0.7522956895914057
CD300H,0.81593736925556
CD300LB,-0.34115317494948005
CD300LD,0.9362334831717851
CD300LF,0.35395499143797804
CD300LG,-0.09595585220699765
CD302,0.9238331669540494
CD320,0.03873348675196109
CD33,-0.5241836305732699
CD34,0.4053733229217933
CD36,0.14232161156032697
CD37,-0.5246230853089824
CD38,-0.37590190558893444
CD3D,-0.7325457404857023
CD3E,-0.3680421522389412
CD3G,0.09433264587673895
CD4,-0.17525878260372485
CD40,0.09006289394353251
CD40LG,-0.26914411008541683
CD44,-0.5619230631910757
CD46,-0.4002917550884737
CD47,0.1745125370714713
CD48,-0.5560682841183633
CD5,-0.03331332953649202
CD52,0.10319233371409497
CD53,-0.20532591368433378
CD55,0.966239876339992
CD58,0.07335203966345283
CD59,0.2295997189165222
CD5L,-0.7600716841698458
CD6,-0.30334171952523814
CD63,0.17786096525447093
CD68,0.35779918652372444
CD69,-0.8692776269848552
CD7,0.2519714180249991
CD70,-0.06166613790398712
CD72,-0.15426212616699786
CD74,-0.08678582507070587
CD79A,-0.002613062708071573
CD79B,-0.23624923727210595
CD80,0.09846711386765872
CD81,-0.321775002755456
CD82,0.33928737805468945
CD83,1.4961390620502757
CD84,0.7450954862811161
CD86,-0.02388486758251851
CD8A,-0.025221052254565057
CD8B,-0.7257078477689443
CD8B2,-1.287779943539364
CD9,0.5926339939003291
CD93,0.5454972786805194
CD96,-0.8712280108263057
CD99L2,0.04933405247976719
CDA,-0.483183233629274
CDADC1,-0.07707942161916526
CDAN1,-0.25993441302637477
CDC123,-0.029910664993608727
CDC14A,0.18363167179168832
CDC14B,-0.31092664343542786
CDC14C,-0.5562005175470004
CDC16,-0.2467960432869889
CDC20,-0.057966184775748
CDC20B,0.7582584198537009
CDC23,-0.1931239582159332
CDC25A,-0.02950951184303552
CDC25B,-0.46346007884420404
CDC25C,0.014183273783449302
CDC26,0.24168242347213287
CDC27,-0.1947502494594877
CDC34,0.0513413131413234
CDC37,0.3523220816657586
CDC37L1,0.20422151448705517
CDC40,0.2173225198066473
CDC42,0.17242849105924307
CDC42BPA,-0.4914933172083409
CDC42BPB,0.14406555905613638
CDC42BPG,0.4934232730119972
CDC42EP1,0.11550207691231407
CDC42EP2,0.030102045651833276
CDC42EP3,-0.8953997615603174
CDC42EP4,0.5820419992693191
CDC42SE1,0.15717972876924424
CDC42SE2,-0.15252255757687017
CDC45,-0.053299300695124785
CDC5L,-0.18820569895955108
CDC6,-0.02229254765409161
CDC7,-0.21562102182021547
CDC73,-0.020950212589938566
CDCA2,-0.2114404400552008
CDCA3,-0.15544476470909174
CDCA4,0.29831889254129074
CDCA5,0.11287981397005886
CDCA7,0.19775775840963483
CDCA7L,-0.12320065389564139
CDCA8,-0.3046974832717053
CDCP1,-0.33747089108509676
CDCP2,0.17198611864536079
CDH1,1.117045759251037
CDH10,0.5639298959576515
CDH11,-0.7518627458479752
CDH12,-0.39686248836966387
CDH13,0.9549102760363233
CDH15,0.22623730617493454
CDH16,0.42176535993737535
CDH17,0.40970579488158076
CDH19,0.40043821770222454
CDH2,-0.4185990778710738
CDH20,-1.0420224700933407
CDH22,-0.1609730156320262
CDH23,-0.1261354387679129
CDH24,0.30061140070099146
CDH26,-0.8575639659059635
CDH3,1.449960072175365
CDH4,1.4152256874152465
CDH5,-0.004739263478901412
CDH6,1.2459348844711609
CDH7,-0.4767094612814562
CDH8,0.26011511917813235
CDH9,-1.1965444656240678
CDHR1,-0.42725623575386695
CDHR2,0.05794155195317341
CDHR3,0.46602531875453385
CDHR4,0.14240466844144428
CDIN1,-0.18921538801071414
CDIP1,0.06911342260810649
CDIPT,0.21097736421125912
CDK1,-0.2324416786044976
CDK10,-1.7338572774302878
CDK11A,-0.11150432829333479
CDK11B,-0.043219435124751904
CDK12,-0.26650262786198997
CDK13,-0.14938364044192554
CDK14,-0.571012698227725
CDK15,0.3140551674915144
CDK16,0.16916817707072784
CDK17,0.0017852293488358484
CDK18,-0.25388224333157283
CDK19,-0.0945927039731087
CDK2,-0.3722957653903083
CDK20,-0.8267887639540534
CDK2AP1,-0.3808138047015768
CDK2AP2,-0.021770823693604946
CDK3,-0.23768017939306985
CDK4,-0.28967319255547075
CDK5,0.24807688526327265
CDK5R1,-0.24345280403505432
CDK5R2,0.0763684935818646
CDK5RAP1,-0.27856795497306
CDK5RAP2,-0.07666623317478116
CDK5RAP3,0.6280666961396755
CDK6,0.8268648093139275
CDK7,0.03370749500696624
CDK8,0.0034875420983233596
CDK9,0.23540298334233656
CDKAL1,0.1961092061573355
CDKL1,1.388696016387866
CDKL2,-0.4943402802260537
CDKL3,0.4111336798585392
CDKL4,-1.0882005160446795
CDKL5,0.05937571086646498
CDKN1A,0.4726317805459197
CDKN1B,-0.41960080100877867
CDKN1C,0.9537701022057128
CDKN2A,0.1542298565174498
CDKN2AIP,-0.06567490794916253
CDKN2AIPNL,0.07625856838626488
CDKN2B,0.3515543028798458
CDKN2C,0.03055701347591233
CDKN2D,0.2131814551982969
CDKN3,0.14590228524426596
CDNF,-0.05492433972299793
CDO1,-1.48131837417807
CDON,0.51368152503019
CDPF1,0.008871775340440813
CDR2,0.09529838393253653
CDR2L,-0.36744762093965677
CDRT15,0.2099976449382026
CDRT15L2,0.3963840003625281
CDRT4,-0.3230849047574129
CDS1,-0.1357815809552012
CDS2,0.11399570909961909
CDT1,-0.2057041876337733
CDV3,0.26372664522536926
CDX1,0.23266661787458276
CDX2,-0.5549615449582616
CDX4,-0.8268997861313849
CDYL,1.1054308480504962
CDYL2,1.2116116120537601
CEACAM1,-0.5829028766430109
CEACAM16,0.597358270033446
CEACAM18,0.7124200426974736
CEACAM19,-0.26110214801657095
CEACAM20,0.7829128424404954
CEACAM3,0.015333330125747668
CEACAM5,-0.7257385499372981
CEACAM6,-0.574093586040888
CEACAM7,-0.49858891923104254
CEACAM8,-0.8986636081852655
CEBPA,-0.3730051739618765
CEBPB,0.044656968899484895
CEBPD,-0.4351024900676291
CEBPE,-0.2457371565020423
CEBPG,-0.1201394627734178
CEBPZ,-0.007263671927114856
CEBPZOS,0.0672438790888581
CECR2,-1.4643786325445416
CEL,0.4392942263794479
CELA1,0.45042600271370925
CELA2A,0.028987395404961758
CELA2B,-0.368306118186434
CELA3A,-0.10933956675922618
CELA3B,-0.46101896940418663
CELF1,-0.6141010346940763
CELF2,0.28235480208410135
CELF3,-0.5037561738418049
CELF4,-1.136675626582015
CELF5,0.23205676911957412
CELF6,0.2411037621465586
CELSR1,0.020252723185448213
CELSR2,-0.03351426031416893
CELSR3,0.3769009946379791
CEMIP,0.4158113179633656
CEMIP2,-0.08579491507880377
CEMP1,0.35268285494940654
CENATAC,0.15726073416277941
CEND1,0.15673114287348877
CENPA,-0.177200338294921
CENPB,-0.46722680660172555
CENPC,-0.11060507539754827
CENPE,-0.2784483827851192
CENPF,-0.14433452095909782
CENPH,-0.30803398343069643
CENPI,-0.5354556756687963
CENPJ,-0.13486980202446297
CENPK,-0.3287956426472731
CENPL,-0.1822162569445167
CENPM,-0.054167543817203345
CENPN,0.1943634864244812
CENPO,-0.13727862352265063
CENPP,0.006304539687989497
CENPQ,-0.03486361231391033
CENPS,-0.27371008708034283
CENPS-CORT,-0.25598491749686936
CENPT,-0.0366400686880306
CENPU,-0.14724566200066969
CENPV,-0.0989401400475402
CENPVL3,-0.5710110485169868
CENPW,-0.7514629647771662
CENPX,-0.207689355818776
CEP104,-0.36762024207483757
CEP112,-0.03663001413515232
CEP120,0.09090077188535073
CEP126,-0.40869285336866934
CEP128,-0.18517002328083443
CEP131,-0.0114084542318591
CEP135,-0.42288091720814247
CEP15,0.6858674003474378
CEP152,-0.22017667261118312
CEP162,-0.09687835315669524
CEP164,0.3507410881170845
CEP170B,0.533743198879632
CEP19,0.00013755523135650094
CEP192,0.09212242552125804
CEP250,-0.3525802596062313
CEP290,-0.025068423960075137
CEP295,-0.08275219200132167
CEP295NL,2.788074161807411
CEP350,-0.13810142990462992
CEP41,-0.437480879391587
CEP43,-0.1371851953165102
CEP44,-0.16584745325696115
CEP55,-0.13155961566510044
CEP57,0.0013417952057341864
CEP57L1,0.04708757325712165
CEP63,-0.08366161519268633
CEP68,0.03246110475261865
CEP70,-0.17179630938542179
CEP76,-0.19813810394871822
CEP78,-0.06986033711071515
CEP83,0.11732153918984256
CEP85,0.0700240554899878
CEP85L,0.101159926560107
CEP89,-0.1550688500678299
CEP95,-0.0011116438700042863
CEP97,-0.2549664094940125
CEPT1,-0.19415438220986925
CER1,0.5710123277665304
CERCAM,-2.011206141684102
CERK,-0.34605058817605716
CERKL,0.619316816432925
CERS1,0.584009950273587
CERS2,-0.2929192537009859
CERS3,-1.0499715546646538
CERS4,1.0768082035987276
CERS5,-0.07158376780513631
CERS6,0.1593260273210806
CERT1,0.09445561423448545
CES1,-0.20381350343400273
CES2,0.29140445898204126
CES3,-0.2860210347450662
CES4A,0.2685443010446411
CETN1,0.2502097890523971
CETN2,-0.15976940252547767
CETN3,-0.12168272329489183
CETP,0.3400202776399315
CFAP100,0.6187364519476334
CFAP107,-1.9595839645434716
CFAP119,-0.15346297021552946
CFAP126,-0.7618046370432918
CFAP141,-0.5750932317937911
CFAP144,0.34935336116632054
CFAP144P1,0.26956793319070615
CFAP157,0.26350033418931135
CFAP161,-1.1192293709245935
CFAP184,0.6189395446210808
CFAP20,0.18829257349614892
CFAP206,-0.21827277664585365
CFAP20DC,-0.07318517825672544
CFAP210,-0.42770706485792687
CFAP221,0.21177860474145782
CFAP251,-0.4118831247101281
CFAP263,-0.6525985577325213
CFAP276,0.21428123305549518
CFAP298,-0.017451886285842377
CFAP298-TCP10L,-0.021908021991295712
CFAP299,-0.1064692140914365
CFAP300,-0.16672771503240336
CFAP36,-0.3220489041650758
CFAP410,-0.02217014855474142
CFAP418,0.04728527685908279
CFAP43,-0.42115450087697415
CFAP44,0.6801540070272963
CFAP45,0.37490350358349944
CFAP46,0.2879674050518344
CFAP47,0.5710112453246827
CFAP52,-0.48834823319883447
CFAP53,-0.8638943247294602
CFAP54,-0.524511812695223
CFAP57,0.05835373771508445
CFAP58,0.08365899660678533
CFAP61,-0.22064328336270211
CFAP65,-0.7237713973521847
CFAP68,-0.13782679509731555
CFAP69,-0.5251741143740667
CFAP70,0.08431699113950963
CFAP73,-1.1431306432371888
CFAP74,0.6224571148051379
CFAP77,-0.5669134261863809
CFAP90,0.31641082232546136
CFAP91,0.3162339912934615
CFAP92,-0.36978914830638426
CFAP95,-0.06792090689984143
CFAP96,-0.015066980869059776
CFAP97,-0.1946991104365412
CFAP97D1,0.09898847449885939
CFAP97D2,-0.1099080159678468
CFAP99,-0.06079060794027402
CFD,0.5562005175470004
CFDP1,0.22789167051479975
CFH,-1.355210967668401
CFHR1,0.008994007174617735
CFHR2,0.2619040431876394
CFHR3,0.9391958955184432
CFHR4,0.9485963623825902
CFHR5,-0.07515221244751275
CFI,-0.26740273216002824
CFL1,0.24351559813794044
CFL2,-0.2895040107506417
CFLAR,-0.05808482344392818
CFP,1.4248468562024639
CFTR,0.9016400478066828
CGA,-0.14454651449165157
CGAS,-0.055498587235032204
CGB1,-0.5834386579206877
CGB2,1.2418507832860903
CGB3,-0.12370348327804748
CGB5,0.4169650220634551
CGB7,0.41691499368356366
CGB8,1.433204110327876
CGGBP1,0.14755905030091032
CGN,-0.08983569142076675
CGNL1,-0.2511568821375634
CGREF1,-1.105297513063092
CGRRF1,-0.011248939258527102
CH25H,0.7604648388807188
CHAC1,-0.18423772003837247
CHAC2,-0.28124524443283505
CHAD,0.33199391360799485
CHADL,0.0898412343834466
CHAF1A,0.07313075182808948
CHAF1B,-0.17671378844704844
CHAMP1,-0.35677195179342913
CHAT,-0.16997986431332746
CHCHD1,0.09451089944634239
CHCHD2,-0.021939993742927655
CHCHD3,-0.0009680196259180818
CHCHD4,-0.29688778942883953
CHCHD5,-0.22179143092596654
CHCHD6,-0.5516925600680991
CHCHD7,0.166260004095109
CHCT1,-0.2757997762828408
CHD1,0.39284753872333233
CHD1L,0.14147772241204848
CHD2,0.43717570207961753
CHD3,0.4206740254587711
CHD4,0.2064003400106802
CHD5,0.19382556923810978
CHD6,-0.04109205620884371
CHD7,0.1396129871240399
CHD8,-0.12952881717549936
CHD9,-0.19631879535216257
CHD9NB,0.018103310913406556
CHDH,0.896744106536479
CHEK1,0.022269123043318295
CHEK2,-0.11399005996527656
CHERP,-0.0057505180908972164
CHFR,1.1471389028143224
CHGB,-0.11784800007124874
CHI3L1,-0.07393319759974737
CHI3L2,0.33664275991538434
CHIA,-0.8634553501304261
CHIC1,-0.10471822312079926
CHIC2,-0.08380960634393508
CHID1,0.32307417939846994
CHIT1,0.1816542451852079
CHKA,0.21589969058948055
CHKB,-0.6409619806533732
CHKB-CPT1B,-0.18890673960443127
CHL1,0.5161238281901681
CHM,0.5406541601069963
CHML,-0.20647004119182188
CHMP1A,-0.1699087648401072
CHMP1B,-0.2059693149698485
CHMP2A,0.0805031600284849
CHMP2B,-0.36727892661889294
CHMP3,-0.0428869309832276
CHMP4A,-0.04156936730477678
CHMP4B,0.09784818475782853
CHMP4BP1,-0.18025976160203827
CHMP4C,-0.11085314351183007
CHMP5,-0.10563059965597432
CHMP6,0.05742714299053464
CHMP7,0.5636156018661362
CHN1,-0.29070677898999264
CHN2,-0.292386603693255
CHODL,-0.580122979793622
CHORDC1,-0.22665706432955446
CHP1,0.017499124846186653
CHP2,-1.0140998704797306
CHPF,-0.10789752547954778
CHPF2,0.3914069161670466
CHPT1,-0.35322904953270395
CHRAC1,0.053501741863822616
CHRD,1.0470418842488076
CHRDL1,0.6337272415013677
CHRDL2,-0.500710939797701
CHRM1,0.14732359267148104
CHRM2,-1.3446087785002143
CHRM3,-0.9790231605129032
CHRM4,-0.4391572007720772
CHRM5,-0.9790221222282889
CHRNA1,0.564130884324127
CHRNA10,-0.2870230379925274
CHRNA2,0.3406752245563299
CHRNA3,0.06641247324090918
CHRNA4,1.882853178411698
CHRNA5,-0.5020704349804017
CHRNA6,-0.5599681401029151
CHRNA9,0.7101835997714914
CHRNB1,0.2686547806717128
CHRNB2,-0.4431844493525734
CHRNB3,-0.07625966684020113
CHRNB4,-0.4449275970049362
CHRND,0.593587088417694
CHRNE,0.12226642247892117
CHRNG,0.7882948742099993
CHST1,0.6624511540690295
CHST10,0.4859647551618631
CHST11,-0.2992879694567496
CHST12,-0.19532397051026162
CHST13,-0.21521498666134667
CHST14,-0.3200432562619704
CHST15,1.062713607749193
CHST2,-0.13132645325068726
CHST3,-0.08593716769034987
CHST4,0.31091145220314864
CHST5,-1.3905147229009678
CHST6,0.5815911800355726
CHST7,0.17329018438209287
CHST8,-1.4653581727558507
CHST9,0.39951703976891273
CHSY1,-0.12650895205981305
CHSY3,0.20040504465722475
CHTF18,0.06097938313679485
CHTF8,0.05957089900430601
CHTOP,0.09737399339763808
CHUK,-0.40176758101184973
CHURC1,-0.12288840418972091
CHURC1-FNTB,-0.12091842636118466
CIAO1,-0.05482968882705297
CIAO2A,-0.2834463583975202
CIAO2B,0.28985561357630507
CIAO3,0.43970701605678886
CIAPIN1,-0.23183078368918242
CIART,-0.7591018379324774
CIB1,0.47409583184029547
CIB2,-0.49228724005424773
CIB3,0.05058005486842443
CIB4,-0.05154293261561327
CIBAR1,0.42791540819332097
CIBAR2,0.6098574921833999
CIC,0.08910368360383991
CIDEA,0.4117129765300914
CIDEB,-0.201120656295406
CIDEC,0.5868189956986424
CIITA,-0.11509128768221899
CILK1,-0.5118221690898939
CILP,0.6407294738363292
CILP2,-0.22396722233328425
CIMAP1A,0.8320366966240539
CIMAP1B,0.24806350788975173
CIMAP1C,-0.3733851991247916
CIMAP1D,0.2865225545644636
CIMAP2,0.09631920318340637
CIMAP3,-0.6406167270434551
CIMIP1,-0.7200118684719758
CIMIP2A,0.08360619778796693
CIMIP2B,0.37315701000303114
CIMIP2C,-0.7212791715686477
CIMIP3,-0.772521414509878
CIMIP4,-0.31171298130637737
CIMIP5,0.16348215441518632
CIMIP6,-0.02046851095402541
CIMIP7,-0.04333953970170534
CINP,-0.13352114475441734
CIP2A,0.07512589784938495
CIPC,-0.033468658511114135
CIR1,-0.4503681071970571
CIRBP,0.339589483996793
CIROP,-0.3423515272229274
CISD1,0.0064553184805831165
CISD2,-0.027428519527963324
CISH,0.4734877208940178
CIST1,-0.8954215656832438
CIT,-0.3732586377991911
CITED1,-0.5804761026086567
CITED2,0.035469614213813117
CITED4,0.17759481028043939
CIZ1,0.8030497927988655
CKAP2,0.22018115703395003
CKAP2L,-0.28193514395677877
CKAP4,-0.20761039342612175
CKAP5,-0.1319932650696849
CKB,0.3383508425342341
CKLF,-0.09163421551247275
CKLF-CMTM1,-0.09320190520539384
CKM,0.11922547840901454
CKMT2,0.25982914780153094
CKS1B,0.06550209672407359
CKS2,0.2213074647883948
CLASP1,-0.11653361090518022
CLASP2,-0.09902542566198402
CLASRP,0.022476577746074256
CLBA1,0.025114887654257956
CLC,-0.08851302958105656
CLCA1,0.6096489948995163
CLCA2,0.29605452593648307
CLCA4,-0.2705997494496617
CLCC1,-0.23910268046550165
CLCF1,0.612331236574882
CLCN1,-0.31713303447409047
CLCN2,0.236525051164719
CLCN3,0.13451433085921316
CLCN4,0.3221982313388403
CLCN5,0.19434821349973908
CLCN6,-0.08896031051632036
CLCN7,0.5141356627502871
CLCNKA,0.5024988722432546
CLCNKB,-0.12697821768486314
CLDN1,-0.43403679343639273
CLDN10,-0.8904149262385064
CLDN11,0.7095590281168664
CLDN12,-0.9259035597546859
CLDN14,0.3815293235120969
CLDN15,-0.6036717504848942
CLDN16,-0.349673611719864
CLDN17,-0.026983321111723857
CLDN18,-0.9951258249190124
CLDN19,0.20191236648896305
CLDN2,5.82555298223042e-07
CLDN20,0.15575883148695036
CLDN22,-0.31526862764137253
CLDN23,-0.7594332706207483
CLDN24,-0.18637577042884046
CLDN25,-0.9049365600636546
CLDN3,0.39962155883279976
CLDN34,0.5047957486852022
CLDN4,0.579228439189533
CLDN5,-0.3525526987086869
CLDN6,0.7593227024147202
CLDN7,1.0537224312193487
CLDN8,-1.5095525545869557
CLDN9,0.6054543889478057
CLDND1,0.041971048120457155
CLDND2,0.1750807188218486
CLEC10A,-0.18060915920965703
CLEC11A,0.009623419366725283
CLEC12A,0.051415754416460624
CLEC12B,0.7830730759431523
CLEC14A,-0.3000922202242874
CLEC16A,0.2461939816580676
CLEC17A,0.5862259115447293
CLEC18A,0.5739554384722059
CLEC18B,-1.3663010892015666
CLEC19A,0.326920965501475
CLEC1A,-0.718165629090498
CLEC1B,0.46221862441601214
CLEC20A,-0.23911741948601112
CLEC2A,-0.15552795266318553
CLEC2B,-0.5933426409874805
CLEC2D,0.08060058799429115
CLEC2L,1.0154095808255899
CLEC3A,0.589051058933584
CLEC3B,-0.06463374885817907
CLEC4A,-0.9208216697102614
CLEC4C,-0.9169364537440645
CLEC4D,0.36777778257366744
CLEC4E,0.543593208071746
CLEC4F,-0.41232465032912335
CLEC4G,-0.4219213246195417
CLEC4M,-1.0670024172005679
CLEC5A,1.210425949158568
CLEC6A,-0.38562458777138353
CLEC7A,-0.44621702567115434
CLEC9A,0.31489429294566107
CLGN,0.5281659114888713
CLHC1,-0.24050070919368416
CLIC1,-0.556199423934729
CLIC2,0.22060217084634015
CLIC3,-0.35730254365516523
CLIC4,0.05896100690663708
CLIC5,-0.8398154364241632
CLIC6,-0.4087713433606712
CLINT1,0.44537814983185076
CLIP1,-0.014801102040077563
CLIP2,0.4488872977755527
CLIP3,0.08350907812027265
CLIP4,0.12842485054749153
CLK1,0.1548058851900942
CLK3,-0.16988145646841613
CLK4,0.7078605093346176
CLMN,-0.12467746013538455
CLMP,-1.6436539452451597
CLN3,-0.05941943583005105
CLN5,-0.08231887647945868
CLN6,-0.053076006175163615
CLNK,0.3399172535753956
CLNS1A,-0.2762303730982918
CLOCK,0.3758072529413292
CLP1,-0.6679074908192215
CLPB,-0.09608828295657856
CLPP,0.31800424626307455
CLPS,-0.11264542586159232
CLPSL1,0.07491825103782923
CLPSL2,0.338604460288934
CLPTM1,-0.10072396244061732
CLPX,-0.08063440144885714
CLRN1,-0.8879612059258823
CLRN2,0.04716635050141127
CLRN3,-0.22251643435139812
CLSPN,-0.12281043414128234
CLSTN1,-0.44019600764436495
CLSTN2,-0.04525294806055258
CLSTN3,-0.06414383983997718
CLTA,0.061116416766450854
CLTB,0.4014640071477802
CLTC,0.10472870020914815
CLTCL1,2.151935945283042
CLTRN,0.09010730459511995
CLU,0.5440932479594522
CLUAP1,0.38109636226348764
CLUH,0.15321665445409094
CLUL1,1.451860387706164
CLVS1,-0.9382495783657876
CLVS2,-0.21460599227262311
CLXN,0.387099296156324
CLYBL,-0.015075364917375378
CMA1,-0.4325308209539568
CMAS,0.22003923482508903
CMBL,1.183633707647782
CMC1,0.14475550882645116
CMC2,-0.13347796806566214
CMC4,0.0419219747967321
CMIP,0.40320616476089954
CMKLR1,0.5984180673757087
CMKLR2,-0.7132832432702738
CMPK1,-0.37608947800488846
CMPK2,-1.511576167852581
CMSS1,0.07700288272461009
CMTM1,-0.2880586311961214
CMTM2,-0.6362880124324837
CMTM3,-0.09493967904996214
CMTM4,0.2994200179717414
CMTM5,-0.9958791782657742
CMTM6,0.2956008943086106
CMTM7,-0.19876006714788996
CMTM8,0.21129474771924017
CMTR1,0.26588074399169637
CMTR2,0.06718506231480337
CMYA5,-0.7557999096120135
CNBD1,0.8845489780997549
CNBD2,-0.10146050635961856
CNBP,-0.06349678686899374
CNDP1,-1.0920058162374922
CNDP2,-0.018740706282789787
CNEP1R1,0.09905290709665371
CNFN,0.3541205306366664
CNGA1,-0.3886723475653282
CNGA2,-0.05940227045940438
CNGA3,-0.3394897131643043
CNGA4,0.09308997945324382
CNGB1,0.14872516427480442
CNGB3,-0.16102889989407032
CNIH1,0.09916875116243462
CNIH2,-0.050720278576499744
CNIH3,0.22268865032246765
CNIH4,-0.01963508314611584
CNKSR1,-0.06547533874962647
CNKSR3,-0.5393299062915888
CNMD,-0.6005285795580122
CNN1,0.40987423568520664
CNN2,0.2448552101402921
CNN3,-0.8650371570332476
CNNM1,-0.4028670949137887
CNNM2,0.09382105996690449
CNNM3,-0.11825058044290504
CNNM4,-0.020980867618363153
CNOT1,0.19875798460072946
CNOT10,-0.06339896374897336
CNOT11,-0.08499589768641247
CNOT2,0.05371906627109446
CNOT3,0.36406747754702407
CNOT4,-0.09875229830752197
CNOT6,-0.13093688681318927
CNOT6L,0.16544307975536743
CNOT7,0.13059920954886284
CNOT8,-0.03408000669297451
CNOT9,-0.1799290767813586
CNP,0.15897570713824205
CNPPD1,-0.1097305888337674
CNPY1,0.7473365555991021
CNPY2,-0.14686841719574417
CNPY3,0.08602744955543695
CNPY4,0.2170672316653257
CNR1,-0.0716972573337662
CNR2,-0.49700150030885293
CNRIP1,-1.8620639411213307
CNST,-0.13493261791519018
CNTD1,-0.7510053364093112
CNTF,0.20796205962951805
CNTFR,-0.3470315863941818
CNTLN,-0.3752470446472813
CNTN1,0.08179299998663647
CNTN2,-0.795196113188193
CNTN3,-0.8475553709469303
CNTN4,1.7872073110641014
CNTN5,1.3403552565032633
CNTN6,-0.27224170752165067
CNTNAP1,0.11215616671425965
CNTNAP2,-0.7301255858903151
CNTNAP3B,-1.4326795548075715
CNTNAP4,-0.58544026975596
CNTNAP5,-0.06801496738011559
CNTRL,-0.2279401782021333
CNTROB,0.05891912307399316
COA1,-0.16615603894552677
COA3,-0.7615191908978796
COA4,-0.008497998570732967
COA5,-0.03866629851974146
COA6,0.024972960797503774
COA7,-0.07804997718285422
COA8,-0.1417716658933852
COASY,-0.0451898126246042
COBL,0.9859131834661481
COBLL1,-0.45075006707195886
COCH,-0.28990645858577
COG1,0.19784557188175267
COG2,-0.07648189593838906
COG3,-0.2544172810749883
COG4,0.2184922022623068
COG5,-0.3075639397356942
COG6,-0.5924030360010857
COG7,-0.08691432296738721
COG8,-0.002861117458103468
COIL,-0.2653548926935385
COL10A1,0.6371387740394234
COL11A1,0.16936409429229626
COL12A1,-0.10846946867944687
COL13A1,-0.3205370452815728
COL14A1,1.8290819475079494
COL15A1,-0.2896209548194595
COL16A1,1.4101055660613528
COL17A1,-0.3516786736084381
COL18A1,0.38278789667803276
COL19A1,-0.3884740957764623
COL1A1,0.12468038513114893
COL1A2,-0.40400691204589845
COL20A1,-0.10605062552032007
COL21A1,0.09494781806640318
COL22A1,-0.07310968572677856
COL23A1,-0.5725425893384287
COL24A1,-0.5820765340697203
COL25A1,-0.13486137617188887
COL26A1,0.9848334015120073
COL27A1,0.31381870341807
COL28A1,-0.9815520804045971
COL2A1,-0.8173589734361127
COL3A1,0.07669160032858108
COL4A1,-0.47605576141105854
COL4A2,0.2569516478659023
COL4A3,-1.0238258254012207
COL4A4,-0.9897953249275516
COL4A5,0.7127615557482645
COL4A6,0.7127622797597735
COL5A1,1.6380481096021877
COL5A2,0.48587655611670155
COL5A3,1.3089173295611944
COL6A1,0.2840056197272607
COL6A2,-0.33076775168159034
COL6A3,0.40957266112621493
COL6A5,-0.39361300966959
COL6A6,0.014107059788901255
COL7A1,0.035914399094763017
COL8A1,0.31116661613582663
COL8A2,-0.11333785286307041
COL9A1,-1.3724372448376552
COL9A2,0.22457475804302796
COL9A3,-0.1361995168589964
COLEC10,0.01775582551914301
COLEC11,1.6288230324798685
COLEC12,-0.1121847778059939
COLGALT1,0.04791627225905826
COLGALT2,-0.01998648138008763
COLQ,0.28493059161301193
COMMD1,-0.07509658208421577
COMMD10,0.22768928204862382
COMMD2,-0.33195166373994134
COMMD3,0.05321777681934936
COMMD3-BMI1,0.05288392277776888
COMMD4,-0.4699691767215195
COMMD5,-0.058359929873699645
COMMD6,0.3038873763317582
COMMD7,-0.6598562375445599
COMMD8,-0.3607395044098287
COMMD9,0.004525230388121693
COMP,1.3103058581614293
COMT,0.18271571073640214
COMTD1,-0.10784885266863142
COP1,0.10884163638202082
COPA,-0.019852109942918084
COPB1,-0.057338369245977905
COPB2,-0.15171182732601451
COPE,-0.10977641605340915
COPG1,-0.053427888316771366
COPG2,-0.04570676166935694
COPRS,0.046635854071231275
COPS2,-0.0026528506838046084
COPS3,-0.07129523066869403
COPS4,-0.17715984910443927
COPS5,0.04067416682151359
COPS6,0.7395723277471795
COPS7A,-0.10588451199162385
COPS7B,0.010071567922715019
COPS8,-0.09224653126207549
COPS9,-0.17952815239839115
COPZ1,0.18676161179699763
COPZ2,-0.2684464663448147
COQ10A,-0.3123645749487789
COQ10B,-0.17196609821826936
COQ2,-0.09151335811032846
COQ3,-0.19203462907579438
COQ4,-0.1320465770351702
COQ5,-0.11970311823643653
COQ6,-0.37686066115541017
COQ7,0.008206428242585773
COQ8A,-0.13091370047261197
COQ8B,0.009947288371315144
COQ9,-0.2319428985723544
CORIN,0.23489119617603882
CORO1A,0.24181304997712916
CORO1B,-0.634353300216721
CORO1C,0.005479708827421881
CORO2A,-0.3439051388594849
CORO2B,-0.5181021158037542
CORO6,0.38211111090593786
CORT,0.02680872338189938
COTL1,0.4705056899485431
COX10,-0.16767658217215775
COX11,-0.03407081299990633
COX14,-0.048264592892326874
COX15,0.14646345334549205
COX16,-0.6747213546850259
COX17,-0.18429470707016282
COX18,-0.025337539327630942
COX19,0.3219334628003918
COX20,0.19261077552234518
COX4I1,0.24060958408667688
COX4I2,0.24628757409265575
COX5A,-0.24748557051977915
COX5B,0.28505175272163097
COX6A1,-0.14896445790216895
COX6A2,-0.27652441375043246
COX6B1,0.1576345429096273
COX6B2,-0.023568929191050247
COX6C,-0.06156155626255311
COX7A1,-0.09698590689428976
COX7A2,-0.7091440777173155
COX7A2L,-0.7004558434917448
COX7B,0.12188705997772198
COX7B2,-0.20907005259419797
COX7C,0.2255439487113322
COX8A,-0.05674322469703963
CP,1.0646943238811757
CPA1,-0.5588168387453241
CPA2,0.2198261628185726
CPA3,0.14888799519273577
CPA4,-0.4447149291662064
CPA5,0.3487467658745949
CPA6,-0.10349331521922256
CPAMD8,0.1262773814775744
CPB1,-0.39010106124282207
CPB2,1.430917166449211
CPD,0.3630609048911526
CPE,-0.2725963633029391
CPEB1,0.018505195781098993
CPEB2,0.11324383566668139
CPEB3,0.11340054087067042
CPEB4,0.21053680777739414
CPED1,-0.22388434224790732
CPHXL,-1.2787854783923187
CPHXL2,0.44306742589890513
CPLANE1,-0.03371989588841695
CPLANE2,-0.10783109744886143
CPLX1,-0.19236698509962724
CPLX2,2.0489198725345736
CPLX3,0.23779756475423597
CPLX4,0.7659615932292771
CPM,0.664607101270884
CPN1,0.8489651421370086
CPN2,-0.25523825055454785
CPNE1,-0.02227183348242523
CPNE2,0.19070471700006109
CPNE3,-0.8178421074206801
CPNE4,-0.38132309081956683
CPNE5,0.5373507928632701
CPNE6,0.5585685331286028
CPNE7,-0.2776917978828868
CPNE8,1.3064532353055505
CPNE9,-0.6155381873050044
CPO,-0.24929358080197495
CPOX,0.019241718554365406
CPPED1,0.40251846765392596
CPQ,-0.23734037123974439
CPS1,-0.5928491388932047
CPSF1,-0.2752315097761091
CPSF2,-0.06754882838416254
CPSF3,-0.11442416342653416
CPSF4,0.07950968647285084
CPSF4L,0.3009609859473583
CPSF6,-0.02021753328619047
CPSF7,-0.130954911813987
CPT1A,-0.11093786121522431
CPT1B,-0.2825258493766465
CPT1C,0.8101356364230363
CPT2,-0.05563024498809499
CPTP,-0.11218907351779706
CPVL,0.06413372028060005
CPXCR1,0.9566374427982698
CPXM1,-0.7891299453821041
CPXM2,-0.977873576538719
CPZ,0.22244358849134183
CR1,0.24738209035387182
CR1L,-1.4410106124450983
CR2,-0.1823717312849391
CRABP1,-0.7460352774533683
CRABP2,0.0008424528490660332
CRACD,-0.1864972432768701
CRACDL,-0.2980496368899993
CRACR2A,0.756985457391933
CRACR2B,0.19038349991385894
CRADD,0.09217835913193584
CRAMP1,0.22367798349180257
CRAT,-0.12982332852767398
CRB1,-1.4336399102736173
CRB2,-0.12097816001828221
CRB3,-0.011871080116534316
CRBN,-0.11088629911727121
CRCP,0.3713071874807117
CRCT1,-0.33540229075270167
CREB1,0.08349747509451877
CREB3,0.02669962468376763
CREB3L1,-0.9662416705831864
CREB3L2,0.1298210787438494
CREB3L3,1.11341528122086
CREB3L4,-0.04268482110337768
CREB5,-1.123674214895717
CREBBP,-0.02714981481818901
CREBL2,0.0847680619179183
CREBRF,0.16062026714965771
CREBZF,0.11506364601452668
CREG1,-0.13104869332253255
CREG2,-0.2984774686506918
CRELD1,0.1291712435328245
CRELD2,0.3167636223151513
CREM,0.3269924445822605
CRH,1.1347103592821997
CRHBP,1.3242431545470823
CRHR2,0.5994272256031297
CRIP1,0.03359419238368222
CRIP2,-0.16153578973418226
CRIP3,0.3056562314058099
CRIPT,-0.21051844542399145
CRIPTO,-0.4692114740016282
CRIPTO3,-0.38911472384641055
CRISP1,-0.5710113437285207
CRISP2,-0.13048002911604684
CRISP3,-1.109210023742012
CRISPLD1,0.022496208338558032
CRISPLD2,0.08919548166645264
CRK,-0.08721518154990004
CRKL,-0.10263908451391579
CRLF1,-0.23085548762752495
CRLF3,-0.13872554175467444
CRLS1,-0.41874180491719315
CRMP1,-0.7387553528517022
CRNKL1,0.23740954724860708
CRNN,-0.24121483329545135
CROCC2,0.12705237104933578
CROT,-0.06394047414251425
CRP,0.23500274350004852
CRPPA,0.07837153008346287
CRTAC1,-0.8628429294364596
CRTAM,-0.5561999210313187
CRTAP,-0.14017407167875273
CRTC1,0.11653585229635266
CRTC2,-0.07643847977198082
CRTC3,-0.0015419482786791505
CRX,0.023873427122609536
CRY1,-0.0911786904701426
CRY2,0.16343815993677246
CRYAA,-0.5561993245153904
CRYAB,-0.2153853926099762
CRYBA1,-0.12034286006853473
CRYBA2,0.16016320615420987
CRYBA4,1.284407212794295
CRYBB1,-0.4778257580708105
CRYBB2,0.3690978370690401
CRYBB3,-0.2692674901222295
CRYBG1,0.14383278050272186
CRYBG2,-0.008325696649228442
CRYBG3,-0.5290053113495188
CRYGA,0.6328024686471818
CRYGB,-0.7722360829284187
CRYGC,-0.6137860217407278
CRYGD,0.2825352081559771
CRYGN,0.1250068171831241
CRYGS,0.16628132521060968
CRYL1,-0.6881248234947921
CRYM,-0.6009050625976219
CRYZ,0.49470454496083693
CRYZL1,-0.110746413935078
CS,-0.19417407025123
CSAD,0.032557899068041074
CSAG1,0.6769551489196284
CSDC2,0.8041349661557204
CSDE1,0.1327513396350568
CSE1L,-0.2175112466032898
CSF1,-0.5261230329034672
CSF1R,0.07393302080751818
CSF2,1.6114968742804037
CSF2RB,-0.4425085298662148
CSF3,0.2486565400984102
CSF3R,-0.8978681625909045
CSGALNACT1,-0.23468690743622211
CSGALNACT2,-0.17336337563976745
CSH1,-0.22702923642357953
CSH2,-0.036197245471797146
CSHL1,-0.5650392777764607
CSK,-0.026761541504057185
CSKMT,0.1389285719475266
CSMD1,0.8365532029096303
CSMD2,0.2677593859062357
CSMD3,-0.00950292190092683
CSN2,-0.026611920149709256
CSN3,-0.6155899807836553
CSNK1A1,0.039555216867343646
CSNK1A1L,-0.710330580411411
CSNK1D,0.11030274088346204
CSNK1E,0.2937260540726987
CSNK1G1,-0.20509297556162664
CSNK1G2,-0.04369156775601102
CSNK1G3,0.25127963091852923
CSNK2A1,-0.09432722017020412
CSNK2A2,-0.21030661470985135
CSNK2A2IP,0.5196109224360348
CSNK2A3,-0.4197753940452946
CSPG4,-0.6165233181084884
CSPG5,0.1831960798536872
CSPP1,-0.14400467013036078
CSRNP1,0.4305400008847151
CSRNP2,0.031127753195633545
CSRNP3,0.2435940428655765
CSRP1,0.6998514011711263
CSRP2,-0.10641971980739107
CSRP3,-0.10829376541622393
CST1,-0.26573140518212846
CST11,-0.27713131916914435
CST2,0.018696468879848327
CST3,0.216666843992814
CST4,0.9468529699234896
CST5,0.474863292098496
CST6,-1.1045767482522049
CST7,0.06216011064529159
CST8,0.5882190081906429
CST9,-0.23666902423312186
CST9L,-0.3985288931509854
CSTA,-0.1074877545820474
CSTB,-0.25259319154639837
CSTF1,-0.06850305694366376
CSTF2,-0.16736813382219307
CSTF2T,0.003071478603223987
CSTF3,0.3546109221462532
CSTL1,-0.3582991591815241
CSTPP1,-0.25218038448360547
CT45A1,0.25217981715063864
CT45A10,0.5562005175470004
CT47B1,0.8754378280834394
CT47C1,0.9822831658015228
CT55,0.4208488743491754
CT83,0.45739280409624783
CTAG2,-0.4058388966985371
CTAGE1,0.014661297885480984
CTAGE6,-0.5561991256766929
CTBP1,-0.20840583226953768
CTBP2,-0.3280964488779601
CTBS,-0.39151509351073344
CTC1,0.09202670517744949
CTCF,0.05942137260138303
CTCFL,0.017283706171459468
CTDNEP1,0.25323721364655327
CTDSP1,0.19901738758722765
CTDSP2,0.11889847526195485
CTDSPL,0.01006634378229787
CTDSPL2,-0.11345882492257697
CTF1,0.19953168121103237
CTH,0.2744349741182166
CTHRC1,-0.5529537594612092
CTIF,-0.5025245453259656
CTLA4,0.41352765944520753
CTNNA1,-0.06613560932138052
CTNNA2,-1.0926387144428447
CTNNA3,0.21380503111309856
CTNNAL1,0.12429548107560517
CTNNB1,0.264684643862519
CTNNBIP1,0.043797152565448805
CTNNBL1,-0.36323075187399434
CTNND1,0.5889358629330101
CTNND2,0.7051846749593267
CTNS,0.3310455847656635
CTPS1,-0.06894715436045118
CTPS2,0.0869748762680218
CTR9,-0.24039725322200978
CTRB1,0.38905674328583423
CTRB2,0.24768219303473105
CTRC,-0.0015454231748504021
CTRL,-0.05997302224646983
CTSA,-0.2067337621391978
CTSB,-0.3165462636772809
CTSC,0.2801195242871455
CTSD,0.052630321648595935
CTSE,0.10008390110252235
CTSF,-0.7450273801868725
CTSG,0.7093468186358938
CTSH,0.5104039358381162
CTSK,0.22000020184984115
CTSL,0.9216937714126554
CTSO,0.5561993245153904
CTSS,-0.27148446810277993
CTSV,-0.7365954676326258
CTSW,-0.4232718836355386
CTSZ,0.06332396387084567
CTTN,0.08042824488954503
CTTNBP2,0.5784095408203662
CTTNBP2NL,-0.12899756536102025
CTU1,-0.18745073690003888
CTU2,0.08399371049604243
CTXN1,0.010023847186932944
CTXN2,0.021210894330486063
CTXN3,-0.033569040947753814
CTXND1,1.022776412398656
CTXND2,-0.26409501717901374
CUBN,0.3311403974548761
CUEDC1,0.717420561804095
CUEDC2,0.0016304887162421622
CUL1,-0.1825790895186623
CUL2,0.3242183885287817
CUL3,-0.15305443096961735
CUL4A,-0.2835240316074392
CUL4B,0.06919992556615195
CUL5,-0.1216202990877795
CUL7,-0.11284512072762576
CUL9,-0.035279547275024914
CUTC,0.46367594256264355
CUX1,0.026248926752030943
CUX2,-0.43665699969681393
CUZD1,0.4953674104195313
CWC15,0.013371684492763158
CWC22,-0.19069318826966075
CWC27,0.6045259356512762
CWF19L1,0.10057924522871087
CWF19L2,-0.07846326780441348
CWH43,-0.3281551561140198
CX3CL1,-0.2034168243186728
CX3CR1,0.26585949136187903
CXADR,-0.23109931483980883
CXCL1,-0.6648185134639336
CXCL10,-0.0015573326335256432
CXCL11,-0.36918056384820536
CXCL12,0.7963998178058456
CXCL13,0.5547524993301036
CXCL14,-0.27701406510523485
CXCL16,0.3598970740763043
CXCL17,-0.37658633898731875
CXCL2,-0.7411304560716926
CXCL3,-0.8229730467898836
CXCL5,0.08920778187842793
CXCL6,0.030346453070088764
CXCL8,0.7948604678931517
CXCL9,-0.06612106899870751
CXCR1,-0.10184782294300287
CXCR2,0.7372169849622194
CXCR3,0.24353676753212639
CXCR4,0.2114095773335274
CXCR5,-0.8724065779090916
CXCR6,1.782881296074768
CXXC1,0.12164383263365952
CXXC4,-0.8251867582866018
CXXC5,0.5297398234513735
CXorf38,0.640899463328624
CXorf58,0.21240894873842242
CXorf65,0.8092416590548861
CXorf66,-1.5569252597827719
CYB561,0.35371029900426354
CYB561A3,-0.15633865258586965
CYB561D1,0.08660643389060985
CYB561D2,0.1213476969760654
CYB5A,-0.04357326917609727
CYB5B,-0.7997414017247341
CYB5D1,0.1797974102765414
CYB5D2,0.14897508685283345
CYB5R1,-0.5823980281783427
CYB5R2,-0.8664944736123463
CYB5R3,-0.29164795332261595
CYB5R4,0.10193922297514746
CYB5RL,-0.13163191620053194
CYBA,0.23367119929936897
CYBB,-0.5710112453246827
CYBC1,-0.1170631354378342
CYBRD1,-0.3673470401430592
CYC1,-0.08864658883941967
CYCS,0.4484397275254124
CYFIP2,0.1854093568274342
CYGB,0.8790294875624065
CYLC2,0.9566376687669349
CYLD,0.3133324371937034
CYP11A1,0.994609867216574
CYP11B1,0.3583059088816265
CYP11B2,0.14111493428090738
CYP17A1,0.46311088536440054
CYP19A1,0.23297793486675383
CYP1A1,-0.30571261287096774
CYP1A2,0.08574685892674255
CYP1B1,0.07999262679615615
CYP20A1,-0.25978634867843553
CYP24A1,-0.20074057125739908
CYP26A1,-0.4327974425892318
CYP26B1,0.7473527344784436
CYP26C1,-0.4148841736500051
CYP27A1,-0.40797613107775754
CYP27B1,0.3235201299841346
CYP27C1,0.3821775551402949
CYP2A13,-0.5765473846260685
CYP2A6,-0.2300644648569241
CYP2A7,-1.1187282194452333
CYP2B6,1.0223315560481983
CYP2C18,-0.5710107533053925
CYP2C19,0.45259765317832845
CYP2C8,0.5927056632902181
CYP2C9,-0.09257044250691049
CYP2D6,0.5710109501131289
CYP2E1,-0.13047872467867228
CYP2F1,0.7059746113189735
CYP2J2,-1.0620125954735136
CYP2R1,0.23893155326192872
CYP2S1,-0.691783584022388
CYP2U1,-1.4016551488365583
CYP2W1,0.2155699952799207
CYP39A1,0.30250379612343914
CYP3A4,1.708649143530356
CYP3A5,1.7215668793171373
CYP3A7,-0.5285561321489398
CYP3A7-CYP3A51P,-0.5769084623732321
CYP46A1,0.15271029927971824
CYP4A11,0.07446152777260939
CYP4A22,-0.6132552027066425
CYP4B1,0.41587436986015497
CYP4F11,-0.1333597634086051
CYP4F12,-0.19591076738982213
CYP4F2,-0.2645658468953258
CYP4F22,1.319495607453161
CYP4F3,-0.011180518024177355
CYP4F8,-0.10272455300697181
CYP4V2,-0.2738242981679564
CYP4X1,0.5126596714054528
CYP4Z1,-0.007497101090206293
CYP51A1,-0.25501084123395135
CYP7A1,0.9107989981113582
CYP7B1,0.03228959629111694
CYP8B1,-0.1539089021878
CYREN,-0.15083556505208495
CYRIA,1.296529146176502
CYRIB,0.05805538551991285
CYS1,0.21384355387806409
CYSLTR1,0.9394013879887391
CYSLTR2,-0.2575831672597624
CYSRT1,0.20681555751894898
CYSTM1,0.9382081475307329
CYTH1,0.1294536624844751
CYTH2,-0.1842523502873581
CYTH3,0.10184842523373283
CYTH4,0.8184135908073538
CYTIP,-0.23935339236774933
CYTL1,-0.9476153696886686
CYYR1,0.5707768342645292
CZIB,0.05971821022599588
D2HGDH,-0.0671678001936562
DAAM1,-0.045431146317636895
DAAM2,0.786657957748039
DAB1,0.32498482944800156
DAB2,0.4042783756591558
DAB2IP,-0.13941988528614976
DACH1,-0.19024341807896183
DACH2,0.3856265971689772
DACT1,1.198220671617186
DACT2,-0.41167331176593613
DACT3,0.1816423726637666
DAD1,-0.055513051209536535
DAG1,0.08504500494586686
DAGLA,1.1246775499541886
DAGLB,-0.08749385821298317
DALRD3,0.0888023063438137
DAND5,0.15012576012631684
DAO,0.45987608112944445
DAOA,-1.0330833400718853
DAP,-0.11576299739264861
DAP3,-0.20018035062385664
DAPK1,0.40875598231201904
DAPK2,0.27478749998730273
DAPK3,0.44743282488192904
DAPL1,0.39013886574583734
DAPP1,-0.2993865990065032
DARS1,0.05331991300999395
DARS2,-0.18710036096908045
DAW1,-0.2113126800890206
DAZ1,-0.34837945367047984
DAZAP1,-0.01563041104052676
DAZAP2,-0.26329885279051624
DAZL,1.2956857324020539
DBF4,-0.14240209199109888
DBF4B,0.28431578125424295
DBH,-1.539980823329811
DBI,-0.15302971433072265
DBN1,-0.49940795404059646
DBNDD1,-0.5670572178608624
DBNDD2,-0.16070267896464807
DBNL,0.09018972346961673
DBP,0.1735975708136941
DBR1,-0.6006886132778901
DBT,-0.2726559324785569
DBX1,-0.08596500234852145
DBX2,-0.7709024221725446
DCAF1,-0.008581116466804595
DCAF10,-0.2119501387476861
DCAF11,0.21643960612601454
DCAF12,-0.16376178811187092
DCAF12L1,0.8120137872493371
DCAF12L2,3.736925453523554e-07
DCAF13,-0.21797775665600305
DCAF15,-0.1673243527487993
DCAF16,-0.09676009112946637
DCAF17,-0.06856596111409985
DCAF4,-0.12074830557212568
DCAF4L1,-0.7885631789264457
DCAF4L2,-0.2813729196984225
DCAF5,0.11652793127523076
DCAF6,-0.19651643887439185
DCAF7,-0.23031339937679274
DCAF8,-0.1660488924230572
DCAF8L1,-0.6100472757043103
DCAF8L2,-0.04512290946810982
DCAKD,-0.1458157950751957
DCANP1,1.512912420740334
DCBLD1,-0.8600360658474435
DCBLD2,-0.432554717205063
DCC,0.2138552722979003
DCD,0.6921952903072692
DCDC1,-0.26166637992114383
DCDC2,0.08121803083018764
DCDC2B,0.41574764137242903
DCDC2C,-1.1404052728390992
DCHS1,-0.40653098166544793
DCHS2,-1.0537757481002872
DCK,-0.02953742505245227
DCLK1,-0.22582820237888027
DCLK2,-1.2173271570636737
DCLK3,-0.3523107438526958
DCLRE1A,-0.060434704824221086
DCLRE1B,-0.3037439016718775
DCLRE1C,0.26364006821224173
DCN,-0.7982705098907541
DCP1A,0.2724389069057418
DCP1B,0.09964868024649487
DCP2,0.07479368321795832
DCPS,-0.11374789715617295
DCST1,0.1230664638765796
DCST2,0.1298342453990914
DCSTAMP,0.5384145995129649
DCT,-0.9152170261686164
DCTD,-0.011052519645358139
DCTN1,-0.2634099487683814
DCTN2,-0.10997672805020509
DCTN3,-0.2741956104060801
DCTN4,-0.13834316882475672
DCTN5,-0.10515244765310161
DCTN6,0.25342240137479966
DCTPP1,0.0006106744041556311
DCUN1D1,-0.13065754866199275
DCUN1D2,-0.23882628512688964
DCUN1D3,0.3821688936613512
DCUN1D4,0.15801001390879232
DCUN1D5,-0.13353707831736283
DCX,0.731581356734651
DCXR,-0.01536882072424639
DDA1,-0.09018501759145003
DDAH1,-0.43326221260879727
DDB1,-0.4255394236720573
DDB2,0.19753054257007463
DDC,1.2384903324761831
DDHD1,0.15047930746372007
DDHD2,-0.6221589310571616
DDI1,-0.6967988487261081
DDI2,0.0413763458121057
DDIAS,-0.12313064046916722
DDIT3,0.1348651893117392
DDIT4,0.32725648138130037
DDIT4L,0.31890599943557457
DDN,0.5970890941542579
DDO,-0.26867662317202756
DDOST,-0.126865901306906
DDR2,-0.12651663457148743
DDRGK1,-0.21956012281122916
DDX1,-0.27107975426539577
DDX10,-0.21291350823580357
DDX11,-0.0793942338507514
DDX17,-0.10031555224105038
DDX18,-0.12217246413081906
DDX19A,-0.10394435856589546
DDX19B,0.3015759559081017
DDX20,-0.2340286966089602
DDX21,-0.13720067900717314
DDX23,0.20273125471994868
DDX25,0.21914426706470125
DDX27,-0.04115635357366276
DDX28,0.053243756915369644
DDX31,0.15504109196940785
DDX39A,0.08376118882814598
DDX3X,0.23033929349426074
DDX3Y,-0.010248673576447764
DDX4,0.40910861772832874
DDX41,-0.1775135670992598
DDX42,-0.03738614204506696
DDX43,-0.6931700356857586
DDX46,0.00329104068257724
DDX47,-0.21876435345585943
DDX49,-0.09331764372024187
DDX5,-0.07743841558506759
DDX50,-0.05955977695451509
DDX51,0.10818619007737773
DDX52,1.490923102453325
DDX54,-0.19992572066234526
DDX55,-0.03767787629738262
DDX56,-0.016228937019934442
DDX59,0.08565883137718089
DDX6,-0.1887856458795918
DDX60,1.7428254995369175
DDX60L,-0.5775641893344168
DEAF1,-0.30002890477586275
DECR1,-0.4134184962619618
DECR2,-0.8644100341008383
DEDD,0.04671965867620287
DEDD2,0.09815016746186522
DEF6,-0.5865945923060054
DEF8,0.04551365351857295
DEFA1B,0.7893925608396586
DEFA3,-0.7210975618506068
DEFA4,0.12006764238961387
DEFA5,-0.19388185888595388
DEFA6,-1.4407664617560187
DEFB1,0.20395441058898856
DEFB104B,-0.5710111469208381
DEFB107A,0.5710111469208381
DEFB108B,-0.3280968608305348
DEFB109B,-0.31357418847596996
DEFB110,-0.5710123277665304
DEFB112,0.19824510691467367
DEFB113,-0.8873209315856823
DEFB114,1.2877802279440451
DEFB115,-0.4697911709899758
DEFB116,0.9893149038129851
DEFB118,0.13303831456669135
DEFB119,0.7431880779175111
DEFB121,-1.3791781708196122
DEFB123,0.22163812451221454
DEFB124,-0.9607459212026535
DEFB125,0.9107990873003846
DEFB126,0.9520368042193028
DEFB127,0.3628881721179291
DEFB128,-0.37492619250686854
DEFB129,-0.5912329774860099
DEFB131A,-0.5710108517092642
DEFB131B,-0.09849666077933539
DEFB132,-0.5600180306982014
DEFB134,-0.10142799718367623
DEFB135,0.8205402082958935
DEFB136,0.5058969369787243
DEGS1,0.007131717470634569
DEGS2,-0.30610113290727503
DEK,0.6557879605291108
DELE1,0.10711211061304748
DENND10,-0.08384440789664138
DENND11,-1.4947700632816918e-07
DENND1A,0.762265620284535
DENND1B,-0.14281432752024248
DENND1C,-0.6098503305343597
DENND2A,-0.15564195592632002
DENND2B,-0.031289667874248916
DENND2C,-0.7552447721381765
DENND2D,-0.4057816385830084
DENND3,2.1673569956137393
DENND4A,-0.08158356274603218
DENND4B,-0.09875509317315334
DENND4C,-0.14304821889745867
DENND5A,0.5199222768361098
DENND5B,-0.08899933622468215
DENND6A,-0.12530626857104554
DENND6B,0.5885206219047256
DENR,-0.2578227780730735
DEPDC1,-0.3977310124140958
DEPDC1B,0.1875910260189655
DEPDC4,-0.1730536002369023
DEPDC5,-0.210165508219593
DEPDC7,-0.1910098998411617
DEPP1,0.5621565062235039
DEPTOR,-0.2133308461299035
DERA,-0.1974128214130988
DERL1,0.01920906095493624
DERL2,0.196515938417277
DERPC,0.0597817863082315
DES,-0.16220730641782782
DESI1,0.0
DESI2,-0.03294405097961839
DET1,-0.08418220484662964
DEUP1,-0.1529990734376232
DEXI,0.5036425316236302
DFFA,-0.10349384752363511
DFFB,-0.37316652029517394
DGAT1,0.1157054716633481
DGAT2,-0.3040023698758402
DGAT2L6,0.7509025623188921
DGCR2,-0.1004329456820896
DGCR6L,0.18038489519399148
DGCR8,0.06049866833876605
DGKA,-0.22832302733206866
DGKB,-0.0641577168171159
DGKD,0.22418090093159826
DGKE,-0.09279449907599346
DGKG,0.23375080525539604
DGKH,-0.06117341679709121
DGKI,-0.9082104819207231
DGKK,-0.18549200507649743
DGKQ,-0.22951458941076952
DGKZ,-0.27677250770142875
DGLUCY,-0.14086573542561975
DGUOK,0.22951134084578806
DHCR24,0.29381175251018554
DHCR7,-0.00944717170129028
DHDDS,-0.11410664700248052
DHDH,0.6508095943548261
DHFR,-0.043550500507646195
DHFR2,-0.03325209448745614
DHH,-0.10895329161959633
DHODH,0.1587902092638187
DHPS,0.2059316265611475
DHRS1,0.10219579149188363
DHRS12,0.12362940724363414
DHRS13,-0.10038295089044791
DHRS2,-0.5944225589399356
DHRS3,0.5405305599168586
DHRS4,-0.29923062800077815
DHRS4L2,0.9816806096258655
DHRS7,-0.19747661008054537
DHRS7B,0.5157306336842481
DHRS7C,-0.14687379921051846
DHRS9,-0.4830649425017086
DHTKD1,0.17752745997574593
DHX15,-0.11079207349345666
DHX29,0.010349616417110852
DHX30,0.12466120233360733
DHX32,0.6728621944103148
DHX33,0.33740805728613044
DHX34,-0.00932891973894634
DHX35,0.03453528515961146
DHX36,0.006899816835934214
DHX37,-0.11310343380668808
DHX38,-0.3521356762904282
DHX40,-0.132934044107758
DHX57,-0.3540550831240594
DHX58,0.6439274590185811
DHX8,-0.20131692119926425
DHX9,-0.009338290063150012
DIABLO,0.10724847112478741
DIAPH1,-0.13484846787716487
DIAPH2,-0.35537454685002423
DIAPH3,-0.18204319664700064
DICER1,-0.1380997621288076
DIDO1,0.1261363547601766
DIMT1,-0.11929305458252015
DIO1,-0.3740332928866361
DIO2,0.025549340043213742
DIO3,-0.43220735292615375
DIP2A,-0.3912704109010061
DIP2B,-0.14980404824077187
DIP2C,0.949648331663216
DIPK1A,-0.11188775066670598
DIPK1B,-0.8725094689620101
DIPK1C,-0.3554207169902843
DIPK2A,0.04092941749399692
DIPK2B,-0.13983543038584667
DIRAS1,-0.27055558999090845
DIRAS2,0.03465834474147367
DIRAS3,0.8031382454048852
DIS3,-0.14313459901625336
DIS3L,-0.21324320117253848
DIS3L2,-0.09364067315404778
DISC1,-0.14906901077632573
DISP1,-0.5221220372266755
DISP2,0.004112093168581743
DISP3,-0.4424793630535908
DIXDC1,0.008285058941606138
DKC1,-0.08094213373612202
DKK1,0.784545299977982
DKK2,0.06366755858186957
DKK3,0.10117121375530624
DKK4,0.30759318051476964
DKKL1,0.05441383537619743
DLAT,-0.3363160996998067
DLC1,0.3488601163502745
DLD,0.20230982988343982
DLEC1,-0.9148943350798806
DLEU7,0.8169087547475264
DLG1,-0.1138686538713154
DLG2,-0.27996994898622374
DLG3,0.1691417027126958
DLG4,0.4664801379418817
DLGAP1,1.0608017846125206
DLGAP3,-0.3401087980133939
DLGAP4,0.8453973783035349
DLGAP5,-0.24718626889189643
DLK1,-0.0043522460229409275
DLK2,-0.24297335713663865
DLL3,-0.14871307259731475
DLL4,0.6916124994690822
DLST,-0.006734105862861384
DLX1,-0.9896802998911528
DLX2,0.12847643978757173
DLX3,-0.31994549018238483
DLX4,-0.1431398246898974
DLX5,-0.25274686242928923
DLX6,1.011536839103118
DMAC1,-0.10769375610076981
DMAC2,-0.1006796082479342
DMAC2L,0.19787309003497455
DMAP1,-0.4289898787538342
DMBT1,1.2081260416054123
DMBX1,0.15487315828121984
DMC1,-0.07101458201983135
DMD,-0.5561997221927033
DMGDH,-0.009646110489009097
DMKN,0.16156882350766588
DMP1,-0.43253457523843664
DMPK,0.015287494931545575
DMRT1,-0.03593368176674125
DMRT2,-0.3102667022285841
DMRT3,-0.7688655107475246
DMRTA1,-0.19602294799899256
DMRTA2,1.960730440814825
DMRTB1,-0.6378770702772032
DMRTC2,0.272001762899869
DMTF1,0.23888081914202708
DMTN,0.01749091360466848
DMWD,0.11752989270063452
DMXL1,0.6982056115822995
DMXL2,0.007756250339227222
DNA2,-0.19789864516630828
DNAAF1,-0.591349800552986
DNAAF10,-0.09546305986188752
DNAAF11,0.053712313455719266
DNAAF2,-0.06313112968326084
DNAAF3,-0.8710006498881137
DNAAF4,1.1429651264067995
DNAAF5,-0.12935472306680662
DNAAF6,-0.5182647406789207
DNAAF8,-0.08419444673853027
DNAAF9,-0.21429690136309087
DNAH1,1.3459062193646447
DNAH10,0.3934741576236207
DNAH11,-0.8664943633068674
DNAH12,-0.8691764946310785
DNAH14,-0.903734349898693
DNAH17,1.257950781310521
DNAH2,0.13775883316018417
DNAH3,-0.5685276593050428
DNAH5,0.44888433037534853
DNAH6,0.9084009511387956
DNAH7,-0.029858799544654424
DNAH8,0.3192204506132009
DNAH9,-0.058346910398056395
DNAI1,0.23056219334632377
DNAI2,0.29882756546982686
DNAI3,-0.02833735983537533
DNAI4,-0.23509270314835096
DNAI7,-0.17957354802894843
DNAJA1,0.06222196025617244
DNAJA2,0.03724130061404818
DNAJA4,0.047542041839187865
DNAJB1,0.07791628820019803
DNAJB11,-0.011802625195342031
DNAJB12,0.25534070695084976
DNAJB13,0.5615312623302198
DNAJB14,0.03213721054109531
DNAJB2,0.8408832837034232
DNAJB4,0.06764980441688007
DNAJB5,0.9153447164698179
DNAJB6,-0.08695050303315455
DNAJB7,0.26739174003756794
DNAJB8,-0.41106641444534714
DNAJB9,0.0765684671983422
DNAJC1,0.1260470623704153
DNAJC10,-0.37584222699328507
DNAJC11,-0.1868012899100453
DNAJC12,0.3327097699617536
DNAJC13,-0.3943569695602531
DNAJC14,-0.03917122071209311
DNAJC15,0.2037458288944718
DNAJC16,0.36644654313162306
DNAJC17,-0.11897238405043709
DNAJC18,1.795658754680216
DNAJC19,-0.00363288535769124
DNAJC2,-0.0035279313326013195
DNAJC21,0.03470886083768221
DNAJC22,-0.3622796129835116
DNAJC24,-0.261885190386157
DNAJC25,-0.058566087928579424
DNAJC25-GNG10,-0.05831347030318046
DNAJC27,-0.13922436089379087
DNAJC3,-0.08949056141970146
DNAJC30,0.20603921422199845
DNAJC4,-0.028280329550967487
DNAJC5,0.2288930849218871
DNAJC5B,-0.045370727465611826
DNAJC5G,-1.293046623500088
DNAJC6,0.47719211036969467
DNAJC7,-0.26838064614859825
DNAJC8,-0.21582743428398787
DNAJC9,-0.06779422435572346
DNAL1,-0.2766080724986346
DNAL4,-0.08228054674267504
DNALI1,-0.2580360308669895
DNASE1,-0.11986489703163006
DNASE1L1,-0.15460810293535854
DNASE1L2,0.12974210962689503
DNASE1L3,0.5036009576714475
DNASE2,0.13573384580268888
DNASE2B,-0.20022675527433365
DND1,0.06420589364216767
DNER,0.1847991599814166
DNHD1,-0.10917830775726789
DNLZ,-0.28229092448478754
DNM1,-0.19825929056533598
DNM1L,-0.26271377256948014
DNM2,0.027904970505039373
DNM3,0.2948789143809485
DNMBP,-0.9457659287532914
DNMT1,0.10425882106853246
DNMT3A,1.0235146690145152
DNMT3B,0.6363185324355842
DNMT3L,0.2583112250607988
DNPEP,-0.6849312537546188
DNPH1,-0.005623318006389599
DNTT,0.025349609256747785
DNTTIP1,-0.028641804864887987
DNTTIP2,-0.035570022418816905
DOC2A,0.18586815615957988
DOCK1,1.048112297899043
DOCK10,-0.13938657300742463
DOCK11,-0.5898934722719584
DOCK2,-0.23152321917105922
DOCK3,0.05506046814479548
DOCK4,-0.06649827282304965
DOCK5,0.27061209573956113
DOCK6,0.4867511363507194
DOCK7,-0.18952409548994414
DOCK8,-0.029778158353666706
DOCK9,-0.1804414190206396
DOHH,0.04663847902328255
DOK1,0.44758354232282793
DOK2,0.12828621418050723
DOK3,-0.4705802638627712
DOK4,-0.34925230115076866
DOK5,0.12023995230949414
DOK6,-0.16998928445122186
DOK7,0.05452431322056279
DOLK,0.2588423824010153
DOLPP1,-0.10221452266818654
DONSON,0.02549405905771085
DOP1A,-0.21649619142568444
DOP1B,0.21628468884546503
DOT1L,0.06509446417347586
DPAGT1,-0.1351377442015007
DPCD,-0.37868659144398165
DPEP1,-0.009898354849590119
DPEP2,0.1719216506636897
DPEP2NB,-1.0221635062203527
DPEP3,-0.905367155564223
DPF1,-0.8542045156151978
DPF2,0.11440972414911466
DPF3,-0.06624974764098113
DPH1,0.07594202602902156
DPH2,-0.07388503463453144
DPH3,0.06823140872247979
DPH5,0.5971584720100758
DPH6,-0.19689915268911307
DPH7,-0.09641689891817329
DPM1,-0.3468524581992982
DPM2,-0.0392148970102002
DPM3,-0.12840175076950322
DPP10,0.5364978972208649
DPP3,-0.0762524026893967
DPP4,-1.0576320051244377
DPP6,0.05171423678135856
DPP7,0.5379191502136247
DPP8,-0.13421929593344561
DPP9,0.1672411044020734
DPPA2,-0.18991399748704008
DPPA3,-0.352115275268827
DPPA4,-0.19256446271829364
DPPA5,-0.5751505600712948
DPRX,0.011148068215744544
DPT,-0.6181871842926073
DPY19L1,0.165991856471166
DPY19L2,-0.00959130689031662
DPY19L3,0.005193789218620459
DPY19L4,-0.1527848359167998
DPY30,-0.3645595460577895
DPYD,-2.1069893432332196
DPYS,0.5988193350221661
DPYSL2,-0.08424941964119081
DPYSL3,-1.6716104552881406
DPYSL4,0.5754874341147889
DPYSL5,-0.4804312142374977
DQX1,-0.5629414804048078
DR1,0.3445750981691291
DRAM1,0.32850118718377885
DRAM2,-0.2063387757925339
DRAP1,0.1633741525947361
DRAXIN,-0.5706644833297642
DRC1,0.7200169993910076
DRC12,-0.4816550508123218
DRC3,0.05171749752605592
DRC7,0.07568513304879865
DRD1,-0.6877854038392126
DRD2,0.1962092132956017
DRD3,0.11278250995318873
DRD5,-0.5639192723010584
DRG1,-0.30140086148055456
DRG2,-0.0337013502797916
DRGX,-0.7355129509700482
DRICH1,-0.10757108148724182
DROSHA,-0.20094656235695396
DRP2,-0.6494365652630443
DSC1,0.014666358337746432
DSC2,0.9495506120440587
DSC3,-0.33351099174437304
DSCAM,0.09584105367346796
DSCAML1,0.22609306095740944
DSCC1,-0.32849090407983983
DSE,-0.08038633456815791
DSG1,-0.16638579422259925
DSG2,0.19449015846436102
DSG3,-0.5797527533873397
DSG4,-1.0232870810490318
DSN1,-0.16489706203918342
DSP,-0.6712263024846079
DSPP,-0.7173479611460589
DST,0.3458643431955508
DSTN,-0.18267079600340708
DSTYK,-0.2738771938050575
DTD1,-0.5535679216659157
DTD2,0.11889442622032531
DTHD1,0.5079588097918927
DTL,0.16698739272611096
DTNA,-0.5794358904460126
DTNB,-0.0630666083403405
DTNBP1,-0.3957636959826014
DTWD1,-0.23137413071131174
DTWD2,-0.16269784296236622
DTX1,-0.6466023462031043
DTX2,-1.2422376627024687
DTX3,-0.23957066710368702
DTX3L,0.09563391712382474
DTX4,0.35011172340976515
DTYMK,-0.17764061085529814
DUOX1,0.012781012275516201
DUOX2,0.9464693948162692
DUOXA1,0.012780711630287489
DUOXA2,0.8236883541246699
DUS1L,-0.14915847480039268
DUS2,-0.2003472679522521
DUS3L,0.017225746657470342
DUS4L,-0.2992403712839673
DUS4L-BCAP29,-0.3027642598421614
DUSP1,0.6257402415800941
DUSP10,0.14601437729018762
DUSP11,0.20949645365886305
DUSP12,-0.11003192590425481
DUSP13A,0.10084882182160038
DUSP13B,0.1291924020208275
DUSP15,-0.21673681892210078
DUSP16,0.16797639052392732
DUSP18,-0.22303942106481678
DUSP19,0.43148082028362644
DUSP2,1.159011519559872
DUSP21,-0.38562660324894615
DUSP22,-0.2531353480431855
DUSP23,0.034284998942800016
DUSP26,-0.2955475143306695
DUSP28,0.2903294285265652
DUSP29,0.026194232709811388
DUSP3,0.29747224492665447
DUSP4,0.39870026287215055
DUSP5,0.08041858351854092
DUSP6,0.09651826228366733
DUSP7,0.08262382757994846
DUSP9,5.191422407513357e-07
DUT,-0.03836229791058621
DUXA,1.0652428779875929
DVL1,0.41253103520843837
DVL2,0.3396549951790897
DVL3,-0.13284928219901282
DYDC1,0.2851719323902715
DYDC2,0.7226741606009581
DYM,-0.2530259050749435
DYNAP,0.03540880792473855
DYNC1H1,0.12578307858549342
DYNC1I1,0.18833228236788724
DYNC1I2,-0.17497855559593978
DYNC1LI1,-0.03550426933352213
DYNC1LI2,-0.02717459035943337
DYNC2H1,-0.315435340420676
DYNC2I1,-0.16886176028408162
DYNC2I2,-0.1302693414435132
DYNC2LI1,0.13810823998934407
DYNLL1,-0.27850686026770166
DYNLL2,-0.04515225777568421
DYNLRB1,-0.20315475413933903
DYNLRB2,-0.015407047302772758
DYNLT1,0.6437031420769896
DYNLT2B,-0.17063973107449115
DYNLT3,-0.10921251347592897
DYNLT4,0.883590344832081
DYNLT5,-1.0354842215426039
DYRK1A,0.12865417073569052
DYRK1B,-0.17901869151655259
DYRK2,-0.003270325450082101
DYRK3,0.4500577401896253
DYRK4,-0.5590835388703713
DYSF,0.2275071346617183
DYTN,-0.5139972698108171
DZANK1,-0.2740681644918723
DZIP1,-0.19714365131131428
DZIP1L,0.3379460118337473
DZIP3,0.07353831543487477
E2F1,-0.031922837636581214
E2F2,0.07733270747540821
E2F3,0.14411799138283232
E2F4,0.2606773750355411
E2F5,0.02833198025776973
E2F6,0.10601165517455424
E2F7,-0.21594880813913786
E2F8,-0.46256927328336106
E4F1,0.10605777201421906
EAF1,0.017228015191211643
EAF2,-0.05909713819518281
EAPP,0.14584640896167755
EARS2,0.001125559714983737
EBAG9,-0.04226666969496762
EBF1,-0.8934891253574377
EBF2,-0.1619377837811655
EBF3,-0.20257837456281913
EBF4,0.7362184526049
EBI3,1.2684456445112666
EBLN1,0.3250428656111227
EBLN2,-0.23040180999582982
EBNA1BP2,0.47051090147001073
EBP,-0.0013664395245611693
EBPL,-0.20177826396174847
ECD,0.14299694260876716
ECE1,0.8290000068061381
ECE2,-0.6905052077679719
ECEL1,0.06505911051918281
ECH1,-0.13052747238882878
ECHDC1,-0.3137144878550231
ECHDC2,-0.09460555673454851
ECHDC3,0.4985077608163182
ECHS1,-0.07760592943866929
ECI1,0.24411495059031152
ECI2,-0.12460192944231618
ECM1,-0.13453742518399392
ECM2,0.046562564270750784
ECPAS,0.018546878298121072
ECRG4,0.01793302278103015
ECSCR,0.44030360200470375
ECSIT,0.1087032119118363
ECT2,-0.2887133755271387
ECT2L,-0.272548403595382
EDA,0.1655977292018913
EDA2R,-0.7023218494995391
EDAR,0.5706767095664771
EDARADD,-0.3968606074691037
EDC3,-0.47870459567449153
EDC4,-0.04258378130084717
EDDM13,1.2398854783757391
EDDM3A,-0.34154509523297394
EDDM3B,-0.38273731814683654
EDEM1,0.13956318237318932
EDEM2,0.07921549634740721
EDEM3,-0.04845135183960103
EDF1,0.10234736029366731
EDIL3,-0.09359106226141445
EDN1,0.24223818648312623
EDN2,1.0450437011151847
EDN3,-0.2935947381579732
EDNRA,0.17238194231013695
EDNRB,-0.5634160825512553
EDRF1,-0.029099156824915262
EEA1,0.41309004820707784
EED,0.03101999842232761
EEF1A1,-0.042518721864486686
EEF1A2,0.2173742468503495
EEF1AKMT1,0.29567019665652694
EEF1AKMT2,-0.05361081481579921
EEF1AKMT3,0.056995320822290196
EEF1AKMT4,-0.10605983645320416
EEF1AKMT4-ECE2,-0.10624203635879814
EEF1B2,-0.1427853923521516
EEF1E1,-0.10037889199762562
EEF1E1-BLOC1S5,-0.08753168691858426
EEF1G,-0.22526091121954828
EEF2,0.2995006478203459
EEF2K,0.7926150288704301
EEF2KMT,0.17075255459940974
EEFSEC,0.12905425604078857
EEIG1,0.4114893020464301
EEIG2,0.0523668093827947
EEPD1,-0.07275029510273123
EFCAB10,0.3498914784291115
EFCAB11,-0.15861886329549524
EFCAB12,0.5978699613808611
EFCAB13,0.09877611787754487
EFCAB14,-0.03932872919954633
EFCAB2,-0.1801970128744559
EFCAB3,0.5673633822221058
EFCAB5,0.06691788062721216
EFCAB6,0.20363099787824135
EFCAB7,-0.14078035270293787
EFCAB8,-0.5505823330468657
EFCAB9,0.6293420259098077
EFCC1,-0.6349930508901971
EFEMP1,-0.9924462366657267
EFEMP2,-0.13270170317968955
EFHB,-0.10485666539370264
EFHC1,-0.006281783053493584
EFHC2,0.5561992250960452
EFHD1,-0.3560384782756716
EFHD2,0.04842152232375074
EFL1,1.0924425514227836
EFNA1,-0.5735101627522596
EFNA2,-0.33172695616254183
EFNA3,-0.5408454160880194
EFNA4,-0.12208598593957332
EFNA4-EFNA3,-0.1276241757364729
EFNA5,-0.2616839939913578
EFNB1,0.2200948371118201
EFNB2,-0.1613370357446211
EFNB3,-0.128882120999968
EFR3A,-0.03258418195667012
EFR3B,0.40263496753483496
EFS,0.18091785943593172
EFTUD2,-0.16256883630227215
EGF,0.7969053995712817
EGFL6,0.11209116039238842
EGFL7,-0.018521162634699273
EGFLAM,-0.5478283907271297
EGFR,0.2808975432275065
EGLN1,-0.09614725794449974
EGLN2,-0.07944465440678616
EGLN3,-0.20064985229118149
EGR1,0.897050587815885
EGR2,1.286975330328105
EGR3,0.944432070834941
EGR4,-0.12286916354326649
EHBP1,0.5202076515533312
EHBP1L1,0.586616926307749
EHD1,-0.16451160401422715
EHD2,0.37557135193093866
EHD3,0.386108108564414
EHD4,-0.07516237547243065
EHF,0.8933817916057478
EHHADH,0.7204743602652826
EHMT1,-0.049477470970332504
EI24,-0.27329802792068314
EID1,0.09123773203320873
EID2,0.09242467746246996
EID2B,-0.1577490242520425
EID3,-1.3589716870850237
EIF1,0.02835277654090529
EIF1AD,0.01944752677188255
EIF1AX,0.19197340967393428
EIF1AY,-0.07606829295134698
EIF1B,-0.012577999632465975
EIF2A,-0.03537714703418171
EIF2AK1,0.030504587785763704
EIF2AK2,-0.4751670057779065
EIF2AK3,-0.19629081996113218
EIF2AK4,0.20419937530817878
EIF2B1,-0.07094944652659452
EIF2B2,0.41437435422758906
EIF2B3,-0.028408081017092357
EIF2B4,-0.12441366083619876
EIF2B5,-0.038396088179724064
EIF2D,-0.03456525376949848
EIF2S1,-0.20920708408989785
EIF2S2,0.02867802251880125
EIF2S3,0.026407001596785662
EIF2S3B,0.13380318622478016
EIF3A,0.002991759067311861
EIF3B,-0.023149440250207043
EIF3C,-0.5710110485169868
EIF3CL,0.5683903160566186
EIF3D,0.028619989733507545
EIF3E,0.29249988882189903
EIF3G,0.1514154268867518
EIF3H,-0.05744873155733288
EIF3I,-0.06753335179240416
EIF3J,0.06546635885579022
EIF3K,-0.052238072630133914
EIF3L,0.12965123904653497
EIF3M,-0.18532032952405597
EIF4A1,0.18393233687843313
EIF4A2,0.41301060772091436
EIF4A3,0.07136568783196395
EIF4B,0.22003251195473528
EIF4E,0.12805166554488512
EIF4E1B,-1.2787862917553396
EIF4E2,-0.04413619746691566
EIF4E3,-0.31537012964262545
EIF4EBP1,-0.41756130808390823
EIF4EBP2,-0.04447430716844991
EIF4EBP3,-0.28085887856112945
EIF4ENIF1,0.01149699466251608
EIF4G1,0.22690337794583382
EIF4G2,-0.06485181625419045
EIF4G3,-0.3180673559996494
EIF4H,-0.010347646195112858
EIF5,0.16093841684050592
EIF5A,0.16037238681976795
EIF5A2,-0.5364062637721743
EIF5AL1,-1.7644642428920456
EIF5B,-0.1045817900659376
EIF6,-0.25584029542010445
EIPR1,0.006780454829286242
ELAC1,0.15278742256285227
ELAC2,-0.1848699985083324
ELAPOR1,0.2184346006842564
ELAPOR2,-0.13862559291084037
ELAVL1,0.20094178595381695
ELAVL2,-0.260204357312541
ELAVL3,0.05179371284828482
ELAVL4,-0.5929105238279075
ELF1,-0.03802731302752349
ELF2,0.4017369880452275
ELF3,0.3253467390721622
ELF4,0.27978534257379684
ELF5,-0.5551366292919472
ELFN1,0.189823415618662
ELFN2,0.6359867809382602
ELK1,0.4558635294805615
ELK3,0.1379236797569292
ELK4,0.234342238446116
ELL,0.1364667456021298
ELL2,0.28073470570414116
ELL3,-0.45903347916568604
ELMO1,-0.08267815037856296
ELMO2,-1.771899159431629
ELMO3,-0.563582700527224
ELMOD1,0.3377116379616423
ELMOD2,-0.29505381678593956
ELMOD3,-0.031608335685728406
ELN,0.33917138844862654
ELOA,-0.032717579075099756
ELOA2,0.43346750240498655
ELOB,-0.11731056862139866
ELOC,-0.08107029107771879
ELOF1,0.2587529525661876
ELOVL1,0.038602455875346386
ELOVL2,-0.024675414784706584
ELOVL3,-0.13632224119043368
ELOVL4,-0.28627820637682166
ELOVL5,-0.15103366583782352
ELOVL6,-0.37535954102586966
ELOVL7,0.1761561611652112
ELP1,-0.052789178542759
ELP2,0.07954956407023683
ELP3,0.24522329671373017
ELP4,-0.02420917715521753
ELP5,0.2549321748927902
ELP6,-0.3065621752323935
ELSPBP1,-0.5710108517092642
EMB,-0.2749939588207351
EMC1,-0.16048188325113522
EMC10,0.2292081296387729
EMC2,0.2906883621396892
EMC3,0.26285372679398966
EMC4,0.003140991600783405
EMC6,0.03616672665882703
EMC7,-0.017903343369450653
EMC8,0.2537971514556365
EMC9,0.1491991689507195
EMCN,-0.29436856185960913
EMD,0.4501477468441717
EME1,-0.16737680207530214
EME2,-0.16779918804767124
EMG1,-0.15645400955514877
EMID1,-0.6837608360959531
EMILIN1,-0.3231703348426196
EMILIN2,0.12663166801134218
EMILIN3,0.2403153010752479
EML1,0.42152442661343836
EML2,-0.0003380106607879796
EML3,-0.08443871435036066
EML4,-0.13876614552829114
EML5,-0.5049714953414659
EML6,-0.20130061364153296
EMP1,-0.2917886274220325
EMP2,0.1160882069802005
EMP3,-0.20801550306683847
EMSY,-0.33969509470090387
EMX1,-0.5236893989111726
EMX2,0.052346671046806126
EN1,0.4617445941294689
EN2,-0.18482317204829668
ENAH,-0.20953069290488746
ENAM,-0.9790378657978511
ENC1,1.4583080757421296
ENDOD1,-0.07287317649361347
ENDOG,-0.12407597306267393
ENDOU,0.2687827517118969
ENDOV,0.0003101562847702688
ENG,0.8603342439137941
ENGASE,0.7863080523043
ENHO,-0.6563636903110344
ENKD1,-0.13481420169511305
ENKUR,0.7192339536710406
ENO1,0.2751505195451873
ENO2,-0.23391156075319675
ENO3,0.3306287961744747
ENO4,0.3031296588697825
ENOPH1,0.0674936178734642
ENOSF1,-0.38367275812387946
ENOX1,0.24486749506175987
ENOX2,0.05972426901399519
ENPEP,0.31744479267082415
ENPP1,-0.9122060691638663
ENPP2,1.2834732298042748
ENPP3,0.11923747416332686
ENPP4,0.41335147076549994
ENPP5,-0.12750813217083867
ENPP6,-0.9321575128159434
ENPP7,-0.2701512607489767
ENSA,-0.13755739893544217
ENTHD1,0.17194669385007488
ENTPD1,-1.3945892006697225
ENTPD2,1.1977025771002263
ENTPD3,-0.4201559098010649
ENTPD4,-0.14218793170189858
ENTPD5,-0.4421340048893181
ENTPD6,-0.34280641545574264
ENTPD7,0.9573249065047711
ENTPD8,0.9495639709374952
ENTR1,-0.14322810157628396
ENTREP1,0.01061526892446607
ENY2,-0.3099988090998371
EOGT,-0.21841318215306993
EOLA1,0.5797896675633885
EOLA2,0.5157392956690439
EOMES,0.20173418257066666
EP300,0.08100227617558708
EP400,-0.39315495976287584
EPAS1,-0.18399234695505662
EPB41,0.2079971142999648
EPB41L1,0.08562703868998711
EPB41L2,0.06138419106863502
EPB41L3,0.45329881248270265
EPB41L4A,-0.04424242904743014
EPB41L4B,0.315765222731389
EPB41L5,-0.28888297934054585
EPB42,-0.08315266176146752
EPC1,-0.27271889700893404
EPC2,0.10255700050176753
EPCAM,-0.4708432430124917
EPDR1,-0.3129319225737559
EPG5,-0.06419797614316369
EPGN,0.9790218997386311
EPHA1,0.3426718257457786
EPHA10,-0.6923086369838194
EPHA2,0.4494088969815154
EPHA3,-1.415571959904096
EPHA4,0.4101818279166114
EPHA5,0.35997350546294204
EPHA6,-0.19819836367574678
EPHA7,-0.004462472720172972
EPHA8,-0.6622807731557706
EPHB1,0.7971141500639893
EPHB2,0.28098962308126607
EPHB3,-0.6781840650609159
EPHB4,0.17871644192341207
EPHX1,0.7375032999319601
EPHX2,-0.16796605890230176
EPHX3,0.06507125846751383
EPHX4,-0.9835291187140921
EPM2A,-0.10416583151448844
EPM2AIP1,0.019323169939069018
EPN1,0.007436519201238667
EPN3,0.24042955913799574
EPO,0.2604462992848555
EPOR,0.023040005698684696
EPPIN,0.2973265411540973
EPPIN-WFDC6,0.35145556519709387
EPPK1,-0.1887138847283537
EPRS1,-0.32727731712098596
EPS15,-0.0905262628157617
EPS15L1,-0.11592665454768936
EPS8,0.0011900111109666156
EPS8L2,-0.3794729145439293
EPS8L3,-1.1642200747437752
EPSTI1,0.9519743413379484
EPX,-0.2851070712639415
EPYC,0.06589761889590484
EQTN,-0.9576320931827977
ERAL1,-0.038057242526007506
ERAP1,0.20429644018749737
ERAP2,0.044990540488046626
ERAS,0.5701582748143421
ERBB2,-0.4832521418557265
ERBB3,-0.7742367620825085
ERBB4,-0.5469236252139819
ERBIN,0.15504899218798274
ERC1,-0.15627040829672723
ERC2,-0.7396165720789114
ERCC1,-0.08992534596893265
ERCC2,0.3579700839849158
ERCC3,-0.2462804094029578
ERCC4,-0.17469225204716166
ERCC5,-0.06779795451117199
ERCC6,-0.11637133348039219
ERCC6L,-0.28567269272726015
ERCC6L2,0.2438736803688073
ERCC8,-0.24117104573217407
EREG,-0.0290682061664137
ERF,0.3660602195003415
ERFE,0.4282654721328578
ERFL,0.7648155571098714
ERG,-0.305536595538769
ERG28,-0.05809168979076862
ERGIC1,1.0116166362658618
ERGIC2,-0.4208229883435557
ERGIC3,-0.09093411776465654
ERH,-0.008445688498334825
ERI1,-0.28909236003396144
ERI2,0.38254384244970474
ERI3,-0.5291055225629839
ERICH2,0.6325343351941756
ERICH3,0.5748883671485692
ERICH4,0.2159689499655429
ERICH5,-0.1035337353509751
ERICH6,-0.5570625873034811
ERICH6B,0.6927744267543398
ERLEC1,-0.07222043289540103
ERLIN1,-0.09321053741926066
ERLIN2,-0.44270637332179597
ERMAP,0.01535734747865325
ERMN,-0.7207656422043043
ERMP1,0.17168813439200456
ERN1,-0.09280223305326718
ERN2,0.9345846326181516
ERO1A,-0.387505765705062
ERO1B,0.748722421715228
ERP27,-0.17800567411443746
ERP29,-0.002848009445826527
ERP44,-0.16496727157913238
ERRFI1,-0.5632153260679359
ERV3-1,-0.041558850753138366
ERVFRD-1,-0.4865596776656871
ERVH48-1,-0.2915235226004125
ERVK3-1,-0.12056085475286071
ERVMER34-1,0.05659997180718579
ERVV-1,0.8188707496966892
ERVV-2,-0.9790236054917951
ERVW-1,0.14857789062260807
ESAM,-0.49973137675447166
ESCO1,0.15420069460477137
ESCO2,-0.05624521785757608
ESD,0.11466264587393882
ESF1,-0.24310747898284069
ESM1,-0.03563626916339002
ESPL1,0.02584034419881487
ESPN,-0.3169452830478609
ESPNL,-0.4224048324158562
ESR1,0.5710109501131289
ESR2,-0.11861613063053333
ESRP1,-0.0742801210341899
ESRP2,0.4443004299930946
ESRRA,0.04243282920374547
ESRRB,-1.0162677258053086
ESRRG,-0.23568537347402718
ESS2,-0.20521583130468013
ESX1,-0.24349319175645912
ESYT1,-0.03640040021920754
ESYT2,0.1418873653030186
ESYT3,-0.11117212807287857
ETAA1,-0.12808319750559516
ETDC,-0.32080918166162053
ETF1,0.14894973352394736
ETFA,-0.007716329032584568
ETFB,0.2043898152917878
ETFBKMT,-0.27665714850186507
ETFDH,0.14624942260911933
ETFRF1,-0.1796910385268755
ETHE1,-0.26233753138345195
ETNK1,-0.12167670040290002
ETNK2,-1.288260648878509
ETNPPL,0.1514179425254385
ETS1,0.6020196110081069
ETS2,0.6343972596522982
ETV1,-0.33181674328015376
ETV2,0.058042006191967754
ETV3,0.36546432549692653
ETV3L,1.5509214150752006
ETV4,-0.10063718007707234
ETV5,0.3558488598465588
ETV6,-0.03403061021341358
ETV7,0.1656405668752513
EVA1A,0.5415194408937849
EVA1B,0.24151133003019587
EVA1C,-0.09442984480436767
EVC,0.06724015978002207
EVC2,0.18144410828150992
EVI2A,0.1428308966801714
EVI2B,-1.061578747952871
EVI5,-0.4317922213084674
EVI5L,0.09701899050521234
EVL,-0.1278971362443233
EVPL,-0.3845603973750409
EVPLL,0.6604803994505841
EVX1,1.120050252842261
EVX2,0.1052379131125527
EWSR1,-0.17545036898626698
EXD1,0.023039101201534073
EXD2,-0.4755928781172345
EXD3,-0.21399344424675615
EXO1,-0.10342310722105097
EXO5,-0.2028959506887249
EXOC1,-0.20890566095574137
EXOC1L,-1.671312143712322
EXOC2,0.04899943957155939
EXOC3,0.10071752282591628
EXOC3L1,0.1875550419492884
EXOC3L2,-0.17252701123740166
EXOC3L4,-0.16470932233572494
EXOC4,-0.1544032394677184
EXOC5,0.002996055564336686
EXOC6,-0.2677015022880084
EXOC6B,0.42747951076645907
EXOC7,0.06661416494687589
EXOC8,-0.1976187174233246
EXOG,-0.07122580595384598
EXOSC1,-0.12838664314860893
EXOSC10,-0.34647838247263074
EXOSC2,-0.32860349648417575
EXOSC3,0.963634764349468
EXOSC4,0.1876293096286119
EXOSC5,0.03694267239104576
EXOSC6,0.0193337291845177
EXOSC7,-0.035018135766877734
EXOSC8,-0.1587239824480271
EXOSC9,0.09065643069337437
EXPH5,0.49333657288305655
EXT1,0.26772480415880917
EXT2,0.008410077584921072
EXTL1,-0.6721976251190445
EXTL2,-0.05259893420773576
EXTL3,-0.43913587796930964
EYA1,0.17380405659457732
EYA2,-0.24168290721060082
EYA3,-0.10833674797830994
EYA4,1.4098311651090039
EYS,-0.26055768197503126
EZH1,-0.09686308976611135
EZH2,0.11182110341004936
EZHIP,0.10702570021700719
EZR,0.060458479676856136
F10,-0.24088740364011346
F11,0.5710111469208381
F11R,0.0036295142840572225
F12,-0.37520570689750343
F13A1,0.13132711835393263
F13B,1.0499376706301697
F2,-0.5894586122297591
F2R,-0.20027097235991576
F2RL1,-0.28173813522094315
F2RL2,0.9120871498528151
F2RL3,0.07295208970164721
F3,0.25921852690265557
F5,0.16371503336260385
F7,0.8965889729969923
F8,0.102681924381133
F8A1,0.4506964579114432
F8A3,-0.043131481169215835
FA2H,-0.10196205997034902
FAAH,-0.20759733186192592
FAAH2,0.35566718639912476
FAAP100,-0.20861479018825335
FAAP20,1.0808162528691527
FAAP24,-0.150790638897369
FABP1,-0.6903361456679644
FABP12,0.5801865677991194
FABP2,-0.7374006254739489
FABP3,-0.23874349512750973
FABP4,0.04547662215396997
FABP5,-0.015275937277939633
FABP6,-0.020398849680089315
FABP7,0.5588321515042425
FABP9,-0.6812213320593346
FADD,0.10498729105604765
FADS1,0.6328483341462996
FADS2,-0.08014400715569359
FADS3,-0.10576131331096983
FADS6,-0.3509018451198178
FAF1,0.024822757366222525
FAF2,0.12122956439649712
FAH,-0.3178786828108877
FAHD1,0.0347413142003834
FAHD2A,0.12024102957826388
FAHD2B,1.0545952796719826
FAIM,-0.09294001631492854
FAIM2,0.27204303394790563
FAM107A,0.1809965156624505
FAM107B,-0.1273353788321736
FAM110A,-0.18272269811911102
FAM110B,-0.19941576068445066
FAM110C,1.7102381557142492
FAM110D,0.4203151607260877
FAM111A,0.13754182122698255
FAM111B,0.1693729647467035
FAM114A1,-0.3368762863685739
FAM114A2,-0.07315280081522868
FAM117A,-0.20478984167819636
FAM117B,-0.5103383907382257
FAM118A,-0.06163801647927958
FAM118B,0.20513659058528688
FAM120A,0.010732371023473242
FAM120AOS,-0.010047075138526651
FAM120C,0.07056750095897613
FAM124A,-2.168663523743581
FAM124B,-0.6304077809432533
FAM131A,0.782823363037914
FAM131B,-8.033158129805429e-07
FAM131C,0.8032481905615158
FAM133B,-0.11631548894749955
FAM135A,-0.052800126021392835
FAM135B,-0.4883342801275026
FAM136A,-0.030103590997611285
FAM13A,-0.010198243029545084
FAM13B,0.8786526792849801
FAM13C,-0.09256228547733164
FAM149A,-0.8700092038090554
FAM149B1,0.15134086418739212
FAM151A,0.07295673958458071
FAM151B,-0.03563954185756213
FAM153CP,-0.5710111469208381
FAM156A,0.17142780427218485
FAM161A,-0.41174712210835374
FAM161B,-0.38760692314293355
FAM162A,-0.1865463697626364
FAM162B,-1.8206758403830667
FAM163A,-0.3626444481432496
FAM163B,-0.319905093571335
FAM167A,0.4860680582459429
FAM167B,-0.1562983422151838
FAM168A,-0.1541237285827739
FAM168B,-0.18534033071866585
FAM169A,0.7219470938269617
FAM170A,-0.24868721147482628
FAM170B,0.2620132696333243
FAM171A1,1.2143044816725963
FAM171A2,-0.030075511189340265
FAM171B,-0.028284158527516423
FAM174A,0.030009136033233075
FAM174B,0.11826528555267313
FAM174C,0.27266118298753383
FAM177A1,-0.06007137981049038
FAM177B,0.07548547589672927
FAM178B,-0.46072001233944637
FAM180A,-0.04613020485948094
FAM180B,-0.6099905241610926
FAM181B,0.05222312515656502
FAM184A,0.45474267838392834
FAM184B,0.6193657638242049
FAM185A,-0.3266783677459051
FAM186A,0.6003343420960696
FAM186B,-0.34805404677487517
FAM187A,0.08258765211685493
FAM187B,0.42464884136444536
FAM193A,0.012991052632677302
FAM193B,-0.16823969495768631
FAM199X,0.09102903564370779
FAM200A,-0.12447074046025719
FAM200B,0.027589598139679872
FAM200C,0.13892083261290455
FAM204A,-0.46514063532304206
FAM209A,0.9064030519129502
FAM209B,-0.2606250874984263
FAM20A,0.4709404381818998
FAM20B,-0.36179589468274465
FAM210A,-0.008548950488276752
FAM210B,0.15794995343142543
FAM216A,-0.2507481970089467
FAM216B,-0.5815927772437648
FAM217A,1.1759612142893525
FAM217B,1.890163892625318
FAM219A,0.2354170474934132
FAM219B,-0.29982038032815517
FAM220A,-0.15687214005297356
FAM221A,-0.5873858143108144
FAM221B,-0.10901275285260015
FAM222A,0.8147398977286344
FAM222B,-0.03639764798384615
FAM227A,-0.07882529669089688
FAM227B,-0.2341879769834656
FAM228A,-0.2359475722515776
FAM228B,-0.22163158846388864
FAM229A,0.035569097164428465
FAM229B,-0.5336925741220604
FAM234A,0.25406597839437195
FAM234B,-1.064228422132067
FAM236A,-0.31357418847596996
FAM237A,0.2527538807965777
FAM237B,0.31091219958845207
FAM240A,-0.21482036779942915
FAM240B,-0.23985854074292634
FAM241A,-0.16086090968137512
FAM241B,-0.21841346816821838
FAM246A,-0.10550326428126011
FAM246B,-0.5561997221927033
FAM246C,-0.20452725776919817
FAM24A,1.6572478395520798
FAM24B,0.27122251595992886
FAM25A,-0.4823563265343755
FAM25C,0.9405663709396217
FAM32A,0.23077468774635035
FAM3A,0.07009077458785828
FAM3B,0.6205951459290678
FAM3C,0.36418424257283144
FAM3D,0.0347416089375332
FAM43A,0.3092723418008454
FAM43B,-0.2473352677952807
FAM47A,-0.5710109501131289
FAM47B,-0.45020723978449784
FAM47C,0.3646076419298816
FAM47E,-0.047103356412653064
FAM47E-STBD1,-0.5447010699702526
FAM50A,0.4495255217741079
FAM50B,0.2287090167949808
FAM53A,-0.0657764611295244
FAM53B,0.8556829253533856
FAM53C,-0.1753630378334905
FAM72A,0.19804324331814316
FAM72B,-0.04210167580137636
FAM72C,0.5258320846286497
FAM72D,0.9126922606720751
FAM76A,-0.39396798383288
FAM76B,-0.00503495292828493
FAM78A,-0.09158729021169432
FAM78B,0.3474431360239141
FAM81A,0.4428326200263065
FAM81B,1.0008184065121593
FAM83A,0.7800558821079508
FAM83B,-0.7073200660042381
FAM83C,0.5023240088837738
FAM83D,0.10407646727686659
FAM83E,-0.061959791053704194
FAM83F,2.2874563913213235
FAM83G,-0.3048540028733395
FAM86B1,0.3904212515323009
FAM86B2,-0.20566045069009986
FAM89A,-0.5198945274582085
FAM89B,0.25367603842611963
FAM8A1,0.5016158541485085
FAM90A1,0.2844333869622422
FAM90A12,0.5710123277665304
FAM90A20,-0.9498541783076235
FAM90A27P,-0.7766721056223398
FAM91A1,-0.17984240214729663
FAM98A,0.17020621537152802
FAM98B,-0.037143893404872674
FAM98C,0.3096561753263112
FAM9A,-0.40043684386074396
FAM9C,0.4958893515743083
FANCA,-0.056253244315505935
FANCB,-0.1795685106481888
FANCC,0.12743216916283684
FANCD2,-0.09519504964538861
FANCD2OS,-0.28325620146327535
FANCE,0.22055248329476784
FANCF,0.16314031068574053
FANCG,-0.07422902064915782
FANCI,-0.07755011945263846
FANCL,-0.4259188848405975
FANCM,-0.34359835904780134
FANK1,0.6747872489713016
FAP,1.4953636557794447
FAR1,-0.061373322483783355
FAR2,-0.33898321408991805
FARP1,0.5152507186322305
FARP2,-0.16031231083895126
FARS2,-0.09887549282518204
FARSA,0.05142179223430432
FARSB,0.04351674754021051
FAS,0.2251954826891418
FASLG,0.7553614678478029
FASN,-0.10106261477652634
FASTK,0.016458808064260033
FASTKD1,-0.39593761830512797
FASTKD2,-0.2369640296475044
FASTKD3,0.2726850915923782
FASTKD5,-0.004164805799727667
FAT1,0.6146470064838243
FAT2,0.4384468406716872
FAT3,-0.2514912706982013
FAT4,-0.238169926353216
FATE1,-0.5710109501131289
FAU,0.25387716708410135
FAXC,-0.27688031867454255
FAXDC2,-0.015592025595128511
FBF1,-0.056167462898722764
FBH1,-0.13506442392001894
FBL,0.037347878530198386
FBLIM1,-0.07708703003430775
FBLL1,0.4968846776775342
FBLN1,-0.1731200103391357
FBLN2,0.32566628523521146
FBLN5,0.6356814534872677
FBLN7,-0.21894111710749958
FBN1,-0.2156183021917808
FBN2,-0.6230234538826036
FBN3,-0.016139694535827642
FBP1,-0.03795590968600532
FBP2,-0.6765026476652181
FBRS,0.0797693141841993
FBRSL1,0.2375889101083879
FBXL12,-0.15001472304742114
FBXL13,0.045287471999189144
FBXL14,-0.14318183072895874
FBXL15,0.2647154733767101
FBXL16,-1.0107853017352704
FBXL17,0.003326669551514172
FBXL18,-0.0070777159363277775
FBXL19,0.15417347954223448
FBXL2,0.18064540611321167
FBXL20,0.05933111620933129
FBXL22,0.3758198642757017
FBXL3,-0.18095109449579017
FBXL4,0.1386960200259284
FBXL5,0.027718635576714945
FBXL6,0.10582113964733164
FBXL7,1.1023202720077523
FBXL8,0.23329799591043
FBXO10,0.36540402653994947
FBXO11,-0.13306723723415637
FBXO15,0.02510919732562522
FBXO16,0.7270206175202703
FBXO17,0.33164245467955134
FBXO2,0.9254883506770469
FBXO21,-0.46701466619567533
FBXO22,-0.22703895632917748
FBXO24,-0.22407525726782795
FBXO25,-0.28840932479215153
FBXO27,-0.22282844431063165
FBXO28,-0.3729592190497084
FBXO3,-0.1526643494370119
FBXO30,-0.24412714825344928
FBXO31,0.11941578895267124
FBXO32,0.36912658455246206
FBXO33,-0.048420396555297174
FBXO34,-0.1786550610087403
FBXO36,0.1694040215981545
FBXO38,-0.14750207726488362
FBXO39,-1.15330182310102
FBXO4,-0.13308868173126687
FBXO40,-0.23199317576080536
FBXO41,-0.32049525994971795
FBXO42,-0.11684439886604547
FBXO43,-0.3000784472053999
FBXO44,0.45013957527581444
FBXO45,-0.23103852367090782
FBXO46,0.3855477089572221
FBXO47,-1.086488651948218
FBXO48,-0.10206089004498686
FBXO5,0.18058191863699946
FBXO6,0.4458024069945559
FBXO7,-0.03531183316892417
FBXO8,-0.16360086553516462
FBXO9,-0.3856260942290324
FBXW10,0.9566379700584333
FBXW10B,-0.009587228006138093
FBXW11,0.29643884948125443
FBXW12,-0.4139317503196084
FBXW2,-0.2468385088591587
FBXW4,-0.3916092610021824
FBXW5,0.3513339388574517
FBXW7,-0.13824853196960074
FBXW8,-0.5430371776957235
FBXW9,-0.10031635095664049
FCAMR,-0.36413410422731746
FCER1A,-0.3968625631081846
FCER1G,0.8805411839118514
FCER2,0.06296287672214174
FCF1,-0.20476152117582913
FCGBP,-0.14291918570849838
FCGR1A,0.8754385698465041
FCGR2A,-0.2743847409157453
FCGR3A,0.051073332980861474
FCGR3B,0.36288939658009767
FCGRT,0.12482335156782656
FCHO1,0.40817586950320184
FCHO2,0.01726666312032732
FCHSD1,0.15715532282613198
FCHSD2,0.0025415251499785185
FCMR,-0.16802173880872695
FCN1,0.8050545718168112
FCN2,-0.17808469249734915
FCN3,0.29622923939188317
FCRL1,-1.2606281078160566
FCRL2,0.6067580162862387
FCRL3,-1.6442556040179455
FCRL4,-1.0633624372131087
FCRL5,-1.541967132820011
FCRL6,0.038467853490400286
FCRLA,0.14906035334439416
FCRLB,-0.327912097489239
FCSK,-0.15486028702046006
FDCSP,-0.5414687596365972
FDFT1,-0.30636475464312274
FDPS,-0.28369431013492274
FDX1,0.09295511732262529
FDX2,-0.21081904081796843
FDXACB1,-0.2714264844142926
FDXR,0.23070128619762187
FECH,0.5024706290633323
FEM1A,-0.11514848693820312
FEM1B,-0.04497367699742849
FEM1C,0.14629706060709324
FEN1,-0.08088458314204505
FER,0.29438739839765304
FER1L5,1.2241496639333729
FER1L6,0.06637113350294821
FERD3L,0.14981910432989576
FERMT1,-0.5130114109582049
FERMT2,0.07098825332731068
FERMT3,0.4095791525839152
FERRY3,-0.2877282604642799
FES,-0.3580126556069465
FETUB,-0.11041790552413677
FEV,0.1713491007982726
FEZ1,0.032450871248668633
FEZ2,-0.5112363079573568
FEZF1,0.09200076761836895
FEZF2,0.15518607875129797
FFAR1,0.2899479932097113
FFAR2,0.39775290507160976
FFAR3,-0.946391016257244
FFAR4,0.7505175871733438
FGA,-0.04522657673811348
FGB,-0.036946021953201624
FGD1,-0.2772304785487878
FGD2,-0.2661016042365971
FGD3,0.48491047497713363
FGD4,-1.3023933060583994
FGD5,0.10377188106154889
FGD6,-0.053928930013636744
FGF1,0.4063737192936766
FGF10,-0.2813172415617188
FGF11,0.4710549509408257
FGF12,0.24619821050639334
FGF13,0.5755861759096463
FGF14,-0.5171152340690861
FGF16,0.970955601473172
FGF17,0.37431760141846426
FGF18,-0.7160206844774136
FGF19,-0.6303892275121176
FGF2,-0.23135818205223724
FGF20,-0.026652037327636435
FGF21,0.41512896064185434
FGF22,0.3510511598485053
FGF23,0.7801530285644469
FGF3,-0.23212652146554413
FGF4,-0.24447535259954967
FGF5,-0.18357906537184687
FGF6,0.4161443724486236
FGF7,-0.11876832839366745
FGF8,-0.048446977713348716
FGF9,-0.10798025921845422
FGFBP1,-1.2096507179514262
FGFBP2,0.721114302936849
FGFBP3,-0.7762888620762045
FGFR1,0.24790185250083274
FGFR1OP2,-0.13495103212259885
FGFR2,0.8106831647878345
FGFR3,-0.34661352615833013
FGFR4,-0.06532169992019954
FGFRL1,0.21818059793892308
FGG,-0.9709558361272006
FGGY,-0.03792036911104546
FGL1,-1.2967194860004683
FGL2,0.4933183934335408
FGR,0.17509641275654997
FH,0.07525151057351387
FHAD1,0.025796288132804768
FHDC1,0.5669969116962607
FHIP1A,0.09020330784316766
FHIP1B,0.09431785983025875
FHIP2A,-0.11199261399853544
FHIP2B,-0.6661805576314632
FHIT,-0.19655323100802702
FHL1,-0.5171154646146066
FHL2,-0.3557751365560069
FHL3,-0.07903529989032299
FHL5,-1.6395525093867231
FHOD1,0.5930589062085709
FHOD3,0.5188409042358197
FIBCD1,-1.3751287538160133
FIBIN,0.8023811978980346
FIBP,0.4309453742222855
FICD,-0.14180307907636447
FIG4,-0.019288601313756537
FIGLA,-0.14977443520252598
FIGN,-0.7456390176101275
FIGNL1,0.05032037240788334
FIGNL2,-0.31698465373404827
FILIP1,-0.3658668850088095
FILIP1L,-0.458791722360479
FIP1L1,0.04047451345913622
FIRRM,-0.04183130447234884
FIS1,-0.32758446255450835
FITM1,-0.3541143353443378
FITM2,0.06190888268759398
FIZ1,0.02549026170436397
FJX1,0.6294930706190696
FKBP10,-0.05934707480790147
FKBP11,-0.44836477481435644
FKBP14,0.1399877085329504
FKBP15,0.2246301545040028
FKBP1A,0.06416462581072269
FKBP1B,-0.10206384543531266
FKBP1C,0.294859204272766
FKBP2,-0.06952070493644591
FKBP3,-0.3343989889715697
FKBP4,-0.09954350821987745
FKBP5,-0.21053446418391408
FKBP6,-0.5981513819512245
FKBP7,0.413263180789329
FKBP8,-0.25188658473463565
FKBP9,-1.7052751300158806
FKRP,-0.22388903577413766
FKTN,0.00407843961609311
FLACC1,0.30852470699118106
FLAD1,0.11830606885604311
FLCN,-0.015923364921540895
FLG,-0.46428099481924967
FLG2,1.5569249010302242
FLI1,-0.400087484375818
FLII,0.009156027941324751
FLNA,0.4241596845664488
FLNB,-0.14502596926720823
FLNC,-0.06153078435302295
FLOT2,0.09876094461919394
FLRT1,-0.7648113261992567
FLRT2,-1.2649470365027238
FLRT3,0.796274267377495
FLT1,-0.3107096759901719
FLT3,1.219203631716146
FLT3LG,-0.17371619266669125
FLT4,0.2608529001550963
FLVCR1,0.013261797144605403
FLVCR2,0.3240632013273288
FLYWCH1,0.4499812820961018
FLYWCH2,-0.13934344042839486
FMC1,0.07685417371958181
FMC1-LUC7L2,0.05208838669329996
FMN1,-0.01793203742445426
FMN2,-0.3351224152219636
FMNL1,0.07225163328714057
FMNL2,0.17112971763536144
FMNL3,0.3928273904923487
FMO1,-0.47272881223880625
FMO2,-0.26450123304017836
FMO3,0.5907935263623632
FMO4,-0.004569286096895331
FMO5,0.16011632444822155
FMOD,-0.27609270566148236
FMR1,0.19584009077578424
FMR1NB,0.5704432569409301
FN1,0.6733148728229335
FN3K,-0.5360100571826286
FN3KRP,-0.29754889026443676
FNBP1,0.13309215413595332
FNBP1L,-0.7771294363425776
FNBP4,-0.1452511334651847
FNDC1,2.0381654785275947
FNDC10,0.40601230958272294
FNDC11,0.30722826250800445
FNDC3A,0.4072498275841503
FNDC3B,0.1430960204503786
FNDC4,-0.15087876101338138
FNDC5,-0.3833865799804911
FNDC7,0.4363156426731887
FNDC8,0.09235420893690449
FNDC9,1.133224238208571
FNIP1,0.2630820025028324
FNIP2,-0.5421600139228395
FNTA,-0.1607103014567798
FNTB,-0.18129170898510694
FOCAD,-0.5530994285948494
FOLH1,0.7565893694732722
FOLR1,-0.48601130059159453
FOLR2,0.35363556996146206
FOLR3,-0.19654815523727498
FOS,0.36300482488729635
FOSB,0.1685617637210468
FOSL1,0.9112105027929354
FOSL2,0.5116484724939339
FOXA1,0.9710115971732267
FOXA2,-0.25191260639814117
FOXA3,0.11786583311630006
FOXB1,0.007244751235635061
FOXB2,-0.6926458186363498
FOXC1,0.33538369581058197
FOXC2,1.9571881961382964
FOXD1,-0.23969409185459056
FOXD2,-0.2417296177267425
FOXD3,0.007714458782618061
FOXD4,0.4232378740946483
FOXD4L1,0.3199065142327706
FOXD4L4,-0.8873207037925948
FOXD4L6,1.5344292780196696
FOXE1,1.0605034942392983
FOXE3,-0.1985414939393657
FOXF1,-0.16942057474560768
FOXF2,-0.28092573869771376
FOXG1,0.47367523251529486
FOXH1,0.41648452827235605
FOXI1,-0.2168989747565746
FOXI2,0.016701190425839174
FOXI3,-0.1362676640961723
FOXJ1,-0.48416206812059404
FOXJ2,-0.06929439798008996
FOXJ3,-0.2674798843505566
FOXK1,0.055269001323040357
FOXK2,-0.35733425802222474
FOXL1,-0.9566383278420059
FOXL2,-0.6643435822265435
FOXL2NB,-0.7237703849875303
FOXL3,0.02824437993548501
FOXM1,-0.18702113921593266
FOXN1,0.502749900108892
FOXN2,-0.1081104193514566
FOXN3,-0.0683901934844231
FOXN4,-0.17717115563158536
FOXO1,-0.16805317469719228
FOXO3,0.34713382695137796
FOXO3B,-0.3541321120343657
FOXO4,-0.01277684198221074
FOXO6,-0.22142932522671543
FOXP1,-0.35744926875516686
FOXP2,-1.8336561472927113
FOXP3,0.698054775752768
FOXP4,-0.004734119715978036
FOXQ1,1.2331470479374438
FOXR1,0.8333711613459176
FOXR2,0.5710110485169868
FOXRED1,0.011162346911889998
FOXRED2,-0.32369686410108356
FOXS1,-0.16307437179139472
FPGS,0.6613980184025632
FPGT,-0.055801106444406834
FPGT-TNNI3K,-0.055754031901873
FPR1,0.011147692797325082
FPR2,-0.9790238279811896
FPR3,1.4289255090836177
FRA10AC1,0.12646634460831851
FRAS1,0.6232172069102687
FRAT1,-0.12253419657189024
FRAT2,0.058515831272218044
FREM1,-1.5569253277338553
FREM2,-0.481779367132143
FREM3,-0.6494402234653698
FREY1,-0.2878466968675897
FRG2B,0.6188385638934122
FRG2C,-1.1481509443363125
FRK,0.1490807730303041
FRMD1,-0.091086336344258
FRMD3,-0.21011891078590972
FRMD4A,0.3265534696078254
FRMD4B,-0.5785900092868209
FRMD5,-0.41493876383380446
FRMD6,-1.5481994738161122
FRMD7,-0.893746211997966
FRMD8,0.26960058312163193
FRMPD1,0.8543361777944719
FRMPD2,0.6146066751975217
FRMPD3,0.566706933592187
FRMPD4,-0.5710113437285207
FRRS1,-0.2476665263282657
FRRS1L,-0.1425007830634012
FRS2,-0.041795181422378924
FRS3,-0.260331392878538
FRY,-0.3077930875762802
FRYL,-0.07952820416714435
FRZB,-0.9766101477527469
FSBP,-0.3926127499536719
FSCB,0.09656775851164134
FSCN1,0.3308257699996062
FSCN2,0.8566760553117324
FSCN3,-0.05745898552605977
FSD1,-0.3978720399014083
FSD1L,0.10177231482935545
FSD2,0.8783418804560817
FSHB,0.9790220480650733
FSHR,-1.6195785816696067
FSIP1,0.019335471968656037
FSIP2,0.4808632590696705
FST,0.08152026943206897
FSTL1,0.48377922089596304
FSTL3,2.522860416768934
FSTL4,-0.5710113437285207
FSTL5,0.9814997784597266
FTCD,-0.9790237527274273
FTCDNL1,-0.5672233621329381
FTH1,0.2886156606359318
FTHL17,-0.18360302838432885
FTL,0.23794495736027788
FTMT,-0.9093357335914283
FTO,-0.2672378809690823
FTSJ1,0.21155055462007732
FTSJ3,0.17035590393927125
FUBP1,0.06935815400021905
FUBP3,0.1631631634979076
FUCA1,-0.25037523678908524
FUCA2,-0.0391388209229262
FUNDC1,0.09866116008770831
FUNDC2,0.09180109244422718
FUOM,0.2816748456618763
FURIN,1.326266284521008
FUS,-0.1501819037105543
FUT1,0.5089597522886993
FUT10,0.22311360603675823
FUT11,-0.17170794760425068
FUT2,-0.7169477496455072
FUT3,0.7368567567881564
FUT4,-0.11659500745170348
FUT5,0.3593710041774887
FUT6,0.4524479694842609
FUT7,0.7622034543646214
FUT8,0.39553617933326635
FUT9,1.708575651383304
FUZ,-0.47782312628564005
FXN,-0.04143979777535156
FXR1,-0.2090148421017367
FXR2,0.156374527497821
FXYD1,-0.41678668594610097
FXYD2,0.7502623753349731
FXYD3,-0.574706557662377
FXYD4,0.11150264080859779
FXYD5,-0.3652190028185909
FXYD6,0.4843863736888716
FXYD6-FXYD2,0.3746712154936581
FXYD7,-0.05543446674863728
FYB1,0.3097155567866573
FYB2,0.381970370888268
FYCO1,-0.3089865972633977
FYN,-0.04785934535345415
FYTTD1,-0.21530499159336047
FZD1,0.012537421932203419
FZD10,-1.2142053886497473
FZD2,0.020942998692385917
FZD3,-0.0046055908938709145
FZD4,-0.17637345600801968
FZD5,-0.31486799193008386
FZD6,-0.18354474716762725
FZD7,0.003229291393464173
FZD8,-0.1936436678281368
FZD9,-0.1400460448784171
FZR1,-0.18699807717419858
G0S2,0.011412701596976715
G2E3,-0.11953559129834312
G3BP1,0.20874086530214786
G3BP2,0.04082983108969884
G6PC1,0.1918981415202654
G6PC3,0.3625067759569247
G6PD,0.21412135282759515
GAA,-0.2471174926366495
GAB1,-0.29496451441726124
GAB2,0.8608416062109523
GAB3,-0.22450293286439305
GAB4,-0.2854473892031788
GABARAP,0.2123032960509006
GABARAPL1,0.19130208143554395
GABARAPL2,-0.17776724519470255
GABBR2,-0.3432862649069315
GABPA,-0.1254947672931328
GABPB1,-0.053584548073754235
GABPB2,0.16771690227723024
GABRA1,-0.5710113437285207
GABRA2,-0.47977075860820406
GABRA3,-0.27631585107808254
GABRA4,-0.27874512027915
GABRA5,-0.9784524176238825
GABRA6,-1.0651322401837806
GABRB1,-0.37586016783332077
GABRB2,-0.545771700304063
GABRB3,0.3068053206590009
GABRD,1.2940630382049394
GABRE,0.10195572754757931
GABRG1,-0.5710122293627595
GABRG2,0.46334649711042
GABRG3,0.9482233247297855
GABRP,0.4704722279550404
GABRQ,0.27596094157759854
GABRR1,-1.296719383617181
GABRR2,0.5600229953879821
GABRR3,-0.28710535419542327
GAD1,0.2331391545601138
GAD2,1.5935125905606053
GADD45A,0.41892084991822776
GADD45B,0.6873630146947858
GADD45G,0.6052542958084448
GADD45GIP1,0.0591048073969449
GADL1,0.7636794322204794
GAGE10,-0.5710122293627595
GAGE13,-0.5561992250960452
GAK,0.3366101525377818
GAL,-0.14821967367287517
GAL3ST1,-0.5787626929935907
GAL3ST2,0.555121364885536
GAL3ST3,0.11623755346340547
GAL3ST4,0.10787821094563443
GALC,-0.025972823096892306
GALE,-0.0029112798257742156
GALK1,-0.27901660112739757
GALK2,-0.0025899296998854737
GALM,0.027057242429344264
GALNS,0.4034331242430018
GALNT1,-0.26519744463902795
GALNT10,0.3525423066686262
GALNT11,0.24690056449183495
GALNT12,0.21070432341883727
GALNT13,0.39225452040790987
GALNT14,0.38632778577484195
GALNT15,0.21233731385809163
GALNT16,0.02224215272066582
GALNT17,1.6122130586104788e-06
GALNT18,-0.8343482207273403
GALNT2,1.2580731373023801
GALNT3,-0.42500065952858646
GALNT4,-0.08054415197248144
GALNT5,0.023366508251342566
GALNT6,-0.17038514917915215
GALNT7,-0.43169216777774366
GALNT8,-0.5297709828447463
GALNT9,0.29436315187207573
GALNTL5,1.0477242658456127
GALNTL6,-0.1553950791818579
GALP,0.5183053894518287
GALR1,0.012887307012354077
GALR2,0.284715335690243
GALR3,0.7996129130508767
GALT,-0.08554441981635907
GAMT,0.05232979577043029
GAN,-0.06961801919044941
GANAB,0.25208906261761843
GANC,-0.0961320479934118
GAP43,-0.45276083414901347
GAPDH,0.11217317629854762
GAPDHS,0.7220894570293385
GAPT,0.3087574559362549
GAPVD1,0.30974267024986357
GAR1,-0.16042981828418812
GAREM1,-0.5451324467780267
GAREM2,-0.3427749131561795
GARIN1A,0.021517772420570846
GARIN1B,-1.28862495870126
GARIN2,-0.19858986966005643
GARIN3,2.107380958929948
GARIN4,0.9765601616586124
GARIN5A,0.20174176863196047
GARIN5B,-0.3191514178133129
GARIN6,-0.5640292655918347
GARNL3,-0.1893424798127863
GARS1,0.5732777372338628
GART,-0.028051454471764714
GAS1,-0.14434608571765817
GAS2,0.16854504141862847
GAS2L1,0.34263692643456156
GAS2L2,-0.985921868600008
GAS2L3,-0.7222089776897718
GAS6,0.30327818337395945
GAS7,-0.1431658074577098
GAS8,-0.3897649464734564
GASK1A,-0.44680720512147964
GASK1B,0.9875343772285254
GAST,-0.005013185001795262
GATA1,-1.5099254994951417
GATA2,-0.23992854447110468
GATA3,0.06741329633066889
GATA4,-1.1064938684373309
GATA5,-0.2859599784618849
GATA6,-0.7638361693158937
GATAD1,-0.40571922578490227
GATAD2A,0.24567070167021576
GATAD2B,0.04878045981726942
GATB,-0.3272479878564152
GATC,-0.037848466502232725
GATD1,-0.05011752043676676
GATD3,-0.19282450583919397
GATM,-0.14125902823792114
GBA2,-0.4328185700514786
GBA3,-0.1129045455780544
GBE1,0.30972783335245513
GBF1,-0.17202605025633932
GBGT1,-0.7762466075412764
GBP1,-0.27676932185523695
GBP2,0.9095234086717003
GBP3,0.14669333598153517
GBP4,0.14927398774752298
GBP5,0.8049400192864751
GBP6,0.43077798137419243
GBP7,0.4080108070644237
GBX1,0.5094724109817033
GC,0.6443834624179798
GCA,-0.2547903355086083
GCAT,-0.15411701701757718
GCC1,0.12627230267562561
GCC2,-0.17985414321448134
GCDH,0.20390425038778393
GCFC2,-0.16963714689421483
GCG,0.24629346620617076
GCGR,0.15179872132833105
GCH1,-0.29855010520385816
GCHFR,-0.41070312153131683
GCK,0.7115558375030013
GCKR,-0.15585791749052333
GCLC,1.2255454907844028
GCLM,-0.5209346384568811
GCM1,0.6573816732392785
GCM2,0.40801082842235603
GCN1,-0.07473991110746692
GCNA,0.5249078713618618
GCNT1,0.44696098780019605
GCNT2,0.3309713338572331
GCNT3,-0.39484952335513485
GCNT4,0.7436931623869951
GCNT7,0.19978992972711218
GCOM1,0.3781017942456897
GCSAM,0.44940245941453094
GCSAML,0.36459440950415223
GCSH,-0.4633537234231806
GDA,0.08930295137492061
GDAP1,-0.052018601882206195
GDAP1L1,0.5110148138292424
GDAP2,-0.2979892476123762
GDE1,-0.17240341565644002
GDF1,0.8387752408209124
GDF10,1.3188291513533887
GDF11,0.23641627388819675
GDF15,0.3791010010339094
GDF2,-0.1748994467899041
GDF3,-0.07747101612303275
GDF5,-0.343944405504371
GDF6,-0.22888334829440837
GDF7,-0.6136029556132577
GDF9,-0.03524385630541271
GDI1,0.27546732478137903
GDI2,0.6859678937088329
GDNF,-0.535481336996138
GDPD1,-0.24397377054482838
GDPD2,0.01171719639033264
GDPD3,0.0007955547830720278
GDPD4,-0.08604910592043236
GDPD5,-0.42631647868405764
GDPGP1,0.4790865137896412
GEM,1.593608600595978
GEMIN2,-0.25946361980117105
GEMIN4,-0.21147216706429095
GEMIN5,0.22752883880425845
GEMIN6,-0.01608244959460503
GEMIN7,-0.032054444570153606
GEMIN8,0.4283522297550797
GEN1,-0.030655490433201038
GET1,-1.1854145952127757
GET1-SH3BGR,-0.21975394164127726
GET3,0.0008408217348971903
GET4,0.15063438791541817
GFAP,0.006309351224295878
GFER,0.32166640922978607
GFI1,-0.05729238545978088
GFI1B,-0.30332935873878597
GFM1,-0.5009687896953339
GFM2,0.12723763894421625
GFOD1,0.41659106189783834
GFOD2,-0.42787996680790163
GFPT1,-0.025229316303753357
GFPT2,-0.5321469396017773
GFRA1,-0.8391881524611033
GFRA2,-0.317695519329237
GFRA3,-0.2847421349060706
GFRA4,0.16147406825154026
GFRAL,-3.6012844395472143e-07
GFY,0.6533060716332052
GGA1,-0.047512968643455444
GGA2,-0.30736175116690956
GGA3,-0.2448957585656375
GGACT,-0.6277939803251096
GGCT,-0.5284086227026488
GGCX,-0.020793884920268457
GGH,0.07820362137526415
GGN,-0.22481590292809306
GGPS1,-0.07739387875746395
GGT1,-0.3574961908929023
GGT5,-0.0025915591595527254
GGT6,0.33611211002097496
GGT7,-0.1091881065493927
GGTA1,0.2880642456878135
GGTLC1,-0.8029488917108248
GGTLC2,0.9566380453812982
GGTLC3,-0.8873217311856232
GH1,0.6138754819217797
GH2,0.014745233047333883
GHDC,0.16089626447728245
GHITM,0.18115530382817369
GHR,0.5432569829039228
GHRH,0.4794684915708497
GHRHR,-0.5819968628394324
GHRL,0.15485849529895113
GHSR,-0.5788998493005048
GID4,-0.04094008556791362
GID8,0.1332601565245506
GIGYF1,-0.043246749935071715
GIGYF2,-0.4204015045315197
GIMAP1,-0.2065954919547326
GIMAP1-GIMAP5,-0.20659545705438465
GIMAP2,0.6705802835293293
GIMAP4,-0.9859127581199054
GIMAP5,1.3805273205305022
GIMAP6,-0.6142437923626385
GIMAP7,-1.3438884841137844
GIMAP8,0.38892678766810684
GIMD1,0.7418381533089966
GIN1,-0.043525738547221415
GINM1,-0.17141573655299513
GINS1,0.052607275375816887
GINS2,0.13101539031690823
GINS3,-1.4368480749309112
GINS4,-0.09479187633786035
GIP,0.45358662005700034
GIPC1,-0.024554456462692276
GIPC2,0.058034556573374196
GIPC3,-0.2556178770944819
GIPR,0.48282047563348235
GIT1,-0.10387501486409167
GIT2,-0.06461482527805806
GJA1,-0.29244302236389563
GJA10,0.3084446627377957
GJA3,-0.2995755432999454
GJA4,0.10896556831021842
GJA5,0.4378216459401052
GJA8,-0.8637364887711458
GJA9,0.8405635091480359
GJB1,-0.9790219739018542
GJB2,-0.8472692299176539
GJB3,-0.4460796152898061
GJB4,-0.6288867938329044
GJB5,0.1819308953323363
GJB6,-0.29689964316801576
GJB7,-1.563141478864564
GJC1,0.596747823814114
GJC2,-0.3082379026286399
GJC3,0.1633072117965384
GJD2,-0.385139527818933
GJD3,0.3301912866664043
GJD4,0.9481668213972505
GJE1,0.36289031496503066
GK,0.18845055547730505
GK2,-0.7676028288355192
GK3,0.14284434436300586
GK5,-0.5194825454978185
GKAP1,0.6550807960135896
GKN1,1.36130981556973
GKN2,0.6997328648067698
GLA,0.3018078269087052
GLB1,0.005243548595084135
GLB1L,0.18439164119799933
GLB1L2,-0.5466747812105532
GLB1L3,0.21008632665249038
GLCCI1,0.03806682761116509
GLCE,-0.4394055793702041
GLDC,0.418112936922727
GLDN,-0.8000913733175302
GLE1,-0.17854672399562732
GLG1,0.1037814867633795
GLI1,0.19738712593544072
GLI2,0.6199872019990444
GLI3,-0.30145432616444945
GLI4,0.18387285067541592
GLIPR1,0.8823396315019312
GLIPR1L1,-0.27246472054504667
GLIPR1L2,-0.04174724790898976
GLIPR2,0.08402097795079744
GLIS1,0.13179137649382144
GLIS3,0.0022421772467526857
GLMN,0.10407248521436863
GLMP,-0.047735131648448115
GLO1,-0.026871534665291463
GLOD4,0.08606859531577538
GLOD5,0.8651581260611101
GLP1R,-0.0313097975587992
GLP2R,-1.1704968316304953
GLRA1,0.05138304653996251
GLRA2,-0.5710112453246827
GLRA3,0.880999640026946
GLRB,-0.3648184246634467
GLRX,-0.08062502221368373
GLRX2,-0.31618023283711905
GLRX3,0.2510850893324572
GLRX5,-0.0038535160144883562
GLS,0.1778611602232587
GLS2,0.6390294920787911
GLT1D1,-0.06990198712900775
GLT6D1,0.07547050053225468
GLT8D1,-0.032270289568639754
GLT8D2,-0.04119578199864904
GLTP,0.16730095660075506
GLTPD2,0.10002743254659574
GLUD1,-0.01843295511316434
GLUD2,0.4080116684580548
GLUL,0.08722475587038336
GLYAT,0.1594235260924135
GLYATL1,-0.21284992315454243
GLYATL1B,0.26317768217703796
GLYATL2,0.6116102547820819
GLYATL3,-1.287780946439832
GLYCTK,0.0
GLYR1,0.15734339718844215
GM2A,0.4722564873724502
GMCL1,-0.047669400940453244
GMCL2,0.02130312684091118
GMDS,0.17999493655323917
GMEB1,0.10134793804372588
GMEB2,0.11304936611349525
GMFB,-0.026490094502265915
GMFG,0.019960292269354696
GMIP,0.3849754872771145
GML,-0.1090910589074261
GMNC,-0.08832945077000876
GMNN,-0.012403450804419514
GMPPA,0.07376674213932377
GMPPB,-0.04596918215483381
GMPR,-0.790495261592375
GMPR2,-0.155040073415889
GMPS,-0.0884537843952451
GNA11,-0.0556903398450056
GNA12,1.074684639772951
GNA13,0.08383345964979405
GNA14,-0.43353248493831353
GNA15,0.17801235391238301
GNAI1,-1.2299764768651567
GNAI2,-0.07839342349634038
GNAI3,-0.2587103756009057
GNAL,-0.20519800367846797
GNAO1,-0.5108302107618172
GNAQ,-0.347872048457599
GNAS,-0.15042177612665486
GNAT1,0.5200035442425138
GNAT2,-0.2156366598389461
GNAT3,-1.4151979664089778
GNAZ,-0.4791288908907519
GNB1,-0.2519291970866213
GNB1L,-0.04639134753997354
GNB2,0.21924525876479528
GNB3,0.0032522063934561363
GNB4,-1.500439144422472
GNB5,0.53951001431801
GNE,-1.9840419689227367
GNG10,-0.37662478454911197
GNG11,0.6400658272859028
GNG12,-0.3259770151127732
GNG13,0.06985538171874717
GNG14,0.06715053646656677
GNG2,0.338554443008888
GNG3,-0.07444403639762154
GNG4,-0.4209387349006814
GNG5,-0.08967810849460545
GNG5B,0.47289370944381903
GNG7,0.3398216367663378
GNG8,-0.11417386036538413
GNGT2,-1.0257186038155144
GNL2,-0.24362040294482412
GNL3,0.26937204685123106
GNL3L,0.15585001794292141
GNLY,-0.13132114219867175
GNMT,-0.3265714281110637
GNPAT,-0.1114221916537419
GNPDA1,1.0700477044020702
GNPDA2,-0.2782876542457964
GNPNAT1,-0.21144033488396818
GNPTAB,0.1228549316095604
GNPTG,0.03214634410189188
GNRH1,-0.15329165838368175
GNRH2,-0.1280148747335128
GNRHR,-0.5710110485169868
GNS,-0.02850261896485895
GOLGA1,0.7686380534030927
GOLGA2,-0.20713985970243165
GOLGA3,-0.1215476131397315
GOLGA4,-0.08297950041725421
GOLGA5,-0.2244016073074091
GOLGA6C,0.5710111469208381
GOLGA6L2,-0.1895156501139299
GOLGA6L22,0.7893931529064142
GOLGA6L7,0.2346309134856095
GOLGA7,0.6838088040211294
GOLGA7B,0.6595273252260894
GOLGA8A,-1.066926481837887
GOLGA8B,-0.5716828461511839
GOLGB1,-0.11888325628917773
GOLIM4,0.002239279934427074
GOLM1,-0.9802906340598576
GOLM2,-0.16511600769742518
GOLPH3,0.056407174862232345
GOLPH3L,-0.19370218570076903
GOLT1A,-0.015036420379153093
GOLT1B,-0.20269722898420195
GON4L,0.07276662999983863
GOPC,0.17527288301861832
GORAB,-0.09660930524093914
GORASP1,-0.25803728338028886
GORASP2,-0.1498057267138968
GOSR1,-0.23415936986862818
GOSR2,-0.23718413382950576
GOT1,0.27117760886169373
GOT1L1,0.5831126485999749
GOT2,0.11666219514825737
GP1BA,0.03023115315937619
GP1BB,0.5781055414932963
GP2,-0.8034973988455767
GP5,0.814194378802102
GP9,-0.16318689912339243
GPA33,-0.033991819683016025
GPAA1,-0.05280463627666876
GPALPP1,-0.09791642187822625
GPAM,-0.4027056533682072
GPAT3,1.0675800613512088
GPAT4,-0.13095091097056555
GPATCH1,-0.12894758568851783
GPATCH11,-0.11360118363699145
GPATCH2,-0.39078042377236333
GPATCH2L,-0.12377014863279179
GPATCH3,0.016626076905831955
GPATCH4,-0.3064386042246148
GPATCH8,-0.1467638729168037
GPBAR1,-0.09030086867446974
GPBP1,0.23889534441038318
GPBP1L1,0.08408058790304729
GPC1,0.2938404838791344
GPC2,-0.0022042988952000186
GPC3,0.998890884051052
GPC4,-0.6525990737952911
GPC5,-0.7389039844499606
GPC6,-0.00885440301827245
GPCPD1,0.21100140914040288
GPD1,0.24012473619853125
GPD1L,0.403209735220585
GPD2,-0.07689871459089037
GPER1,0.6466389148137759
GPHA2,-0.3955321129398461
GPHB5,0.16376192476111084
GPHN,0.10699268027195252
GPIHBP1,-0.13765349902475232
GPKOW,0.13899061184538097
GPLD1,-0.21436368183817578
GPM6A,-0.10055423596658608
GPM6B,1.2142065857891966
GPN1,-0.03988112535953192
GPN2,-0.09317767959255718
GPN3,-0.23731761711697885
GPNMB,-0.1654308528857084
GPR101,-0.09591665183613873
GPR107,0.1765137515839399
GPR108,-0.0632623497325504
GPR119,-1.7109177324933729
GPR12,0.081900369190825
GPR132,0.3019141285043796
GPR135,-0.3192011673634645
GPR137,-0.01342223822774713
GPR137B,1.0727788033308476
GPR137C,-0.023397234909866782
GPR139,-0.5054587653039913
GPR141,-0.26817468073423756
GPR142,0.5665519676263202
GPR143,0.2791469545077132
GPR146,0.4481686591634291
GPR148,-0.028149442808378833
GPR149,-1.017229668941391
GPR15,0.08252511270334661
GPR150,-0.12500338639373876
GPR151,-1.0049424825682332
GPR152,-0.31256431326210893
GPR153,0.21289184356440538
GPR155,0.3308997741882145
GPR156,-1.45409832499457
GPR157,0.09892292507900868
GPR158,-0.1758381108066409
GPR15LG,-0.6721089663053299
GPR160,0.6066734601052204
GPR161,-0.2627249632767521
GPR162,0.18602064258866635
GPR17,0.5325275692110313
GPR171,-0.1867880796613568
GPR173,0.0
GPR174,-0.27498598124242535
GPR176,-0.22581635339922235
GPR18,-0.5927936331624308
GPR180,-0.046796728429534085
GPR182,-0.09821363739783595
GPR183,0.42949950840770335
GPR19,-0.1039811892105238
GPR21,0.18134130307504276
GPR22,0.7077739679807071
GPR25,-0.04883146352476452
GPR26,0.9775886754568675
GPR27,-0.32929523865953136
GPR3,0.21790583575741573
GPR31,0.29568420196559164
GPR32,-0.1033489419199316
GPR33,-0.8260618104264954
GPR34,-0.10950098688354648
GPR35,0.06723383009719108
GPR37,-0.8187785590102695
GPR37L1,-0.24011494316841256
GPR39,0.5951888922977423
GPR4,0.7408292846754396
GPR42,-0.6568240485296681
GPR45,0.9369570010206425
GPR50,-0.34980218253895545
GPR52,-0.7657683861039598
GPR55,1.1546489356849767
GPR6,0.9526098206361286
GPR61,0.060285474300502656
GPR62,0.3588429228160314
GPR63,-0.12041754170878605
GPR65,0.4398730302227798
GPR68,-0.27182911305140667
GPR75,-0.33384905900288653
GPR78,-0.1378819548331086
GPR82,-1.7952790661451963
GPR83,-0.4110278452748294
GPR84,-0.09233707990071749
GPR85,-1.3577074152916773
GPR87,-0.38149955586639406
GPR88,-0.09264195265011876
GPR89A,-0.0698269171140713
GPR89B,0.06288988803185269
GPRASP1,0.23327479340814117
GPRASP2,-1.0589741853600736
GPRASP3,0.6002867057338654
GPRC5A,0.027282346769819776
GPRC5B,-0.5828194901300106
GPRC5C,0.4699147528383899
GPRC5D,0.568621724219074
GPRIN1,-0.3299135555001864
GPRIN2,-1.0374109475912916
GPRIN3,-0.37535503817751703
GPS1,-0.07920290891720105
GPS2,0.061887175512231885
GPSM1,-0.5932056540627064
GPSM2,-0.32170941852811863
GPT,-0.36285869028143636
GPT2,0.3316791587323342
GPX1,0.06724040449715485
GPX2,-0.045491690075277535
GPX3,0.302476993010528
GPX4,0.2132841546418769
GPX7,-0.3446114505788218
GPX8,0.9414098042774159
GRAMD1A,-0.01291148368863726
GRAMD1B,-2.112061207462922
GRAMD1C,0.9878837383980767
GRAMD2A,-0.30911566919677025
GRAMD2B,0.39720004898817035
GRAMD4,0.09040979089457801
GRAP2,-0.9678741310522443
GRB10,0.7893940832965392
GRB14,-0.11241647462926152
GRB2,0.015619531625996608
GRB7,-0.2559996599669822
GREB1,0.73910356714344
GREB1L,-0.014637153594259544
GREM2,0.9277732396091165
GREP1,0.2198237251358685
GRHL1,0.2867391462084359
GRHL2,1.0531626952498188
GRHL3,1.4471260603598006
GRHPR,-0.05299687635572958
GRIA1,0.6569411649144284
GRIA2,-1.6102559731696389
GRIA3,-0.31045991737927636
GRIA4,-0.5142294282948641
GRID1,0.44755587291441734
GRID2,-0.23895360505191565
GRID2IP,0.2851751634470602
GRIFIN,-0.19600542392787146
GRIK1,-0.7205694722874174
GRIK2,-0.5710109501131289
GRIK3,-0.1723751344130362
GRIK4,0.3720484415601186
GRIK5,0.13962083645060447
GRIN1,0.3723675595601532
GRIN2A,1.6734704389070376
GRIN2B,-0.44507920779677823
GRIN2C,-0.30675432024475224
GRIN2D,-0.49236718038034655
GRIN3A,1.5539255353629704
GRIN3B,-0.2247759800059101
GRINA,0.5968677086145227
GRIP1,0.1489239282248347
GRIP2,0.029442169929249695
GRIPAP1,0.10229519518507635
GRK1,0.05085292644196354
GRK2,0.252711574405037
GRK3,-0.3623513394458402
GRK4,0.019813999787365866
GRK5,0.07348567487074975
GRK6,-0.15020880693534439
GRK7,0.40628283646993435
GRM1,-0.2472774869573856
GRM2,-0.49110840976035863
GRM3,0.35243031386294876
GRM4,-1.3701939824192768
GRM5,0.281155602836594
GRM6,0.11685066836411195
GRM7,0.30898558781306074
GRM8,-0.13332204729914254
GRN,-0.07722478517368181
GRP,0.9271380873183419
GRPEL1,0.06673748535564616
GRPEL2,0.08790994643213956
GRPR,0.36632306667196657
GRSF1,0.14160429262444651
GRTP1,0.20395214320213756
GRWD1,-0.19549511341964854
GRXCR1,0.8766310295193804
GRXCR2,0.410887875192568
GSAP,1.5555905125624374
GSC,0.49973904382907053
GSC2,-0.4726005606874001
GSDMA,-0.14722080169445784
GSDMB,0.2001919859067307
GSDMC,-0.595229234261589
GSDME,-1.603246775305
GSE1,-0.3025119841230288
GSG1,-1.0943358920130768
GSG1L,-0.22276912789375847
GSG1L2,-1.0805370233101597
GSK3A,0.0588552216699032
GSK3B,0.15540986117855127
GSKIP,-0.1544436560832132
GSN,-0.09310268488758289
GSPT1,-0.12172528556009388
GSPT2,0.8345357276820291
GSR,0.3606951889797241
GSS,-0.11291709138989292
GSTA1,0.8513725721604417
GSTA2,-0.9223965338944722
GSTA3,-0.7167688916861192
GSTA4,0.1441453356519946
GSTA5,0.14494218140522075
GSTCD,-0.11679126229175418
GSTK1,0.5467709616790333
GSTM1,-0.15537386226282424
GSTM2,1.085491143694028
GSTM3,-0.7869682985313459
GSTM4,0.026129433275764002
GSTM5,-0.0792546092561183
GSTO1,-0.6063497596824438
GSTO2,0.24205876406435145
GSTP1,0.12746105473373337
GSTT4,-0.1846806118368396
GSTZ1,-0.022013625379975643
GSX1,0.3620982055627085
GSX2,-0.03147292752662967
GTDC1,0.3696730200519438
GTF2A1,0.1039116312065218
GTF2A1L,-0.5098924413341517
GTF2A2,0.06995240844328032
GTF2B,-0.12008315770230649
GTF2E1,-0.299997205254118
GTF2E2,0.26355809125502017
GTF2F1,0.10136179520777677
GTF2F2,-0.20066987536967584
GTF2H1,-0.10870667005264956
GTF2H3,-0.06898583345536613
GTF2H5,0.09752425319673952
GTF2I,0.1659625940739815
GTF2IRD1,0.3982337073385552
GTF2IRD2,1.6128429798879242
GTF2IRD2B,0.13177833942237882
GTF3A,0.09238026598471105
GTF3C1,-0.008265635555593676
GTF3C2,-0.24426735983639247
GTF3C3,-0.1778124031274939
GTF3C4,0.15683351005233526
GTF3C5,0.055525209738061854
GTF3C6,-0.30854811728022824
GTPBP1,0.17678799129745837
GTPBP10,-1.1581379945796333
GTPBP2,-0.0891372696336612
GTPBP3,-0.19809371020078537
GTPBP4,-0.08348558112522841
GTPBP8,-0.27134429365109547
GTSE1,-0.17883435583417295
GTSF1,0.5130864702009803
GTSF1L,-0.6518843592701347
GUCA1A,0.07249150497306317
GUCA1ANB-GUCA1A,0.23511825159035504
GUCA1B,0.08758308694368733
GUCA1C,-0.28360465356466735
GUCA2A,0.12523210358573889
GUCA2B,0.2878189046171018
GUCD1,0.005735019836290434
GUCY1A1,-0.6398794255792217
GUCY1A2,0.3501552805501502
GUCY1B1,-0.6258099382098814
GUCY2C,-1.0800221220222614
GUCY2D,1.1207618415635139
GUCY2F,-0.12404792592442421
GUF1,0.021644778876464876
GUK1,0.2111149697391994
GULP1,-0.126004734170175
GUSB,-0.15553037831982275
GVQW3,0.3262166000736042
GXYLT1,-0.5405294892062122
GXYLT2,0.21136600808922035
GYG1,-0.3840490793728564
GYG2,0.04283287394327839
GYPA,0.4125296873989006
GYPB,0.5704418974642369
GYPC,0.08465479633170148
GYPE,0.731580820093293
GYS1,0.08790398187157678
GYS2,0.5243791282708364
GZF1,0.5674173357671686
GZMA,-1.0513680644028418
GZMB,-0.4151841906179372
GZMH,-0.4515973038415294
GZMK,0.6155951111264031
GZMM,-0.26364334225459285
H1-0,0.736195591029438
H1-1,-0.13454780905045993
H1-10,0.16199163686035467
H1-2,0.25750969110662325
H1-3,0.4089654744036828
H1-4,0.3002376810217746
H1-5,0.30880253612616926
H1-6,0.34279324749013473
H1-7,0.17626403557332182
H1-8,-0.031893017055736994
H2AB1,-0.10550326428126011
H2AB3,-0.31357418847596996
H2AC1,-0.1994749663900225
H2AC11,0.32786931661622765
H2AC12,0.22394478829578102
H2AC13,0.10708207506758516
H2AC14,0.33396546284183826
H2AC15,0.37714267881161323
H2AC16,0.3448962909461937
H2AC17,0.16990019278881086
H2AC18,0.3687974085009891
H2AC19,0.1387923108266822
H2AC20,0.33016840930178315
H2AC21,0.3585249490436624
H2AC25,0.058816687277137625
H2AC4,0.3045205019862123
H2AC6,0.23103771360188574
H2AC7,0.44025025736871104
H2AC8,0.25192231542319465
H2AJ,-0.10944139386513907
H2AL1Q,-1.0867300175996293
H2AL3,-0.06057744947910226
H2AP,-0.9439930244741286
H2AX,0.14365413689452655
H2AZ1,0.07385434996247575
H2AZ2,-0.12190615614887346
H2BC1,-0.21715172057970467
H2BC10,0.2009449629579052
H2BC11,0.3244414716570958
H2BC12,0.226188405335491
H2BC12L,-0.295850989018549
H2BC13,0.0179480648118302
H2BC14,0.34495027643584475
H2BC15,0.3827719405736252
H2BC17,0.15843295524789536
H2BC18,0.2733577532011644
H2BC21,0.33177175085045363
H2BC26,0.06985119438701837
H2BC3,0.05851161004729866
H2BC4,0.24138608510963877
H2BC5,0.2878358371787817
H2BC6,0.31781817185217465
H2BC7,0.48505959647982166
H2BC8,0.2311330753099261
H2BC9,0.11323962785104325
H2BK1,0.21249575977440865
H2BN1,0.2054430099821667
H2BW1,-0.5710111469208381
H2BW2,0.793188312429272
H3-3A,-0.16109008431249094
H3-3B,-0.03767294813871391
H3-4,0.41145654208163635
H3-5,1.3543631755789247
H3-7,0.1350009435890338
H3C1,0.12709665819247817
H3C10,0.3028244555005237
H3C11,0.169515167406753
H3C12,0.17138834261458102
H3C13,0.4045290077056425
H3C14,0.7907146701723362
H3C15,1.2511590972160989
H3C2,0.30227961722692376
H3C3,0.046550361869329926
H3C4,0.31782120936703473
H3C6,0.3300082113282059
H3C7,0.07088341915324126
H3C8,0.130373708072971
H3Y1,0.3235258648125283
H3Y2,-0.5523371590151256
H4C1,0.14603855380777553
H4C11,0.1232378605138682
H4C12,0.3003169212711194
H4C13,0.1865393468339338
H4C14,0.7006871734304938
H4C15,0.5785000588637617
H4C16,0.02491438446261096
H4C2,0.6147880431501256
H4C3,0.08849266865331851
H4C4,0.2817216040617292
H4C5,0.4516607505821808
H4C6,0.40775798616379344
H4C7,-0.019612385787971975
H4C8,0.39212415116524335
H4C9,0.21609488424094048
H6PD,0.260797594386732
HAAO,0.04784243881327277
HABP2,-0.18546811052690249
HABP4,0.063292565275475
HACD1,0.1598138146896031
HACD2,-0.06975661753480189
HACD3,-0.3968935571442862
HACD4,-0.8206532253595742
HACE1,-0.1528171114960064
HACL1,-0.07494670071859932
HADH,0.13749936666074491
HADHA,-0.29643114045451746
HADHB,-0.21160681748260046
HAGH,0.030643444698070788
HAGHL,0.4703615656959913
HAL,-1.007762427902059
HAMP,0.204857668943069
HAND1,1.227707224898687
HAND2,-0.7373135052884054
HAO1,1.1560963718251718
HAO2,0.2616418060139069
HAP1,-0.6144900921166982
HAPLN1,-0.05911450930910811
HAPLN2,0.5245996554063213
HAPLN3,0.00956102828146932
HAPLN4,0.5234908159710976
HAPSTR1,-0.07882624865592369
HAPSTR2,-1.1505480882293675
HARBI1,0.013693966607504215
HARS1,0.31635630923268865
HARS2,0.3188207838588015
HAS1,0.15237365560323424
HAS2,0.8327380478736388
HAS3,-0.4173459510216744
HASPIN,-0.09938067665105788
HAT1,-0.06690376300385736
HAUS1,0.029684877465613546
HAUS2,-0.22820176436006268
HAUS3,-0.14096416098010156
HAUS4,0.0882204448237478
HAUS5,-0.5014659543749671
HAUS6,-0.01713881325198363
HAUS7,-1.6918854652423163
HAUS8,0.09682839004461208
HAVCR1,-0.11032310469587525
HAVCR2,0.07976851653735206
HAX1,-0.03777123602130672
HBA1,-0.4621904112732693
HBA2,0.6868711474471048
HBB,-0.17501784131057585
HBD,0.762095890804089
HBE1,0.34019349014148226
HBEGF,-1.0173739388790395
HBG1,0.3544921881929137
HBG2,0.39455288471631356
HBM,-1.9851031568156825
HBP1,0.19636055525803364
HBQ1,0.5370405501231372
HBS1L,1.3394455813879587
HBZ,-1.0850984659028604
HCAR1,-0.3395991768237008
HCAR3,-0.14097390857980274
HCCS,0.5084948884429341
HCFC1,0.21697508271294197
HCFC1R1,0.28352269972861155
HCFC2,-0.042043232757728255
HCK,-0.28064303854207023
HCLS1,-0.2242199766015247
HCN1,-1.2062813428563741
HCN2,-0.5456888634423743
HCN4,-0.29079181090622314
HCRT,0.3337047744100218
HCRTR1,-0.039230926721922965
HCRTR2,-0.5888984744278237
HCST,-0.06491537492739319
HDAC1,-0.13118942309080417
HDAC10,-0.009166314502087047
HDAC11,-0.2637734834036365
HDAC2,-0.4799106110856215
HDAC3,-0.0639863529185094
HDAC4,-0.004476623781321187
HDAC5,0.2557255420720925
HDAC6,0.00893123802430118
HDAC7,0.6029728775786756
HDAC8,-0.2512945045864293
HDAC9,1.5494656377408276
HDC,0.5516228501121375
HDDC2,-0.17209690357863927
HDDC3,-0.08520339495253104
HDGF,0.16456183811388048
HDGFL1,-0.2644935539841494
HDGFL2,0.1360999376148735
HDGFL3,-0.18329126115648453
HDHD2,0.1479791990690109
HDHD3,-0.16627600159575207
HDHD5,-0.14724350480298587
HDLBP,0.0007413800516893332
HDX,0.6456734022506323
HEATR1,0.022467040881679612
HEATR3,0.028066923645737152
HEATR4,0.6827853969777775
HEATR5A,-0.10803608474017778
HEATR5B,-0.10429472177729071
HEATR6,-0.2144346828416781
HEBP1,-0.02042380974168112
HEBP2,-0.07115974906399636
HECA,-0.254969796296292
HECTD1,0.08032987834194305
HECTD2,0.28044719780542593
HECTD3,-0.10738703844001973
HECTD4,-0.1370535148309866
HECW1,-0.23906823357405024
HECW2,-0.37293827808353985
HEG1,0.9490944232471357
HELB,0.034002192617526905
HELLS,-0.04270367296308253
HELQ,-0.003596708267116888
HELT,0.6530035518271804
HELZ,-0.3208380276965248
HELZ2,0.5695237004082128
HEMGN,0.06541678855396738
HEMK1,-0.2416729431874085
HENMT1,-0.15496988888076757
HEPACAM,-1.462869502667234
HEPACAM2,0.5552438220948863
HEPH,-0.062127769876877625
HEPHL1,0.022684736170956787
HEPN1,0.18839030554178537
HERC1,0.08988337606073671
HERC3,0.14411697821849678
HERC4,-0.09346435196441227
HERC5,-0.17259209786934004
HERC6,0.16669529001695083
HERPUD1,0.2878295498908159
HERPUD2,0.07850417828263812
HES1,0.41542009500515187
HES2,-0.31553736101088736
HES3,-0.08276127238625719
HES4,0.7941376996257953
HES6,0.5707379322427183
HES7,0.09925360992100529
HESX1,-0.11672860425648324
HEXA,0.04144881111445198
HEXB,1.5220328649483656
HEXD,-0.071643428460201
HEXIM1,-0.2214050824180971
HEXIM2,-0.005377714634403397
HEY1,-0.08534362701057008
HEY2,0.12851521614130879
HEYL,-0.18707859921781944
HFE,0.3673598619558171
HFM1,-0.12184752113280162
HGD,-0.2618866601988416
HGF,0.2748859571564073
HGFAC,-0.06489358906235079
HGH1,-0.3457209236476899
HGS,0.06837845077971494
HGSNAT,0.535824822651787
HHAT,-0.6431100975148407
HHATL,-0.7520162675186387
HHEX,-0.23962752174743707
HHIP,0.06639326883232394
HHIPL1,-0.5505256486576826
HHIPL2,-0.06449138921023255
HHLA1,-0.14746741529198282
HHLA2,0.055422241708262376
HIBADH,0.2175006254308638
HIBCH,-0.2123064948207407
HIC1,0.048993636033203725
HIC2,-0.08142579758709945
HID1,-0.9836647569986676
HIF1A,-0.02139998479807037
HIF1AN,-0.4722431189905434
HIF3A,0.3284974067591584
HIGD1A,0.0689107542895746
HIGD1B,0.02931089586123172
HIGD1C,0.3000790828579274
HIGD2A,0.089333619346184
HIGD2B,-0.31041771917587857
HIKESHI,-0.2670959529220869
HILPDA,0.14986067336214415
HINFP,0.010105877312393652
HINT1,0.03520027565991679
HINT2,-0.09528568157550676
HINT3,-0.03398915482349851
HIP1,-0.09750485698757405
HIP1R,-0.06444723544746445
HIPK1,-0.14116278533898274
HIPK2,0.6238155231646281
HIPK3,-0.01445152232929292
HIPK4,0.1572231959017576
HIRA,-0.05377065963358163
HIRIP3,0.05078731944507986
HIVEP1,0.18163385351966754
HIVEP2,0.3176965606674327
HIVEP3,-0.3562345370849114
HJURP,-0.19617146584164002
HJV,-0.013258978655836362
HK1,-0.5625963317909366
HK2,-0.3619472678194424
HK3,0.05816136710040021
HKDC1,0.031738777494033865
HLA-DQA1,0.13648005782708017
HLA-DQB1,0.16884862248662724
HLA-DRB1,-0.003297200767721442
HLA-DRB5,-0.07979485771353456
HLCS,-0.12796436467731365
HLF,0.2461480926936895
HLTF,-0.21706280302255232
HLX,-0.05204713965619336
HM13,-0.15879774495562105
HMBOX1,0.15094408800386638
HMBS,-0.033931919770030294
HMCES,0.47957472543556223
HMCN1,0.3432109254255531
HMCN2,-0.5851354580627929
HMG20A,0.042985728267260104
HMG20B,0.022226850516938956
HMGA1,0.13738248631257344
HMGA2,0.43687581168444534
HMGB1,0.05826497125294505
HMGB1P1,0.023763555803751002
HMGB2,0.15543633363976994
HMGB3,0.6785225276949305
HMGB4,0.0009261191339197672
HMGCL,-0.4731268776872115
HMGCLL1,-0.5356221445478353
HMGCR,-0.0017829146879027036
HMGCS1,0.19857556101772822
HMGCS2,-0.3349900568308185
HMGN1,-0.004676802343659858
HMGN2,-0.07055357859576361
HMGN3,0.11163156709942257
HMGN4,0.017303048748913863
HMGN5,0.19025897837543893
HMGXB3,-0.11588947971241881
HMGXB4,0.03684521391740958
HMHB1,1.550705364423076
HMMR,-0.12873709045877213
HMOX1,-0.4287406035870034
HMSD,1.685211548150317
HMX1,-1.378259198180736
HMX2,1.0044712792162307
HMX3,0.3908273206602
HNF1A,0.015367030977690266
HNF4A,0.6390702752981421
HNF4G,-0.19681997265660156
HNMT,0.44159221547476846
HNRNPA0,0.17704610157946732
HNRNPA1,0.04592596846453123
HNRNPA1L2,-0.6247417343770572
HNRNPA1L3,-0.4521012999618439
HNRNPA2B1,0.1665906787717697
HNRNPA3,0.1509680595943257
HNRNPAB,0.10532424747457858
HNRNPC,0.017448349469247226
HNRNPCL1,1.2329537717472765
HNRNPD,0.09108332174606559
HNRNPDL,0.07003826886265951
HNRNPF,-0.15386470171472943
HNRNPH1,-0.5046549233840545
HNRNPH2,0.30312318371448477
HNRNPH3,-0.05214190030801369
HNRNPK,-0.1794943330950982
HNRNPL,0.11100304223356527
HNRNPLL,0.0958366263994046
HNRNPM,-0.11703029418694211
HNRNPR,0.08286838449106515
HNRNPU,0.033268109196781914
HNRNPUL1,0.18209342221454783
HNRNPUL2,-0.1143815798237453
HNRNPUL2-BSCL2,-0.11300614001890974
HOATZ,0.6386000436287004
HOGA1,0.6209765842615997
HOMER1,0.26027293114925865
HOMER2,-0.05863298796702132
HOMER3,-0.08998703445428718
HOMEZ,-0.14621305081572533
HOOK1,0.19873488853489174
HOOK2,-0.12364403605062746
HOOK3,-0.1957159975416607
HOPX,-0.09545809837153008
HORMAD1,0.9207177425453623
HORMAD2,0.7842031088367607
HOXA1,0.26477003169278457
HOXA10,-1.0158927251626968
HOXA11,0.09955615065059109
HOXA13,0.018531792005910264
HOXA2,-4.755714086979168e-07
HOXA3,0.18489656931256437
HOXA4,0.4366403007000479
HOXA5,0.878624554954142
HOXA6,0.12192499470451934
HOXA7,-0.3284034437705037
HOXA9,0.029693668153318642
HOXB1,1.1505133199121984
HOXB13,-0.7900636500805396
HOXB2,-0.7973293273835745
HOXB3,-1.14991532617745
HOXB4,-0.10009289434448254
HOXB5,0.07534034152379837
HOXB6,-1.6268585234957271
HOXB7,-0.2387200384011816
HOXB8,0.2760408555764484
HOXB9,-0.09425743284666943
HOXC10,0.47012445311058226
HOXC11,-0.8393751158959744
HOXC12,-1.4566255097094232
HOXC13,-0.9132210970670693
HOXC4,0.0025335512149715633
HOXC5,-0.14025265280836555
HOXC6,1.0154274012366684
HOXC8,1.1138129167384025
HOXC9,0.43524656423935104
HOXD1,-0.11082522251704585
HOXD10,0.41695885252913256
HOXD11,-0.06638554815031883
HOXD12,1.477018560020232
HOXD13,-0.4002219240446858
HOXD3,-0.13896884465603598
HOXD4,-0.9046881080066387
HOXD8,0.9056574309028078
HOXD9,-0.3345342971704006
HP,0.5710123277665304
HP1BP3,0.070168098426179
HPCA,-0.013489736190834156
HPCAL1,0.36610382763492266
HPCAL4,-0.7963933005303672
HPD,0.8491331945883928
HPDL,0.011070668533427419
HPF1,0.08277746740465375
HPGD,0.2088939312029222
HPGDS,0.6071588306041387
HPN,-0.10077549676513156
HPR,0.33772826778124543
HPRT1,-0.029824091158800137
HPS1,-0.13995949744070924
HPS3,-0.11835493950870646
HPS4,0.09673159203513082
HPS5,-0.10846841739775215
HPS6,-0.0973569446050524
HPSE,0.2078395142207543
HPSE2,-0.20654882137041874
HPX,-0.6036598881410544
HR,-0.22287282391022917
HRC,-0.08455657650897408
HRCT1,-0.2947540367637734
HRG,-1.0442412544764275
HRH1,0.106105163009655
HRH2,-0.23686477679701445
HRH3,-0.38470575325293044
HRH4,-1.0247412027529907
HRK,-0.4912758519403444
HRNR,1.185618531626714
HROB,0.4180335071279053
HRURF,-0.09831922355569996
HS1BP3,-0.23060973066727275
HS2ST1,-0.128686477715803
HS3ST1,-0.32219934378667014
HS3ST2,0.34219394265348035
HS3ST3A1,0.07491366644837656
HS3ST3B1,-0.2215206203127451
HS3ST4,-0.7679745118976877
HS3ST5,0.4997998194708173
HS6ST1,0.42122217520406835
HS6ST2,0.4332636572909512
HS6ST3,-0.2823633760838794
HSBP1,0.9323423074198083
HSBP1L1,0.07108405847175181
HSCB,-0.11262494979153015
HSD11B1,-0.6557931471290318
HSD11B1L,0.060468312078232334
HSD11B2,-0.11048470183060521
HSD17B1,0.10232102159245171
HSD17B10,-0.13328880057240555
HSD17B11,-0.5108114662688847
HSD17B12,-0.2765118939824456
HSD17B13,-0.38742915506795295
HSD17B14,-0.21797762225749961
HSD17B2,-0.02990130262052726
HSD17B3,0.2667672948398872
HSD17B4,-0.3544887888136403
HSD17B6,-0.06627555511062244
HSD17B7,-0.035403502809106424
HSD3B1,0.10435265143758987
HSD3B2,0.10255250084139012
HSD3B7,0.14315322337515157
HSDL1,-0.5997745669609709
HSDL2,0.27939125077920224
HSF1,-0.019286424621273834
HSF2,0.3112272973260546
HSF2BP,-0.01780560856237212
HSF4,-0.402734011434182
HSF5,0.649116692622968
HSFX3,-0.04315311761013274
HSFX4,1.0896123039383323
HSH2D,-0.4541003586885658
HSP90AA1,-0.16960182945881375
HSP90AB1,0.26343859951693327
HSP90B1,0.08876923350026544
HSPA12A,0.4580122836476366
HSPA12B,0.21204895657787548
HSPA13,-0.02269123195272016
HSPA14,-0.05494132827987297
HSPA2,-0.26332718467850724
HSPA4,0.058465505364624804
HSPA4L,0.5203996166353386
HSPA5,-0.08551658183930577
HSPA6,-0.5077938322384218
HSPA8,0.08832002172194375
HSPA9,0.061443970307857754
HSPB1,0.5493892983585078
HSPB2,0.1124612785970088
HSPB2-C11orf52,0.11435916490915932
HSPB3,0.020153421149529782
HSPB6,0.006287714997271543
HSPB7,0.3715339938375579
HSPB8,-0.17987411419828003
HSPB9,0.008248736803505352
HSPBAP1,-0.4399095283214691
HSPBP1,-0.13172365280466503
HSPD1,0.03482361098512232
HSPE1,-0.09253831945612223
HSPE1-MOB4,-0.10530177393796425
HSPG2,0.2829465910991469
HSPH1,-0.1867964600339418
HTATIP2,-0.02917547237142415
HTATSF1,0.07034787779178675
HTD2,-0.17548248237139585
HTN1,-0.6405274191853674
HTN3,-0.5929477890683534
HTR1A,-0.8546776413360229
HTR1B,-0.6246331088596359
HTR1D,0.4836584372927022
HTR1E,-0.7898886436914366
HTR1F,-0.8710931879753534
HTR2A,1.1992548785087371
HTR2B,-0.18882053800796528
HTR2C,-1.223610504785062
HTR3A,-0.273606200706606
HTR3B,1.7193043199595894
HTR3C,0.2761930660110634
HTR3D,0.548974675196878
HTR3E,0.26406555326824166
HTR4,0.4455240223099126
HTR5A,0.38844480986583796
HTR6,0.23916602626539243
HTR7,0.054609396089555506
HTRA1,-0.44567649666019693
HTRA2,0.0733160773158561
HTRA3,0.6054847970111925
HTRA4,-0.63460704370838
HTT,0.6100133262195121
HUNK,-0.7968078532577928
HUS1,0.575859289150856
HUS1B,-0.2661851186011426
HUWE1,-0.07113783152674236
HVCN1,0.6426246404281166
HYAL1,-0.2947506459795478
HYAL2,-0.071474028105043
HYAL3,-0.07113761131450236
HYAL4,-1.0725467825882073
HYCC1,0.08277371620621077
HYCC2,0.05082456891951548
HYDIN,-0.9922892382106161
HYI,0.27351889862664835
HYKK,-0.36441755451072266
HYLS1,-0.4527943920367262
HYOU1,0.02294560196365314
HYPK,0.0018458123590527897
IAH1,-0.027735599350313223
IAPP,0.33116770046389
IARS1,-0.20756434423254877
IARS2,-0.43982783056667296
IBA57,-0.011080224541720973
IBSP,0.1902265605937714
IBTK,-0.0693242909380496
ICA1,-0.06140771120217231
ICA1L,-0.45664665869882315
ICAM1,0.36655200090795237
ICAM2,-0.41432523880280847
ICAM3,0.18253756581748481
ICAM4,0.07515718798855753
ICAM5,0.22423851509454806
ICE1,0.1426284685320418
ICE2,0.04390485862486049
ICMT,0.0043472756741977925
ICOS,0.2596033596573726
ICOSLG,1.378139910114111
ID1,-0.17686577852123664
ID2,0.11893208934031474
ID3,-0.25127543683789044
ID4,0.3365259844602766
IDE,-0.19159537961051631
IDH1,-0.12005969864301136
IDH2,1.409322185618363
IDH3A,-0.5008477667571458
IDH3B,-0.2681732043095626
IDH3G,0.47566464300224265
IDI1,0.07888230890155778
IDI2,-0.05931388714663416
IDNK,-0.21801787262472727
IDO1,0.09237702524049007
IDO2,0.6994023404269583
IDS,0.45047006711386983
IDUA,-0.23587873326076858
IER2,0.8594564237369458
IER3IP1,-0.04402831704018384
IER5,-0.12799459384399192
IER5L,0.3485762802491683
IFFO1,-0.11085242650796534
IFFO2,0.17312806087717414
IFI16,-0.028802326578026283
IFI30,0.2656904543983605
IFI35,-0.15184791974213985
IFI44,1.7562372641333601
IFI44L,0.11520039883329947
IFI6,0.11814216762972629
IFIH1,-0.2519826231055111
IFIT1,0.019792664529843323
IFIT1B,-0.9368213270329175
IFIT2,1.4508321969987685
IFIT3,0.8304743538089575
IFIT5,0.3391590976279599
IFITM1,-0.26533316088865866
IFITM10,-0.25125197908457036
IFITM2,0.5628474960317772
IFITM3,0.2702758543042808
IFITM5,0.07610665751807622
IFNA1,-0.2468028852024724
IFNA10,-0.5412335522869949
IFNA13,-0.5710110485169868
IFNA14,0.39686343754312237
IFNA16,-0.5710115405361762
IFNA17,0.8825802320014873
IFNA2,0.6541672608415334
IFNA21,0.7167677615651411
IFNA5,1.3896680748330874
IFNA6,0.7481376025925566
IFNA7,0.40801201359206507
IFNA8,-0.3132772454728938
IFNAR1,0.10609005232430935
IFNAR2,-0.620159245312704
IFNAR2-IL10RB,0.15785566366418857
IFNB1,-0.4790190826418499
IFNE,1.5761405386848353
IFNG,0.9259361857982291
IFNGR1,0.14569575717651606
IFNGR2,0.08935942221450688
IFNK,0.344903722931134
IFNL1,0.5157452665673857
IFNL2,-0.23132393200490353
IFNL3,-0.0991492034329271
IFNL4,0.0498751209232795
IFNLR1,-0.13647609426875196
IFNW1,-0.4484947572983695
IFRD1,1.2030546311031916
IFRD2,-0.2140463226674525
IFT122,0.04617432319159942
IFT140,0.24759886000785514
IFT172,-0.14620058333629649
IFT20,-0.04337712198933641
IFT22,-0.3508810039291441
IFT25,-0.16482112291430795
IFT27,0.11729074742790191
IFT43,-0.4846803716873944
IFT46,-0.04493707745991138
IFT52,-0.2134201380863514
IFT56,0.16984221570748836
IFT57,-0.5134510063350057
IFT70A,-0.17904228540436806
IFT70B,-0.28691648299195194
IFT74,-0.07313294242489832
IFT80,-0.01849595705891005
IFT81,-0.3037609831137349
IFT88,-0.4951559944570487
IFTAP,-0.31769659195213995
IGBP1,-0.26480187241279163
IGBP1C,0.11031202430054066
IGDCC3,-0.2309274183983807
IGDCC4,-0.3672754233481833
IGF1,1.0356617289948218
IGF1R,-0.14975518331383642
IGF2,-0.21361706278003856
IGF2BP1,0.33683605093213576
IGF2BP2,-0.7315376082398599
IGF2BP3,-0.3222418628142232
IGF2R,0.1063470086899585
IGFALS,-0.048857602109872916
IGFBP1,0.16874003327517634
IGFBP2,0.22379673650121656
IGFBP3,0.03465685619322023
IGFBP4,0.5016101678417334
IGFBP5,0.05277866716021096
IGFBP6,0.7514797834247686
IGFBP7,0.04876734238959557
IGFBPL1,0.2349264416972635
IGFL1,0.46978727436568635
IGFL2,1.2514610206167678
IGFL3,-0.4857369649254877
IGFL4,1.7119729037783658
IGFLR1,0.5134911236264763
IGFN1,-0.4138865344439895
IGHMBP2,-0.21858992163945956
IGIP,-1.050520559782727
IGLL1,-0.19333882508750022
IGLL5,-0.6125528370229502
IGLON5,-0.16319874486037267
IGSF1,0.3471292747543049
IGSF10,-0.5888438464299381
IGSF11,-0.014182469215614668
IGSF21,0.29131911674115885
IGSF22,0.8247044922754763
IGSF23,0.23474241863059442
IGSF3,-0.07173944650892305
IGSF5,0.8060731669722205
IGSF6,0.06458823979052197
IGSF8,0.44801288018940744
IGSF9,-0.19713248695721952
IGSF9B,-0.4635131875134301
IHH,-1.3217534820131245
IHO1,0.21781208696387466
IK,-0.2706617498753139
IKBIP,-0.15612933020908137
IKBKB,0.42027166798345217
IKBKE,-0.2100930825073517
IKBKG,2.0754421614144998
IKZF1,0.06711343616910392
IKZF2,-0.19886961764467426
IKZF3,0.09078021662127433
IKZF4,-0.13518853466828862
IKZF5,-0.24564698898461668
IL10,-0.0763899356677713
IL10RA,0.7931423583251105
IL10RB,0.024867346506390664
IL11,-0.1775518009227335
IL11RA,0.7837036790168819
IL12A,-0.04171855591440554
IL12B,0.2616835524901202
IL12RB1,0.6069969321888101
IL12RB2,0.028685481466630858
IL13,0.16723283612767004
IL13RA1,-0.8790141088623313
IL13RA2,0.656823863086923
IL15,0.46997777959996334
IL15RA,0.004433280785667293
IL16,-0.11529987840494271
IL17A,1.127781179194647
IL17B,-0.6785675454389921
IL17C,0.47449728689953297
IL17D,-0.5071660859594049
IL17F,0.040425315186080724
IL17RA,0.10215832489078114
IL17RB,0.7692151491446917
IL17RC,-0.7432292852917116
IL17RD,-0.242666997525941
IL17RE,0.6711705035079647
IL17REL,0.40264751909466323
IL18,0.4134995835410127
IL18BP,-0.45430104576026986
IL18R1,-1.0704279253306612
IL18RAP,0.6694075897953002
IL19,0.03799259379207526
IL1A,-0.523776733121193
IL1B,-0.6872089556526513
IL1F10,-0.2751756098634005
IL1R1,0.3129661366463658
IL1R2,0.1442770508894447
IL1RAP,0.13839707752853414
IL1RAPL1,-0.46174383313535206
IL1RAPL2,0.17705328992146407
IL1RL1,-1.056077163632888
IL1RL2,-0.0414925496709857
IL1RN,-0.6387527294279827
IL2,0.10726634222221398
IL20,0.4014136961471575
IL20RA,-0.30747014532189076
IL20RB,-0.21264785774195327
IL21,-0.8166454643449238
IL21R,0.21594021013635167
IL22,-0.13347261326932647
IL22RA1,0.49168651233459293
IL22RA2,0.6708485111451847
IL23A,0.13352668041100024
IL23R,0.5410936453834013
IL24,-0.07605284263753576
IL25,0.1445332887214466
IL26,0.006635465841178467
IL27,1.8958892233998903
IL27RA,0.5542186015947493
IL2RA,0.19277328299566765
IL2RB,-0.06490457934227523
IL2RG,-0.2437959836044996
IL3,0.5860685885321505
IL31,-0.2947809090724707
IL31RA,0.03316338544337283
IL32,-0.1440658803057817
IL33,-0.3062784483517116
IL34,-0.6462274515533224
IL36A,-1.108889581675983
IL36B,-0.8633214026688599
IL36G,0.09075349753882334
IL36RN,-1.7241508220909
IL37,-0.08289456965753539
IL4,-0.7852753491393446
IL4I1,0.08466654130427553
IL4R,0.24553262082865945
IL5,0.1732904817157399
IL5RA,0.13339342059170978
IL6,1.3587762411162232
IL6R,0.912275622342535
IL6ST,0.2362806502571253
IL7,-0.11918388515421441
IL7R,0.8810461266572203
IL9,0.009684144538927603
ILDR1,-0.40693318370957177
ILDR2,0.1676567458395323
ILF2,0.15915779945889685
ILF3,0.25058073555987814
ILK,-0.12557039277948157
ILKAP,-0.024625895482397908
ILRUN,-0.0026096280684759776
ILVBL,-0.10205826380346483
IMMP1L,-0.02405427848147479
IMMP2L,0.26914483973746406
IMMT,0.05616146630474095
IMP3,-0.41844707116974156
IMP4,-0.04517796671016949
IMPA1,-0.7325927070936282
IMPA2,-0.1292669060742968
IMPACT,-0.0477502833828769
IMPDH1,-0.049510904147812784
IMPDH2,0.34614084265357903
IMPG1,-0.29737759829210275
IMPG2,0.16703551043952025
INA,1.1503511758415326
INAFM1,0.22841292855918738
INAFM2,-0.3105635182177573
INAVA,0.8553795377852547
INCA1,0.15982130740335032
INCENP,-0.025522681356859422
INF2,0.18749286230194162
ING1,-0.23618660231542243
ING2,0.09462107989853763
ING3,0.21696461081539198
ING4,-0.10881642539876024
ING5,-0.17498947132764542
INHA,-0.236139902754799
INHBA,1.5074072639668865
INHBB,-0.2170098847287727
INHBC,-0.1282336169117309
INHBE,0.4744621523538468
INIP,-0.02151219406195004
INKA1,-0.077447546780955
INKA2,-0.23538766360433794
INMT,0.8638345386325097
INMT-MINDY4,-0.6442335114821123
INO80,-0.05157535790136514
INO80B,-0.010913680871256215
INO80B-WBP1,-0.010224213576972563
INO80C,0.10007536257701899
INO80D,-0.32572430846556166
INO80E,0.07382653684332041
INPP1,-0.19683726047045624
INPP4A,-0.0967246387128946
INPP4B,0.09066976720434644
INPP5A,0.25188891578370476
INPP5B,-0.5774215239772245
INPP5D,0.3065322744967309
INPP5E,0.05042768190183944
INPP5F,0.2959880949878064
INPP5J,-0.2644108792254414
INPP5K,0.03795119885746345
INPPL1,-0.1361585189128034
INS,-0.2503041859587923
INS-IGF2,-0.25503238755471025
INSC,-0.6865903075244568
INSIG1,0.005375657229955699
INSIG2,-0.18346214512818326
INSL3,-0.8643967258634329
INSL4,-0.5781397852653214
INSL5,0.301540217824676
INSL6,0.26232986857703466
INSM1,0.1411941561390423
INSM2,0.07080953706842985
INSR,0.426539384446216
INSRR,-0.3104879364714559
INSYN1,-0.06861460923985929
INSYN2A,-0.10107853913273757
INSYN2B,-0.16650018783651588
INTS1,-0.06719141528317629
INTS10,0.06104017648730897
INTS11,-0.11421561097143318
INTS12,-0.044908261137153974
INTS13,-0.13698624189837183
INTS14,-0.14303192998329717
INTS15,-0.15627281333539988
INTS2,-0.3483098896706798
INTS4,-0.20400780318482914
INTS5,0.03512572511336787
INTS6,0.3142311170399523
INTS6L,-0.06307291084305167
INTS7,0.16783819100881914
INTS8,0.6264320856576385
INTS9,0.15249953737284372
INTU,0.696139941738807
INVS,-0.16544314335135635
IP6K1,-0.3494262020793677
IP6K2,-0.3945893253556279
IP6K3,-0.017883549215192238
IPCEF1,-0.35004169056970363
IPMK,-0.030759042940435855
IPO11,-0.11759987192841237
IPO13,-0.1531551847837349
IPO4,0.1614081699674017
IPO5,-0.2578038683343409
IPO7,-0.06810521238754585
IPO8,-0.2657923823291952
IPO9,0.01745168821989651
IPP,0.02268889386115358
IPPK,0.20033840267107905
IQCA1,-0.6143198929933609
IQCA1L,0.4275448052766231
IQCB1,-0.06106353201055903
IQCC,0.36055407330824973
IQCD,-0.34185131348876396
IQCE,0.17604665603893954
IQCF1,-0.3480074964206499
IQCF2,-0.19826036477325892
IQCF3,-0.12823967701545347
IQCF5,-0.6560393382521181
IQCF6,0.011141509446025294
IQCG,-0.420789186955262
IQCH,-0.2066180458199156
IQCJ,0.08608932894537813
IQCJ-SCHIP1,0.14411278075731926
IQCK,-0.029239583658137835
IQCM,-0.4418848670960571
IQCN,0.8165491356051686
IQGAP1,-0.07096784963281788
IQGAP2,0.6583397644375237
IQGAP3,-0.1792934585219011
IQSEC1,-0.8119581005799564
IQSEC2,-0.30875640676907734
IQUB,-0.029444352190560075
IRAG1,-0.39080631746059585
IRAG2,0.7351394316852318
IRAK1,0.1720016731737246
IRAK1BP1,-0.3381852187478054
IRAK2,-0.17093991370803846
IRAK3,-0.12186835451534739
IRAK4,-0.046250470943730804
IREB2,-0.12957636799628336
IRF1,-0.1466167075619087
IRF2,0.09157977969292563
IRF2BP1,0.04204027444244218
IRF2BP2,0.43657968944544123
IRF2BPL,0.5208739318719058
IRF3,-0.028974776014333514
IRF4,0.20406765555306716
IRF5,-0.21124557855139844
IRF6,0.0675687337735138
IRF8,-0.5710109501131289
IRF9,0.1310761471166786
IRGC,-0.6469968280400389
IRGM,0.0418266686165375
IRGQ,0.055958328392715195
IRS1,-0.16041025142824994
IRS2,0.009460009279186998
IRS4,-0.5055116315263748
IRX1,-1.0526330471999383
IRX2,0.7133748747310109
IRX3,0.32055264113055415
IRX4,-1.3368585808241393
IRX5,0.38263160721269207
IRX6,0.5065871819083458
ISCA1,0.09716457983981286
ISCA2,-0.00815737326098942
ISCU,0.08045004712698223
ISG15,0.5427487040341453
ISG20,0.17653846367252868
ISG20L2,0.05262865294402008
ISL1,0.6896159020739225
ISL2,0.0916419182071957
ISLR,0.8655658446282264
ISLR2,-0.7149493398311626
ISM1,0.6530355838075065
ISM2,-0.028170865938379377
ISOC1,-0.20015704037792847
ISOC2,0.04237656792504074
IST1,-0.08204582709301933
ISX,0.13513772017943637
ISY1,-0.011328298308497686
ISY1-RAB43,-0.012287412337277814
ISYNA1,-0.3460950284768838
ITCH,0.10457624320902115
ITFG1,0.11081849792144197
ITFG2,0.09986785740278226
ITGA1,-0.6000527342026825
ITGA10,-0.2769365799764211
ITGA11,-1.2306108393968405
ITGA2,-0.35120449049316205
ITGA2B,-0.02331149522167851
ITGA3,-0.5816899289515559
ITGA4,-0.22613460787748707
ITGA5,-0.21608988277864555
ITGA6,-0.4963767012125233
ITGA7,0.1856725885670114
ITGA8,-0.9150387493949375
ITGA9,0.21014213915522895
ITGAD,-0.5633039039010315
ITGAE,0.0693969129039782
ITGAL,0.29138501381101367
ITGAM,0.8868723652711965
ITGAV,-0.07251355162443218
ITGAX,0.6092658752349226
ITGB1,-1.1808923908597504
ITGB1BP1,-0.11488477299599964
ITGB1BP2,-0.13202432817507884
ITGB2,-0.26584340420464236
ITGB3,-0.6100498776766515
ITGB3BP,-0.2613637236237456
ITGB4,0.14409568103625042
ITGB5,-1.0138188087074587
ITGB6,0.5431246059399586
ITGB7,-0.003958563278375848
ITGB8,0.6288660256245815
ITGBL1,0.14087367200399337
ITIH1,0.2050207846806551
ITIH2,-0.4580127858957419
ITIH3,0.14345900672143452
ITIH4,-0.06282828128895113
ITIH5,0.07491008481460049
ITIH6,4.819929060317918e-07
ITK,0.08357160509904338
ITLN1,-0.021203630161467313
ITLN2,-0.4030372079169712
ITM2A,-0.07527338493699132
ITM2B,0.6767624554330185
ITM2C,-1.5819795491914181
ITPA,-0.21951890868756507
ITPKA,0.007925013922030821
ITPKB,-0.1228942991363855
ITPKC,0.016879563087125682
ITPR1,0.16355266525997525
ITPR2,-0.09521696628864529
ITPR3,-0.01875271741153517
ITPRID2,-0.18946928710778455
ITPRIP,0.18136725375230345
ITPRIPL1,-0.17680707187237044
ITPRIPL2,0.32810260562514293
ITSN1,-0.12296038074067006
ITSN2,-0.12616500118657825
IVD,-0.20847816868424474
IVL,-0.05173407371534178
IVNS1ABP,-0.10974547487481168
IWS1,0.08838734189102038
IYD,-0.15864060039439232
IZUMO1,0.8435382771834066
IZUMO1R,-1.1784044709391044
IZUMO2,-0.9083213117300493
IZUMO3,0.4765471571761245
IZUMO4,-0.1820534242153995
JADE1,-0.049908231230869404
JADE2,-0.01134537388482526
JADE3,0.38409282470587636
JAG1,0.10902783913274927
JAG2,-0.3578518560406744
JAGN1,-0.16289889758697118
JAK1,-0.17408562243017922
JAK2,-0.18610999489719493
JAK3,-0.13034045110937376
JAKMIP1,0.12310088449505141
JAKMIP2,-0.36034356186659267
JAKMIP3,0.3467014012457057
JAM2,-0.19692432610998534
JAM3,-0.17537402274006153
JAML,0.765634285887528
JARID2,0.4437639308655137
JAZF1,0.19062899454877635
JCAD,-0.057630049926538085
JCHAIN,0.048289162970364785
JDP2,0.6486133560243068
JHY,-0.12747481130543248
JKAMP,-0.1610203790174367
JMJD1C,-0.2081728382613095
JMJD4,-0.05283197414464702
JMJD6,-0.04022412131688213
JMJD7,0.32140553245881653
JMJD7-PLA2G4B,0.32196976157249857
JMJD8,0.004959876946000197
JMY,-0.012982078547267406
JOSD1,0.23303519498562775
JOSD2,-0.2305769548783525
JPH1,-0.0520181044929362
JPH2,-0.3763252075905138
JPH3,-0.805850183626039
JPH4,0.5721045390512327
JPT1,0.3379698551790047
JPT2,-0.0028373952553897297
JRK,-0.12625641988274264
JRKL,-0.1254334166870228
JSRP1,0.3821372063591362
JTB,-0.03959758390049295
JUN,0.329316877226173
JUNB,0.22217754041237203
JUND,0.2461554137470907
JUP,0.2541095981363908
KALRN,0.20034446427185126
KANK1,0.03534305150682915
KANK2,0.06447760796018231
KANK3,0.10557343826718868
KANK4,0.4642428540647312
KANSL1L,0.05355765753061004
KANSL2,-0.1942048608375191
KANSL3,1.1834165261113996
KANTR,0.11691618002476822
KARS1,-0.08510119482240164
KASH5,-0.4533608973520076
KAT14,-0.21631362486802974
KAT2A,0.00033416636792482635
KAT2B,-0.06467208405361413
KAT5,-0.05918789513316902
KAT6A,-0.19477179931263233
KAT6B,-0.19274361215179336
KAT7,-0.2248353217449779
KAT8,0.0922900863675657
KATNA1,-0.17211802776672336
KATNAL1,0.0006696352832360475
KATNAL2,-0.09179050992136695
KATNB1,-0.1159755477024067
KATNBL1,0.03542621428087722
KATNIP,-0.0149109295578711
KAZALD1,-0.06978202000133393
KAZN,-0.16327307338665853
KBTBD12,-0.8904996849550773
KBTBD13,0.15606652470800653
KBTBD2,0.4726735876183312
KBTBD3,-0.11362732470364811
KBTBD4,-0.16942594928820043
KBTBD6,-0.09548006115786212
KBTBD7,-0.22879358965917707
KBTBD8,-0.19745420243642764
KCMF1,-0.17337604569348475
KCNA1,1.1949181694615798
KCNA10,-0.11682492866369909
KCNA2,-1.0971439267777807
KCNA3,-0.4755311214963567
KCNA4,1.0441655519451336
KCNA5,0.6204707881194987
KCNA6,-0.6025543244201135
KCNA7,-0.5638440663087445
KCNAB1,0.08281466330432674
KCNAB2,-0.00963095563793459
KCNAB3,0.1255968538341441
KCNB1,0.02086909916639157
KCNB2,-0.5026701076798217
KCNC1,0.35280552949587535
KCNC2,1.21908294620074
KCNC3,0.8391800563772365
KCNC4,-0.18139706481353546
KCND1,0.3352428291289392
KCND2,0.8733140735029974
KCND3,-0.4887701274947145
KCNE1,-0.3132729956317841
KCNE2,0.2695389035614044
KCNE3,-0.4545811046983633
KCNE4,-0.6100496356036038
KCNE5,-0.3788212234694164
KCNF1,0.14796371195620306
KCNG1,-0.9362206629384906
KCNG2,-1.2511074398502882
KCNG3,-0.49211282494647507
KCNG4,0.26011560418217194
KCNH1,0.4020702455064773
KCNH2,0.09142953306054136
KCNH3,-0.07980102637192488
KCNH4,-0.5954473327348762
KCNH5,1.432680962789823
KCNH6,1.0217993830246659
KCNH7,0.10688698459816315
KCNH8,-0.372937709387418
KCNIP1,1.2075619775560424
KCNIP2,0.22769456444593583
KCNIP3,0.022972534345882825
KCNIP4,0.26769912137248264
KCNJ1,0.9389982442318995
KCNJ10,-0.3116180513390494
KCNJ11,-0.1790127527592198
KCNJ12,0.5537965872359127
KCNJ13,0.22423437904859544
KCNJ14,-0.30099527202387755
KCNJ15,-0.4929922298529319
KCNJ16,0.10727897717637666
KCNJ18,-0.45648921779737006
KCNJ2,-0.037438516475772676
KCNJ3,0.47552510794488045
KCNJ4,0.04393518143587072
KCNJ5,0.48362005768336735
KCNJ6,-0.2691446509677906
KCNJ8,0.12039483990402133
KCNJ9,-1.2793343818951184
KCNK1,0.10934209558386598
KCNK10,-0.12480873262406988
KCNK12,-0.3071953917378558
KCNK13,-0.3977620225401266
KCNK15,-0.2984211500196012
KCNK16,-1.0367845474814081
KCNK17,0.4170178079898108
KCNK18,-0.7484936191453881
KCNK2,-0.0948346664329025
KCNK3,-0.370681169011639
KCNK4,0.03248773911618752
KCNK5,0.46625822364706004
KCNK6,0.05057697130783745
KCNK7,0.09860770957939646
KCNK9,1.369299656773137
KCNMA1,0.25014162378257687
KCNMB1,0.38022979196173856
KCNMB2,0.32309603655187447
KCNMB3,-0.3684082735268748
KCNMB4,-0.279055200082178
KCNN1,0.28391984681226967
KCNN2,0.27977486774551075
KCNN3,0.9596263850167146
KCNN4,-0.27326331629002654
KCNQ1,-0.2116760739380521
KCNQ2,1.374673655599874
KCNQ3,-0.985843127355002
KCNQ4,-0.1464775909853573
KCNQ5,0.23261101745709523
KCNRG,-1.2062824506542067
KCNS1,-0.2337141142420031
KCNS2,0.0703302825892742
KCNS3,-0.12390836172380681
KCNT1,0.8658590166733577
KCNT2,0.7366989288512744
KCNU1,1.8819703984354756
KCNV1,-0.5771099340192534
KCNV2,-0.5570627156515977
KCP,-0.09399011945456726
KCTD1,-0.18721721599556806
KCTD10,-0.16707566555334186
KCTD11,0.35568572859529635
KCTD12,0.31977388250560695
KCTD13,0.14229961608228514
KCTD14,0.1245313863057441
KCTD15,-0.8371325739382942
KCTD16,-0.010952574476664978
KCTD17,-0.010342474945520097
KCTD18,-0.104431624253533
KCTD19,-0.8030196579309712
KCTD2,0.084846902591174
KCTD20,0.2943370465386175
KCTD21,0.10012494050037812
KCTD3,-0.06364514210752947
KCTD4,-0.08511710808255013
KCTD5,0.17950588556150837
KCTD6,-0.23878484333446925
KCTD7,0.22509779468564783
KCTD8,-1.6226179841279378
KCTD9,-0.20254772405511368
KDELR1,-0.13755102562613342
KDELR2,-0.08739122322980197
KDELR3,0.9989325002324214
KDF1,-0.19797405340261467
KDM1A,-0.3305958401554694
KDM1B,0.2645952731713317
KDM2A,0.06645600777988125
KDM2B,0.3792713303517856
KDM3A,0.14459208803779688
KDM3B,0.17192428868817755
KDM4A,-0.13637405463854346
KDM4B,-0.047648545169819645
KDM4C,-0.7355542073098587
KDM4D,0.013457726863647768
KDM4E,-0.15988425208614698
KDM4F,-0.9107985430185486
KDM5A,-0.05310181304944539
KDM5B,-0.2998133825991376
KDM5C,0.20609265576187674
KDM5D,-0.12913229232302337
KDM6A,0.1302040815063874
KDM6B,0.4448410784061343
KDM7A,0.03698518652231386
KDM8,0.029022150866133245
KDR,-0.8797134510013433
KDSR,-0.2948293939278428
KEAP1,0.5301906016893563
KERA,0.4983865368901288
KGD4,0.6499626631843345
KHDC1,-0.30309525012434957
KHDC1L,0.08203587328396633
KHDC3L,0.36472181147041416
KHDC4,0.1630162041813632
KHDRBS1,-0.07176741792253694
KHDRBS2,0.0022146399439231246
KHDRBS3,0.49984123741626835
KHK,0.17787715661963466
KHNYN,-0.14012596311991565
KHSRP,-0.08478789923904362
KIAA0040,-0.14198446206026638
KIAA0232,0.20927282516838908
KIAA0319,-0.8141733065976573
KIAA0319L,-0.1703501693032745
KIAA0408,-2.757987331847289e-07
KIAA0513,0.09600829573200542
KIAA0586,-0.20374547886928873
KIAA0753,-0.059156638621158386
KIAA0825,0.16265130857209398
KIAA0930,0.17276601318355378
KIAA1143,-0.1379665846588507
KIAA1191,-0.0024872343346644676
KIAA1210,-0.993264503260266
KIAA1217,-0.4359600646237918
KIAA1328,-0.27615058154883254
KIAA1549,-1.7252757437057833
KIAA1549L,0.21458436354488208
KIAA1586,0.1802576499077535
KIAA1614,0.03126440613993897
KIAA1671,0.30878745019259535
KIAA1755,0.029203044959233093
KIAA1958,0.09487170212179086
KIAA2012,-0.22689071169648953
KIAA2013,0.43167790495042313
KICS2,0.050187003578227696
KIDINS220,-0.15931427859956004
KIF11,-0.1909809392790942
KIF12,0.7060685302505546
KIF13A,0.9558408466139732
KIF13B,0.2245730333044591
KIF14,0.07515484769332259
KIF15,-0.14133478880840578
KIF16B,0.01516359760506747
KIF17,-0.10560460006732805
KIF18A,-0.2506664838991046
KIF18B,0.0629916965279369
KIF19,-0.7972631751526194
KIF1A,-0.6158121477514997
KIF1B,-0.12478565411706644
KIF1C,0.20495099152723073
KIF20A,-0.16888040136626126
KIF20B,0.10126931085744673
KIF21A,0.03785550906958779
KIF21B,0.3296184179966415
KIF22,0.06855220717899169
KIF23,-0.24260042979443375
KIF24,-0.26114604016019793
KIF25,0.21702538530363952
KIF26A,-0.46693249235521805
KIF26B,0.29057416358453403
KIF27,-0.20067448792622322
KIF2A,0.12660466015288918
KIF2B,1.4736696894432006
KIF2C,-0.08114227530293583
KIF3A,-0.037816103757263964
KIF3B,-0.036267117335849974
KIF3C,-0.3259255755094098
KIF4A,0.1595458396183358
KIF4B,-0.332620622856759
KIF5A,-0.0854997627213443
KIF5B,-0.11297570287512926
KIF5C,-0.6378225039403596
KIF6,-1.4726678717633277
KIF7,-0.8864578570167774
KIF9,-0.2191173732176699
KIFAP3,0.12134960335792822
KIFBP,-0.203214800457316
KIFC2,0.1502505016700897
KIFC3,1.2877797603932857
KIN,-0.1063920334217272
KIRREL1,0.40790787807597284
KIRREL2,0.7808329293841002
KIRREL3,-0.3502150372463493
KISS1,-0.24359872420750234
KISS1R,-0.1277779313322804
KIT,-0.23165600011461973
KITLG,-0.01806951850730787
KIZ,-0.2290625467030658
KL,0.40657849603629337
KLB,1.7580062069824471
KLC1,-0.13030216333653133
KLC2,-0.14738299453232706
KLC3,1.208228200404836
KLC4,-0.8284228000308949
KLF1,0.25567879464362187
KLF10,0.007913367433041607
KLF11,0.15373989207948657
KLF12,0.23402651072308744
KLF13,0.5561997221927033
KLF14,-0.5476392468487352
KLF15,0.03412534267643541
KLF16,-0.009056332852319215
KLF17,0.501561526150111
KLF18,-1.3672799781504814
KLF2,-0.14199451357048498
KLF3,0.5710112453246827
KLF4,-0.46964114536469337
KLF6,0.46252366608754514
KLF7,-0.08978818353035845
KLF8,-0.8991083302090841
KLF9,0.49382897509270895
KLHDC1,-0.11802309279783585
KLHDC10,0.18822160294915236
KLHDC2,0.034178153538052314
KLHDC3,0.028936358549890517
KLHDC4,-0.04902021467479356
KLHDC7A,0.5071399778009918
KLHDC7B,0.46045003344793534
KLHDC8A,0.6694076886710298
KLHDC8B,-0.04375885383344491
KLHDC9,0.3260786786695662
KLHL1,0.3864287580614929
KLHL10,-0.693406534341861
KLHL11,-0.2503513089174447
KLHL12,-0.01502184558736852
KLHL13,-0.6309562715631061
KLHL14,0.30337964459888445
KLHL15,0.1133435716165474
KLHL17,0.024609643993394048
KLHL18,-0.20205274101230408
KLHL2,-0.4245785405386284
KLHL20,-0.05168476588518933
KLHL21,0.05338254062009096
KLHL22,0.38086081278798556
KLHL23,-0.4270455329771732
KLHL24,0.045445907307131606
KLHL25,0.3068540385886296
KLHL26,0.012553940070754166
KLHL28,0.3798091834711094
KLHL29,0.5721253374107875
KLHL3,-0.5460186544413529
KLHL30,0.1883165296571978
KLHL31,0.4031137163048304
KLHL32,-0.21153100797864877
KLHL33,-0.5345357522405166
KLHL34,0.9678748784371218
KLHL35,-0.4798863692963258
KLHL36,0.05698214589128725
KLHL38,0.40394193317819393
KLHL40,0.031403441855558656
KLHL41,-1.3530238176177511
KLHL42,-0.13110172448098334
KLHL5,-0.09195683155386769
KLHL6,-0.3221783233362032
KLHL7,-0.15800635350737036
KLHL8,0.5609975361362558
KLHL9,0.44090317161625414
KLK1,0.5714366741849103
KLK10,-0.09926795118903664
KLK11,0.6420871482774665
KLK12,-0.47966195271428824
KLK13,0.5563858949557678
KLK14,-0.6006240322176268
KLK15,0.1974163827758594
KLK2,0.5987208187515632
KLK3,-0.1178259088279987
KLK4,0.412552506739708
KLK5,-0.6898736927584916
KLK6,0.9093801168653085
KLK7,-0.3558938447066333
KLK8,-0.5779326230288669
KLK9,0.7416333223042593
KLKB1,-0.279145937503376
KLLN,0.3314229690613528
KLRB1,-0.011148575843520359
KLRC1,-0.24319521761833973
KLRC2,-0.5710110485169868
KLRC4,0.5689845540955751
KLRC4-KLRK1,0.9137196760140078
KLRD1,-1.1581436741752014
KLRF1,-0.5664949482809836
KLRF2,-0.19757304822346744
KLRG1,0.001371476561041085
KLRG2,0.9408907664651234
KLRK1,-0.12543579822259643
KMO,-0.34073836966855975
KMT2A,0.015032132790794961
KMT2B,0.14583865772873672
KMT2C,0.6114068114267259
KMT2D,-0.06899693355320924
KMT2E,-0.2338999179014084
KMT5A,0.04943822762062444
KMT5B,0.3476687276987196
KMT5C,0.10771907813955739
KNCN,-1.0836769556721468
KNDC1,-0.4812409201579705
KNG1,0.22601133281445662
KNL1,-0.41006060893004115
KNOP1,-0.11989612768576707
KNSTRN,0.09533067918138816
KNTC1,-0.15672187558154071
KPLCE,-0.17806762376071017
KPNA1,-0.0007783311976163887
KPNA2,0.12262021640533138
KPNA3,0.332350932312901
KPNA4,0.06882518969465146
KPNA5,-0.12929786353050243
KPNA6,-0.0009987451576867201
KPNA7,-0.4134814036891017
KPNB1,-0.04259997457061804
KPRP,-0.21872043409896447
KPTN,0.016484565771372583
KRAS,0.015379675163429418
KRBA1,0.1372976824310912
KRBA2,0.3589208753972213
KRBOX1,-0.06833807143954385
KRBOX4,-0.04343553425791802
KRBOX5,-0.4937102219225822
KRCC1,0.6267543935425046
KREMEN1,-0.2737390761771126
KREMEN2,-0.057665794421620786
KRI1,0.24940220800786372
KRIT1,-0.18799727552337764
KRR1,-0.6026542259808734
KRT1,-0.4219210417766708
KRT10,0.37895066365688646
KRT13,0.21103772913132046
KRT14,-0.04802223846067766
KRT15,0.48890458826006555
KRT16,-0.23799413250448506
KRT17,-0.7980538342516305
KRT18,-0.6654396826573425
KRT19,0.8847493697741373
KRT2,0.5898453629715714
KRT222,-0.7391191786656957
KRT24,0.2616846604520775
KRT25,1.2296580598417646
KRT26,-0.2803602443939113
KRT27,-0.4354411030460956
KRT28,-1.5366941529179075
KRT3,0.1163338473694428
KRT32,-0.21043299880180255
KRT35,0.589839693412667
KRT36,0.416010365816914
KRT38,0.26243044391132475
KRT4,-0.7987134591097488
KRT5,0.3521713085767275
KRT6A,1.246831929561591
KRT6B,0.565665151365013
KRT6C,0.7285013362304875
KRT7,0.23660127743064138
KRT71,0.08811421094101424
KRT72,-2.0865169822759806
KRT73,-0.3378529427733591
KRT74,-0.048184706135320665
KRT75,-0.8873049047574528
KRT76,0.0605609761591972
KRT77,0.03913116287424789
KRT78,0.34317772111801204
KRT79,-0.37502326890162796
KRT8,-0.904982254549066
KRT80,-0.20977390562384746
KRT81,0.3341834262074783
KRT82,1.3377793342101931
KRT83,-0.4547802741368688
KRT84,0.00893870861738666
KRT85,-0.46516185232181095
KRT86,0.2452142362530907
KRT9,0.798454297768845
KRTAP10-1,-0.7299352712633908
KRTAP10-10,-0.04594127689953986
KRTAP10-11,-0.4344559339319074
KRTAP10-12,0.21370690933595493
KRTAP10-2,-0.6944487421105715
KRTAP10-3,-0.03627616297117364
KRTAP10-4,0.4266885671991031
KRTAP10-5,-1.3238663749311639
KRTAP10-6,-0.14130683800646526
KRTAP10-7,0.204318318687561
KRTAP10-8,0.6995860144448343
KRTAP10-9,-0.6438506320934514
KRTAP11-1,0.27338435567882935
KRTAP12-1,0.07626346718192889
KRTAP12-2,-0.33130072664357124
KRTAP12-3,-0.4260207272822948
KRTAP12-4,-0.15624041816503365
KRTAP13-1,-0.258838343105972
KRTAP13-2,-0.6274113797961678
KRTAP13-3,1.4468942877271858
KRTAP13-4,-1.10834377306087
KRTAP15-1,-0.2616852206601987
KRTAP19-1,0.12456793552850876
KRTAP19-2,-0.3241138927552525
KRTAP19-3,1.777293898998391
KRTAP19-4,-0.31323390264662443
KRTAP19-5,0.5837600149076898
KRTAP19-6,0.8883272428383322
KRTAP19-7,-1.1713775217258164
KRTAP19-8,0.3040604228541717
KRTAP2-2,-0.4080104818468837
KRTAP20-1,-0.08706661494660128
KRTAP20-2,-1.4568057813003294
KRTAP20-3,0.0
KRTAP20-4,0.6525972738547812
KRTAP21-1,-0.3288458195629764
KRTAP21-2,-1.2356414953405537
KRTAP21-3,0.4886880964306419
KRTAP22-1,-1.5768747720595946
KRTAP22-2,-1.6781699513743273
KRTAP23-1,-0.431453889958314
KRTAP24-1,-0.3191287822144493
KRTAP25-1,-0.2286708713578003
KRTAP26-1,0.5642917172302276
KRTAP27-1,0.19380709310107905
KRTAP4-1,-1.224546608240653
KRTAP4-2,0.3844089922539944
KRTAP4-3,1.751530954946162
KRTAP4-4,-0.6804497752920851
KRTAP4-5,-1.3998716283062649
KRTAP4-6,0.6582116120282526
KRTAP4-7,0.9790220480650733
KRTAP4-8,-0.5710120325551982
KRTAP5-10,-0.37863192863403605
KRTAP5-11,-0.17126023069163132
KRTAP5-7,-0.5800421837602109
KRTAP5-8,2.1011009619824916
KRTAP5-9,1.1563795209825782
KRTAP6-1,0.9791904666163537
KRTAP6-2,-0.05360928086805439
KRTAP6-3,0.07803562593441127
KRTAP7-1,-0.2259216955249943
KRTAP8-1,1.4947400912814213
KRTAP9-1,0.0658266434914987
KRTCAP2,0.0749002945349897
KRTCAP3,0.22901479914448752
KRTDAP,-0.9133705209056528
KSR1,0.2925277050151909
KSR2,0.4398446958844249
KTI12,-0.14886465454856967
KTN1,-0.6859328650525955
KXD1,-0.04961274042581021
KY,0.6718730135718597
KYAT1,-0.10531482911721923
KYAT3,-0.0030333269657729645
KYNU,1.0127322031003174
L1CAM,-0.5643527162479094
L1TD1,-0.827558121005636
L2HGDH,0.20265766230555737
L3HYPDH,-0.16331628129403963
L3MBTL1,-0.4173332589242611
L3MBTL2,0.1221832192296941
L3MBTL3,0.032184039712752854
L3MBTL4,1.2787857654616728
LACC1,0.3042025430613213
LACRT,-0.6766993511700972
LACTB,0.008322081027114958
LACTB2,-0.007630734210790635
LACTBL1,0.12870531688511577
LAD1,0.4386935986985205
LAG3,0.18445105615762625
LAGE3,0.6902928674797026
LALBA,-0.07330915051427245
LAMA1,1.0907992308695111
LAMA2,0.0847068741305339
LAMA3,-0.04214656889729973
LAMA4,0.16483118488408266
LAMA5,-0.026492022033734214
LAMB1,0.7131757516935249
LAMB2,0.20315431831827702
LAMB3,0.7628368269566278
LAMB4,-0.5171178605911768
LAMC1,0.09315056437621094
LAMC2,0.6496812738415939
LAMC3,0.7846375102429677
LAMP1,0.057083599700071375
LAMP2,-0.06573389007649766
LAMP3,-0.05777165381645909
LAMP5,-0.5267137618122684
LAMTOR1,-0.06729290994849446
LAMTOR2,-0.052895281581467835
LAMTOR3,-0.10178735303937936
LAMTOR4,0.3676618754928951
LAMTOR5,-0.07122791511226456
LANCL1,-0.593813298967858
LANCL2,0.0713265790266151
LANCL3,0.6362285408207251
LAP3,-0.06657747278475412
LAPTM4A,-0.02150119067863443
LAPTM4B,0.12210049798230682
LAPTM5,-0.2741330881327464
LARGE1,0.1496737342952117
LARGE2,-0.19099448442308042
LARP1,0.17888405886538616
LARP1B,-0.11633456135178033
LARP4,-0.39713684650418846
LARP4B,-0.09740904291268127
LARP6,-0.6918339735213301
LARP7,-0.11620238263275695
LARS1,0.0844024880858365
LARS2,-0.21916776982536001
LAS1L,0.38243296182949793
LASP1,0.07791940793373531
LASP1NB,0.37694353573832007
LAT,0.10712053034838265
LAT2,0.133122793444871
LATS1,0.0071383520647696486
LATS2,-0.7565479450910721
LAX1,-0.5223710447648071
LAYN,-0.004931620445492585
LBH,0.5000239630077821
LBHD1,-0.07810774696813638
LBHD2,0.161047050602256
LBP,0.8068327276970807
LBR,0.03823088830000376
LBX1,-1.21265936251595
LBX2,0.5291080070392162
LCA5,1.7474936973520523
LCA5L,-0.10978108820307675
LCAT,-0.5751825540845781
LCE1A,-0.3120228920769268
LCE1B,-1.161273275555593
LCE1C,0.3986477085188216
LCE1D,0.4407418805732861
LCE1E,-0.29152641559540626
LCE1F,-0.08389905393787567
LCE2A,-0.4548267316080652
LCE2B,1.2940066983001757
LCE2C,-0.0231190963749226
LCE2D,0.35476761579036165
LCE3A,0.4702045136777735
LCE3B,0.4865354121592258
LCE3C,0.059072666460807666
LCE3D,0.17962710278967542
LCE3E,-0.4431646952027135
LCE4A,0.5740918653135869
LCE5A,1.372853680060551
LCE6A,-0.7854400665915411
LCE7A,-0.2364006340770849
LCK,-0.07227236223756739
LCLAT1,-0.3082133260842146
LCMT1,-0.1571513518441221
LCMT2,-0.3786066280101217
LCN1,-0.21595147673197757
LCN10,0.30054404259688094
LCN12,0.34714425239344004
LCN15,0.044763592738871205
LCN2,-0.1900372637522516
LCN6,0.4744971395777886
LCN8,0.22414563764783346
LCN9,1.1625112861484221
LCNL1,0.374849004491836
LCOR,0.06649526073796475
LCORL,-0.061582676452701435
LCP1,-0.8731639488120964
LCP2,-0.6314243687143579
LCT,0.4113368549534395
LCTL,-0.1757843614261725
LDAF1,-1.0897390671363623
LDAH,-0.692767654625781
LDB1,-0.060505669857066735
LDB2,0.2257156167183454
LDB3,-0.4775077876680681
LDHA,0.287029655777169
LDHAL6A,0.691697615958718
LDHAL6B,-0.6941783664465606
LDHB,0.632442137396811
LDHC,-0.23750479480041103
LDHD,0.18656556950290532
LDLR,0.1046685441508286
LDLRAD1,0.537384785323068
LDLRAD2,-0.48527689644583083
LDLRAD3,-0.522316458532915
LDLRAD4,1.0197324702663342
LDLRAP1,0.9078897481795466
LDOC1,-0.5755874292021139
LEAP2,0.3306775616531332
LECT2,-0.5248572741147075
LEF1,-0.3410193910647763
LEFTY1,-0.26520129706709905
LEFTY2,-0.36032743362923436
LEKR1,0.09617485284803262
LELP1,0.7508191293468052
LEMD1,-0.4430156410658259
LEMD2,-0.05294070774599202
LEMD3,-0.019624816799495015
LENEP,-0.20756893694584622
LEO1,0.03094126263311292
LEP,0.8022530965575586
LEPR,0.07570378078343953
LEPROT,0.0750094023114638
LEPROTL1,-0.15064284503993797
LETM1,-0.11466128440854284
LETM2,-0.11486700343046241
LETMD1,-0.11784919616072997
LEUTX,0.38227994726710546
LFNG,0.8581177223546997
LGALS1,-0.06770720754216786
LGALS12,0.5848439586839372
LGALS13,0.24918770339438145
LGALS14,-0.1855206271752372
LGALS16,-0.09754532671598626
LGALS2,-0.15363580317815728
LGALS3,0.7509344548601431
LGALS3BP,0.3078342072742469
LGALS4,-0.4739512830995064
LGALS7,0.12092624890953829
LGALS7B,0.21872954447991355
LGALS8,0.7223012690270536
LGALS9,0.5347976945310007
LGALS9B,-0.9678729352356341
LGALS9C,-0.3356136833746639
LGALSL,-0.06025181256168377
LGI1,1.2100945121925097
LGI2,-0.24296608427055136
LGI3,-0.7397178240931384
LGI4,-0.2423149680236545
LGMN,-0.15195554614492623
LGR4,0.0
LGR5,-0.33982305770687704
LGR6,-0.2389878944189902
LGSN,0.6076549839002645
LHB,0.39534832686188515
LHCGR,-0.02928178337080911
LHFPL1,0.8991076558487103
LHFPL2,1.0699307972256733
LHFPL3,-0.09667496675663534
LHFPL4,-0.8002966818531487
LHFPL5,-0.26567636145956014
LHFPL6,0.30475866616335257
LHFPL7,-0.769632262712578
LHPP,-0.2835493065111614
LHX2,1.5697185114633556
LHX3,-0.4262707423138887
LHX4,-0.6674635781954443
LHX5,0.31577016036993466
LHX6,-0.30083434583430413
LHX8,0.06472064539645306
LHX9,-0.07590626706488046
LIAS,0.10151551212493448
LIAT1,-0.40884085683577265
LIF,0.5721813100404879
LIFR,0.485947463057804
LIG1,0.07514658589457923
LIG3,0.15841951294828505
LIG4,0.006324231628518362
LILRA6,0.9790224930443081
LIM2,0.005500950313543092
LIMA1,0.19612533170816793
LIMCH1,-0.38525171350493503
LIMD1,-0.5162771289384473
LIMD2,-0.28561034880384817
LIME1,0.1108130398673941
LIMK1,0.29880665604879875
LIMK2,-0.08340329545093939
LIMS1,-0.19248378427191604
LIMS2,0.2808257216624594
LIN28A,0.15153521614089716
LIN28B,1.287780302787373
LIN37,0.17046932304549856
LIN52,-0.11324573744406052
LIN54,0.05500711838287575
LIN7A,-1.3380420839952851
LIN7B,0.01776777666699836
LIN7C,-0.19526992486760886
LIN9,-0.28051704808831346
LINC02218,0.11295724497803228
LINC03040,-0.6919548138876663
LINC03051,-0.30400236541434933
LINGO1,-0.2992158540227292
LINGO2,0.03422897669337943
LINGO3,-0.2889809475418898
LINGO4,-0.04791501021852235
LINS1,0.11501348242583997
LIPA,0.339283842492053
LIPC,0.537846749657382
LIPE,0.5987588078635658
LIPF,-0.011148438456523468
LIPG,-0.09058109853586838
LIPH,-1.3731461776171858
LIPI,0.5710108517092642
LIPJ,0.5710115405361762
LIPK,1.5659966132645913
LIPM,0.2356856859382339
LIPN,0.8735480288757127
LIPT1,-0.3150633657480615
LIPT2,-0.1512514022969027
LITAF,0.22483673170436935
LITAFD,0.2774257140734945
LIX1,0.11183014132072566
LIX1L,-0.12507785838375263
LKAAEAR1,0.3526729819196658
LLGL1,0.46500155010836086
LLGL2,0.024752930306358945
LLPH,-0.18994279567161687
LMAN1,-0.005762982547655504
LMAN1L,0.19390360358042402
LMAN2,-0.08271100275792653
LMAN2L,-0.2859462916671287
LMBR1,0.026580652313017872
LMBR1L,-0.3236728240597331
LMBRD1,-0.4053488869284134
LMBRD2,0.04332833750697063
LMCD1,0.5051743494885121
LMF1,1.2050943890773789
LMF2,0.017230555496954736
LMLN,-0.41442518619210533
LMNA,0.1334997082310203
LMNB1,0.1757885318307313
LMNB2,0.2186518937317281
LMNTD1,-0.8964947466979434
LMO1,-0.07947234243752305
LMO2,0.9855192486019976
LMO3,-0.1364788345790342
LMO4,0.30730562926254157
LMO7,1.9680773633012905e-07
LMOD1,0.6430509925315275
LMOD2,-0.4133493752194748
LMOD3,-0.4356857119403467
LMTK2,0.1744445986632881
LMTK3,0.12657939889001124
LMX1A,0.10315356914334783
LMX1B,1.8745663123992768
LNP1,0.009471526119642526
LNPEP,0.26926973696237555
LNPK,-0.04677231542584526
LNX1,0.2030858337319703
LNX2,-0.04797995250246423
LONP1,0.25352965672812555
LONP2,-0.12524049679285554
LONRF1,-0.04235190887684759
LONRF2,0.06085175063011339
LONRF3,-0.22478289198652956
LORICRIN,0.679416761867784
LOX,-0.9685129174243198
LOXHD1,1.2421902463911225
LOXL1,-0.056318878159620285
LOXL2,-0.39938807806422616
LOXL3,0.2684523813371511
LOXL4,0.058282843539715135
LPA,-0.44296304423419874
LPAR1,0.011149630245731235
LPAR2,0.4468708417888947
LPAR3,-1.1829495855977243
LPAR4,0.5952292711821072
LPAR5,-0.208484055117522
LPAR6,0.5809063579339986
LPCAT1,0.24076462478585414
LPCAT2,0.001602613458675739
LPCAT3,-0.16728438513703203
LPCAT4,-0.18769477560269632
LPGAT1,0.23623445163368512
LPIN1,0.06690036296951293
LPIN2,-0.30326178759809075
LPIN3,-0.5077978315521945
LPL,0.5710119341514068
LPO,0.0570335541973197
LPP,0.6451747367873173
LPXN,0.22044516144931503
LRAT,-0.18046692705897294
LRATD1,0.47730416635559525
LRATD2,-0.17031720560565677
LRBA,-0.16269608965490878
LRCH1,0.5736674383168285
LRCH2,-0.2413356065931156
LRCH3,0.13035164396071952
LRCH4,0.03600825178040523
LRCOL1,0.8344019697527237
LRFN1,-0.6620234100126663
LRFN2,0.056167215576910734
LRFN3,-0.4424534462164977
LRFN4,0.3151237472308628
LRFN5,0.37694604824122013
LRG1,0.6003582923050876
LRGUK,0.2825816590966539
LRIF1,-0.1226948823782168
LRIG1,-0.2613129730699493
LRIG2,-0.20566343319225133
LRIG3,-0.08605234999010314
LRIT1,0.764908842472217
LRIT2,2.076171287210166
LRIT3,1.0797930860332823
LRMDA,-0.8565178351002697
LRP1,1.1922121179235172
LRP10,-0.10875301565653395
LRP11,-0.16366279131045847
LRP12,0.8411905067255079
LRP1B,0.8456375869907192
LRP2,-0.20678538348337439
LRP2BP,0.23423329426267525
LRP3,0.05788120007595676
LRP4,-0.5057063686141438
LRP5,-0.13199490315978513
LRP6,0.2321264058898192
LRP8,0.126072515906686
LRPAP1,-0.2963941840564429
LRPPRC,-0.1108912348811284
LRR1,-0.001505820869482477
LRRC1,-0.08458964704103122
LRRC10,-0.32424828466985184
LRRC10B,0.21414865883534046
LRRC14,0.086186377725189
LRRC14B,0.4708650696959749
LRRC15,0.8481624081711169
LRRC17,-1.5147708868722407
LRRC18,0.10108128813079009
LRRC19,0.5554064215300785
LRRC2,0.2997703050802625
LRRC20,-0.19135789574983453
LRRC23,0.05792371897280191
LRRC24,0.25381932711658006
LRRC25,0.27887505817505676
LRRC26,0.3290199383785566
LRRC27,-0.26120988861723626
LRRC28,0.036364900578165216
LRRC3,-1.015338729555222
LRRC30,1.764464137854131
LRRC31,-0.3748235776006403
LRRC32,-0.14094782250459195
LRRC34,-0.4700387511651991
LRRC36,-0.7918715914411198
LRRC37A3,-0.17721327483547
LRRC37B,-0.14214497852267804
LRRC38,0.29589560614452143
LRRC39,-0.6257060084306638
LRRC3B,-0.1269529508777381
LRRC3C,-0.05950833902038699
LRRC4,-0.21878746216836176
LRRC40,-0.06575070483074974
LRRC41,-0.2855168281801399
LRRC42,-0.1673586276238792
LRRC43,0.008477470194327097
LRRC45,-0.2252020559669634
LRRC46,-0.3153482147815696
LRRC47,0.14379259318349114
LRRC49,-0.777583627389629
LRRC4B,0.6178147244212199
LRRC4C,-1.8700431202823113
LRRC51,-0.29502343767821415
LRRC52,0.6383535151190107
LRRC53,-0.11311784310187112
LRRC55,-0.11092003538898393
LRRC57,-0.2270466742066839
LRRC58,-0.33118706843335755
LRRC59,-0.047595961153388266
LRRC61,-0.043007175139740283
LRRC63,-0.8795168238989198
LRRC66,0.7167685185906434
LRRC69,-0.36338770074034343
LRRC7,0.7167670769006524
LRRC70,0.08746140469070518
LRRC71,-0.1317929169764902
LRRC72,-0.37370694887649775
LRRC73,-0.3461622604248209
LRRC74A,0.30904761972403366
LRRC74B,0.22033027270494177
LRRC75A,-0.14468597619063805
LRRC75B,-0.9136140748580474
LRRC8A,-0.09504164486832067
LRRC8B,-0.24586530255094274
LRRC8C,-0.06596590921762324
LRRC8D,-0.19067962818938744
LRRC8E,1.6161680686198077
LRRC9,-0.1697040985244982
LRRCC1,-0.3341093761321541
LRRD1,1.5731751710232635
LRRFIP1,-0.6435787456752153
LRRFIP2,0.7773818023726177
LRRIQ1,0.7197006862119694
LRRIQ3,-0.06163778237352968
LRRIQ4,-0.48391957593479157
LRRK1,-0.8341891297052346
LRRK2,0.7809619552449767
LRRN1,-0.6859364310114926
LRRN2,-0.4059589083110887
LRRN3,-1.2967184420406301
LRRN4,-0.09173630779536202
LRRN4CL,-0.3587581242698299
LRRTM1,0.3875981982858825
LRRTM2,-0.042252683411584835
LRRTM3,0.7931255775475878
LRRTM4,-0.21838273956801846
LRSAM1,0.10885909447514219
LRTM1,-0.9289219078781712
LRTM2,-0.12992278734318236
LRTOMT,-0.2947358850678956
LRWD1,0.02858804336009202
LSAMP,-0.3040018782186783
LSG1,0.31697299165926474
LSM1,-0.33744250539271103
LSM10,0.0010083490511592075
LSM11,0.02574200165494611
LSM12,0.13195291847498725
LSM14B,0.10525700026806861
LSM3,0.05507148732492517
LSM4,0.12443021318384684
LSM5,0.04062109457312779
LSM6,0.047189559256199054
LSM7,-0.3321278055379371
LSM8,0.050296982994681994
LSMEM1,0.36538023726173885
LSMEM2,-0.4956794497249843
LSP1,0.6795782229954348
LSR,-1.296717281695448
LSS,-0.206735688318183
LTA4H,-0.20272216437233714
LTB4R,-0.20115001046417103
LTB4R2,-0.40043183670090166
LTBP1,-0.19532110575535544
LTBP2,0.09007312863890271
LTBP3,9.307109127831836e-08
LTBP4,0.22922609784352477
LTBR,0.33874811701164187
LTC4S,0.05184031705419523
LTF,0.932476485154057
LTK,0.17049136879546123
LTN1,-0.15364248247582868
LTO1,-0.14989780445743062
LTV1,-0.1372934829631891
LUC7L,0.25440729537691764
LUC7L2,0.04165561554417785
LUC7L3,-0.025876041674871786
LUM,-1.4278061191260645
LURAP1,-0.0021845099635436696
LURAP1L,0.23775447029823515
LUZP1,-1.3823781303508036
LUZP2,0.5890508417168485
LUZP4,0.5710123277665304
LVRN,-0.0368808619279426
LXN,0.12408243388373982
LY6D,-0.08853516973905255
LY6K,-0.17963770140797441
LY75,0.01141015700097281
LY75-CD302,0.012146732135801308
LY86,-0.8126007984551205
LY9,-0.7250870228346804
LY96,0.5347895659636408
LYAR,-0.11010058905551157
LYG1,0.49127357527741705
LYG2,0.44454277601734526
LYL1,0.3346306309392848
LYN,0.7475477481238689
LYNX1,0.36826856319463785
LYNX1-SLURP2,0.4356964321375032
LYPD1,-0.9165256009788275
LYPD2,-0.6322900647490238
LYPD3,-0.3838347840742822
LYPD4,0.24919836729880607
LYPD5,-0.5325550966842716
LYPD6,0.7089753507027488
LYPD6B,-0.5359397465163803
LYPD8,-0.4393660049925404
LYPLA1,-0.16812326836798874
LYPLA2,-0.03458963149330607
LYPLAL1,-0.23384839172912342
LYRM1,0.3782873701885894
LYRM2,-0.0865655121556328
LYRM4,-0.0948746480624365
LYRM7,-0.2881106026720812
LYRM9,0.42124485845378734
LYSMD1,-0.265859661283085
LYSMD2,0.17641147807503565
LYSMD3,-0.348072214701153
LYSMD4,-0.05143142299138237
LYST,1.9017084209815143
LYVE1,0.3856271936720339
LYZ,0.2951282733017948
LYZL1,-0.51078465626977
LYZL2,-0.5010548614400068
LYZL4,0.6332683560403866
LZIC,-0.08771703712498313
LZTFL1,1.0725173612340826
LZTR1,-0.09873658739980762
LZTS1,0.2071606567781108
LZTS2,-0.08002953106671384
LZTS3,0.08310149745628914
M1AP,0.40587960406815826
M6PR,-0.0037766829581737937
MAB21L1,0.5416859132423925
MAB21L2,-0.21563313056845074
MAB21L3,0.7685897896529847
MAB21L4,0.4303619720362829
MACC1,1.1286253643414201
MACF1,0.4046314896897355
MACIR,-0.11169487819359913
MACO1,0.27592194552898874
MACROD1,0.22273101150061936
MACROD2,0.6414103484536122
MACROH2A1,0.16083538203274816
MACROH2A2,-0.29976404430004333
MAD1L1,-0.20716650397279635
MAD2L1,0.01577162419382372
MAD2L1BP,-0.10291029039047972
MAD2L2,-0.5462627724714756
MADCAM1,-0.5371507354262051
MADD,-0.3552918269854475
MAEA,-0.11135004224218559
MAEL,0.158344135371029
MAF,0.028215064881543128
MAF1,-0.2270390646205831
MAFA,0.15683843230727024
MAFB,0.3699437769238222
MAFF,0.28587492531282166
MAFG,0.2522442833335221
MAFK,-0.29495800426413155
MAG,-0.220291508686411
MAGEA1,0.5606374398275078
MAGEA10,-0.02441494415344092
MAGEA11,-0.0969691816696463
MAGEA12,0.7112367598063996
MAGEA3,-0.9532513649777843
MAGEA4,-0.3686073788384805
MAGEA8,0.4743459206053323
MAGEA9,0.5621435023783121
MAGEB1,0.4780614907218079
MAGEB10,0.9218129171427045
MAGEB16,-0.2730624455291992
MAGEB17,-0.5046540325568496
MAGEB18,-1.1020943916798296
MAGEB2,0.5601287020665722
MAGEB3,1.549465028151715
MAGEB4,-0.0908233450405529
MAGEB5,-1.2236103169912047
MAGEB6,-1.2062823097529807
MAGEB6B,0.02238392852055604
MAGEC1,-0.970955655036938
MAGEC2,0.012944933305048645
MAGEC3,0.5779011183699503
MAGED1,-0.5710123277665304
MAGED2,-0.04325451233263378
MAGEE1,0.005480572632160952
MAGEE2,0.5476308546391477
MAGEF1,0.6678955416756853
MAGEH1,0.2388434784792265
MAGEL2,0.32192420631486596
MAGI1,0.35421546529512593
MAGI2,0.37503566253703347
MAGI3,-0.09424916449167409
MAGIX,-0.09713196367301924
MAGOH,-0.1307465499681575
MAGOHB,-0.009826376118340363
MAGT1,0.14312801346369142
MAIP1,-0.26973557065803444
MAJIN,0.7962430510590099
MAK,-0.8754993029584637
MAK16,0.005332377226559437
MAL,0.25036460915431125
MAL2,1.1648415636889715
MALL,0.03275685908822279
MALRD1,-0.33285737744834143
MALSU1,0.37917157180324557
MALT1,0.3138822946580966
MAMDC4,0.3985920926093902
MAML1,0.26410489109800217
MAML2,0.048411087418041454
MAML3,0.4637879111739638
MAMLD1,-0.11647855381661354
MAMSTR,-0.13193891386987078
MAN1A1,0.14741620068452566
MAN1A2,0.0013840898325918616
MAN1B1,0.2796796228998053
MAN1C1,0.47451668856442153
MAN2A1,0.35353987735693826
MAN2A2,-0.0632332004332099
MAN2B1,0.1431438067034998
MAN2B2,-0.061173601709175074
MAN2C1,0.007908015302660942
MANBA,0.28222506505457234
MANBAL,-0.004202989610662122
MANEA,-0.20809478596777664
MANEAL,-0.24920508195176305
MANF,-0.20886353896611531
MANSC1,0.005002179307210364
MANSC4,-0.13008949637892764
MAOA,-0.19600656911371894
MAOB,-0.031188459989901496
MAP10,-0.18887562910095856
MAP1A,-0.055293838926940175
MAP1B,-0.5370525561427795
MAP1LC3A,-0.24427834235244794
MAP1LC3B,0.28089663830762746
MAP1LC3B2,0.07913298797234858
MAP1LC3C,-0.4869387546201118
MAP1S,-0.06954900083743887
MAP2,0.3015250043363962
MAP2K1,0.02922223772259347
MAP2K2,-0.06825558224971973
MAP2K3,0.17591611656411832
MAP2K4,-0.12458563528031652
MAP2K5,0.008859937826307895
MAP2K6,-1.058211748628088
MAP2K7,-0.03162790895556178
MAP3K1,0.03726674898137894
MAP3K10,0.10564865652091715
MAP3K11,-0.0020366524889752213
MAP3K12,-0.02250047536091415
MAP3K13,0.7484030414177967
MAP3K15,-0.9790220480650733
MAP3K19,-0.3256172081544101
MAP3K2,0.14739806965684465
MAP3K20,-0.15578175139636663
MAP3K21,-1.464485725399401
MAP3K3,-0.041129029461762556
MAP3K4,0.21433789619931698
MAP3K5,-0.2795104320245807
MAP3K6,-0.20110518771515662
MAP3K7,-0.06699136929688931
MAP3K7CL,-0.09157999485923884
MAP3K8,0.020698833353251622
MAP3K9,-0.20454416832986544
MAP4,-0.13974002967396526
MAP4K1,-0.06436500945004031
MAP4K2,-0.1626722840764443
MAP4K3,-0.5135423399722516
MAP4K4,0.05605232342861566
MAP4K5,-0.6828982677724248
MAP6,0.23788936354735823
MAP6D1,-0.42686126476346975
MAP7,-0.8969955970205792
MAP7D1,-0.10117708692069272
MAP7D2,-0.042363168152266484
MAP7D3,-0.3720096047006114
MAP9,-0.7354116695025603
MAPDA,-0.3747911427479087
MAPK1,-0.06076029333921573
MAPK10,0.11152391454873545
MAPK11,0.43660222085127276
MAPK12,0.13022548543643775
MAPK13,-0.6593364785173805
MAPK14,-0.11015705304526335
MAPK1IP1L,0.33627189329401563
MAPK3,-0.1387665601120669
MAPK6,-0.21277264435430931
MAPK7,0.09729539609074678
MAPK8,0.07479606051631293
MAPK8IP1,-0.8208957617574166
MAPK8IP2,-0.33297938521655107
MAPK8IP3,0.17493317458090685
MAPK9,0.23872055509218804
MAPKAP1,0.44153305720262415
MAPKAPK2,0.32887469541824643
MAPKAPK3,0.4164718451534979
MAPKAPK5,-0.1139504028774283
MAPKBP1,-0.06442508423477022
MAPRE1,0.2704933034748942
MAPRE2,1.955801178056141
MAPRE3,-0.06761851304595767
MARCHF1,-0.15008689058910663
MARCHF10,0.43479901567965595
MARCHF11,0.46117843832703764
MARCHF2,0.22240521172995198
MARCHF3,-0.018880130590246402
MARCHF4,-0.14696306279068327
MARCHF5,0.11445197633685034
MARCHF6,0.37669759065954356
MARCHF7,0.07547034357836147
MARCHF8,-0.4611864370861043
MARCHF9,-0.19058969076433208
MARCKS,0.8523340949152856
MARCKSL1,0.7868966880748625
MARCO,-0.7706459059327571
MARCOL,0.1729078836367164
MARK1,-0.05779296046993421
MARK2,-0.29156585576020166
MARK3,-0.02173792300338384
MARK4,-0.02866451629470035
MARS1,0.43152066191687444
MARS2,0.04252015442193802
MARVELD1,0.2557821627869705
MARVELD3,0.3816051071046659
MAS1,-0.41383225300531745
MASP1,-1.0117574409353312
MASP2,-0.34224128074292837
MAST1,0.5471406792719906
MAST2,-1.2034127352309016
MAST3,0.8721319463880657
MAST4,0.7495676153224426
MASTL,0.33901182127207985
MAT1A,-0.41149426270501865
MAT2A,-0.019515256966197825
MAT2B,0.06854520671062447
MATCAP1,0.3231588630237461
MATCAP2,0.10848212514842137
MATK,-0.6962498345958985
MATN1,0.018821194927762797
MATN2,-0.8468381889774167
MATN3,-1.0946172748358156
MATN4,0.497831814108196
MATR3,0.1380028771439612
MAU2,0.009479408170032677
MAVS,-0.39312103826923606
MAX,-0.11399832792193809
MAZ,0.27066559701918
MB,-0.015978904085166057
MB21D2,0.13693906908787357
MBD1,-0.19604976537077867
MBD2,0.02313109258242818
MBD3,0.05100689693951743
MBD3L1,-0.1296976119386266
MBD3L2B,0.5412337531990499
MBD3L3,0.04150682615827739
MBD4,-0.10441542206425858
MBD5,-0.1718276003422634
MBD6,0.15664529569744445
MBIP,0.06887415220357296
MBL2,0.03950128519811802
MBLAC1,0.025373902403610593
MBLAC2,-0.30309956816738115
MBNL1,-0.17578847413309262
MBNL2,-0.1340337430219476
MBNL3,-0.19927002806516025
MBOAT1,-0.10564022433193676
MBOAT2,-0.23403732774238462
MBOAT4,0.45958723847888505
MBOAT7,1.1304146178460968
MBP,-0.329305649655637
MBTD1,-0.09282940222550451
MBTPS1,-0.08595292343874394
MBTPS2,0.0897204874500881
MC1R,0.005322006632247023
MC2R,0.8937478608407261
MC3R,0.042011376646862164
MC4R,0.5467870691129297
MC5R,0.15705672974779472
MCAM,0.14461899879917972
MCAT,-0.2507423138788454
MCC,1.003552484671401
MCCC1,-0.14918892344854084
MCEE,-0.12471950666875786
MCEMP1,-0.0732264872548169
MCF2,-1.2967183527833415
MCF2L,-0.37135131420113493
MCF2L2,-0.07698475988715181
MCFD2,-0.1716724507119629
MCHR1,-0.49551208448415573
MCHR2,0.29314845340574514
MCIDAS,0.4932140741742077
MCL1,0.05315172901924381
MCM10,0.12211113934419648
MCM2,-0.08751972583197265
MCM3,0.149435228167615
MCM3AP,-0.23196114489119246
MCM4,-0.03187519433598851
MCM5,-0.26415802458910775
MCM6,0.04302216483394439
MCM7,0.21665363518755143
MCM8,-0.13744394414517114
MCM9,-0.18615488141972802
MCMBP,-0.2798535589766571
MCMDC2,-0.05104698075849945
MCOLN1,0.5838506732276454
MCOLN2,0.7470774993407947
MCOLN3,-1.1071580382999346
MCPH1,0.43939001650953236
MCRIP1,0.3223244140948047
MCRIP2,0.31907948376409667
MCRS1,-0.10779816047101853
MCTP1,-0.8459764606160671
MCTP2,0.4397146976758348
MCTS1,-0.09229973444307915
MCTS2,0.1546079773150364
MCU,-0.05253939945703712
MCUB,-0.0059362251664518695
MCUR1,-0.14459852808878937
MDFI,1.3619971299006246
MDFIC,1.8432957114326967
MDFIC2,1.50971635888365
MDGA1,0.10531152654694864
MDGA2,-0.7611684478024685
MDH1,0.08553171237165458
MDH1B,-0.23611594643656186
MDH2,0.12302603139661095
MDK,0.6741221280232614
MDM1,-0.10485241359624986
MDM2,0.11385096750594581
MDM4,0.028744850296186897
MDN1,-0.03653660280246562
MDP1,-0.06374860850936859
ME1,-0.3583719167296603
ME2,-0.2558101825414578
ME3,-0.4043259553574677
MEA1,-0.24693787191629457
MEAF6,-0.12766786814365716
MEAK7,-0.7423599979161828
MECOM,-0.30914105411924986
MECP2,-0.5790375188861377
MECR,-0.16721845173477368
MED1,-0.2927541514013985
MED10,0.633904496257192
MED11,-0.03920975801751059
MED12,-0.2721941356293147
MED12L,0.017273214641549295
MED13,-0.21097596738334445
MED13L,0.18100774145351606
MED14,0.25569231825622385
MED15,0.3782481541918976
MED16,-0.07600563049292974
MED17,-0.31816388259836614
MED18,-0.014820812210724732
MED19,-0.17324825718957904
MED20,-0.14281238234345173
MED21,-0.23178564213551978
MED22,0.08479895228924672
MED23,0.11448804341984742
MED24,-0.3801860970333769
MED25,-0.4615014418543253
MED26,-0.14067232470071467
MED27,-0.010956324249030036
MED28,-0.11483369092983686
MED29,-0.06515300948679315
MED30,-0.15838583670366013
MED31,-0.2550295699643441
MED4,-0.13268756732328724
MED6,-0.11269431769489957
MED7,-0.4093991908125423
MED8,-0.19868091375629637
MED9,0.07894133477514398
MEDAG,0.5519441961427515
MEF2A,0.08868328686353699
MEF2B,-0.23021321541511242
MEF2C,0.34290811146252986
MEF2D,0.36029318407336586
MEFV,1.1083445564663126
MEGF10,-0.14471131889190403
MEGF6,-0.3748522692291938
MEGF8,-0.24422163204319514
MEGF9,-0.16966819586511983
MEI1,-0.24201842959157993
MEI4,0.07184454165622678
MEIG1,0.1067613827489855
MEIKIN,-0.5017418594479799
MEIOC,0.8602124235395869
MEIOSIN,0.9563594934190867
MEIS1,0.1835316141164105
MEIS2,0.21347733975278826
MEIS3,0.3568276489962201
MEIS3P2,0.35996599862826684
MELK,-0.2129437160607237
MELTF,-0.08028965250010778
MEMO1,0.03428214807141483
MEN1,-0.37684829768202777
MEOX1,-0.05050996473235614
MEOX2,-0.10613576959943094
MEP1A,-0.5710123277665304
MEP1B,0.4585146841837433
MEPCE,0.18131427570951253
MEPE,0.5717084826371578
MERTK,-0.39376118680131755
MESD,-0.030398554137549993
MESP1,0.5844829785151995
MESP2,-0.16609831605379322
MEST,0.556351573825098
MET,0.7341950525608317
METAP1,-0.023280409998671203
METAP1D,-0.6547708781205754
METAP2,-0.11614269808370903
METRN,0.8814458445367328
METTL1,0.06967442544919944
METTL13,0.10305027567469294
METTL14,0.04164550164030567
METTL15,-0.258827905491966
METTL16,-0.13335809307484503
METTL17,0.1369650756887446
METTL18,-0.2072333176620429
METTL21A,-0.11513811952138475
METTL21C,-0.9707502910878114
METTL21EP,0.7170316069669882
METTL22,-0.3024976691666956
METTL23,-0.041094970285576515
METTL24,-0.2564446743103106
METTL25,-0.12413823827272319
METTL25B,0.0536038298948478
METTL26,0.3032772270192208
METTL27,-0.16734711874098918
METTL2A,-0.0075742227468442724
METTL2B,-0.12352270185248315
METTL3,-0.2736732112311282
METTL4,-0.07003687781750711
METTL5,-0.411174846280729
METTL6,0.1305926560411661
METTL8,-0.036841361883031
METTL9,0.1834173671065331
MEX3A,0.11635359337388151
MEX3B,0.5008349740168794
MEX3C,0.043735866282062635
MEX3D,0.0947425512288238
MFAP1,-0.054369047768624945
MFAP2,0.8044677910577773
MFAP3,-0.07339252195413781
MFAP3L,0.005640704168097477
MFAP4,0.0867461158627042
MFAP5,0.9108866966370848
MFF,-0.0635470601409378
MFGE8,0.42854477921762824
MFHAS1,0.25778501875012205
MFN1,-0.07056290730545811
MFN2,-0.03314871896782634
MFNG,-0.05449790257578346
MFRP,0.01967950468939267
MFSD1,-0.6311404041185588
MFSD10,0.4980432325682296
MFSD11,0.21383916979217776
MFSD12,0.023135207612457354
MFSD13A,0.4570800459795632
MFSD14A,-0.22581605711378838
MFSD14B,-0.1005165855677359
MFSD2A,0.2443683312007856
MFSD2B,-0.47554544629493156
MFSD3,0.18088241547416928
MFSD4A,0.08019003094288846
MFSD4B,-0.20534524331598725
MFSD5,0.0611213001729034
MFSD6,-0.34854385197077864
MFSD6L,0.11453335083288646
MFSD8,0.07860696842321513
MFSD9,-0.35088407835774005
MGA,-0.4116744829019763
MGAM,-1.1275333780445491
MGARP,0.12508488709439058
MGAT1,0.38654042639223657
MGAT2,0.20619466904947537
MGAT3,-0.22530695964295822
MGAT4A,-0.14307774908843318
MGAT4B,-0.03879559490606699
MGAT4C,-1.139114462984602
MGAT4D,-0.044377861957929365
MGAT5,0.8640610555363586
MGAT5B,0.22019584913291454
MGLL,0.018582978502706737
MGME1,0.10194997900642822
MGMT,1.9684184192567937
MGP,0.10518918947380923
MGRN1,0.23890552342134663
MGST1,-0.22383929808390768
MGST2,0.23907166800423507
MGST3,0.04120225815065215
MIA,-0.028405292972325302
MIA-RAB4B,-0.02840513774617981
MIA2,-0.5612883888398201
MIA3,-0.037969139567623156
MIB1,-0.11048854124990459
MIB2,-0.23595774002177272
MICAL1,0.9161247202380193
MICAL2,0.4208466549211949
MICAL3,-0.34855055383909445
MICALL1,1.0531894870237837
MICALL2,-0.40343918671320855
MICOS10,0.2021667391698223
MICOS10-NBL1,0.09766381006890867
MICOS13,0.06053864939709808
MICU1,-0.3430796928515494
MICU2,-0.2392311061058443
MICU3,-1.4576648945555861
MID1,-0.11374987138029335
MID1IP1,0.29643305385836927
MIDEAS,0.0053382023266950185
MIDN,0.2206428566969718
MIEF1,0.03552201525849247
MIEF2,0.0313567491142992
MIEN1,-0.007243998145074482
MIER1,-0.2355523669278483
MIER2,-0.05349133208582657
MIER3,0.12362077483379297
MIF4GD,-0.030591767120176527
MIGA1,-0.473025528928662
MIGA2,-0.061788813223468964
MIIP,0.07475009041529024
MILR1,-0.4839890832543563
MINAR1,-0.33040485350234305
MINAR2,0.13517238218508432
MINDY1,-0.1461173812293226
MINDY2,-0.1285761768782221
MINDY3,0.02003820875996709
MINDY4,-0.46634030866547116
MINDY4B,0.3982957200203274
MINK1,-0.0035836995822875473
MINPP1,0.31371837037037675
MIOS,-0.4386149204635039
MIOX,0.017516096270249193
MIP,-0.009070182221182055
MIPEP,-0.15863154028207838
MIPOL1,0.41542921238265507
MIS12,0.18834860750287952
MIS18A,0.06040615174092112
MIS18BP1,-0.14643746163893923
MISFA,0.2005787888124
MISP,0.26128357159482857
MISP3,0.8808812989090327
MITD1,-0.0626542593345829
MITF,0.24174796235979867
MIURF,-0.21213299461890234
MIX23,-0.19007712649702402
MIXL1,-0.12710721648536127
MKI67,0.1104482568504892
MKKS,-0.18633730113112712
MKLN1,0.16758808133135528
MKNK1,0.013054403987555752
MKNK2,0.056784650525359304
MKRN1,0.12058684874021841
MKRN2,0.23654617415367563
MKRN2OS,1.7061662988384314
MKRN3,-0.556199423934729
MKS1,0.049814557244500346
MKX,-0.03963205188547292
MLANA,-0.23894928718968883
MLC1,0.18799124212104612
MLDHR,0.33063919019501053
MLEC,-0.00694425516190833
MLF1,-0.1354845871775643
MLF2,0.297895471662903
MLH1,0.009411670059686017
MLH3,-0.37160191551716215
MLIP,-0.26844679485529266
MLKL,-0.29584150099235074
MLLT1,0.14628106775288652
MLLT10,-0.26202476035443345
MLLT11,0.5040661691322414
MLLT3,-0.046590265652053375
MLN,0.03045080811086953
MLNR,0.35071519543421226
MLPH,1.1588743638920973
MLST8,-0.010024137195748573
MLX,-0.06316144611521679
MLXIP,-0.15640983565962152
MLXIPL,0.48135297606794514
MLYCD,0.4658664214054796
MMAA,-0.3923539440238264
MMAB,-0.3049487957724111
MMACHC,-0.14520680196799152
MMADHC,-0.18107064044724908
MMD,0.22238054113024663
MMD2,0.6573332753187774
MME,-0.5239332252785034
MMEL1,0.6678894476567852
MMGT1,0.2272448847006916
MMP1,-0.10090075509950347
MMP10,1.9359965177836376
MMP12,0.23832941890832693
MMP13,0.2969351718940221
MMP14,-0.19952702162892844
MMP15,1.5898193666442095
MMP16,-1.1315095591712858
MMP17,-0.005956515592086431
MMP19,0.6175345373862446
MMP20,-0.6634043890144444
MMP21,0.4265399178100902
MMP23B,0.10499507819440135
MMP24,-0.14345647583355836
MMP24OS,-0.22112431787938647
MMP25,-1.2764482169473426
MMP26,0.2661164523091668
MMP27,-0.3082980766661121
MMP3,-0.9365680486439893
MMP7,0.3496215420824106
MMP8,-1.6060631783840549
MMP9,0.8293098809890336
MMRN1,-0.06844125844078497
MMRN2,0.17626695556688587
MMS19,-0.012104235399337693
MMS22L,0.09766995748829599
MMUT,-0.04331224311796911
MN1,0.737801045162908
MNAT1,0.09186509987007385
MND1,-0.16987095059430946
MNDA,0.7918687924594514
MNS1,-0.31844732395726094
MNT,0.2887005601588175
MNX1,0.24373755956504395
MOB1A,0.2969024031286702
MOB1B,0.1504377117624749
MOB2,-0.036765614783735745
MOB3A,-0.20185398586065162
MOB3B,0.23643158986043966
MOB3C,0.01346602801444785
MOB4,0.00963669926291466
MOBP,0.8163950522765193
MOCOS,-1.1895743180691278
MOCS1,0.4596028416512994
MOCS2,0.17065197689031986
MOCS3,-0.35214511224766554
MOGAT1,-1.3783126862382995
MOGAT2,-0.05404228569678726
MOGAT3,-0.5397679652887534
MOGS,0.12060767787517168
MOK,-0.4717603077682102
MON1A,-0.35514669080729844
MON1B,0.0008486604655493224
MON2,-0.37893759422740647
MORC1,-0.6839909417388788
MORC2,0.13782336436905895
MORC3,0.08641753334225921
MORC4,0.5669367200736687
MORF4L1,0.8032077807759338
MORF4L2,0.3460118745320586
MORN1,-0.3101837363244977
MORN2,-0.35505189390578096
MORN3,-0.2852686914560505
MORN4,-0.1887067364379469
MORN5,-0.18478515912965632
MOS,-0.1901918961307294
MOSMO,-0.4989815296105302
MOSPD1,-0.1415125813392457
MOSPD2,-0.17929697990978788
MOSPD3,0.12270995167345333
MOV10,0.13566109434997253
MOV10L1,1.0174370939583868
MOXD1,-0.14042853921375287
MPC1,-0.1389875291907332
MPC2,-0.2060613163795475
MPDU1,0.01853293809576595
MPDZ,-0.8231142109233225
MPEG1,0.8495780047211192
MPG,0.14531563803369663
MPHOSPH10,-0.12494581085207646
MPHOSPH6,0.45287232522892085
MPHOSPH8,-0.29527305275415383
MPHOSPH9,-1.1314391893241653
MPI,-0.18647002504630938
MPL,0.02069732630289578
MPLKIP,-0.3393251284139298
MPND,-0.23099391230842103
MPO,-0.5741419342108531
MPP1,-0.28115410066628255
MPP2,-1.2236041214984508
MPP3,0.693175351144236
MPP4,-0.5561340105339891
MPP7,-0.2170186550088018
MPPE1,-0.10419435679867917
MPPED1,0.5273167960575659
MPPED2,0.09687833115018307
MPRIP,0.3655500854796645
MPST,0.12841292991457864
MPV17,0.122525785130148
MPV17L2,0.07046225168349585
MPZ,-0.2910136604822632
MPZL1,-0.0881862789762855
MPZL2,0.29682075044387646
MPZL3,-0.3809071317902647
MR1,0.17307222263318867
MRAP,0.6936658221803214
MRAP2,0.016305214929215384
MRAS,-1.101124899758077
MRC1,0.7969308848857155
MRC2,0.09090571437762562
MRE11,-0.2504025716766227
MREG,0.084565183183265
MRFAP1,0.13423182891390928
MRFAP1L1,-0.14094206669182396
MRFAP1L2,0.567060903183906
MRGBP,-0.17634774700567757
MRGPRD,0.638957171593868
MRGPRE,0.01366675898022246
MRGPRF,-0.47697060163085364
MRGPRG,-0.25106330680809413
MRGPRX1,1.4552051527036396
MRGPRX2,0.3461716588778754
MRGPRX3,-1.5569241068058355
MRGPRX4,0.3782418384339008
MRI1,-0.3883779444843616
MRLN,-1.3749144428421198
MRM2,-0.06487198405178951
MRM3,0.08299565856486879
MRNIP,0.23173708332130838
MRO,-0.18237276233798783
MROH1,-0.05200022009714189
MROH2A,0.8399783832007568
MROH2B,0.0
MROH5,0.04168276838074436
MROH7,0.4300901037920679
MROH7-TTC4,0.44586725160527085
MROH8,-0.1282832229951465
MROH9,-1.3076488403354185
MRPL1,-0.15490067725973455
MRPL10,-0.320790123936773
MRPL11,-0.03787859824119222
MRPL12,-0.10328878408168407
MRPL13,-0.3125785727874
MRPL14,0.1801467429698258
MRPL15,0.022515573500573538
MRPL16,0.13969183201909297
MRPL17,0.16264681347982002
MRPL18,0.03343236602653654
MRPL19,-0.1941275820938615
MRPL2,0.06393201472274868
MRPL20,-0.10753613556507524
MRPL21,-0.21899150359783448
MRPL22,-0.18745628878608267
MRPL24,0.018141866786525185
MRPL27,-0.1679966181264576
MRPL28,-0.22497274029569603
MRPL3,-0.09530416754438553
MRPL30,-0.05738970635631002
MRPL32,-0.1714315548943608
MRPL33,-0.27995725263535753
MRPL34,-0.42072433771483597
MRPL35,-0.5557044500247019
MRPL36,0.19848281073290952
MRPL37,-1.1042390181509951
MRPL38,-0.04471377976511448
MRPL39,-0.2965360188460968
MRPL4,-0.025393302814953334
MRPL40,-0.10643475663963553
MRPL41,0.20297311597988177
MRPL42,0.006555025018141869
MRPL43,-0.1843213244504378
MRPL44,-0.22366659609567208
MRPL46,0.11364171172673121
MRPL47,-0.01858790428812096
MRPL48,0.0026174054090142285
MRPL49,0.2536316912219272
MRPL50,-0.10549610450783042
MRPL51,-0.01703898051117747
MRPL52,-0.010630041985722816
MRPL53,0.0999227764819226
MRPL54,0.267739689230873
MRPL55,0.1408645990964228
MRPL57,-0.14921723488754246
MRPL58,-0.22199657142680573
MRPL9,-0.3051496325811276
MRPS10,0.02019617583888733
MRPS11,0.11470786977118763
MRPS12,0.0015291591036667995
MRPS14,-0.005673131000563103
MRPS15,-0.4423996235832206
MRPS16,-0.23095366365619263
MRPS17,-0.21468255616733511
MRPS18A,-0.28914544341989323
MRPS18C,-0.004730414191358889
MRPS2,0.07523364142029854
MRPS21,-0.36779272952608677
MRPS22,0.06737854323897174
MRPS23,-0.07480895366514684
MRPS24,-0.0917077535007782
MRPS25,-0.19435342880987916
MRPS26,-0.2314120382849163
MRPS27,0.10428302024481217
MRPS28,-0.06906099281117761
MRPS30,0.04317457768183974
MRPS31,-0.3576886523053613
MRPS33,-0.03902810592983874
MRPS34,-0.17065597912430608
MRPS35,-0.34035073809516225
MRPS5,-0.05763799454906726
MRPS6,0.12174040299327782
MRPS7,-0.2406815687264885
MRPS9,-0.13645623335945256
MRRF,-0.136019014910711
MRS2,-0.16210208588971797
MRTFA,0.20843883937932617
MRTFB,-0.35404972847683247
MRTO4,-0.14358304591192894
MS4A1,0.6604678563848732
MS4A10,-0.11969782239741523
MS4A12,-0.5293682023294628
MS4A13,0.9859126361001951
MS4A14,0.14064966636895404
MS4A15,0.2598618233442588
MS4A18,-0.0032314960917075863
MS4A2,0.7508344014226471
MS4A3,0.6042633019518666
MS4A4A,1.6973486026995772
MS4A4E,-0.415221102952948
MS4A5,-0.2695679513656628
MS4A6A,1.5175655129121348
MS4A6E,0.40461255856264877
MS4A7,0.10411089109845095
MS4A8,-0.4198522222922165
MSANTD1,-0.2614738459019722
MSANTD2,-0.07847655773221529
MSANTD3,0.2693175340788718
MSANTD3-TMEFF1,0.6017324979793791
MSANTD4,-0.12121612128285086
MSANTD5,0.278138809448929
MSANTD7,-0.054823543503324856
MSC,0.2632224927072233
MSGN1,-0.09839544096585129
MSH2,-0.08183935174865997
MSH3,-0.039216690064799664
MSH4,-0.3735321316359483
MSH5,-0.556199423934729
MSH5-SAPCD1,-0.556199423934729
MSH6,-1.0867883108259322
MSI1,-0.16411781493544075
MSI2,-0.3186783781632858
MSL1,0.04968026755263821
MSL2,-0.025078415281579503
MSL3,0.046007614468307256
MSL3B,0.2282053403238552
MSLN,0.9020241392553958
MSLNL,0.6310094139166174
MSMB,0.47061622290008437
MSMO1,-0.03919554063859554
MSMP,-0.44104985466986824
MSN,0.32591570670515646
MSR1,0.7079140475092464
MSRA,0.6185855750340492
MSRB1,-0.37322624020059836
MSRB2,-0.35103229126055474
MSRB3,-0.28966438382362925
MSS51,0.7705334588326761
MST1,-0.1665307633080162
MST1R,-0.27667923715748
MSTN,0.9932657676064489
MSTO1,0.08629759772204793
MSX1,0.28453638622747013
MT1A,0.4430888641643136
MT1B,1.3825174312042445
MT1E,-0.023199573711502275
MT1F,-1.8878978457018083
MT1G,0.42676374536163064
MT1H,0.2487511885124405
MT1HL1,-0.1029374488478434
MT1M,-0.11558965392157461
MT1X,1.2174977052347922
MT2A,1.5449959050446296
MT3,-1.1741750709753518
MT4,-0.18959122206004186
MTA1,-0.2493645445528445
MTA2,-0.18167532080217885
MTA3,-0.5738854125290387
MTAP,0.33348066930354436
MTARC1,-0.15445937494360457
MTARC2,0.2973531379477842
MTBP,-0.31199190138339006
MTCH1,0.17796210082315245
MTCH2,-0.304575961939169
MTCL1,0.2497215499710661
MTCL2,0.6155860128380709
MTCL3,0.19701846243275734
MTCP1,-0.6727119437017505
MTDH,0.03354617347634026
MTERF1,-0.5310951397390453
MTERF2,0.055076602351633586
MTERF3,-0.20154829343309189
MTERF4,-0.14025422206332205
MTF1,0.14860246513075825
MTF2,0.12847572614427527
MTFMT,-0.15734085546970356
MTFP1,0.03834659048692135
MTFR1,-0.1272710749238617
MTFR1L,0.1428519837675366
MTFR2,-0.14421959407039164
MTG1,-0.0939226872583605
MTG2,-0.011788571592338926
MTHFD1,-0.24014394275754913
MTHFD1L,0.13498143562242682
MTHFD2,1.481803559458895
MTHFD2L,-0.43286367115479096
MTHFR,-0.08621219317157447
MTHFS,-0.14615349570658065
MTHFSD,-0.06090456280273138
MTIF2,-0.11539394974918116
MTIF3,-0.06700783705683122
MTM1,0.1906427681613292
MTMR1,0.7205320759030034
MTMR10,-0.2183808080289924
MTMR11,-0.3155977506718374
MTMR12,0.14322656313863735
MTMR14,-0.36364100660461185
MTMR2,0.05432976601924633
MTMR3,-0.38307334147943495
MTMR4,0.1387764983879496
MTMR6,-0.12198620040304764
MTMR7,-2.4451853217782222
MTMR8,0.26031804412254256
MTMR9,0.07681912191276341
MTNAP1,-0.09218770606976268
MTNR1A,-1.4999603416405887
MTNR1B,-0.5239711004777398
MTO1,-0.24341114395631092
MTOR,-0.31719953516016064
MTPAP,0.7240759257927153
MTPN,0.02063892795369071
MTR,0.19883596034872575
MTRES1,-0.12187228302083186
MTREX,0.007826587452691491
MTRF1,-0.2597715793587039
MTRF1L,-0.07272989567546695
MTRFR,0.005058326384658862
MTRR,0.35204602530277795
MTSS1,0.6997203373409531
MTSS2,-0.32802033782093293
MTTP,0.3056528048429339
MTURN,-0.06588417176162364
MTUS1,0.5266350342373589
MTUS2,0.03720683398272473
MTX1,-0.2515747770422161
MTX2,-0.23382145782370767
MTX3,-0.195512721034389
MUC1,-0.18583382971081175
MUC12,-0.4418441857828609
MUC13,-1.0345807147038206
MUC15,0.591626830737804
MUC16,0.5531337804929898
MUC17,-0.37558787802033766
MUC19,0.4979107162192289
MUC3A,-0.03393858610297462
MUC5AC,0.04420768283755383
MUC5B,0.29142123913632634
MUC7,-1.7186388152887973
MUCL1,-0.049901562067041105
MUL1,-0.17252129766291402
MUS81,0.18553147535665326
MUSK,-0.22033389692401006
MUSTN1,-0.15246495028270268
MUTYH,-0.06253611990961971
MVB12A,-0.11723431980581545
MVB12B,-0.27259540675338156
MVD,-0.00483258077549964
MVK,-0.29620780344536346
MVP,0.403546361662003
MX1,0.8674983550352737
MX2,0.6828826715219272
MXD1,0.20167071337583825
MXD3,0.12172454949874556
MXD4,-0.08567890150912216
MXI1,0.39373255333804646
MXRA5,-0.7257083373294884
MXRA7,0.12121489986127187
MXRA8,-0.05521274346816141
MYADM,0.6593490251273243
MYADML2,0.31692547072261035
MYB,0.0012129978240293937
MYBBP1A,-0.03379710215525833
MYBL1,-0.02711622507756939
MYBL2,-0.26947938924766524
MYBPC1,-0.44762974696449387
MYBPC2,0.12334731069073257
MYBPC3,0.06100724331582434
MYBPH,-0.5926558308522512
MYBPHL,0.042009125546729253
MYC,-0.002178037733621352
MYCBP,-0.1293562245221742
MYCBP2,-0.1642878853148222
MYCBPAP,0.14881502187718
MYCL,1.0580156661385463
MYCN,-0.007773989135352544
MYCT1,-0.4488527712173789
MYD88,-0.0443389093471227
MYDGF,0.004173553473501901
MYEF2,0.022316804910651022
MYEOV,0.657138816459384
MYF5,-0.45050942004774497
MYF6,-0.6059821624557196
MYG1,-0.04196157592311689
MYH1,-0.6713694312943548
MYH10,-0.08100947202680953
MYH11,-0.12971604121901592
MYH13,0.367362233137146
MYH14,-0.0742334666885065
MYH15,-0.3147686331739189
MYH16,-0.2539214584279037
MYH2,-1.3345242036015093
MYH3,0.29822855334080395
MYH4,0.30388531460952173
MYH6,0.3515336274811221
MYH7,-0.2153005259059539
MYH7B,-0.12313732331346783
MYH8,-0.802442474877417
MYH9,0.4266199652064273
MYL1,-0.20290289528028338
MYL10,-0.003040003186075446
MYL11,-0.029095136491811502
MYL12A,-0.07612592795257278
MYL12B,0.02807739284658517
MYL2,0.3788073799395204
MYL3,-0.6638622284105988
MYL4,-0.25251360243151216
MYL5,-0.030145918626766743
MYL6,0.045759144987495226
MYL6B,0.04632561278105651
MYL7,-0.12911556711609934
MYL9,-0.3655984232614933
MYLIP,0.2631342638381935
MYLK,0.35628409582879905
MYLK2,0.20086613566033718
MYLK3,0.5449788312688861
MYLK4,0.33667798168284535
MYMK,0.058983767386132535
MYMX,0.28841972923211273
MYNN,-0.11033214151525605
MYO10,0.4575313367367664
MYO15A,-0.09629915023823288
MYO15B,-0.272871880452072
MYO16,0.04835766675106079
MYO18A,-0.19596799585138136
MYO18B,0.3418323265759263
MYO1A,-0.8631441304044615
MYO1B,0.1472471782423651
MYO1C,0.14583764924957032
MYO1D,-0.49206301275615105
MYO1E,0.5338503627727469
MYO1F,-0.7310798986245753
MYO1G,0.08896917116636427
MYO1H,-0.08586447617685222
MYO3A,0.5710123277665304
MYO3B,-0.025794118050210812
MYO5A,-0.07094992126895328
MYO5B,0.7853267788911125
MYO5C,-0.7319472187766681
MYO6,-0.028334781869405745
MYO7A,0.0078193450187235
MYO7B,-0.17882423651423734
MYO9A,0.029537626934140526
MYO9B,0.11083398183523929
MYOC,-0.18470203603125454
MYOCD,0.8624480811572481
MYOCOS,0.45440789148104677
MYOD1,0.33130940818392607
MYOF,-0.23971762770117655
MYOG,0.037912967739827275
MYOM1,-0.3042598627003281
MYOM3,-0.4995126315944621
MYORG,0.18155398268897427
MYOT,-0.5094458038182961
MYOZ1,-0.6900271928573278
MYOZ2,-0.6547419131506175
MYOZ3,-0.13682639736105778
MYPN,0.21890975335872764
MYPOP,-0.09974600069979767
MYRF,-0.0022520792319320193
MYRFL,0.45145068273651434
MYRIP,-0.44448133999818235
MYSM1,-0.17926823092112176
MYT1L,0.5093371766762458
MYZAP,0.381508189012303
MZB1,0.5771683780845507
MZF1,-0.005727137943557281
MZT1,0.013330262775573587
MZT2A,-0.07410789196193956
MZT2B,0.01226069947131414
N4BP1,-0.20395511934209054
N4BP2,-0.10803858201917738
N4BP2L1,0.0
N4BP2L2,-0.18722447046698498
N4BP3,-0.5550867075798398
N6AMT1,-0.07445390772366078
NAA10,0.07681944428203602
NAA11,-0.9781638880902663
NAA15,0.17081598160683775
NAA16,-0.319235270185362
NAA20,-0.1302899527244823
NAA25,0.09741397604227053
NAA30,-0.32818108712235183
NAA35,-0.2817195632816589
NAA38,0.40874617892056264
NAA40,-0.15164082285954672
NAA50,0.2872936929508203
NAA60,0.4061006968408649
NAA80,-0.07314254551198918
NAAA,-0.21338475151885916
NAALAD2,0.7917198510990326
NAALADL1,-0.024130322217591704
NAALADL2,0.10059319241438036
NAB1,0.09160790960211429
NAB2,0.09097116811549544
NABP1,0.3097098503357021
NABP2,-0.08566531362285357
NACA,1.1405840199846535
NACA2,1.5709736751215797
NACAD,0.3878985287871129
NACC1,0.21938577378125057
NACC2,0.8028412594821209
NADK,0.09563458920736156
NADK2,0.4625833446228391
NADSYN1,-0.033901511586527544
NAE1,-0.0822522783064672
NAF1,0.0905908711590282
NAGA,-0.044030617702245145
NAGK,-0.38658825554177306
NAGLU,0.5112061714924585
NAGPA,-1.2553270238718066
NAGS,0.6222171944093027
NAIF1,0.09619276457219428
NALCN,-0.023244984100188326
NALF1,0.8136678402002372
NALF2,-1.0420410130153646
NAMPT,0.26451581619113984
NANOG,0.4586116832882752
NANOGNB,0.23859213184041073
NANOGP8,-0.5394330560119418
NANOS1,-0.3971817018467987
NANOS2,-0.8650317955525239
NANOS3,0.5498457812848203
NANP,-0.1357220944144384
NANS,0.0680417819129362
NAP1L1,-0.01596553939900147
NAP1L2,0.35634861987371313
NAP1L4,0.697186859969552
NAP1L5,0.1676164689806865
NAPA,0.30341075921811456
NAPB,0.08222323404933629
NAPEPLD,0.5346377796761133
NAPG,-0.18799674459417526
NAPSA,0.5147605567015543
NARF,-0.045673930071940205
NARS1,0.0
NARS2,-0.11074314762503512
NASP,-0.15055633457762063
NAT1,1.2392822125368146
NAT10,0.301614594623393
NAT14,-0.10335659597001623
NAT16,-0.37582197452581867
NAT2,0.985767420220971
NAT8,-0.6587634309393169
NAT8B,-0.10640777475779561
NAT8L,-0.3765213938650519
NAT9,0.1558326492792581
NATD1,0.8592752445159599
NAV1,0.6365485581516084
NAV2,-0.005649407322961153
NAV3,-0.6442176786987261
NAXD,-0.2900328929457734
NAXE,-0.5308067911165648
NBAS,-0.32870640008500285
NBDY,0.7758200981691056
NBEA,-0.03516090533754834
NBEAL1,-0.03237318267903966
NBEAL2,0.06404532499113103
NBL1,0.09840147889363937
NBN,-0.3242883209129639
NBPF1,0.03855905221719169
NBPF10,0.7107211684797259
NBPF11,-0.1784773832436839
NBPF12,-0.19009830722398435
NBPF14,-0.12333846591398356
NBPF15,-0.5660205437820665
NBPF19,-0.1881670046830104
NBPF20,-0.3085690450768702
NBPF26,0.3207971402709272
NBPF3,-0.053508439157541776
NBPF8,0.15717976415119583
NBPF9,-1.16483538641687
NBR1,-0.16301589422169283
NCALD,-0.2465547578772984
NCAM1,-0.5014632599118767
NCAM2,-0.40879277117613877
NCAN,-1.188089594212475
NCAPD2,0.0007368186532046295
NCAPD3,-0.20361008715594764
NCAPG,-0.09391626723064395
NCAPG2,0.019259136019163847
NCAPH,0.06597444175182599
NCAPH2,0.011284357494234953
NCBP1,0.04212700337965103
NCBP2,-0.0815286651080287
NCBP2AS2,-0.08239551500283149
NCBP2L,1.0175617824632586
NCBP3,-0.19893709600464327
NCCRP1,-0.5840937884594024
NCDN,-0.1401942385031587
NCEH1,-0.48734219881162
NCF2,-0.3327107443291819
NCF4,-0.7113228677924033
NCK1,-0.19981173600465585
NCK2,0.38860265002291516
NCKAP1,0.3139632369091321
NCKAP1L,-1.1904067194448007
NCKAP5,2.377376251416763e-08
NCKAP5L,-0.22968592629653317
NCKIPSD,-0.07531560464618092
NCL,-0.21874605918936796
NCLN,-0.1114075208417935
NCMAP,-0.002325671245082761
NCOA1,0.4131442622467141
NCOA2,-0.24518257016817024
NCOA3,-0.19288495479875412
NCOA4,0.03496807603910934
NCOA5,-0.26406457215629775
NCOA6,-0.2854216991574865
NCOA7,-0.37465940975481793
NCOR1,-0.2743293869102028
NCOR2,0.14313413761948546
NCR2,-0.15504374555359318
NCR3LG1,-0.05941506625726434
NCS1,0.18747023388106598
NCSTN,-0.0239724015755316
NDC1,-0.14593420043806749
NDC80,-0.0715627400886385
NDEL1,-0.04893169696289956
NDFIP1,1.0538202850182685
NDFIP2,-0.5210466782064862
NDN,0.3815257816601545
NDNF,0.22618478728975355
NDOR1,0.20620221341720102
NDP,-0.5080259161435249
NDRG1,0.4356031569317689
NDRG2,-0.8415374355589114
NDRG3,-0.19805078408289267
NDRG4,1.5964979679797855
NDST1,-1.0563756639967743
NDST2,-0.1308175836457357
NDST3,0.631826782427483
NDST4,0.6330309369243179
NDUFA1,-0.02647379331689592
NDUFA10,0.07915389808596496
NDUFA11,-0.172778940326884
NDUFA12,-0.11604858956472341
NDUFA13,-0.01595605225060348
NDUFA2,-0.26798582391640347
NDUFA3,0.24262597763921434
NDUFA4,-0.032466708913037046
NDUFA4L2,-0.4746365950657605
NDUFA5,-0.06193660000280499
NDUFA7,0.22954874452818608
NDUFA8,-0.18025960544739394
NDUFA9,-0.12122410964313746
NDUFAB1,0.05165124794800624
NDUFAF1,0.8906822307628288
NDUFAF2,-0.2311269865431158
NDUFAF3,0.0621598530431795
NDUFAF4,0.11891017760402622
NDUFAF5,-0.24828544210713588
NDUFAF6,-0.18890263579061894
NDUFAF7,-0.008529172082135439
NDUFAF8,0.14940333418345908
NDUFB1,-0.06782057829690213
NDUFB10,0.20324002996702673
NDUFB11,0.11010527689549487
NDUFB2,0.7640009666616017
NDUFB3,0.04076861308474289
NDUFB4,0.048009783395187355
NDUFB5,-0.022171546891706306
NDUFB6,-0.09145780694206662
NDUFB7,0.5043965273537863
NDUFB8,-0.49773999104646904
NDUFB9,-0.025234637464620402
NDUFC1,0.18155903064527745
NDUFC2,-0.3820493739253421
NDUFC2-KCTD14,-0.382316733433973
NDUFS1,-0.13654402493425266
NDUFS2,-0.28512018794167204
NDUFS3,-0.6029544876450728
NDUFS4,0.40030956387617356
NDUFS5,0.3148468771932711
NDUFS6,0.20437083266733191
NDUFS7,0.2036191494052959
NDUFS8,-0.12348522918600757
NDUFV1,0.1770160913919243
NDUFV2,0.2745187846664825
NDUFV3,0.35970937059218144
NEB,1.1481504655036814
NEBL,0.4199442936800848
NECAB1,-0.9666303624756493
NECAB2,-0.6605728882075932
NECAB3,0.01414111366140336
NECAP1,0.27262601250133744
NECAP2,-0.15279083384751768
NECTIN1,0.3012547367327727
NECTIN2,0.2752738240249806
NECTIN3,0.26997516379625175
NECTIN4,-0.1393957657710101
NEDD1,0.06880883256028447
NEDD4,-0.557033576343662
NEDD4L,0.21624895103594355
NEDD8,-0.15297185887316989
NEDD8-MDP1,-0.15153037751093112
NEDD9,-0.18578923919932788
NEFH,1.156323403623141
NEFL,0.6183366980762959
NEFM,0.5952264781856176
NEGR1,-1.1366761252268143
NEIL1,-0.18078720051918049
NEIL2,0.26801406092501656
NEIL3,-0.09172980284211185
NEK1,0.13471280185081547
NEK10,-0.6303589502176379
NEK11,-0.19739270000107956
NEK2,-0.2485099463674727
NEK3,-0.43972297114650893
NEK4,-0.2225895340926245
NEK5,-0.9066334429004912
NEK6,0.8829484445792206
NEK7,-0.21243777607014724
NEK8,-0.059601881762234576
NEK9,-0.05677856438473894
NELFA,0.13155333796639135
NELFB,0.47327552106512094
NELFCD,0.04513688846371311
NELL1,-0.391739611644379
NELL2,-0.014958006664416601
NEMF,-0.22817464840904123
NEMP1,0.05551304091915288
NEMP2,-0.12181897490472515
NENF,-0.5707811325879968
NEO1,0.11440162957952671
NEPRO,0.1535088948434984
NES,0.0917302725248374
NET1,0.5073822208468317
NETO1,-0.32449016184084245
NETO2,0.17557214483202532
NEU2,-0.06715726751243611
NEU3,-0.6121452740972715
NEURL1,-0.2232085177927322
NEURL1B,1.2146930261652906
NEURL2,-0.2035496763656237
NEURL3,-0.20967916242730977
NEURL4,0.19328947775914784
NEUROD1,0.7897192774300109
NEUROD2,-0.590277028767596
NEUROD4,0.47778286285600946
NEUROD6,0.3149355288005595
NEUROG1,0.20390924193731153
NEUROG2,0.05475186647822694
NEUROG3,0.8323443343475967
NEXMIF,0.9119623758800559
NEXN,-0.625781038617455
NF1,-0.033408604416912624
NF2,-0.12225664885156196
NFAM1,-0.23352902606467235
NFASC,-0.29176858322940413
NFAT5,0.0055818607023248035
NFATC1,0.4236779368181858
NFATC2,1.717076238701361
NFATC2IP,-0.053474783687409655
NFATC3,0.119834078150582
NFATC4,-0.17669598350098115
NFE2,0.07397025592430995
NFE2L1,-0.02269949002710181
NFE2L2,-0.044921708784716685
NFE2L3,0.17449913505140024
NFIA,0.7274621728671964
NFIB,-0.5562000204506163
NFIC,-0.9880970473594917
NFIL3,0.4397966450001094
NFILZ,0.9695947026329881
NFIX,0.3195654948766611
NFKB1,-0.07833496613929736
NFKB2,0.0
NFKBIA,-0.12274206782963226
NFKBIB,-0.028730949982524123
NFKBID,0.02176989432800136
NFKBIE,0.10819784130343724
NFKBIZ,0.24341734454270814
NFRKB,-0.3073012871919847
NFS1,-0.21739975512984877
NFU1,0.38193164364858845
NFX1,-0.016731904429249767
NFXL1,-0.2972196489764354
NFYA,-0.04074517283854284
NFYB,-0.13464794559704796
NFYC,-0.18943452727957322
NGB,-0.28271300015055134
NGDN,-0.10552243087713808
NGEF,0.028832570699378834
NGF,0.05940890447832903
NGFR,-0.6838630455504787
NGLY1,0.07088537618031854
NGRN,-0.09906928991356434
NHEJ1,-0.11354283603184356
NHERF1,-0.041261418216253176
NHERF2,-0.7543369359362831
NHERF4,-0.5730725889752342
NHLH1,-0.37111931353322414
NHLH2,0.20853996065266944
NHLRC1,-0.14766196973686796
NHLRC2,-0.07491179403994108
NHLRC3,-0.16628284324268083
NHLRC4,-0.0003550607723883381
NHP2,-0.02044557446859674
NHS,0.01481142574360117
NHSL1,-0.10428501128165335
NHSL2,0.3133974503804233
NHSL3,-0.2128578505599843
NIBAN1,0.17570336667463238
NIBAN2,-0.5255201059946177
NIBAN3,-1.0433378548129593
NICN1,-0.3435969393068794
NICOL1,0.15485074881450545
NID1,0.7837123269216406
NID2,-1.0942166787135963
NIF3L1,0.10062010325043946
NIFK,0.14600904702117123
NIM1K,-0.125393265172542
NIN,0.053357434978384966
NINJ1,0.6125553712428271
NINJ2,-0.2907195975039558
NINL,-0.12059256391042106
NIP7,0.04117441793620591
NIPA1,0.6837471676395972
NIPA2,-0.18000830011521174
NIPAL1,-0.2964265792661358
NIPAL2,-0.2438717801741057
NIPAL3,-0.21955605388614519
NIPAL4,-0.9700867249722405
NIPBL,0.008425732878456493
NIPSNAP1,0.212771774401725
NIPSNAP2,-0.21236601014297962
NIPSNAP3A,-0.1656987746958296
NIPSNAP3B,0.3091993973346234
NISCH,-0.2233716553577736
NIT1,-0.011254138162363425
NIT2,-0.3146828451503274
NKAIN1,-0.1939503865270947
NKAIN2,-1.4196994759377661
NKAIN3,-0.15799768655346624
NKAIN4,-0.028995337902840035
NKAP,0.03445135861229032
NKAPD1,-0.42318880427242167
NKAPL,0.7771285118128968
NKD1,0.5988256788793819
NKG7,1.240307741097366
NKIRAS1,0.16122943450841465
NKIRAS2,-0.05142200167451094
NKPD1,-0.16515732216639434
NKRF,0.31018210353930264
NKTR,-0.290033279270963
NKX1-1,1.6352878281080572
NKX1-2,-1.1934522568938162
NKX2-1,-0.3403616765196887
NKX2-2,0.09313853541108541
NKX2-3,-0.2527469447668078
NKX2-4,-0.30161992184353603
NKX2-5,0.059205482210816784
NKX2-6,0.5213481088231837
NKX2-8,-0.017698456696174036
NKX3-1,0.9932641419133437
NKX3-2,0.017823123963275123
NKX6-1,0.4321618371103868
NKX6-2,0.6002876380387989
NKX6-3,-0.025974036290562996
NLE1,-0.4935909136101544
NLGN1,-0.301044106253193
NLGN2,0.49149808408784956
NLGN3,0.186617646072883
NLGN4X,-0.971227873503663
NLGN4Y,-0.29608850765964023
NLK,0.33459053491466495
NLN,-0.14793993470586386
NLRC3,0.03929939929772308
NLRC4,0.18585289548083744
NLRC5,0.6572158065465397
NLRP1,0.8987040052460944
NLRP11,0.8191074082235352
NLRP12,-6.165928398971232e-07
NLRP13,1.6781690868169215
NLRP14,0.3534822666366444
NLRP2B,-1.5717291672513034
NLRP3,-0.21042119897248934
NLRP4,0.550502814808373
NLRP5,1.0553822999037004
NLRP6,0.42511907102110463
NLRP8,0.3068968475280305
NLRP9,9.84038446283364e-08
NLRX1,-0.17829682256465418
NMB,-0.4195885359907301
NMBR,-0.024633194778651113
NMD3,0.3063037083406557
NME1,-0.0013149557193412598
NME1-NME2,-0.0030837707466950803
NME2,-0.29314970158173015
NME3,0.08675208091950237
NME4,-0.2509237762628992
NME5,0.3743236127952967
NME6,-0.08820270794450469
NME7,-0.038571457714626334
NME8,-0.30442456871820633
NME9,-0.17947809430400263
NMI,0.04709586985246794
NMNAT1,-0.08973907386854085
NMNAT2,0.08979116993678393
NMNAT3,0.7026966922457674
NMRK1,-0.08426624519470938
NMRK2,-0.17892557448294233
NMS,-0.5629427822788793
NMT1,-0.09633878905166476
NMT2,0.015022329737148787
NMU,-0.4881033796469112
NMUR1,-1.0344995924707794
NMUR2,-0.22568032578508834
NNAT,0.1636718271118749
NNMT,0.9940701952524411
NNT,0.13191055807459318
NOA1,-0.10052488814291571
NOB1,0.09639560715938922
NOBOX,-1.036395803953448
NOC2L,0.04010099026019498
NOC3L,-0.3050591135766467
NOC4L,0.11780328438668741
NOCT,0.052923914254727755
NOD1,0.32056966870954384
NOD2,0.35488078486943053
NODAL,1.340229352099862
NOG,1.0661111880221148
NOL10,0.031108606127643768
NOL11,-0.14305506038942184
NOL12,0.8766032238888863
NOL3,0.36924046625998386
NOL4,-0.815152435925607
NOL4L,0.28848470419214145
NOL6,-0.24568159596385586
NOL7,-0.04376878851439203
NOL8,0.01118009940644793
NOL9,-0.4219952953405355
NOLC1,0.06493941505630918
NOM1,-0.32411768683144526
NOMO2,0.5121605977927015
NOMO3,-0.3310818370059163
NONO,-0.3540868915466202
NOP10,0.275455776761381
NOP14,0.03196079943650876
NOP16,0.0855419759235776
NOP2,0.2756211589605453
NOP53,-0.010342334069532555
NOP56,-0.09228944601986688
NOP58,0.04144469252427907
NOP9,0.10398379935668833
NOPCHAP1,-0.27195457733636497
NOS1,-1.3131520080687802
NOS1AP,0.1570106827915991
NOS2,-0.4229858014088357
NOS3,0.683885875183216
NOSIP,0.2699078899650811
NOSTRIN,-1.535813585713707
NOTCH1,-0.13812990447081308
NOTCH2,-0.5562005175470004
NOTCH2NLA,0.7114706027210003
NOTCH2NLB,-0.1233383547447009
NOTCH2NLC,-0.26611228376987883
NOTCH2NLR,0.32102862974553226
NOTCH3,1.747381942076701
NOTO,1.6302866247454884
NOTUM,0.19280564390441482
NOVA1,-0.7958295701122233
NOVA2,0.5194989133371394
NOX1,0.4265462190494338
NOX3,-0.6228807196443311
NOX4,0.16757527589059107
NOX5,0.34358155080367486
NOXA1,-0.20845886680382764
NOXO1,0.3229603705974906
NOXRED1,-0.5707850384771014
NPAP1,0.9377391878301726
NPAS1,1.3388898052189724
NPAS2,-0.891018489783201
NPAS3,-1.5569251377630762
NPAS4,0.7059157335075703
NPAT,0.1886067804143412
NPB,0.1941054311103898
NPBWR1,0.26623715972056605
NPC1,0.0013294600264988077
NPC1L1,-0.014937885901251668
NPC2,-0.01761250278030646
NPDC1,0.33804324395432195
NPEPL1,-0.40927634984266126
NPEPPS,-1.2967175792199428
NPFF,-0.15081613545310524
NPFFR1,-0.4919268081466156
NPFFR2,0.8205403075949944
NPHP1,-0.3818877849620814
NPHP3,0.33661368322583796
NPHP3-ACAD11,0.3368422447947492
NPHP4,0.02008530682852605
NPHS1,-0.16362123028877562
NPHS2,0.4262239049445191
NPIPB11,-0.40801137036412527
NPIPB15,-0.9760558935757495
NPIPB2,-0.06982906574642334
NPIPB4,0.09285478796586544
NPIPB5,0.9790220480650733
NPIPB7,0.03883216003806034
NPIPB8,0.6607128152930277
NPIPB9,-1.0119621439347948
NPL,0.37461461109872274
NPLOC4,0.2734657180060368
NPM1,0.20178010295888615
NPM2,0.10705417063792289
NPM3,-0.24631585856226534
NPNT,0.10359600052706835
NPPA,0.0783714529281786
NPPB,0.766222582251321
NPPC,0.5940288418831089
NPR1,-0.08371565004657561
NPR2,0.4219515473723636
NPR3,-1.2278025122101885
NPRL2,0.12358077035816795
NPRL3,0.18319917647433748
NPSR1,-0.29976250551624606
NPTN,0.09645667915483447
NPTX1,-0.05983590449227838
NPTX2,-1.5813027898298055
NPTXR,1.1886411670832566
NPVF,0.9784537432023308
NPW,0.18510414572544098
NPY,-0.6192015047062838
NPY1R,-0.5472825849133915
NPY2R,-0.9262765367544513
NPY5R,-0.6844248014151653
NQO1,0.2325684620729156
NQO2,0.760981255180929
NR0B1,0.003722059430814273
NR0B2,-0.7353229605967965
NR1D1,-0.14987020533878015
NR1D2,0.15940786068338664
NR1H2,1.1776135485467885
NR1H3,-0.1204421350666216
NR1H4,0.04843587943715999
NR1I2,-0.7952557088857448
NR1I3,-0.4736450371181906
NR2C1,0.02383373903336361
NR2C2,-0.131020112933661
NR2C2AP,0.13365312371631743
NR2E1,0.13562657613760853
NR2E3,-0.5597830570939605
NR2F1,-0.18301445361199659
NR2F2,1.3521572779599849
NR2F6,0.3579227589582006
NR3C1,-0.23833866716940966
NR3C2,0.2643966065571628
NR4A1,-0.3510851391884484
NR4A2,0.2878215839027023
NR4A3,0.5712226904701678
NR5A1,-0.24504376123115423
NR5A2,-0.24407328734507638
NR6A1,0.42541407446364854
NRAP,0.3400818172202098
NRARP,0.5891475115035189
NRAS,0.04562387368477472
NRBF2,0.32428516315241707
NRBP1,0.0943439466475926
NRBP2,-0.08329654188027158
NRCAM,0.2646930818711788
NRDC,-0.03217684188196568
NRDE2,-0.6250634591210071
NREP,-0.22484006565727865
NRF1,-0.1342472036686555
NRG1,-0.1470522570034325
NRG2,0.22478847744950503
NRG3,0.3455836314677361
NRG4,0.3842624329761361
NRGN,-0.3257044759766893
NRIP1,1.3844443540711655
NRIP2,0.19712181712765342
NRIP3,0.3749491420079838
NRK,0.8296900513261289
NRL,0.20552499667405755
NRN1,-0.9141300619201458
NRN1L,-0.32634692760713957
NRP1,0.5770049886955937
NRP2,0.12904700430511895
NRROS,0.35919855746275786
NRSN1,-0.08129928760969607
NRSN2,-0.021001491048114218
NRTN,0.0587529708817236
NRXN1,-0.18683069879423886
NRXN2,0.18194271951243346
NRXN3,-0.9153893427864859
NSA2,0.1287134667807921
NSD1,-0.5091783534397689
NSD2,-0.018158634017894748
NSD3,-0.06700452778192378
NSDHL,-0.1572334538210587
NSFL1C,-0.5386107332280633
NSG1,-0.2682271151633655
NSG2,0.5289293081774089
NSL1,0.10296695939789613
NSMAF,-0.17413325814166392
NSMCE1,0.23729426550925314
NSMCE2,0.10796184242034901
NSMCE4A,-0.24136027896340195
NSMF,0.298194566607493
NSRP1,-0.12439268433408657
NSUN2,0.2532969404692924
NSUN3,-0.02522766770445095
NSUN4,-0.42091040277737646
NSUN5,0.3836180521328798
NSUN6,0.09879819924841016
NSUN7,0.20413126748169175
NT5C,-0.1312733020785246
NT5C1A,0.6473437028448844
NT5C1B,0.9134060540985616
NT5C1B-RDH14,0.9134060770346937
NT5C2,1.0005496571454409
NT5C3A,-0.12625384887757507
NT5C3B,-0.6479957588269412
NT5DC1,0.09583454931249191
NT5DC2,-0.0682483278756969
NT5DC3,0.508057362383012
NT5DC4,0.11445237206425218
NT5E,-0.0733269702217818
NT5M,-0.19400739810938683
NTAN1,-0.31357418847596996
NTAQ1,0.08795640224789025
NTF3,0.3117127966102615
NTF4,-0.14223700615860768
NTHL1,0.2541240658532731
NTM,-0.12224508117269961
NTMT1,0.20265529820559913
NTMT2,0.42699627224897907
NTN1,0.3760061179462879
NTN3,0.8466795721395415
NTN4,-0.6584118322251938
NTN5,1.1214358930917105
NTNG1,0.07428005798759174
NTNG2,-0.2631494432998638
NTPCR,-0.3529747332698383
NTRK1,0.8195133406250661
NTRK2,-0.46409702570960576
NTRK3,-0.13224503276959232
NTS,-0.6451804080880793
NTSR1,-0.2437729279173464
NTSR2,0.09969326372555032
NUAK1,0.2573237601683891
NUAK2,0.03336736290112634
NUB1,0.24346760082917385
NUBP1,0.20277870318096536
NUBP2,0.019185839437281693
NUBPL,-0.38871718986661774
NUCB1,-0.08408844945014993
NUCB2,0.018647456256619677
NUCKS1,0.15758819070418184
NUDC,0.029592733338509536
NUDCD1,-0.3126274994544769
NUDCD2,-0.1316197446761791
NUDCD3,-0.2616163037887702
NUDT1,-0.06570089341040042
NUDT12,0.9891952898102273
NUDT13,0.1902438869286962
NUDT14,-0.05808012126565548
NUDT15,0.24555624944072418
NUDT16,-0.17650253370972013
NUDT16L1,0.13677591644810283
NUDT17,-0.3485135770728731
NUDT18,0.23778832843905207
NUDT19,-0.1381968556783093
NUDT2,-0.26067213504836406
NUDT21,-0.24128038480566616
NUDT22,-0.043089407228670495
NUDT3,-0.013961884637125443
NUDT4,-0.01837168590278848
NUDT5,-0.0313284675909169
NUDT6,-0.4336978330964594
NUDT7,0.4113279692170422
NUDT8,0.07132389392764882
NUDT9,0.2776180524717886
NUF2,-0.41095316404908266
NUFIP1,-0.09811784064627549
NUFIP2,-0.02871274804722823
NUGGC,-0.0006392968623747386
NUMA1,-0.2916556508592363
NUMB,0.350182341474351
NUMBL,0.8491595893731461
NUP107,-0.04727699141428676
NUP133,0.2295840354298262
NUP153,0.10222103189079812
NUP155,-0.11540206658694552
NUP160,0.03954210830825211
NUP188,0.25642281013308743
NUP205,-0.06728055657739773
NUP210,-0.0717792883025048
NUP210L,0.26894944945144283
NUP214,-0.17804492006207973
NUP35,0.40698525273272335
NUP37,-0.1051570558076742
NUP42,-0.08072503977285006
NUP43,-0.07459838080431958
NUP50,-0.051213600160134654
NUP54,-0.053906793933820474
NUP58,-0.07903378501365133
NUP62,0.08425030871811501
NUP62CL,-0.5172938750170815
NUP85,-0.08326665196866401
NUP88,-0.12755576173514616
NUP93,-0.297677223875338
NUP98,-0.009029931050337225
NUPR1,1.1755278079845057
NUPR2,0.3415899045816453
NUS1,-0.13586125252609627
NUSAP1,-0.9160089339919257
NUTF2,-0.05751749765455383
NUTM1,0.2715254386232444
NUTM2A,-0.5710123277665304
NUTM2D,-0.8937478608407261
NUTM2E,0.5133349819173421
NUTM2F,-0.01765963829757622
NUTM2G,-0.5704423096170654
NVL,-0.1604978182288752
NWD1,-1.1419052878717042
NWD2,0.7237002871295541
NXF1,0.0034456047342787954
NXF3,-1.5419670560397394
NXNL1,-0.7771285241245218
NXNL2,-0.030335838387187536
NXPE1,-0.3362046081001848
NXPE2,-0.5704428159168866
NXPE3,-0.1327917987824705
NXPE4,-0.340079878062705
NXPH1,-0.9134841819650389
NXPH2,-0.2605438831987117
NXPH3,0.7990822600223447
NXPH4,0.024914890489192265
NXT1,-0.09019762426307132
NXT2,-0.24170710210090096
NYAP1,0.06500973843389424
NYAP2,-1.0740099867975457
NYNRIN,-0.13341277668711515
NYX,0.2727134192278704
OAF,0.10664180785241406
OARD1,0.12065242644047447
OAS1,1.0413787345216141
OAS2,-0.9443050919705134
OAS3,-0.6183058337007347
OASL,0.3828721086815977
OAT,0.6543136092275371
OAZ1,0.4454175613739033
OAZ2,0.01908378609966288
OAZ3,-0.3201511935555925
OBI1,0.13543049565315535
OBP2A,0.2092118362183053
OBP2B,-1.0937192347888258
OBSCN,0.013565715435012837
OBSL1,1.4069650090494403
OC90,0.37470513366417124
OCEL1,0.25974922615066953
OCIAD1,-0.506435112990919
OCIAD2,0.04580566623814697
OCM,1.498826706839872
OCM2,-0.5710117373438051
OCRL,-0.36547371882970436
OCSTAMP,0.34595054777187295
ODAD1,-0.19466069405323871
ODAD2,0.5482159289227344
ODAD3,0.09022863175596019
ODAD4,-0.106138675431251
ODAM,-0.5710113437285207
ODAPH,0.31015045516261774
ODC1,0.38536153159310516
ODF1,-0.017925562580412224
ODF2,-0.08612109972331972
ODF2L,-0.18343567944042483
ODF4,-0.15045977362135243
ODR4,-0.07420266015090693
OFD1,0.12081330662364875
OGA,-0.1305530785688136
OGDH,0.02047384029756305
OGDHL,-0.6574220918011578
OGFOD1,-0.24469553467162886
OGFOD2,0.030981113463171006
OGFOD3,-0.0988317930466529
OGFR,-0.4695585305858305
OGFRL1,-0.07466827588327707
OGG1,0.1495907540081456
OGN,0.8745820260224182
OGT,0.29655016789104316
OIP5,-0.1704139605703281
OIT3,0.7315811024238474
OLA1,-0.3115801492155965
OLAH,0.3185686218232556
OLFM1,1.341158483135628
OLFM2,-0.7810289970754423
OLFM3,0.4451525034794389
OLFM4,-0.22170932343363736
OLFML1,-1.5494655084785793
OLFML2A,0.13419525948070826
OLFML2B,0.9103421066066267
OLFML3,-0.7441413223814113
OLIG1,-0.1356007843681628
OLIG2,0.6048542775609658
OLIG3,0.22644901791346594
OLR1,-0.2636429290422402
OMA1,0.32400236416664807
OMD,0.3131178665874028
OMG,-0.2266201648069477
OMP,-1.2893482539533025
ONECUT1,0.3434996885327003
ONECUT2,-0.013764690300830829
ONECUT3,0.2675045153271356
OOEP,-0.6798567841136696
OOSP1,0.01974041207001287
OOSP2,0.3964039302328215
OOSP3,0.05217998762852094
OOSP4A,0.5381266256077368
OOSP4B,-0.589051280111216
OPA1,-0.0001259538167817098
OPA3,0.7412285196919535
OPALIN,-1.5320432029742532
OPCML,0.2207222953595364
OPHN1,-1.0007170361945297
OPLAH,-0.5246192303572045
OPN1LW,0.21516350783319427
OPN1SW,-0.7498254468664807
OPN3,1.406615151588242
OPN4,0.33677027987913977
OPN5,-0.37116117848717556
OPRD1,0.6131398486167479
OPRK1,0.3313922974090324
OPRL1,-0.33333641820094595
OPRM1,3.936153651906693e-07
OPRPN,0.0
OPTC,-0.8893238973675228
OPTN,0.03802737863885142
OR10A2,-0.9678733836669791
OR10A4,1.27487525161214
OR10A5,-0.1007513726677054
OR10A7,0.02481825802788018
OR10AC1,0.5077410215064302
OR10AD1,-0.6457351987444225
OR10AG1,0.0783001741669449
OR10D3,0.5710111469208381
OR10G2,-0.5803243646105063
OR10G3,-0.8436713261102977
OR10G4,-0.903794689907913
OR10G6,-0.24325160699577975
OR10G8,-0.8391876621924994
OR10G9,-0.2900102410237557
OR10H1,-0.8466580561866689
OR10H2,1.3838662259658427
OR10H3,-0.5856723464024678
OR10H4,0.21882106270362067
OR10H5,-0.24533742949516624
OR10J1,-0.1269802145140626
OR10J3,0.03618441173735665
OR10J4,-0.7849445104506279
OR10J5,1.3776932939573754
OR10K1,0.14034068536156408
OR10K2,-0.5710117373438051
OR10P1,0.14964900507585305
OR10Q1,0.9083732034541752
OR10S1,-0.49378151211653876
OR10T2,-0.34493666630557973
OR10V1,0.6571597577473447
OR10W1,-0.3448609727675074
OR10X1,0.6347996065744288
OR10Z1,0.8317429091507542
OR11G2,-0.1390214205656779
OR11H2,-0.5710113437285207
OR11H4,0.292027698384435
OR11H6,-0.2123262154568577
OR11H7,-0.4443436891898329
OR11L1,0.5852151676477526
OR12D2,-0.44802789460644643
OR13C2,-0.20933740314265326
OR13C3,0.28036174933646496
OR13C4,-0.2019121641303827
OR13C5,-0.01481290383180145
OR13C7,-0.06266418486127168
OR13C8,-0.9375629109828265
OR13C9,-0.011149261155866341
OR13D1,-0.6217582651066731
OR13F1,-1.221095172491619
OR13G1,-0.060404995947008766
OR13H1,0.023771656351668558
OR13J1,-0.7860168601761445
OR14A16,0.49941349634357945
OR14A2,0.5547437157883045
OR14C36,0.15609078400374
OR14I1,-0.45096364779799303
OR14K1,0.3435081575412171
OR14L1,-0.6883369221978748
OR1A1,-1.087876122362847
OR1A2,0.365630881430536
OR1B1,0.5710119341514068
OR1C1,-0.922141399861512
OR1D2,-0.3446205606037127
OR1D5,0.39686172728023505
OR1E1,-1.5268521238698813
OR1E2,-0.5096238438221101
OR1F1,-0.198569482514122
OR1G1,-0.555191233180933
OR1I1,0.42099176415146955
OR1J1,-0.9678738320981846
OR1J2,0.4302400883390416
OR1J4,1.1030968702752169
OR1K1,1.6712453736424
OR1L1,-0.06594636606427784
OR1L3,-0.5369375996879764
OR1L4,-0.7246304316675354
OR1L6,-0.008994524369106749
OR1L8,-0.5710118357476093
OR1M1,0.26914459109313826
OR1N1,-0.27185448460040096
OR1N2,0.5904366660337148
OR1P1,-0.49017997657539913
OR1Q1,-0.571011442132352
OR1R1P,-1.7580056718094126
OR1S1,-0.408010387767344
OR1S2,0.4080118153432455
OR2A12,-0.3961608404109638
OR2A2,1.3776534015796926e-06
OR2A25,1.5494658228208442
OR2A5,0.7257078249337936
OR2A7,0.8991078910103121
OR2AE1,0.19649052350213236
OR2AG1,-0.6110344464850739
OR2AG2,0.18561355829875859
OR2AJ1,-1.0962900419702315
OR2AK2,-0.24417428678420516
OR2AP1,0.6671565458872413
OR2AT4,-0.18913001306596688
OR2B11,0.6261422057460333
OR2B2,0.8636567397542101
OR2B6,-1.260627131620514
OR2B8P,0.23099243675201375
OR2C1,1.1843555206658931
OR2C3,0.7350583774379416
OR2D2,0.5402116871382583
OR2D3,1.299031173935156
OR2F1,-1.0962909308245696
OR2F2,0.5150028569008778
OR2G2,-0.3487513855637412
OR2G3,0.11259383671562073
OR2J1,-0.5561998216120143
OR2K2,0.9812500031539111
OR2L13,-0.9679438065251831
OR2L2,0.3968624173737405
OR2L3,-0.19851335465449038
OR2L5,-0.6363387210189964
OR2L8,0.027152055178507162
OR2M2,0.32809556324378164
OR2M3,-0.5458759609150086
OR2M4,-0.22373493136793288
OR2M5,-0.38901042914239725
OR2M7,0.4596723262636877
OR2S2,-0.5340058413637023
OR2T10,-0.03650848616008373
OR2T11,-0.5561992250960452
OR2T12,0.30101040857195405
OR2T27,0.5635658005972477
OR2T29,0.5561991256766929
OR2T33,0.9166084961440624
OR2T34,-0.16738987626009716
OR2T8,0.0241716890028858
OR2V1,-0.6313411168209819
OR2V2,0.34269861630460036
OR2W3,-0.40772251987854413
OR2Y1,-0.42523521544106746
OR2Z1,-2.218432049625433
OR3A1,0.6950737330823231
OR3A2,-1.1850509380990724
OR3A3,0.5509219143947697
OR4A16,1.1342640831878958
OR4A47,0.04344690085778735
OR4A5,0.4185386438478176
OR4A8,0.6978898328281122
OR4B1,0.1977274440866128
OR4C11,-0.01114888688772897
OR4C12,0.04733446882828041
OR4C13,-0.3976111312025594
OR4C15,-0.5616772865375306
OR4C16,-0.9859133315286699
OR4C3,0.3446368167904653
OR4C45,1.6891468852114813
OR4C46,-0.31631042774004214
OR4C5,-1.0730023458351756
OR4C6,-0.12572634388815862
OR4D1,1.4675287132938817
OR4D10,-1.2787858398870515
OR4D11,0.1593629432014938
OR4D2,-0.39686333790094563
OR4D5,0.5710115405361762
OR4D6,0.1389701471813718
OR4D9,-0.3649787161989919
OR4E1,-1.1013010260117324
OR4E2,0.014811916747290876
OR4F15,-0.8937471066627778
OR4F6,-0.013381592039890755
OR4K1,-0.06125526595429065
OR4K14,-0.5710109501131289
OR4K15,-0.9461469126661961
OR4K17,-0.6525978642775465
OR4K2,-0.2811326829553895
OR4K3,1.2877804322222954
OR4K5,-1.1831128616773752
OR4L1,0.060182175689145634
OR4M1,0.43104109408771407
OR4N5,0.3288441803193116
OR4Q2,-0.5342676572414633
OR4Q3,-0.5130676445074771
OR4S1,-0.009662308408902254
OR4S2,0.28358699394336906
OR4X1,-0.46578815461039713
OR4X2,-0.6475507129955405
OR51A2,0.9790221222282889
OR51A4,-0.5194059758782057
OR51B2,-0.8255796647947218
OR51B4,0.6922893990723853
OR51B5,0.3401935500161568
OR51B6,-0.9168950939833547
OR51C1P,-0.11751200088931313
OR51D1,-0.05336328836520282
OR51E1,0.38390792383218697
OR51E2,-0.11877866870321585
OR51F1,0.19887651374877713
OR51F2,0.7831902118362422
OR51G1,0.007498471747952484
OR51G2,0.8468305449255138
OR51I1,0.9859131566927066
OR51I2,0.6431923520501801
OR51L1,-0.31630919887031306
OR51M1,0.035481621530295326
OR51Q1,-1.4480371771225604
OR51S1,-0.9709540771172811
OR51T1,-0.14307545079643802
OR51V1,-0.9709546720857922
OR52A1,-0.4655080794472606
OR52A5,0.7059639769510389
OR52B2,0.07313634053469942
OR52B4,0.06349741665656738
OR52B6,-1.1869961047558812
OR52D1,-0.11726745739345645
OR52E1,0.0643129785900427
OR52E2,-1.1912163241024873
OR52E4,0.007500217867737691
OR52E5,-0.8015919417592139
OR52E6,-0.00916482158090437
OR52E8,0.7167683004374341
OR52H1,0.24030463930324508
OR52I1,-0.35402510402523835
OR52I2,-0.8758731462220155
OR52J3,-0.008993870018320305
OR52K1,0.2011535303321531
OR52K2,0.05674024949809797
OR52L1,-0.31769536817012645
OR52M1,0.19888850827111293
OR52N1,0.7167688925666291
OR52N2,0.11880568055232921
OR52N4,0.41278783678062725
OR52N5,0.6212016955296971
OR52P1,-0.8250821274244919
OR52R1,-0.5984274750070881
OR52W1,-0.38325298565421195
OR56A1,-0.01793181854319048
OR56A3,-0.6037535357493621
OR56A4,-0.7542172193309546
OR56A5,0.9859122576198307
OR56B1,-0.7257069495499588
OR56B2P,-0.8735187837838132
OR56B4,-0.013636317392273112
OR5A1,1.5790751284634732
OR5A2,1.2142054516571115
OR5AC1,0.13711708462109518
OR5AC2,-2.132552323050434
OR5AK2,0.33112041403868187
OR5AL1,0.7153026647567531
OR5AN1,0.022451675903806922
OR5AP2,0.6896152309396149
OR5AR1,-0.4048188201177392
OR5AU1,0.6204544111464716
OR5B12,0.014811626613218998
OR5B17,-0.17754278802529866
OR5B2,0.8596269110207764
OR5B21,1.2543251248743361
OR5B3,-1.1822772093249876
OR5BS1P,-0.3053772168567479
OR5C1,-1.208566640439983
OR5D13,-0.4573917216543264
OR5D14,0.9453133072927815
OR5D18,0.12837541645848827
OR5D3P,0.8991083302090841
OR5H1,0.5950419997371541
OR5H14,-1.3471770694832523
OR5H15,0.8615519280186686
OR5H2,-0.3797139259981096
OR5H6,-0.044052562340481494
OR5H8,-0.9791959009996556
OR5I1,-1.133800634429777
OR5K1,-1.1990889523134716
OR5K2,-0.4610034633118404
OR5K3,-0.6383198410924882
OR5K4,0.18654624512650475
OR5L1,-0.44129559772097826
OR5L2,-0.4075218658448634
OR5M1,1.58638322752199
OR5M10,0.5412337531990499
OR5M11,-0.42537663219890964
OR5M3,4.0789737454360875e-07
OR5M8,0.060181350732803285
OR5M9,0.9709547664872213
OR5W2,0.9325386592929346
OR6A2,-0.3945186771644773
OR6B1,1.1366754271240471
OR6B2,-0.13601423030377802
OR6B3,0.11781387268427146
OR6C1,0.5406294485461516
OR6C2,-1.540588013334691
OR6C3,-0.6729415982394031
OR6C4,-0.451236408318324
OR6C6,0.011149331866895373
OR6C65,1.2301777845773643
OR6C68,0.32893220426117686
OR6C70,-0.47417284007006244
OR6C74,-0.09265874553510733
OR6C75,-0.22892464336940233
OR6C76,-0.9784528289130308
OR6F1,0.7893932374873596
OR6J1,0.6225953642852993
OR6K2,-0.8564875445103466
OR6K3,-0.07500851756069649
OR6K6,-0.008938109500828517
OR6M1,0.508440550516486
OR6N1,0.0
OR6N2,1.0934121467485745
OR6P1,0.8736476535210675
OR6Q1,-0.6896156452111168
OR6S1,-0.8203975832009427
OR6T1,0.011236465207186352
OR6X1,1.107669676779527
OR6Y1,1.1064938684373309
OR7A10,0.5561995233540609
OR7A17,0.7593939128434992
OR7A5,0.03799262078698229
OR7C1,0.09316786316646697
OR7C2,0.5815903908919724
OR7D4,-0.5779034959556866
OR7E24,-0.5532681027716395
OR7G1,0.8006257997327604
OR7G2,-1.8227839530640673
OR7G3,-0.27219338697551354
OR8A1,-1.273257819779924
OR8B12,1.3038131954104053
OR8B2,0.236555759304516
OR8B3,-0.3979338371325385
OR8B4,-0.20816482571894634
OR8B8,-0.5853953213525616
OR8D1,-1.0513161070846737
OR8D2,0.9678748784371218
OR8D4,-0.020485446294287613
OR8G1,0.8991085181077301
OR8G2P,-0.014811821389953739
OR8G3P,-0.1793550873252856
OR8G5,-0.18752314636491718
OR8H3,0.36402253281279284
OR8I2,0.9220214160595028
OR8K5,0.5710116389399942
OR8S1,-0.4062959036639815
OR8U3,-0.8040036134486375
OR9A1P,-0.30387085772917977
OR9A4,-0.884090486354407
OR9G1,0.03904590030722854
OR9H1P,-1.1120367888684135
OR9I1,8.999299372369762e-07
OR9K2,0.14118217855902104
OR9Q1,1.1619429913264772
OR9Q2,-0.035846367674398305
ORAI1,-0.011692453117329471
ORAI2,0.3052592991953196
ORAI3,0.07255624235575064
ORC1,-0.07915383453855984
ORC2,-0.11968717433382281
ORC3,-0.09561288945456692
ORC4,-0.1997018468825038
ORC5,0.029811337463680587
ORC6,-0.299919248795697
ORM1,1.1109557705015272
ORM2,0.2085051586670485
ORMDL1,-0.2035309517556554
ORMDL2,-0.16816709751742032
ORMDL3,-0.10761708796790437
OS9,0.0005943023230865485
OSBP,-0.07824433002228393
OSBP2,-0.3331498850037995
OSBPL10,-0.49402220839106814
OSBPL11,-0.2114632891772823
OSBPL1A,-0.5581028214849812
OSBPL2,0.12460691710066979
OSBPL3,0.19764422973905615
OSBPL5,0.07976164714357104
OSBPL6,-0.0377875576077058
OSBPL7,-0.015404581978760212
OSBPL8,-0.22923761708256674
OSBPL9,-0.5421703311185108
OSCAR,0.24262597763921434
OSCP1,-0.3881150796727244
OSER1,0.3328697389357824
OSGEP,0.017251221506550785
OSGEPL1,-0.0519009119207281
OSGIN1,-0.8427101178006654
OSGIN2,-0.18568724030264372
OSM,0.061336305531209945
OSMR,-0.45831123981584376
OSR1,0.9251203087562312
OSR2,-0.3890528549094139
OST4,-0.054642025074644884
OSTC,-0.39120032624759515
OSTF1,-0.09215611283165792
OSTM1,0.1356267477488622
OSTN,0.1171175656586434
OTC,0.2968410273508846
OTOA,-0.6279763732169363
OTOF,-0.016274697328179377
OTOG,0.8281872500156375
OTOGL,-1.3163980022127229
OTOL1,0.6817667500845258
OTOP1,0.7865679149278961
OTOP2,0.43906955111758467
OTOP3,-0.5689674475930231
OTOR,0.15512346617869488
OTOS,0.6873191836525177
OTP,0.9193088085751481
OTUB1,0.11469358752295422
OTUD1,-0.3793787948513181
OTUD3,-0.174639632272644
OTUD4,-0.013071287902353568
OTUD5,0.1482279920436862
OTUD6A,-0.01481290383180145
OTUD6B,-0.0854375014659059
OTUD7B,0.31940434849836574
OTULIN,0.30488348867444515
OTULINL,0.2129186062458991
OTX1,-0.24935251510996714
OTX2,0.9175689903641072
OVCA2,0.02024483493819318
OVCH1,-0.1655173904420365
OVGP1,-0.1083995605997409
OVOL1,-0.37690633583120103
OVOL2,0.3552065147319048
OVOL3,0.042355121573960375
OXA1L,-0.007311373815204636
OXCT1,0.12951940082064128
OXCT2,0.9916166768250423
OXER1,-0.2807089948047822
OXGR1,-1.032560277707209
OXLD1,0.1168517308794792
OXNAD1,0.07161002963660046
OXR1,0.5660700590598791
OXSM,-0.10035421886040519
OXSR1,0.043282991588213804
OXT,-0.7392187113291626
OXTR,-0.3304563465291771
P2RX1,-0.16491027838900685
P2RX2,-0.19050125186763767
P2RX3,-0.7225271435677636
P2RX4,-0.273239812869988
P2RX5,-0.04689953509152689
P2RX5-TAX1BP3,-0.07849776128459696
P2RX6,0.12610367990922267
P2RX7,-1.372377638708671
P2RY1,-0.5144442642587586
P2RY10,0.34800621149903455
P2RY11,0.12797199980171925
P2RY12,0.025142583149841892
P2RY13,0.15278938775045903
P2RY14,-0.8632937036540009
P2RY2,-0.37413963176106624
P2RY4,0.4080122346404771
P2RY6,-0.25386483534109394
P2RY8,-0.12121009815893569
P3H1,-0.1128525085916916
P3H2,0.2499843936151297
P3H3,-0.09182331200098592
P3H4,-0.035794858759532255
P3R3URF,1.8313475979198974
P3R3URF-PIK3R3,1.8326485617395247
P4HA1,0.0974516672983472
P4HA2,0.8324907864948314
P4HA3,-1.3926150759414369
P4HB,0.24932681874755147
P4HTM,-0.09781598853647466
PA2G4,-0.10975822501474397
PAAF1,0.0
PABIR1,-0.006455297259389425
PABIR2,-0.06665654453814707
PABIR3,-0.12320075432644861
PABPC1,0.18476786511187626
PABPC1L,-0.31670736094961294
PABPC3,-0.333616931164862
PABPC4,0.29448985731201205
PABPC4L,-0.37482038227467207
PABPC5,1.4212816870566314
PABPN1,-0.05455853477416106
PABPN1L,0.11161058996247225
PACC1,-0.13296667582756383
PACRG,-0.8296451104060758
PACRGL,0.9558397179185769
PACS1,0.2673979588325244
PACS2,0.08058415136957997
PACSIN1,-0.13257842171648027
PACSIN2,0.20260695986924393
PACSIN3,-0.21095259765375163
PADI1,0.54456700130444
PADI2,-0.5295880192539895
PADI3,0.4017901409493013
PADI4,-0.24643481120178604
PADI6,-0.3613733349482394
PAEP,-0.3262317949075516
PAF1,-0.07379130221117336
PAFAH1B1,0.14131989856278881
PAFAH1B2,-0.02392269449224571
PAFAH1B3,-0.06927188398239936
PAFAH2,-0.1668050689460614
PAG1,0.0828012807392986
PAGE1,-0.01481172298610911
PAGE2,-0.3561915886285525
PAGE2B,-0.3542883534166177
PAGE3,-0.4872243418052704
PAGE4,-0.05588729154628913
PAGR1,0.08890592528440955
PAH,0.49040062620722824
PAICS,-0.13148325728398813
PAIP1,-0.09494245395750678
PAIP2,0.05943466457557056
PAIP2B,-0.07821691667536657
PAK1,-3.8705248295300976e-07
PAK1IP1,-0.07756930126056139
PAK2,-0.1661564803942115
PAK3,-0.5493051132766893
PAK4,-0.25902011936716773
PAK5,-0.6576739282815374
PAK6,-0.08747114076240725
PALB2,-0.10532024426870024
PALD1,0.11711777051464434
PALLD,-1.5753807640295332
PALM,0.3797477819557088
PALM2AKAP2,1.3151121584560843
PALM3,-0.9446851204781225
PALMD,0.0018872262327276346
PALS1,-0.105759084117941
PALS2,-0.256754282902266
PAM,-0.3154971031632958
PAMR1,-0.7862723048939229
PAN2,0.13103442394600417
PAN3,-0.1338316209049495
PANK1,0.02847046594495195
PANK2,-0.23411347676354577
PANK3,0.05699306887081379
PANO1,0.11605799595415256
PANX1,-0.04489600532199045
PANX2,0.2694508950584118
PANX3,1.0521471005191916
PAOX,0.30413866572877146
PAPLN,-0.24852375127512283
PAPOLA,-0.1897065960945037
PAPOLB,-0.2997642019479074
PAPOLG,0.032047326044733815
PAPPA,0.7324796615470186
PAPPA2,0.4247824800550071
PAPSS1,0.26798024498491735
PAPSS2,-0.61646459726471
PAQR3,-0.3467539345842079
PAQR4,-0.004474211850631793
PAQR5,0.06029873026771269
PAQR6,-0.5190539427966492
PAQR7,-0.6919088767714163
PAQR8,0.0026741653811921395
PAQR9,-0.04881258282890341
PARD3,-0.048996734313190515
PARD3B,-0.5114067375036058
PARD6A,0.09328072892701655
PARD6B,-0.0001717060553776406
PARD6G,0.6694264920517887
PARG,0.14446795034573512
PARK7,0.23114762100507624
PARL,-0.05782071130353028
PARM1,0.32611266423732277
PARP1,0.19123901177731728
PARP10,1.4442117388542004
PARP11,0.0913089222590533
PARP12,0.6580796919893908
PARP14,0.26056659937769266
PARP15,0.2665060321915408
PARP16,0.1130629526700746
PARP2,-0.10604512774962549
PARP3,-0.14966718116492395
PARP4,0.22671665872673152
PARP6,0.0933665122690508
PARP8,-0.2175102248937293
PARP9,0.33184795816018253
PARPBP,-0.10507407006757408
PARS2,-0.15709674299473386
PARVA,0.5567861412818087
PARVB,0.10593527415392251
PARVG,-0.43423787062040153
PASD1,0.24905299849383455
PASK,-0.12130038375915131
PATE1,0.45190991249647094
PATE2,0.314809558257128
PATE3,0.2592149952245344
PATE4,0.4456093046747793
PATJ,-0.26184080382782404
PATL1,-0.028728265283747056
PATL2,-0.21530462978276432
PATZ1,-0.1415322651180193
PAWR,-0.2936122636655867
PAX1,1.6213814277815857
PAX2,0.13372429832300847
PAX3,-0.41644561502876876
PAX4,0.5970336334582755
PAX5,0.6385951373353651
PAX6,-0.36840645027114016
PAX7,-0.1432630741901474
PAX8,-0.2843284180209339
PAX9,0.35483829112916154
PAXIP1,-0.1002010919905123
PAXX,0.03227019683917609
PBDC1,0.23524009900718523
PBK,-0.38201791689520137
PBLD,-0.03674683177933247
PBOV1,-0.20753889325756414
PBRM1,0.43291669614665107
PBX1,-0.3642480674938815
PBX3,0.2291375629205632
PBX4,0.2692963890867972
PBXIP1,-0.45018043505629635
PC,0.23806991107301068
PCARE,0.5092342106945998
PCBD1,-0.0755924366822926
PCBD2,-0.00829780871527408
PCBP1,0.168209135531578
PCBP2,0.011286724391696978
PCBP3,0.23846788308117706
PCBP4,-0.08336275394517623
PCCA,-0.04763355239537059
PCCB,-0.11879055701295727
PCDH1,-0.4206256109172964
PCDH10,0.36092321651145953
PCDH11X,0.1456492136054326
PCDH11Y,0.5680615709278842
PCDH12,0.16396602521952275
PCDH15,-1.3058554180093436
PCDH17,-0.17466160026762795
PCDH18,-0.1687989841532196
PCDH19,0.5342680508568285
PCDH7,0.15312328923403706
PCDH8,0.7193223667841804
PCDH9,0.851373706499138
PCDHA1,-0.5952272179581981
PCDHA10,-0.3351207468362487
PCDHA11,0.7206519801585554
PCDHA12,-0.10976068504196723
PCDHA13,-0.3744529113776345
PCDHA2,-0.725706297309261
PCDHA3,0.37430271427443573
PCDHA4,0.36719813550599145
PCDHA5,1.9275694690692065
PCDHA7,0.4452843495186305
PCDHA8,-0.6116097459136149
PCDHAC1,-0.06792422945844523
PCDHAC2,0.15847313258928775
PCDHB1,-0.5313763183613966
PCDHB10,-0.08581274069780953
PCDHB11,-0.02238372022306745
PCDHB12,0.9790231605129032
PCDHB14,-0.9784532042142768
PCDHB15,-0.36719803710217347
PCDHB16,-1.18188508707114
PCDHB2,0.1176737762754918
PCDHB3,0.29244380146718907
PCDHB4,-0.4080104832882947
PCDHB5,0.9251191490820247
PCDHB6,-0.7676266329146029
PCDHB8,-0.3596143842408259
PCDHB9,0.294362526158912
PCDHGA1,0.22794012864592772
PCDHGA10,0.027389139236232207
PCDHGA11,0.8899161206306706
PCDHGA12,0.6531716866342521
PCDHGA2,1.0732444570971074
PCDHGA3,-0.7226169747132793
PCDHGA4,0.5274063988361002
PCDHGA5,-0.7167685138926885
PCDHGA6,1.6927756573451536
PCDHGA7,-1.4300399050916262
PCDHGA8,0.5554191637585892
PCDHGA9,0.6169517021074262
PCDHGB1,-0.385739158816401
PCDHGB2,-0.1633157250810977
PCDHGB3,1.2033378160234192
PCDHGB4,-0.9053836972933322
PCDHGB5,-0.5408431419800896
PCDHGB6,1.0170981496009952
PCDHGB7,0.004463360331171007
PCDHGC3,-0.1739614586524234
PCDHGC4,0.4378773702532128
PCDHGC5,0.6039511244041739
PCED1A,-0.19318678500320718
PCED1B,-0.17505587479321694
PCF11,-0.1459122908266579
PCGF1,0.0977956496647332
PCGF3,-0.24071318501418215
PCGF5,0.09757223441341933
PCGF6,-0.19180716099921113
PCID2,-0.26578531119465065
PCIF1,-0.13456433192996453
PCK1,0.6800298515182579
PCK2,-0.03678486964037564
PCLAF,0.05076241679895066
PCLO,0.5028818684625302
PCM1,0.13717097283397806
PCMT1,-0.06845457197268168
PCMTD1,-0.2264362938105986
PCNA,0.10105113524887255
PCNP,-0.23023889623184246
PCNT,-0.2375097325982054
PCNX1,0.057795735275997906
PCNX2,-0.4249829644090859
PCNX3,0.03394430509318358
PCNX4,0.22525907151174085
PCOLCE,-0.14059477547208943
PCOLCE2,0.37362748599121476
PCP2,0.24670885058581082
PCP4,0.18708899484255914
PCP4L1,0.3036540193153412
PCSK1,-0.5918070461597771
PCSK1N,1.0049754864693066
PCSK2,-7.473854202189045e-07
PCSK4,-0.045309044964669365
PCSK5,-0.21421184752353017
PCSK6,0.20530696452682812
PCSK7,0.14470005421528231
PCSK9,0.13753947045468784
PCTP,0.06336331775640835
PCYOX1,-0.2576502331923396
PCYOX1L,-0.22099788915289897
PCYT1A,0.2113379082397051
PCYT1B,0.25573641850477635
PCYT2,-0.25592096401121367
PDAP1,-0.15878444372325795
PDC,0.2992254347525163
PDCD10,-0.2510358155969161
PDCD11,0.16395722099250287
PDCD1LG2,0.7067781689816779
PDCD2,-0.15693009282007298
PDCD2L,-0.2131455813347649
PDCD4,-0.03561133727047139
PDCD5,-0.269098869400469
PDCD6,-0.1356127989740341
PDCD6-AHRR,-0.13423771189348122
PDCD6IP,-0.1846541126116623
PDCD7,-0.15640282079224566
PDCL,0.014405203767840824
PDCL2,-1.2972897911203334
PDCL3,0.05153001751152875
PDE10A,0.0758256475994119
PDE11A,1.1207105870807381
PDE12,-0.24530941617888224
PDE1A,-1.3613189257025484
PDE1B,-0.12852655149676895
PDE1C,0.1684314054102014
PDE2A,-0.21073250922760361
PDE3A,-0.4669248881905254
PDE3B,0.35154228877080085
PDE4A,0.4075502544309133
PDE4B,-0.5076202299168037
PDE4C,-0.8404171397420239
PDE4D,-0.16306548619404038
PDE5A,-0.37338999903006753
PDE6A,0.2238098224420526
PDE6B,0.360098868155323
PDE6C,0.03473234066507147
PDE6D,0.0816457631480576
PDE6G,-0.5246680464325629
PDE6H,0.2056693158686368
PDE7A,0.1802661817491904
PDE7B,-0.6320166905695593
PDE8A,0.12292837062606043
PDE8B,0.3421025925152841
PDE9A,0.9119448991598635
PDF,-0.003996192472405902
PDGFA,0.5078378580594873
PDGFB,0.260005446124003
PDGFC,0.017113073396815004
PDGFD,-0.29678277170736567
PDGFRA,-1.6900599876978926
PDGFRB,0.18266271392392763
PDGFRL,-0.02289413055128442
PDHA1,-0.2590238443181794
PDHA2,-0.24580098357046498
PDHB,-0.1612205484091076
PDHX,-0.12187773114022438
PDIA2,0.022574939129450633
PDIA3,-0.06645856424349006
PDIA4,0.059446248392994505
PDIA5,-0.8066626822710306
PDIA6,0.72663795929564
PDIK1L,-0.11633377327310246
PDILT,-0.4891841428980804
PDK1,0.17462850819452047
PDK2,0.23898821722290364
PDK3,0.2804073864664791
PDK4,0.05227698518953616
PDLIM1,-0.5029885258064755
PDLIM2,-0.20040229290129036
PDLIM3,-0.6804500578992636
PDLIM4,1.7465477145138246
PDLIM5,0.34065265076404394
PDLIM7,0.323402311615677
PDP1,-0.33193576277732106
PDP2,0.0222764299811411
PDPK1,0.219798419671835
PDPN,-1.3549791452002595
PDPR,-0.22763128153448875
PDRG1,-0.2305798270770918
PDS5A,-0.01013937842355972
PDS5B,-0.22970283761434906
PDSS1,-0.03250714554173895
PDSS2,-0.28422570251762735
PDX1,0.05777713125010653
PDXK,-0.08420022457609333
PDXP,-0.3449435164924086
PDYN,-0.5666216309748481
PDZD11,0.1788797900114938
PDZD2,-0.3563908589735272
PDZD4,1.1754353878139527
PDZD7,-0.029382808828475326
PDZD8,-0.23527190392332775
PDZD9,-0.03403469394681069
PDZK1,-0.40578313833390467
PDZK1IP1,-0.2407497811462302
PDZRN3,0.5641049479393556
PDZRN4,-0.1756344290859011
PEA15,-0.0259660705083542
PEAK1,0.04315841343396132
PEAK3,0.9973408743192338
PEAR1,-0.6015093664814344
PEBP1,0.23021871917641779
PEBP4,-0.5926462082554529
PECAM1,-0.2708112718572674
PECR,0.44807956231410984
PEDS1,-0.0331488293827622
PEDS1-UBE2V1,-0.03798454854413347
PEF1,-0.165905654907065
PEG10,0.24329781269126816
PEG3,-0.10803580461310203
PELI1,-0.1157653683310853
PELI2,0.27004949511523735
PELI3,-0.018340675216419466
PELO,-0.6000527342026825
PELP1,0.05024812831121439
PEMT,-0.09399891078760003
PENK,0.5665543606808012
PEPD,-0.005581949426715083
PER1,0.6220888916733589
PER2,0.21972849481561418
PER3,-1.1988449096996234
PERCC1,0.7105044525599982
PERM1,0.07403602129937603
PERP,0.23401782424361528
PES1,0.6322622181388917
PET100,-0.1414924336531458
PET117,-0.24167087436463586
PEX1,-0.13944439979151202
PEX10,-0.09189912063219552
PEX11A,-2.1754328281494857
PEX11B,-0.2274438988463956
PEX11G,-0.4471541747590433
PEX12,-0.26044872717333023
PEX13,0.022445309679053338
PEX14,-0.1417664643096881
PEX16,-0.147668654054244
PEX19,-0.26453188631326086
PEX2,-0.06927443643054243
PEX26,-0.17317092436297843
PEX3,-0.04883832818862022
PEX5,-0.0868763128814356
PEX5L,0.6490965711824508
PEX6,-0.09824767025135062
PEX7,-0.7410734631512685
PF4,-0.13828651091420296
PF4V1,0.4339320281472943
PFAS,0.09703501544314808
PFDN1,0.10310998759269552
PFDN2,-0.010445782871354226
PFDN4,-0.19854122439819033
PFDN5,-0.037517965496810746
PFKFB1,0.3372943246747011
PFKFB2,-0.5805982241833398
PFKFB3,0.45945136648247903
PFKFB4,-0.02856220460821257
PFKL,0.0756797845449837
PFKM,-0.299710289540962
PFKP,-0.09494411082338328
PFN1,0.29525562422783835
PFN2,-0.2289258143765982
PFN3,-0.20282646377293845
PFN4,-0.4102269591475074
PGA3,-0.6525931500792821
PGA4,-0.32967632755829124
PGA5,0.018638380051792414
PGAM1,0.002383036176962783
PGAM2,0.1381762846372927
PGAM4,0.7939876124693772
PGAM5,-0.007181075470235054
PGAP1,-0.009390607510710858
PGAP2,-0.008651803792030677
PGAP3,-0.0717937646086278
PGAP4,0.13941056346153724
PGAP6,1.1847810535460654
PGBD1,-0.09517252508332175
PGBD2,0.044047947440014834
PGBD4,-0.015817614444062933
PGBD5,0.14523098467769713
PGC,-0.9052620800456888
PGD,-0.0021586801386677124
PGF,-0.4851713359851772
PGGHG,0.5799959999518688
PGGT1B,-0.18015952824548154
PGK1,0.14633747801964403
PGK2,-1.3918029132147098
PGLS,0.013886234644027606
PGLYRP1,0.5836430674703308
PGLYRP2,0.2588446422161783
PGLYRP3,-0.08645251838944389
PGLYRP4,-1.0954249797694775
PGM1,-0.262752059351016
PGM2,0.1475665649817537
PGM2L1,-0.34191718641470015
PGM3,-0.08791980361470131
PGM5,-0.003699842342343107
PGP,-0.057026917996858995
PGPEP1,0.5143024798679114
PGPEP1L,-0.16879406630288513
PGR,0.3470323531043898
PGRMC1,-0.3375995623712229
PGRMC2,0.00584789160168242
PGS1,-0.10858469469861332
PHACTR1,-0.24324308775076187
PHACTR2,0.38603783546385384
PHACTR3,-0.9682730018366551
PHACTR4,-0.446784513007187
PHAF1,-0.24584758661853678
PHAX,-0.07499679123469516
PHB1,-0.0887993051125
PHB2,-0.1601922360359751
PHC1,-0.001001757857831631
PHC2,0.29165532275367223
PHC3,0.12281301829096058
PHETA1,0.6479944680651533
PHETA2,-0.18404507495175704
PHEX,-0.014966965260005516
PHF1,-0.3615756369086065
PHF10,0.2640766497465319
PHF11,0.9070332255979734
PHF12,-0.05359810391445308
PHF13,0.07992947878332757
PHF14,-0.051624488215222364
PHF19,0.07086038087968927
PHF2,0.2462038322231126
PHF20,-0.03764196598668068
PHF20L1,0.16088966089490953
PHF21A,0.02321057949833527
PHF21B,-1.183755489136883
PHF23,0.2193938285858561
PHF24,-0.25855255462481064
PHF3,-0.3071873955026776
PHF5A,-0.17282357192532327
PHF6,0.21451250393780485
PHF7,-0.06249504140890494
PHF8,0.8355768476042416
PHGDH,-0.20536904747860385
PHGR1,-0.44320036483533665
PHIP,0.06735375234756358
PHKA1,1.2846263992411195
PHKA2,-0.6228873286697927
PHKB,0.09234078456666595
PHKG1,-0.6025044349645466
PHKG2,-0.0868879070189319
PHLDA1,0.010598219314140067
PHLDA2,0.9402748930567417
PHLDA3,0.28641526894020863
PHLDB1,-0.8360541041354861
PHLDB2,-4.854697849276945e-07
PHLDB3,-0.36448866534543045
PHLPP1,-0.0715445539700772
PHLPP2,0.07373723693172929
PHOSPHO1,-0.23182988591418152
PHOSPHO2,-0.42695503360891074
PHOX2A,0.5215948957258301
PHOX2B,-0.30933798505685806
PHPT1,0.41723205690713794
PHRF1,0.15543988717155477
PHTF1,-0.07939447121176268
PHTF2,-0.2181321137978438
PHYH,0.03308192308940239
PHYHD1,0.5925111082504357
PHYHIP,0.06586663083933547
PHYHIPL,1.1365784108628558
PHYKPL,0.21871372923108057
PI15,-0.7007193020752165
PI16,-0.3606589103843074
PI3,-0.22163816745648157
PI4K2A,-0.19363859483618873
PI4K2B,-0.1750363541511426
PI4KA,0.0013367882669879094
PI4KB,-0.08979348957356237
PIANP,-0.2565325375643467
PIAS1,-0.001007035520187216
PIAS2,-0.3098638758625949
PIAS3,-0.12276746808841921
PIAS4,-0.05058798216938243
PIBF1,-0.12967415275263416
PICALM,0.11364779346449794
PICK1,-0.09039832539363024
PID1,-0.22775488679813938
PIDD1,0.09353044805974342
PIERCE1,0.0415604854415359
PIERCE2,-0.13508452234130797
PIEZO1,0.42607286261540667
PIEZO2,0.6978415091030372
PIF1,-0.12753916081372818
PIGA,0.38254751458618763
PIGB,-0.19396696226373722
PIGBOS1,-0.20667789978552076
PIGC,-0.11921521774364585
PIGF,-0.20695181382681493
PIGG,0.0799068053337808
PIGH,-0.49848057142950175
PIGK,-0.32533695283267794
PIGL,-0.19336787404875722
PIGM,-0.5520212236239048
PIGN,-0.06159761523972751
PIGO,0.18104154389621518
PIGP,0.11147090710521557
PIGQ,0.0014270792534682997
PIGR,0.442877608190605
PIGS,-0.19157548156527682
PIGT,-0.19717422521832662
PIGU,0.3141075291456541
PIGV,0.06822405382361563
PIGX,0.3581003771423519
PIGY,-0.0882151487184748
PIGZ,-0.13403693464394184
PIH1D1,-0.04789312314570804
PIH1D2,-0.4206742870736968
PIK3AP1,0.19349675861322402
PIK3C2A,0.020774506030033724
PIK3C2B,-0.033504256557352896
PIK3C2G,0.30312292520338535
PIK3C3,0.36305376848634907
PIK3CA,-0.05474197372394851
PIK3CB,-0.47058623794747456
PIK3CD,0.15910487181253896
PIK3CG,-1.2359300567220575
PIK3IP1,-0.15813267127413644
PIK3R1,0.2804480438032777
PIK3R2,-0.20864315812480427
PIK3R3,-0.03743826842406772
PIK3R4,-0.0063505209996082
PIK3R5,0.27107714831733265
PIK3R6,0.7686287392727791
PIKFYVE,-0.12333138978572666
PILRA,0.18639826777902213
PILRB,-0.30704203412993025
PIM1,-0.16472028721382692
PIM2,0.3158970324885857
PIM3,0.25069594002524465
PIMREG,0.16371070683987154
PIN1,-0.0874664061475885
PIN4,0.13000423136513328
PINK1,-0.31125659491473723
PINLYP,0.05604208398907673
PINX1,0.24044733744786395
PIP,1.362049309302732
PIP4K2A,-0.289494109370672
PIP4K2C,0.038912574373914044
PIP4P1,-0.048132924825867285
PIP4P2,0.19087884983520675
PIP5K1A,-0.1642528090505344
PIP5K1B,0.565700144176442
PIP5K1C,0.2260091791105996
PIP5KL1,0.39062954228159086
PIPOX,0.03692490759848166
PIR,0.743268474912604
PIRT,-0.6922688390485986
PISD,-0.6058943107686643
PITHD1,0.08571628478753102
PITPNA,0.46823575566399356
PITPNB,0.009969171552394407
PITPNC1,-0.209486824620293
PITPNM1,-0.016843308446161664
PITPNM2,-0.45643061002607876
PITPNM3,-0.25399143593760276
PITRM1,-0.07373007403629162
PITX1,-1.0532419232395946
PITX2,0.012529226019038386
PITX3,0.37030594765124336
PIWIL2,-0.33761279229146246
PIWIL3,2.173949125922263
PIWIL4,-0.12573115253501932
PJA1,0.15345452866587572
PJA2,0.39442955498595555
PJVK,0.0638079158079572
PKD1,0.3882712797306438
PKD1L1,0.9437420391584523
PKD1L2,-0.10062394205560432
PKD1L3,0.9028258535703428
PKD2,-0.16958871401317088
PKD2L1,0.4742464358053706
PKD2L2,-0.08538271150460641
PKDCC,0.24738168072641065
PKDREJ,-0.47547892144260606
PKHD1,-0.48377521447180416
PKHD1L1,0.21959260512367873
PKIA,0.12731787896887958
PKIB,0.10140659835044152
PKIG,-0.4892438283176661
PKM,0.24732438908062182
PKMYT1,0.11195647688525057
PKN1,0.24325991618886977
PKN2,-0.12543768441829428
PKN3,0.34786119313105884
PKNOX1,-0.12221773906266797
PKNOX2,0.5455809259762409
PKP1,0.2410977000354686
PKP2,0.03243515515855844
PKP3,-0.46387364014487265
PKP4,-0.06585379398172098
PLA1A,0.20197313428492425
PLA2G12A,-0.36168425651510083
PLA2G12B,-0.9556752603808342
PLA2G15,0.3881802687664895
PLA2G1B,-0.33619082427952174
PLA2G2A,0.28467317862536023
PLA2G2C,-0.4376695811219764
PLA2G2D,0.5164944740013553
PLA2G2E,-0.3436233388663453
PLA2G2F,0.14966069008942934
PLA2G3,-0.7236232936173316
PLA2G4A,-0.39947200140875083
PLA2G4B,-0.18669818471941468
PLA2G4C,-0.06423658239038943
PLA2G4D,-0.8289587822592246
PLA2G4E,0.28561547926126896
PLA2G4F,0.1966810794962408
PLA2G5,-0.5011789789580328
PLA2G6,2.3037745264087084
PLA2G7,-1.0559654689441687
PLA2R1,0.07016387910478283
PLAA,-0.07386526730092413
PLAAT1,0.20303457583063156
PLAAT2,0.12333369456076637
PLAAT3,1.7036957593714543
PLAAT4,0.9634928487513892
PLAAT5,0.7497328632030443
PLAC1,-0.012632874594426746
PLAC8,-0.23338711997089068
PLAC8L1,-0.7135999764801839
PLAC9,0.6559057425556718
PLAG1,0.1573896897898912
PLAGL1,0.2982679996508697
PLAGL2,-0.037984159311062804
PLAT,1.9009205877330622
PLAU,0.09680663123217581
PLAUR,-0.18046443860193784
PLB1,0.8012364730701023
PLBD1,-0.3913522063670224
PLBD2,0.2693380483854093
PLCB1,-0.7376879247355403
PLCB2,-0.3979661322764936
PLCB3,-0.03990606378678896
PLCB4,0.7543163080726718
PLCD1,-0.28127673759375027
PLCD3,0.18202140184859417
PLCD4,-0.04183129081902559
PLCE1,0.07207024384504135
PLCG1,0.24363982502597725
PLCG2,-0.03856559173712637
PLCH1,-0.12158970439227024
PLCH2,-0.21986303940708146
PLCL1,-0.1896707427470179
PLCL2,0.5425325861648471
PLCXD2,-0.21149664450076866
PLCXD3,-0.22579851001826068
PLCZ1,0.3506889004381689
PLD1,-0.09087603466679123
PLD2,0.3247324448924518
PLD3,-0.11650182572943502
PLD4,0.8534472380768454
PLD5,-0.43009044113750394
PLD5P1,-0.1460268892644363
PLD6,-0.11913141471369526
PLEC,-0.007159014688878251
PLEK,-0.10252564150411403
PLEK2,0.20266615461309262
PLEKHA1,0.34471166556009525
PLEKHA2,0.185206673844589
PLEKHA3,0.4021483094904954
PLEKHA4,0.4786079823532756
PLEKHA5,-0.12780826694810177
PLEKHA6,0.16224822111731574
PLEKHA7,-0.3810836868164341
PLEKHA8,0.20888101808728843
PLEKHB1,0.6825092320227062
PLEKHB2,0.03135637028596072
PLEKHD1,-0.3129887038966843
PLEKHF1,-0.08132460852156864
PLEKHF2,-0.21102804046493961
PLEKHG1,0.559296143158083
PLEKHG2,-0.0035812939591668425
PLEKHG3,0.7656997324522309
PLEKHG4,0.3567562872845338
PLEKHG4B,0.330788844726698
PLEKHG5,0.23516031166903648
PLEKHG6,0.7873243754173871
PLEKHG7,-0.401931899654983
PLEKHH1,0.2697532626451278
PLEKHH2,0.11109958313716461
PLEKHH3,0.12186374778063769
PLEKHJ1,0.023936522693630558
PLEKHM2,-0.02199288415162992
PLEKHM3,-0.15597119459565445
PLEKHN1,0.13884612163032983
PLEKHO1,-0.3787693923210953
PLEKHO2,-0.11165691975532788
PLEKHS1,0.02648975272345
PLET1,-0.48311319164991984
PLG,1.0063894198505854
PLGLB1,-0.32967534352001326
PLGRKT,0.3642988056837977
PLIN1,0.9121675651257654
PLIN2,-0.31109055232621285
PLIN3,-0.031530129105526106
PLIN4,0.5825270920645902
PLIN5,0.856237581445893
PLK1,-0.2670041242695733
PLK2,0.09075622532361471
PLK3,0.22441846946473998
PLK4,-0.3234444479985692
PLK5,0.3451195084698617
PLLP,-0.2930974496192458
PLN,1.4011480787246748
PLOD1,0.5070684447727047
PLOD2,-0.09301455393819846
PLOD3,-0.08393159472663392
PLP1,-0.21897997840186895
PLP2,-0.235343263660158
PLPBP,-0.3385853387355624
PLPP1,0.29511980918187586
PLPP2,-0.2376574700735473
PLPP3,1.0161002733955091
PLPP4,-0.697178271636355
PLPP5,0.020694182875633516
PLPP6,-0.3369757073211468
PLPP7,0.11094018268758654
PLPPR2,-0.09875056782255609
PLPPR3,0.5684375670388706
PLPPR4,-0.49038776240261384
PLPPR5,-1.1372898206936641
PLRG1,-0.09206268651353966
PLS1,-0.035726766445126845
PLSCR1,-0.09315623728441191
PLSCR2,0.7172778167013163
PLSCR3,0.1214799829743165
PLSCR4,-1.2809523092105148
PLSCR5,-0.2462641013772251
PLTP,-0.35358391248838994
PLVAP,-0.5126833095926571
PLXDC1,-0.0893559332469005
PLXDC2,0.6364264748159056
PLXNA1,0.394055756123767
PLXNA2,-0.2095189824143714
PLXNA3,0.3357363023894715
PLXNA4,0.008370009246237098
PLXNB1,0.06488601065795585
PLXNB2,0.3300516346041089
PLXNB3,-0.01530178901572754
PLXNC1,0.08528139779131028
PLXND1,-0.06663841943557414
PM20D1,-0.16174101373053174
PM20D2,0.009140616384845757
PMAIP1,0.37012630543145786
PMCH,-0.422099906021138
PMEL,-0.0755299369496063
PMEPA1,1.3293781084419958
PMF1,0.0865040011869107
PMF1-BGLAP,0.08795558656352132
PMFBP1,0.5356689247226056
PMIS2,-0.6165850689112513
PML,0.06654786578197314
PMM1,-0.1047886466604222
PMM2,0.07483999913968997
PMP2,0.13110074900733237
PMP22,-0.1628322197007844
PMPCA,-0.14211886496975135
PMPCB,0.06449719223977368
PMS1,-0.2092704815856008
PMS2,0.08906474324435809
PMVK,0.02519003754820215
PNCK,0.4816839513463113
PNISR,-0.1382898617426518
PNKD,-0.12622671914657158
PNKP,-0.15699236511076986
PNLDC1,-0.5727743644007417
PNLIP,-1.2855157055770743
PNLIPRP1,0.5325553340011007
PNLIPRP2,-0.15771692243903357
PNLIPRP3,1.024238569750993
PNMA1,-0.02758071949301577
PNMA2,-0.06493133462702982
PNMA3,0.6579703193691233
PNMA5,0.23790964112172275
PNMA6A,0.5561991256766929
PNMA6E,1.3161908017349013
PNMA6F,0.4881032986770104
PNMA8A,0.8595371017101094
PNMA8B,-0.34008018462519596
PNMA8C,0.25261280062107205
PNMT,-0.19213160767127924
PNN,-0.23816137341099886
PNO1,-0.10572733515822375
PNOC,-0.09251759442974247
PNP,-0.04399946944332278
PNPLA1,-1.5654113430605832
PNPLA2,0.003668753410098091
PNPLA3,-0.2351243799091185
PNPLA4,0.7246305201318375
PNPLA5,-0.01862926300173462
PNPLA6,0.04260363349640439
PNPLA7,0.22311411371145606
PNPLA8,0.07691912719228533
PNPO,-0.1316537355019154
PNPT1,-0.43478166765196447
PNRC1,0.2069303355757608
PNRC2,0.4111274113144172
POC1A,0.13789028995487573
POC1B,-0.07972918520588657
POC1B-GALNT4,-0.07279156969938771
POC5,0.5724244762224546
PODN,-0.19654842541770523
PODNL1,-0.18270705590269865
PODXL,-1.225007802755789
PODXL2,-0.4920117777870283
POF1B,-0.3259756979853794
POFUT1,-0.04284399264652805
POFUT2,-0.5137490523809229
POGK,-0.1873695938892581
POGLUT1,-0.028968612886430378
POGLUT2,-0.10332008862823416
POGLUT3,-0.339901112761118
POGZ,-0.11899973821619003
POLA1,0.3122196064949758
POLA2,-0.09284289608408436
POLB,-0.49719862221049294
POLD1,-0.04623192524440656
POLD2,0.08216003145290074
POLD3,-0.15028671178829445
POLD4,0.6059082556152506
POLDIP2,-0.13165088655444102
POLDIP3,-0.010476590173939648
POLE,-0.13797295107224494
POLE2,-0.35759657271357614
POLE3,-0.08169388761040697
POLE4,-0.30440072595278433
POLG,-0.15791211857486775
POLG2,0.058946222565785966
POLGARF,-0.12590449320112818
POLH,0.19761023629167118
POLI,0.09906249956633761
POLK,0.08854801921853195
POLL,-0.16445919905083572
POLM,-0.018915084883313504
POLN,-0.14053982318830638
POLQ,-0.13058316902970368
POLR1A,-0.1610694498127101
POLR1B,-0.2054392702325467
POLR1C,-0.30009149176037697
POLR1D,-0.04343227991378029
POLR1E,-0.13802037805241962
POLR1F,-0.1440518058292155
POLR1G,-0.027415359836600484
POLR2A,0.36098707922712325
POLR2B,-0.10379289364440591
POLR2C,0.02233236963945373
POLR2D,-0.28148116763574027
POLR2E,0.26519639215258994
POLR2F,-0.21981164759858762
POLR2G,-0.1356171797662853
POLR2H,0.2361569311855014
POLR2I,-0.0992353260253589
POLR2J,-0.3731530370397098
POLR2J2,0.25743770265629795
POLR2J2-UPK3BL1,0.25743770265629795
POLR2J3,0.16054158772986304
POLR2K,0.09324180061761833
POLR2L,0.0082998226534996
POLR2M,0.15180876935494014
POLR3A,0.054378193139311914
POLR3B,0.05522045804187359
POLR3C,-0.007180094276417748
POLR3D,0.1522477496148693
POLR3E,0.5518366181634722
POLR3F,-0.2735685164059509
POLR3G,-0.18268416160934853
POLR3GL,0.0412982269762856
POLR3H,0.02430884694741975
POLR3K,-0.12764747305054325
POLRMT,0.2836701071081782
POM121,0.03161094012650212
POM121C,-0.021511029378138424
POM121L12,-0.6730663117853066
POM121L2,-1.0971498682993874
POMC,-0.5938950130065562
POMGNT1,-0.6561612555168784
POMGNT2,0.24050612871670451
POMK,0.1363231651648089
POMP,-0.005903439903321761
POMT1,-0.05172190764402096
POMT2,-0.024428962786760877
PON1,-0.17023274327483362
PON2,-0.8863198500383065
PON3,-0.5401244484964498
POP1,0.022117811459274606
POP4,0.17207114546318403
POP5,0.0005083246780692718
POP7,-0.07434864895561821
POPDC2,0.4727442523029377
POPDC3,1.3658686136229052
POR,-0.545083688875706
PORCN,-0.4831184387538232
POSTN,0.23616197635857628
POT1,0.02080241971637742
POTEA,1.1601757769973744
POTEC,-0.7117982376432326
POTEE,0.979022449418899
POTEF,-0.47990919269791465
POTEG,-0.2964614971811059
POU1F1,-0.10699401739444303
POU2AF1,-0.20051371339462687
POU2AF2,-0.5449726463970965
POU2AF3,-0.27917507496696214
POU2F1,-0.21782038800638226
POU2F2,0.46232798423334875
POU2F3,0.5358862406791611
POU3F1,0.12769492307372943
POU3F2,0.06437904934539107
POU3F3,-0.13191330688391978
POU4F1,-1.0793566049378154
POU4F2,0.19217025080147265
POU4F3,-0.6821447961184761
POU5F1B,-0.26906004091586644
POU5F2,-0.41514403966358004
POU6F1,-0.16919069689867317
POU6F2,-0.003400844571326278
PP2D1,-0.4808284678063137
PPA1,-0.11592491350175438
PPA2,-0.08240313024112833
PPAN,0.21580584305654726
PPAN-P2RY11,0.21906022036278294
PPARA,-0.05250300316689094
PPARD,0.34396147294065393
PPARG,0.052598537619122365
PPARGC1A,-0.6987241719070032
PPARGC1B,0.4322481726078058
PPAT,-0.13549457104615126
PPBP,-0.2989748988333061
PPCDC,-0.24489844329579347
PPCS,-0.1910904374285476
PPDPF,0.4032898148223296
PPDPFL,0.12056023425070284
PPEF1,0.2315489407593676
PPEF2,-0.5644226467890379
PPFIA1,0.06222343914879236
PPFIA2,-0.2691448158610088
PPFIA3,0.5282415505277722
PPFIA4,-0.32459381926904574
PPFIBP1,-0.18077765006816726
PPFIBP2,-0.6048631613153462
PPHLN1,0.026296547108642265
PPIA,0.27227735365698535
PPIAL4A,-0.30397857820259366
PPIAL4D,-0.15941009285852648
PPIAL4G,-0.2329237017324588
PPIB,-0.20659893103969296
PPIC,-0.3998761035720717
PPID,-0.2186326574849886
PPIE,-0.5189931296577581
PPIF,0.1864789729827292
PPIG,-0.18174114638102434
PPIH,-0.030505647044610118
PPIL1,-0.5269348117454244
PPIL2,-0.11669255388047217
PPIL3,0.09940963377509604
PPIL4,0.20193499916481095
PPIL6,-0.029945925507709692
PPIP5K2,-0.04250838280988134
PPL,0.5293784138171928
PPM1A,0.9342910222177108
PPM1B,0.0003897320324970366
PPM1D,-0.03394324063356002
PPM1E,-0.2999416580836811
PPM1F,-0.19791085680663723
PPM1G,-0.3251440146369857
PPM1H,0.060035495646909354
PPM1J,0.11114367548278681
PPM1K,0.07151069057027559
PPM1L,0.0014145056219723173
PPM1M,0.033347648433109
PPM1N,0.7648372806535941
PPME1,-0.06256969526534828
PPOX,-0.1753399069073378
PPP1CA,0.005592460426413037
PPP1CB,-0.08918246492684823
PPP1CC,-0.0702503481150254
PPP1R12A,-0.13179410626221166
PPP1R12B,0.08747990254986648
PPP1R12C,-0.11637529099520272
PPP1R13B,0.0
PPP1R13L,-0.018573692188997182
PPP1R14A,0.4590549887783193
PPP1R14B,0.25080946131789394
PPP1R14C,-0.1513515814444528
PPP1R14D,-0.2268572592419948
PPP1R15A,-0.054230128075547945
PPP1R15B,0.2514269038692314
PPP1R16A,0.08274167292769663
PPP1R16B,1.688960447143021
PPP1R1A,-0.3801885505779962
PPP1R1B,-0.364191670856878
PPP1R1C,-0.21226079032643552
PPP1R2,0.0765218946788
PPP1R21,-0.2083170559015528
PPP1R26,-0.05533820072105555
PPP1R27,0.21888658574593212
PPP1R2B,-1.8492671418394544
PPP1R2C,1.5192345556715128
PPP1R35,0.15307266332466662
PPP1R36,-0.7676782068578988
PPP1R37,0.052508973685037486
PPP1R3A,-0.6000510187931081
PPP1R3B,-0.166878380215162
PPP1R3C,-0.573322532598006
PPP1R3D,0.04488372861261203
PPP1R3E,-0.08120133405977992
PPP1R3F,0.3683229437801647
PPP1R3G,-0.8668352286714767
PPP1R42,-0.0943008073181706
PPP1R7,-0.11288256903627403
PPP1R8,-0.11419439712634638
PPP1R9A,-0.06835942481478563
PPP1R9B,0.249925246573512
PPP2CA,0.07377206155669302
PPP2CB,-0.1002854667783506
PPP2R1A,-0.17449895118384173
PPP2R1B,-0.08828941830494363
PPP2R2A,0.15316595086838936
PPP2R2B,0.4409413478722073
PPP2R2C,-0.491971207902327
PPP2R2D,0.2668307990507728
PPP2R3A,0.35068749024144097
PPP2R3C,-0.28189042927143504
PPP2R5A,0.02940076347698639
PPP2R5B,-0.11252924499415151
PPP2R5C,-0.10037031832282794
PPP2R5D,-0.029356793743256837
PPP2R5E,-0.11176482456273273
PPP3CA,0.09440088033387095
PPP3CB,0.10671600884711818
PPP3CC,-0.035898989240909174
PPP3R1,-0.44300752469303656
PPP3R2,0.9406714546035504
PPP4C,0.11258439464316616
PPP4R1,-0.05745026215228455
PPP4R2,-0.12988988433428617
PPP4R3A,0.14302843522726771
PPP4R3B,-0.16952526398431278
PPP4R3C,0.4795081120346918
PPP5C,-0.1128062786056172
PPP6C,-0.22852724868406682
PPP6R1,-0.03416256596444267
PPP6R2,0.09691750578516256
PPP6R3,0.22929060662029688
PPRC1,0.05472695345643963
PPT1,0.3884130408233788
PPTC7,0.29746812842562864
PPWD1,-0.33010126094690584
PPY,-0.5619901576264957
PQBP1,0.27654567924868045
PRAC1,1.5520697041971567
PRAC2,0.12343425507263839
PRADC1,-0.1973073603636193
PRAF2,-0.5385084274036154
PRAG1,0.7185042858028214
PRAM1,0.9411342608057629
PRAMEF1,0.2907125167297373
PRAMEF11,0.31631022786095464
PRAMEF12,0.033117538462126395
PRAMEF15,0.7227627953014091
PRAMEF17,0.005201776772820743
PRAMEF19,0.7494326882428681
PRAMEF2,-0.37396420503822747
PRAMEF20,-0.6493321415823214
PRAMEF4,-0.29310535861835874
PRAP1,-0.8766138765981202
PRB2,-0.3334612091330196
PRC1,-0.06738053502750052
PRCC,0.02361256014116364
PRCD,-0.7402301990437751
PRCP,-0.06585480823739531
PRDM1,0.06614316798475706
PRDM10,-0.07684885326206548
PRDM11,-0.9326667209294879
PRDM12,0.016493116207958347
PRDM13,-0.5812280646156157
PRDM14,-0.12824333050482317
PRDM15,-0.045199141631947715
PRDM16,0.8778689203366565
PRDM2,-0.07278637393764598
PRDM4,-0.014473161029839421
PRDM5,0.9966562156141392
PRDM6,-0.5015123115898446
PRDM7,-0.44196631962362876
PRDM8,-0.1903112466405581
PRDM9,-0.09687711989025471
PRDX1,0.9138570672050008
PRDX2,0.0798130484661721
PRDX3,0.1875072493396761
PRDX4,0.777949572090679
PRDX5,-0.06520788178489578
PRDX6,0.13146596623639883
PREB,-0.4354803506827345
PRELID1,-0.05715713377887921
PRELID2,-0.12058033405073854
PRELID3A,-0.17143850959378049
PRELID3B,-0.09438280280802047
PRELP,-0.287200599829884
PREP,0.15546397764444508
PREPL,-0.14467245580428845
PREX1,0.021943415948970646
PREX2,-0.6635052579653915
PRF1,0.2430701144303461
PRG2,-0.7975761158371069
PRG3,0.9857207901476494
PRG4,0.2574688478532874
PRICKLE1,0.25883771916518605
PRICKLE2,-0.20473407590832632
PRICKLE3,0.2232606197057403
PRICKLE4,-0.26340960987787265
PRIM1,-0.05115616405284351
PRIM2,0.24208911134298983
PRIMPOL,-0.21372330178057464
PRKAA1,-0.40208396808257607
PRKAA2,1.0168287636021682
PRKAB1,-0.10609507597714041
PRKAB2,-0.10539591260487002
PRKACA,0.03574214532058395
PRKACB,-0.05922432814846701
PRKACG,0.0750049996164337
PRKAG1,-0.2544732559683198
PRKAG2,-0.019641077669181328
PRKAG3,-0.859969978010546
PRKAR1A,-0.07518073001974646
PRKAR1B,-0.1427738045547433
PRKAR2A,-0.15907059871923757
PRKAR2B,-0.24623489389941078
PRKCA,0.4192641042552103
PRKCB,-0.3285370878599998
PRKCD,0.5824591904636722
PRKCE,0.23641686402892903
PRKCG,-0.40801140036967354
PRKCH,0.00411781217889548
PRKCI,-0.14563751185700413
PRKCQ,0.972895600514104
PRKCSH,0.07927443709080606
PRKCZ,0.16133310048055338
PRKD1,-0.38737670899941223
PRKD2,-0.41033041260589975
PRKD3,-0.21497441329014055
PRKDC,-0.03236786204948228
PRKG1,0.14575034687816213
PRKG2,0.24406906799398054
PRKN,-0.8133126658212348
PRKRA,0.06830872295642454
PRKRIP1,-0.09459977308897827
PRKX,-0.6221867458777595
PRL,0.9954192208436349
PRLH,-0.649361227545664
PRLHR,1.5136108968454478
PRLR,0.29299647301930065
PRM1,-0.2243796004728985
PRM2,1.9458535087456155
PRM3,0.18068684506564653
PRMT1,0.2736633314344532
PRMT2,-0.17444357982025238
PRMT3,-0.032381033238851664
PRMT5,-0.18329700071826105
PRMT6,-0.038677370016329427
PRMT7,0.13028499931156912
PRMT8,0.7902177763940565
PRMT9,0.7643447836016866
PRND,-0.1687694020970011
PRNP,0.27122475578580607
PROB1,0.7791238314967344
PROC,1.695396569465887
PROCA1,-0.11828762790577896
PROCR,0.26185283265566234
PRODH2,0.23506233361959605
PROK1,0.1127340160435395
PROK2,-0.2889199548645016
PROKR1,-0.5972278201350643
PROKR2,-0.8419287411961173
PROM1,1.1979554617280932
PROM2,1.0186188450542404
PROP1,-0.23730823102907728
PRORP,-0.28030207589631484
PROS1,-0.29147839221396143
PROSER1,-0.16719485860087158
PROSER2,0.2065532789684965
PROSER3,0.004355166786890408
PROX1,-0.7995761703164062
PROX2,0.18478702598522112
PROZ,0.05232049102236394
PRP4K,0.11247998400748571
PRPF18,-0.24804630883477907
PRPF19,-0.19346882649910135
PRPF3,0.22380441683953345
PRPF38A,-0.08063778725703319
PRPF38B,-0.10247161566325058
PRPF39,-0.0546391998067044
PRPF4,0.2417719636225062
PRPF40A,-0.07181298422949745
PRPF40B,-0.09792722727812331
PRPF6,0.004759829705829333
PRPH,-0.39060216769461903
PRPH2,0.4958695925122558
PRPS1,-0.16184315372597569
PRPS1L1,0.46770667219464857
PRPS2,-0.2800286236177183
PRPSAP1,-0.004538859183717658
PRPSAP2,-0.2751602563061337
PRR11,-0.11820467942971646
PRR12,0.17885672677517128
PRR13,0.0210935052527379
PRR14,0.2782515663813907
PRR14L,-0.10762489108439599
PRR15,0.38562700294419683
PRR15L,-0.46162407129666594
PRR16,-0.09817545140897699
PRR18,0.4466010359023949
PRR19,-0.05574673808555142
PRR20A,0.5561996227733856
PRR20C,0.5561997221927033
PRR20D,0.5412347326449174
PRR20G,1.3163344012545766
PRR22,-0.49659530900550586
PRR23A,0.06737858302135957
PRR23B,-2.0128201047991174
PRR23C,0.48470464078324693
PRR23E,0.9468838108984614
PRR29,-0.6158763600899335
PRR30,-0.022700987530974825
PRR33,0.9709672803144025
PRR35,0.2459934695729687
PRR36,-0.1936505903170576
PRR5,0.49312750778718667
PRR5-ARHGAP8,0.2969738626794173
PRR5L,0.03769760158882951
PRR7,0.7536617284134552
PRR9,-0.2770466443952707
PRRC1,-0.3226488736180815
PRRC2B,-0.18434952750625522
PRRC2C,0.023038641621011102
PRRG1,-0.268044812728347
PRRG2,0.2512905711598259
PRRG3,0.046004826992602554
PRRG4,0.2089282531055665
PRRT1B,0.5487105613262868
PRRT2,0.3563792181981249
PRRT3,0.01608853588417336
PRRT4,-0.4374904805953115
PRRX1,-0.46665540282956747
PRRX2,0.35371701003908784
PRSS12,0.723408577646078
PRSS16,-0.5449275813524022
PRSS21,-0.06986898248730378
PRSS22,-0.004733877030190348
PRSS23,0.5184865644925252
PRSS27,-0.3718883290369175
PRSS3,0.05229308532650778
PRSS33,0.16975289368915464
PRSS35,-0.28628128147518384
PRSS36,0.12155666170193197
PRSS37,0.3087559958088182
PRSS38,-0.15151000249214885
PRSS41,-0.760410668317481
PRSS48,-0.28688419420500316
PRSS50,0.18323030499096982
PRSS51,-0.4138962870479026
PRSS53,-0.19177737293477337
PRSS54,-1.4345063839404473
PRSS55,0.010621888705526938
PRSS56,-0.23906836439441817
PRSS57,-0.6996568353378532
PRSS8,-0.04833759617066047
PRTFDC1,-0.10673326432629215
PRTG,-0.11330949970908422
PRUNE1,-0.14288168692099035
PRUNE2,-0.44511100515639923
PRX,-0.6585593368838234
PRXL2A,0.8194854374840277
PRXL2C,-0.11076391840494759
PSAP,0.11890848115974784
PSAPL1,0.1417404754901106
PSAT1,-0.0545796512636505
PSCA,0.026004348406003075
PSD,0.10046534872627877
PSD2,-0.3162304543201796
PSD3,0.023704575015551788
PSD4,0.15902657004715137
PSEN1,-0.10323970752385758
PSEN2,-0.054012880491315585
PSENEN,0.31477971148479433
PSG1,-1.6399654812767985
PSG11,0.5979777124555663
PSG2,0.820110939604218
PSG3,-1.0208172528756843
PSG4,1.2787856290151352
PSG5,0.6520696606380492
PSG6,-1.1255122898429641
PSG7,-0.06426622189801878
PSG8,-0.08588097665690508
PSG9,-0.27397001663624354
PSIP1,0.019645106213501684
PSKH1,-0.01098795839332789
PSKH2,0.7695870600471302
PSMA1,0.3552508159066168
PSMA2,-0.15115322255204866
PSMA3,0.13884592695769982
PSMA4,-0.030480966400468823
PSMA5,-0.02434102085249723
PSMA6,-0.24377948594289445
PSMA7,0.14375091060065515
PSMA8,-0.9859128595500188
PSMB1,-0.045900145649959256
PSMB10,0.1447807853302132
PSMB11,-0.02867640538260636
PSMB2,-0.07840424607172558
PSMB4,-0.17032875035502748
PSMB5,-0.2338500416817828
PSMB6,-0.2335112150339178
PSMB7,0.03638891568365388
PSMC1,0.174286849086295
PSMC2,0.07894733211768645
PSMC3,-0.22575267978621838
PSMC3IP,-0.14730973844693285
PSMC4,-0.12099096918992291
PSMC5,0.003924170575095864
PSMC6,-0.13157581842769916
PSMD1,0.0
PSMD10,0.04623863597080469
PSMD11,-0.04813434386044246
PSMD12,-0.08038261193578577
PSMD13,0.09350528351544751
PSMD14,0.07917319395196998
PSMD2,0.0006018202876454382
PSMD3,-0.13542360952889787
PSMD4,-0.022464523597819586
PSMD5,-0.030953207220056456
PSMD6,0.05271602048207891
PSMD7,0.08305442329594426
PSMD8,-0.05060634488516369
PSMD9,-0.029999248737730966
PSME1,0.1860864489249403
PSME2,0.16904811762405458
PSME3,-0.20692563430669164
PSME3IP1,0.029845825059908293
PSME4,-0.05221861359945468
PSMF1,-0.25385281437404794
PSMG1,-0.11697937810861792
PSMG2,-0.24326085760671923
PSMG3,0.011329420254805544
PSMG4,0.1089486601262264
PSPC1,-0.18291833943604452
PSPH,-0.06551997436031609
PSPN,0.2673891274713607
PSRC1,-0.3336004496521503
PSTK,0.0617687513342573
PSTPIP1,0.13889714032953737
PSTPIP2,-0.09155121077658901
PTAFR,-0.08916155527343572
PTAR1,-0.3359475531449454
PTBP1,-0.037348340014222714
PTBP2,-0.2951920678252673
PTBP3,0.09630212309944408
PTCD1,-0.12540922299631285
PTCD2,0.09409706805934137
PTCD3,-0.15709787364818517
PTCH1,0.3237302842382127
PTCH2,-0.11593255054571755
PTCHD1,-0.2903920765565169
PTCHD4,0.9678738320981846
PTCRA,0.4719136429098953
PTDSS1,-0.20135479286560454
PTDSS2,-0.18236672333635884
PTEN,0.3432409609833864
PTER,-0.20538347995338535
PTF1A,-0.8697565078765723
PTGDR,-0.1513878605575545
PTGDR2,-0.351542827381182
PTGDS,0.1047930553383718
PTGER1,-0.1548598174051814
PTGER2,0.22014053702636044
PTGER3,-0.647054008073725
PTGER4,0.28013560133971804
PTGES,-0.17516163237305937
PTGES2,0.0014060540342608618
PTGES3,0.1448197158757658
PTGES3L,-0.1580889250071169
PTGES3L-AARSD1,-0.1642853793037049
PTGFR,0.13620215398863755
PTGFRN,-0.20039465424388886
PTGIR,1.3567826839058204
PTGIS,-0.5359056460909899
PTGR1,2.066533029597604
PTGR2,-0.21302921332824631
PTGR3,-0.2363642091686664
PTGS1,-0.6970807131906355
PTGS2,0.11472230571097919
PTH,-1.0585457660505182
PTH1R,0.027299956816198567
PTH2,0.0316047237660535
PTH2R,-0.6723369130541393
PTHLH,0.16453828867348952
PTK2,-0.8262498819462243
PTK2B,0.222505656204115
PTK6,0.0656547583749103
PTK7,-0.07198348407102911
PTMA,0.051353739049111446
PTMS,0.22848139776463672
PTN,1.1167942042114218
PTOV1,-0.12094271266457568
PTP4A1,-0.263852829563455
PTP4A2,0.30527001512103435
PTPA,-0.13184703786824636
PTPDC1,-0.12122010879174017
PTPMT1,-0.606426121574724
PTPN1,0.2107082857991056
PTPN11,-0.015374185445891975
PTPN12,0.1119301792687617
PTPN13,0.11178797243424388
PTPN14,0.10912443140719774
PTPN18,0.42409596707498176
PTPN2,-0.5885108059374882
PTPN20,-1.9680768259533465e-07
PTPN21,0.3622843918103259
PTPN22,-0.05927440770896375
PTPN23,-0.1485012838735864
PTPN3,1.3130910199615546
PTPN4,-0.2944564704359678
PTPN5,-0.4309564817965743
PTPN6,0.058400849402966415
PTPN7,-0.06625293819508293
PTPN9,0.021198388999062345
PTPRA,-0.02276432103037518
PTPRB,-0.5119210229110884
PTPRCAP,-0.07385882034639346
PTPRD,-0.5379930430108124
PTPRE,0.8690792040317004
PTPRF,0.5350135044240155
PTPRG,0.15530266407289117
PTPRH,-0.41539902256705036
PTPRJ,0.13310218460089995
PTPRK,0.9949269307513304
PTPRM,0.24614725798580245
PTPRN,0.8454116460362358
PTPRN2,-0.4552600465940318
PTPRO,-0.7633600185905354
PTPRQ,-0.977922167415664
PTPRR,0.08012178649286317
PTPRS,0.4748364863376651
PTPRT,1.3483143883854751
PTPRU,0.2041160001437276
PTPRZ1,0.6168070339412135
PTRH1,0.8162571848262585
PTRH2,-0.1527504349925719
PTRHD1,-0.15305135179935725
PTS,-0.16902440231023963
PTTG1,0.289918125459264
PTTG1IP,-0.31861621623238623
PTTG1IP2,0.032789472390494456
PTTG2,-0.25439226307905294
PTX3,0.37815766311190036
PTX4,-0.30526347320627667
PUDP,0.21172610199909814
PUF60,-0.08359232664235838
PUM1,-0.017277784870925572
PUM2,-0.06273564340419302
PUM3,0.24198836043436378
PURA,0.12788584320837337
PURB,0.2736873024863069
PURG,-0.20081081672543677
PUS1,0.05853099276122098
PUS10,0.014603453581946368
PUS3,0.2033201398536748
PUS7,-0.062483223113489306
PUS7L,-0.04478673354894802
PUSL1,0.029030706323220024
PVALEF,0.48429110154608135
PVR,0.684581222900068
PVRIG,0.13200181840866088
PWP1,-0.06876621905852298
PWP2,0.7376863673087386
PWWP2A,0.15228333303837482
PWWP2B,-0.27097983493747857
PWWP3A,-0.09951121564562238
PXDC1,-0.7794528567197021
PXDN,-0.879460758780884
PXDNL,0.26463548260302405
PXK,-0.12894301438627753
PXMP2,-0.1105306927702503
PXMP4,-0.12055092217567798
PXN,-0.42132961884027
PXT1,0.2935155193313843
PXYLP1,-0.09851926039159398
PYCARD,-0.40927167529144537
PYCR1,0.17323456538930893
PYCR2,-0.3902878905104652
PYDC1,0.8159190853108388
PYDC2,-0.02896536827951346
PYDC5,0.07319285619807392
PYGB,0.21712607251065075
PYGL,0.3904884588447519
PYGM,-0.18058975972764002
PYGO1,-0.7400838954559448
PYGO2,-0.1675052168903166
PYHIN1,0.9784522692659823
PYM1,-0.06560443938610305
PYROXD1,-0.2989376253256393
PYROXD2,0.12769639707122848
PYURF,-0.08810490619730649
PYY,0.4685099347281484
PZP,-0.7694734946956336
QARS1,-0.029269528904787734
QDPR,-0.3424653777508939
QKI,-0.07695925732233277
QNG1,-0.3224494121550996
QPCT,0.19304014882816345
QPCTL,0.1888053617729044
QPRT,0.37839134500319727
QRFP,0.09351879303606647
QRFPR,-1.9198343615085116
QRICH1,-0.13412180399414986
QRICH2,-0.34168530815423104
QRSL1,-0.23779675997401517
QSER1,-0.09915410409012004
QSOX1,-0.1166354483139842
QSOX2,0.49097522375748737
QTRT1,0.19928809924957136
QTRT2,-0.42982470489133373
R3HCC1,0.0007009559071287086
R3HCC1L,-0.2192954348659817
R3HDM1,-0.1430929479176717
R3HDM2,0.007328235576717468
R3HDM4,0.16577219613767857
R3HDML,0.4256276061246622
RAB10,0.00213402606847346
RAB11A,-0.39914702096786375
RAB11B,-0.12985213081302227
RAB11FIP1,0.3253173851301431
RAB11FIP2,-0.19655643253290078
RAB11FIP4,0.5589415465480181
RAB11FIP5,0.4236493515448615
RAB12,0.39536074136703014
RAB13,-0.3405156354256782
RAB14,0.38019830139353616
RAB15,-0.6360196691595248
RAB17,-0.928310869083103
RAB18,0.1340407002023838
RAB19,-0.2665619126000093
RAB1A,0.04821122465084127
RAB1B,-0.1349595984716636
RAB20,-0.3267905664504489
RAB21,0.11991261529607655
RAB22A,0.5538276052846487
RAB23,0.23766869235823984
RAB24,-0.04927097479818787
RAB25,-0.8168980139952327
RAB26,0.7847126945232699
RAB27A,-0.20317068571574382
RAB27B,-0.4867882920155915
RAB28,-0.1808759422231221
RAB29,0.1101517955554785
RAB2A,0.275900683956932
RAB2B,-0.12155299346779014
RAB30,-0.12632207877385415
RAB31,1.0979869400264166
RAB32,-0.03374561506266147
RAB33A,-0.13177263870789613
RAB33B,-0.15091019552869778
RAB34,-0.01343188777778348
RAB35,0.10701318308848684
RAB36,-1.0818300068098496
RAB37,-0.03638716732218272
RAB38,0.8794320360425684
RAB39A,-0.4379966909486393
RAB39B,0.06396714359250621
RAB3A,-0.1641305856228823
RAB3B,-0.41711224302802674
RAB3C,-1.259032496754495
RAB3D,0.11568184136288107
RAB3GAP1,0.0494696151171965
RAB3GAP2,-0.12202423904417703
RAB3IL1,-0.113412837466073
RAB3IP,-0.3307969278481293
RAB40A,-1.9680768259533465e-07
RAB40AL,1.024422488878201
RAB40B,0.15558357646475995
RAB40C,0.19313593538435425
RAB41,0.7501818596915009
RAB42,-0.0647920787152273
RAB43,-0.4224335784458413
RAB44,0.8037784168161162
RAB4A,-0.14739905310215606
RAB4B,0.09981222759158559
RAB4B-EGLN2,0.0962852468419717
RAB5A,-0.10356602828172345
RAB5B,-0.06636149056133078
RAB5C,-0.13490787757503409
RAB5IF,-0.19125226411004448
RAB6A,-0.06288457590183949
RAB6B,-0.5389790319707051
RAB6C,-0.6873510487125156
RAB6D,-1.0500844127019748
RAB7A,0.18702743845501246
RAB7B,2.1604158933783157
RAB8A,0.09089346814311483
RAB8B,0.08004438034903405
RAB9A,0.09185530844613554
RAB9B,-1.3805278637362663
RABAC1,-0.24336832196305735
RABEP1,0.12775029053606834
RABEP2,-0.05525300289629997
RABEPK,-0.23396667065996013
RABGAP1,-0.11732459769963643
RABGAP1L,-0.0196112976824514
RABGEF1,0.0677742740541305
RABGGTA,-0.18560932787699125
RABGGTB,-0.15611116813471337
RABIF,-0.04262282273814444
RABL2A,-0.09038623146338631
RABL2B,0.038219990492448286
RABL3,-0.30382685230398554
RABL6,-0.19020972069992048
RAC1,-0.046869576566849425
RAC2,-0.36492681810993266
RAC3,-0.25124286918599026
RACGAP1,-0.03653303897745602
RACK1,0.0839785932944439
RAD1,-0.14001627058137017
RAD18,-0.03571085538384278
RAD21,0.3099819064228466
RAD21L1,-0.094089444631279
RAD23A,0.21998929390930488
RAD23B,0.10577163993065497
RAD50,0.20953485809165162
RAD51,-0.0508466696554013
RAD51AP1,-0.28884576220086
RAD51AP2,0.30480571825966896
RAD51B,-0.21724760480369554
RAD51C,0.10714339369056614
RAD51D,0.09681915464242907
RAD52,-0.16210698086582287
RAD54B,-0.35069548750118207
RAD54L,-0.05932495252779679
RAD54L2,0.12496902125313047
RAD9A,0.19734500005437994
RAD9B,0.1180102991501446
RADIL,0.23093319370254073
RADX,-0.03450245362296789
RAE1,-0.07470821802835559
RAET1E,-0.003530888192805004
RAET1G,-0.18157085209926155
RAET1L,-0.12220193432171422
RAF1,-0.185872158604921
RAG1,-0.09181181198303667
RAG2,0.6524270462460817
RAI1,0.2548439506102973
RAI14,0.2888368369285801
RAI2,0.5710123277665304
RALA,0.06113934991420722
RALB,0.09236837935151865
RALBP1,0.13632213451600173
RALGAPA1,-0.1913799918753436
RALGAPA2,-0.08984644170995182
RALGAPB,-0.10928627076109221
RALGDS,-0.2138398441644611
RALGPS1,-0.37161013867076975
RALGPS2,0.061721276916947065
RALY,-0.017320698690992842
RALYL,0.4020740868844135
RAMAC,-0.057210276886394684
RAMACL,0.46566958762214106
RAMP1,-0.42566836417326537
RAMP2,-0.11968367155736281
RAMP3,-0.7280095264688912
RAN,0.2402914180304596
RANBP1,0.10157732117716023
RANBP10,-0.15530041606010903
RANBP17,-0.8015494319459053
RANBP2,-0.07456404621460777
RANBP3,-0.04226213583000771
RANBP3L,-0.6166301745385345
RANBP6,0.051091534061356025
RANBP9,0.03967707346606719
RANGAP1,0.2695553624834073
RANGRF,0.12445649665075287
RAP1A,-0.24655104545871498
RAP1B,0.10458099264883192
RAP1GAP,0.22222855940850167
RAP1GAP2,-0.07272892302865586
RAP1GDS1,-0.048271203573269084
RAP2A,-0.15663445292698963
RAP2B,0.16002166841912935
RAP2C,0.33489102698933637
RAPGEF1,0.3762966188091035
RAPGEF2,-0.2934448759709798
RAPGEF3,0.5218335434369767
RAPGEF4,-0.6831766989490224
RAPGEF5,0.07432860977924038
RAPGEF6,0.21786501290764537
RAPGEFL1,0.019227564903929517
RAPH1,0.34129309428324195
RAPSN,-0.3599773295922937
RARA,0.9282600634111922
RARB,0.22329642460347843
RARG,0.06635375283625278
RARRES1,-0.5245951454301722
RARRES2,0.09629075247099583
RARS1,-0.23533527737849758
RARS2,-0.09387317564439357
RASA1,-0.1994231450477506
RASA2,-0.12846833927517798
RASA3,0.03211074020958263
RASA4B,-0.14031230224617408
RASAL1,-1.1085063866431715
RASAL2,-0.6240028734249083
RASAL3,0.07056364748740362
RASD1,0.40833579492127847
RASD2,0.252597124737282
RASEF,0.8402500281705024
RASGEF1A,-0.014673999965209683
RASGEF1B,0.49097683819990356
RASGEF1C,0.9956791381024863
RASGRF1,0.3069889696349858
RASGRF2,0.4803137565091613
RASGRP1,0.1095169998948129
RASGRP2,-0.6863992289671752
RASGRP3,0.25931585104311106
RASGRP4,-0.40165940270867173
RASIP1,0.9108115786519064
RASL10A,-0.3995469052320228
RASL10B,-0.33563676861295944
RASL11A,-0.16664103487026427
RASL11B,0.11041256315557824
RASL12,0.13753440585859067
RASSF1,-0.026396097385146255
RASSF10,0.5090985630312961
RASSF2,-0.25914758363374424
RASSF3,-1.1436633223842354
RASSF4,0.7135975750406373
RASSF5,-0.013508285460947622
RASSF6,-0.5841906098202096
RASSF8,0.016428942806056668
RASSF9,0.4940665630566051
RAVER1,-0.016230616180730628
RAVER2,-0.8771420495341109
RAX,-0.35480574925490593
RAX2,0.7128261086652627
RB1,0.34787128425082425
RB1CC1,0.290509865595327
RBAK,-0.11689787225806603
RBAK-RBAKDN,-0.3663226916636031
RBAKDN,-0.043040573357241416
RBBP4,0.05657534338692205
RBBP5,-0.29306401961360695
RBBP6,-0.2006546234599038
RBBP7,0.27872680075733847
RBBP8,-0.008800381297350723
RBBP8NL,-0.5872833273948173
RBBP8P1,-0.9706530890158853
RBBP9,-0.26231187167108105
RBCK1,0.030016824791609054
RBFA,0.04267804163274791
RBFOX1,-0.25114483737870286
RBFOX2,-0.12073958905666604
RBFOX3,-0.22897965313711355
RBIS,-0.30793712002285645
RBKS,-0.1694054048569047
RBL1,-0.3976449100605439
RBL2,-0.08813878539616526
RBM10,0.11532528940396114
RBM11,-0.47778280895990743
RBM12,-0.02190320472548901
RBM12B,-0.02599780803701046
RBM14,0.00605930074051475
RBM14-RBM4,0.006443725765857167
RBM15,-0.16350674739313664
RBM15B,0.087876732638839
RBM17,0.18817542786771657
RBM18,-0.13625786755939018
RBM19,0.17536851563221134
RBM20,-0.42701132920676144
RBM22,0.08977044869965667
RBM23,-0.16072866232408867
RBM24,-0.019248236183585288
RBM25,0.019353073168766777
RBM26,-0.2109197603509987
RBM27,0.06930957646148705
RBM28,-0.31847869662875405
RBM3,0.2823797967259134
RBM33,-0.053960996898919866
RBM34,0.13000706892807878
RBM38,0.19978299179128634
RBM39,-0.13228740325229804
RBM4,0.09160734873587373
RBM41,0.5890508944011652
RBM42,-0.06102476374945853
RBM43,-0.04911145963759633
RBM44,-0.512992673501909
RBM45,-0.28509343271493837
RBM46,-0.3012872864116489
RBM47,0.5399373747153433
RBM48,-0.13787182733298753
RBM4B,0.007490222803954616
RBM5,-0.1622028918675058
RBM6,-0.24820982982594586
RBM7,0.034216569392119034
RBM8A,-0.09081394824457867
RBMS1,0.31572612489578156
RBMS2,-0.7784338223360722
RBMS3,0.2841795802936395
RBMX,0.06220766621637841
RBMX2,0.08119855709619994
RBMXL1,-0.0029834619658313244
RBMXL2,-0.3652979217532968
RBMXL3,0.8902010852413023
RBP1,0.3815989556314108
RBP2,-0.6783496630804109
RBP3,0.7905993262684385
RBP4,0.32396999968676776
RBP5,-0.060413643426141306
RBP7,-0.12670876936794873
RBPJ,-0.07943610150993674
RBPJL,0.18073879119164826
RBPMS,-1.128066110490343
RBPMS2,-0.7572881134946876
RBSN,-0.05216134223589375
RBX1,0.1003006795366943
RC3H1,-0.09113705422343799
RC3H2,-0.222967233209328
RCAN1,0.11819743379063663
RCAN2,0.06856512462833653
RCAN3,0.5628788227441208
RCBTB1,-0.35118034633386563
RCBTB2,-0.23358063339811164
RCC1,0.05623023151492834
RCC1L,0.1090701355945547
RCC2,0.048531644613143854
RCCD1,-0.20873168552669252
RCE1,0.2191515122619876
RCHY1,-0.1238996056645858
RCL1,-0.13142112529403782
RCN1,0.0758752717634481
RCN2,-0.0397701366314811
RCN3,-0.20078324748965992
RCOR1,1.0290569747615175
RCOR2,0.4263279801477571
RCOR3,0.319989540302676
RCSD1,-0.2255024637370111
RCVRN,-0.6749550094425119
RD3,-0.3231902537437859
RD3L,0.8144658782888177
RDH10,-0.060797223617276686
RDH11,-0.21747759391197263
RDH12,0.18444826149517812
RDH14,-0.3089016384404606
RDH16,-0.12332169705199025
RDH5,-0.13966068613874572
RDH8,0.7410378098594583
RDX,-0.050439733449458846
REC114,-1.6631736961269152
REC8,-0.0018744820614644553
RECK,-0.34048050738566604
RECQL,-0.2024262913526158
RECQL4,0.06331063517483848
RECQL5,-0.16056007228496494
REDIC1,-0.4145710154248229
REELD1,-0.04633855045377022
REEP1,-0.00949184717640375
REEP2,0.52484726091168
REEP3,-0.20312274254990292
REEP4,-0.23018039245287314
REEP5,-0.1226492760979041
REEP6,-0.05333821398137806
REG1A,-0.39699851774381123
REG1B,0.8821936127548199
REG3A,-0.5441664336125485
REG3G,0.49206460871273416
REG4,-0.024556320354089944
REL,0.5249977075833074
RELA,0.20999551937008132
RELB,-0.001736839446952132
RELCH,-0.05982066655445273
RELL1,0.06138318203765447
RELL2,-0.05491884081521903
RELN,-0.12482765929568052
RELT,-0.1785885937271683
REM1,-0.4090692096911412
REM2,0.0020211369775917642
REN,-0.4053022626364764
RENBP,0.38010717062264116
REP15,-0.6648080010716422
REPIN1,0.17010052462963987
REPS1,-0.23196492807798963
REPS2,-0.2574378994640072
RER1,-0.3099542958208428
RERE,-0.5108731417446413
RERG,-0.34871257918208604
RERGL,-0.8666357738671886
RESF1,-0.2432937665351429
RESP18,1.1253858662738294
REST,-0.2851949147986774
RET,0.3051296401207279
RETN,0.15183263703709826
RETNLB,1.0172751734813008
RETREG1,-0.1210854797108416
RETREG2,-0.11134719405676385
RETREG3,0.22042964523849395
RETSAT,-0.04043278756699742
REV1,0.02179823402323766
REV3L,-0.14547297554176541
REX1BD,-0.2619297909034968
REXO1,-0.177120174105462
REXO2,-0.25440210717556644
REXO4,-0.11924987323414715
REXO5,0.28268194539676417
RFC1,0.06539791654621041
RFC2,-0.12839907015889818
RFC3,-0.1811640764538227
RFC4,-0.03302955947005071
RFC5,-0.3680249223077191
RFESD,-0.11400387086848363
RFFL,0.1553799072336597
RFK,0.16410895046114593
RFLNA,0.1029543977519376
RFLNB,-0.12609200581340763
RFNG,-0.12694849264058217
RFPL1,-3.708157905180087e-07
RFPL2,0.29827786061879746
RFPL3,0.08465724198231704
RFPL4AL1,-0.40801065441394835
RFPL4B,-1.4183088483069017
RFT1,-0.2717320343254679
RFTN1,0.6555860277406058
RFTN2,-0.40801093115014364
RFWD3,0.1958230637707592
RFX1,-0.23859785365779018
RFX2,-0.26027634543486355
RFX3,-0.15938837596318667
RFX4,-1.2648162062530093
RFX5,-0.2454321049105408
RFX6,0.5949218720092282
RFX7,-0.12385583630093944
RFX8,0.08222704597771696
RFXANK,-0.22443881225881412
RFXAP,-0.2045277803707375
RGCC,-0.37174751076285595
RGL1,0.057969375254063316
RGL3,0.0961020740665538
RGL4,0.13444212272716827
RGMA,-1.2255934387997613
RGMB,-0.009186097478389499
RGN,-0.5208235145269768
RGP1,-0.4349870314489839
RGPD1,1.2606276502244782
RGPD2,1.2967184717930587
RGPD3,1.1266839179702668
RGPD4,-0.6756792472256976
RGPD5,-1.1071590425837416
RGPD6,0.39964111483168274
RGPD8,0.19395075224598646
RGR,1.2303452378467743
RGS1,0.35287336120243173
RGS10,-0.2120385434314045
RGS11,-0.15242346431215703
RGS12,-0.6858638833405122
RGS13,-0.6915112415227922
RGS14,-0.9540936685932988
RGS16,-0.5972051664996005
RGS17,0.08222978514182833
RGS18,0.09032041149092329
RGS19,-0.26461420274343794
RGS2,0.3384024400495149
RGS20,-0.44723686167331134
RGS21,0.09788282807428339
RGS22,0.4876216274919096
RGS3,-0.9782283744230515
RGS4,-0.5364157491375816
RGS5,-0.17752452681014796
RGS6,-0.726304890899995
RGS7,0.25491166684554134
RGS7BP,-0.7096119878218038
RGS8,-0.31145750839834974
RGS9,0.22170114248032124
RGS9BP,-0.3123835121784677
RGSL1,-0.6669388769428776
RHAG,1.2142058927085837
RHBDD1,-0.07203549580583157
RHBDD2,2.4317013326230272
RHBDD3,-0.17132053728030705
RHBDF1,0.21007421131866044
RHBDF2,0.46594406370489505
RHBDL1,0.10799874924824437
RHBDL2,-1.149159370057495
RHBDL3,-0.8662894119724812
RHBG,-0.09615614579527898
RHCE,0.27276517331712524
RHCG,0.5199296273975295
RHD,-0.13161079412704602
RHEB,0.23850562239592588
RHEBL1,0.2378938291960453
RHEX,-0.2379981365576258
RHNO1,-0.19579621132704528
RHO,0.5507523918466707
RHOA,-0.010630514971418314
RHOB,1.187258691543973
RHOBTB1,-0.27074336145382594
RHOBTB2,0.7407286750325648
RHOBTB3,-0.6116702462415211
RHOC,0.2375981790002064
RHOD,0.6849111412678655
RHOF,0.1967928309773388
RHOG,-0.07936782604008474
RHOH,-0.7269242573401655
RHOJ,0.344559135797052
RHOQ,-0.10577597423693996
RHOT1,-0.28072816163219283
RHOT2,0.11997718884392006
RHOU,-1.5335938191567662
RHOV,0.22638214919219057
RHOXF1,-0.3106611970892663
RHOXF1P3,0.013559307958837863
RHPN1,-0.22989621988201847
RHPN2,-0.28746502208580693
RIBC1,0.16797220297942372
RIBC2,-0.38675291542361623
RIC1,-0.08677420432212823
RIC3,0.44248523360442693
RIC8A,0.21574547353656381
RIC8B,-0.10009010214426173
RICTOR,0.08170277613136268
RIDA,0.019366326397236122
RIF1,-0.23892842320829555
RIGI,-0.165471286463998
RIIAD1,-0.1670214225733797
RILPL1,0.3909255562712137
RILPL2,0.29198615085105883
RIMBP2,0.7642174245403328
RIMBP3,1.8938000365712049
RIMBP3C,0.5710110485169868
RIMKLA,0.6479636846556318
RIMKLB,0.18862160145331885
RIMOC1,0.07915320081347188
RIMS1,-0.3848014128024938
RIMS2,-0.6008693583727834
RIMS3,-0.21517285814562337
RIMS4,0.332802994064615
RIN1,0.8256573893132284
RIN2,-0.6249025693617714
RIN3,0.03097730809472532
RINL,-0.4179679418208999
RINT1,-0.20521960095625102
RIOK1,-0.10353798716037588
RIOK2,0.3188477135255865
RIOK3,0.08853199774499476
RIOX1,0.0021780212284605582
RIOX2,-0.4599512479993937
RIPK1,1.4497791551762296
RIPK2,0.16841310042529312
RIPK3,-0.5138290861087635
RIPK4,0.0008756247564982722
RIPOR1,-0.24402898753630126
RIPOR2,-0.27035714314582515
RIPOR3,-1.104251852136482
RIPPLY1,-0.13215784949952902
RIPPLY2,0.32718769398997605
RIPPLY3,0.01003195664858647
RIT1,0.017767269044351774
RIT2,-0.9742060374609509
RITA1,-0.19787389887574403
RLBP1,1.0049947695110908
RLF,0.005749286606110182
RLIG1,-0.34393652515449524
RLIM,0.08120177750439872
RLN1,-0.043084532284288546
RLN2,0.7670925300554547
RLN3,-0.1726849239868986
RMC1,-0.09860626296147768
RMDN1,-0.8322863614839733
RMDN2,0.32497779024941187
RMDN3,-0.029266222643937745
RMI1,-0.1842630165831176
RMI2,0.18548304043965214
RMND1,0.055833136948121975
RMND5A,0.09612805647209477
RMND5B,-0.17119744336112808
RNASE1,0.19553798340517536
RNASE10,1.1805084510809143
RNASE11,-0.21945343893570857
RNASE12,-1.4444313919745948
RNASE13,-0.08100996438587582
RNASE2,0.8453581488444313
RNASE3,1.3020545334226297
RNASE4,-0.003104914379644441
RNASE6,1.0505776449503201
RNASE7,-0.00531994060509644
RNASE8,1.0488280217482957
RNASE9,-0.6654478595891034
RNASEH1,0.3247632945288572
RNASEH2A,0.3068299732517339
RNASEH2B,0.3155572484034135
RNASEH2C,-0.03808782402137423
RNASEK,0.13500333101683548
RNASEK-C17orf49,0.12998641141926637
RNASEL,-0.07318814274493635
RNASET2,0.3607705100461285
RND1,-0.21098152924724678
RND2,0.29199559086193005
RND3,-0.6750279939009423
RNF10,-0.09013478603698521
RNF103,-0.09270693351147852
RNF103-CHMP3,0.09645100232622639
RNF11,0.27179939645653306
RNF111,-0.6734302316675091
RNF112,0.04739537602341512
RNF113A,-0.028657793074330584
RNF113B,0.7470811996214332
RNF114,-0.01963473134908078
RNF115,-0.007756111889275719
RNF121,-0.1687497775640816
RNF122,0.23188833727117952
RNF123,-0.16690222502687346
RNF125,-0.3473753201567553
RNF126,0.336547685941599
RNF128,0.0
RNF13,-0.151605333585759
RNF130,0.4080109240090004
RNF133,-0.008992812789551774
RNF135,-0.13161877157613278
RNF138,0.06571403551964838
RNF139,0.0451138893803531
RNF14,0.25099824978367835
RNF141,-0.10686628574903878
RNF144A,-0.12320086488628279
RNF144B,0.385627373478576
RNF145,0.10890773459555181
RNF146,0.12970676942003712
RNF148,0.38653073600688015
RNF149,0.03372060968102275
RNF150,-0.4111360622975433
RNF151,0.34377764186645887
RNF152,-0.2796089017684835
RNF157,-0.030355266127912728
RNF166,0.08262537711794016
RNF167,-0.02237489221159361
RNF168,0.2353433860137284
RNF169,-0.09288419467530407
RNF17,0.3781322203633377
RNF170,-0.18509885778710444
RNF175,0.2543635871359379
RNF180,0.7598272724898553
RNF181,-0.16190459492855513
RNF182,-1.6151459624478541
RNF183,-0.5873866426763044
RNF185,-0.26849264158461894
RNF186,0.32967076413831187
RNF187,0.08320105811474487
RNF19A,0.5692337496551441
RNF19B,0.1524101545733867
RNF2,-0.3634972326044137
RNF20,0.13887778082154867
RNF207,-0.1805867123433309
RNF208,0.017937673815099586
RNF212,-0.03537742157348989
RNF212B,0.22410997422588697
RNF213,0.2113609961948386
RNF214,0.12229490297708967
RNF215,0.4083904216551937
RNF216,-0.07357943312863302
RNF217,0.2399519317959321
RNF220,-0.9903161868913309
RNF222,-0.5780882562953937
RNF223,0.03949215234006154
RNF224,0.052293177025745985
RNF225,-0.3666913848686315
RNF227,0.10543801417850363
RNF228,-0.005772650160420778
RNF24,0.46620316158563146
RNF25,0.25729199944683234
RNF26,-0.25600893801288205
RNF31,0.14639343659535875
RNF32,0.22109571276337991
RNF34,-0.06500346370945564
RNF38,-0.319258234367644
RNF4,0.2756747181953505
RNF40,-0.15260279888403439
RNF41,-0.0942560028720889
RNF43,-0.20571223757833296
RNF44,0.22664131418308386
RNF6,-0.13681894110656057
RNF7,-0.2599938980177363
RNF8,-0.14550071684746113
RNFT1,0.17680654559091202
RNFT2,-0.1085349587936637
RNGTT,-0.06716789299006631
RNLS,-0.17722463488938867
RNMT,-0.008075505919996395
RNPC3,-0.31605526565893083
RNPEP,0.2701187105088336
RNPEPL1,0.16227495833793437
RNPS1,0.3114508072310018
RO60,0.08558083245771364
ROBO1,-0.018268276433215158
ROBO2,-1.2203281650669457
ROBO3,-0.01661886537100199
ROBO4,0.770544590293579
ROCK1,0.034130107069516136
ROCK2,0.1262119971413393
ROGDI,0.1616924872991019
ROM1,-0.0746790075742183
ROMO1,-0.2126524125863174
ROPN1,0.49089132796854273
ROPN1B,0.8950099043348059
ROPN1L,0.7863948621405136
ROR1,0.686151689676219
ROR2,0.02848611281645219
RORA,-1.3903575856905315
RORB,-0.0107144605047651
RORC,0.21781243118512572
ROS1,1.3002784234864389
RP1,-0.22142814144044176
RP1L1,-0.21924434006045157
RP2,0.0417466976859564
RP9,-0.922350895033625
RPA1,-0.0854150879463691
RPA2,-0.33894532192044835
RPA3,0.30778747693465736
RPA4,0.3221482516326706
RPAIN,-0.13653942331025437
RPAP1,-0.5659796373587969
RPAP2,0.10050727776147639
RPAP3,-0.08110161462408039
RPE,-0.007319134463866561
RPE65,-0.7167683988412721
RPEL1,1.2840888211041894
RPF1,-0.2605900857546737
RPF2,0.008566396541223487
RPGR,0.2996014540614522
RPGRIP1,-0.8227951792081145
RPGRIP1L,0.0059120484427133135
RPH3A,0.2052006523112
RPIA,-0.19395822349761271
RPL10,1.9765188213643554
RPL10A,0.21109789193272022
RPL10L,-1.2433506343739518
RPL11,0.03608805381397673
RPL12,0.11310292587719495
RPL13,0.15362963465747592
RPL13A,0.3658202891642559
RPL14,-0.33110015615985766
RPL15,0.15766790344044157
RPL17,0.10192787631213918
RPL17-C18orf32,0.10222844029273226
RPL18,0.16121579601106895
RPL18A,-0.08465995990185293
RPL19,-0.001438789365066917
RPL21,-0.02383157638767308
RPL22,-0.14420463836262942
RPL22L1,-0.1620903511130427
RPL23,0.06426814106105283
RPL23A,0.027930446994666625
RPL24,0.3970593420910462
RPL26,-0.08614607424365239
RPL26L1,0.4066131048617039
RPL27,0.028958830921935075
RPL27A,0.05555068443631228
RPL28,-0.10290618667493145
RPL29,0.26082365042439637
RPL3,0.14181783514235358
RPL30,0.015724771688562456
RPL31,0.02010960398582462
RPL32,0.04343439505133162
RPL34,-0.1108211815427711
RPL35,-0.03177286942077995
RPL35A,-0.07820702616264619
RPL36,0.416449517708148
RPL36A,-0.06628028377017703
RPL36A-HNRNPH2,-0.027569876132253146
RPL36AL,0.20355555251846624
RPL37,0.39969292864885997
RPL37A,-0.04463113797263851
RPL38,-0.04627053654587732
RPL39,0.04031850489740396
RPL39L,1.2160910149938085
RPL3L,0.1459412625078571
RPL4,-0.9515167622708836
RPL41,-0.018969663440771
RPL5,0.08843173715217922
RPL6,-0.016838993441854022
RPL7,-0.07210038686404374
RPL7A,0.09788225144353824
RPL7L1,-0.16377231963682037
RPL8,0.09287870878643911
RPL9,0.10311209734578597
RPLP0,0.09414722699723566
RPLP1,0.2059228311998078
RPLP2,-0.2451969260604452
RPN1,-0.21071598039851125
RPN2,-0.10040901359072407
RPP14,-0.17428123312482047
RPP25,0.13665382308491664
RPP25L,0.053284054991999064
RPP30,-0.2599103994987584
RPP38,-0.27628523701023155
RPP40,-0.05427104084042211
RPRD1A,-0.03816523304531705
RPRD1B,-0.14535408080297785
RPRD2,0.037261419521162686
RPRM,0.24211956873771898
RPRML,-0.6123965744769697
RPS10,0.0753863014280336
RPS10-NUDT3,0.0759055617798654
RPS11,0.03324725450708943
RPS12,0.1953257364772245
RPS13,-0.09674216589109452
RPS14,0.12765598684064594
RPS15,0.09953317813371143
RPS15A,0.10016604500834347
RPS16,0.0642298148092788
RPS17,0.6554665189253623
RPS19,0.07156432900891563
RPS19BP1,-0.2445185595810191
RPS2,0.2638855122177004
RPS20,-0.10149359872879016
RPS21,0.06220744089506347
RPS23,-0.02192910610994714
RPS24,-0.019350216750903204
RPS25,-0.034537312326690994
RPS26,-0.1550140452655726
RPS27,-0.000788528800327537
RPS27A,-0.21678985320279498
RPS27L,0.33023924768126856
RPS28,0.23385623795571586
RPS29,-0.011755428134764045
RPS3,0.12748990990098985
RPS3A,0.06296314604640596
RPS4X,0.13476588658078548
RPS4Y1,0.004709234828541131
RPS4Y2,0.15362021809532012
RPS5,-0.11389856240791385
RPS6,0.17630601427013248
RPS6KA1,0.36775930518478983
RPS6KA2,0.4704462496976407
RPS6KA3,0.21435819348910679
RPS6KA4,-0.07428456737189659
RPS6KA5,-0.14984222228254662
RPS6KA6,0.7259551134444155
RPS6KB1,-0.36104504168897567
RPS6KB2,0.013753551185567758
RPS6KC1,0.14037574769405436
RPS6KL1,0.7180195418126901
RPS7,0.23054240681697546
RPS8,0.19333425698000184
RPSA,-0.08394538435359067
RPSA2,0.1615454621071697
RPTN,-0.016730594006017063
RPTOR,-0.08580933907170119
RPUSD1,0.05828112213981207
RPUSD2,0.057580522942688894
RPUSD3,-0.1656683591859509
RPUSD4,0.2050058791668361
RRAD,0.3159083722403559
RRAGA,-0.08320528646768022
RRAGB,0.27834541675673685
RRAGC,-0.09242980305775372
RRAGD,-0.4253151448872652
RRAS,0.21786837781480095
RRAS2,-0.26712169196499613
RRBP1,0.3336518442458436
RREB1,0.2813165056479692
RRH,-0.407709479698682
RRM1,-0.06706917287744041
RRM2,0.008463098184127382
RRM2B,-0.03607592558941786
RRP1,0.28859592349498264
RRP12,0.00019080746902133683
RRP15,-0.25833685420758545
RRP1B,-0.021633754764237345
RRP36,0.16236823300440495
RRP7A,-0.02615733404130749
RRP8,-0.1279301009056848
RRP9,-0.16208023685560846
RRS1,-0.141264600499587
RS1,0.4143278173722309
RSAD1,-0.08249198103881428
RSAD2,-0.5704412667047583
RSBN1,0.27041282715623893
RSBN1L,0.06781874841334723
RSC1A1,0.280342443431345
RSF1,-0.026406129307149584
RSKR,-0.5022951972263143
RSL1D1,0.06244407739512514
RSL24D1,-0.007212463630808408
RSPH1,0.47511912776090925
RSPH10B2,-0.06263804634641179
RSPH14,-1.2373217071736045
RSPH3,0.4568305453999755
RSPH4A,-0.643194647383901
RSPH6A,-0.1544851654322157
RSPH9,-0.2465752068583068
RSPO1,-0.4789741263880588
RSPO2,0.46472795798165323
RSPO3,0.10695051458805627
RSPO4,-1.2782429990982282
RSPRY1,0.029225465363890812
RSRC1,-0.2758682665544132
RSRC2,-0.1396072026573627
RSRP1,0.31373567053430307
RSU1,0.2611569217202021
RTBDN,0.3945709229545399
RTCA,-0.0007223304585535217
RTCB,-0.21121260400522557
RTEL1,0.05956356964160303
RTEL1-TNFRSF6B,0.0373427759282583
RTF1,0.2951979014551439
RTF2,0.09198219399985064
RTKN,0.04906461027810845
RTKN2,-0.38678508505965503
RTL1,0.48972795869633456
RTL10,-0.0505742395176938
RTL3,0.6158799076647242
RTL4,0.06822457861707365
RTL5,0.7094173765721685
RTL6,0.02788266183117738
RTL8A,0.04681113214354182
RTL8B,0.8857944375718088
RTL8C,-0.016406217511535814
RTL9,-0.2326842345183353
RTN1,-0.6005990088117148
RTN2,0.3534132460844679
RTN3,-0.06755879112920837
RTN4,-0.04127643733825265
RTN4IP1,-0.24335561343314271
RTN4R,-0.47447533954138466
RTN4RL1,-0.008454382226316226
RTN4RL2,-0.06080801148982595
RTP1,-0.30868826954976425
RTP2,-0.41985089625714367
RTP3,0.35357416861070634
RTP4,-0.05211418140283269
RTRAF,-0.23484505520323395
RTTN,-0.09006239329658783
RUBCN,-0.07043045664844305
RUBCNL,0.8873215266368435
RUFY1,0.07180347598333148
RUFY2,-0.12374831060754277
RUFY3,0.07566954911500945
RUFY4,0.06974443866180591
RUNDC1,-0.16600929430701017
RUNDC3A,0.474870719957251
RUNDC3B,-0.12989112298497862
RUNX1,-0.0420104514685824
RUNX1T1,0.1714254792581229
RUNX2,1.76987306343167
RUNX3,0.39377138989169325
RUSC1,-0.4034765511969769
RUSC2,0.6726084840624417
RUSF1,-0.030171910092876786
RUVBL1,0.12513283765216698
RUVBL2,0.09019982392866588
RWDD1,-0.10106557343073685
RWDD2A,-0.06498369533135406
RWDD2B,0.07749979526399464
RWDD3,-0.2096358765534041
RWDD4,0.019836405768679732
RXFP1,-0.1402435733633971
RXFP2,-0.8100319187715888
RXFP4,0.28510069391348836
RXRA,0.9928324831236921
RXRG,0.7118921664031017
RXYLT1,-0.21586046429706762
RYBP,0.4498956493295303
RYK,0.3317845680373024
RYR1,0.9097878328520387
RYR2,0.28541723020038945
RYR3,-0.44995565952085637
S100A1,0.0
S100A10,0.1972601227573682
S100A11,0.4759545864300452
S100A12,0.30479700149960487
S100A13,0.08691241260419602
S100A14,0.12334866291487856
S100A16,-0.5643714211945184
S100A2,1.1153098961088839
S100A3,0.15398042104432252
S100A4,0.35476761171458737
S100A5,0.4141199656567409
S100A6,0.15657983196356628
S100A7,0.12032955663392186
S100A7A,0.3809003131988143
S100A8,-0.259448611062138
S100A9,-0.3945286147190843
S100B,-0.051682977478588465
S100G,0.7405205957178
S100P,0.5118547434302487
S100PBP,-0.017461966611481472
S100Z,-0.8697823471200317
S1PR1,0.22435844090136214
S1PR2,0.10302872926957152
S1PR3,0.7926746510315088
S1PR4,-0.12191009455212032
S1PR5,0.19635729241892405
SAA1,-0.2546602353218619
SAA2,0.0009660477366040254
SAA2-SAA4,-0.01005400876756335
SAA4,0.027443981045883747
SAAL1,-0.11058423526688399
SAC3D1,-0.09148519423175383
SACM1L,-0.0330489167116399
SACS,0.3681581392327371
SAE1,0.13380911470615953
SAFB,0.12422481960851695
SAFB2,0.13352072756660682
SAG,-0.3577248570679137
SAGE1,0.07223858188285437
SALL1,0.6311675893055304
SALL2,0.6900995738324773
SALL4,0.007499011352409823
SAMD1,0.11182495417302718
SAMD10,0.017189298182417545
SAMD11,-0.5185873023469237
SAMD12,-0.23495959593141746
SAMD13,-0.5189182483881278
SAMD14,0.05578806683200499
SAMD15,-0.422788198153075
SAMD3,-1.1329072804900169
SAMD4A,-0.43268398148262033
SAMD4B,0.02023085485601861
SAMD5,-0.7161879673873017
SAMD7,-0.8429333579131191
SAMD8,0.20515970206724665
SAMD9,-0.3104641677763411
SAMD9L,0.38641518571175393
SAMHD1,-0.27867094797925684
SAMM50,0.12494243225743862
SAMSN1,1.0032514778872246
SAMTOR,-0.45861539688929964
SANBR,-0.44233078352411814
SAP130,-0.16455951160330784
SAP18,-0.10984128075439337
SAP25,0.40153233579994696
SAP30,0.035766258416788155
SAP30BP,-0.15973977522545102
SAP30L,0.006856060603269043
SAPCD2,-0.002610543019637479
SAR1A,0.21405241237653483
SAR1B,-0.0990301310119559
SARAF,0.04347008098851646
SARDH,-0.3265488326478889
SARM1,-0.2110137709541955
SARNP,-0.16224976162399152
SARS1,-0.09027229294817385
SARS2,-0.003726739694524639
SART1,-0.09973379383002445
SART3,0.055772773663040454
SASH1,0.5740027640868759
SASH3,0.17619664815060343
SASS6,-0.32829999580965286
SAT1,0.12991141321206934
SAT2,-0.0931382308250206
SATB1,-0.8951563335593422
SATB2,0.06444581760054857
SATL1,0.0
SAV1,0.021246394645261013
SAXO1,-0.08439510839919606
SAXO2,1.0910356139508397
SAXO3,-0.5773016737625494
SAXO4,0.12614923716154666
SAXO5,-0.4487161814244831
SAYSD1,-0.04374155891599418
SBDS,0.21722788213828625
SBF1,0.01340343892298157
SBF2,0.13972808878969573
SBK1,0.1034814966619273
SBK2,0.035713751235848384
SBK3,0.4012998594960691
SBNO1,-0.2774546289991946
SBNO2,0.19905829380955842
SBSN,-0.16163659607197434
SBSPON,-1.3481332721579058
SC5D,-0.2629180843481693
SCAF1,0.1167320062077204
SCAF11,-0.021750857289252856
SCAF4,0.10911947468203298
SCAF8,-0.05661917411090833
SCAI,-0.038358885326058356
SCAMP1,-0.29339073673588345
SCAMP2,-0.011360946887056578
SCAMP4,-0.025629617207589828
SCAMP5,-0.5592744294588392
SCAND1,0.13413898096331034
SCAP,-0.09127662590444796
SCAPER,-0.2551695517821839
SCARA3,0.5293297899748813
SCARA5,-0.15524426734410907
SCARB1,0.39298235571177126
SCARB2,-0.5783420802771875
SCARF2,0.1228885790686434
SCART1,-0.589132411679255
SCCPDH,-0.13365262601570738
SCD,-0.0470963764185397
SCD5,0.5236770105333518
SCEL,-0.0696435895121639
SCFD1,-0.17640267910826246
SCFD2,0.005488943834737636
SCG2,-0.25743774567543687
SCG3,-1.3483473644698356
SCGB1A1,0.8410423503675202
SCGB1C1,-0.39613153725948674
SCGB1D1,-0.3836267803837973
SCGB1D2,0.7127485733759644
SCGB1D4,-0.4412282940826252
SCGB2A1,0.06808683153916784
SCGB2A2,-0.9408008963432773
SCGB2B2,0.16466697969065613
SCGB3A1,0.7441250064862439
SCGB3A2,1.2990300589033257
SCGN,-0.6784938457106713
SCHIP1,-0.6654483045683381
SCIMP,0.13342254226554862
SCIN,0.26914488655832525
SCLT1,-0.016308287389416698
SCLY,-0.07998518956248102
SCMH1,-0.8741735884545654
SCML4,-1.0260946233170614
SCN10A,-0.06248419013197126
SCN11A,-0.33781871127393703
SCN1A,-0.5863284100038989
SCN1B,0.598789126409343
SCN2A,-0.09939820440566098
SCN2B,0.7981995902891165
SCN3A,-0.6655235163656438
SCN3B,0.8777978266401294
SCN4A,0.08369723347348965
SCN4B,-0.0824158003040305
SCN5A,-0.5147562092870999
SCN7A,-0.1582013750172011
SCN8A,-0.27214565413799097
SCN9A,-0.2408525537213806
SCNM1,-0.21191034725774038
SCNN1A,0.16783843101272325
SCNN1B,0.35096455640602375
SCNN1D,-0.29525849445220653
SCNN1G,-0.3796023501784449
SCO1,-0.322386325008142
SCO2,0.2561825148275094
SCOC,0.1837835120300534
SCP2,-0.09460521168490665
SCP2D1,0.6659121085930959
SCPEP1,0.24098715153201278
SCPPPQ1,-0.21037904748562786
SCRG1,-0.19444796294023736
SCRN1,-0.654299793099252
SCRN2,-0.11630345314772228
SCRN3,-0.45097542348170117
SCRT1,0.3183032709699516
SCRT2,-0.029639938324012127
SCTR,-1.3180694580046182
SCUBE1,-0.20229257779283927
SCUBE2,0.33664998351356346
SCUBE3,1.2352638133289933
SCX,-0.14391629902325986
SCYGR1,0.19357875479561026
SCYGR10,-0.38853534995951594
SCYGR2,-0.007237842652215831
SCYGR3,-0.06750196153108778
SCYGR4,0.23093306725027918
SCYGR5,-0.3161295757460114
SCYGR6,-0.04310261104155222
SCYGR7,-1.07106013424667
SCYGR8,-0.3970473789841783
SCYL1,0.005592097261801321
SCYL2,-0.17141311657332103
SCYL3,-0.04082290062914762
SDAD1,-0.22922825366947563
SDC1,0.6209316250883018
SDC2,-0.33657670804617323
SDC3,0.5648883385267729
SDC4,0.13535766861260345
SDCBP,-0.17781141583527038
SDCBP2,-0.552283345927874
SDE2,-0.15506353714931365
SDF2,-0.10899265346634479
SDF2L1,-0.10996785750162452
SDF4,0.27865038588479685
SDHA,-0.08829939904699291
SDHAF1,-0.11024131232039514
SDHAF2,-0.13075994218132792
SDHAF3,-0.2921742548417714
SDHAF4,0.09432204836444757
SDHB,0.3366316249677017
SDHC,-0.027490173244196114
SDHD,0.19417875249269478
SDK1,0.33826107839363284
SDK2,-0.3221018233495885
SDR16C5,-0.5492459152658334
SDR39U1,0.13173798286270877
SDR42E1,0.7372885383953034
SDR42E2,-0.9872038693818074
SDR9C7,0.09225265111478076
SDS,0.29026819910815127
SDSL,1.6308195480108643
SEBOX,-0.22681094931445256
SEC11A,-0.21806648578076437
SEC11C,0.05131572060103018
SEC13,-0.1241297908398229
SEC14L1,0.14800785277915285
SEC14L2,-0.39545654808176156
SEC14L3,-0.7627188918596601
SEC14L4,-0.9706052602022275
SEC14L5,0.052646571706342626
SEC14L6,0.16593284974845213
SEC16A,0.24093271597729427
SEC16B,-0.7613653732423691
SEC22A,-0.3127951027199978
SEC22B,-0.026997847192549607
SEC22C,-0.273919840252451
SEC23A,0.02823702044503623
SEC23B,-0.08604498801572724
SEC23IP,-0.26356344155230627
SEC24A,-0.08665559766530162
SEC24B,-0.13762739882633568
SEC24C,-0.23903753111189996
SEC24D,-0.3057289907873799
SEC31A,0.3088911333721063
SEC31B,0.09359521191202069
SEC61A1,0.026163054417487785
SEC61A2,-0.04049152005210921
SEC61B,0.2058610648135879
SEC61G,-0.22233501994662452
SEC62,-0.0859465763278715
SEC63,0.12683543586165058
SECISBP2,0.21849268540751243
SECISBP2L,-0.17284533491397447
SECTM1,-0.0715173410877229
SEH1L,0.45008246096857096
SEL1L,-0.2968030137574522
SEL1L2,0.38574087903945053
SEL1L3,1.9619301786683798
SELE,-0.49948159499874567
SELENBP1,-0.40146634968264905
SELENOF,-0.12369848536556471
SELENOH,-0.04100193772190863
SELENOI,0.619960596281647
SELENOK,0.15961133485994417
SELENOM,0.6544364485689278
SELENON,0.4969906965708347
SELENOO,-0.3368243540465303
SELENOP,0.6128363776167446
SELENOS,-0.27837979743522023
SELENOT,-0.1755270586925377
SELENOV,0.2314897238020874
SELENOW,-0.03291736767846842
SELL,-0.5555966648779262
SELP,-0.5995164763130328
SELPLG,-0.11400600661747173
SEM1,-0.11734220028484321
SEMA3A,-1.1701782833645376
SEMA3B,-0.5021171715358735
SEMA3C,0.6373228175562631
SEMA3D,-0.16902533860622482
SEMA3E,-0.5629429157695192
SEMA3F,-0.13695495455388296
SEMA3G,-0.42040032184149334
SEMA4A,0.3721498587828207
SEMA4B,0.8617517425151837
SEMA4C,0.21227962976767412
SEMA4D,0.1209025866132869
SEMA4F,-0.2772878623109385
SEMA4G,-0.3148166516938714
SEMA5A,-0.24540970116676797
SEMA5B,-0.1468948072824674
SEMA6A,0.1959780543587042
SEMA6B,-0.4215554030320626
SEMA6C,-0.6768344913184645
SEMA6D,1.0271285683446636
SEMA7A,-0.124665444483256
SEMG1,-0.8487586220121996
SEMG2,1.877210503218129
SENP1,-0.30394089019814885
SENP2,0.6339389118991671
SENP3,0.328469302719788
SENP3-EIF4A1,0.3672119980041928
SENP5,0.014403777793518202
SENP6,-0.12580791339953823
SENP7,0.004092164065140569
SENP8,1.144682982880675
SEPHS1,0.3979533197920433
SEPHS2,0.20144170785703075
SEPSECS,-0.17497740429614428
SEPTIN1,0.09739871340682305
SEPTIN10,-0.08705809203066206
SEPTIN11,0.1587203250928635
SEPTIN12,0.19482101021757894
SEPTIN14,-1.3811194338759363
SEPTIN2,0.0
SEPTIN3,-0.009179720342640474
SEPTIN4,-1.2346107053662219
SEPTIN5,0.5402463328772793
SEPTIN6,0.08184311591250193
SEPTIN7,-0.09368407773389187
SEPTIN8,-0.8883894768908948
SERAC1,0.09779865687022182
SERBP1,-0.23721390628648464
SERF2,-0.440454819836523
SERGEF,-0.2818724276397129
SERHL2,-0.40619327263496363
SERINC1,0.10677768242937535
SERINC2,-0.9134842489982851
SERINC3,-0.13785477188116424
SERINC4,0.2980587221628488
SERINC5,-0.06700989927284029
SERP1,-0.2038928491498364
SERP2,0.5660378468717305
SERPINA11,1.5303159297145188
SERPINA12,-0.37618748076694475
SERPINA3,-0.9380078363501498
SERPINA4,-0.15917504477517008
SERPINA5,-0.1591748469608698
SERPINA7,0.7257066543384854
SERPINA9,-0.09654625932411265
SERPINB1,1.76446398219552
SERPINB10,1.3252397213974367
SERPINB11,0.38562759944708747
SERPINB12,0.7378171333233952
SERPINB13,1.1564513182729468
SERPINB2,0.014812111523879512
SERPINB3,0.7990276090455852
SERPINB4,0.17986189929775742
SERPINB5,0.24524725535671954
SERPINB6,0.39686296420855527
SERPINB7,-0.716767017025953
SERPINB8,0.3705872700306547
SERPINB9,0.28836051618083225
SERPINC1,0.13987088515361884
SERPIND1,-0.6870839713371218
SERPINE1,0.28968661788325173
SERPINE2,-0.11431762225745579
SERPINE3,0.28627546176920315
SERPINF2,0.903794689907913
SERPING1,0.16179146094800223
SERPINH1,-0.10578200099028301
SERPINI1,-0.25062966818058996
SERPINI2,-1.4130254112948433
SERTAD1,0.23827194096258753
SERTAD2,0.3612321246059693
SERTAD3,0.10827323035824499
SERTAD4,-0.19047126385760693
SERTM1,-0.667105579325684
SERTM2,7.872307299372494e-07
SESN1,0.02677282167008599
SESN2,-0.0624425970295599
SESN3,0.32209755526315487
SESTD1,-0.0793252896995309
SET,0.025353138717354895
SETBP1,0.37961477447904046
SETD1A,-0.1890845822625029
SETD1B,0.32562187876723314
SETD2,0.14242700766483463
SETD3,0.12254891430103587
SETD4,1.0200750457216454
SETD5,0.04527588759064738
SETD6,-0.10559691406928806
SETD7,-0.14379547010447546
SETD9,-0.25424886076585684
SETDB1,0.0257233036819553
SETDB2,0.23039838046673244
SETMAR,-0.15294089734144345
SETSIP,1.376734544392561
SETX,0.18007917147134567
SEZ6,-0.22163904801866652
SEZ6L,-0.5027656267253615
SEZ6L2,-0.22904436314833476
SF1,0.028986698220558438
SF3A1,-0.21837746552256831
SF3A2,0.05886887228718063
SF3A3,0.00688389588700522
SF3B1,-0.14237904222016962
SF3B2,0.06480424203781343
SF3B3,0.20814076930114211
SF3B4,-0.1559255193761908
SF3B5,-0.21518157754185818
SF3B6,-0.21928954320359484
SFI1,-0.031933944271652415
SFMBT1,-0.11107936981654198
SFMBT2,-0.22811857950411674
SFN,0.10927228219883656
SFPQ,0.07941185908194637
SFR1,-0.16052938979818432
SFRP1,0.31695149057767025
SFRP2,1.0489124011448179
SFRP4,-0.5460580128971011
SFRP5,0.03223373630311008
SFSWAP,-0.057476870696677285
SFT2D1,0.002438214904612046
SFT2D2,-0.05127751587966234
SFT2D3,0.1124625785507769
SFTA3,-0.3403609926250726
SFTPA1,1.0530608619406023
SFTPA2,0.5111700963819534
SFTPB,-0.7914737451681781
SFTPC,-0.6517856510521741
SFTPD,1.2531113005674195
SFXN1,0.6225816491910237
SFXN2,0.07331083799379101
SFXN3,-0.050079219145588105
SFXN4,-0.3655311510615151
SFXN5,-0.44008599068562526
SGCA,1.1385580676254208
SGCB,0.015417544700847552
SGCD,0.21110934395701797
SGCE,0.2520605396648059
SGCG,-0.8330244225867323
SGCZ,0.5675658338119163
SGF29,-0.04585907002254519
SGIP1,-0.8128069032612979
SGK1,-0.2884891098145006
SGK2,0.2182179457495126
SGK3,-0.49034952630014006
SGMS1,-0.14411086020900488
SGMS2,-0.4209904036584091
SGO1,-0.22717565519257032
SGO2,-0.16674133420179915
SGPL1,-0.08358874962744922
SGPP1,-0.31162669634530227
SGPP2,1.7497748829973605
SGSH,-0.06709301987693772
SGSM1,1.1924942225759936
SGSM2,-0.08062012544682862
SGSM3,-0.2818331670840948
SGTA,0.04038611783607049
SGTB,-0.11921242718549818
SH2B1,0.2424499397502462
SH2B2,0.015371343308726804
SH2B3,0.48073435028145317
SH2D1A,-0.3682083610164264
SH2D1B,0.6153794543348117
SH2D2A,1.205949254274223
SH2D3A,-0.018310586001295537
SH2D3C,-0.36156036372315115
SH2D4A,-0.9810976802851439
SH2D4B,0.026641804375772793
SH2D5,-0.07976493688962316
SH2D6,-0.21324382082303028
SH2D7,0.07889139260767175
SH3BGR,-0.10806773259602975
SH3BGRL,0.19741530341001345
SH3BGRL2,1.7591504257386017
SH3BGRL3,0.2720463653159264
SH3BP1,0.022851380137097976
SH3BP2,-0.0727704646747882
SH3BP4,0.08739331494690639
SH3BP5,-0.22028819296313773
SH3BP5L,0.11890786584721358
SH3D19,0.1425193292045095
SH3D21,0.12250814895319007
SH3GL1,0.06158045058898143
SH3GL2,0.7077736627432993
SH3GL3,-0.2737977690279618
SH3GLB1,-0.08864724792603607
SH3GLB2,0.08051254794693818
SH3KBP1,0.7330981872892883
SH3PXD2A,1.00026941504576
SH3PXD2B,-0.7848701462737091
SH3RF1,-0.8823788708740967
SH3RF2,0.4385957915715588
SH3RF3,0.62868229346665
SH3TC1,0.014387547108241472
SH3TC2,-0.5761732601174843
SH3YL1,0.013151607058266457
SHANK1,-0.37356423213385836
SHANK2,0.7257071646507498
SHANK3,-0.676901111753032
SHARPIN,-0.3673774808435244
SHB,0.05366643229630563
SHBG,0.1623739207109658
SHC1,0.06071419429417446
SHC2,0.35409883937750464
SHC3,-0.05898935666750038
SHC4,0.3443199651622111
SHCBP1,-0.17581393916722377
SHCBP1L,0.42659286109945116
SHD,0.22754581014442263
SHE,0.010085964250589718
SHF,0.20907993304064654
SHFL,0.21246740422931376
SHH,0.7392779435937954
SHISA2,-0.20696713177734982
SHISA3,0.408010387767344
SHISA4,-0.43479702271311277
SHISA5,0.26772796507585345
SHISA6,0.6252317399635877
SHISA7,0.4785320901836958
SHISA8,-0.6239602135960871
SHISA9,0.02261106472000929
SHISAL1,0.6616300861439652
SHISAL2A,-0.2683330831149049
SHISAL2B,-1.0584108911192924
SHKBP1,0.17980473284252385
SHLD1,0.25779696001038865
SHLD2,-0.01646555518712045
SHLD3,-0.24477096367117834
SHMT1,-0.28130141655625795
SHMT2,-0.048459491454267756
SHOC1,5.19142080435131e-07
SHOC2,0.07106862315507989
SHOX,0.2742469703043051
SHOX2,-0.27641149350236516
SHPK,0.325475797336658
SHPRH,-0.19750341272693905
SHQ1,-0.5402631131908644
SHROOM1,0.19807318465071555
SHROOM2,0.29244380959424987
SHROOM3,-0.7541396217457261
SHROOM4,0.7077733464354465
SHTN1,0.14591891105529875
SI,-0.385628214755374
SIAE,-0.1618464801064028
SIAH1,0.1460372406571946
SIAH2,0.35737473715441403
SIAH3,-0.29663838213097904
SIDT1,-0.15751924543266727
SIDT2,-0.08176137450341914
SIGIRR,0.1462159618605596
SIGLEC1,-0.30595743023105165
SIGLEC10,0.9442327892099501
SIGLEC11,0.8328564199255271
SIGLEC12,0.42466287956487503
SIGLEC14,-0.01372651015962445
SIGLEC15,-0.7087930877372782
SIGLEC16,0.8841566547821991
SIGLEC5,-0.5701206099413247
SIGLEC6,-0.6676159022269856
SIGLEC7,-0.6345753622307182
SIGLEC8,0.18449110592289508
SIGLEC9,-0.25731678823863213
SIGLECL1,0.6116673841796174
SIGMAR1,-0.10303978336362984
SIK1,0.541234355935047
SIK2,-0.2684227863776867
SIK3,0.15741019771119102
SIKE1,-0.11448028178233605
SIL1,0.13321356339585222
SIM1,-0.11613696910154359
SIM2,-1.203461455343366
SIN3A,0.2153355893682969
SIN3B,0.16141650761799653
SIPA1,-0.2520684598183647
SIPA1L1,0.37545796440754486
SIPA1L2,0.3468348326516397
SIPA1L3,-0.6402762692087389
SIRPA,0.5492089087922687
SIRPB1,-1.456830558709126
SIRPB2,0.10671632796112673
SIRPD,-0.5658005043217538
SIRPG,-0.39686165380869154
SIRT1,-0.11777815217912257
SIRT2,-0.029420501912058583
SIRT3,0.09449112240061863
SIRT4,0.37926533528309125
SIRT5,-0.14824259634814752
SIRT6,0.1380488095715089
SIRT7,0.6043086516750689
SIT1,0.007835302215974504
SIVA1,0.15262894831397844
SIX1,0.16831502631442863
SIX2,0.8908045784959221
SIX3,0.024092202513935845
SIX4,-0.4262694847236004
SIX5,0.2816479340463651
SIX6,-0.08042918813948574
SKA2,-0.1075626338145863
SKA3,-0.15393415596060755
SKAP1,-0.5760012387449409
SKAP2,1.5776091584570548
SKI,-0.014156846483960983
SKIC3,0.13309407555166342
SKIC8,-0.14485070525890897
SKIDA1,-0.19787856347409338
SKIL,0.0498914458884574
SKOR1,0.5092473954125549
SKOR2,0.5204337846747622
SKP1,-0.08664752052283209
SKP2,0.0469068923830509
SLA,0.0902500136506339
SLA2,-0.8313216488899593
SLAIN1,-0.2736976472531607
SLAIN2,0.008314078625937249
SLAMF1,1.4311846154294499
SLAMF6,-1.3141491547738138
SLAMF7,-0.16801499446052315
SLAMF8,-0.13987414087016714
SLAMF9,-0.7294451633373912
SLBP,0.031215503009941692
SLC10A1,-0.28300436410500096
SLC10A2,0.812982525222087
SLC10A3,0.21579792670949027
SLC10A4,0.10442817225829026
SLC10A5,-0.8055749586750806
SLC10A6,-0.47628866809370196
SLC10A7,0.15138765252175634
SLC11A1,0.10148952296702318
SLC11A2,0.2241728300567407
SLC12A1,0.02322176255268804
SLC12A2,-0.10041698897469331
SLC12A3,-0.28700130970473337
SLC12A4,0.00710221782481435
SLC12A5,-0.20247263696336804
SLC12A6,-0.0588331118466181
SLC12A8,0.03745818472096449
SLC12A9,0.17721519282328924
SLC13A1,-0.4295697290279921
SLC13A2,-0.39580370118092406
SLC13A3,-0.1027704006864425
SLC13A4,-0.25926357206292616
SLC13A5,-0.27372628342517796
SLC14A1,0.4865483214035815
SLC14A2,-0.5950889623074038
SLC15A1,-0.11627708682512924
SLC15A2,-0.5683257158466739
SLC15A3,-0.49396513710454565
SLC15A4,0.11454743667263756
SLC15A5,-0.19740523495541784
SLC16A1,-0.04775400671929031
SLC16A10,-0.04523364021094878
SLC16A11,0.20089762425922558
SLC16A12,0.21896925293763764
SLC16A13,-0.031857504378455914
SLC16A14,-0.17061113635182656
SLC16A2,-0.8864801984817581
SLC16A3,0.34013139607132015
SLC16A4,0.12634814252897258
SLC16A5,-0.23481738966676552
SLC16A6,-0.12091992186640521
SLC16A7,-0.41461224140901987
SLC16A8,0.011605860209157215
SLC16A9,-0.14620825185148534
SLC17A1,-0.8787865801069141
SLC17A2,0.2715852615802561
SLC17A3,-0.3311214404444578
SLC17A4,-0.8274396823099985
SLC17A5,-0.2175965031218725
SLC17A6,-0.6479411195582823
SLC17A7,0.0574827380704086
SLC17A8,-0.43780332413230927
SLC17A9,0.39709531270375004
SLC18A1,-0.5294804167841038
SLC18A2,0.38867174881847255
SLC18A3,0.06071723750141644
SLC18B1,0.16857399051153932
SLC19A1,0.8078162425151497
SLC19A2,-0.2823024163516248
SLC19A3,-1.056055500399796
SLC1A1,0.44601150084223373
SLC1A2,-0.7228603310835193
SLC1A3,0.5912563318475996
SLC1A4,0.3827511955800551
SLC1A5,0.18662094480921976
SLC1A6,0.0975929520961496
SLC1A7,-0.5773442457668302
SLC20A1,-0.016270662273616843
SLC20A2,0.16283495069855558
SLC22A1,0.6425907941153496
SLC22A10,0.9251283442846168
SLC22A11,-0.4602065886338776
SLC22A12,-0.24325155477228227
SLC22A13,-0.68212688677564
SLC22A14,-0.41070041892341735
SLC22A15,-0.17192573450768012
SLC22A16,-0.412131572729862
SLC22A17,1.141586909584662
SLC22A2,0.6202498703933425
SLC22A23,0.5147241009579746
SLC22A24,-0.7291459292968465
SLC22A25,-0.9908763000290557
SLC22A3,0.8239182001736091
SLC22A31,0.6671381530405333
SLC22A4,0.7946296487080238
SLC22A5,-0.3952918126649858
SLC22A6,-1.1635607848179528
SLC22A7,0.5281378444247061
SLC22A8,-0.13693957097158427
SLC22A9,-0.06624287102649573
SLC23A1,0.37205391211108063
SLC23A2,0.26342713226670433
SLC23A3,0.1971183066651082
SLC24A1,-0.14480962467183378
SLC24A2,-1.4029906954142766
SLC24A3,0.27224239410771045
SLC24A4,-0.45448702985097933
SLC24A5,-0.6005238213791516
SLC25A1,-0.2302115665882436
SLC25A10,0.05923754669313608
SLC25A11,-0.02375389219886781
SLC25A12,-0.6482496422007289
SLC25A13,0.019386266357595883
SLC25A14,-0.1316690237600353
SLC25A15,-0.24703595512586185
SLC25A16,-0.23101231127537147
SLC25A17,-0.23585239267714986
SLC25A18,0.224386670713149
SLC25A19,-0.11850838031291477
SLC25A2,0.1800356623629633
SLC25A20,-0.22452176828535064
SLC25A21,-0.45385426928003525
SLC25A22,0.14169740747316162
SLC25A23,0.26434202609719304
SLC25A24,-0.16732787501447577
SLC25A25,0.09567974544268676
SLC25A26,-0.7251530796374457
SLC25A27,0.4131846898357443
SLC25A28,0.32444396386858365
SLC25A29,-0.29626978616767374
SLC25A3,0.07214517739220838
SLC25A30,-0.19910260963377624
SLC25A31,1.497114563822377
SLC25A32,-0.22122524820176892
SLC25A33,0.09083281557699951
SLC25A34,-0.16947050151534548
SLC25A35,-0.021835160113600427
SLC25A36,-0.2757377791718767
SLC25A37,0.05024305535571427
SLC25A38,0.20126470537711594
SLC25A39,0.1650458228883167
SLC25A4,-0.5656203579151577
SLC25A40,-0.1420175442707885
SLC25A41,0.07599090570405426
SLC25A42,-0.06262715907744054
SLC25A43,0.1725936019517808
SLC25A44,0.028377293619536115
SLC25A45,0.46401895543191074
SLC25A46,0.10922330482448572
SLC25A47,-0.22592449299999795
SLC25A48,-0.5821472151183513
SLC25A5,0.11657979359972348
SLC25A51,-0.13467807887461225
SLC25A52,0.7789827791151707
SLC25A53,-0.10925986036824709
SLC26A1,0.3765854948905871
SLC26A11,-0.10021770685438813
SLC26A2,-0.039194414220462104
SLC26A3,1.0584609077261948
SLC26A4,0.5688192744807856
SLC26A5,0.8072511021704567
SLC26A6,0.046673668198923046
SLC26A7,-0.8819795104438741
SLC26A8,-0.18732782304492712
SLC26A9,-0.13129179768903187
SLC27A1,-0.440089811184718
SLC27A2,-0.6336720802465576
SLC27A4,-0.05274886634650944
SLC27A5,-0.034167591678971654
SLC27A6,0.6524436439563739
SLC28A1,0.11639156553657487
SLC28A2,-0.14289212251664818
SLC28A3,-0.4142973325660848
SLC29A1,0.140898654862454
SLC29A2,-0.5958821519385753
SLC29A3,-0.2632234043472831
SLC29A4,0.29498277138651685
SLC2A1,0.2720839760105349
SLC2A10,-0.3374662895095753
SLC2A12,-0.302826514247142
SLC2A13,0.0900108305205587
SLC2A14,-1.4418395971578968
SLC2A2,-0.8514500441108621
SLC2A3,-0.5533963240780263
SLC2A4,0.4160331047700172
SLC2A4RG,0.12150927546669177
SLC2A5,0.4327703696273566
SLC2A6,0.17520477121940514
SLC2A7,0.32203362983412687
SLC2A8,-0.11054115293444866
SLC2A9,0.22044602069187436
SLC30A1,0.19796914411530242
SLC30A10,-1.1742982718643113
SLC30A2,-0.762672940369801
SLC30A3,-1.293676536988204
SLC30A4,-0.6103972559517916
SLC30A5,-0.02763003850412593
SLC30A6,-0.22533768576108093
SLC30A7,-0.053839357507349916
SLC30A8,-0.17781465043807987
SLC30A9,-0.27316232420930797
SLC31A1,0.2291527077296185
SLC31A2,-0.7059844863167055
SLC32A1,-0.1758934110707594
SLC33A1,-0.1212559949819294
SLC34A1,0.24681874638554557
SLC34A2,0.9168582795199327
SLC34A3,-0.15111662146412197
SLC35A1,0.3958225543002534
SLC35A2,0.0836979431331284
SLC35A3,-0.3637793480342548
SLC35A4,0.5161087357198015
SLC35A5,0.07736674710463998
SLC35B1,-0.16535683061431872
SLC35B2,0.18478127656439902
SLC35B3,0.0356259506769776
SLC35B4,-0.5999844570753923
SLC35C1,-0.03351425544815578
SLC35C2,-0.09060980396685547
SLC35D1,0.1427638333933876
SLC35D2,-0.26694325004197494
SLC35D3,0.07521826141644128
SLC35E1,0.09283388303957363
SLC35E2B,0.09371131352090645
SLC35E3,-0.16235758764512553
SLC35E4,0.17834761755979311
SLC35F1,0.01577672368564187
SLC35F2,-0.43816692497198695
SLC35F3,0.15719189998763589
SLC35F4,-0.3142922979596795
SLC35F5,-0.12015816894075115
SLC35F6,-0.17744354423820008
SLC35G1,-0.003156669239110732
SLC35G2,-0.24165166397084503
SLC35G3,0.05474449301369955
SLC35G4,0.6000518105310058
SLC35G5,-0.00311711301322104
SLC35G6,0.5551229694426478
SLC36A1,0.5610921744998163
SLC36A2,-0.8937481944840175
SLC36A3,-0.6798235405975713
SLC36A4,-0.053767059952301466
SLC37A1,0.4709645839541623
SLC37A2,0.6268364102148517
SLC37A3,-0.05552826660472321
SLC37A4,-0.029052912188415547
SLC38A1,-0.321339050849593
SLC38A10,0.06180384106715531
SLC38A11,0.09878039789024529
SLC38A2,0.030251736299842236
SLC38A3,-0.2019858270474746
SLC38A4,-0.2102478927887772
SLC38A5,-0.15844264183764445
SLC38A6,-0.06759037983100402
SLC38A7,-0.7257774789819286
SLC38A8,0.22009108297590596
SLC38A9,-0.04610402339618913
SLC39A1,-0.004556917115357884
SLC39A10,-0.5386372481613644
SLC39A11,0.1077887940152249
SLC39A12,-0.8380590651775552
SLC39A13,-0.007416430067287649
SLC39A14,0.08084092611507465
SLC39A2,0.15554268483676612
SLC39A3,0.07473393548476404
SLC39A4,-0.009339704200097554
SLC39A5,-0.27533991997566354
SLC39A6,0.07976922157013444
SLC39A8,-0.07114895257123233
SLC39A9,-0.008945717540510323
SLC3A1,-0.18182166121188437
SLC3A2,0.3866696108981236
SLC40A1,-0.6200396615994701
SLC41A1,-0.14373684857930558
SLC41A2,0.21943418670058445
SLC41A3,-0.1475194707198757
SLC43A1,-0.18995344957909743
SLC43A3,0.06500293477465213
SLC44A1,0.14326126418153695
SLC44A2,-0.38082476090248907
SLC44A3,-0.11685464668084
SLC44A5,-0.12140538328575001
SLC45A1,-0.2210854470031487
SLC45A2,0.5730270091673835
SLC45A3,-0.5756184329530869
SLC45A4,-0.14438607693119
SLC46A1,-0.01727636746897898
SLC46A2,-0.4783446452428721
SLC46A3,0.28969703763082855
SLC47A1,-0.5253223328342702
SLC47A2,0.1283530657321812
SLC48A1,-0.20984089804178796
SLC49A3,-0.08594776985788122
SLC49A4,-0.447341832959828
SLC4A1,0.5323345948859703
SLC4A10,-0.44854920234830686
SLC4A11,-0.18646409650507723
SLC4A1AP,-0.11835522705993107
SLC4A2,0.39051002739237495
SLC4A3,-0.7984733389692398
SLC4A4,0.5737985590513452
SLC4A5,0.14011446248387394
SLC4A7,-0.34267533753908896
SLC4A8,-0.3883088117209508
SLC4A9,0.5820346325105135
SLC50A1,-0.0497112496229013
SLC51A,0.0920565449588926
SLC51B,0.5109995188345544
SLC52A1,-0.27390884900099777
SLC52A2,0.38161229966193166
SLC52A3,-0.15613964114296086
SLC5A1,0.007589082805530056
SLC5A10,-0.6821637993243885
SLC5A11,-0.823074775793275
SLC5A12,0.4414282883943743
SLC5A2,-0.28539422880385096
SLC5A3,0.11722092185000932
SLC5A4,0.6058693549376699
SLC5A5,0.2504449779003287
SLC5A6,0.23241998851700352
SLC5A7,-0.8102712131845609
SLC5A9,0.5930848158318478
SLC66A1,-0.006393694949723194
SLC66A2,0.07367316249911049
SLC66A3,0.101991379305022
SLC6A1,0.39871082767491317
SLC6A11,1.1785558231088276
SLC6A12,1.8987309954225067
SLC6A13,-0.060317545495784664
SLC6A14,1.1064942088934426
SLC6A15,0.03760239654256625
SLC6A16,0.23983730634243794
SLC6A17,-0.538645709117017
SLC6A18,0.3603633288737291
SLC6A19,-1.103312387035327
SLC6A2,-1.3175973661613416
SLC6A20,0.29543473043031665
SLC6A4,-0.11550194173675088
SLC6A5,-0.8054454805011777
SLC6A6,-0.07608390925069397
SLC6A7,0.5645524449314034
SLC6A8,-0.24969671065070337
SLC6A9,-0.2516618374934887
SLC7A1,0.12095755777585815
SLC7A10,-0.7424875001366003
SLC7A11,0.1958620718661197
SLC7A13,-0.15506957715306724
SLC7A14,0.11457700543307081
SLC7A2,1.0698926841151122
SLC7A3,0.26081653657051573
SLC7A4,0.38687891645529715
SLC7A5,0.172213948674953
SLC7A6,0.4477541828508711
SLC7A6OS,0.13100064765156239
SLC7A7,-0.011803325697127942
SLC7A8,-1.3091206751643127
SLC7A9,0.5742503012624216
SLC8A1,-0.5546470447118357
SLC8A2,-1.0830865387840207
SLC8A3,-0.22791676860363563
SLC8B1,0.29351795710889017
SLC9A1,-0.3976384308531047
SLC9A2,0.020268669940286976
SLC9A4,-0.348867249710908
SLC9A5,0.2313710919635188
SLC9A6,0.22765921475023676
SLC9A7,-0.04418770142873596
SLC9A8,0.4171417569344955
SLC9A9,-0.053419637106928874
SLC9B1,0.10772630156812912
SLC9B2,1.1549335703948793
SLC9C1,-0.15254163617767313
SLC9C2,-0.09355537322132923
SLCO1A2,0.007459535916806592
SLCO1B1,-1.7352344390106877
SLCO1B3,-0.04948749390240925
SLCO1B3-SLCO1B7,0.5002693763899948
SLCO1C1,-0.034588584869921224
SLCO2A1,-1.0892639074822799
SLCO2B1,0.08870258416579135
SLCO3A1,0.2226353804363761
SLCO4A1,-0.7700663898664732
SLCO4C1,-0.3673411830068108
SLCO5A1,-0.07761397325893027
SLCO6A1,-0.4712552159084509
SLF1,0.15962069226393538
SLF2,0.08905977023475042
SLFN11,-0.2225031907814019
SLFN12,0.10479041695421021
SLFN12L,-0.1322867544677706
SLFN13,0.7933397747373272
SLFN14,-0.6074390549971658
SLFN5,0.5055485420082944
SLFNL1,-0.38801672095604056
SLIRP,-0.347986236717464
SLIT1,0.9433230127566721
SLIT2,-0.420042233782854
SLIT3,0.5773111268189012
SLITRK1,0.24942901242071613
SLITRK2,0.23048733479879324
SLITRK3,-0.06209862706111835
SLITRK4,0.9447859595621108
SLITRK5,-0.2437798026506739
SLITRK6,-1.1448595683762797
SLK,-0.2795203372333366
SLMAP,-0.24942944094752306
SLN,0.0956034762880508
SLPI,-0.24184433474302441
SLTM,0.037395604918744496
SLU7,0.30632939672395443
SLURP1,0.9042499899418286
SLURP2,-0.3196265893140339
SLX1A,0.014966965260005516
SLX1B,0.5710107533053925
SLX4,-0.11650449051054768
SLX4IP,-0.19889575742944832
SLX9,-0.20332842880659463
SMAD1,-0.18422158078845996
SMAD2,0.14051128391978285
SMAD3,-0.2827240219086349
SMAD4,0.04859618172696578
SMAD5,0.13057143554744055
SMAD6,-0.10124766634162219
SMAD7,0.4287077825589951
SMAD9,-0.4821673880469714
SMAGP,0.058001058552889284
SMAP1,0.17071474237739803
SMAP2,-0.17798269879762518
SMARCA1,-0.13139046631179063
SMARCA2,0.1985635971659363
SMARCA4,0.10043134115379271
SMARCA5,0.002109324266434953
SMARCAD1,-0.03898017928201414
SMARCAL1,-0.18119787364185092
SMARCC1,0.0315785466420202
SMARCC2,-0.11929916428398801
SMARCD1,-0.16118755383936456
SMARCD2,-0.03700988741836664
SMARCD3,-0.13122063236330556
SMARCE1,-0.18668014652772236
SMC1A,0.16635696631835506
SMC1B,-0.38675290287299124
SMC2,-0.3366769518316657
SMC3,-0.11836003419681429
SMC4,0.010799727985256524
SMC5,-0.12982012462488246
SMC6,-0.03323110124344958
SMCHD1,-0.2025782231925719
SMCO1,0.4876239325815042
SMCO2,-1.1265149686908966
SMCO3,-0.4416012656785716
SMCO4,0.21854456376241416
SMCP,-0.6757851771975611
SMCR8,-0.03356603575582806
SMDT1,-0.8071286647894282
SMG1,-0.02560828322967801
SMG5,-0.03554951684688046
SMG6,0.156694713991675
SMG7,-0.1743919534133651
SMG8,-0.3087947808957239
SMG9,0.192942421296304
SMIM1,0.006483481574823813
SMIM10,-0.03901931757599719
SMIM10L2A,-1.2041756744333376
SMIM10L2B,-0.6268205404995171
SMIM10L2B-AS1,-0.0847076332921799
SMIM10L3,-0.15728558109543345
SMIM11,0.97588319671909
SMIM12,-0.17902777445624896
SMIM13,-0.09238898613302293
SMIM14,0.1672669033973846
SMIM15,0.0841733985656754
SMIM17,0.28113303103212006
SMIM18,-1.1606475816638275
SMIM19,0.16941067847830826
SMIM20,1.525750188596461
SMIM21,0.35808351795227744
SMIM22,0.19482105443202907
SMIM23,-0.9304066743615826
SMIM24,-0.27822050884584176
SMIM26,-0.38576158179003617
SMIM27,-0.27842446736936655
SMIM28,0.23120851314582946
SMIM29,0.044861068781207436
SMIM3,0.526572511481409
SMIM30,-0.06316942074069626
SMIM31,-0.6804490459066064
SMIM32,-0.13555766135314504
SMIM33,0.5125869818412165
SMIM35,1.1291781941582064
SMIM36,-1.1326511515267834
SMIM38,1.0703994951646427
SMIM39,-0.8957682459256859
SMIM41,-0.3302996687073887
SMIM42,0.015274836998768748
SMIM43,0.318828521296771
SMIM44,-0.0657338682594101
SMIM45,-0.05588631665751631
SMIM46,-0.0985669844294147
SMIM47,-0.17298795375499865
SMIM5,0.033386611906538244
SMIM6,-0.16163485567606278
SMIM7,-0.1474749611962416
SMIM8,-0.7507709084347105
SMIM9,0.018494941857997382
SMKR1,-0.6049822471267948
SMLR1,0.23863135549842918
SMN2,0.2497379002158131
SMNDC1,-0.15384735835402852
SMO,0.3212855628702977
SMOC1,0.4952260260058261
SMOC2,1.4003683226235997
SMOX,0.9146497646747708
SMPD1,-0.263424454015718
SMPD2,-0.029905813764048883
SMPD3,0.08231037917043182
SMPD4,-0.026803345611277507
SMPDL3A,0.16221331962357965
SMPDL3B,-0.6531858458840026
SMPX,0.18161912369835198
SMR3A,0.0829834945369412
SMR3B,0.5046530259864217
SMS,0.7142016011744701
SMTN,-0.7286238585860989
SMTNL1,0.1502385458877205
SMTNL2,0.4402376877800551
SMU1,-0.13099729389546866
SMUG1,0.4775270658970141
SMURF1,0.22469316945160278
SMURF2,-0.13922620839927502
SMYD1,-1.1863120188580807
SMYD2,0.35617990093121943
SMYD3,0.19587069543785907
SMYD4,-0.08268025171690763
SMYD5,0.02109035179477603
SNAI1,0.6127963554596292
SNAI2,-0.20068938764903566
SNAI3,-0.29211898127108715
SNAP23,-0.17058231996123663
SNAP25,-0.018870862877227612
SNAP29,-0.004010694578456153
SNAP47,0.2876611115217962
SNAP91,0.12489785721282753
SNAPC1,-0.17102039279889292
SNAPC2,0.03423349232361472
SNAPC3,-0.05799136451800235
SNAPC4,-0.40502732344111836
SNAPC5,-0.04883344344330709
SNAPIN,0.06808388875365967
SNCA,-0.26090955154531326
SNCAIP,-1.1974940106185272e-07
SNCB,-0.9201255822153431
SNCG,-0.6129531368599872
SND1,0.008458216589715128
SNED1,0.4199243081932882
SNF8,-0.03868164819728248
SNIP1,-0.14866966781149982
SNN,-0.19657477655942035
SNORC,0.4537414948690197
SNPH,0.15373719205609504
SNRK,0.23174044182988407
SNRNP200,-0.042619511050824066
SNRNP25,-0.1676670805620355
SNRNP27,-0.33715719080366435
SNRNP35,-0.03301765629341791
SNRNP40,-0.18910307478505572
SNRNP48,-0.28122865334110325
SNRNP70,-0.08256798068774884
SNRPA,-0.027778642291396594
SNRPA1,0.1914255805134979
SNRPB,0.004097574346646482
SNRPB2,0.009679888566427763
SNRPC,0.041449817387714916
SNRPD1,0.11571624580242856
SNRPD2,0.1963782342652971
SNRPD3,0.005333106039539182
SNRPE,-0.2612266202412181
SNRPF,-0.05956994143163241
SNRPG,-0.14813902564589299
SNRPN,0.5710111469208381
SNTA1,-0.1900866425810377
SNTB1,-0.3857944412393777
SNTB2,0.5359836193589627
SNTG1,-0.7589860107568582
SNTG2,0.4518864391401065
SNTN,0.48311351680435877
SNU13,-0.22023568046207798
SNUPN,-0.035877329376266864
SNURF,-0.08945489892942371
SNW1,-0.37179768867418783
SNX1,-0.28437866117193344
SNX10,-0.5624573338262686
SNX11,-0.17699631002507
SNX12,-0.22253763450873754
SNX13,0.26126124655245553
SNX14,0.04486228239890533
SNX15,0.24155605692425697
SNX16,-0.29862988616828945
SNX17,-0.1296755900572606
SNX18,0.549452451036319
SNX19,-0.04311794119799206
SNX2,-0.012704551989699553
SNX20,0.009436875979433879
SNX21,-0.7412560343841745
SNX22,-0.2237455652939746
SNX24,-0.08016426704152901
SNX25,-0.28354455023387715
SNX27,-0.4806683354918313
SNX29,-0.06444865709588088
SNX3,0.2137219579668499
SNX30,-0.23761710762572674
SNX31,0.30495343645800643
SNX32,-0.10727295093398281
SNX33,-0.3550860539999807
SNX4,-0.29097151607534855
SNX5,0.10136145728000567
SNX6,-0.14484096737751262
SNX7,-0.47521169528157126
SNX8,-0.025269260666782145
SNX9,0.9715043045741796
SOAT1,-0.576874582232358
SOAT2,0.2545846285569473
SOBP,-0.3326742146747539
SOCS1,0.6040333878540549
SOCS2,0.22702312270352376
SOCS3,0.5919031281542102
SOCS4,0.09722729721271772
SOCS5,-0.07024854342266096
SOCS6,0.15347468262429853
SOD1,-0.024172721936271735
SOD2,-0.19968921220272318
SOD3,-0.11607713477452375
SOHLH1,-0.22019641176971752
SOHLH2,1.0487062186177067
SON,-0.03335763175663864
SORBS1,0.037060528182248476
SORBS2,-1.5781027127602578
SORCS1,0.40613690787252366
SORCS2,1.5341618520724873
SORCS3,-1.1647805328353424
SORD,0.32322203709606767
SORL1,1.1357801117967572
SORT1,0.08962651964569579
SOS1,0.2568683415196422
SOS2,0.3022890150701385
SOST,0.23579161141596183
SOSTDC1,-0.7625859352929316
SOWAHA,0.09885809573822624
SOWAHB,-0.07431940703270845
SOWAHC,-0.08872307785183864
SOWAHD,-0.29297432908252974
SOX1,0.3346296080093243
SOX10,-0.26086364558178854
SOX11,-0.9784531784969028
SOX12,-0.012609115515175517
SOX13,0.36834850214801995
SOX14,0.7804975583232381
SOX15,0.2840625465579012
SOX17,0.3488079050746017
SOX18,-0.13754438077842135
SOX2,0.638362880592753
SOX21,-0.5454152001398692
SOX3,-0.6135490000435597
SOX30,-0.5900059874474965
SOX4,0.22643073122653146
SOX5,-0.19304562603961628
SOX6,0.05083226677691588
SOX7,1.0881924388044488
SOX8,0.9760820515719011
SOX9,0.007880848380156458
SP1,0.07428160254668192
SP100,0.33586991406947764
SP110,0.6719262514321982
SP140,0.6548482793216319
SP140L,0.6245964907736166
SP2,-0.23245846526922787
SP3,0.165690923635748
SP4,0.07169104477763844
SP5,0.15391033596185766
SP6,-0.21461764676738754
SP7,0.12490523470625425
SP8,-1.183992408051116
SP9,0.05267633420299167
SPA17,-0.29100142621025626
SPAAR,-0.010222603428132748
SPACA1,0.7988100908448311
SPACA3,1.1032585175520526
SPACA4,-0.7267491336353906
SPACA5,-0.1087177111258244
SPACA6,-0.1813642508766682
SPACA9,-0.5441711546100627
SPACDR,-0.08406769244124836
SPADH,0.5258336932174825
SPAG1,-0.23553618128346754
SPAG16,-0.39591066087540305
SPAG17,-0.5359808737952481
SPAG4,-0.14216608416095244
SPAG5,0.17109141324312827
SPAG6,0.6751398890290179
SPAG7,0.1935262427625961
SPAG8,0.08332989862748441
SPAG9,0.16683573492785087
SPAM1,-0.4035827174464842
SPANXN1,-0.8859885912099053
SPANXN2,-0.2817893699795442
SPANXN3,0.5412337531990499
SPANXN4,-0.3630764519307963
SPARC,-0.0020894846661777544
SPARCL1,-0.21057273557099632
SPART,-0.04584769538421796
SPAST,0.04403252141932956
SPATA1,-0.08418654321230257
SPATA12,0.8145313840205177
SPATA13,0.1422931072121747
SPATA16,-0.41492042575098886
SPATA17,-0.37014366519622843
SPATA18,-0.6727525636952763
SPATA19,0.5017921179216152
SPATA2,-0.27588220824871357
SPATA20,0.48723700060283104
SPATA21,0.2490719464519615
SPATA22,0.6044566229986397
SPATA24,0.5133278006613855
SPATA25,0.04369907593983946
SPATA2L,0.2239423317374607
SPATA3,0.4051724805366558
SPATA31A1,-0.45464481289172776
SPATA31A6,-0.5742713154067163
SPATA31D1,0.5577612139347009
SPATA31E1,-0.25797503489325224
SPATA31F1,0.3205782015183003
SPATA31F3,1.042885089798119
SPATA31G1,0.218617752864879
SPATA31H1,0.40004788766245547
SPATA31J1,-0.03749029543046101
SPATA32,-0.1363171269083776
SPATA33,-0.17048645418588393
SPATA4,0.794815947918442
SPATA45,0.8597191545934758
SPATA46,-0.9938411603674644
SPATA6,0.16997518858794347
SPATA6L,-0.3488828837403647
SPATA7,-0.33668859460693445
SPATA9,1.3051139007026888
SPATC1,1.4363442594044502
SPATS1,0.003860792961627002
SPATS2,0.027069127403057447
SPATS2L,-0.20408990453179676
SPC24,0.29256113705768483
SPCS1,-0.02581092459537082
SPCS2,-0.1789304873577775
SPCS3,-0.06368672490774241
SPDEF,-0.3607483906136705
SPDL1,-0.09534665859754421
SPDYA,0.29536857681886985
SPDYC,-0.5908588375959063
SPDYE1,0.4377885915188622
SPDYE10,0.16618037166290942
SPDYE12,-0.10130871926730523
SPDYE16,0.6390100968498422
SPDYE18,0.42024858327335757
SPDYE21,1.2496627764193002
SPDYE3,-1.2050051586982025
SPDYE4,1.00552856414194
SPDYE5,-1.657853580546227
SPECC1,-0.06351537765501014
SPECC1L,0.2179852132542046
SPECC1L-ADORA2A,0.22076657864586613
SPEF1,-0.5899448313775773
SPEF2,-0.025970926775233494
SPEG,-0.43503717543296555
SPEGNB,0.21626000569078196
SPEM1,0.496024468294167
SPEM2,0.07376032092162932
SPEM3,0.9045954317024718
SPEN,0.16703156851522127
SPESP1,0.0029380565936696357
SPESP1-NOX5,0.554136649703407
SPG11,-0.1205633083641855
SPG21,-0.2254310426046553
SPG7,0.08437816222527861
SPHK1,0.45352785880073243
SPHK2,0.17911306656120463
SPHKAP,-1.0860426036451878
SPI1,-0.058713761355053684
SPIB,-0.44296283807649495
SPIC,0.18169294964659932
SPICE1,0.04487436833884706
SPICE1-CFAP44,0.04530620533442331
SPIDR,-0.14266441196176505
SPIN1,0.05251369417640461
SPIN2A,-0.014812804412469571
SPIN2B,0.24932184217569286
SPIN3,-0.5799575809975637
SPIN4,-0.09589809969249852
SPINDOC,-0.011997313822847744
SPINK1,-0.5575736907143862
SPINK13,-0.5831983950833586
SPINK14,-1.4066143249216143
SPINK2,-0.4027991850777235
SPINK4,0.10729254015516432
SPINK5,0.2661655528181537
SPINK6,-0.42416296536073017
SPINK7,-0.020373074348626785
SPINK8,-0.17033217505527465
SPINK9,-0.5799576933981614
SPINT1,-0.13324161836035991
SPINT2,-0.4237573304376929
SPINT3,1.4066137146498918
SPINT4,-0.5827101252702813
SPIRE1,-0.24671657992788276
SPIRE2,0.005544091499781523
SPMAP1,-1.1486788471019165
SPMAP2,0.36357790544002155
SPMAP2L,0.14098458224667998
SPMIP1,-0.24170091696290552
SPMIP10,-0.013878632466365781
SPMIP11,-0.04388016376287274
SPMIP2,-0.5866267924225856
SPMIP3,0.8208700633417827
SPMIP4,0.19707090331384203
SPMIP5,0.06864085334653613
SPMIP6,-0.6362845436391058
SPMIP7,0.33872325187253804
SPMIP8,0.5072662191210325
SPMIP9,-0.07904604466112103
SPN,0.4149184712390124
SPNS1,0.02800354900800306
SPNS2,0.49054883755627543
SPNS3,-0.06956308954023904
SPO11,0.085444998284958
SPOCD1,-0.6494267371992579
SPOCK1,0.4758120140585631
SPOCK2,0.119021449799944
SPOCK3,-0.3412840656560765
SPON1,0.19942880011716896
SPON2,0.40493682402829334
SPOP,-0.1444144014571611
SPOPL,-0.011623014915626229
SPOUT1,-0.07829917046754309
SPP1,-0.040948745482173365
SPP2,-0.17194698906160877
SPPL2A,0.1530768175955446
SPPL2B,-0.33298302645395905
SPPL3,-0.09418938731934601
SPR,0.4427126962784582
SPRED1,0.25587134113458276
SPRED2,0.23020735974782713
SPRED3,-0.22230102838944799
SPRING1,-0.11008416452145742
SPRN,0.10908023107589893
SPRR1A,-0.27355334602146986
SPRR1B,-0.06249549735149584
SPRR2A,-0.12519219288190708
SPRR2B,0.7824840226327386
SPRR2D,0.3002270316973725
SPRR2E,-0.7712294743049031
SPRR2F,0.3438558027525993
SPRR2G,0.3481064328335457
SPRR3,0.7056038254757531
SPRR4,-0.7527659654459842
SPRR5,-0.43730786181480985
SPRTN,-0.1784630062659005
SPRY1,0.8616692003794091
SPRY2,0.19601115370170974
SPRY3,-0.30710636220268217
SPRY4,-0.3676443246410843
SPRYD3,0.024223818644541595
SPRYD4,0.004611077692953103
SPRYD7,0.16900489923914286
SPSB1,0.5469667052148925
SPSB2,0.04827446809492475
SPSB3,0.16123879944215613
SPSB4,-0.47432603252912997
SPTA1,0.1719468906577708
SPTAN1,0.10083214407410779
SPTB,-0.3288540718849311
SPTBN1,0.014191691034071585
SPTBN2,0.01084710120054
SPTBN4,0.4788645918985228
SPTBN5,-0.3330375561942862
SPTLC1,-0.20969056359472527
SPTLC2,-0.1636720767642852
SPTLC3,0.015408800941092426
SPTSSA,-0.20482305031640857
SPTSSB,-0.6871785287680978
SPTY2D1,0.12316902912193228
SPX,0.004412802940843119
SPZ1,-0.45176467505485096
SQLE,0.011903975558244184
SQOR,0.052089940140223556
SQSTM1,-0.013189765203751591
SRA1,0.14773886896965882
SRARP,0.6531431472623902
SRBD1,-0.24640749691993102
SRC,0.31535184771138036
SRCAP,-0.016097003264747833
SRD5A1,0.2533143715527748
SRD5A2,0.8133721028984773
SRD5A3,-0.1418716886425102
SREBF1,0.14495184210968048
SREBF2,-0.1393349554078167
SREK1,0.6103082002339206
SREK1IP1,-0.025517242531556406
SRF,0.16364347854841332
SRFBP1,-0.2518270029470355
SRGAP1,0.25646703732930876
SRGAP2,0.23065084886753562
SRGAP2B,1.0189643153774335
SRGAP2C,-0.04201991296526053
SRGAP3,-0.04559532275587097
SRGN,0.28675133636973715
SRI,-0.6602041347051695
SRL,-0.2208427769575972
SRM,-0.11984505194761486
SRMS,0.3752001019261927
SRP14,-0.14138617311496748
SRP19,-0.2441587607120821
SRP54,-0.02958109008301335
SRP68,0.11333752488776394
SRP72,-0.29179730238940005
SRP9,-0.11012681134028668
SRPK1,0.09360084240775945
SRPK2,-0.12619783203862012
SRPK3,0.4377449748581529
SRPRA,0.010935255327026105
SRPRB,0.7589057678433089
SRPX,0.17335519446348036
SRPX2,0.6079877679726935
SRR,0.15633772361104992
SRRD,0.09987236887984441
SRRM1,-0.3510345554975973
SRRM2,0.018062859512634866
SRRM3,-0.20825828367977944
SRRM4,-0.6759302567219145
SRRM5,0.06828522973333495
SRRT,0.25604690797806695
SRSF1,-0.02351315058058656
SRSF10,-0.06524397785145819
SRSF11,-0.06418240276872211
SRSF12,-0.054393835821171535
SRSF2,0.17073445436329404
SRSF3,0.21253438320071005
SRSF4,-0.09791539159444618
SRSF5,0.28536864721661903
SRSF6,0.0766771373215267
SRSF7,-0.01624869643937643
SRSF8,-0.016222416685100605
SRSF9,-0.17946848243103464
SRXN1,0.38976834511471914
SRY,-0.1719479730996185
SS18,0.024399187391232147
SS18L1,0.12997221024327654
SS18L2,-0.09224124363625741
SSB,-0.7985804468957318
SSBP2,0.049711747935304196
SSBP3,0.28226811387801815
SSBP4,0.16756029060752242
SSC4D,-1.1474637198881485
SSC5D,0.02421539538741202
SSH1,0.583353494419927
SSH2,-0.0024553012612509306
SSH3,0.3337093874032948
SSMEM1,-0.2263441196079552
SSNA1,0.13984451430840927
SSPN,0.2942866460098279
SSR1,-0.3371893987130532
SSR2,-0.3826428461528666
SSR3,-0.07479445145226249
SSR4,0.43280816885561624
SSRP1,-0.3788860512780312
SST,1.0568490038102776
SSTR1,-0.1409876969521684
SSTR2,-0.06612962928193422
SSTR3,0.10733909954648341
SSTR4,-1.2430727750051855
SSTR5,0.4985072996313924
SSU72,-0.10354419461096853
SSU72L3,-0.15872861255532378
SSU72L4,0.016506734447282234
SSU72L5,-0.05050516114410186
SSU72L6,-0.21898032402201917
SSUH2,-0.0655982575710023
SSX1,0.26449995379063473
SSX2IP,0.22256147650535585
SSX3,0.6987225369605836
SSX5,0.22571685703411948
SSX7,-0.15544047759468294
ST13,-0.10864750192936601
ST14,-0.1675118299635987
ST18,-3.337343272846738e-07
ST20-MTHFS,0.06734278978253538
ST3GAL1,0.04418306973152397
ST3GAL2,0.23295061949925966
ST3GAL3,-0.18826961395080932
ST3GAL4,0.5526053426023632
ST3GAL5,0.027738412611296365
ST3GAL6,0.4943561891092825
ST6GAL1,1.786783495693211
ST6GAL2,-0.6360669790380136
ST6GALNAC1,-0.15336256748893418
ST6GALNAC2,-0.48863712988274155
ST6GALNAC3,-0.1078460969386078
ST6GALNAC4,0.3854419854116635
ST6GALNAC5,0.9608459885386025
ST6GALNAC6,0.010776277103497378
ST7,-0.052248971204297945
ST7L,0.03855640119672099
ST8SIA1,-0.4215542508501773
ST8SIA2,0.6875441968291942
ST8SIA3,-0.671296301086717
ST8SIA4,-0.19387529578235796
ST8SIA5,-0.13355771632266622
ST8SIA6,-0.49791662397338765
STAB1,-0.7276909259822228
STAB2,-1.1161965378376864
STAC,-0.7905553622587436
STAC2,0.027312428546029333
STAC3,-0.7197314383341576
STAG1,-0.11668012592777988
STAG2,0.14780305569810093
STAG3,0.0178148092023509
STAM,-0.06093693132320421
STAM2,-0.02051426037751458
STAMBP,0.24549799591710286
STAMBPL1,-0.678977891599374
STAP1,-0.2213578395204696
STAP2,-0.23437095141068465
STAR,-0.04645802615741368
STARD10,-0.03171696063740681
STARD13,0.29709349247609695
STARD3,-0.599227224532823
STARD3NL,0.43241053125243445
STARD4,0.1385096891931008
STARD5,-1.2004497956012714
STARD6,0.014588104957421244
STARD7,-0.024819949238041872
STARD8,0.7225862201426869
STARD9,-0.169802984382736
STAT1,0.4285744342491675
STAT2,0.09298174814182714
STAT3,1.137070554181789
STAT4,0.449952442956008
STAT5A,0.7968920009541471
STAT5B,0.9415421662909038
STAT6,2.3279320800086625
STATH,0.3110480356919889
STAU1,0.05156114829790415
STAU2,-0.5079353715415924
STBD1,0.39660793675569106
STC1,0.893746536977295
STC2,0.22347347128921458
STEAP1B,1.2422448065167169
STEAP2,-0.4080112035621255
STEAP3,-0.8622931776188638
STEAP4,0.14055665489103597
STEEP1,-0.4275103551567143
STIL,-0.183311424688946
STIM1,-0.10903922661084664
STIM2,0.13806514335871167
STIMATE,0.11761359605696065
STIMATE-MUSTN1,0.11040757204335794
STING1,0.43364808881974204
STIP1,-0.1315333378241217
STK10,0.08976070490439536
STK11,0.5685246659724027
STK11IP,-0.0037196978232412192
STK16,0.1841352353300536
STK17A,0.10117737098773105
STK17B,-0.24515969395205284
STK24,-0.16172019162124762
STK25,-0.05192668292899638
STK26,-0.026497284183874648
STK3,-0.2554547804084506
STK31,-0.5634515527472743
STK32A,0.7245501320487213
STK32B,0.7446578701129365
STK32C,-0.2847324619002518
STK33,-0.4344119678118495
STK35,-0.04038869428336156
STK36,0.25506713954422056
STK38,0.06790052559201154
STK38L,-0.20248142385366652
STK39,-0.30498146773696
STK4,0.0873321044473947
STK40,-0.01896265399402086
STKLD1,0.4436639100305233
STMN1,-0.34449459257769455
STMN2,0.6310805030197792
STMN3,0.05671104547869055
STMN4,0.05597738926657557
STMND1,1.2877796441659548
STMP1,0.20277894303152832
STN1,-0.24704165402459788
STOM,-0.04483133257854188
STOML1,0.06127549008931599
STOML2,-0.34482793783768306
STOML3,-0.38179778903951184
STON1,-0.9576881013607401
STON1-GTF2A1L,-1.1680145277340124
STON2,0.41789670241198795
STOX1,0.20991213454013158
STOX2,-0.2933785675025098
STPG1,-0.24851327782006427
STPG2,-0.05771528707404405
STPG3,-0.08150858334705369
STPG4,-0.3796041651894182
STRA6,0.8107901684210779
STRA8,-0.04812370612943356
STRADA,0.07043811129988331
STRADB,-1.602660985648005
STRAP,0.005951965150216232
STRBP,-0.5898922867406315
STRC,-0.745293191833865
STRIP1,-0.11036035025099555
STRIP2,-0.043760197991398186
STRIT1,-0.3482642700701484
STRN,-0.22198155054664426
STRN3,-0.05213937621472731
STRN4,-0.1932583063535307
STS,0.25496743691431334
STT3A,0.03267652712636426
STT3B,0.046150898016768416
STUB1,0.010574050473130203
STUM,-0.3268449689679236
STX10,0.8628122231206383
STX11,0.16242643544838664
STX12,0.027183909612345403
STX16,-0.12981216124836514
STX16-NPEPL1,-0.14474756064409533
STX17,-0.3163498196740302
STX18,-0.13865873908364978
STX19,0.5710109501131289
STX1A,0.06694430270219698
STX1B,0.40211875832627925
STX2,-0.3909428770535306
STX3,0.6585823834481948
STX4,0.2854583831365698
STX5,0.05565191029864813
STX6,0.34821395854568227
STX7,-0.34924119994554115
STX8,-0.48161211660449743
STXBP1,-0.3672052711556735
STXBP2,-0.019374305225488442
STXBP3,-0.22892027473960663
STXBP4,-0.03436852122540213
STXBP5,0.04867657002751802
STXBP5L,-0.25713150229178794
STXBP6,0.28176173538048443
STYK1,-0.42841882413632193
STYX,-0.00025407638995034176
STYXL1,0.12480807305536157
STYXL2,0.8199017337608705
SUB1,0.04666762704719041
SUCLA2,0.25724889290059805
SUCLG1,0.12417434234174429
SUCLG2,-0.590439567032067
SUCNR1,-0.980399971072446
SUCO,0.16654670675510097
SUDS3,-0.0495367311259729
SUFU,-0.05828233822885309
SUGCT,-0.33901638520450383
SUGP1,0.003983772903265681
SUGP2,-0.04814873381354268
SUGT1,-0.16172894834285056
SULF1,0.6292986984604868
SULF2,0.47076100660757025
SULT1A1,-0.008212392954237813
SULT1A2,0.4705786443106152
SULT1A3,0.5710110485169868
SULT1B1,0.5629451520700608
SULT1C2,-0.9455864689168647
SULT1C3,0.9442284080886473
SULT1C4,-0.43454217272253015
SULT1E1,1.2877789256695196
SULT2A1,-1.1003852358327537
SULT2B1,0.6779997758842808
SULT4A1,0.3176968223098595
SULT6B1,0.05454787750178802
SUMF1,-0.07859304624422991
SUMF2,-0.25818911115564847
SUMO1,-0.05444731482323295
SUMO2,-0.03330844317982429
SUMO3,-0.07850899643828368
SUMO4,0.4164159961445535
SUN1,0.22958239024405813
SUN2,-0.07157913938181348
SUN5,0.11678335257320027
SUOX,-0.12200100895385213
SUPT16H,0.058847298498575284
SUPT20H,-0.33384852988283686
SUPT20HL1,9.941929395296256e-07
SUPT20HL2,-0.4704671366292841
SUPT3H,0.26816934115151003
SUPT4H1,0.07779348947226206
SUPT5H,0.07705723126593877
SUPT6H,-0.10898656393209283
SUPT7L,-0.11702451616465037
SUPV3L1,-0.16777336505751084
SURF1,-0.13309307696265238
SURF2,-0.13127117560640666
SURF4,0.4392154078218726
SURF6,0.09221391236496546
SUSD1,-0.2101889578144467
SUSD2,0.5206213313239658
SUSD3,-0.1890292629403092
SUSD4,0.20878057912895054
SUSD5,0.28688625276939284
SUSD6,0.4644658606207335
SUV39H1,0.06344933159074673
SUV39H2,0.25042694610247107
SUZ12,0.15670956456816887
SV2A,-0.13171113387300482
SV2B,-0.6051121002156516
SV2C,-0.32010913826413656
SVBP,0.014930245383757867
SVEP1,-0.8536659202578709
SVIL,0.02623672985522263
SVIP,-0.1891385152625773
SVOP,0.8505989227910418
SVOPL,0.6896153470353492
SWAP70,0.09596279736896007
SWI5,-0.22245126834071893
SWSAP1,-0.04282905331034215
SWT1,-0.28704404919259385
SYAP1,0.2021602269985765
SYBU,0.08799860240206825
SYCE1L,0.3089148529585154
SYCE2,0.42637156314708413
SYCE3,0.07302789428831069
SYCN,0.23341971118282445
SYCP1,-0.606400159934745
SYCP2,1.8267748571731257
SYCP3,0.4844521979161266
SYDE1,-0.7334232676974515
SYDE2,0.2825351402158689
SYF2,-0.1324370623452351
SYK,-0.2532077550309202
SYMPK,0.10193635426047809
SYN1,-0.788825072526858
SYN2,0.47841310424112304
SYN3,0.3414562045766725
SYNC,-0.43214756575485636
SYNCRIP,-0.009999790722185153
SYNDIG1,0.7444569577540636
SYNDIG1L,-0.14958541796529023
SYNE1,-0.25163854473464486
SYNE2,0.016594735546913264
SYNE3,0.0751443186284737
SYNE4,0.2849777288744051
SYNGR1,1.217795849487232
SYNGR2,0.7989560914538281
SYNGR3,0.7223513945225898
SYNGR4,-0.027201916203514642
SYNJ1,0.054852320391566955
SYNJ2,0.11556301209759767
SYNJ2BP,-0.8422957080860594
SYNJ2BP-COX16,-0.7814060258232238
SYNM,-0.23564970752148828
SYNPO,1.562364247100057
SYNPO2,0.03760162519616683
SYNPO2L,0.7345482775064716
SYNPR,0.6132935677407423
SYNRG,0.20553759829769458
SYP,0.5975757812563441
SYPL1,-0.234394128232434
SYPL2,-0.05005254169107354
SYS1,0.1049095220957037
SYS1-DBNDD2,0.12241703245635893
SYT1,0.058518063729176006
SYT10,-0.547133157020744
SYT11,0.06446031979536837
SYT12,1.103811991514716
SYT13,0.3528122724873437
SYT14,0.0394040751588125
SYT16,0.21879031623287803
SYT17,0.4042073492843623
SYT2,0.7316638243611631
SYT3,-0.6063511901222765
SYT4,0.008719881926858797
SYT5,0.78986667620246
SYT6,0.7972467086427641
SYT7,0.0030635208181715168
SYT8,0.34545992603351555
SYT9,-0.5639181604871388
SYTL1,-0.23268217914259415
SYTL2,-1.2778238362503358
SYTL3,0.7618570304014973
SYTL4,-0.1391218908117584
SYVN1,0.026549055237351737
SZRD1,-0.1159000172895519
SZT2,-0.19940063462087254
TAAR1,-0.47890872810014384
TAAR2,0.7508852638242303
TAAR5,1.172064169164197
TAAR6,0.12832300626607762
TAAR8,-0.9734589324363443
TAAR9,0.19320572650828138
TAB1,-0.16598967007787513
TAB2,-0.29129094046006776
TAB3,3.681969200641788e-07
TAC1,0.27681530821237077
TAC3,0.02631777513763245
TAC4,-0.2817208515923292
TACC1,-0.5181132149864007
TACC2,1.5763585948821186
TACC3,0.02779884507151298
TACO1,-0.2645558283884384
TACR1,0.11551482356954934
TACR2,0.6332594692370487
TACR3,0.24929246015320894
TACSTD2,0.6636047030024589
TADA1,-0.15127142696026663
TADA2A,0.13912061156221478
TADA2B,0.8116912191649743
TADA3,-0.08686005670580066
TAF1,0.35708422651270677
TAF10,0.09338550447134342
TAF11,0.0006221042320753156
TAF11L13,-0.5471312010312772
TAF11L14,-0.8648270023969471
TAF11L2,-0.7405186908291497
TAF11L3,0.3213069673871187
TAF12,0.02043807827142885
TAF13,0.37467054341504014
TAF1A,-0.5683309397315226
TAF1B,0.06517653993703743
TAF1C,-0.01862892823098039
TAF1D,-0.3144567999712864
TAF1L,-0.04409626299200298
TAF2,-0.0076287452921066645
TAF3,-0.12095312121774349
TAF4,0.06799415462868463
TAF4B,0.04785998107845968
TAF5,0.020929274639130746
TAF5L,-0.17851422853112364
TAF6,0.21674317240995622
TAF6L,-0.16291619636279986
TAF7,-0.16437116515704164
TAF7L,1.378139073136503
TAF8,0.020837997400929176
TAF9B,-0.30419658542312167
TAFA1,-0.7327562748515348
TAFA2,-0.8965792468942402
TAFA3,0.11000821204695474
TAFA4,0.7032564588051469
TAFA5,-0.17633660060036438
TAFAZZIN,-0.15907559681383754
TAGAP,0.9560413838189649
TAGLN,0.13375534147809542
TAGLN2,0.7191351028763915
TAGLN3,0.48372647040963185
TAL1,-0.3569783241217557
TAL2,-0.12196713751634092
TALDO1,0.20407223273430697
TAMALIN,0.003884245614434012
TAMM41,0.11831646521005945
TANC1,-0.1292950283485732
TANC2,-0.2299725157382042
TANGO2,0.17057846119580683
TANGO6,-0.17774384520011077
TANK,0.2793679878779791
TAOK1,-0.3136021815185268
TAOK2,0.10573957551743085
TAOK3,0.029655896492200462
TAPBPL,0.15840124733469718
TAPT1,-0.18063458763447082
TARBP1,0.1301323118096107
TARBP2,-0.030740949038925436
TARDBP,-0.2072993248826096
TARS1,0.023316394762614046
TARS2,-0.4007216989129825
TARS3,-0.16589547740153954
TAS1R1,-0.3793527161777921
TAS1R2,-0.11701387249471629
TAS1R3,0.8832821596913587
TAS2R1,-0.17118206558489346
TAS2R16,-1.3002610524529117
TAS2R3,-0.2550596717336449
TAS2R38,-1.5914097251061858
TAS2R39,0.0555571092120255
TAS2R4,0.4551182407521561
TAS2R40,-0.26865528295407337
TAS2R41,0.03711609526518456
TAS2R5,1.4834712696823762
TAS2R60,-0.2176822669522558
TASL,0.3960427647523663
TASOR,-0.11991086001910567
TASOR2,0.022646933653962087
TASP1,-0.29488480713790954
TAT,1.134935530741688
TATDN1,-0.028047108728086467
TATDN2,0.670523051458427
TATDN3,0.1032071671942103
TAX1BP1,0.47767328696081623
TAX1BP3,0.030779622292007147
TBATA,0.6446045655276037
TBC1D1,0.0912367934689935
TBC1D10A,0.06804198033336295
TBC1D10B,0.012824746707735812
TBC1D10C,-0.4303266013888294
TBC1D12,1.5810015735652618
TBC1D13,-0.2753572958523427
TBC1D14,0.07393003250615315
TBC1D15,-0.0007442532411046088
TBC1D16,-0.22295650278716295
TBC1D17,-0.1505675747508004
TBC1D19,-0.4959972380154629
TBC1D2,0.3723936581136389
TBC1D20,0.012155741666937114
TBC1D21,-0.7982718509333178
TBC1D22A,0.16351225844655737
TBC1D22B,0.1398420480077549
TBC1D23,-0.21019849975327798
TBC1D24,0.042214837842704966
TBC1D25,0.1359155375660026
TBC1D26,0.6523490308621134
TBC1D28,-0.03158474034385339
TBC1D2B,0.08064212966905027
TBC1D30,-0.03524814231824269
TBC1D31,0.01800594154024271
TBC1D32,0.06884584513318481
TBC1D4,-0.07289296766709555
TBC1D5,-0.9104586108892937
TBC1D7,0.2567343506709747
TBC1D8,-0.08427012139607548
TBC1D9,-0.410312230437726
TBC1D9B,0.03281077889664996
TBCA,0.516119189547209
TBCB,-0.09273167427055551
TBCC,0.30724450527071
TBCCD1,-0.14039666822126762
TBCD,0.034762606699056064
TBCE,-0.040023383851880645
TBCEL,-0.3204887147235431
TBCEL-TECTA,-0.3224018425536648
TBCK,-0.10012597151857872
TBK1,0.07332020219853241
TBKBP1,1.0155841982656997
TBL1X,0.3474480924343881
TBL1XR1,-0.14661225925094024
TBL1Y,-0.12357692080129234
TBL2,0.18754360605925413
TBL3,0.23631270133032523
TBP,-0.052969032731444265
TBPL1,0.011094340537842307
TBPL2,-0.38902871811073014
TBR1,-0.30725665539320784
TBRG1,0.2621799299031151
TBRG4,0.13792779807949218
TBX1,-1.0056471450581221
TBX10,-0.41761691195461526
TBX15,0.022639496475039822
TBX18,-0.1881024270619467
TBX19,-0.33042391252584175
TBX2,0.035740466813475646
TBX20,0.5710108517092642
TBX21,-0.00714684191492021
TBX3,-0.4555669064752639
TBX4,-0.3104312952628894
TBX5,-0.9805743412899783
TBX6,-0.048123290177706224
TBXA2R,0.5978266573843949
TBXAS1,0.572589051832828
TBXT,0.19191970584931695
TC2N,-0.6935265452212668
TCAF1,0.26752122492351105
TCAF2,0.6654481562419421
TCAF2C,-0.10934420452882287
TCAIM,-0.023813561531423666
TCAP,-0.41272183082906677
TCEA1,-0.021076063762001773
TCEA2,-0.14645885545888082
TCEA3,-0.6165546069554124
TCEAL1,-0.11944971057268683
TCEAL2,0.18675632390716057
TCEAL3,1.5734798386493738
TCEAL4,0.17987438904513464
TCEAL5,0.10748252366803435
TCEAL6,-0.10817390886415978
TCEAL7,0.9790220295242689
TCEAL8,0.5710113437285207
TCEAL9,-0.04735565394690866
TCEANC,0.693795725218278
TCEANC2,-0.1571056360994465
TCERG1,-0.11445491325540935
TCERG1L,0.1878696817588255
TCF12,-0.25214798321635623
TCF15,-0.48845326064288025
TCF19,-0.5502947849587136
TCF20,-0.2523525214410207
TCF21,1.0388833940880575
TCF23,0.14146638233862108
TCF24,-0.47158773367378176
TCF25,0.0799918064127132
TCF3,0.20199676767972363
TCF4,-0.3582742519948807
TCF7,0.32120936353223617
TCF7L1,0.18663320200971423
TCF7L2,-0.8092441777270878
TCFL5,0.08443499097832863
TCHH,0.24458770554441278
TCHHL1,-1.4434745658921222
TCHP,-0.20179049685442685
TCIM,6.726466512674278e-07
TCIRG1,-0.1670763968714608
TCL1A,0.2697471202241619
TCL1B,0.2331954851996072
TCN1,-0.18819416691877855
TCN2,0.6012690905325222
TCOF1,-0.11961698598482995
TCP1,0.03052531235324807
TCP10L,-0.01764729703773507
TCP11,0.4780418384013899
TCP11L1,0.1378138708036598
TCP11L2,-0.21863726786809146
TCTA,-0.01487714164320586
TCTE1,-1.4433765877479083
TCTN1,-0.09447555660513185
TCTN2,-0.3511922040329296
TCTN3,0.0565139689401839
TDG,-0.08045199240371037
TDP1,-0.1474256367216702
TDP2,0.25740991809207525
TDRD1,-0.6929104859244356
TDRD10,-0.05186198375376505
TDRD12,0.2638136093996353
TDRD15,-1.6718610035596608
TDRD3,0.10001859782949252
TDRD5,-0.3229642497783751
TDRD6,-0.8288600688064083
TDRD7,0.3935283314182785
TDRD9,-0.19765674484010676
TDRKH,-0.3054153780679161
TDRP,0.06445632696165293
TEAD1,0.13291553146174317
TEAD2,-0.10199261256469382
TEAD3,0.4272184290251618
TEAD4,0.31733836535429133
TEC,-1.0269546916805439
TECPR1,-0.13538914240799116
TECPR2,-0.1333793246211945
TECR,0.09083061655647828
TECRL,0.018626924463970518
TECTA,-0.0077541371613865095
TECTB,-0.10817262294055396
TEDC1,-0.10874099410145988
TEDC2,0.20044641128948726
TEDDM1,-0.2311534420745136
TEF,0.4129373922561007
TEFM,-0.2899120895653926
TEK,0.0196379772213775
TEKT1,0.32893648913393636
TEKT2,-0.13607899195973688
TEKT3,0.07325451914981795
TEKT4,-0.3649718461448695
TEKT5,-0.7754737872098456
TEKTIP1,0.6595763394277459
TEKTL1,-0.08814226944389669
TELO2,-0.003805707879284803
TEN1,0.17386273971337918
TEN1-CDK3,0.17443526923787545
TENM1,-0.021225439510450972
TENM2,-0.190557788359073
TENM3,0.22946991825626928
TENM4,1.4604475151722949
TENT2,-0.11820864858915447
TENT4A,0.4297401894665738
TENT4B,-0.1582124740624069
TENT5A,-0.11941695139912323
TENT5B,-0.990582388610034
TENT5C,-0.22997345943959147
TENT5D,-0.12868735373996953
TEP1,-0.10267673306945424
TEPSIN,0.15656728650811935
TERB1,-0.21926748654251482
TERB2,1.5494640226963394
TERF1,-0.24663026333841032
TERF2,0.38337085464490306
TERF2IP,-0.1374291243511463
TERT,-1.0081374746246172
TES,-0.01672500950041833
TESC,0.2057200797064569
TESK1,-0.09836148480525964
TESK2,0.32757451594259424
TESMIN,-0.7590916875539365
TESPA1,-0.3702444827357223
TET1,0.16319979115048355
TET2,0.11105336421363798
TET3,-0.00990442602004915
TEX10,-0.19873529988956973
TEX101,0.5710117373438051
TEX11,0.9566386479640743
TEX12,1.413693730070432
TEX13A,-0.8338292942661523
TEX13B,0.4913499207939571
TEX13C,-0.08651143728936028
TEX13D,0.5710113437285207
TEX14,0.11066374529163525
TEX15,-0.0940828409093526
TEX19,0.8968509267801862
TEX2,-0.09857423906835816
TEX22,0.017888452588763037
TEX26,-0.23779199666896633
TEX261,-0.07808320044686257
TEX264,-1.214756076766009
TEX28,0.17255888624958415
TEX29,0.27984610149831834
TEX30,-0.2246208423588385
TEX35,0.26187150773060175
TEX36,-1.388963768460222
TEX38,-0.4351987237834123
TEX44,0.3266369948544017
TEX46,-0.357995166433803
TEX48,-0.5380553491787079
TEX50,0.01318565425125584
TEX51,0.24352743352876804
TEX52,-0.3873070354630448
TEX53,-0.43768312293163725
TEX54,0.04330613526787186
TEX55,0.015813139318622382
TEX9,-0.13325832597131093
TF,9.173790378458335e-07
TFAM,-0.0960044760287766
TFAP2A,0.4195962093204346
TFAP2B,0.40201016161292646
TFAP2C,-0.2235770316667267
TFAP2D,1.071168869081918
TFAP2E,-0.504661841529573
TFAP4,-0.2017766418728315
TFB1M,-0.2054150067205489
TFB2M,-0.13348440727002142
TFCP2,-0.17154004902953002
TFCP2L1,-0.662781561495986
TFDP1,-0.26013026898862
TFDP2,-0.5356301522535296
TFDP3,-0.8470871287627495
TFE3,0.0650531511720267
TFEB,0.3033207667184743
TFEC,-0.6424020387755985
TFF1,0.5975915017201631
TFF2,0.24737427329691467
TFF3,0.8918979679591788
TFG,0.13969594374102545
TFIP11,0.20417265622070735
TFPI,0.019029227164827578
TFPI2,0.9532513649777843
TFR2,0.17079640846892008
TFRC,0.11308584328922144
TG,0.18280296188335532
TGDS,-0.2911313024252342
TGFA,-0.20301198436151058
TGFB1,0.036859601363174566
TGFB1I1,-1.3472894226786691
TGFB2,0.2176954102326091
TGFB3,0.3938384396473462
TGFBI,0.4159520601471551
TGFBR1,0.01603606111103062
TGFBR2,0.27972908838064203
TGFBR3,-0.1793125826343931
TGFBR3L,0.08335258741204621
TGFBRAP1,-0.38380935506066827
TGIF1,0.2350309862265117
TGIF2,-0.12928348770538722
TGIF2-RAB5IF,-0.13696375664499882
TGIF2LY,0.7508856547344562
TGM1,-0.38054572272689935
TGM2,-0.03822671892362797
TGM3,-1.2510229182046364
TGM4,-0.18897292476977248
TGM5,0.7399285654493054
TGM6,0.3414230572113932
TGM7,-0.7411146119396147
TGOLN2,-0.0900251867713413
TGS1,-0.04818587264528151
TH,-0.21493841776943945
THADA,-0.10233264939839248
THAP1,-0.23718895529128137
THAP10,-0.459472672273864
THAP11,-0.26064121620704084
THAP12,0.32965435722144676
THAP2,0.12404469868704027
THAP3,0.319595836077637
THAP4,-0.05761876776489583
THAP5,0.07645999797095993
THAP6,-0.1387203919878992
THAP7,-0.1015373925786287
THAP8,0.07754585135890579
THAP9,0.3197253286921935
THBD,0.17773492814086578
THBS1,0.46653282789077233
THBS2,0.03798322322090253
THBS3,-0.2277350683457282
THBS4,-0.19482444928056042
THEM4,-0.19351775607135613
THEM5,0.2885999336825844
THEM6,-0.37929474363337956
THEMIS2,-0.6191076773215202
THG1L,-0.02954074265108142
THNSL1,0.06859505875232141
THNSL2,0.09218059942562545
THOC1,0.06407698860210509
THOC2,-0.1594724882552203
THOC3,0.49925203608765534
THOC5,-0.4610160278028679
THOC6,0.30943105325068654
THOC7,-0.2145144938199195
THOP1,0.2494755334584049
THPO,0.5377098132525171
THRA,0.13406708003133228
THRAP3,-0.006951890492287838
THRB,-0.22909374731228185
THRSP,-0.5458558879883775
THSD1,0.0970274842714427
THSD4,0.44817866307624143
THSD7A,0.051744433761881536
THSD7B,0.8836723917658874
THSD8,0.09736952352076411
THTPA,-0.03947119542443467
THUMPD1,-0.09763231929337657
THUMPD2,-0.5519300708268488
THUMPD3,-0.0451890867382958
THY1,-0.01658776339456236
THYN1,-0.23078506071917992
TIA1,-0.014068130101899001
TIAL1,-0.051515543073657355
TIAM1,0.14268139403862268
TIAM2,0.49674927236430344
TICAM1,0.4804942079439778
TICAM2,0.33220033974336527
TICRR,-0.23298724357969647
TIE1,0.4227753528138044
TIFA,0.17949503915363163
TIFAB,0.7552751134596807
TIGAR,0.25480504835975504
TIGD1,-0.04742466336679119
TIGD2,-0.008553905943828655
TIGD3,-0.2673570519207171
TIGD4,-0.14660636504186186
TIGD6,-0.11151635142229432
TIGD7,-0.3648765570107555
TIGIT,0.4868067623123873
TIMD4,-0.6885900782855097
TIMELESS,-0.11949492367140246
TIMM10,-0.1167404001531529
TIMM10B,-0.16356593738956438
TIMM13,0.11049522945150914
TIMM17A,0.3900021729627925
TIMM17B,0.062079980117517586
TIMM21,0.005526700266470286
TIMM23,-0.22072464571418782
TIMM23B,-0.2712968360396495
TIMM23B-AGAP6,-0.2671563968182453
TIMM29,0.1046924814241681
TIMM44,-0.03457339069510024
TIMM50,-0.23256170525686626
TIMM8A,-0.45710377611160613
TIMM8B,0.1955864544641832
TIMM9,-0.20428214072840145
TIMMDC1,0.02527040079845655
TIMP1,1.6642644121738406
TIMP2,0.014455660802272785
TIMP3,0.7110198546281778
TIMP4,-0.21443619878255904
TINAG,0.009673758824379042
TINAGL1,-1.0633098517864294
TINCR,0.8232029880139318
TINF2,0.05199391351020921
TIPARP,-0.10677121613776386
TIPIN,0.03550242569223361
TIPRL,0.03676783288735663
TIRAP,-0.10138485004878328
TJAP1,-0.13190857478755813
TJP2,-0.38023831752866427
TJP3,-0.6624269226666896
TK1,0.3605195625000439
TK2,-0.09089373221774322
TKFC,-0.4259566135759103
TKT,-0.16803302085855965
TKTL1,0.22310647912710835
TKTL2,-0.7189384323581641
TLCD1,-0.059620047746639315
TLCD3A,-0.010529736083504715
TLCD3B,-0.020013708051730195
TLCD4,0.08067930405331447
TLCD4-RWDD3,0.033817836679247204
TLCD5,-0.5615437676905826
TLDC2,-0.24654475409458682
TLE1,0.6076018517889241
TLE2,0.9843732170846724
TLE3,0.3067015250061509
TLE4,0.10862942615445537
TLE5,-0.05571563665000179
TLE6,-0.12329634111104815
TLE7,0.5508035713364768
TLK1,-0.3934567169189935
TLK2,0.0357568922253888
TLL1,-0.3964036195650047
TLL2,0.05715055854351525
TLN1,0.046055323532542936
TLN2,-0.46586812003577904
TLNRD1,-0.08571543162584128
TLR1,0.9703424146535311
TLR10,0.3706343593932113
TLR2,0.6975560120631216
TLR3,-0.10969874724179607
TLR4,-0.21698717641495335
TLR5,-0.061499240542464584
TLR6,0.9703425812850424
TLR7,-0.107024224159741
TLR8,1.5302966375596747
TLR9,0.0741884691821515
TLX1,-0.5131352176837567
TLX2,-0.525420448076783
TLX3,0.4712348542096909
TM2D1,-0.18858203374473792
TM2D2,0.05525553224600266
TM2D3,-0.19256760871771572
TM4SF1,-1.072186745234938
TM4SF18,-0.4045480632730144
TM4SF19,-0.11758996978853649
TM4SF19-DYNLT2B,-0.10344007792505588
TM4SF20,0.13814394253127338
TM4SF4,-0.2313894554211171
TM4SF5,0.9030308496734154
TM6SF1,-0.45915508133486016
TM6SF2,0.23034262115497356
TM7SF2,-0.050870245663135805
TM7SF3,-0.14566303600599362
TM9SF1,-0.15049134394258168
TM9SF2,0.052710751891477337
TM9SF3,-0.13055579913361903
TM9SF4,-0.24655750257658493
TMA16,-0.10095921957963494
TMA7,0.05690173515452379
TMA7B,0.12721114014042678
TMBIM1,-0.3684214150032683
TMBIM4,-0.2139768851105055
TMBIM6,0.41432670411559913
TMC1,0.28027268991442833
TMC2,0.19053275410369652
TMC3,-1.0854775075169552
TMC5,-0.05613146121455381
TMC6,-0.06855774406086557
TMC7,-0.13012581303708326
TMC8,-0.03530632782261378
TMCC1,0.043078107473117466
TMCC2,-0.012108749906331262
TMCC3,0.1822554383822641
TMCO1,-0.4001381918643183
TMCO2,-0.40077266902172104
TMCO3,-0.23791712868766002
TMCO4,-0.35297185510744766
TMCO5A,-0.4975799713254089
TMCO6,0.32993516113683263
TMDD1,-0.5355662809791386
TMED1,-0.019925451847471187
TMED10,0.1625080660328626
TMED2,-0.04591499456448034
TMED3,-0.1528915128584769
TMED4,0.01758490426602144
TMED5,-0.055874174078751615
TMED6,-0.016720560329503864
TMED7,0.26221274279380535
TMED7-TICAM2,-0.107527405319773
TMED8,-0.41828494361751556
TMED9,0.45754876572280234
TMEFF1,-0.32252140342204294
TMEFF2,-0.5352428585153597
TMEM100,0.6878154121782842
TMEM101,0.14700206422976891
TMEM102,0.5261119682508122
TMEM104,0.16081927434155308
TMEM106A,-0.2000063519446904
TMEM106B,-0.1348322667188162
TMEM106C,0.15180207111576216
TMEM107,0.14442646433656314
TMEM108,0.013331489027852639
TMEM109,-0.1399138506498776
TMEM11,-0.18851555650797547
TMEM114,0.7954498595377848
TMEM115,-0.047109752374845826
TMEM116,-0.026765996200732722
TMEM117,-0.5401527356852882
TMEM119,-0.5487185171931983
TMEM120A,-0.3689240757572807
TMEM120B,-0.20627770750736385
TMEM121,-0.2761505521576793
TMEM121B,-0.05866423493469132
TMEM123,0.6544474756258012
TMEM125,0.6329799318309812
TMEM126A,-0.013525020273024602
TMEM126B,-0.2783973591243263
TMEM127,-0.056105295585743065
TMEM128,-0.13875458676315056
TMEM129,-0.0827857765215434
TMEM130,-0.12953292274127381
TMEM131,0.11115588881340877
TMEM131L,-0.041171384175316295
TMEM132A,-0.14762823620666865
TMEM132B,0.24610085533691106
TMEM132C,0.057052765761397284
TMEM132D,-0.8438839667933136
TMEM132E,-0.2115015246069064
TMEM134,0.19071700460049623
TMEM135,-0.20580913376000343
TMEM138,-0.15410159332984197
TMEM139,0.9195285782665155
TMEM140,0.1606128178424786
TMEM141,0.11197360410623247
TMEM143,-0.028536567494028553
TMEM144,-0.9029465566264119
TMEM145,0.15394559367078614
TMEM147,-0.2816853962853427
TMEM14A,-0.4551639464446424
TMEM14B,0.052419121936011503
TMEM14C,0.06830570434054994
TMEM150A,-0.18102102603388115
TMEM150B,0.2936851564055163
TMEM150C,0.7174341188725866
TMEM151A,-0.4120391116923804
TMEM151B,-1.2501217718590987
TMEM154,-0.5472103692349544
TMEM156,-0.4299035152516697
TMEM158,0.6902039178058108
TMEM160,0.0894121635135745
TMEM161A,-0.2064668829303309
TMEM161B,-0.23255905833893165
TMEM163,-0.5673136937079266
TMEM164,-0.3146972342643166
TMEM165,0.12252359939872193
TMEM167A,0.14796371159094468
TMEM167B,-0.08580087541770487
TMEM168,-0.24655281039315646
TMEM169,0.47145383532500595
TMEM17,-0.6007196250313033
TMEM170A,0.23415446474487522
TMEM170B,0.25964321260233936
TMEM171,-0.1487794250839749
TMEM174,-0.07971143868723018
TMEM175,0.33506920637180926
TMEM176A,-1.108306700749588
TMEM176B,-1.3886383975281025
TMEM177,-0.5416265037124777
TMEM178A,0.696549603063856
TMEM178B,0.5629450961650508
TMEM179B,0.11781787839933866
TMEM18,-0.1412543382697784
TMEM181,-0.2786482321263106
TMEM182,-0.3485494397243225
TMEM183A,-0.07909624474688481
TMEM184A,0.48801608139599584
TMEM184B,0.6806232047130267
TMEM184C,0.14568708422642596
TMEM185A,0.8828082336049015
TMEM185B,-0.0633515716725741
TMEM186,0.08272633984354805
TMEM187,0.16899048233843939
TMEM19,-0.012725033636280525
TMEM190,0.04456158816684322
TMEM191B,0.23125120408748834
TMEM191C,1.357354020201762
TMEM192,-0.43520578415357214
TMEM196,-0.10147596819893656
TMEM198,-0.11003006653707592
TMEM199,-0.1316566588985424
TMEM200A,-1.1297193051243872
TMEM200B,-0.10750818720728955
TMEM200C,0.7225873574581145
TMEM201,0.23263914227161742
TMEM202,-0.37753244830834
TMEM203,0.2091434028823289
TMEM204,0.4531735380149658
TMEM205,0.10034410487944179
TMEM207,-0.1111003966603823
TMEM208,0.19146019569295047
TMEM209,-1.0098310387156686
TMEM210,-0.3429927761587189
TMEM212,-0.8565063714146364
TMEM213,-0.055475310805724654
TMEM214,-0.22598623476296664
TMEM215,0.13548596394965906
TMEM216,-0.13378088240703723
TMEM217,0.1120424775284361
TMEM217B,0.11309637149062501
TMEM218,-0.08359397624536236
TMEM219,-0.14878024813499646
TMEM220,-0.5645423340798543
TMEM221,-1.1765468779664343
TMEM222,-0.14894949737416363
TMEM223,0.05819943115303605
TMEM225,-0.5328479104698294
TMEM225B,0.21978411947614318
TMEM229A,-0.029648323201308946
TMEM229B,0.5007558710250475
TMEM230,0.2680547425393742
TMEM231,-0.4267549651655709
TMEM232,0.11611531797541907
TMEM233,-0.005764958863800462
TMEM234,-0.09202122547248504
TMEM235,0.2529970721609702
TMEM236,0.3210955589659117
TMEM237,-0.35126683683203463
TMEM238,-0.1656212580420542
TMEM238L,-0.3776503050832037
TMEM239,-0.2512988474232065
TMEM240,0.03254585963862877
TMEM241,0.2515383378618383
TMEM242,0.23367778370770864
TMEM243,-0.12499819230739373
TMEM244,-0.4186946802206515
TMEM245,0.13773316689119763
TMEM247,0.004733352054912543
TMEM248,-0.10860531839243537
TMEM249,0.01044179386769395
TMEM25,0.09702583388677244
TMEM250,-0.03153083447723137
TMEM252,1.7410795302180746
TMEM253,0.25146909230945014
TMEM254,0.01352087015157366
TMEM255A,-0.15663554297217686
TMEM256,0.4890333255393191
TMEM256-PLSCR3,0.4890825679569648
TMEM258,-0.075394434121268
TMEM259,0.20357176972440794
TMEM26,-0.2630848501475796
TMEM260,-0.45300593038796855
TMEM262,0.45916121868456816
TMEM263,-0.28981079876891336
TMEM265,0.1842003473139262
TMEM266,0.40803352798320663
TMEM267,0.17411396316631667
TMEM268,-0.1501320894744378
TMEM269,-0.5275126141273989
TMEM270,0.28477644812836833
TMEM271,-0.1651298419677878
TMEM272,-0.6059354790445008
TMEM273,-0.5884678819554083
TMEM275,-0.5451025515878092
TMEM276,0.1825438741743306
TMEM276-ZFTRAF1,0.1556737727661024
TMEM30A,-0.16686808596250913
TMEM30B,0.1217558967422574
TMEM31,0.06587402637478768
TMEM33,-0.1875279216235506
TMEM35A,-0.7433646948351103
TMEM35B,0.19614441439255703
TMEM37,-0.2165955605705097
TMEM38A,-0.13710769977252113
TMEM38B,-0.12168744150247646
TMEM39A,-0.03418218890844216
TMEM39B,0.03042862694626791
TMEM40,0.8219115519654545
TMEM41A,-0.309573254398372
TMEM41B,0.30433202473974585
TMEM42,-0.2697125832953686
TMEM43,-0.2941614733709006
TMEM44,-0.1354842144458832
TMEM45A,-0.9964167706288398
TMEM45B,1.1492434560869909
TMEM47,0.012165317373851181
TMEM50A,0.3130480016954955
TMEM51,-0.585483891590747
TMEM52,-0.13396570758393844
TMEM52B,0.1824893440231552
TMEM53,-0.07782100902742162
TMEM54,0.18751809725251775
TMEM59,-0.1568704256813067
TMEM59L,-0.7241752356948256
TMEM60,-0.22037717388688005
TMEM61,0.275869691803571
TMEM62,-0.5020243758504166
TMEM63A,-0.27660823613324714
TMEM63B,0.16864498491647018
TMEM63C,-0.14438906936945217
TMEM64,-0.8300032085293663
TMEM65,0.046776250420848875
TMEM67,-0.6984392004076012
TMEM68,-0.04532657394841255
TMEM69,0.08419970500098284
TMEM70,-0.07643444432950375
TMEM71,0.10094038422770474
TMEM72,0.07198370276936239
TMEM74,-0.40229317656640384
TMEM74B,0.6665984041812284
TMEM79,-0.03807462220891544
TMEM80,-0.4122150623683156
TMEM81,-0.18693778370211178
TMEM82,-0.5663640732806288
TMEM86A,0.7574014583939311
TMEM86B,-0.09174941731677033
TMEM87A,-0.09478936370066382
TMEM87B,-0.17996237166040263
TMEM88,0.5840404852026344
TMEM88B,0.2017639857653526
TMEM89,-0.5526581049326296
TMEM8B,-0.10203718343320745
TMEM9,0.3655768654251217
TMEM91,-0.05931873675834476
TMEM92,-0.3425653501604706
TMEM94,0.7314293206594257
TMEM95,0.32360520261947556
TMEM97,-0.03702187083762176
TMEM98,-0.05396377006608111
TMEM9B,-0.08978364632766489
TMF1,-0.10486382234344926
TMIE,-0.13403431905223473
TMIGD1,0.19552998161957014
TMIGD2,-0.39522903602016923
TMIGD3,-0.15983746211130456
TMOD1,-0.05091142814390803
TMOD2,0.18756943712926555
TMOD3,-0.17177943246182004
TMOD4,0.18261000595749732
TMPO,-0.006191815317231786
TMPPE,0.004578842177491715
TMPRSS11A,-0.559390393621066
TMPRSS11B,-0.09221319406249107
TMPRSS11D,0.5469551659699226
TMPRSS11F,1.2877801830380466
TMPRSS12,0.31524182518281396
TMPRSS13,0.7794865303402898
TMPRSS15,0.2616858981321615
TMPRSS2,0.6360874618982051
TMPRSS3,1.162131018676521
TMPRSS4,-0.006794871381526901
TMPRSS5,0.6031101414392754
TMPRSS6,0.3234874924569641
TMPRSS7,1.1315619047022543
TMPRSS9,0.570957555329795
TMSB10,0.14643620121526713
TMSB15A,0.09097843249406168
TMSB15B,0.08792943593766989
TMSB4X,0.5017099038012502
TMSB4Y,0.2673017506458386
TMT1A,-0.39430593700671723
TMT1B,-0.5652066215783023
TMTC1,-0.31801807625741074
TMTC2,-0.19033189540235096
TMTC3,-0.032564457759328036
TMTC4,0.28450547512399105
TMUB1,0.06922367519675987
TMUB2,0.10729240938753115
TMX1,-0.1319202546317335
TMX2,-0.16083091379743308
TMX3,0.06184321207878618
TMX4,0.01222330163070895
TNC,-0.03701679937624869
TNFAIP1,-0.04225651535969366
TNFAIP2,0.4237575157413176
TNFAIP3,0.3169405785159216
TNFAIP6,0.8385542340335104
TNFAIP8,-0.2156398550753309
TNFAIP8L1,0.2771304814559863
TNFAIP8L2,-0.20928586492524293
TNFAIP8L3,0.523102441412211
TNFRSF10A,-0.014852243939731835
TNFRSF10B,-0.014372881846021812
TNFRSF10C,-0.7090224312279509
TNFRSF10D,1.0808223096959975
TNFRSF11A,0.1478478085526711
TNFRSF11B,0.3531217993513587
TNFRSF12A,0.5552072821805273
TNFRSF13B,-0.6735283565327244
TNFRSF13C,-0.4774944539358734
TNFRSF17,-0.9381523983837714
TNFRSF18,0.15360715458995167
TNFRSF19,-0.45029775204408784
TNFRSF1A,-0.5330208362368156
TNFRSF1B,0.1356420685863018
TNFRSF21,0.6659964234156639
TNFRSF25,-0.25956614038993464
TNFRSF4,1.489829990924707
TNFRSF6B,0.7070264994134134
TNFRSF8,0.21153441628746794
TNFRSF9,0.1856674095848464
TNFSF10,-0.26577342597344256
TNFSF11,-0.9176172697219384
TNFSF12,-0.5186375727499428
TNFSF12-TNFSF13,-0.5314299836517811
TNFSF13,-0.13949443151277252
TNFSF13B,0.22885074506591563
TNFSF14,-0.9802151548547247
TNFSF15,0.35300396455607497
TNFSF4,0.12881681445191973
TNFSF8,0.4766836255451965
TNFSF9,0.13990187610505078
TNIK,-0.168040384543799
TNIP1,0.9402464404350344
TNIP2,0.15373998359100893
TNIP3,-0.3495950732275302
TNK1,-0.03102203581699412
TNK2,0.1720384836390808
TNKS,-0.10515152886249712
TNKS1BP1,-0.22264547557713676
TNKS2,-0.016258829753788895
TNN,0.3198694654471554
TNNC1,-0.2967464398557893
TNNC2,-0.7398736566458419
TNNI1,0.2554199234216548
TNNI2,0.6110293627780179
TNNI3,0.03783446549553923
TNNI3K,0.7893934066492352
TNNT1,-0.5655177336143711
TNNT2,-0.2753129765322267
TNNT3,1.4056944217233966
TNP1,0.14201785410761558
TNP2,1.0559276519170602
TNPO1,0.08183804972671949
TNPO2,0.09824455207791605
TNPO3,-0.027261916226798633
TNR,-1.0933711240476756
TNRC18,0.44165047793290846
TNRC6A,0.9031761499384094
TNRC6B,-0.1785733664299105
TNRC6C,0.09763021743091649
TNS1,-0.035372969041439495
TNS2,-0.09480993803060223
TNS3,-0.7956706823618056
TNS4,0.1264249213115182
TOB1,0.17115574071060902
TOB2,0.15812304874222072
TOE1,-0.07329965362712798
TOGARAM1,-0.11304137681177728
TOGARAM2,0.0156693761849791
TOLLIP,-0.001035834004615488
TOM1,0.3736402092023079
TOM1L1,-0.13446111572148722
TOM1L2,0.051262970343949554
TOMM20,0.014214347766444035
TOMM20L,0.02256590625976207
TOMM22,0.04578392265770903
TOMM34,0.36182947258887665
TOMM40,0.05694145186761901
TOMM40L,-0.4293304370165125
TOMM5,-0.15135225566020294
TOMM6,-0.30991971760627646
TOMM7,-0.06579706764349424
TOMM70,0.011310503721976062
TOMT,0.1439157776497575
TONSL,-0.13566784405254984
TOP1,-0.08057322832100322
TOP1MT,0.3349453890923746
TOP2A,0.0581472703199859
TOP2B,0.03300415923984801
TOP3A,-0.04746492713186168
TOP3B,-0.582038061416587
TOP6BL,0.00902293556464473
TOPAZ1,-0.6619407960580315
TOPBP1,0.2092852192464294
TOPORS,-0.29200967113561394
TOR1A,0.010722668538469815
TOR1AIP1,0.0
TOR1AIP2,-0.02216100731588666
TOR1B,0.017883445499428774
TOR2A,-0.2654743230204981
TOR3A,-0.2476130239390777
TOR4A,0.8782331157245179
TOX,0.22716758032975237
TOX2,-0.1137024741714816
TOX3,1.60213588874918
TOX4,-0.1187424717412977
TP53,0.11571474136861859
TP53AIP1,-0.15542433904820796
TP53BP1,-0.05351041008305035
TP53BP2,-0.007664624934566433
TP53I11,0.5726535693880377
TP53I13,-0.2028799664406984
TP53I3,-0.3935850050194625
TP53INP1,0.034452776817459174
TP53INP2,0.28327013690783254
TP53RK,-0.19572898461443788
TP53TG5,-0.055075716787716944
TP63,0.28524411765647706
TP73,0.048016731885460295
TPBG,-0.26354122371210265
TPBGL,0.638336610792831
TPCN1,-0.34373614707836175
TPCN2,0.37807374880715283
TPD52,-0.2728765640379311
TPD52L1,-0.23759886963396348
TPD52L2,0.09026674146618863
TPD52L3,0.5582565882609596
TPGS1,-0.17715046128285472
TPGS2,-0.2774378428164095
TPH1,0.03710713524615605
TPH2,0.8147657477810185
TPI1,0.12338569437368996
TPK1,0.019498000920766145
TPM1,-0.1958497171735185
TPM2,0.8761546528285945
TPM3,-0.4458377490430382
TPM4,0.08881380580567144
TPMT,0.28132651177208645
TPP1,0.3577851774287919
TPP2,-0.2754282888593389
TPPP,0.5710110485169868
TPPP2,0.1918575689581401
TPPP3,-0.6859772737270199
TPR,-0.07516518399161587
TPRA1,-0.0872762738377304
TPRG1,-0.15946618746338093
TPRG1L,-0.20797949078757494
TPRKB,-0.24171873693060553
TPRN,0.223261669129601
TPRX1,-0.10779300868492969
TPRX2,-1.143130897406542
TPSAB1,-0.09124240778425996
TPSB2,0.13426043835036916
TPSD1,-0.0866977411147325
TPSG1,-1.151692907533821
TPST1,-0.4180982626633263
TPT1,0.11333203843023298
TPTE,-0.33131705576893733
TPTE2,-0.18348285209229664
TPTEP2-CSNK1E,0.21368181531901254
TPX2,0.12601045030605107
TRA2A,-0.013804402629718382
TRA2B,0.21682863462957336
TRABD,0.17407212255855153
TRABD2A,0.12726084925249026
TRABD2B,-0.7097895464174718
TRADD,0.23180451325295204
TRAF1,-0.15389527470576247
TRAF2,0.5171903548216248
TRAF3,-0.277338687084125
TRAF3IP1,0.0726947469465915
TRAF3IP2,-1.8226293374998135
TRAF3IP3,-0.34629800071366734
TRAF4,0.731563848709941
TRAF5,0.05588475980110008
TRAF6,-0.07691330426116183
TRAF7,0.24404335481047168
TRAFD1,0.11086998038428142
TRAIP,-0.2914888816340251
TRAK1,-0.08790660155216079
TRAK2,0.05293742419992231
TRAM1,0.28606606145814784
TRAM1L1,-0.24507020434528837
TRAM2,0.9225802539873418
TRANK1,-0.18532185598909606
TRAP1,0.25126221490800527
TRAPPC1,0.05930772541221785
TRAPPC10,0.004770077980550624
TRAPPC11,0.016909395059315102
TRAPPC12,-0.07684449651340852
TRAPPC13,-0.24980411293001747
TRAPPC14,0.2374096751220638
TRAPPC2,0.1246252044851226
TRAPPC2B,1.1103732770601873
TRAPPC2L,0.4409557361636507
TRAPPC3,-0.10377519550713554
TRAPPC3L,0.29735605710342194
TRAPPC4,-0.034605747566184064
TRAPPC5,0.11976476244075807
TRAPPC6A,0.10331446638146957
TRAPPC6B,0.026695002714590466
TRAPPC8,-0.23089634336142373
TRAPPC9,-0.045625324890087526
TRARG1,0.4432020910259782
TRAT1,-0.7977963897759925
TRDMT1,-0.035590533312717554
TRDN,0.1188605453433087
TREH,0.3258964424615105
TREM1,-0.4543110343574348
TREM2,-0.8961220239973477
TREML1,1.6865350164690915
TREML2,-0.22587979482383314
TREML4,1.5257783789531227
TRERF1,0.2015496476056038
TREX1,-0.04824242423006986
TREX2,-0.2772470552698856
TRH,0.014133896104063237
TRHDE,-0.624700847083987
TRHR,0.1679828454088339
TRIAP1,-0.039822280882948036
TRIB1,0.5359586221940038
TRIB2,-0.5478262647590841
TRIB3,0.6697357464089089
TRIL,-0.7990154096103632
TRIM11,-0.22324472791103567
TRIM13,0.3045373116844674
TRIM14,-0.4028398880541961
TRIM16,0.1431862794266172
TRIM17,0.4496485858875677
TRIM2,-0.13232552359890692
TRIM21,-0.15978122139979467
TRIM22,-0.05708251541713405
TRIM23,-0.19755832246834704
TRIM24,0.4769675216118525
TRIM25,-0.26578808332995596
TRIM28,0.0618320539863193
TRIM29,0.21095547716839003
TRIM3,-0.2788498257736671
TRIM32,0.21477175545892502
TRIM33,0.034610582483264096
TRIM34,0.18488783502247075
TRIM35,0.2456144878712081
TRIM36,-0.21818329945617476
TRIM37,-0.2041309554868107
TRIM38,-0.027192991696551427
TRIM4,0.24344524789619326
TRIM41,0.0365330628630085
TRIM42,-0.22509438270559534
TRIM43,0.5070057788909335
TRIM43B,-0.49925248106682174
TRIM44,-0.1044191064772968
TRIM45,-0.2031944258191012
TRIM46,0.07110419820081582
TRIM47,0.02004246710569557
TRIM48,-0.7899648687918721
TRIM49,-0.014811626613218998
TRIM49B,-0.9782297790468757
TRIM49D1,-1.167444951594435
TRIM49D2,-0.8288601632940324
TRIM5,-0.5965263004139
TRIM50,-0.5232297582951397
TRIM51G,-0.09124038831263404
TRIM52,-0.23618004588424935
TRIM54,-0.15218639999733097
TRIM55,0.1579824800989278
TRIM56,-0.04787668266150735
TRIM58,-0.26064775241299554
TRIM59,-0.23682452359633532
TRIM59-IFT80,-0.12932723505889232
TRIM6,0.4834574294850116
TRIM6-TRIM34,0.11813975111052288
TRIM60,0.6012243022781554
TRIM61,-0.4754196749939896
TRIM62,-0.38696204389980693
TRIM63,0.0005068277051323289
TRIM64C,1.2787865930007865
TRIM65,-0.1596986343306983
TRIM66,0.0656480499495915
TRIM67,-2.2334856961119947
TRIM68,-0.3691428010266158
TRIM7,0.5757312917683096
TRIM71,0.5257289755740816
TRIM72,0.24582244674158793
TRIM74,-0.09124028990878275
TRIM75,1.1670226429862416
TRIM77,-0.40508229631789794
TRIM8,0.33624313085119084
TRIM9,-0.1659715665997075
TRIML1,-0.26426811641395975
TRIML2,0.7143746603573375
TRIO,0.2993169231306636
TRIOBP,-0.0628103047369648
TRIP10,-0.07409610784963583
TRIP11,-0.1426340545596636
TRIP12,0.16194771881621772
TRIP13,-0.23491114166917804
TRIP4,0.05358936622388999
TRIP6,-0.0415136889541996
TRIQK,0.13857549166539385
TRIR,0.2060663806281431
TRIT1,-0.11410596206271517
TRMO,0.33280997791888023
TRMT1,0.22893181697285492
TRMT10A,0.3053846435858514
TRMT10B,-0.07946791250468732
TRMT10C,-0.014995977294415042
TRMT11,-0.2766535855546217
TRMT112,-0.06692339790887569
TRMT12,-0.25542431415033695
TRMT13,-0.3317204475516524
TRMT1L,-0.28708839747781223
TRMT2A,0.12200400672303058
TRMT2B,-0.08623289094161457
TRMT44,-0.04597240725473695
TRMT5,-0.06843892347632252
TRMT6,-0.1385368694460527
TRMT61A,0.33062423831545695
TRMT61B,-0.17497323070891468
TRMT9B,-0.3378037571090293
TRMU,-0.019089927838908283
TRNAU1AP,-0.19387910152574594
TRNP1,-0.6561348457258602
TRNT1,0.12769519442717403
TROAP,-0.35931883548686105
TRPA1,-0.04732137191532604
TRPC1,-0.2533460350279131
TRPC3,-0.8049794391433184
TRPC4,-0.45599896164171727
TRPC4AP,-0.303063582835954
TRPC5,0.06822457861707365
TRPC5OS,0.6704392846818652
TRPC6,-0.10358657969252372
TRPC7,0.9535609788547004
TRPM2,-0.1394675372391415
TRPM3,-0.2527455038839974
TRPM4,0.13665495910131586
TRPM5,-0.3651289174183716
TRPM6,-0.19256205972172902
TRPM7,-0.19453722675184348
TRPM8,1.24223772177114
TRPS1,-0.970955801758572
TRPT1,-0.045530908680905036
TRPV1,-0.4558474215517463
TRPV2,-0.03430318639641072
TRPV3,1.641662895934747
TRPV4,0.3624885337186542
TRRAP,0.2679463097441728
TRUB1,0.1628528256149635
TRUB2,-0.1263471651011483
TSACC,0.047228655198702896
TSC1,0.08745899844175331
TSC2,0.25186533618595686
TSC22D1,0.12507299573819708
TSC22D2,-0.06389764145755894
TSC22D3,0.21747226307981998
TSC22D4,-0.047146717005774885
TSEN15,-0.22097800543496415
TSEN2,-0.4243665885753858
TSEN34,1.130415407682451
TSEN54,-0.034535693214954755
TSFM,-0.22956480403595858
TSG101,-0.20510966285538057
TSGA10,-0.31488086615560285
TSGA10IP,-0.09520042355524588
TSGA13,0.4227576402997024
TSHB,1.9680770924068725e-07
TSHR,-0.15585295068670924
TSHZ1,-0.08221285703991743
TSHZ2,0.21639764907781478
TSHZ3,0.4080109525081319
TSKS,0.24732951653289287
TSKU,0.19729134673484383
TSLP,0.863757174478488
TSN,0.14606573601751816
TSNARE1,-0.8946059846461862
TSNAX,-0.20786115048339315
TSNAX-DISC1,-0.20632037194684738
TSNAXIP1,-0.1541806484607453
TSPAN1,1.5410057161481157
TSPAN10,0.014176458843584872
TSPAN11,1.1034264005009056
TSPAN12,-0.38798652224110797
TSPAN13,0.5504389504488468
TSPAN14,-0.1231611203665004
TSPAN15,-0.3107020411256016
TSPAN16,0.09252651469045897
TSPAN17,-0.4106539673980558
TSPAN18,0.7306982996639781
TSPAN19,0.7244373171843957
TSPAN2,0.11787077313448674
TSPAN3,-0.5996478790254289
TSPAN31,-0.46434982112182865
TSPAN32,-0.4452283025284419
TSPAN33,0.7526363155621136
TSPAN4,0.009934485752791655
TSPAN5,-0.5172586068560623
TSPAN6,-0.32043051197238004
TSPAN7,-0.08149607483298471
TSPAN8,-0.49126863559427947
TSPAN9,-0.5614008749628729
TSPEAR,0.30341502900186634
TSPO,-0.03464006592636437
TSPO2,-0.7736380770943163
TSPOAP1,0.040124623093301004
TSPY1,0.25707397053006087
TSPY2,0.3482642700701484
TSPYL1,-0.18226344648390125
TSPYL2,0.38847367982827796
TSPYL4,-0.08864773887902144
TSPYL5,0.2762962443982899
TSPYL6,-0.3035781049944064
TSR1,-0.07715174905790878
TSR2,-0.3500881693000615
TSR3,0.03354277594427413
TSSC4,-0.032982901640985496
TSSK1B,0.49311853628667524
TSSK2,-0.2531117580051563
TSSK3,-0.1360846615301723
TSSK4,-0.1948274842500246
TSSK6,-0.008181240118493971
TST,0.13488853303059933
TSTD1,0.3764997172035742
TSTD2,0.0433911830614484
TTBK1,0.5079144087895145
TTBK2,-0.34584345166510744
TTC1,0.7485671431944145
TTC12,-0.1432955654127248
TTC13,0.07694288103474012
TTC14,-0.10893569670584169
TTC16,-0.2483336152901221
TTC17,0.05005398690393292
TTC19,0.15360091259789854
TTC21A,-0.28074659836048266
TTC21B,-0.08592362545783949
TTC22,0.05615049117327864
TTC23,0.03894325979795532
TTC23L,-0.4120734676287807
TTC24,-0.23463857899308413
TTC27,-0.3740939998900146
TTC28,0.7640086138033138
TTC29,-0.9155278161893519
TTC3,0.10851151845568285
TTC31,-0.10531208964440086
TTC32,-0.16915012500649151
TTC33,-0.14512939733078722
TTC34,-1.069913856677017
TTC36,0.24082938138203236
TTC38,-0.179034702042552
TTC39A,0.6409518004883601
TTC39B,0.18136591678772018
TTC39C,0.12174060295071229
TTC4,0.1536346406093334
TTC5,0.4037840031336659
TTC6,0.9924219730645922
TTC7A,-0.2555688759712744
TTC7B,-0.23354894321325304
TTC8,-0.549062473114823
TTC9,-0.8978698787470666
TTC9B,0.3750712994389832
TTC9C,-0.10377219900817547
TTF1,-0.24394243818871786
TTF2,0.002862065395896174
TTI1,-0.14737267806569854
TTI2,-0.08226947217636393
TTK,-0.3572189801899648
TTL,-0.16059767712719086
TTLL1,-0.20291457391203216
TTLL10,0.1293260851920719
TTLL11,-0.02446964951288777
TTLL12,0.12750327934284877
TTLL13,0.47979551489179695
TTLL2,-1.2052237224734563
TTLL3,0.0482805765200256
TTLL4,-0.2058506803242679
TTLL5,1.0943335585256062
TTLL6,0.33604679892024636
TTLL7,-0.3114685425271504
TTLL8,0.2717080970701115
TTLL9,-0.2096871424347776
TTN,-0.7019067511649029
TTPA,-0.08720800399427375
TTPAL,-0.20369302010936963
TTR,-0.40853346238276345
TTYH1,0.5710113437285207
TTYH2,0.12198490933387118
TTYH3,-0.2606831367084559
TUB,-0.6635061613208231
TUBA1A,-0.1875866527045349
TUBA1B,0.06329811919688844
TUBA1C,-0.1823983901196904
TUBA3C,0.5129418501588858
TUBA3D,0.036973166293817805
TUBA3E,0.3112303031840584
TUBA3FP,-0.008974743674524
TUBA4A,0.8154082067298298
TUBA4B,0.11345408201298124
TUBA8,-0.5892249628989301
TUBAL3,0.058401226843072473
TUBB1,-0.5512928816620303
TUBB2A,1.5333178795823643
TUBB2B,-0.2004279402029181
TUBB3,0.3352101703932815
TUBB4A,0.44052886896502597
TUBB4B,-0.023009339966756137
TUBB6,0.5672134062137673
TUBB8,1.4961404102044056
TUBB8B,0.02249508657896704
TUBD1,-0.36417035467666636
TUBE1,-0.5352172440932441
TUBG1,0.15448980941647328
TUBG2,0.38039956002554587
TUBGCP2,-0.1765279743820034
TUBGCP3,-0.10605711158862352
TUBGCP4,-0.24177490687651693
TUBGCP6,0.03622369186814822
TUFM,0.2334818676211814
TUFT1,-0.3036064401171745
TUG1,0.1291487384140373
TULP1,0.5316321058102322
TULP2,-0.07247952278474035
TULP3,-0.18237401900716232
TULP4,0.06544058513010054
TUNAR,-0.4929860528182495
TUSC1,0.12308072980955909
TUSC2,-0.08576332921291918
TUSC3,0.2699837310774704
TUT1,-0.08318074805375897
TUT4,-0.2896388948248809
TUT7,0.3801913226606768
TVP23A,0.018696048056824566
TVP23B,0.32324441620635325
TVP23C,-0.14109455433355644
TVP23C-CDRT4,-0.13691453422092503
TWF1,-0.026854954597342662
TWF2,-0.04660029994375403
TWIST1,-0.3440608761855586
TWIST2,0.39957931762928334
TWNK,-0.17948519831207443
TWSG1,-0.6186058065989035
TXK,0.9634171209451614
TXLNA,0.07330526179278607
TXLNB,-0.04089231574049279
TXLNG,0.10572785648836103
TXN,0.612191740790494
TXN2,-0.009229220481698164
TXNDC11,0.12506339381619913
TXNDC12,0.07402751897125359
TXNDC15,-0.23306043357550932
TXNDC16,-0.02450183080421109
TXNDC17,-0.1104929893333928
TXNDC2,-0.021221680128813758
TXNDC5,-0.15699951541208534
TXNDC8,0.5354811502943386
TXNDC9,0.0139662154073254
TXNIP,0.015502986650711481
TXNL1,0.0072845280850155625
TXNL4A,0.050179686037985505
TXNL4B,-0.3638733199383233
TXNRD1,0.5378364798358575
TXNRD2,0.1999478822045786
TXNRD3,-0.8321252843782312
TYK2,0.21591268640046923
TYMP,0.26204732526619257
TYMS,0.12025515710325418
TYR,-0.01551264448907741
TYRO3,-0.05934062705124621
TYROBP,0.07600849895394346
TYRP1,-1.1820323674895263
TYSND1,0.24604473650857983
TYW1,0.22252878491779526
TYW1B,0.263229350797328
TYW3,0.498796220693976
TYW5,-0.2589943501139702
U2AF1,0.4569009992739058
U2AF1L4,0.3104065725700291
U2AF2,-0.2064844961804484
U2SURP,0.2976788543248378
UACA,0.07945734835198637
UAP1,0.15793936053301838
UAP1L1,0.011507885949800123
UBA1,0.13724285395748836
UBA2,-0.19448308253254698
UBA3,0.033696005432824805
UBA5,-0.18749620462126304
UBA52,0.07970518759874023
UBA6,-0.01739409827843419
UBA7,-0.29807485136174217
UBAC1,0.47422188893042705
UBAC2,0.39105575742792276
UBALD1,0.1290654475217523
UBALD2,0.17828885417327545
UBAP1,-0.19154330790671814
UBAP1L,-0.5666589164379069
UBAP2,-0.12270736095548163
UBAP2L,0.002970594027797091
UBASH3A,0.6528323253987427
UBASH3B,0.666095022171397
UBB,0.10878592856597713
UBC,0.5029622519303008
UBE2A,-0.034793191584648886
UBE2B,0.4072205981368211
UBE2C,-0.22897062815240776
UBE2D1,-0.3723687475605133
UBE2D2,-0.847689806368866
UBE2D3,-0.028300577710128394
UBE2D4,0.1391320361728745
UBE2E1,-0.18245988040754924
UBE2E2,-0.7491314347622888
UBE2E3,0.07504863744633539
UBE2F,0.2953336228131529
UBE2F-SCLY,0.29555275828993444
UBE2G1,0.12266399196104505
UBE2G2,-0.1554945352288999
UBE2H,-0.07820741344444482
UBE2I,0.38792715503462505
UBE2J1,-0.07608981946433513
UBE2J2,-0.21964460825439325
UBE2K,0.01677482934546859
UBE2L5,-0.07565867511452984
UBE2L6,-0.007347025592077117
UBE2M,-0.14732119908236374
UBE2N,0.058808617038086375
UBE2O,0.425445739799005
UBE2Q1,0.048957294236545046
UBE2Q2,-0.6174775195349498
UBE2QL1,-0.7051492812732072
UBE2R2,-0.005515659340338708
UBE2S,-0.07717189034907967
UBE2T,-0.2857317527238692
UBE2U,0.7638353083893552
UBE2V1,0.07221784564441203
UBE2V2,-0.09302739676274197
UBE2W,-0.08899450697658828
UBE2Z,-0.0902159226043091
UBE3A,-0.2229200449375135
UBE3B,-0.16763715077333163
UBE3C,-0.168534976086411
UBE3D,-0.056376785961542275
UBE4A,-0.0035628548865278553
UBE4B,-0.26253099407697
UBFD1,0.0016125911134245996
UBIAD1,-0.18188401965908296
UBL3,-0.3442254167617351
UBL4A,0.17604948613672677
UBL4B,-0.8410001141735994
UBL5,-0.14422762137424394
UBL7,-0.27357821712607766
UBLCP1,0.054852428776927864
UBN1,0.16912022654421532
UBN2,-0.32659120948129816
UBOX5,0.010544693879367628
UBP1,-0.08503957003732943
UBQLN1,0.1681306611271074
UBQLN2,0.34077450774345763
UBQLN3,1.1873500369677918
UBQLN4,-0.06810054164052026
UBQLNL,-0.5597384200179567
UBR1,0.04873620705756476
UBR2,0.15553830094870236
UBR3,-0.13761152657822073
UBR4,0.1625865073007544
UBR5,0.4892232885957233
UBTD1,-0.014461191057538514
UBTD2,0.10690496733530797
UBTF,0.09923108791819724
UBTFL1,-0.408010906909531
UBXN1,0.02554457921023534
UBXN10,-0.27271638333370785
UBXN11,-0.014661055623935437
UBXN2A,0.11844034025981465
UBXN2B,-0.5322843200736833
UBXN4,0.021405889055103877
UBXN6,0.25897048256535804
UBXN7,-0.215551167186125
UBXN8,0.415101604950598
UCHL1,0.5845789185366279
UCHL3,0.3063005056475756
UCHL5,0.08343552608842586
UCK1,-0.18532544021372033
UCK2,-0.3954752647723838
UCKL1,0.23883503042533816
UCMA,0.5599192273049686
UCN,-0.3064282839688063
UCN2,0.3840793395305997
UCN3,0.9758834053842685
UCP1,-1.103874217838874
UCP2,-0.1684227367496618
UCP3,0.2927128145351339
UEVLD,0.203144061287023
UFC1,-0.36442880787860155
UFD1,-0.05273941978762142
UFL1,-0.28566095502069544
UFM1,-0.24847277609738594
UFSP1,-0.17855985719273626
UFSP2,-0.019115235574648004
UGCG,-0.08548141769754766
UGDH,0.18141859700702057
UGGT1,-0.10610736269919219
UGGT2,0.07737382298206752
UGP2,0.029627665203448394
UGT1A1,-0.9021678912358253
UGT1A10,0.2839870209550548
UGT1A3,0.2314543915079501
UGT1A4,0.4359566028403765
UGT1A5,-0.021915469638456253
UGT1A6,0.2864128622028814
UGT1A7,0.3692631286763608
UGT1A8,-0.7257060696454563
UGT1A9,-0.07562778987912022
UGT2A1,0.13345108902982328
UGT2A2,0.7834010799694027
UGT2B11,-0.07562688306046361
UGT2B4,1.0641961183586366
UGT2B7,-0.022383398941385302
UGT3A1,0.8981722127771461
UGT3A2,-0.522933213490637
UGT8,-0.8535358231454893
UHMK1,-0.2868102856890853
UHRF1,0.9142518935135728
UHRF2,0.05001158739519429
UIMC1,-0.41324520489883376
ULBP1,0.1898989677864833
ULBP2,0.3415625660174455
ULBP3,-0.2063453836074134
ULK1,0.15720240135373675
ULK2,-0.07620988526406935
ULK3,-0.24310285371772
ULK4,-0.2954007658805633
UMAD1,0.05630254197750162
UMOD,0.4599818687817252
UMODL1,0.1333427985972445
UMPS,-0.14719971484162508
UNC119,-0.1259098262174989
UNC119B,-0.4922368012545659
UNC13A,1.922957751649124
UNC13B,-0.033344592801128004
UNC13C,-0.2565071996198684
UNC13D,-0.08991993530503084
UNC45A,-0.09978577509564701
UNC45B,0.4043053488992417
UNC50,-0.03206540776024802
UNC5A,0.4091094701704162
UNC5B,0.4204119723362425
UNC5C,0.28482497334621826
UNC5CL,-0.051871997640195594
UNC5D,-0.23163436000781878
UNC80,-1.0527345239763652
UNC93A,-0.1346836277445782
UNC93B1,-0.2848058754540239
UNCX,2.1231735837916483
UNG,-0.11581104990158231
UNK,-0.045314680298199406
UNKL,0.15748470537233805
UPB1,0.7232489973991623
UPF1,-0.09913314398606499
UPF2,0.022444190829555843
UPF3A,-0.19521498590364317
UPF3B,0.03444517164956329
UPK1A,0.8714228500660338
UPK1B,-0.87772107253168
UPK2,-0.43305391928812464
UPK3A,0.4725104914231374
UPK3BL1,1.296719093093627
UPK3BL2,0.18394581214110817
UPP1,1.884046250161239
UPP2,-0.13233744786785984
UPRT,0.16638866004702713
UQCC1,-0.34134159314277435
UQCC2,-0.2955198422172174
UQCC3,-0.01597955218494551
UQCC4,0.11669448184388331
UQCC5,0.10480807722514651
UQCC6,-0.07696439842861835
UQCR10,-0.16556233777523133
UQCR11,-0.15803824432241864
UQCRB,0.020831305819774215
UQCRC1,0.06944684324089989
UQCRC2,-0.026216508266054817
UQCRFS1,0.13754322298195376
UQCRH,-0.28689120443372396
UQCRHL,0.8735500053805738
UQCRQ,-0.041786405415488836
URAD,-0.3037013664340425
URB1,-0.13877536063302554
URB2,-0.17679716784011124
URGCP,0.14038230650022987
URGCP-MRPS24,0.019826153258731827
URI1,0.3053440711724664
URM1,-0.13369613511248613
UROC1,-0.027312029154956674
UROD,-0.11925093100269324
UROS,0.03203957340379748
USB1,-0.033062816903872694
USE1,0.14485394373834648
USF1,-0.09421586364063828
USF2,0.10698138218586672
USF3,-0.021032743553795363
USH1C,1.2667229304365168
USH1G,0.6121475817238975
USH2A,-0.257226218585465
USHBP1,0.10994942285424214
USO1,0.04144753057457695
USP1,-0.12309045362633508
USP10,-0.13887599952739427
USP11,0.22239536478022348
USP12,0.4288067672786653
USP13,-0.08523804651669842
USP14,0.20650430278730436
USP15,-0.19211613365857616
USP16,-0.08618111169433451
USP17L1,0.5710117373438051
USP17L23,-0.06081645049433515
USP18,0.2516379659610304
USP19,-0.310651592051606
USP2,-0.4083936142133786
USP20,0.009252479329022734
USP21,-0.3859908776917762
USP22,0.614793164806386
USP24,-0.09336345654769307
USP25,-0.28327481594589443
USP27X,-1.044617017568389
USP28,-0.5918889859007832
USP29,0.21922333862923749
USP3,0.007064879560217285
USP30,-0.19989434813269824
USP31,0.0434320468233893
USP32,-0.8449867257847685
USP33,-0.4276246856997039
USP34,0.008647820363697711
USP35,0.09446727528383692
USP36,0.1292320955878088
USP37,-0.17957447961335493
USP38,0.03865618310274588
USP39,-0.13622614719536363
USP4,-0.015179894224235824
USP40,-0.04256435129558622
USP42,-0.06351428102886203
USP43,-0.1494340191497503
USP44,0.4931394618020295
USP45,-0.4218627133851611
USP46,0.2849855800592911
USP47,-0.2049721081150766
USP48,0.02763562501205641
USP49,-0.2867596700463513
USP5,-0.10702444991835858
USP50,-0.8151577503722514
USP51,-0.25461274602192097
USP53,-0.06601773918403131
USP54,-0.36040507252740817
USP6,-0.6192173118627111
USP6NL,0.03954950945245628
USP7,0.009989436477223723
USP8,-0.28155027231264285
USP9X,0.18909464477675808
USP9Y,0.5896853779009978
USPL1,0.060190503179884836
UST,0.5087940747920867
UTF1,-0.21618701070874513
UTP11,0.4221977496009738
UTP14A,0.41436253936176737
UTP14C,0.4004596381503629
UTP15,0.1540583100053543
UTP18,-0.09117825551833825
UTP20,-0.3236276042811528
UTP23,-0.04501717925326343
UTP25,0.0629003975252087
UTP3,0.18142112997167104
UTP4,0.06875705413045807
UTP6,-0.3190190006489302
UTRN,-0.2805549448485334
UTS2,0.556235067770791
UTS2B,0.00551712110514746
UTS2R,0.03004567325125307
UTY,0.13653032301586165
UVRAG,-0.017742593910331728
UVSSA,-0.047414907751483604
UXS1,0.2808082187956371
UXT,0.1577325030254655
VAC14,-0.22510294043757995
VAMP1,0.14319661587556798
VAMP2,0.24280862202113518
VAMP3,0.11884982200256289
VAMP4,-0.24731193014141306
VAMP5,-0.17687635890263875
VAMP8,-0.02252813450845048
VANGL1,-0.48772850660653333
VANGL2,0.40072821620418864
VAPA,0.13550465463957284
VAPB,-0.07845548475706554
VASH1,0.11180458038300023
VASH2,0.14321485822863078
VASP,0.0049124271025924315
VAT1,0.3213085097473741
VAT1L,-0.02238235485822182
VAV1,-0.2527804772312632
VAV2,0.2768333826790208
VAV3,-0.7981656827310274
VAX1,-0.08753761854544573
VAX2,-0.26285292650880826
VBP1,0.3941089916940208
VCAM1,0.12054831999569027
VCAN,-0.32390709434983667
VCF1,-0.2270920247870808
VCF2,-0.3986275792126748
VCL,1.1934215139122106
VCP,-0.03450713767047109
VCPIP1,-0.28643430089753785
VCPKMT,-0.08034368622445776
VCX,0.056261329873591226
VCX3B,0.5710123277665304
VDAC1,0.11463504764019561
VDAC2,0.13012696821521796
VDAC3,-0.09378407897705188
VDR,-0.13500492708825368
VEGFA,-0.15041166202487677
VEGFB,-0.32894732936608717
VEGFC,0.047743556313476425
VENTX,0.20421458719874352
VEPH1,-0.2779061735493131
VEZF1,0.2857055007346463
VEZT,-0.05185914336785746
VGF,0.21938997651363867
VGLL1,-0.8818019030361766
VGLL2,-0.43076636314574646
VGLL3,-0.052309593163581525
VGLL4,-0.11494216157142867
VHL,-0.16689325123946563
VHLL,-0.09983007180122383
VIL1,-0.24734905030016355
VILL,-0.6258742193482351
VIM,-0.07930857573358718
VIP,-0.022382712070813326
VIPAS39,-0.11633727924675696
VIPR1,-0.3445811545402504
VIPR2,0.10702442096746356
VIRMA,0.2249474584769935
VIT,-0.48678210095037744
VKORC1,-0.15226313403418335
VKORC1L1,0.06929619263322984
VLDLR,0.004960217673362521
VMA21,0.39648338840011954
VMAC,-0.18310908411277182
VMO1,0.7799085498191104
VMP1,-0.16671101112549813
VN1R1,0.11556805602136455
VN1R2,0.2193239595577685
VN1R4,-0.4805378948449879
VN1R5,0.9706528521287938
VNN1,-1.256710201042314
VNN2,-1.103096412972645
VOPP1,0.006054896355090378
VPREB1,-0.28092640957281495
VPREB3,-0.06631958246431532
VPS11,0.08923721144522734
VPS13A,-0.249755548648654
VPS13B,0.01321025180385682
VPS13C,0.04238046686461239
VPS13D,-0.05843804147149845
VPS16,-0.22716481993925797
VPS18,0.30551393553754025
VPS25,-0.07117380299076626
VPS26A,-0.12595015748866256
VPS26B,-0.2532404081485282
VPS26C,0.06983596997025465
VPS28,-0.04827590766975565
VPS29,0.12168526742836328
VPS33A,0.023889611976613878
VPS33B,-0.328925137399974
VPS35,-0.3068634141443587
VPS35L,-0.11393106590614188
VPS36,0.2583089425931129
VPS37A,0.13250996737568244
VPS37B,-1.78718920039125
VPS37C,-0.11512826903043383
VPS37D,-0.18058706858642792
VPS39,-0.06441072286482985
VPS41,-0.19897637403851354
VPS45,0.0961634772626283
VPS4A,-0.21411394224048408
VPS4B,-0.04843419217572631
VPS50,-0.061211852005473855
VPS51,0.4757355214918264
VPS53,0.9309893661742838
VPS54,-0.26587268837471445
VPS72,0.06479632728202034
VPS8,-0.222486756417982
VPS9D1,-0.014778694298697381
VRK1,0.04749386601782124
VRK2,-0.22405675305029832
VRK3,-0.1544824707888317
VRTN,-0.036789198467797046
VSIG1,-0.24005648940024704
VSIG10,0.23577605433848614
VSIG10L,0.05542680175974657
VSIG10L2,0.30089125322430893
VSIG2,0.0399027722609725
VSIG4,0.5815925746412052
VSIG8,-0.4933615851237403
VSIR,0.5399026022655073
VSNL1,-0.21499879414061618
VSTM2A,-0.5853284727447285
VSTM2B,0.9677483729231877
VSTM2L,-0.6375243297108443
VSTM4,-0.8944733035326121
VSTM5,-0.04094375731123168
VSX1,-0.5698866104418651
VSX2,0.1756912671958456
VTA1,-0.029767656838781242
VTCN1,-0.5265011059388703
VTI1A,0.06500286531741928
VTI1B,-0.250119362964937
VTN,-0.09775419583316802
VWA1,0.392571981418933
VWA2,0.2816041457357925
VWA3A,-0.5404767494605578
VWA3B,0.4419988037659346
VWA5A,0.11256574311761147
VWA5B1,0.25971697765873214
VWA5B2,0.24388411784211667
VWA8,-0.48729818789084556
VWC2,0.1142679846416372
VWC2L,-0.26914504546920437
VWCE,-0.219661716101188
VWDE,0.25564346244599356
VWF,-0.10507525680569604
VXN,0.8229166264845655
WAC,-0.055735051456935025
WAPL,-0.35921252290766237
WARS1,0.3184580899996332
WARS2,-0.10157272333027922
WAS,0.3947523858920714
WASF1,0.21741969212762147
WASF2,-0.2016322687435803
WASF3,-0.5852524733160702
WASHC1,-0.5579309978339146
WASHC2A,0.13293971884092595
WASHC2C,0.027758587684337033
WASHC3,-0.3209001171624539
WASHC4,-0.11699351965840288
WASHC5,0.11242038855384262
WASL,-0.12545663233864168
WBP1,0.17064729653446875
WBP11,-0.003842114890571402
WBP1L,0.0983962085683423
WBP2,-0.19230161534721102
WBP2NL,-0.061314113613014865
WBP4,-0.04094592264470176
WDCP,-0.1729140792052375
WDFY1,0.09504535867169928
WDFY2,0.12350110657501379
WDFY3,-0.28249558512483297
WDFY4,1.2414407365439852
WDHD1,0.09472607224993013
WDPCP,0.350688019850381
WDR1,0.3997762279415915
WDR11,-0.31743706000104877
WDR12,-0.028379134123524885
WDR13,-2.9665282319513153e-07
WDR17,-0.8232743845816257
WDR18,0.0037312333419752264
WDR19,0.12743900184487655
WDR20,-0.17158091773272854
WDR24,0.000367314942199215
WDR25,0.3360881065194894
WDR26,0.3331888171997819
WDR27,0.01733959066553048
WDR3,-0.3000506260355955
WDR31,-0.662458602806238
WDR33,-0.1722072786350619
WDR35,-0.4025332083953308
WDR36,0.336357900146917
WDR37,0.07767525637394357
WDR38,-0.06441517246076334
WDR4,0.3611951293165587
WDR41,1.283661006164406
WDR43,-0.11653145506763884
WDR44,0.1291598104732481
WDR45,0.060411310442641586
WDR45B,0.1240026544159103
WDR47,-0.1598568556679414
WDR48,-0.3354561303221102
WDR49,0.20966101867142184
WDR5,-0.15018748225385314
WDR53,-0.23188316106712215
WDR54,-0.13445568740652725
WDR55,0.06017327447547238
WDR59,0.5011060115744823
WDR5B,0.010389322935412615
WDR6,-0.21062539885148723
WDR62,0.08289861690870204
WDR64,-1.761871108469494
WDR7,0.010394770364614558
WDR70,-0.34963334787458655
WDR72,5.388720918375611e-07
WDR73,-0.32290051853217516
WDR74,0.14576391304348668
WDR75,-0.0597321726031641
WDR76,-0.021390275800714065
WDR77,-0.13596396998367855
WDR81,0.5710108517092642
WDR82,-0.020724943935955586
WDR83,0.14819003914437445
WDR83OS,0.2734995792139143
WDR86,0.44464698791009205
WDR87,-0.7769503907443878
WDR88,-0.35566852853119535
WDR89,0.008697821579427334
WDR90,0.2074194622321741
WDR91,-0.20027580128023992
WDR93,-1.905939660318618
WDR97,-0.22423898288050426
WDSUB1,-1.0099884063580837
WDTC1,-0.11443215931022888
WEE1,0.06495116576906401
WFDC1,0.286641433517258
WFDC10A,0.34863783783268
WFDC10B,0.6878517525228941
WFDC11,0.4116741585709338
WFDC12,-0.8556156314109485
WFDC13,0.9602377959456021
WFDC2,-0.049342617189846116
WFDC3,-0.026199664715552018
WFDC5,0.7909181883607723
WFDC6,0.017933184840472016
WFDC8,0.06958221575078616
WFDC9,-0.19522739301683445
WFIKKN1,0.1799422458172183
WFIKKN2,1.3222891824954957
WFS1,-0.42398169019520116
WHAMM,0.2532642460628187
WHRN,0.022033362931316525
WIF1,-0.20428673648527385
WIPF1,-0.058088152031130935
WIPF2,-0.25326834118777475
WIPF3,0.6406005253514084
WIPI1,0.29204788854200814
WIPI2,-0.12192738125933644
WIZ,-0.22535487082315386
WLS,-0.34982864961420645
WNK1,-0.1400645031157648
WNK2,-0.5707048220324848
WNK3,-0.06018206051831543
WNK4,-0.22230533639194516
WNT1,0.29538305704248247
WNT10A,0.8587040509685222
WNT10B,0.2893715789823391
WNT11,0.17976962487135592
WNT16,-0.5786255723252057
WNT2,-0.16225050475445196
WNT2B,-0.7509144470908014
WNT3A,-0.6679093403898291
WNT4,0.4872080732259161
WNT5A,-0.08232266501619989
WNT5B,0.06581757992496318
WNT6,0.9629423244880204
WNT7A,0.9534951906420864
WNT7B,0.34041840166201365
WNT8A,-0.2760447209478603
WNT8B,-0.2781379627704301
WNT9A,0.3662591525568795
WRAP53,0.14926643079266988
WRAP73,0.1025835893135989
WRN,-0.20053332085681674
WRNIP1,0.19743782895149087
WSB1,0.28913768559573416
WSB2,0.46047925092647857
WSCD1,-0.4927163589236074
WSCD2,0.24522813772847618
WT1,-0.19507092257249237
WTAP,0.16149208938764836
WTIP,-0.49893050191300164
WWC1,-1.374857061455098
WWC2,-0.13241891958338292
WWC3,0.3237495941299242
WWOX,-0.1667116232568775
WWP1,-0.25839695406582663
WWP2,0.20649624704280112
WWTR1,1.0265843117678979
XAB2,-0.14176505981681675
XAF1,-0.0626463984848975
XAGE2,0.8391873353466708
XAGE3,0.207635943893985
XAGE5,-0.7769508357614345
XBP1,0.3088910054094214
XCL1,-0.6720355512018603
XCL2,0.8254354375821567
XCR1,-0.1327397769880363
XDH,0.5253475665951027
XIAP,0.19380815162410991
XIRP1,0.404025220920623
XIRP2,-0.15384842266947374
XK,-0.4228226241303443
XKR3,1.0481643480950575
XKR4,0.4855850669779216
XKR5,0.11445202042798419
XKR6,-0.11534724489142523
XKR7,0.9224121485831976
XKR8,-0.18712603837803654
XKR9,-0.0066468659320997325
XKRX,-0.18877193953216964
XNDC1N,-0.17782442446243518
XNDC1N-ZNF705EP-ALG1L9P,-0.1772211947686433
XPA,-0.13927531543571625
XPC,0.05266806651644451
XPNPEP1,0.39848799985334216
XPNPEP2,0.07197755366860481
XPNPEP3,-0.10358723400381287
XPO1,-0.24261180364946888
XPO4,-0.0548711767592458
XPO5,0.20803409536125184
XPO6,0.11264099108803283
XPO7,0.020425674535184513
XPOT,-0.02055993500141451
XPR1,-0.2635322749965825
XRCC1,-0.22817099987964498
XRCC2,-0.20092474362470725
XRCC3,-0.13576525247827664
XRCC4,0.14699556746923248
XRCC5,0.37292718054253404
XRCC6,0.0
XRN1,0.08298858481549143
XRN2,-0.0002259578627623604
XRRA1,-0.18047734498526413
XXYLT1,-0.033505295055558104
XYLB,-0.482758307045386
XYLT1,-0.32840999940859694
XYLT2,-0.3703280157010571
YAE1,0.06595166698833621
YAF2,0.0270703478590697
YAP1,-0.031151797796014957
YARS1,-0.03143984474861128
YARS2,-0.21763999172695625
YBEY,-0.2319404036385908
YBX1,-0.1100299535511704
YBX2,0.48560976372551307
YBX3,-0.09546697218569644
YDJC,0.033210915032460875
YEATS2,0.3276471555644931
YEATS4,-0.030421545738722244
YES1,-0.21745884475971966
YIF1A,0.05689504971623549
YIF1B,-0.03861458349261504
YIPF1,-0.3565672113040148
YIPF2,0.10432575329710092
YIPF3,0.032896728744849835
YIPF4,-0.2141668820314484
YIPF5,-0.013043161090907418
YIPF6,0.745548736107633
YIPF7,0.023664499248667425
YJEFN3,0.6472366417037989
YJU2,-0.07326570207522654
YJU2B,-0.040890971025692835
YKT6,-0.10694417445187931
YLPM1,-0.0826810451514044
YME1L1,0.3183213638864393
YOD1,-0.5579274968105755
YPEL1,0.0295868477768626
YPEL2,0.10686972293419705
YPEL3,0.3590116923371931
YPEL4,-0.4150807809574315
YPEL5,0.1662175719165777
YRDC,-0.02572086374717575
YTHDC2,0.26199366996104123
YTHDF1,-0.47044811607425663
YTHDF2,-0.1474171121894221
YTHDF3,0.08774222158434597
YWHAB,-0.01564558385523318
YWHAG,0.27306606403970246
YWHAH,-0.10283983895952353
YWHAQ,0.273816874647669
YWHAZ,0.21302483151212837
YY1,0.13988046536255805
YY1AP1,-0.20840434449973522
YY2,0.19282430903151138
ZACN,0.08987024825170664
ZAN,-0.1015881563608585
ZAP70,-0.18631188095553863
ZAR1,-0.2801446790695825
ZAR1L,-0.21496595748648417
ZBBX,0.22246716791089205
ZBED2,-0.6342364235008875
ZBED3,0.3183651733157258
ZBED4,-0.08343610394827561
ZBED5,-0.21567678179580518
ZBED6,-0.023666298048256706
ZBP1,0.7211058777039607
ZBTB1,0.05685491002011478
ZBTB10,0.9125472964861514
ZBTB11,-0.06420964684514541
ZBTB14,0.13980809561201646
ZBTB16,0.6318585477401975
ZBTB17,0.2671854548210084
ZBTB18,-0.0954612246843709
ZBTB2,-0.05664487840101806
ZBTB20,0.06518260077334759
ZBTB21,0.17507566453458523
ZBTB22,0.19725556943546785
ZBTB24,0.18861720312339925
ZBTB25,0.15749252647074385
ZBTB26,-0.24080758939354663
ZBTB3,-0.10822467664975388
ZBTB32,0.18602848469757172
ZBTB33,0.03190003006047126
ZBTB34,0.17157159201740768
ZBTB37,-0.017131867339670315
ZBTB38,-0.5003912749304043
ZBTB39,-0.15077854262933243
ZBTB4,0.36265186327408294
ZBTB40,-0.48573639099928423
ZBTB41,0.15124742126134105
ZBTB42,-0.404595875145518
ZBTB43,0.5307534185219929
ZBTB44,-0.18992338864252423
ZBTB45,0.46714836709262675
ZBTB46,0.9003534726577338
ZBTB47,0.7254255141775743
ZBTB48,-0.09368761722894003
ZBTB49,-0.11603127811587388
ZBTB5,0.007607798535833155
ZBTB6,-0.27493604467145216
ZBTB7A,0.1089622336072047
ZBTB7B,0.33854393671588134
ZBTB7C,0.15766470741216596
ZBTB8A,-0.3898465670535691
ZBTB8B,-0.005785054605695006
ZBTB8OS,0.04958451757432414
ZBTB9,0.556199423934729
ZC2HC1A,-0.14183924005834836
ZC2HC1B,0.04482020541448062
ZC2HC1C,-0.24296642354664222
ZC3H10,-0.037793558480108125
ZC3H11A,-0.023314158971313947
ZC3H11B,0.5710108517092642
ZC3H11C,-0.07968366701846952
ZC3H12A,-0.08013734370226278
ZC3H12B,0.7638360186537865
ZC3H12C,-0.23907724015385057
ZC3H12D,-0.21272701726306575
ZC3H13,-0.23124404066208815
ZC3H14,-0.12142070072938704
ZC3H15,0.06862766197925119
ZC3H18,-0.15886672887112785
ZC3H4,0.144618770777738
ZC3H6,-0.10301693516579302
ZC3H7A,-0.02350086790636663
ZC3H7B,-0.2093293636159732
ZC3H8,-0.27746503193778516
ZC3HAV1,0.07398949020673928
ZC3HAV1L,-0.011668107047261511
ZC3HC1,-0.413413214282903
ZC4H2,0.7270927780403702
ZCCHC10,-0.06138281066948714
ZCCHC12,1.827500639306531
ZCCHC13,0.8634558381291315
ZCCHC14,0.5019673237768556
ZCCHC17,-0.18952813218827025
ZCCHC18,-0.743180794508354
ZCCHC2,0.12477161788309754
ZCCHC24,0.4329328435119688
ZCCHC3,-0.12360464189355902
ZCCHC4,-0.37771076981263896
ZCCHC7,-0.059765245078398976
ZCCHC8,0.1382259844853868
ZCCHC9,0.19736027810662415
ZCRB1,-0.4929074055020086
ZCWPW1,0.14403363085379262
ZCWPW2,0.008353967003447593
ZDBF2,-0.2280721056737467
ZDHHC1,0.12812262423518073
ZDHHC11,-0.08023069405881561
ZDHHC11B,0.3939579763939094
ZDHHC12,-0.11939751847376989
ZDHHC13,-0.24768437212520134
ZDHHC14,-0.0058423210307609885
ZDHHC15,0.6146067956724761
ZDHHC16,-0.13254789449379256
ZDHHC17,-0.33129497189681345
ZDHHC18,0.20389192080628415
ZDHHC19,0.07108729679804343
ZDHHC2,-0.20147518568883394
ZDHHC20,0.18179489751156552
ZDHHC21,0.31964329844927064
ZDHHC22,0.5055620213829074
ZDHHC23,-0.6963622434256049
ZDHHC24,-0.10440400287088636
ZDHHC3,-0.07194945341157233
ZDHHC4,-0.05875362477463186
ZDHHC5,-0.10383046807537522
ZDHHC6,0.06649673233033582
ZDHHC7,0.0026929044408174896
ZDHHC8,-0.5308263529164443
ZDHHC9,-0.1467302937782362
ZEB1,0.06517616162539586
ZEB2,1.1381693249541052
ZER1,-0.12303009741090154
ZFAND1,-0.4881618744578846
ZFAND2A,0.1285339532713179
ZFAND2B,0.2945851217267531
ZFAND3,0.1743377265384849
ZFAND4,-0.17728115825249313
ZFAND5,0.26524224023142207
ZFAND6,0.10835456536559462
ZFAT,0.16554196999116044
ZFC3H1,0.13721111387866228
ZFHX2,-0.028870103555131976
ZFHX3,-0.570485752318806
ZFHX4,-0.13890293340531445
ZFP1,0.7358462749066996
ZFP14,0.37179545739951547
ZFP2,-0.6357683591214651
ZFP28,-1.338512574718908
ZFP3,0.8861541705173023
ZFP30,-0.4570435921196858
ZFP36,-0.03961199811035865
ZFP36L1,-0.06253375514794435
ZFP36L2,-0.13380958631954076
ZFP37,-0.30745010096026004
ZFP41,-0.011328945438016547
ZFP42,-0.7396155869266376
ZFP62,-0.037334455741842465
ZFP64,0.13802578003740584
ZFP69,0.2999353343789266
ZFP69B,0.3634072244300288
ZFP82,0.01862643974041367
ZFP90,1.1766996361593807
ZFP91,0.21446528081118732
ZFP91-CNTF,0.19356013095590097
ZFP92,-0.5755878266667205
ZFPL1,0.10993465204281616
ZFPM1,0.18175901577457765
ZFPM2,0.8622052192854963
ZFR,0.12515157057818183
ZFR2,0.06713036561061614
ZFTA,0.11682870309605953
ZFTRAF1,-0.02470535116822159
ZFX,0.017361534582181815
ZFY,-0.03402392544870736
ZFYVE1,-0.062881575681204
ZFYVE16,-0.0386772660706165
ZFYVE19,-0.15839119489680265
ZFYVE21,-0.121782821984465
ZFYVE26,0.2619466928141061
ZFYVE27,0.13933526626473913
ZFYVE28,-0.06363809582557733
ZFYVE9,0.2977774589700472
ZG16,0.06672564986034601
ZG16B,0.5728819741650993
ZGLP1,-0.11748098355120729
ZGPAT,0.11716967796886468
ZGRF1,-0.10584536808386069
ZHX1,0.035073830914871706
ZHX1-C8orf76,0.004941951334082262
ZHX2,0.2458126726220886
ZHX3,-0.2760710478404542
ZIC1,-1.1340731333038443
ZIC2,0.3015055965842075
ZIC3,2.0254529222798485
ZIC4,-0.04844103907081021
ZIC5,-0.48582030568769863
ZIK1,0.6326619582321737
ZIM2,-0.10803562026735047
ZIM3,0.7738232302656831
ZKSCAN1,0.14302132413524404
ZKSCAN2,-0.03827856487069248
ZKSCAN3,0.18414931792693345
ZKSCAN4,-0.3538051988969755
ZKSCAN5,-0.004262663359177132
ZKSCAN7,-0.6936436795721382
ZKSCAN8,-0.06725684018786282
ZKSCAN8P1,-0.3031060159114096
ZMAT1,0.05167916309274423
ZMAT2,0.052000343220423684
ZMAT3,0.20756056607310214
ZMAT4,-0.10577929279099108
ZMAT5,-0.1628354784038697
ZMIZ1,0.6019661443357087
ZMIZ2,0.02216947321059859
ZMPSTE24,-0.07824389834910761
ZMYM1,-0.13345721232584262
ZMYM2,0.02753254913846437
ZMYM3,-0.4004010913951064
ZMYM4,-0.08067652551660087
ZMYM5,-0.17249423322826996
ZMYM6,-0.11992076194024781
ZMYND10,-0.18091337684954922
ZMYND11,-0.18699857640799777
ZMYND12,-0.19628938052558054
ZMYND15,0.3862632955368623
ZMYND19,-0.35301603720738806
ZMYND8,0.053243958031993444
ZNF10,0.4936459948848271
ZNF101,0.07855357893411252
ZNF106,-0.17328166378129106
ZNF107,0.041578527204117144
ZNF112,-0.30442697637417515
ZNF114,0.1469447479810615
ZNF117,-0.04193215434770048
ZNF12,-0.12008404445334975
ZNF121,-0.09586349294486407
ZNF124,-0.06927927249274968
ZNF131,-0.11140622712127257
ZNF132,-0.6121396582233504
ZNF133,-0.17399442856702318
ZNF134,-1.4447895361403302
ZNF135,-0.602743551262769
ZNF136,-0.10429151393947178
ZNF138,0.23735487983869907
ZNF14,0.4827831436083836
ZNF140,0.017017747980634823
ZNF141,0.2464804201059725
ZNF142,-0.25063307396871526
ZNF143,0.16726930693522224
ZNF146,0.0
ZNF148,-0.2945450085663568
ZNF154,-0.15047375097047944
ZNF155,-1.0542089761008806
ZNF157,0.763836513686365
ZNF16,0.06396487664116668
ZNF160,-0.16680710448522174
ZNF165,-0.10617219576636039
ZNF169,-0.541420598644845
ZNF17,0.10272359168961653
ZNF174,-0.2662919097622263
ZNF175,-0.4093974146860795
ZNF177,-0.7852948886013047
ZNF18,-0.26745050787205926
ZNF180,-0.3309353126506063
ZNF181,0.06534018775494932
ZNF182,-0.10852731227926027
ZNF184,-0.12626900812772357
ZNF185,-1.5416011858608862
ZNF189,-0.10825138110758203
ZNF19,-0.25614787554057106
ZNF195,0.004887101138212113
ZNF197,-0.7760629460287273
ZNF2,-0.2361619753502735
ZNF20,0.2691622274729184
ZNF200,0.3100952126387173
ZNF202,-0.3867557923790601
ZNF205,-0.27379778525034604
ZNF207,-0.007347536209957539
ZNF208,-0.21618775053661032
ZNF211,1.9401731676062182
ZNF212,-0.25802608367983604
ZNF213,-0.24819322275838496
ZNF214,0.4417644473433784
ZNF215,1.0298767823682717
ZNF217,-0.0797535841837913
ZNF219,-0.11862551013458056
ZNF22,-0.13404855887360023
ZNF221,-0.14874989873719713
ZNF222,0.5639200341613888
ZNF223,0.32030826185998906
ZNF224,-0.34370146902575494
ZNF225,0.0624139602536522
ZNF226,-0.06299020161461444
ZNF227,-0.16907572702425933
ZNF229,0.43734517247718063
ZNF23,0.26802603073146725
ZNF230,0.029778574567480565
ZNF232,0.4429543172360398
ZNF233,-0.9582284755823789
ZNF234,-0.8639359451871427
ZNF235,-0.06018132977435897
ZNF236,-0.2269544008621982
ZNF239,-0.8238968595932552
ZNF24,-0.006309530804197383
ZNF248,0.24341742323876403
ZNF25,0.03329981770532742
ZNF250,0.07193352768450811
ZNF251,-0.6405432951606982
ZNF253,0.5387184381530707
ZNF254,0.12935669996882515
ZNF256,-1.5561620743779319
ZNF257,0.47022564428273217
ZNF26,0.3230553239352871
ZNF260,0.07263613911461042
ZNF263,-0.09421315083934223
ZNF264,-0.04810582235214056
ZNF266,0.016546147739544548
ZNF267,0.09137139212193812
ZNF268,0.07936921161107824
ZNF273,-0.43205334941017215
ZNF274,-0.1908904475295925
ZNF275,-0.3864145515467232
ZNF276,0.014301676494167026
ZNF277,-0.06204503563369945
ZNF28,0.9316065277092864
ZNF280C,0.08643703570206673
ZNF280D,-0.3635579635108681
ZNF281,-0.05174846771083885
ZNF282,-0.17876560297448396
ZNF283,-0.2509495229289178
ZNF284,0.510264013077276
ZNF285,-0.06018211700471321
ZNF286A,0.06081957991081621
ZNF286A-TBC1D26,0.06306855243989906
ZNF287,-0.6553333650959527
ZNF292,-0.10125510338926347
ZNF296,-0.049352969136485125
ZNF3,0.05576708968707633
ZNF30,-0.41847974306527025
ZNF300,0.5704420188398631
ZNF302,0.177136763459242
ZNF304,1.0174538286941517
ZNF316,0.01733522359106665
ZNF317,0.09403462679155106
ZNF318,-0.2657543071159312
ZNF319,-0.0848987646342434
ZNF32,1.1135851484707875
ZNF320,-0.007823342595745464
ZNF322,0.06943599550801749
ZNF324,0.26910464786384436
ZNF324B,0.21096460471475575
ZNF326,-0.1774343828739191
ZNF329,1.3376010267602667
ZNF330,0.1247044434841813
ZNF331,-0.4331455372020506
ZNF333,-0.1143026839020691
ZNF334,-0.2433736852189996
ZNF335,-0.09476501861426989
ZNF337,-0.1933104059503883
ZNF33A,0.16049220335120395
ZNF33B,-0.14694663827383092
ZNF34,0.18359614672033775
ZNF341,-0.25381496900236344
ZNF343,0.05546460224167804
ZNF345,1.0861223606873576
ZNF346,-0.41492768537169455
ZNF347,0.5656643812573323
ZNF35,-0.7202595801640848
ZNF350,-0.6653419077617042
ZNF354A,-0.10648215534662775
ZNF354B,-0.4377891059458232
ZNF354C,0.9128297430603567
ZNF358,0.2156884825397819
ZNF362,-0.023231441137466113
ZNF365,0.337826651701326
ZNF366,-0.028123831399593513
ZNF367,-0.041801426198524894
ZNF37A,-0.146839523577881
ZNF382,0.47183422898787475
ZNF383,0.020914275412588168
ZNF384,-0.01915236102882023
ZNF385A,0.22594348048288931
ZNF385B,0.03870940875847515
ZNF385C,1.1115423832043778
ZNF385D,0.6409489937526656
ZNF391,0.4228243046271287
ZNF394,-0.006609101128759676
ZNF395,-0.4529096522166116
ZNF396,-1.3607005000192083
ZNF397,-0.03098267120313558
ZNF398,-0.13036859938160017
ZNF404,-0.7351494332470347
ZNF407,0.11637103023187301
ZNF408,-0.1506532485027421
ZNF41,0.11652472046143636
ZNF410,-0.13754298479712013
ZNF414,0.048855966364462766
ZNF415,-0.05711335101976056
ZNF416,0.4388519409812883
ZNF417,0.08706643110956191
ZNF418,0.35824746185994294
ZNF419,-1.7230260540737687
ZNF420,0.8515310008841208
ZNF423,0.07664390731259108
ZNF425,-0.12804496044118263
ZNF426,0.8910700699427117
ZNF428,0.19496130398005374
ZNF429,0.4445580862240166
ZNF43,1.012112122888225
ZNF431,0.071655407013266
ZNF432,1.7482408698287724
ZNF433,-0.20998061306478588
ZNF436,-0.0452275590828517
ZNF438,0.06022452854380145
ZNF439,0.36328254960695106
ZNF44,0.12034872716838052
ZNF440,-1.530886302387939
ZNF441,-0.43328370487211776
ZNF442,0.7276706967744718
ZNF443,-0.9729269968040657
ZNF444,0.3698847644973504
ZNF445,-0.002094248453837988
ZNF446,-0.010422704868039645
ZNF449,0.11836999095446332
ZNF45,-0.1072268136056922
ZNF451,-0.4820409624774377
ZNF454,0.9566370661837498
ZNF460,0.4021369274363291
ZNF461,-0.3968621694929002
ZNF462,0.5024695027565027
ZNF467,0.7347663176115111
ZNF468,0.9338994286125972
ZNF469,-0.4881343774484943
ZNF470,-0.6172492778820282
ZNF471,-0.8848769159101718
ZNF473,-0.14060194102465573
ZNF474,0.4928154654271848
ZNF475,0.49323949145490953
ZNF479,0.6074652281744108
ZNF48,0.13229575439536312
ZNF480,1.4883584992903243
ZNF483,-0.8802595046215529
ZNF484,-0.03938905858171049
ZNF485,-0.3564733984210431
ZNF486,-0.0962148359030075
ZNF487,-0.270783638323695
ZNF488,-0.1174004654530143
ZNF490,0.41828816916156186
ZNF491,0.42726232437386846
ZNF492,0.45704517046138093
ZNF493,-0.06852535082236466
ZNF496,-0.22185550473525995
ZNF497,-0.13925291760148095
ZNF500,-0.09120294608634794
ZNF501,-0.9929934803537019
ZNF502,-0.08278648460851579
ZNF503,0.23454599414119803
ZNF506,0.39675587325879924
ZNF507,-0.4308385830984851
ZNF510,-0.077527080348742
ZNF511,0.22542694411741593
ZNF511-PRAP1,0.22694436611844138
ZNF512,-0.31871031963512664
ZNF512B,-0.167204377322475
ZNF513,-0.10275315208609914
ZNF514,-0.23779788773420352
ZNF516,0.05696485621329872
ZNF517,0.2789646747800858
ZNF518A,-0.07359718054320652
ZNF518B,0.1677494289900212
ZNF519,-0.02126469767837813
ZNF521,0.6203123013591985
ZNF524,-0.03645001637402334
ZNF525,-0.21211361137651608
ZNF526,0.09308859506527156
ZNF527,0.20714136544990636
ZNF528,-0.14964083323771726
ZNF529,0.18381738022947025
ZNF530,-1.2712141237524974
ZNF532,-0.08687937359250286
ZNF534,0.5574605298829352
ZNF536,-1.1869942458612246
ZNF540,0.04512343524763507
ZNF541,-0.3395377377610316
ZNF543,1.2001461132530915
ZNF544,0.2781481091887392
ZNF546,-0.7605129422008989
ZNF547,1.1119273165421457
ZNF548,0.08187565528218688
ZNF549,0.2527464007155966
ZNF550,-1.5461050306803954
ZNF551,-0.323695509619097
ZNF552,-0.26667025741434913
ZNF554,0.18566644215371952
ZNF555,-0.4080115942948854
ZNF556,-0.7497170222868221
ZNF557,0.04246820121406403
ZNF558,-0.1295046870331209
ZNF559,-0.13922226651159253
ZNF559-ZNF177,-0.18582131384352985
ZNF561,-0.24393563070020585
ZNF562,-0.6055993052520425
ZNF563,0.4618989214442495
ZNF564,0.23431560822053532
ZNF565,-1.2325718545002773
ZNF566,0.675007521407726
ZNF567,-0.00910870527737151
ZNF568,0.5456128955461277
ZNF569,0.6482099185832828
ZNF57,0.43235412597951495
ZNF570,-0.01552200800441983
ZNF571,-0.36926372658472806
ZNF572,-0.10554931870348727
ZNF573,0.007660781879552214
ZNF574,0.4381368420440035
ZNF575,-0.14662780501690875
ZNF576,0.05876960762176253
ZNF577,-0.4590046897895963
ZNF578,0.20894158945859687
ZNF579,-0.034946539075558114
ZNF580,0.08482826162628365
ZNF581,0.08257170073598008
ZNF582,0.7295352311120513
ZNF583,0.12851327291100656
ZNF584,-0.02775244381406461
ZNF585A,9.030454024561152e-07
ZNF585B,0.021048760109087183
ZNF586,-1.7799161162734833e-06
ZNF587,-0.25058280811651334
ZNF587B,-0.10395098883095288
ZNF589,-0.10215834339078578
ZNF592,-0.10780320450710601
ZNF593,-0.11810924225361497
ZNF593OS,-0.03277280807305871
ZNF594,-0.1813234294675099
ZNF595,-0.19699947045157096
ZNF596,0.02862450540552519
ZNF597,0.3876656714742035
ZNF598,0.1703079777037595
ZNF599,-0.9405657959316256
ZNF600,-0.21003792644854835
ZNF605,1.148395875140804
ZNF606,-0.88997126094429
ZNF607,1.740423934042435
ZNF608,-0.689616130344779
ZNF609,-0.3982142331363634
ZNF610,0.3934576356567705
ZNF611,0.40801068442004507
ZNF613,0.6337269243904928
ZNF614,0.19820712218120473
ZNF615,0.39686206360374854
ZNF616,0.5804802447589306
ZNF618,-0.8215851523683859
ZNF619,-0.39290558548953597
ZNF620,-0.39342207571942817
ZNF621,-0.02002203234535438
ZNF622,-0.26860162314305924
ZNF623,0.20565892455512857
ZNF624,-0.14870641187358302
ZNF625,-0.6355261839404363
ZNF625-ZNF20,-0.6337606533658566
ZNF626,0.014813003251139989
ZNF627,0.2558122339377382
ZNF628,0.008783384745764344
ZNF629,0.9521080712141803
ZNF630,-0.29181152761022644
ZNF638,0.5171163465164013
ZNF639,-0.06168964207129246
ZNF641,-0.15390889663907248
ZNF644,0.07159162068183722
ZNF646,-0.10306535846100395
ZNF648,-0.8217803341046211
ZNF649,-0.30875793374464067
ZNF652,-0.5796387599089861
ZNF653,-0.016160303716725277
ZNF654,-0.08286207977168836
ZNF655,-0.12232366076295698
ZNF660,0.6157945589363515
ZNF662,-0.08360337500719381
ZNF664,0.11972131946973441
ZNF665,0.31380917782399753
ZNF667,-0.5139918194802835
ZNF668,-0.10116587441971348
ZNF669,-0.059362517395474934
ZNF670,0.08823065974269229
ZNF670-ZNF695,0.08867825515592553
ZNF671,0.269983997104728
ZNF672,0.34064201869195543
ZNF674,0.2728745523178344
ZNF675,-0.8165501140580105
ZNF677,0.08621901429334322
ZNF678,0.015475011899996005
ZNF679,-1.2481453480685558
ZNF680,-0.13189640917402068
ZNF681,0.6899661272519682
ZNF682,-0.2647680974506528
ZNF683,-0.3255568860391419
ZNF684,-0.2277964883854824
ZNF687,-0.2048617742011265
ZNF688,-0.2013530151023204
ZNF689,-0.28950460664332744
ZNF69,1.2512236705364355
ZNF691,-0.5793511326357565
ZNF692,0.23631152617090034
ZNF695,1.0173636985499652
ZNF696,0.3548183930126583
ZNF697,-0.12989130148100658
ZNF699,-0.33020699963766686
ZNF7,-0.24000049319892902
ZNF70,-0.0018544799802322487
ZNF700,0.05618468596963355
ZNF701,0.44048272624237095
ZNF703,-0.2862368585378521
ZNF704,0.6804510060596369
ZNF705A,0.7167683561501961
ZNF706,-0.024556326414332474
ZNF708,0.042527730043538714
ZNF709,0.7257066051890884
ZNF71,0.10356602654314129
ZNF710,0.16957259246146306
ZNF711,0.0
ZNF713,-0.11437326616430443
ZNF714,-0.9857671652854125
ZNF716,-0.032787996333228264
ZNF717,0.15160207227395206
ZNF718,0.07767678511346632
ZNF721,0.08103262522817367
ZNF722,-0.029777693037687847
ZNF724,-0.7257088474956732
ZNF726,0.2808262182036332
ZNF727,-0.5656641472312152
ZNF730,1.296719037964151
ZNF732,0.9867680339745141
ZNF735,0.41167294085852246
ZNF736,-0.4956951297320418
ZNF737,0.565664052802846
ZNF738,0.38342741743109743
ZNF74,-0.759131850335347
ZNF740,0.03374932261565888
ZNF746,-0.22626896822639786
ZNF747,-0.08975003369005607
ZNF749,-0.4174001734031165
ZNF750,0.12965444350252997
ZNF75A,-0.34027141615701906
ZNF75D,0.13341781299645206
ZNF76,-0.20878495477640024
ZNF761,-1.1825770723684885
ZNF763,0.47240466144736015
ZNF764,-0.08469773731936936
ZNF765,-0.07267659497852019
ZNF766,0.012541508864809536
ZNF768,0.08178401514073474
ZNF77,0.24943391758059752
ZNF770,0.0911512283393856
ZNF771,0.1957926412883757
ZNF772,0.5589024423671195
ZNF773,0.40801083274637273
ZNF774,-0.1626991577360284
ZNF775,0.10835122046390655
ZNF776,-0.3078398494083332
ZNF777,-1.280952234627566
ZNF778,0.5124411028344804
ZNF780A,-0.22902642821891517
ZNF780B,0.1629549825979999
ZNF782,-0.057165376593570516
ZNF783,0.2918420221547177
ZNF784,-0.3007223628274591
ZNF785,0.11129524046042327
ZNF786,0.05832905919863274
ZNF787,0.0035180841831401466
ZNF789,-0.3155579032996587
ZNF79,0.02825769203654671
ZNF790,0.8867744478747914
ZNF791,0.027104239345265846
ZNF792,-0.4192884935655714
ZNF793,1.2190399763769788
ZNF799,0.716769129877727
ZNF8,-0.27219332432910703
ZNF80,0.37629741224016167
ZNF800,-0.3837652955368078
ZNF804A,-1.0329883610940735
ZNF804B,0.25418631220551124
ZNF805,-0.19747686826675848
ZNF808,0.1367685666207541
ZNF81,-0.16795483127600697
ZNF813,-0.2537888829748183
ZNF814,1.51550473903868
ZNF816,-0.3628883389294044
ZNF816-ZNF321P,-0.36288824052560686
ZNF821,0.1973095841908945
ZNF823,0.3447990814859787
ZNF827,-0.01837927612130219
ZNF829,0.5456129629625761
ZNF83,-0.8503182913678962
ZNF830,-0.01707211372474937
ZNF831,-0.884090172212902
ZNF835,-0.3871398646963191
ZNF836,-0.2323827533631213
ZNF837,-0.13337298563191613
ZNF839,0.0010599582209667169
ZNF84,-0.17591320071802308
ZNF840P,0.2493548387441411
ZNF841,1.748678736404111
ZNF843,-0.8017158771348813
ZNF844,-0.3342736268903739
ZNF845,0.39686165380869154
ZNF846,-0.3367613208662137
ZNF850,-0.5972345175714449
ZNF852,0.03162722950665042
ZNF853,-0.06893258014047032
ZNF860,1.0974635687439322
ZNF862,-0.43430526080025134
ZNF865,0.11162185464000807
ZNF875,-0.8600945645427571
ZNF878,-0.7717099759782966
ZNF879,0.002567121236368708
ZNF883,0.4983506078998521
ZNF888,0.689614788600923
ZNF891,0.493646034389418
ZNF892,0.9041390432166585
ZNF90,-0.5629446329325123
ZNF91,0.20566017765715294
ZNF92,0.09758583728996406
ZNF93,1.0319997711062334
ZNF98,0.6029803587634506
ZNF99,-0.5954429386125626
ZNFX1,0.0571454459761922
ZNG1A,0.8648034665263507
ZNG1B,1.1416416374627176
ZNHIT1,-0.07454920353038252
ZNHIT2,-0.1576495851774249
ZNHIT6,-0.20471570215960844
ZNRD2,0.030906178220813985
ZNRF1,0.4588111770809582
ZNRF2,-0.029685875620599322
ZNRF3,-0.7267988688038215
ZNRF4,0.6705521591114558
ZP1,-0.47510550012788894
ZP2,0.22886255633200014
ZP3,0.5026574869919243
ZP4,-0.4159592947175644
ZPBP,-0.01407810712042501
ZPBP2,-0.16202317980996828
ZPLD1,1.106745094463073
ZPR1,0.026160747820755503
ZRANB1,1.9680768259533465e-07
ZRANB2,-0.17635756758479593
ZRANB3,-0.14733431604762437
ZRSR2,0.1073145417312813
ZSCAN1,-0.2864247557240416
ZSCAN10,-0.0780021625671794
ZSCAN12,0.062102958590324775
ZSCAN16,0.6623669365214679
ZSCAN18,0.7926404664618616
ZSCAN2,-0.17995425670410992
ZSCAN20,0.023477850868868
ZSCAN21,0.19634422057337453
ZSCAN22,-0.27840475492677985
ZSCAN23,1.8640415225829345
ZSCAN25,0.04720978850270363
ZSCAN26,-0.12095591889490032
ZSCAN29,-0.35671496659429947
ZSCAN30,-0.04316692138308964
ZSCAN31,-0.08892173464575082
ZSCAN32,-0.2668042522671583
ZSCAN4,-0.3878551675233106
ZSCAN5A,-0.3538798886116967
ZSCAN5B,-0.5046551197512112
ZSCAN5C,0.2998979456938793
ZSCAN9,0.2632464747954024
ZSWIM1,-0.5052766580712973
ZSWIM2,0.9775719333127739
ZSWIM3,-0.33229824527445473
ZSWIM4,0.22600617778793053
ZSWIM5,0.12418011400954487
ZSWIM6,0.6147541141720136
ZSWIM7,0.152478428870519
ZSWIM8,0.1608161654788196
ZSWIM9,0.0760460860108827
ZUP1,0.06732947692798064
ZW10,-0.13731106279152705
ZWILCH,0.09603859912793844
ZWINT,-0.32524806897236624
ZXDA,0.07611426621653639
ZXDB,-0.06907918446014882
ZXDC,-0.21030834224736727
ZYG11A,-0.19569586153324758
ZYG11B,-0.17242425929080163
ZYX,0.13383327820551427
ZZEF1,0.14567203726849698
ZZZ3,-0.19027977089316028
