,0
,-0.669107179268787
A1BG,0.18708081994576853
A1CF,-0.18928103598724588
A2M,-0.6515043456365925
A2ML1,0.10700832545185435
A3GALT2,-0.7752903125565314
A4GALT,-0.35969296874615975
A4GNT,-0.15652518747917543
AAAS,-0.2426577255094271
AACS,-0.056900996080506694
AADAC,-2.1125026322885665
AADACL3,-0.8472654154261672
AADACL4,-0.15730338201423802
AADAT,0.009383963164972364
AAGAB,-0.12936489034465204
AAK1,0.3680169004227525
AAMDC,0.025916835154236928
AAMP,-0.18905135991707667
AANAT,0.6027583946567097
AAR2,-0.17195760651636904
AARD,-0.030084766908081984
AARS1,-0.09822915234307761
AARS2,-0.30447760801942003
AARSD1,-0.6249111618319318
AASDH,-0.18419627081770784
AASDHPPT,0.46254302831266886
AASS,-0.06637773566000416
AATK,0.2593102086152015
ABAT,0.3607527939971549
ABCA1,0.022697845077980006
ABCA10,-1.2678877812899856
ABCA12,0.8986174776060647
ABCA13,0.09910739269698698
ABCA2,0.14592591476578853
ABCA3,0.8772856517327399
ABCA4,-0.5053464603784663
ABCA5,0.7188254872640476
ABCA6,0.5444233763932336
ABCA7,-0.03248479344012356
ABCA8,-0.07002664853345997
ABCA9,1.1892300997705152
ABCB1,0.243002444053654
ABCB10,0.4508764622240413
ABCB11,-0.00712170450663252
ABCB4,0.638671547385496
ABCB5,-0.024431369887734977
ABCB6,-0.22921393067143958
ABCB7,-1.092043940280448
ABCB8,0.1098500555693942
ABCB9,-0.43708645484705677
ABCC1,-0.23933965099665822
ABCC10,-0.16154205318065795
ABCC11,-0.4306175867203632
ABCC12,-0.005771033318870966
ABCC2,-0.1145281497635181
ABCC3,1.157846378165793
ABCC4,0.45229908055157697
ABCC5,-0.10797439708955192
ABCC8,-0.3889280551935548
ABCC9,-1.121768019182991
ABCD1,0.07405420007899277
ABCD2,-0.18349292360033775
ABCD3,-0.07244160108148101
ABCD4,-0.30818267037009583
ABCE1,-0.27288266585870247
ABCF2,0.036297977109299495
ABCF2-H2BK1,0.03907583690470329
ABCF3,0.15595156611844452
ABCG1,0.25692100149526187
ABCG2,-0.5547633354240358
ABCG4,-0.08059762519352898
ABCG5,0.7531884709568589
ABCG8,0.6520583681945188
ABHD1,-0.46723479397454737
ABHD10,-0.23925202513131172
ABHD11,0.07074489765884362
ABHD12,0.7374022217231406
ABHD12B,-0.637053362104171
ABHD13,-0.08011273893878723
ABHD14A,-0.12733234684593064
ABHD14A-ACY1,-0.0848619865792557
ABHD14B,-0.16083754569343878
ABHD15,0.0030825809501298096
ABHD16B,-0.20686684082361229
ABHD17A,-0.028064314326257556
ABHD17B,0.1297511122635573
ABHD17C,-1.3560332786395983
ABHD18,0.01084127669552526
ABHD2,0.07330007071158029
ABHD3,0.04656433780839908
ABHD4,-0.5166735122263275
ABHD5,0.462087278199351
ABHD6,0.20230194981673666
ABHD8,-0.15337088625860318
ABI1,-0.08210882214434267
ABI2,-0.06936085305247364
ABI3,0.7019855008386732
ABI3BP,-1.152255368160112
ABITRAM,0.020513635148883935
ABL1,-0.01798132577494993
ABL2,-0.01643618362411381
ABLIM1,-0.353385392454711
ABLIM2,0.46750967857997683
ABLIM3,-0.29086856960284146
ABO,-1.2100356259292693
ABR,0.11611822160390342
ABRA,-0.35413515397913814
ABRACL,0.5298113216077907
ABRAXAS1,-0.06810652427352215
ABRAXAS2,-0.017868119116254633
ABT1,-0.3283215298274831
ABTB1,0.40104909488180773
ABTB2,0.11137203594557388
ABTB3,-0.14462470726129606
ACAA1,0.1226003410041363
ACAA2,0.08579418268951144
ACACA,-0.07132426580267515
ACACB,-0.4697419025843006
ACAD10,0.03983570120488977
ACAD11,-0.5300926268653603
ACAD8,0.2468077632970207
ACAD9,-0.04081652145819614
ACADL,-0.2831709195346109
ACADM,-0.3609264853147094
ACADS,-0.000770540547507359
ACADSB,0.12110453143231936
ACADVL,-0.2252201761983863
ACAN,-0.3028696200273903
ACAP1,0.06142378965037398
ACAP2,-0.0874129046604013
ACAP3,-0.018313682820616073
ACAT1,-0.2929580902394184
ACAT2,0.1713327503026285
ACBD3,0.4258149977328074
ACBD4,0.22447661426188592
ACBD5,-0.21715808076696863
ACBD6,0.046070701287077576
ACBD7,0.2230990137063964
ACCS,-1.0510233415799113
ACCSL,1.3348256742119193
ACD,0.0661829353346528
ACE,0.4619590126486228
ACE2,-0.9616606291980265
ACER1,-0.7361486013834274
ACER2,-0.11737770381204538
ACER3,0.9859216098791035
ACHE,0.08256573322451066
ACIN1,-0.039559745496646315
ACKR1,-0.08399169933253425
ACKR2,0.10910789159534673
ACKR3,0.45574394379755406
ACKR4,-1.8157273545492727
ACLY,-0.1294116466134323
ACMSD,-0.8798018845429141
ACO1,0.302583618922434
ACO2,0.26697801170782487
ACOD1,-0.3071941330320006
ACOT11,-0.23457610219375713
ACOT12,0.3024391481922425
ACOT13,0.09057029502147174
ACOT2,-0.5911857830901814
ACOT4,0.058068796098622186
ACOT6,-0.20067800249587708
ACOT7,0.5447312177979748
ACOT8,-0.15909898141830148
ACOT9,-1.0179342956772879
ACOX1,-0.14026597049738232
ACOX2,-0.26488594687110467
ACOX3,-0.06337385528644468
ACOXL,-0.5910986625714896
ACP1,0.019428616807070753
ACP2,-0.4863639636109234
ACP3,0.7611895716887673
ACP4,-0.5502747857699406
ACP5,-0.26720750681051736
ACP6,0.02991987600950541
ACP7,-0.06217238406848058
ACR,-0.28613178326643557
ACRBP,-0.7076546274954498
ACRV1,-0.25368455995382644
ACSBG1,0.7620483679234851
ACSBG2,-1.2359301233359827
ACSF2,-0.201447432051292
ACSF3,-0.8492829459462058
ACSL1,0.6972102569262759
ACSL3,0.7252969649052701
ACSL4,-0.25006243665114125
ACSL5,0.44235469797938803
ACSL6,-0.40554707686506
ACSM1,0.26166125473098467
ACSM2A,0.921803263516979
ACSM2B,-0.09297794779522706
ACSM3,-1.3306863334708714
ACSM4,0.1148184292008575
ACSM5,-0.21890122023447844
ACSM6,-0.6248512826163108
ACSS1,0.3696409199737767
ACSS2,-0.15663155794898653
ACSS3,-1.420516023094883
ACTA1,-0.42331140066991324
ACTA2,-0.20554192318797693
ACTB,0.2922473338568068
ACTBL2,0.005524950697903708
ACTC1,-0.7878987446071672
ACTG1,0.3532202923223604
ACTG2,-1.173676624732154
ACTL10,-0.015517418667780447
ACTL6A,-0.1390952105999146
ACTL6B,0.1290810064039667
ACTL7A,-0.16118812177387765
ACTL7B,0.0444492046422168
ACTL8,-0.27721224865756866
ACTL9,0.20234044457244726
ACTMAP,-0.12174619814341714
ACTN1,0.022065153248729708
ACTN2,1.018996354636323
ACTN3,0.24695881124892072
ACTN4,0.06453933830743352
ACTR10,0.16157984570472195
ACTR1A,0.003402635662299147
ACTR1B,0.037496397568503426
ACTR2,-0.008029700189636557
ACTR3,-0.05053320143221374
ACTR3B,0.12317543280032783
ACTR3C,-0.13056765740909881
ACTR5,0.39396396273084466
ACTR6,-0.39315140462736453
ACTR8,-0.20467452645579698
ACTRT1,-1.0925145528061597
ACTRT2,-1.3181014106142903
ACTRT3,-0.22973750810613902
ACVR1,0.6315190011704623
ACVR1B,0.5042734702528437
ACVR1C,0.0371605676107829
ACVR2A,0.6620722471029086
ACVR2B,0.32076496670655263
ACVRL1,0.001178215312390929
ACY1,-0.16797380291575337
ACY3,-0.20210289275239868
ACYP1,1.2207046586341486
ACYP2,-0.0491424922853132
ADA,0.09530572131491422
ADA2,0.04426088498160574
ADAD1,1.1151363540513344
ADAD2,-0.06112573806431151
ADAM10,0.03903508005735734
ADAM11,-0.3423515310303902
ADAM12,-0.20040955388713633
ADAM15,-0.07581886946269378
ADAM17,-0.27603030828583686
ADAM19,0.21247491124944107
ADAM20,0.49853731439815485
ADAM21,-0.8797134007233094
ADAM22,-0.1981166328881514
ADAM23,0.8946029551113084
ADAM28,-0.5698781760501014
ADAM29,0.7785679907317458
ADAM30,-0.6100179799397623
ADAM33,0.17316259979595727
ADAM7,-1.8264134718617733
ADAM8,0.14578578379102602
ADAM9,0.10679231174406123
ADAMDEC1,-0.40153819798583945
ADAMTS1,-0.3568475219139944
ADAMTS10,1.073156206647988
ADAMTS13,0.45094522385655017
ADAMTS14,0.6885350590807011
ADAMTS15,0.28472181724989
ADAMTS16,0.3643885206845795
ADAMTS17,0.441186400252632
ADAMTS18,1.4747932996851283
ADAMTS19,-0.3508691835123816
ADAMTS2,0.09437008850612716
ADAMTS20,-0.4230724723529085
ADAMTS3,-0.3241171776094969
ADAMTS4,-0.48351411279986367
ADAMTS5,0.16746129479941518
ADAMTS6,-0.6203410748727727
ADAMTS7,-0.02586060296000836
ADAMTS8,0.10822660008198981
ADAMTS9,-0.038055563685679125
ADAMTSL1,-0.5139236637792125
ADAMTSL2,-0.0925864072106437
ADAMTSL3,1.3210632537927613
ADAMTSL4,-0.06647508797293034
ADAMTSL5,0.3415722355184334
ADAP1,-0.05296840810071074
ADAP2,-0.3865678100386525
ADAR,-0.18296041720823375
ADARB1,1.3525129469435226
ADARB2,-0.3393562386992012
ADAT1,-0.10482017953460776
ADAT2,-0.2167712458434874
ADAT3,0.6407503361019025
ADCK1,-0.20316135085829146
ADCK2,0.650127067547364
ADCK5,0.18071619671825356
ADCY1,0.14614587318489614
ADCY10,0.6963809519459088
ADCY2,-0.2788160111487805
ADCY3,0.3405497101326218
ADCY4,-0.39314262843225545
ADCY5,0.06180392719722688
ADCY6,0.2852732972329104
ADCY7,0.32296824280177727
ADCY8,-1.0455852189446495
ADCY9,0.6171225633922599
ADCYAP1,-0.3885748125790063
ADCYAP1R1,0.2560269113985854
ADD1,0.447771956052077
ADD2,-0.150465315192009
ADD3,0.6231547992059496
ADGB,0.5723025398795327
ADGRA1,-0.39505743908224783
ADGRA2,0.14057144694842605
ADGRA3,0.8730498575387764
ADGRB1,-0.7225303202182453
ADGRB2,-0.22961619693647073
ADGRB3,0.20036103146910333
ADGRD1,-1.1081547976996686
ADGRD2,-0.1402081311040817
ADGRE1,-0.6007035417035598
ADGRE2,-0.6275555490476674
ADGRE3,0.04282261870919335
ADGRE5,-0.042248865737262165
ADGRF1,1.1888355886115114
ADGRF3,-0.2938210497113678
ADGRF4,-0.64146304813124
ADGRF5,-0.9388044239744853
ADGRG1,0.6809264539615322
ADGRG2,0.2747962255194767
ADGRG3,0.45267344446762214
ADGRG4,1.1992050736844924
ADGRG5,0.100914088506187
ADGRG6,-1.7752300342049754
ADGRG7,-0.45687918137237415
ADGRL1,0.6799575462873833
ADGRL2,0.15068132686968716
ADGRL3,0.1087195478098062
ADGRL4,-0.5521431002104862
ADGRV1,-0.01641571764310168
ADH1A,-0.667052877189813
ADH1B,0.11249180112497781
ADH1C,0.9813741427484303
ADH4,1.3268323199763
ADH5,-0.4351619585456161
ADH6,-0.3550338603880907
ADH7,0.3274065280905485
ADHFE1,-0.3588031605637995
ADI1,0.183039362541221
ADIG,0.6383030499170413
ADIPOQ,0.16168048837033983
ADIPOR1,0.26264664716033703
ADIPOR2,0.09411662250514286
ADIRF,-0.008120709865439446
ADISSP,-0.008990932567495058
ADK,-0.10429337201803168
ADM,-0.437225707032856
ADM2,0.7246482361621109
ADM5,-0.43935905414092247
ADNP,0.38185055164068826
ADNP2,0.3049752160683097
ADO,0.3739590250459228
ADORA1,0.3632187990247759
ADORA2A,-0.213268987775868
ADORA2B,0.8807510952087156
ADORA3,0.37883889330952614
ADPGK,-0.4271555239998397
ADPRH,-0.3380103897182895
ADPRHL1,1.4222873020922115
ADPRM,-0.3228294145026247
ADPRS,-0.3217990615527855
ADRA1A,-0.02214882485613301
ADRA1B,-1.0247359350265284
ADRA1D,0.17510198572280744
ADRA2A,-0.1291913334099397
ADRA2B,1.1357435447820814
ADRA2C,-0.661767146098369
ADRB1,-0.05665975892535613
ADRB2,-0.19946870704443365
ADRB3,-0.9912823902323729
ADRM1,0.32714133595351047
ADSL,-0.27901776334485273
ADSS1,0.259295632005867
ADSS2,0.059647060572117994
ADTRP,0.11662947484415254
AEBP1,-0.12125748513346757
AEBP2,0.04291251655324091
AEN,0.10430772230934915
AFAP1,0.9554428840205573
AFAP1L1,0.3457147331240369
AFAP1L2,0.5802995993804426
AFDN,0.20864528044446118
AFF1,-0.1225334274055716
AFF2,-0.16116575770335828
AFF3,0.044714780394790044
AFF4,0.20200576430692108
AFG1L,-0.17673498168551038
AFG2A,-0.4666055131991671
AFG2B,-0.057088572938226
AFG3L2,0.6306199109166934
AFM,0.3687267111788417
AFMID,0.00030335686103111215
AFP,0.3597292567867918
AFTPH,0.26190622150980225
AGA,-0.3120949353135112
AGAP1,1.1653150539488397
AGAP2,-0.18143603520981966
AGAP3,0.15661926302143403
AGAP4,0.0
AGAP5,1.4945900915397576
AGAP6,-0.9436108402111021
AGBL1,-0.4439928624920494
AGBL2,-0.3380506841184321
AGBL3,-0.052233510238403724
AGBL4,1.6685509816861477
AGBL5,0.47850012507713013
AGFG1,-0.10598589907074274
AGFG2,0.2321020765440558
AGGF1,-0.17732020606519705
AGK,-0.19469157201656406
AGL,0.040587572140377226
AGMAT,-0.4139756514241278
AGMO,-1.4347770200453462
AGO1,0.10326535690642996
AGO2,0.04803678796670319
AGO3,0.4655172857295833
AGO4,0.664752203744972
AGPAT1,1.6155056283692306
AGPAT2,0.1950181402565918
AGPAT3,1.1623970616807053
AGPAT4,-0.18842597123340354
AGPAT5,0.18871786564114768
AGPS,-0.3040216986116637
AGR2,-1.1477032275862329
AGR3,-0.6679518138407968
AGRN,0.45742492243563104
AGRP,-0.09154453540808083
AGT,-0.6450183040975647
AGTPBP1,0.39687516718219396
AGTR1,-0.21625801721120924
AGTR2,1.4945783337377114
AGTRAP,-0.11453687224468911
AGXT,-0.16989851464658462
AGXT2,-0.8561516379140325
AHCTF1,0.022056189884342103
AHCY,-0.021457244076750204
AHCYL1,0.30463167656967016
AHCYL2,0.26875020830369145
AHDC1,0.4419218684210211
AHI1,-0.1525925759585931
AHNAK,0.07653229529140848
AHNAK2,0.07456033898471959
AHR,0.10495690124110002
AHRR,-0.8774433248330163
AHSA1,-0.1024576818176195
AHSG,0.24793424344495085
AHSP,0.17483717418501782
AICDA,-0.3041494734614152
AIDA,-0.2786644937635838
AIF1,0.0
AIF1L,-0.014043692436437105
AIFM1,-0.418364646466876
AIFM2,-1.5805893763408687
AIFM3,0.08414707410212818
AIG1,-0.4262919632206694
AIM2,-0.15082111454550695
AIMP1,-0.5269574491150824
AIMP2,-0.15112935500122937
AIP,0.06803112811127399
AIPL1,1.1474756837381288
AIRE,-0.2555230152346255
AIRIM,0.09538037225142304
AJAP1,0.3946079539576222
AJM1,0.6034952452920397
AJUBA,-0.2670793716251856
AK1,-0.4077245534715561
AK2,0.06481685107591373
AK3,0.21328072163260803
AK4,0.16107873646215065
AK4P3,-0.9210603369409464
AK5,0.293066162907746
AK7,-0.005504580045488261
AK8,-0.1866743246816367
AK9,-0.20544082557756926
AKAIN1,1.1629872768721368
AKAP1,1.4440151204596958
AKAP10,-0.5278722304708543
AKAP11,0.36449332466266604
AKAP12,-0.8573051078379288
AKAP13,0.22315612161077691
AKAP14,0.7527699105215745
AKAP3,-0.4115229204815085
AKAP4,-0.7921936306602332
AKAP5,0.13081574359596893
AKAP6,-1.3204709418179248
AKAP7,-0.014946198139324851
AKAP8,-0.049488264999738796
AKAP8L,-0.11565240441437385
AKAP9,-0.08413078712644584
AKIP1,-0.0460637853772905
AKIRIN1,-0.3342629067829077
AKIRIN2,-0.4142350445001002
AKNA,-2.049278309132811
AKNAD1,-0.2325674458230269
AKR1A1,-0.0830012403695104
AKR1B1,0.2268034332240445
AKR1B10,-0.6792245787992199
AKR1B15,0.04449123025951507
AKR1C1,0.4783937175232087
AKR1C2,-1.0256477683712828
AKR1C3,-1.344697469414816
AKR1C4,0.9275660581060469
AKR1C8,1.8015778772197764
AKR1D1,-0.04393164896304569
AKR1E2,0.9035138261481556
AKR7A2,0.5295900585007516
AKR7A3,1.052830866607002
AKR7L,-0.8303063939814759
AKT1,0.4041722766597742
AKT1S1,-0.1363970108453163
AKT2,0.26912658826270874
AKTIP,0.2906309612353901
ALAD,0.11892917267472836
ALAS1,0.23784078874340153
ALAS2,0.21081914842570454
ALB,-1.2147166785956105
ALCAM,0.17611125382309023
ALDH16A1,-0.2109931803849987
ALDH18A1,-0.04868752841328838
ALDH1A1,-0.7491569003576513
ALDH1A2,-0.23188234605089053
ALDH1A3,0.19965570626959564
ALDH1B1,0.09026281584004003
ALDH1L1,0.024787916144360378
ALDH1L2,-0.08590513560526514
ALDH2,0.994953807688396
ALDH3A1,-0.10153024098758423
ALDH3A2,0.04063110564985717
ALDH3B1,0.4132226890791415
ALDH3B2,-0.7098593598315603
ALDH4A1,0.2850318116372401
ALDH5A1,0.23766660479612955
ALDH6A1,0.06361977861515555
ALDH7A1,-0.16132277824543273
ALDH8A1,0.43429684838574173
ALDH9A1,-0.26095318633846976
ALDOA,-0.3441602361766867
ALDOB,-1.4533519975839146
ALDOC,-0.4086301188755246
ALG1,-0.46628255565905663
ALG10,0.09427173993810456
ALG10B,0.3790396067725319
ALG11,0.0961507619806925
ALG12,0.14107669538832468
ALG13,0.2540939782945735
ALG14,-0.16365576797267511
ALG2,-0.20134079916287462
ALG3,-0.10528613645657536
ALG5,-0.39327269793286224
ALG6,-0.06448922856276784
ALG8,-0.24054554074653822
ALG9,-0.3384680897722312
ALK,0.43448726827599293
ALKAL1,-0.7598547436019578
ALKAL2,0.9244596477630643
ALKBH1,-0.31125593619990966
ALKBH2,0.1450472913816503
ALKBH3,-0.0541570712846422
ALKBH4,-0.25026017712747795
ALKBH5,-0.06400709378107905
ALKBH6,0.07873933470075833
ALKBH7,-0.0003895345694946428
ALKBH8,-0.3900907789500998
ALLC,-0.3783268738732356
ALMS1,-0.1307984265222517
ALOX12,0.9032627661172002
ALOX12B,-0.5647057519862162
ALOX15,-0.6120426088066662
ALOX15B,-0.4769505011108553
ALOX5AP,1.0212210237026238
ALOXE3,-0.4368053749874008
ALPG,0.762225343323386
ALPI,0.06499172393914893
ALPK1,-0.04008898559207985
ALPK2,-0.47163510742344794
ALPK3,0.2625917651086591
ALPL,0.2471517626773987
ALPP,1.1294628226752983
ALS2,-0.4672053799026483
ALS2CL,0.10312022956151079
ALX1,-1.2103432939818928
ALX3,0.7247542369129558
ALX4,0.4047864139671906
ALYREF,0.28227892280948286
AMACR,-0.4127541330587907
AMBN,1.2263063971431163
AMBP,0.909732418276124
AMBRA1,-0.5366421157366763
AMD1,-0.10604736705086548
AMDHD1,-0.1933901092187824
AMDHD2,0.24226150589522977
AMELX,-0.2053018315786468
AMER1,0.09468845370218748
AMER2,0.17120803537995544
AMER3,0.6819494755707542
AMFR,1.4585456577738611
AMH,-0.48450293820916057
AMHR2,-0.6469459420664213
AMIGO1,0.2527328941686462
AMIGO2,0.25637561984702506
AMIGO3,-0.7924470501655421
AMMECR1,0.7189170424872884
AMMECR1L,-0.000884843103373889
AMN,1.4252264398001828
AMN1,-0.10376621962579424
AMOT,0.16401088151429954
AMOTL1,0.7726139168490492
AMOTL2,-0.28615407195950837
AMPD1,-0.14699263380037758
AMPD2,-0.2432469320273143
AMPD3,-0.13181950567724332
AMPH,0.8519413800303088
AMT,0.0648893077377446
AMTN,-0.9436108402111021
AMY2A,-0.5405890878440864
AMY2B,-0.22661693882783163
AMZ1,-0.1357095802581587
AMZ2,-0.04823082272721102
ANAPC1,-0.562906640487097
ANAPC10,-0.26464747965753066
ANAPC11,0.09700994258441664
ANAPC13,-0.1391717294600694
ANAPC15,0.08459457209334786
ANAPC16,-0.24233064712652475
ANAPC2,-0.10837540176546412
ANAPC4,-0.09379857722822216
ANAPC5,-0.2176098934188655
ANAPC7,-0.536548816270404
ANG,-0.21207798777440257
ANGEL1,0.5027211934861163
ANGEL2,-0.14569452208782252
ANGPT1,-0.1892713797140957
ANGPT2,-0.06770094245867711
ANGPT4,0.0058856515590385294
ANGPTL1,-1.0621246338491868
ANGPTL2,0.3275792282961582
ANGPTL3,0.8331852250622076
ANGPTL4,-0.49229137400874023
ANGPTL5,-0.39941330288548793
ANGPTL6,0.13088127650754888
ANGPTL7,-0.16797729905766956
ANGPTL8,0.5109724631913134
ANHX,-1.1415881600301285
ANK1,0.0815557978868453
ANK2,-0.5878396530346639
ANK3,0.5909587289824852
ANKAR,0.162585634038378
ANKDD1A,-0.06633276302186841
ANKDD1B,0.19887255434351792
ANKEF1,-0.03854487141946117
ANKFN1,-0.7204193732255786
ANKFY1,-0.0642457014358433
ANKH,1.0578277715475215
ANKHD1,-0.0691050016932575
ANKHD1-EIF4EBP3,-0.07561025388443987
ANKIB1,-0.2197013445035605
ANKK1,0.2420187235557456
ANKLE1,-0.48930407840531176
ANKLE2,0.2672815216408173
ANKMY1,0.49307633646761717
ANKMY2,-0.2848081226584869
ANKRA2,-0.47658017461779956
ANKRD1,-0.09663310493430599
ANKRD10,0.21508572855285735
ANKRD11,0.43314036782561516
ANKRD12,0.026368535970777707
ANKRD13A,0.26614670202863167
ANKRD13B,0.5367143856602032
ANKRD13C,-0.356408641517417
ANKRD13D,-0.00983462812216196
ANKRD16,0.5294509070716362
ANKRD17,-0.2197959029596257
ANKRD18A,-0.1556852794033814
ANKRD18B,-0.6033764401039781
ANKRD2,0.07130358231838008
ANKRD20A1,2.5162370813902633
ANKRD22,-0.5120816820263268
ANKRD23,-0.04489475695414402
ANKRD24,-0.3235507573589169
ANKRD26,-0.18305475819304196
ANKRD27,-0.22554768634892053
ANKRD28,0.3247576928274132
ANKRD29,0.21510666959306057
ANKRD30A,-0.23483831661203247
ANKRD30B,-0.5953609385094683
ANKRD30BL,-1.7711321383890746
ANKRD31,-0.07691075847669548
ANKRD33,0.18844069777173125
ANKRD33B,0.5999734463311373
ANKRD34A,-0.20506152737710082
ANKRD34B,-0.007858840780580856
ANKRD34C,0.2773030683850164
ANKRD35,0.40366452789445884
ANKRD36,0.020878184146462253
ANKRD36B,0.24217203437772206
ANKRD36C,-0.0071902898958589034
ANKRD37,-0.07124069006425948
ANKRD39,-0.04081368956129072
ANKRD40,0.006234511851293867
ANKRD40CL,-0.3107502607131831
ANKRD42,-0.3730675204298519
ANKRD44,0.2939630438418166
ANKRD45,-0.280335653346213
ANKRD46,0.01854061298842513
ANKRD49,-0.1016453971360134
ANKRD50,-0.18820231904966622
ANKRD52,0.2425109196127151
ANKRD53,0.094076455639981
ANKRD54,-0.5217075007178948
ANKRD55,0.7518411003348093
ANKRD6,0.9553531220669904
ANKRD60,0.055262325679522606
ANKRD61,0.4764510952082942
ANKRD62,0.3818310288126139
ANKRD63,-0.4267131206657804
ANKRD65,-0.33197578341073475
ANKRD66,0.24837199770619656
ANKRD7,-0.08175642533319305
ANKRD9,-0.17631046476637602
ANKS1A,0.015511014334109507
ANKS1B,0.838995072259815
ANKS3,-0.09040827794341677
ANKS4B,-0.6925845751840567
ANKS6,0.4711061841443853
ANKUB1,-0.006120629715947956
ANKZF1,0.17607542634837792
ANLN,0.0033945763760865333
ANO1,-0.03353927745264795
ANO10,0.5319961218127034
ANO2,0.30673350931983456
ANO3,-0.9261912298224155
ANO4,-1.1904483731152127
ANO5,0.21921630156335314
ANO6,-0.12946454594524148
ANO7,-0.12707503623205074
ANO8,0.24214366791949526
ANO9,0.28363423110241914
ANOS1,2.2037591296769614
ANP32A,-0.06384245325034144
ANP32B,0.3833954519196352
ANP32D,-0.22539853101160967
ANP32E,0.31226107390231217
ANPEP,-0.6975857340295746
ANTKMT,0.23489374217166592
ANTXR1,-0.3042052691754691
ANTXR2,-0.20456313280952765
ANTXRL,-0.24911733873969477
ANXA1,0.15707353565303905
ANXA10,0.4844412201629984
ANXA11,0.3224678390104847
ANXA13,0.0704955199322651
ANXA2,-0.19562320461710425
ANXA2R,-0.2078284104175454
ANXA3,-0.09726350038365972
ANXA4,-0.2400784336527222
ANXA5,0.17780464274832797
ANXA6,-0.1902743477905222
ANXA7,-0.10291932708171458
ANXA8,0.0826646521859753
ANXA8L1,-0.4035388364317922
ANXA9,-0.05008585486977468
AOAH,-0.02144897172043292
AOC1,0.09522870222021598
AOC2,-0.5576685489579911
AOC3,0.1635574147826604
AOPEP,0.01346128386409795
AOX1,-1.5820583880054668
AP1AR,0.05994610463519834
AP1B1,-0.41831549961737347
AP1G1,-0.33955560891895953
AP1G2,-0.014177169474158369
AP1M1,-0.09832554156780038
AP1M2,-0.8116757013377185
AP1S1,0.34197443897251434
AP1S2,0.3808694094527372
AP1S3,0.15413911229342991
AP2A1,0.2650970698553481
AP2A2,0.7815699340104034
AP2B1,-0.2579503791296993
AP2M1,0.20373631327391983
AP2S1,-0.2153708616438479
AP3B1,-0.4575558365224035
AP3B2,0.2617565133333386
AP3D1,0.5464286472900115
AP3M1,-0.09334067578509586
AP3M2,0.13631076074340154
AP3S1,-0.16273976420167013
AP3S2,-0.4781399111228457
AP4B1,-0.3962657050023628
AP4E1,-0.11043659722386412
AP4M1,-0.1821483460365263
AP4S1,-0.3597896133996703
AP5B1,0.4075821982772272
AP5M1,-0.14154214827760025
AP5S1,-0.22857621343966628
AP5Z1,0.04466344031337943
APAF1,-0.10593350085140063
APBA1,-0.12797478618630098
APBA2,0.48575961616339836
APBA3,-0.21741787110076594
APBB1,0.5321993063505777
APBB1IP,-0.4358049173612848
APBB2,-0.32017773448142695
APBB3,-0.044856423485005514
APC,-0.06600616494372691
APC2,-0.10597665857308636
APCDD1,1.4426359556196289
APCDD1L,0.8327962166527219
APCS,0.38771940165074276
APEH,0.3558759981961792
APELA,0.30932375685502955
APEX1,-0.2674497636257849
APEX2,0.10282589824689659
APH1A,-0.06899762619145289
APH1B,-0.4753458496702978
API5,0.11659491164750335
APIP,0.04558942671340205
APLF,0.2104469416343031
APLN,0.10028495088331901
APLNR,-0.4576806373374569
APLP1,0.4461845592580884
APLP2,-0.6801089057459095
APMAP,-0.3184162762101854
APOA1,-0.23121294610465865
APOA2,0.11631005819199358
APOA4,0.510634901300151
APOA5,0.15390942349721515
APOB,0.07206472700978406
APOBEC1,0.1692727343299134
APOBEC2,-0.32428227988912983
APOBEC3B,-0.12220964282720603
APOBEC3C,0.3637165701177373
APOBEC3D,-0.14016831340197644
APOBEC3F,0.3555245501533384
APOBEC3G,-0.3612895772453115
APOBEC3H,-0.2676419168920449
APOBEC4,0.11074463063196305
APOBR,0.2617602386636646
APOC1,-0.08446687789284546
APOC2,0.12078489567285833
APOC3,-0.41203188478143116
APOC4,-0.2687135785248407
APOC4-APOC2,-0.2677425889239185
APOD,1.0875862859809218
APOE,-0.3906428267036315
APOF,-0.7566080740845393
APOH,-0.5510169331050925
APOL1,1.373845887672392
APOL2,-0.1288633892670057
APOL3,0.009176278216852074
APOL4,0.9498284766563425
APOL6,-0.658565711590045
APOLD1,0.0020918489908252624
APOO,-0.26443376506481897
APOOL,-0.9028886179133488
APP,0.04530276049374482
APPBP2,-0.24590921515104558
APPL1,0.19066998526712542
APPL2,0.6986941996293208
APRT,-0.07174754558348617
APTX,-0.06343053811753663
AQP1,0.416158493891561
AQP10,-0.42305785382430106
AQP11,-1.0013069283343625
AQP12A,0.7563896922921076
AQP12B,0.5943294830149204
AQP2,-0.44612171426454006
AQP3,-0.4336585824721473
AQP4,-0.3334210496614355
AQP5,0.7263080947012226
AQP6,0.15095426189247974
AQP7,0.9190173825581279
AQP7B,1.2943568587635994
AQP8,-0.416365565804744
AQP9,-0.5095459993918503
AQR,-0.020256053965070464
AR,-0.6574574872343197
ARAF,0.08096519604182273
ARAP1,-0.16688801731098213
ARAP2,-0.08366925351049881
ARAP3,1.2799552180335059
ARB2A,-0.1530713347180832
ARC,0.901660796105848
ARCN1,-0.6050865249813038
AREG,-0.29806235835332107
AREL1,-0.3082122344444578
ARF1,0.6387685506926015
ARF3,-0.16970551096319575
ARF4,-0.08012336422059718
ARF5,0.20551260397204008
ARF6,-0.06105287975491169
ARFGAP1,0.5140048462585418
ARFGAP2,0.00780558910819984
ARFGAP3,0.2701354950928394
ARFGEF1,0.6121847883512883
ARFGEF2,0.6922395502686136
ARFGEF3,1.576783523922141
ARFIP1,0.06631484409775723
ARFIP2,0.013487646127500419
ARFRP1,0.1995448906330317
ARG1,-0.3720080166115093
ARG2,-0.1321325947795291
ARGFX,0.09493730752383439
ARGLU1,0.08266628928453468
ARHGAP1,-0.07952128064886743
ARHGAP10,-0.1260811030095237
ARHGAP11B,0.9436108402111021
ARHGAP12,0.4182235982437321
ARHGAP15,-0.28510209099348205
ARHGAP17,0.17420749344060216
ARHGAP18,-0.512960923895341
ARHGAP19,-0.12847885857662966
ARHGAP19-SLIT1,-0.1309754925079174
ARHGAP20,0.7524046572518004
ARHGAP21,0.008210812337925866
ARHGAP22,-0.15652282254902605
ARHGAP23,0.8311190390861243
ARHGAP24,-0.3369355168528687
ARHGAP25,0.21849809902033246
ARHGAP26,0.25888671043903067
ARHGAP28,0.27194671006987914
ARHGAP29,-0.24387141689659836
ARHGAP30,-0.018457924859283992
ARHGAP31,0.270036830129321
ARHGAP32,0.2553707160893679
ARHGAP33,0.2919210579057596
ARHGAP35,0.17174285962304126
ARHGAP36,-1.1239867257823581
ARHGAP4,0.6525216908266898
ARHGAP40,-0.40128930753647163
ARHGAP42,0.5805122786779
ARHGAP44,0.19043549146857908
ARHGAP45,0.1094006976047277
ARHGAP5,0.14902177733973687
ARHGAP6,0.9052126751529008
ARHGAP8,-0.5999265077853068
ARHGAP9,-0.2030075836079961
ARHGDIA,0.14321843414880497
ARHGDIB,-0.17657609500087812
ARHGDIG,-0.2665467511181463
ARHGEF1,-0.616325176821511
ARHGEF10L,-0.5683037357928731
ARHGEF11,0.2908296431870544
ARHGEF12,0.16892276601701717
ARHGEF15,-0.5983855898031903
ARHGEF16,0.19519267577021093
ARHGEF17,0.2202689925181467
ARHGEF18,-0.39097535567747643
ARHGEF19,-0.41867348936041443
ARHGEF2,0.33070086423420963
ARHGEF25,-0.5509474340876144
ARHGEF26,-0.9436108402111021
ARHGEF28,0.7220723197856684
ARHGEF3,-0.059141534991548284
ARHGEF33,0.9709578067548785
ARHGEF37,-0.33709235210834354
ARHGEF38,-1.3409726551782166
ARHGEF39,-1.1675808960418639
ARHGEF4,0.5703475036644119
ARHGEF40,0.020470608231744958
ARHGEF6,-0.4756606363690956
ARHGEF7,0.282678401274847
ARHGEF9,-0.7893355613605983
ARID1A,-0.29774167328718804
ARID1B,-0.5025375444082356
ARID2,0.5676648965485294
ARID3A,-0.040336105545842216
ARID3B,-0.118517881394264
ARID3C,0.07759107538719467
ARID4A,-0.09603563940435222
ARID4B,-0.09850315508581176
ARID5A,-0.480622367581792
ARID5B,-0.4274693210524374
ARIH1,0.019082577150074442
ARIH2,-0.33516074913047955
ARK2C,0.8399065097005426
ARK2N,-0.10125565629535505
ARL1,-0.48890231985433896
ARL10,0.15981420695751258
ARL11,0.026308275776846468
ARL13A,0.5378899976806615
ARL13B,0.20767273267107633
ARL14,0.3501455774898332
ARL14EP,-0.10647014454096126
ARL14EPL,0.6744033973677325
ARL15,-0.057272376164234196
ARL16,0.18352796680254269
ARL2,-0.2378960274871309
ARL2-SNX15,-0.2377110670459457
ARL2BP,-0.0104983758067414
ARL3,-0.05172799483880386
ARL4A,0.2131768997608603
ARL4C,0.19863696783991935
ARL4D,-0.43926236026101817
ARL5A,0.04898724699999413
ARL5B,0.15000596767394914
ARL5C,-0.8225839068802694
ARL6,-0.24989247314564622
ARL6IP1,0.04883081503484643
ARL6IP4,-0.3736543774464618
ARL6IP5,-0.12538031992193766
ARL6IP6,-0.007469575560529407
ARL8A,0.4276055408787327
ARL8B,0.06306146395815304
ARL9,0.4564393294216269
ARMC1,-0.07466471019866816
ARMC10,0.9355616859447213
ARMC12,-0.27599185580823926
ARMC2,-0.24224141661265985
ARMC3,-0.9685759227221058
ARMC5,-0.4287252987012615
ARMC6,0.039408740653437135
ARMC7,0.07092848922448525
ARMC8,-0.2334537692087908
ARMC9,-0.10533111402930562
ARMCX1,-1.4896908245483136
ARMCX2,-1.2749412949618333
ARMCX3,-0.7106085766452924
ARMCX4,-0.09638196869789573
ARMCX5,-0.9436108402111021
ARMCX5-GPRASP2,-0.0561913432910921
ARMCX6,0.2091329867327374
ARMH1,0.06532926346078938
ARMH2,0.020319110592949996
ARMH3,-0.09641062439178416
ARMH4,-0.12199770055647008
ARMS2,-0.2732581328731666
ARMT1,0.0018186647164597503
ARNT,0.42456710111925045
ARNT2,0.912635627288607
ARPC1A,-0.26513651275776606
ARPC1B,0.04626713205218902
ARPC2,-0.26506290681452427
ARPC3,-0.34509735140327
ARPC4,-0.06771191901505347
ARPC4-TTLL3,-0.08479537855135
ARPC5,0.08758223870052717
ARPC5L,-0.21627267961830388
ARPIN,0.16191986241596568
ARPIN-AP3S2,0.3092848867907936
ARPP19,-0.025429188339533226
ARPP21,0.12514379098397743
ARR3,-0.598778140043513
ARRB1,-0.12277401530548993
ARRB2,-0.24347704264945058
ARRDC1,0.43441746147602345
ARRDC2,0.5654371232393349
ARRDC3,-0.19303869864530832
ARRDC4,0.40160745437781986
ARRDC5,-0.8720195709367214
ARSA,-0.2290715165534678
ARSB,0.6307751869737783
ARSD,0.25499596388602286
ARSF,-0.873356071921723
ARSG,-0.73218353306713
ARSH,-0.43564771160411175
ARSI,-0.616447022862911
ARSJ,-0.402450858292436
ARSK,-0.22030347131522987
ARSL,0.055681398030465915
ART1,-0.4477198991002793
ART3,1.5477531447267106
ART4,-0.3018171496605494
ART5,0.35331571251386906
ARTN,-0.07477734315077234
ARV1,0.5586459874922562
ARVCF,0.7127483103354262
ARX,-0.20868858208174368
AS3MT,-0.3222996771505
ASAH1,-0.19681952111124268
ASAH2,0.2567451765860055
ASAH2B,-1.0666463125338181
ASAP1,-0.23330855884400492
ASAP2,0.19295457104312952
ASAP3,0.21180230742989536
ASB1,-0.06314045684073832
ASB10,0.7365972144598276
ASB11,1.5387161479441143
ASB12,-0.5118577913362462
ASB13,0.10981126970791388
ASB14,-0.14234034020780317
ASB15,-0.28867628725427924
ASB16,-0.4175856497150947
ASB17,-0.436351637295482
ASB18,0.833457018235682
ASB3,2.5371058044040455
ASB4,-0.8835856037881462
ASB5,-0.7661044053548429
ASB6,-0.07589971499919734
ASB7,-0.07619025351496234
ASB8,0.5791186792001428
ASB9,0.42076494949395626
ASCC1,-0.36338305344173394
ASCC2,-0.23374509223843987
ASCC3,-0.3532625497651507
ASCL1,0.07490968553455424
ASCL2,-0.08933280007323685
ASCL3,-0.37776995090584864
ASCL4,-0.5655448219634067
ASCL5,0.08353388321956817
ASDURF,-0.011646980786173877
ASF1A,0.025204875252807568
ASF1B,0.13589701456671133
ASGR1,0.3976830978613627
ASGR2,0.09202211158426776
ASH1L,-0.45946356258953536
ASH2L,-0.023053152765504237
ASIC1,0.018015631536187904
ASIC2,0.000816251335050349
ASIC3,-0.15683817914366482
ASIC4,0.13230649314674547
ASIP,0.07142965331320705
ASL,0.15204931719981474
ASNS,0.04699144140099332
ASNSD1,-0.013579940242228083
ASPA,1.4555727245992285
ASPDH,-0.5457398509983484
ASPG,-0.47118598398552203
ASPH,0.15063002780213974
ASPHD1,0.018127464814950756
ASPHD2,-0.14862215450248506
ASPM,-0.33209833287308754
ASPN,1.137619198757103
ASPRV1,-0.6680702702131679
ASPSCR1,0.37263483125653263
ASRGL1,-0.5318136795052704
ASS1,0.33067970874165464
ASTE1,-0.08955208307327567
ASTL,-0.03597595956582067
ASTN1,0.9876194340919296
ASTN2,0.3887041026481224
ASXL1,0.27168879481217534
ASXL2,0.04764454751271341
ASXL3,0.6783601636796234
ASZ1,0.2741808007245366
ATAD1,-0.5050553570978205
ATAD2,0.04289988214567231
ATAD2B,0.15211462533602838
ATAD3A,-0.10357545941568258
ATAD3B,-0.08712879856216071
ATAD3C,-0.3374095848705936
ATAD5,-0.33216014154036344
ATCAY,-0.7836700591618375
ATE1,0.01378498512267079
ATF1,-0.048254120615687235
ATF2,0.07821915917355948
ATF3,0.13066891383269752
ATF4,0.05439840990206957
ATF5,0.007360754475480569
ATF6,-0.38903577568031
ATF7,-0.06750710046462949
ATF7-NPFF,-0.040551931163372856
ATF7IP,0.12986599947050603
ATF7IP2,0.9997564921566069
ATG10,0.257603344970299
ATG101,-0.2910819247002774
ATG12,-0.12829452821388454
ATG13,-0.3275699250656139
ATG14,-0.2974269195833923
ATG16L1,0.6107451450787269
ATG16L2,0.1163478135796856
ATG2A,0.134387217671895
ATG2B,0.23094763419553477
ATG3,-0.13712357206601844
ATG4A,0.09599129525008543
ATG4B,0.5054758003389654
ATG4C,-0.5313992004899601
ATG4D,-0.3244099206767328
ATG5,0.252984497069626
ATG7,-0.28060502483924843
ATG9A,0.17503857287337787
ATG9B,-0.21652393464860897
ATIC,0.004021454064217167
ATL1,0.41214829313397683
ATL2,0.6200448192453978
ATL3,0.17505884145852146
ATM,-0.14891306510785363
ATMIN,1.0869388927163688
ATN1,-0.2529919674440855
ATOH1,-0.5229906774426094
ATOH7,0.5991549044363302
ATOH8,-0.07240324720872593
ATOSA,-0.3095155013937854
ATOSB,0.019404254034984803
ATOX1,0.11696317353136898
ATP10A,-0.4600052495195679
ATP10B,-0.2894171354480213
ATP10D,0.10426970472621777
ATP11A,0.33778490461222965
ATP11B,0.36438675531635933
ATP11C,-1.073955410825841
ATP12A,-0.43851992742791635
ATP13A1,0.31932636238819256
ATP13A2,1.017285209004767
ATP13A3,-0.212184916622741
ATP13A4,-0.23908023410433277
ATP13A5,-0.9749944073560666
ATP1A1,0.3431321175834201
ATP1A2,1.1807235137890482
ATP1A3,-0.37091521590206256
ATP1A4,0.6654970698941596
ATP1B1,0.6336316870050211
ATP1B2,-0.4312035361905505
ATP1B3,-0.1512856329733463
ATP1B4,-0.08752706398394261
ATP23,-0.4115777184337981
ATP2A1,-0.9469110885253267
ATP2A2,0.636538782341713
ATP2A3,0.13326266033683876
ATP2B1,0.8845953993493287
ATP2B2,0.4645515521737442
ATP2B3,1.0538764505696918
ATP2B4,-0.1509422036061281
ATP2C1,-0.10799273136173237
ATP2C2,-0.3481592160089444
ATP4A,0.276314834346318
ATP4B,-0.08771776608407311
ATP5F1A,-0.4248438582880092
ATP5F1B,0.11191180593098071
ATP5F1C,-0.08364900700541344
ATP5F1D,0.18715274106847168
ATP5F1E,-0.20879124844107455
ATP5IF1,-0.011967452690453406
ATP5MC1,-0.009865303733641362
ATP5MC2,-0.4853191920695643
ATP5MC3,-0.1143076180231466
ATP5ME,0.19391318693926962
ATP5MF,-0.0478291526278678
ATP5MF-PTCD1,-0.04720340507113896
ATP5MG,-0.4067950706918939
ATP5MGL,-0.5135405940339413
ATP5MJ,-0.9512080491871424
ATP5MK,-0.2310902649335418
ATP5PB,-0.048603260009222105
ATP5PD,0.39932297473043477
ATP5PF,-0.027189061476494913
ATP5PO,-0.2610326399711873
ATP6AP1,-0.28890727473994016
ATP6AP2,-0.3035258356637327
ATP6V0A1,-0.13566861669051367
ATP6V0A2,0.05444899034872197
ATP6V0A4,-0.6199429344020847
ATP6V0B,-0.056100003918170493
ATP6V0C,0.6571786920371716
ATP6V0D1,-0.09125902481050474
ATP6V0D2,-0.5990796689420781
ATP6V0E1,-0.28663127566581004
ATP6V0E2,-0.08152403584206436
ATP6V1A,-0.1968447467139356
ATP6V1B1,-0.4036206952775906
ATP6V1B2,0.07185183806408624
ATP6V1C1,-0.1238089184081721
ATP6V1C2,-0.028373530209602427
ATP6V1D,-0.07176127887109374
ATP6V1E1,-0.7276028802642625
ATP6V1E2,0.028010870595640114
ATP6V1F,-0.12215441011734551
ATP6V1G1,-0.29093457793664435
ATP6V1H,-0.006331152795848283
ATP7A,-0.38471050449659927
ATP7B,0.09026131276946092
ATP8A1,0.2263296218402635
ATP8A2,0.30520704826154105
ATP8B1,-0.20980849182765926
ATP8B2,-0.10928779653691745
ATP8B3,0.09459994862964205
ATP8B4,-0.25217720126003407
ATP9A,0.5122372187371085
ATPAF1,0.2150604325458566
ATPAF2,0.3647297512774017
ATPSCKMT,-0.24094560140883914
ATR,-0.20414503688407226
ATRAID,-0.17877317371465118
ATRIP,0.09361491038632375
ATRN,0.09999577181906805
ATRNL1,0.8577730374183012
ATRX,-0.14047656581904722
ATXN1,-0.04465318329324841
ATXN10,0.7546337899405859
ATXN1L,-0.3838867882256354
ATXN2,0.48357850757715504
ATXN2L,0.0699539776310436
ATXN3,0.25200338952321033
ATXN3L,-0.7204362016336401
ATXN7,0.23366851103640807
ATXN7L1,0.16710661637466728
ATXN7L2,0.30782166210714035
ATXN7L3,0.42042960753905145
ATXN7L3B,-0.1493893452284425
AUH,0.4553589806815199
AUNIP,0.37352062141282616
AUP1,-0.09218070836871473
AURKA,-0.1517754306179082
AURKAIP1,-0.10093526322854363
AURKB,-0.4178808970837826
AURKC,-0.18216229209895282
AUTS2,0.8505936136116516
AVEN,1.4694179992172947
AVIL,-0.19107691309276936
AVL9,-0.133503202968126
AVP,0.7841436047334656
AVPI1,0.39702399022486023
AVPR1A,-0.14762950326269686
AVPR1B,-0.41151070862325134
AVPR2,-0.16898751281248714
AWAT1,-0.13390714481843102
AWAT2,-1.3449697250102775
AXDND1,-0.48716545181145854
AXIN1,0.348090865125263
AXIN2,0.6710333378352566
AXL,0.00031649909003883536
AZGP1,-0.13468949168931488
AZI2,0.09623740715338425
AZIN1,-0.2854088261975162
AZIN2,0.06163587507127666
B2M,0.2549063530007025
B3GALNT1,0.7908155489352797
B3GALNT2,-0.03650621583266389
B3GALT1,0.23038363401558604
B3GALT2,-0.3459311552777454
B3GALT5,0.4694498398759566
B3GALT6,0.3478157596680722
B3GALT9,-0.4287891463727975
B3GAT1,0.12793205800611762
B3GAT2,-0.07671135785840555
B3GAT3,-0.15903269083671212
B3GLCT,1.2627730760920963
B3GNT2,0.2487108134090179
B3GNT3,-0.16479377205763224
B3GNT4,-0.05712299938942378
B3GNT5,0.3524433750223752
B3GNT6,-0.6508848270542994
B3GNT7,0.6211823754972912
B3GNT8,-0.4783200865817083
B3GNT9,-0.0744868256243918
B3GNTL1,2.1924580937191047
B4GALNT1,-0.1107342701131282
B4GALNT2,-1.8916827807584702
B4GALNT3,0.10141612557436108
B4GALNT4,0.38138382746430044
B4GALT1,0.4144228302912074
B4GALT2,-0.26220279546289915
B4GALT3,-0.3067444028741386
B4GALT4,-0.1858941259527116
B4GALT5,0.269841695435582
B4GALT6,0.4867403568374087
B4GALT7,-0.08390740919048367
B4GAT1,-0.09732858411434187
B9D1,-0.15993598122904196
B9D2,-0.23851255646612746
BAALC,-0.5712289976842264
BAAT,-0.12594888054985542
BABAM1,-0.00399478889844751
BABAM2,0.4692596048802846
BACE1,0.28232053543070457
BACE2,1.0083802198240046
BACH1,0.3734875871879474
BACH2,0.17600682449774752
BAD,0.11360787141082618
BAG1,0.17412371134199311
BAG2,-0.15952512984174572
BAG3,0.10501269737679753
BAG4,-0.2912136551752935
BAG5,0.7092635220376886
BAHCC1,0.04413784782377039
BAHD1,-0.09424157812409106
BAIAP2,1.178073702416889
BAIAP2L1,0.28933879059131706
BAIAP2L2,-0.6748418257185342
BAIAP3,0.5325313320902636
BAK1,-0.2697521824815956
BAMBI,0.6604439612771165
BANF1,0.08471619379021345
BANF2,-0.7060710258062035
BANK1,-1.176209555117137
BANP,-0.6059482225539254
BAP1,0.1429297350008767
BARD1,0.15389663993273484
BARHL1,-0.3485417149490049
BARHL2,0.6251389080243501
BARX1,-0.4317737969902695
BARX2,0.9063019112283602
BASP1,-1.2636328299064394
BATF,-0.2663695253437819
BATF2,-0.2074458377573356
BATF3,0.3192948712497561
BAX,0.08951975716579774
BAZ1A,0.11094335096127894
BAZ1B,-0.019422170002318495
BAZ2A,-0.11788606431530901
BAZ2B,-0.3595233828504809
BBC3,-0.061019262037730115
BBIP1,0.2078052736948246
BBLN,-0.2448956485300462
BBOF1,0.2585633079981564
BBOX1,-0.8190234464934024
BBS1,-0.12709789828174856
BBS10,-0.31563960490144805
BBS12,-0.004827239291030239
BBS2,-0.27580928373571123
BBS4,-0.18613688288027053
BBS5,-0.13541070946594935
BBS7,0.08932250551556464
BBS9,0.011177388212415096
BBX,-0.11697557738846331
BCAM,0.4099220652269507
BCAN,-0.19607396733620686
BCAP29,0.05194917823589762
BCAP31,0.08815728464427597
BCAR1,0.23264232854343425
BCAR3,0.02793377461562052
BCAS1,1.0919957368167232
BCAS2,-0.07819530733073243
BCAS3,-0.10128294060146192
BCAS4,0.08728440853665553
BCAT1,-0.6949735707404994
BCAT2,-0.4638672221059563
BCCIP,0.10499547566947331
BCDIN3D,-0.23383413563002087
BCHE,-0.567731006758613
BCKDHA,-0.18581628516089843
BCKDHB,0.04227681242466996
BCKDK,-0.7604778952137052
BCL10,-0.0472579856027977
BCL11A,-0.42841852942406966
BCL11B,0.038452636261429696
BCL2,0.20989635809464158
BCL2A1,0.3049745423803473
BCL2L1,-0.07023505786892681
BCL2L10,-0.4066780335708179
BCL2L11,-0.550633050305338
BCL2L12,-0.09352748924247489
BCL2L13,-0.7295645676969023
BCL2L14,0.8994886804922979
BCL2L15,-1.0054765612783556
BCL2L2,-0.21880818425034823
BCL2L2-PABPN1,0.3808240185136822
BCL3,0.21510691137053417
BCL6,-0.47579345825717834
BCL6B,-0.151728658183099
BCL7A,-1.5598245355197937
BCL7B,0.34199135920011603
BCL7C,0.5208046323475877
BCL9,-0.2722310976155775
BCL9L,-0.10289736757001311
BCLAF1,-0.2128576949375356
BCLAF3,-0.12129248398322146
BCO1,-0.5510438235174934
BCO2,0.8730196134757523
BCOR,-0.2519220326444156
BCORL1,0.17932026131633028
BCR,0.565277083343732
BCS1L,-0.028538993661216594
BDH1,0.2559230955195751
BDH2,-0.397059686297744
BDKRB1,-0.5331135753404357
BDKRB2,-0.03352519895805106
BDNF,1.25817675073067
BEAN1,0.656090639304562
BECN1,-0.30641715034826866
BECN2,0.3980641598954969
BEGAIN,0.9990724499900829
BEND2,-0.5327945402753357
BEND3,0.06734137640800508
BEND4,-0.04627911650031624
BEND5,-0.06492064512020423
BEND6,0.22956434326994923
BEND7,0.6299986518404199
BEST1,0.3678847078733083
BEST2,-0.03050938165446726
BEST3,1.07424555613167
BEST4,-0.1346375528626218
BET1,0.0
BET1L,0.2486810479223447
BEX1,-0.6504654991498566
BEX2,-0.010470047424981921
BEX3,0.22553838293817075
BEX4,0.06667730676310679
BEX5,-0.6165989199384501
BFSP1,0.06830419587267045
BFSP2,2.0952505076422447
BGLAP,0.3062790012359642
BGN,-0.05514235581040883
BHLHA15,-0.22296839648177735
BHLHA9,0.26340553577430803
BHLHE22,0.015214887303497626
BHLHE23,0.12191319042492488
BHLHE40,0.1534373157879969
BHLHE41,-0.6384486973142458
BHMT,1.3607593576230004
BHMT2,-1.0782771943538134
BICC1,-0.6660492861542362
BICD1,0.05598861832177704
BICD2,-0.015345944058353211
BICDL1,1.0905239394788007
BICDL2,0.1034138554457914
BICRA,0.22216344879961802
BICRAL,-0.18610164851726774
BID,0.20240113814313831
BIK,-0.3543728416903269
BIN1,0.030946529754744212
BIN2,-0.05574180428543052
BIN3,-0.15002901087909937
BIRC2,-0.05448274205440029
BIRC3,-0.23336155533489578
BIRC5,-0.07474987192673499
BIRC6,-0.2162281498417915
BIRC7,-0.27556125321342506
BIVM,-0.6321091603300246
BIVM-ERCC5,-0.6305148683396906
BLACAT1,0.5351486265676406
BLCAP,-0.14597476869959447
BLID,0.5482880087935087
BLK,0.041059331270298594
BLM,-0.13810750732909405
BLMH,0.1587988336621633
BLNK,-1.2867241890333196
BLOC1S1,-0.3573668016120548
BLOC1S2,-0.20114817211284652
BLOC1S3,-0.022740283817413776
BLOC1S4,0.6270525681962278
BLOC1S5,0.048885114681893604
BLOC1S5-TXNDC5,0.04950409884001328
BLOC1S6,-0.37514270482799095
BLTP1,0.10499084985265572
BLTP2,0.3139834719716186
BLTP3A,0.43585675962370196
BLTP3B,0.18363545882196597
BLVRA,0.30373196898398946
BLVRB,0.06167616018735966
BLZF1,-0.19280810789459668
BMAL1,-0.2631278249500335
BMAL2,0.5640592462856713
BMF,0.2489077992892721
BMI1,0.6630931460016027
BMP1,0.36890168870994966
BMP10,1.8012318721361424
BMP15,-0.7396823343310097
BMP2,1.0285939339925192
BMP2K,0.5596662300243231
BMP3,0.5024125493542116
BMP4,0.12165009361058665
BMP5,-0.5402616976874752
BMP6,-0.38426797781685673
BMP7,0.10001492292635883
BMP8A,0.8309183282270558
BMP8B,0.49784647962303996
BMPER,-0.02405069507984825
BMPR1A,0.5267294270925804
BMPR1B,0.08667594963993364
BMPR2,0.390889562166306
BMS1,-0.4145269124522759
BMX,0.92811844541404
BNC1,1.3162362582199358
BNC2,-0.9447143720191258
BNIP1,-0.5252274766488547
BNIP2,-0.059183304552112403
BNIP3,0.4575761942247434
BNIP3L,-0.09706876999328173
BNIP5,0.5310153897509534
BNIPL,-1.7700006577621856
BOC,0.08032118571322677
BOD1,-0.10244091889699014
BOD1L1,-0.15553254340001432
BOD1L2,0.6016423193987901
BOK,-0.6771301671142891
BOLA1,-0.1843127757663492
BOLA2-SMG1P6,0.0
BOLA3,-0.2566985536204589
BOLL,0.6684053429010477
BOP1,0.8840947161245492
BORA,-0.02390585208787499
BORCS5,-0.053294879540021434
BORCS6,0.02091235315003548
BORCS7,-0.5203893046887487
BORCS7-ASMT,-0.51972330138556
BORCS8,-0.08218263800512293
BORCS8-MEF2B,-0.07698372891845295
BPGM,-0.03989843301927998
BPHL,-0.0228907054228209
BPI,0.7051420479536643
BPIFA1,-0.4630108678939132
BPIFA2,-0.04951597912106431
BPIFA3,0.77459271830954
BPIFB1,-0.4224620559771298
BPIFB2,-0.5647106365394464
BPIFB3,-0.20261303035492073
BPIFB4,-0.45066043318534454
BPIFB6,0.7052315709926246
BPIFC,-0.7472999996742576
BPNT1,-0.2617242901668835
BPNT2,0.22419354268548553
BPTF,0.0166124658537532
BRAF,-0.051231464882505406
BRAP,0.038957565112665016
BRAT1,-0.15569780239473996
BRCA1,-0.31433466272003674
BRCA2,-0.3621864328764266
BRCC3,-0.012675675338220671
BRD1,0.21277128770541176
BRD10,0.5859784605202396
BRD3,1.2667609488668359
BRD3OS,0.04234603476018339
BRD4,0.5588261532890431
BRD7,0.06022898291891554
BRD8,-0.4121791760792961
BRD9,0.46499339377573623
BRDT,-0.3434444547702111
BRF1,0.613225291164381
BRF2,-0.44846449297144986
BRI3,0.03470112217565724
BRI3BP,0.29924393560153995
BRICD5,-0.2901667268406716
BRINP1,-1.1185829134274274
BRINP2,2.184561591827969
BRINP3,0.7599574329423108
BRIP1,-0.28514975323503844
BRIX1,-0.3556306053668994
BRK1,0.005090703057687662
BRME1,-0.40104828511769064
BRMS1,-0.19695607180286778
BRMS1L,-0.07206909728250022
BROX,-0.187464005134526
BRPF1,-0.07018770979800415
BRPF3,0.13606747684640208
BRS3,0.9231002604916916
BRSK1,-0.3197133352292756
BRSK2,0.10680154935191055
BRWD1,0.28294350158721127
BRWD3,-0.11592422719665496
BSCL2,-0.31962387674729476
BSDC1,-0.0944717356044853
BSG,-0.46687209216296743
BSN,0.17767834760596468
BSND,-0.695043951205465
BSPH1,-1.0099892555314307
BSPRY,0.5626865768444329
BST1,-0.4658710447127221
BST2,-0.22515290038709113
BSX,0.5075747922263005
BTAF1,-0.17505327959737826
BTBD1,0.1725125589034766
BTBD10,-0.14373742257432287
BTBD16,0.5543548493362703
BTBD17,-0.06216539039050861
BTBD18,-0.403703916213225
BTBD19,-0.06552521430393199
BTBD2,0.5146987126457467
BTBD3,0.4060468070870158
BTBD6,-0.2390424800202391
BTBD8,-0.10106019507630393
BTBD9,0.03223499430248733
BTC,-0.7770281352743994
BTD,-0.06786466570246752
BTF3,-0.11968260742153891
BTF3L4,-0.14822555608581567
BTG1,0.2647923481845229
BTG2,-0.2955346007645616
BTG4,-0.799940356990147
BTK,-0.24324479291715662
BTLA,-0.054446502256111806
BTN1A1,0.8805383332364138
BTN2A1,-0.22735001149341816
BTN2A2,-0.29614388127653113
BTN3A1,-0.3911368951822216
BTN3A2,-1.0184096229117223
BTN3A3,-0.5238442777935299
BTNL3,0.7634986271644695
BTNL8,-0.49971503040556264
BTNL9,0.10373863753469813
BTRC,0.05953704376682989
BUB1,-0.42659252919793644
BUB1B,-0.46628278772169196
BUB1B-PAK6,0.043142669211970575
BUB3,-0.016852574730783942
BUD13,-0.14490041673053877
BUD23,-0.16548493266342668
BUD31,-0.2803231004213371
BVES,0.03924521661513847
BYSL,-0.3068100423231952
BZW1,-0.1720892985630691
BZW2,-0.28462626896504517
C10orf105,-0.2210462885326525
C10orf120,0.4958703691868938
C10orf143,0.10939385848367422
C10orf53,0.27488815973479774
C10orf62,-0.1395728970259651
C10orf67,0.4060659638514812
C10orf71,0.19742912881627667
C10orf88,0.3665836323648959
C10orf90,0.8043351788548259
C10orf95,1.2291099973044566
C11orf16,0.06927341879941018
C11orf21,-0.1126761506282088
C11orf24,0.07894136505525484
C11orf42,-0.041535293644213545
C11orf52,0.02087805491280334
C11orf54,-0.19740453164449345
C11orf58,0.20984418267389815
C11orf65,-0.17207818555333532
C11orf68,0.7957782185102511
C11orf71,0.08184760097037458
C11orf86,-0.13164375676089457
C11orf87,0.3945304249678664
C11orf91,0.2767225255737742
C11orf96,0.43295869976799395
C11orf97,0.8160506662216338
C11orf98,-0.022428793893288557
C12orf42,-0.7348595235688609
C12orf43,-0.050827233129907334
C12orf50,-1.3452235060138917
C12orf54,0.008451997414270274
C12orf56,-0.13794721285801148
C12orf57,-0.26352251821922223
C12orf60,-0.04652466257624699
C12orf71,-0.6481326602524842
C12orf75,1.076231039824882
C12orf76,-0.6121642939559016
C13orf42,-0.7523864418359476
C13orf46,-0.6021764670295128
C14orf119,-0.0098654466641932
C14orf132,0.5387444727411626
C14orf28,0.050936752619214154
C14orf39,0.5135478308722105
C14orf93,-0.06918854226258642
C15orf39,0.21238142879151037
C15orf40,-0.2404436096392759
C15orf48,0.4641477766653411
C15orf61,0.41993289763779185
C15orf62,-0.23322667094908534
C16orf46,0.04181009985425277
C16orf54,0.009670196339044423
C16orf74,0.6433517224595615
C16orf78,1.3081371199130991
C16orf82,0.25484315586814493
C16orf86,-0.04489454017732619
C16orf87,1.076010596095058
C16orf89,0.024532629711893295
C16orf90,-0.46954644521876954
C16orf92,-0.11766304762112223
C16orf95,-0.219642793353227
C16orf96,-0.6246226249963935
C17orf100,-0.03955371977106292
C17orf107,-0.14858707720721132
C17orf113,0.20649413835550545
C17orf114,1.5313767600443442
C17orf49,0.04003390756071834
C17orf50,-0.324931901605242
C17orf58,-0.5604201872564265
C17orf67,-0.8011562484607716
C17orf75,-0.46346662801088456
C17orf99,0.33106055258610656
C18orf21,-0.15259452349125535
C18orf32,-0.012378473294011982
C18orf54,0.02310049568184791
C18orf63,-0.13424551590397782
C19orf12,0.3139013455968245
C19orf18,-1.9893028791426748
C19orf25,-0.28817202818439114
C19orf33,-0.7600100303588846
C19orf38,-0.2736747434540918
C19orf44,0.16567510269703511
C19orf47,0.17795821095740916
C19orf53,-0.28662785929497225
C19orf67,0.045822569160932386
C19orf73,0.17950615991216345
C19orf81,0.034437327676793306
C19orf84,-0.5462312003015711
C19orf85,-0.5528608814257189
C1D,-0.07896048402718225
C1GALT1,-0.41262810161842367
C1GALT1C1,0.23256362983497336
C1GALT1C1L,1.3054270383128928
C1QA,0.46465077565650165
C1QB,1.5579969611938087
C1QBP,-1.0426758338537399
C1QC,-0.06534053333823175
C1QL1,0.6756429509244932
C1QL2,-0.4687351923234593
C1QL3,-1.0742744038416046
C1QL4,-0.11497316579563854
C1QTNF1,-0.10341499905200813
C1QTNF12,0.40143433742407986
C1QTNF2,0.1367035441461251
C1QTNF3,0.058552943814893954
C1QTNF3-AMACR,-0.7343500170171784
C1QTNF4,-0.40397914012742664
C1QTNF5,0.22308824015395223
C1QTNF6,0.10685392157343188
C1QTNF7,-0.14579309660431838
C1QTNF8,-0.01952413870193226
C1QTNF9,1.1097604386007551
C1QTNF9B,0.6242407051229633
C1R,-0.5578753170645179
C1RL,-0.2612285905410081
C1S,-1.3629879115060488
C1orf105,0.9185753081859811
C1orf115,0.09449930151971642
C1orf116,0.4381782871073619
C1orf122,0.12930396508094333
C1orf127,0.37818691298551466
C1orf131,-0.19086516466001058
C1orf141,-0.8698090276003283
C1orf146,0.1992745197849609
C1orf159,0.05468686953764745
C1orf162,-0.39192800838968006
C1orf167,-0.45597809032006476
C1orf174,0.09398329225704671
C1orf185,0.39397996495138643
C1orf198,-0.13036597993906396
C1orf202,0.033494764373242836
C1orf21,0.16808716256929834
C1orf210,0.22796436020803584
C1orf216,0.04939684341530837
C1orf226,0.3272435659706065
C1orf232,-0.21767989664761522
C1orf35,-0.2324899726086027
C1orf43,-0.10280999643407096
C1orf50,0.14902837548204673
C1orf52,-0.10918113497221249
C1orf53,0.11617462198807349
C1orf54,0.009396530754227861
C1orf56,0.17718097219871898
C1orf74,-0.3363248459122721
C1orf87,0.4534211920132594
C1orf94,1.0247388253058929
C20orf141,-0.2649220036922795
C20orf144,-0.43803855140290127
C20orf173,-0.024281187297526374
C20orf202,-0.7650033095689088
C20orf203,-0.03337662291955468
C20orf204,-0.3515906751181588
C20orf96,-0.4025841248696609
C21orf58,0.15400016053357835
C21orf91,0.006408823393647012
C22orf15,-0.3703295179709565
C22orf23,-0.29836666017422697
C22orf31,0.8500227021693699
C22orf39,-0.0781172101199008
C22orf42,-1.851884778774845
C2CD2,-0.15884356369200744
C2CD2L,-0.41146711549171133
C2CD3,0.20517331191573618
C2CD4A,-0.6046441895322499
C2CD4B,-0.08770385165553352
C2CD4C,-0.3156561661289272
C2CD4D,0.1259329663836004
C2CD5,-0.1512713766233098
C2CD6,-1.1416347684468884
C2orf15,0.4416367506236307
C2orf42,-0.10785120036263063
C2orf49,-0.6387609001144878
C2orf66,-0.5573970233676802
C2orf68,-0.3927090373950941
C2orf69,0.1948753026068779
C2orf72,0.8178816477994858
C2orf74,2.5505042925261563
C2orf76,-0.34909665207560536
C2orf78,-0.12228755292016391
C2orf80,-0.361815056917032
C2orf81,0.15929993839295786
C2orf88,0.03312056391839319
C2orf92,0.041268819263261314
C3,0.2949572582110858
C3AR1,0.49386682617185795
C3orf18,-0.19438187864195977
C3orf20,-0.37138346267896116
C3orf22,0.12899804749985128
C3orf33,-0.12787818887451685
C3orf38,-0.2732634755902055
C3orf49,-0.10172538291530586
C3orf52,-1.2174121414154684
C3orf62,-0.39033495640533034
C3orf70,0.39972609088533506
C3orf80,0.6354901074629962
C3orf85,-0.5847790637719692
C4BPA,0.16974148255186244
C4BPB,-0.9085251226466884
C4orf17,1.2710433110917587
C4orf19,0.010080324085576464
C4orf3,-1.1080364438787507
C4orf33,0.15578730489195713
C4orf36,-0.30197378443830925
C4orf46,-0.16129646563125988
C4orf50,0.3391327012966494
C4orf51,-1.8910486667754405
C4orf54,-1.1296015922231313
C5,0.07899737397360873
C5AR1,0.360080365984468
C5AR2,0.5756180221941001
C5orf15,-0.17023840765543063
C5orf22,-0.23519638591362568
C5orf24,0.30409075369143945
C5orf34,-0.3130334255746021
C5orf46,-0.186653391840636
C5orf47,0.022427146038248136
C5orf52,-0.5311746617338043
C5orf58,0.35311850189225535
C5orf63,0.7692954538715748
C6,-1.8413207951889794
C6orf118,0.38428528578652155
C6orf120,-0.062427639421664516
C6orf132,-0.735232341940655
C6orf141,-0.8261982615201846
C6orf163,-0.01747737460405907
C6orf226,-0.9530454699185174
C6orf52,-0.19963268872187268
C6orf58,-0.2592042376078303
C6orf62,-0.017822250823279262
C6orf89,-0.22322786453099996
C7,-1.1663909837138375
C7orf25,0.09563590438822889
C7orf33,0.8202178263774711
C7orf50,0.6769005666815531
C7orf57,-0.4416082108436111
C7orf78,1.3220600662572746
C8A,-0.029547218885558557
C8B,-0.3791196360676087
C8G,0.9014093284203941
C8orf33,-0.07239224316092763
C8orf34,1.000435687198586
C8orf44-SGK3,-0.11667844828264684
C8orf48,-1.993807344916683
C8orf58,0.1746320168684279
C8orf74,-0.1580178916085323
C8orf76,-0.15294163087081714
C8orf82,-0.04825634791939759
C8orf88,-0.555434634041438
C8orf89,1.2593216174995776
C8orf90,1.4551524742978539
C9,-0.8254463933747509
C9orf152,-0.005508327311067207
C9orf153,0.08995452737191101
C9orf40,-0.08279771804919722
C9orf43,-0.23242551406823075
C9orf50,0.5004245748107372
C9orf57,0.4782851653992284
C9orf72,0.2382896049830574
C9orf78,-0.1497580139780892
C9orf85,0.12211007010066854
CA1,-0.062418407766364425
CA10,0.6833336348930785
CA11,0.11284012272468669
CA12,0.4292835038942664
CA13,-0.0657254038227233
CA14,-0.5552080908800086
CA2,0.11977185351725428
CA3,-0.07098930926215674
CA4,-0.13816557254195325
CA5A,0.8433312269843022
CA5B,-0.4398458240383054
CA6,-0.5878418442922606
CA7,0.6921003578861211
CA8,-0.05616614460196967
CA9,-0.9407105026571462
CAAP1,-0.3055132840726733
CAB39,0.597640067977844
CAB39L,0.04311540396069358
CABCOCO1,0.07508225041826377
CABIN1,0.8404483082194516
CABLES1,-0.10768668850906149
CABLES2,0.2871534193776162
CABP1,0.6100673017118305
CABP2,0.2393261197858882
CABP4,-0.6596228591563333
CABP5,-0.556732808669525
CABP7,-0.9443156559746828
CABS1,-0.5982994098231387
CABYR,-1.1297515778795675
CACFD1,-0.27733835344685254
CACHD1,0.4187645357098342
CACNA1A,0.24952949186731793
CACNA1B,-0.3303683850840522
CACNA1C,-1.4211323059428023
CACNA1D,0.6641051150713713
CACNA1E,-0.1916718201636438
CACNA1F,0.3270590904689814
CACNA1G,0.027520841619300906
CACNA1H,0.8697164644562628
CACNA1I,-0.22935054658505474
CACNA1S,-0.2981123377840542
CACNA2D1,0.5230449882022365
CACNA2D2,0.8891333483100969
CACNA2D3,0.6121675836114062
CACNA2D4,0.1031483000366229
CACNB1,-0.08600391219814618
CACNB2,0.624397263471206
CACNB3,0.09755116588176582
CACNB4,-0.39265521958877514
CACNG1,0.36938592409584187
CACNG2,0.24454359312129315
CACNG3,-0.2843028620526966
CACNG4,-0.0904411226139683
CACNG5,0.7103848014834959
CACNG6,1.5735887604049918
CACNG7,0.6402262369082937
CACNG8,-0.34739755459151883
CACTIN,-0.23442779264361402
CACUL1,0.10690606136125691
CACYBP,-0.05569968854000429
CAD,-0.46890098692122084
CADM1,0.060656219839333225
CADM2,0.12051366648595696
CADM3,0.6807247128837373
CADM4,-0.2602131075260212
CADPS,0.32769790470230775
CADPS2,0.7184510031228193
CAGE1,-0.3321525594244168
CALB1,0.5342302336465878
CALB2,0.06825893152479079
CALCA,0.07909985275178666
CALCB,0.518077248779006
CALCOCO1,0.15222620114607643
CALCOCO2,-0.20119910486832637
CALCR,0.026800105620062048
CALCRL,-0.4972752819438434
CALD1,-0.08683040034383604
CALHM1,0.13521315278270252
CALHM2,-0.33866034229579434
CALHM3,-0.6886068028420974
CALHM4,-0.2881361098273786
CALHM5,0.29390401353894596
CALHM6,0.19429759738005492
CALM1,0.7514946591650649
CALM2,-0.06360234132699372
CALM3,-0.09187880553392436
CALML3,1.0967014155619403
CALML4,0.03662166457760507
CALML5,0.01931143391377721
CALML6,0.1430690928746421
CALN1,0.13893167365430825
CALR,0.0031775550256352147
CALR3,0.16284630427810765
CALU,0.10265417005505739
CALY,-0.12512426312046454
CAMK1,-0.4999936481784619
CAMK1D,0.20499377282865883
CAMK1G,-0.8981080577806791
CAMK2A,0.8543893130186064
CAMK2B,0.5253394307518588
CAMK2D,0.17539198418820678
CAMK2G,0.24278678252709485
CAMK2N1,0.10575308311662956
CAMK2N2,-0.185575242931439
CAMK4,0.25951400105939015
CAMKK1,-0.03712121850794636
CAMKK2,-0.4264430966598003
CAMKMT,-0.3040695146392345
CAMKV,-0.20601700530863232
CAMLG,-0.15046594622271758
CAMP,0.43706612706400805
CAMSAP1,0.5777748848128414
CAMSAP2,0.04660446078986702
CAMSAP3,1.1835402587401362
CAMTA1,0.5595088794433254
CAMTA2,0.0854114674031834
CAND1,-0.10099845498235105
CAND2,-0.04608051123568435
CANT1,0.20601728578194933
CANX,-0.2654610510780264
CAP1,0.08494165382903685
CAP2,1.1706833111106554
CAPG,-0.11855232214450773
CAPN1,-0.20610366320426898
CAPN10,-0.13406372310277348
CAPN11,-0.5333347375679193
CAPN12,-1.1450408790138875
CAPN13,-0.29780460033555645
CAPN14,-0.2782220711282668
CAPN2,-0.1654082046426506
CAPN3,-0.9761006017709744
CAPN5,1.1615285501565342
CAPN6,1.0331736364029065
CAPN7,0.2137550101052108
CAPN8,-1.020882287414436
CAPN9,0.462603493859604
CAPNS1,-0.06182005988468564
CAPNS2,-1.258797428002593
CAPRIN1,0.005838252279964706
CAPRIN2,0.033218737788812014
CAPS,1.2427281034484086
CAPS2,0.1809480435370444
CAPSL,0.5392163803121205
CAPZA1,-0.16589689318265233
CAPZA2,0.809534373085552
CAPZA3,-1.667133452008783
CAPZB,0.5034554844552934
CARD10,0.11076411075046358
CARD11,0.6392166301119708
CARD14,-0.034435157336996536
CARD16,0.932113410312468
CARD18,2.031185404511162
CARD19,0.6278151688985529
CARD6,-1.3428240877648387
CARD8,-0.8384989656132604
CARD9,-0.36809332635171677
CARF,-0.627497277864256
CARHSP1,-0.07323784387634547
CARM1,0.6332970600903698
CARMIL1,0.06376599207129985
CARMIL2,-0.2654991572704075
CARMIL3,0.1755953170652118
CARNMT1,0.08728974885463714
CARNS1,-0.2934140319534222
CARS1,0.028653043796563082
CARS2,-0.04054418074788302
CARTPT,0.5166794882910406
CASC3,-0.1159774176037267
CASD1,0.9608604468838347
CASK,0.08225690158504761
CASKIN1,0.3967511142259903
CASKIN2,0.17752612966042047
CASP1,-0.31527787971413335
CASP10,-0.5481369486348671
CASP12,-0.6196717793572467
CASP14,0.6811027283834683
CASP2,0.17081075666472678
CASP3,0.22967766235141873
CASP4,0.8727773805072088
CASP5,0.16432509267258255
CASP6,-0.031380439311324615
CASP7,0.06006402486317697
CASP8,-0.23035411734681155
CASP8AP2,-0.17113249306227996
CASP9,0.06908722060788453
CASQ1,0.5561669329894734
CASQ2,-0.0936100072369902
CASR,-0.3008081356294141
CASS4,-0.019943659995549368
CAST,1.333165794488267
CASTOR1,-0.1030667425924312
CASTOR2,0.7743097594666205
CASZ1,0.06315774343009783
CAT,-0.05286391227762355
CATIP,-0.007395747892382509
CATSPER1,-0.0013336009420212291
CATSPER3,-0.7977196609066056
CATSPER4,-0.40195743290688624
CATSPERD,-0.044951869302941816
CATSPERE,-0.15287424623838686
CATSPERG,0.16477240734878418
CATSPERZ,0.0012107166145258752
CAV1,-0.14611616539416428
CAV2,-1.553752875130182
CAV3,-0.2538049643568977
CAVIN1,-0.8449656645486612
CAVIN2,0.9777542502279637
CAVIN3,-0.03139601913304224
CAVIN4,0.053116478305079484
CBARP,0.47763267756630245
CBFA2T2,0.19049267330858388
CBFA2T3,-0.21866614134202655
CBFB,0.1388433319643596
CBL,0.31461298658032977
CBLB,0.03382058996975257
CBLC,0.0917391620589752
CBLIF,-0.26712040868611187
CBLL1,-0.24773604509965175
CBLL2,0.08218133603166389
CBLN1,0.4877811426594914
CBLN2,0.7338921596887809
CBLN3,0.28611499905919047
CBLN4,-0.7056654113970472
CBR1,-1.4044258314468543
CBR3,-0.47083825323788275
CBR4,-0.28538228113942843
CBX1,-0.06162619521059032
CBX2,0.25242016512227217
CBX3,-0.04803780791670498
CBX4,0.18501369382082178
CBX5,-0.1894341208628525
CBX6,0.7871354074582491
CBX7,0.5512396384778744
CBX8,-0.03927970152767246
CBY1,-0.29014502823034416
CBY2,1.6453673513354223
CBY3,-0.13212736247879753
CC2D1A,-0.40603243868697714
CC2D1B,0.24537012917433287
CC2D2A,-0.42795856482323735
CC2D2B,-0.395923135946322
CCAR1,-0.12882435965635164
CCAR2,0.00882634417222583
CCBE1,-0.9893196286958567
CCDC102A,0.20858199686692203
CCDC102B,-0.11196724199514385
CCDC103,-0.305690788020458
CCDC106,0.04089899490549609
CCDC107,-0.054636226684038114
CCDC110,0.031700344785841494
CCDC112,-0.3766038831199827
CCDC115,-0.12284606576629553
CCDC116,0.2222972583626781
CCDC117,0.26523328105364596
CCDC12,-0.01969768923001336
CCDC120,-0.346978759203338
CCDC121,0.008552558965388535
CCDC122,-0.08951761826952431
CCDC124,-0.20500083872790587
CCDC126,-0.022805759655618374
CCDC127,0.37697065962439336
CCDC13,-0.32791152045339844
CCDC134,-0.3194858365704194
CCDC136,0.4537616804548903
CCDC137,0.048016153601201594
CCDC138,0.13434041843191125
CCDC14,-0.3841688230319358
CCDC141,-0.6593688875549057
CCDC142,-0.1415538925093962
CCDC144A,0.7696706338153256
CCDC146,0.21947468166948791
CCDC148,0.28404977166066736
CCDC149,0.4003571826897725
CCDC15,0.13649453706678738
CCDC150,0.14729616027273273
CCDC152,-0.2460616965532778
CCDC154,0.09839233961564231
CCDC157,-0.36892127562886134
CCDC158,-0.0529609871067529
CCDC159,-0.5243528397049482
CCDC160,0.38746395915404275
CCDC163,0.03380978359905118
CCDC167,-0.12788719701896767
CCDC168,0.6418718963576175
CCDC169,-1.0914615776345975
CCDC169-SOHLH2,-1.0914611846618953
CCDC17,-0.6713291136216504
CCDC170,0.6323651088667753
CCDC171,-0.02819206995878787
CCDC172,0.18252195878123378
CCDC174,0.024595819169372035
CCDC175,-0.44483525557812387
CCDC177,0.004249759717838142
CCDC178,0.3517046720600875
CCDC179,0.6748708191169432
CCDC18,-0.1387707292472351
CCDC180,-0.18832099067801544
CCDC181,0.2606291163476959
CCDC182,0.7975014851728772
CCDC183,-0.4646941012187151
CCDC184,-0.1896269747479744
CCDC185,1.0268289731362508
CCDC186,0.06929285836146537
CCDC187,-0.4110979089409508
CCDC188,0.1498473341701445
CCDC190,-1.3904166080992706
CCDC191,-0.31638018353992514
CCDC192,-0.11421397164273356
CCDC194,-0.0613855416484379
CCDC195,-1.3480655303343039
CCDC196,1.1415651030486549
CCDC198,0.18295463358810604
CCDC200,-0.6767525935482183
CCDC201,-0.866041738618269
CCDC22,-0.34304276929454014
CCDC24,-0.30775130109513693
CCDC25,-0.24257850226072186
CCDC27,-0.11753723630843549
CCDC28A,-0.11059109883307983
CCDC28B,-0.18246735513162715
CCDC3,-0.32279059771949203
CCDC30,0.13715267058396385
CCDC32,-0.0057041106827240284
CCDC33,0.5104719242276801
CCDC34,0.14305901094736484
CCDC38,-0.2474822765151634
CCDC39,0.06709590929625353
CCDC40,0.014833406572425822
CCDC42,0.1338786593899477
CCDC43,-0.3462371420848811
CCDC47,-1.1145416100095829
CCDC50,0.8242631580664128
CCDC51,-0.12347121721991705
CCDC54,-0.22948668113805515
CCDC57,-0.08370667881504845
CCDC59,-0.23292580193242785
CCDC6,0.214666674791415
CCDC60,-0.6106839822654987
CCDC61,0.22673109322214202
CCDC62,-0.5848871971943055
CCDC63,-1.3835993457406832
CCDC65,0.1398129945612201
CCDC66,-0.21492957918408084
CCDC68,0.10147450444021822
CCDC69,-0.5232960663647788
CCDC7,-0.03039715181816316
CCDC70,-0.6300374905534708
CCDC71,-0.2609863264354617
CCDC71L,0.10547476163458747
CCDC73,-0.23845935896162324
CCDC74A,-0.5488878920513605
CCDC74B,-0.388002160210426
CCDC77,-0.2859685857407914
CCDC78,-0.39856715900238404
CCDC8,0.9954166272558878
CCDC80,-0.5584369580840612
CCDC81,0.4169820070416598
CCDC82,-0.14380497934992054
CCDC83,-0.18815333657411326
CCDC85A,0.20252864500754786
CCDC85B,0.21543418880227616
CCDC85C,0.7054838264720455
CCDC86,-0.12323142294537437
CCDC87,-0.2794537904089669
CCDC88A,0.10187522323690601
CCDC88B,-0.23049677647367872
CCDC88C,0.3719264079870772
CCDC89,-0.15716123020975936
CCDC9,-0.012195817529917719
CCDC90B,0.004004096420826109
CCDC91,-0.9715034475921296
CCDC92,0.6818991586423007
CCDC92B,0.1384093350019837
CCDC93,0.40727231011855825
CCDC97,-0.5048756226707845
CCDC9B,-0.2717534961818868
CCER1,-0.23309180989928713
CCER2,0.1622270472732188
CCHCR1,0.0
CCIN,-1.2769200592637302
CCK,1.2618484516324688
CCKAR,-0.4396798740436436
CCKBR,0.29877909672756675
CCL1,-0.8776385789861512
CCL11,1.5784211892349158
CCL13,-0.014915969386781025
CCL15,-0.921803263516979
CCL15-CCL14,-0.921803263516979
CCL17,0.12716463692491686
CCL19,-0.8272283721542804
CCL2,-0.5429802896530413
CCL20,0.01172217794623065
CCL21,0.6497388736272428
CCL22,-1.0394275637262786
CCL24,-0.11618858015527433
CCL25,0.7473502773116169
CCL26,0.5058421434901522
CCL27,-0.21347600769808883
CCL28,1.7789409902188185
CCL7,-1.1763838795443247
CCL8,0.05862651027508903
CCM2,0.17723167475142354
CCM2L,0.9905546101740963
CCN1,-0.11586114962295047
CCN2,-0.5003794861860656
CCN3,0.01099037890705823
CCN4,0.46725026076968357
CCN5,0.3504949545350501
CCN6,0.6078301826793421
CCNA1,0.25244190326615623
CCNA2,-0.1260644472027117
CCNB1,-0.030494111428152948
CCNB1IP1,-0.37948153984018473
CCNB2,-0.41315877136192647
CCNB3,-0.3954894726243001
CCNC,-0.2808188377081837
CCND1,0.33275555527716216
CCND2,-0.11564602102780608
CCND3,-0.5070899392608084
CCNDBP1,-0.42437480631949187
CCNE1,1.709397667593998
CCNE2,0.02892620833576398
CCNF,0.2601092014549753
CCNG1,-0.0650769655940664
CCNG2,0.05136382870193135
CCNH,0.07164148671092185
CCNI,-0.04443761497723564
CCNI2,-0.1644823429380855
CCNJ,0.24539291922492534
CCNJL,-0.36151339467605537
CCNK,0.3696228517579012
CCNL1,-0.21582614220764906
CCNL2,0.0596981909265919
CCNO,-0.13075979945500915
CCNP,-0.5055221666392578
CCNQ,0.3854121996209807
CCNT1,-0.0299728867594915
CCNT2,-0.06440470722413938
CCNY,-0.46889849884438217
CCNYL1,0.3055423656989662
CCNYL1B,-0.9436108402111021
CCP110,-0.10342283342922265
CCPG1,-0.16318342706781142
CCR1,0.3173744023243463
CCR10,-0.23898784161120368
CCR2,-0.0888436138416715
CCR3,0.09016925939100018
CCR4,-0.207360762937987
CCR5,-0.22630130064180376
CCR6,0.4593447796379322
CCR7,0.07141838545497414
CCR8,-0.3769958113076537
CCR9,0.2240780112019105
CCRL2,-0.28264089529731606
CCS,-0.28370675065155027
CCSAP,0.12405165518287564
CCSER1,0.6606221957439846
CCSER2,1.3093536169879711
CCT2,-0.12405655842749574
CCT3,0.19208963229389653
CCT4,-0.5482056071191881
CCT5,-0.23997944152246387
CCT6A,0.14744253769392301
CCT6B,0.6519950525686538
CCT7,-0.2456020213789385
CCT8,-0.19751054158782289
CCT8L2,0.28807873539976475
CCZ1,-0.4330465573526113
CCZ1B,-0.45013708343889935
CD101,-0.5545245243424562
CD109,-0.28952795121404495
CD14,-0.41717363690970766
CD151,-0.012102309292107982
CD160,-0.6811782414563239
CD163,-0.950264952659041
CD163L1,2.3326015043317656
CD164,-0.06873154028263162
CD164L2,-0.25597476915631523
CD177,0.21905483486799054
CD180,0.5809430765823478
CD19,-0.5200165085269001
CD1A,-0.8068797368597873
CD1B,-0.3889901386025221
CD1C,-0.18497209083648336
CD1D,-0.21331396068457997
CD1E,-0.4596960189856203
CD2,-0.4599589249171462
CD200,0.16489458101130272
CD200R1,-0.7517498416150763
CD200R1L,-0.7189920257525723
CD207,-0.302164844640302
CD209,0.5562444888982749
CD22,0.342157559469605
CD226,-1.155137230019561
CD24,0.7925864895211476
CD244,-0.8954759051703836
CD247,-0.4397552843705741
CD248,0.4426874230864435
CD27,-0.181894031486046
CD274,-0.6067630934104784
CD276,0.046038606480963105
CD28,-0.41353703550460086
CD2AP,-0.259800507716367
CD2BP2,-0.14129372955083053
CD300A,0.7493581360533892
CD300C,0.4505121429049301
CD300E,0.2843739355051511
CD300H,-0.7662295234451841
CD300LB,0.03233039742272906
CD300LD,-0.24403689270536177
CD300LF,-0.8157393144490461
CD300LG,0.2583383661035257
CD302,-0.7824967001876066
CD320,-0.0176798588945708
CD33,0.1909338183500061
CD34,-0.5446803632134123
CD36,-0.35183348566885897
CD37,0.06269668148928131
CD38,-0.2982330792166241
CD3D,-0.36899219806130734
CD3E,-0.4159562003316166
CD3G,-0.4392111705187185
CD4,0.02702170750164612
CD40,-0.3112512734888023
CD40LG,-0.2769357946411668
CD44,-0.36036316361615706
CD46,-0.07220219778456816
CD47,0.6735177912663568
CD48,0.10902086295318014
CD5,0.4604950285639655
CD52,0.748364827294909
CD53,-0.8023206806819756
CD55,0.09605746049101782
CD58,-0.19299311109253647
CD59,-0.26655723637107176
CD5L,-1.5151138159265796
CD6,-0.3498294368916506
CD63,0.12668416497682333
CD68,-0.3450604954722012
CD69,0.05310463383557806
CD7,0.08563152170253474
CD70,-0.864459385656305
CD72,0.0731069646802176
CD74,0.5021833405829336
CD79A,-0.6553863290727331
CD79B,0.11071289091340097
CD80,-0.13813829660371146
CD81,0.04148460237665219
CD82,0.2581222106125347
CD83,0.2604821058886828
CD84,0.7711236815373385
CD86,-0.3008743010598236
CD8A,-0.29983209526278376
CD8B,-0.3224398351614468
CD8B2,1.4452619720722117
CD9,0.18359592098608712
CD93,-0.31141705111889095
CD96,-1.0377051406717652
CD99L2,0.23005008932584214
CDA,0.3749460124196118
CDADC1,-0.4570544745709748
CDAN1,0.43473153560716593
CDC123,-0.49353950660149604
CDC14A,-0.36244778670884437
CDC14B,-0.06381341962109266
CDC16,-0.4057997912981306
CDC20,-0.12485251356705707
CDC20B,0.10686536809286418
CDC23,-0.14978517790204204
CDC25A,0.2365744673815442
CDC25B,0.6312851007264277
CDC25C,-0.12090484627721576
CDC26,-0.06497328452927409
CDC27,-0.054926977977200586
CDC34,0.9393397754473414
CDC37,-0.24666986141796254
CDC37L1,-0.1399915498967692
CDC40,-0.021843645362546127
CDC42,0.6985557066471753
CDC42BPA,0.8112098694211491
CDC42BPB,1.9719806795274673
CDC42BPG,0.26888671020486843
CDC42EP1,-0.671201752436102
CDC42EP2,-0.047922763496076826
CDC42EP3,1.9211775661502695
CDC42EP4,0.43773138538429013
CDC42SE1,-0.7915194595707069
CDC42SE2,-1.2047885380098176
CDC45,-0.34441439461967605
CDC5L,0.17224199266735507
CDC6,-0.2897358891587478
CDC7,-0.23175174421030764
CDC73,0.07880642605740373
CDCA2,0.14278369980478
CDCA3,-0.06501589872760594
CDCA4,0.7049495865722406
CDCA5,-0.04305166562316831
CDCA7,-0.1969054068274625
CDCA7L,-0.2614620582060958
CDCA8,0.12030261392909125
CDCP1,1.5456520840727062
CDCP2,-0.07164215606831204
CDH1,-0.5059776799692577
CDH10,-1.1672652714077112
CDH11,0.12711210539816967
CDH12,-0.2700890683960421
CDH13,0.6186132561640469
CDH15,0.24870593089863036
CDH16,0.9484416640357396
CDH17,-0.4736938096663268
CDH18,-0.2344938346464931
CDH19,0.03299978091576894
CDH2,0.2889307296006458
CDH20,1.0455200639599376
CDH22,0.48757562516285446
CDH23,-0.13148371054701702
CDH24,0.39237084490762886
CDH26,0.6444284693364927
CDH3,0.6758611827373098
CDH4,1.1967387417643665
CDH5,0.5006334916202906
CDH6,-0.1747497873258904
CDH7,-0.646416084962269
CDH8,-0.007449919428371254
CDH9,0.340548736830653
CDHR1,0.6387524845034692
CDHR2,0.04605891364240744
CDHR3,0.16453029179574719
CDHR4,0.42032862418912253
CDIN1,-0.06376646822457488
CDIP1,0.05544151844366407
CDIPT,-0.2072032243289339
CDK1,-0.18565311246114558
CDK10,-0.7913593162006998
CDK11A,-0.34704333032259793
CDK11B,-0.233892062029188
CDK12,-0.5080080148811099
CDK13,0.27234244519774276
CDK14,0.23808992226817416
CDK15,-1.021799082258653
CDK16,0.0015170967335009777
CDK17,-0.039725903378352356
CDK18,-0.04452682562118104
CDK19,-0.037517153782355095
CDK2,0.1676521892984697
CDK20,0.13887427507954087
CDK2AP1,0.5162187076366049
CDK2AP2,0.08340237882673218
CDK3,-0.24147657191500738
CDK4,-0.11231664590038726
CDK5,-0.09101460053557275
CDK5R1,1.8406011523217893
CDK5R2,0.5216758076731192
CDK5RAP1,-0.26543307233329383
CDK5RAP2,-0.3534794651669886
CDK5RAP3,1.1562788999166078
CDK6,0.00042320324034328394
CDK7,0.5778707076501046
CDK8,0.34433206595290056
CDK9,0.46012431857893876
CDKAL1,-0.37022956917245464
CDKL1,0.09833244239954131
CDKL2,-0.46056082721619834
CDKL3,0.017671890402954915
CDKL4,0.40451614535238756
CDKL5,0.30451987089571997
CDKN1A,1.011139837070221
CDKN1B,-0.5726353145775747
CDKN2AIP,-0.0026732559479532014
CDKN2AIPNL,0.04628939838588231
CDKN2C,-0.21389357440103574
CDKN2D,0.25134681326176
CDKN3,-0.15118222899184008
CDNF,0.11479552347127697
CDO1,-0.8680310691810638
CDON,0.23702233415431007
CDPF1,-0.23886946021180666
CDR2,0.0476815938873254
CDR2L,0.572617533707664
CDRT15,1.7134696378317187
CDRT15L2,1.566507922576533
CDRT4,1.331888171688815
CDS1,-0.05729059643440371
CDS2,0.07900353348527656
CDSN,-0.709108429899973
CDT1,0.16742604323719146
CDV3,0.3668543528473096
CDX1,1.2339071294726334
CDX2,0.016847382715112907
CDX4,-0.29196992760137164
CDYL,-0.3237811201304962
CDYL2,1.2301664703038155
CEACAM1,-0.13595607191697523
CEACAM16,-0.6356454458138834
CEACAM18,-0.22705991321368152
CEACAM19,0.8985694108994025
CEACAM20,-0.7383247220991676
CEACAM3,-0.1620906375942486
CEACAM5,0.14405924008069707
CEACAM6,-0.16077639406669003
CEACAM7,-0.2694010317591742
CEACAM8,-0.5183826608401148
CEBPA,1.257789084858124
CEBPB,1.3868051903743757
CEBPD,0.8394130507224435
CEBPE,-0.1306625101961627
CEBPG,0.8133810489412276
CEBPZ,-0.41363037731316776
CEBPZOS,-0.5740889989064155
CECR2,-0.9887637180707936
CEL,-0.40270657717420044
CELA1,-0.7016311244238329
CELA2A,0.7027430804420418
CELA2B,-0.8409185294177435
CELA3A,0.3848872185821196
CELA3B,1.866376288403792
CELF1,0.5231416032497487
CELF2,-1.9248709730644977
CELF3,0.06672150062035609
CELF4,0.4077961721038096
CELF5,1.3788750557139458
CELF6,-0.21190422210925464
CELSR1,0.07369341566134935
CELSR2,0.18387624132876423
CELSR3,-0.3443346437946835
CEMIP,0.36052322069803455
CEMIP2,-0.4451115640141734
CEMP1,0.07787693829669529
CENATAC,-0.05490265743570255
CEND1,-0.3778669986647407
CENPA,-0.4086509805895635
CENPB,0.6188468763616202
CENPC,-0.6599124681259418
CENPE,-0.43148672407136335
CENPF,0.009498805470547822
CENPH,-0.3331458542620709
CENPI,-0.2673374229523464
CENPJ,-0.040834767258249194
CENPK,-0.36223009239271065
CENPL,-0.3929956185500343
CENPM,-0.25006169909299203
CENPN,-0.14230927067191246
CENPO,-0.05353639964142154
CENPP,-0.2887224077098738
CENPQ,-0.19414447651228617
CENPS,-0.010485216767299299
CENPS-CORT,0.04133176861400578
CENPT,0.4254011500284074
CENPU,-0.19146828824663586
CENPV,0.3925467687510249
CENPVL3,0.7676638130422484
CENPW,-0.45384747261272773
CENPX,0.0659400644762913
CEP104,0.20743802021514934
CEP112,0.12587237536909868
CEP120,-0.21351411563532618
CEP126,0.10970884561276062
CEP128,-0.4166428881754225
CEP131,0.06047911452026433
CEP135,-0.10951068164286415
CEP15,-0.222657274259879
CEP152,-0.16076154984630175
CEP162,-0.40672337745197673
CEP164,0.1910598264951151
CEP170B,0.43782627786133443
CEP19,0.5835025120503019
CEP192,-0.1544445063973443
CEP250,0.009727200139090897
CEP290,-0.02645742608735624
CEP295,0.05616492037053433
CEP295NL,-0.1669492429332109
CEP350,0.057083217145113885
CEP41,0.19970889261815716
CEP43,0.3671588321061874
CEP44,-0.34387399269017394
CEP55,-0.07858624204059339
CEP57,0.0010190239001950374
CEP57L1,-0.2867748118861959
CEP63,-0.10475800615502084
CEP68,0.017878605596396646
CEP70,-0.06585541177139476
CEP72,-0.5476156723134649
CEP76,-0.14642880981558992
CEP78,-0.1907715710822382
CEP83,-0.04252667072908256
CEP85,0.07051729347578473
CEP85L,-0.18319073143623843
CEP89,0.17885907356673147
CEP95,0.0879116970549294
CEP97,-0.3444254483674163
CEPT1,-0.1925529137160913
CER1,-0.44097755833044117
CERCAM,-0.47880177874504826
CERK,0.1623409754779761
CERKL,0.10805174765915504
CERS1,0.33923014270806684
CERS2,0.4320965030803703
CERS3,-0.1640028872031004
CERS4,0.23105178518004976
CERS5,0.3889139733598963
CERS6,0.5405329519168411
CERT1,-0.3450146131570868
CES2,-0.1576963834560292
CES3,-0.19686281997134447
CES4A,0.4178931166827411
CETN1,0.3115611214090179
CETN2,-0.051605764792461706
CETN3,-0.22882690521400395
CETP,0.31562151397963784
CFAP100,-0.35861087124736407
CFAP107,0.01995809600450915
CFAP119,-0.07063013390912953
CFAP126,0.07508376595555816
CFAP141,-0.14383698023647973
CFAP144,0.21178838382123408
CFAP144P1,-0.09356448370297943
CFAP157,-0.28713696700721414
CFAP161,-0.891349948923306
CFAP184,0.16284960541714355
CFAP20,-0.18384057070178006
CFAP206,-0.17042232448452577
CFAP20DC,-0.10281913488906635
CFAP210,-0.25641058211850165
CFAP221,0.0336852233942444
CFAP251,-0.17515950993447849
CFAP263,1.2987365909498463
CFAP276,-0.25358565392665433
CFAP298,-0.2625076485333375
CFAP298-TCP10L,-0.27902711381750844
CFAP299,-1.705918176786055
CFAP300,-0.2816833573029509
CFAP36,-0.06089316656404353
CFAP410,0.11098625971491316
CFAP418,-0.24876497924485808
CFAP43,1.1691862856701565
CFAP44,-0.06335298918006221
CFAP45,-0.44507763750645524
CFAP46,0.2567401822872833
CFAP47,-0.8881385587519617
CFAP52,-0.6442774557214861
CFAP53,-0.17209804651684601
CFAP54,0.0361108474395988
CFAP57,-0.1712921758235888
CFAP58,-0.06623548686382819
CFAP61,-0.02746771899949696
CFAP65,-0.8837876948226113
CFAP68,-0.22100318338970926
CFAP69,-0.2787835017727529
CFAP70,-0.18342118727666978
CFAP73,-0.32940788380256514
CFAP74,-0.36918104714382394
CFAP77,-0.2105806999330131
CFAP90,0.09765606639404634
CFAP91,0.4892577220254505
CFAP92,0.30896753021026724
CFAP95,0.17192511297987378
CFAP96,-0.3520651188247532
CFAP97,1.511515607595026
CFAP97D1,0.18110467424057286
CFAP97D2,-0.29270328950907865
CFAP99,0.5509547183066221
CFC1,-0.5476156723134649
CFD,0.0
CFDP1,-0.24960518343879734
CFH,0.9093056181141079
CFHR1,-0.7063760398907273
CFHR2,-1.0029746045343835
CFHR3,0.7723263494637108
CFHR4,1.3503816690796313
CFHR5,0.6251272321960949
CFI,0.17817970976402042
CFL1,-0.28348709972093644
CFL2,-0.043586558872549475
CFLAR,-0.06605517643109593
CFP,-0.43092598267430227
CFTR,0.27728589007576965
CGA,-0.8381391460000864
CGAS,-0.9429347192584312
CGB1,0.7100879716224435
CGB2,0.03621667572667753
CGB3,0.09389320370185361
CGB5,0.10434320656533602
CGB7,-0.3387224073757138
CGB8,0.3357032071488448
CGGBP1,-0.27253668904307915
CGN,-0.15125905408452134
CGNL1,0.40473787987181997
CGREF1,-0.39020599742896156
CGRRF1,0.03389879296625686
CH25H,-0.315121896342895
CHAC1,0.05839687828860196
CHAC2,-0.6187301160097176
CHAD,-0.04209197338298165
CHADL,-0.04668736101148374
CHAF1A,0.4017444785309996
CHAF1B,0.15653151990941971
CHAMP1,0.23228917840990082
CHAT,-0.3566657084015177
CHCHD1,-0.4400416843375172
CHCHD2,0.17581131060293664
CHCHD3,0.0029410907339713077
CHCHD4,0.11083402657190256
CHCHD5,-0.15988196647200245
CHCHD6,-0.10710741039334426
CHCHD7,0.6142807116778446
CHCT1,0.026511481287927907
CHD1,-0.08935565577320492
CHD1L,0.25144494023728736
CHD2,-1.42618462615854
CHD3,0.14036775729973172
CHD4,-0.053664325116771217
CHD5,-0.5379996835733944
CHD6,0.7452255904450054
CHD7,0.8904347997452153
CHD8,-0.19399488906846774
CHD9,-0.2003547140699382
CHD9NB,-0.6093219084565569
CHDH,-0.723705513460966
CHEK1,-0.22316682307435354
CHEK2,-0.1587619536568905
CHERP,0.02054663370126253
CHFR,0.06698949317532321
CHGB,-0.13771078179286267
CHI3L1,0.5224773391982471
CHI3L2,-0.2340244806930858
CHIA,-0.11046389386143529
CHIC1,-0.418200288354861
CHIC2,0.5039528787056478
CHID1,0.35709896011624437
CHIT1,-0.25471753955373666
CHKA,0.478328919418451
CHKB,-0.3462679820826397
CHKB-CPT1B,0.3371566639672512
CHL1,-0.9074542913608437
CHM,-0.7485611615838246
CHML,1.0809523936279888
CHMP1A,-0.3660202163281445
CHMP1B,-0.22198737406701508
CHMP2A,-0.1970843704972749
CHMP2B,0.05713270337604737
CHMP3,-0.10906912752002729
CHMP4A,-0.08676649036808559
CHMP4B,0.5602474031271072
CHMP4BP1,0.4072215495558904
CHMP4C,-0.3392293643184595
CHMP5,0.177391929748004
CHMP6,1.2096595398575172
CHMP7,-0.2596808176359886
CHN1,-0.19770092747574974
CHN2,-0.13026113330425826
CHODL,0.5999409046506659
CHORDC1,-0.04046300343285214
CHP1,-0.29032045055812805
CHP2,0.74534019407161
CHPF,0.2747044422422533
CHPF2,0.07791723458838629
CHPT1,0.6799977763360792
CHRAC1,0.5598058809919104
CHRD,0.06963568248124136
CHRDL1,0.016090616261720925
CHRDL2,-0.03741303974568905
CHRM1,-0.2725760913431312
CHRM2,1.5151138159265796
CHRM3,0.6601868033682436
CHRM4,0.7841073246601935
CHRM5,-0.5219090167433802
CHRNA1,0.44500314442711675
CHRNA10,-0.2555189057328774
CHRNA2,0.33575839476326524
CHRNA3,-0.39890817462225936
CHRNA4,-0.09091615363093908
CHRNA5,0.3336308254198923
CHRNA6,0.5482814314927251
CHRNA9,-0.24180735750794896
CHRNB1,-0.5168045365556497
CHRNB2,-0.13186564180564053
CHRNB3,0.049902456762171976
CHRNB4,0.3378514048244263
CHRND,0.27920540806638755
CHRNE,-1.266780605165725
CHRNG,0.17566248605627122
CHST1,0.5170265894567128
CHST10,0.1620073962547952
CHST11,0.07020200856531345
CHST12,0.6404928877332017
CHST13,0.14287749271246464
CHST14,0.4137019860096429
CHST15,0.5432380238149364
CHST2,0.15882122909099383
CHST3,-0.12856826207972105
CHST4,1.61711934507644
CHST5,0.8483832542536613
CHST6,-0.05494245295341982
CHST7,-0.027559162279712446
CHST8,0.9632813604380245
CHST9,0.6826960870801759
CHSY1,1.2640835382719589
CHSY3,0.986957655824964
CHTF18,0.5264124575042768
CHTF8,-0.030406860372028888
CHTOP,-0.18486055109839672
CHUK,-0.2958179354576753
CHURC1,-0.008820974988482
CHURC1-FNTB,-0.007774054978307632
CIAO1,0.06611887237941882
CIAO2A,-0.27216257386829756
CIAO2B,-0.16041327242442094
CIAO3,0.07391194504923515
CIAPIN1,-0.03079190244208707
CIART,-0.9702563648064698
CIB1,-0.07664834487402405
CIB2,0.5146088323097313
CIB3,-0.5693695332504866
CIB4,-0.04419638818176569
CIBAR1,0.2914037419340225
CIBAR2,-0.4605710801408001
CIC,0.1490152039884034
CIDEA,-0.1063706604008694
CIDEB,0.7696400009761443
CIDEC,0.21589025281599006
CIITA,1.675147765585761
CILK1,0.2133268778119417
CILP,0.19487989303441355
CILP2,-0.693912581137198
CIMAP1A,0.486365680286641
CIMAP1B,-0.3676907669122013
CIMAP1C,0.04480675476681628
CIMAP1D,-0.8976116360928588
CIMAP2,0.026769100121820932
CIMAP3,-0.09364493515037164
CIMIP1,0.010893065335417118
CIMIP2A,-0.16126422461886936
CIMIP2B,-0.3000245058301698
CIMIP2C,-0.17274707028945935
CIMIP3,-0.8320596955100841
CIMIP4,-0.6894276222581774
CIMIP5,-0.36613115251988626
CIMIP6,-0.07283317364553987
CIMIP7,0.5394774208543701
CINP,-0.00451544494667111
CIP2A,-0.13535271343382949
CIPC,0.10905842023431589
CIR1,-0.41511150660949125
CIRBP,0.23025894376953993
CIROP,-0.027884179509484186
CISD1,-0.11789975363450544
CISD2,0.37472783798564446
CISH,0.05907959715620681
CIST1,0.11755887306010826
CIT,-0.012937809339375939
CITED1,0.2694875397343526
CITED2,0.0894558224476647
CITED4,0.2570869984365354
CIZ1,0.1452861091807316
CKAP2,-0.003502486963399498
CKAP2L,-0.08663345402628675
CKAP4,-0.0627018868653848
CKAP5,0.7715150724025417
CKB,0.04956125643377751
CKLF,-0.1445772819868747
CKLF-CMTM1,-0.1465889991504934
CKM,-0.5058775945276759
CKMT1A,-0.5476156723134649
CKMT1B,-0.45954205854146757
CKMT2,-0.4539172562202268
CKS1B,-0.03429929285184752
CKS2,0.12398789601560711
CLASP1,-0.17770849601118144
CLASP2,-0.3382509842440129
CLASRP,-0.37494336499678127
CLBA1,0.17993071257475624
CLC,0.14617315205131184
CLCA1,-0.21725404761682798
CLCA2,0.7409928973415476
CLCA4,-0.8188970693328861
CLCC1,-0.22345853268661475
CLCF1,-0.03193708722540789
CLCN1,0.19930621452772812
CLCN2,0.23686385702458246
CLCN3,-0.008425711202076691
CLCN4,0.3966570425750753
CLCN5,0.484731525481199
CLCN6,0.157715600722387
CLCN7,0.1779425223231108
CLCNKA,0.29544847572528743
CLCNKB,0.14695358764378352
CLDN1,0.8587680103372123
CLDN10,0.2410499814843865
CLDN11,0.36284772678853994
CLDN12,1.4328642094488975
CLDN14,0.07692996920594786
CLDN15,0.7929611235007732
CLDN16,0.8696312242790255
CLDN17,0.4370452182656621
CLDN18,0.5847179199071604
CLDN19,-0.8044790832430841
CLDN2,-0.8950206184696294
CLDN20,1.8960999684337243
CLDN22,-0.5172042959074864
CLDN23,0.14859762014178557
CLDN24,-1.393904111450817
CLDN25,0.3955931285735137
CLDN3,0.34900005566721637
CLDN34,1.0398862835445866
CLDN4,-0.36122731316842965
CLDN5,-0.7632177611852621
CLDN6,0.43994512776863104
CLDN7,-0.6351840858651128
CLDN8,-0.106423669655475
CLDN9,0.32963117115482676
CLDND1,-0.04454945968087731
CLDND2,-0.1234238526380178
CLEC10A,0.4210148477303847
CLEC11A,-0.09849405906360298
CLEC12A,-0.4123739859352722
CLEC12B,-0.15695034165619803
CLEC14A,0.18065244679185188
CLEC16A,-0.30113446710562375
CLEC17A,-0.3822862552412308
CLEC18A,-0.9436108402111021
CLEC18B,0.932113410312468
CLEC18C,0.8497176365092485
CLEC19A,-0.959634068606461
CLEC1A,0.14370958432169023
CLEC1B,-0.5804706602885439
CLEC20A,-1.2078687185483605
CLEC2A,0.2737315522076109
CLEC2B,-0.5023771658658971
CLEC2D,-0.21113650834039355
CLEC2L,-0.6483895275344447
CLEC3A,-0.42249374873988854
CLEC3B,0.3423063829648828
CLEC4A,-0.08367359740253971
CLEC4C,0.43031318044719247
CLEC4D,-0.43601005207671717
CLEC4E,-0.6508468467619366
CLEC4F,0.6090319089753393
CLEC4G,-2.680085156600656
CLEC4M,-1.4838772848125155
CLEC5A,-0.6802355236971176
CLEC6A,0.32427702892397203
CLEC7A,0.3880519416731194
CLEC9A,0.49845947683886027
CLGN,0.05173298855167818
CLHC1,-0.5933964904950066
CLIC1,-0.21154355134470482
CLIC2,0.8038358963151842
CLIC3,0.06981183446919914
CLIC4,0.2561896874767582
CLIC5,0.7589034993551707
CLIC6,0.3390871697457483
CLINT1,-0.2500195777375267
CLIP1,0.3962055668122817
CLIP2,0.4340250028953574
CLIP3,-0.09565535299848582
CLIP4,-0.6579598106644393
CLK1,-0.43766804592868347
CLK3,-0.146583926698475
CLK4,0.8232052584256153
CLMN,0.22740840036026944
CLMP,-0.040917548003778004
CLN3,-0.2302546344478107
CLN5,-0.4833260288706218
CLN6,-0.06605482982381727
CLNK,-1.610309128448944
CLNS1A,-0.1551328268409966
CLOCK,-0.1375422548730505
CLP1,-0.16297977870656322
CLPB,-0.01954954413908272
CLPP,0.05440916551469943
CLPS,-0.08257731897091602
CLPSL1,-0.4831681895392158
CLPSL2,-0.01643092049916095
CLPTM1,-0.1717715060094145
CLPTM1L,0.3330667463943544
CLPX,0.06399925312934673
CLRN1,0.1842605989343662
CLRN2,-0.6882746784435886
CLRN3,0.3919294075445009
CLSPN,0.05285967040888906
CLSTN1,0.47783921545914376
CLSTN2,0.10562351133499881
CLSTN3,-0.037947889440273386
CLTA,0.15212833159163175
CLTB,0.4174141223942627
CLTC,-0.17453374679574463
CLTCL1,-0.3845421632610688
CLTRN,-0.2092531008457179
CLU,0.29104654279376696
CLUAP1,0.08095298873366374
CLUH,0.041618917274303335
CLUL1,0.6380209847910394
CLVS1,-0.3091534394088977
CLVS2,-0.9961949814034188
CLXN,-0.44984828178795033
CLYBL,0.014339429649822932
CMA1,-0.09531306767937708
CMAS,0.06611632579000126
CMBL,-0.19195301468029485
CMC1,-0.1841274618156774
CMC2,0.1468531596568765
CMC4,-0.03826122523387632
CMIP,0.5641765667826046
CMKLR1,1.019665842109928
CMKLR2,-0.7481889675423801
CMPK1,0.44568018434860956
CMPK2,-0.0421502961851381
CMSS1,-0.32181177689049
CMTM1,-1.4236522681570691
CMTM2,-0.021343575027494482
CMTM3,-0.12751861844128332
CMTM4,0.13396372504388498
CMTM5,-0.5910259409882217
CMTM6,0.06404267104757322
CMTM7,-0.7440657221093645
CMTM8,0.5739121988147073
CMTR1,-0.40079962595777463
CMTR2,0.006090002717644261
CMYA5,-1.473494421089816
CNBD1,-0.7193673759544184
CNBD2,0.1540079443151292
CNBP,-0.19497282193398124
CNDP1,0.02704304995679363
CNDP2,0.15834769349504096
CNEP1R1,0.10236337045108179
CNFN,-0.293981212370487
CNGA1,-0.061519801448695066
CNGA2,0.033801354276732365
CNGA3,-0.7644861034765784
CNGA4,0.06827200983437454
CNGB1,0.046293860834969
CNGB3,0.3785456171101429
CNIH1,0.7898618624894516
CNIH2,0.6435954044395533
CNIH3,0.04359582520459071
CNIH4,-0.07016344390645024
CNKSR1,-0.2624454709445739
CNKSR2,-0.753505862265579
CNKSR3,-0.15957047592831763
CNMD,-0.11801768647676322
CNN1,0.11161557094110208
CNN2,-0.42019606102974594
CNN3,0.2731158300991474
CNNM1,2.3244948548901956
CNNM2,-0.015475095769979852
CNNM3,0.7688538423138489
CNNM4,0.047652122428922805
CNOT1,-0.20699311357622374
CNOT10,0.07505661331881797
CNOT11,-0.2951999375834946
CNOT2,-0.035451186403223645
CNOT3,1.6302934222901453
CNOT4,-0.15639648257467975
CNOT6,0.7547521392047587
CNOT6L,0.34779883853897786
CNOT7,0.25076407514723265
CNOT8,-0.3572349057560009
CNOT9,-0.05833301467241281
CNP,-0.18545430615916025
CNPPD1,0.3281394614835227
CNPY1,1.091988039497262
CNPY2,-0.2430249600272978
CNPY3,0.02923507494287403
CNPY4,-0.30759634155422333
CNR1,-0.2123482626104808
CNR2,-0.6470638495220786
CNRIP1,-1.1693808005901702
CNST,0.03238393898692138
CNTD1,-0.045668115478883387
CNTF,-0.6819194451968729
CNTFR,-0.4118960247804524
CNTLN,-0.1400555318209662
CNTN1,0.005547745141477933
CNTN2,0.2500030894101764
CNTN3,-1.5390571269561728
CNTN4,1.0391027366239611
CNTN5,-0.40217515895316125
CNTN6,-1.0059544746764602
CNTNAP1,-0.4840331697039777
CNTNAP2,0.5383931815709908
CNTNAP3B,1.434241662241161
CNTNAP4,0.2457918975054626
CNTNAP5,0.1570431118059165
CNTRL,0.12630321250242638
CNTROB,-0.16493087673370432
COA1,-0.44809597503687204
COA3,-0.06123985504248264
COA4,-0.2356519665345873
COA5,-0.20591662473226702
COA6,-0.02466307452584715
COA7,-0.5363747486511752
COA8,0.7782446614757212
COASY,-0.7274145832768908
COBL,0.6708547305055796
COBLL1,0.27452160130386605
COCH,-0.1090279948321422
COG1,-0.09354167746661002
COG2,-0.15301073400752152
COG3,-0.21517411334525072
COG4,-0.5460868761413771
COG5,-0.12105243437676716
COG6,0.023303588450303003
COG7,-0.6079761933526662
COG8,-0.10590517029260571
COIL,-0.26184114674150205
COL10A1,0.13754870806656228
COL11A1,1.4019724277461703
COL12A1,-0.20431756224393532
COL13A1,-0.38092847574550603
COL14A1,0.7804871695893748
COL15A1,-0.23872536244664566
COL16A1,0.24554769158024126
COL17A1,1.4716704799979163
COL18A1,0.14925171385764127
COL19A1,0.05419348135042901
COL1A1,-0.40645058222586083
COL1A2,-0.024043364021039793
COL20A1,-0.6132823503044595
COL21A1,-0.39678496990819756
COL22A1,0.2632545553334562
COL23A1,0.4068897427892662
COL24A1,-0.19773852746298504
COL25A1,-0.2139113964319015
COL26A1,-0.5223626567740209
COL27A1,0.32696904146184336
COL28A1,-0.4800426194746451
COL2A1,-0.06157858435187308
COL3A1,-0.8144599435212105
COL4A1,0.22639812621127203
COL4A2,0.5395522641136864
COL4A3,0.27552629529224015
COL4A4,0.2307458684732051
COL4A5,-2.0040723791094304
COL4A6,-0.8347474536900037
COL5A1,1.4875819280998863
COL5A2,-0.4958667935489376
COL5A3,0.5382514145917392
COL6A1,-0.21037631508662047
COL6A2,0.7490868890248914
COL6A3,0.2912130968917096
COL6A5,0.3904349066627705
COL6A6,-1.0306515560497982
COL7A1,-0.2242996203675487
COL8A1,0.028854835163442893
COL8A2,-0.49946883578220846
COL9A1,-0.3310068532270894
COL9A2,0.8226060529172537
COL9A3,0.027156332771625102
COLEC10,-0.18891739713286682
COLEC11,-0.5502970689608017
COLEC12,0.10053406320807018
COLGALT1,0.6168498093019057
COLGALT2,-0.2820213159436167
COLQ,1.5677574162355976
COMMD1,-0.5502290490270498
COMMD10,-0.6132461221181718
COMMD2,-0.7153901266568279
COMMD3,0.2984942324067692
COMMD3-BMI1,0.2985145250925143
COMMD4,-0.26361323170818096
COMMD5,0.19579467941977047
COMMD6,-0.258908876205437
COMMD7,0.06894131563496098
COMMD8,-0.0964984506484976
COMMD9,-0.26776637311381446
COMP,0.2723614731805728
COMT,-0.40899672246663865
COMTD1,0.16653118250535925
COP1,0.15771491343803046
COPA,-0.3303439879472858
COPB1,-0.09761030723727071
COPB2,-0.13954388652444116
COPE,-0.212981966147062
COPG1,-0.10603592455076694
COPG2,0.5894341933964009
COPRS,0.030291363753049527
COPS2,-0.31866424013378225
COPS3,-0.19515594848371975
COPS4,0.1275558563668424
COPS5,0.8270950317490454
COPS6,-0.5451354780561322
COPS7A,-0.05623548375685239
COPS7B,-0.15466045230454828
COPS8,-0.19116339082151956
COPS9,-0.2851134404443254
COPZ1,-0.27449462392266133
COPZ2,-0.14304601028718356
COQ10A,0.11437239337412741
COQ10B,-0.14368241203450616
COQ2,0.27230073827907475
COQ3,-0.4876934859643147
COQ4,-0.1285928253774662
COQ5,-0.3058661740060913
COQ6,-0.09236075165225
COQ7,-0.16595311011037506
COQ8A,0.27052120775210575
COQ8B,-0.6205776691727177
COQ9,-0.029991465326851596
CORIN,-0.29860284907066803
CORO1A,0.343805125918867
CORO1B,-0.4269846766654686
CORO1C,0.6025068095944306
CORO2A,0.3759514152583936
CORO2B,-0.35155841763179274
CORO6,-0.2090558386533521
CORT,-1.9047838157025672
COTL1,0.36003856115926336
COX10,-0.33060000668106326
COX11,-0.19323774935317406
COX14,-0.09555603293665538
COX15,-0.14288789301693328
COX16,-0.8222988869855443
COX17,-0.09557686136211263
COX18,0.0731101656191635
COX19,-0.31745118231443215
COX20,0.14852524692213276
COX4I1,0.30575122283487044
COX4I2,-0.4006269192598512
COX5A,0.2533634633085251
COX5B,0.21035096913969475
COX6A1,0.06025127405473629
COX6A2,0.17996533842507
COX6B1,-0.09622272281729671
COX6B2,-0.060447179560620956
COX6C,-0.31387344917017135
COX7A1,0.21077368681511682
COX7A2,0.8967349374246556
COX7A2L,-0.91803366940325
COX7B,-0.7073454452757302
COX7B2,-0.04411012060476205
COX7C,-0.3647167973586658
COX8A,0.06108180029500687
CP,-1.5736307239177734
CPA1,-0.2518323577759945
CPA2,0.6361642862941812
CPA3,0.7446236829495817
CPA4,-0.8267098476025089
CPA5,1.8522803289956498
CPA6,-0.34467032992825297
CPAMD8,-0.11817072921191128
CPB1,-0.10192384026372428
CPB2,0.525762628621084
CPD,0.041311814604658714
CPE,-1.1502091228221822
CPEB1,0.2355401039344116
CPEB2,0.5165814922933292
CPEB3,-0.014626702744351405
CPEB4,-0.10973883341170954
CPED1,-0.15455992905144145
CPHXL,1.130379436985963
CPHXL2,-0.27166541651587117
CPLANE1,-0.0978339682885494
CPLANE2,-0.14043881515967094
CPLX1,-0.37774792391765555
CPLX2,0.21340991061296233
CPLX3,-0.74705645515065
CPLX4,-0.5180520892539703
CPM,-1.2694048171040273
CPN1,-1.214166161444812
CPN2,-0.5245317583169236
CPNE1,-0.1400918970466316
CPNE2,0.44909232150476397
CPNE3,-0.3366551126310906
CPNE4,-0.2434879866546883
CPNE5,0.4971621166279063
CPNE6,-0.5012033065120707
CPNE7,0.2074471563877518
CPNE8,-0.39003298507992246
CPNE9,0.2525652202899884
CPO,-0.3171832187367122
CPOX,0.29464853352475373
CPPED1,-0.1958244530251232
CPQ,1.1803955205198122
CPS1,0.18576881795331568
CPSF1,0.7338101944897044
CPSF2,-0.4182286702931357
CPSF3,0.27233079554116824
CPSF4,-0.3884072143551345
CPSF4L,-0.24808532952808154
CPSF6,0.7567423814217662
CPSF7,-0.23885310438521135
CPT1A,-0.3384485419624115
CPT1B,-0.2999009305020549
CPT1C,-0.797901282335076
CPT2,0.04084079804997387
CPTP,-0.3417693698599793
CPVL,0.15494959315257706
CPXCR1,-1.3335059846368695
CPXM1,-0.21271800789009987
CPXM2,-0.8675388055572314
CPZ,0.43300136840403447
CR1,0.6877749427896747
CR1L,0.3101566780441053
CR2,-0.21428719431711826
CRABP1,-0.8255225146148206
CRABP2,0.09844567253119063
CRACD,0.745392478575043
CRACDL,0.3871791198481199
CRACR2A,-1.0176656455937987
CRACR2B,-0.388368928320733
CRADD,-0.3082102346275679
CRAMP1,0.35672872987809523
CRAT,0.06014225641200621
CRB1,-0.016690952335371767
CRB2,-0.8830922965263189
CRB3,-0.8939942576354961
CRBN,-0.07896060378844982
CRCP,-0.3761574813357358
CRCT1,2.217909637185242
CREB1,0.07882799710289756
CREB3,0.12506087134228405
CREB3L1,-0.3738909574213567
CREB3L2,-0.05201243187260207
CREB3L3,0.08598365033633781
CREB3L4,-0.18816546592335648
CREB5,-0.6100367657977639
CREBBP,1.8457497231084148
CREBL2,-0.4766632443169554
CREBRF,0.2213856686760769
CREBZF,-1.3481553994153699
CREG1,0.5331597523125522
CREG2,0.8432452652524003
CRELD1,0.04246973318627134
CRELD2,0.1467492217636135
CREM,0.09225718705661556
CRH,-0.4877750766027118
CRHBP,-0.22839410750919686
CRHR2,0.03329235693899457
CRIP1,-0.10372073030360962
CRIP2,0.3872060341376584
CRIP3,0.31490763273187994
CRIPT,-0.03320246437640151
CRIPTO,-0.3213104244513223
CRIPTO3,-1.3387240752038756
CRISP1,-1.1924908878047784
CRISP2,0.5451954680120987
CRISP3,1.5754530203136623
CRISPLD1,-0.21538575296347506
CRISPLD2,0.6322730432017285
CRK,-0.06828210051772032
CRKL,0.10546841085575576
CRLF1,-0.6983662701830643
CRLF3,-0.11634194337291248
CRLS1,0.22735725542124374
CRMP1,-1.1199239882325434
CRNKL1,-0.07738290696997452
CRNN,0.5099998035673357
CROCC,0.29602305199196
CROCC2,0.7523866130206401
CROT,0.2669656557090745
CRP,0.1631504405958184
CRPPA,0.7729976271605588
CRTAC1,-0.15542505357247094
CRTAM,-0.1530505084411649
CRTAP,0.2697628493005526
CRTC1,0.031105002604843612
CRTC2,0.06389467424819006
CRTC3,0.5806592384909228
CRX,-1.3235893262223424
CRY1,-0.04844816925846995
CRY2,-0.07264268038750377
CRYAB,-0.28977350526585816
CRYBA1,-0.1915251847632411
CRYBA2,0.14238955477968174
CRYBA4,1.4913254993347156
CRYBB1,-0.7587144339843358
CRYBB2,-0.49787399956972356
CRYBB3,0.405440543654319
CRYBG1,0.379351143069913
CRYBG2,-0.2879236205185871
CRYBG3,-0.047983648236665566
CRYGA,0.3292924057344737
CRYGB,-0.5522078934464414
CRYGC,-1.481770728808144
CRYGD,-0.19569228479839917
CRYGN,0.12778767707813987
CRYGS,1.2029454151332497
CRYL1,-0.11487917206791476
CRYM,-0.8722915611349151
CRYZ,-0.19604693724371902
CRYZL1,0.8305466139930635
CS,-0.13313913366310626
CSAD,-0.033523383603791146
CSAG1,0.3528593776691886
CSAG3,0.35275943868976256
CSDC2,0.2290010409957557
CSDE1,-0.47898478117781984
CSE1L,0.03685223249904812
CSF1,-0.5133672476797988
CSF1R,1.158541366910293
CSF2,-0.1934727888362211
CSF2RB,-0.44548052180134007
CSF3,0.32339742611602396
CSF3R,0.49743966913197646
CSGALNACT1,-0.39398091294179194
CSGALNACT2,0.6393015778318079
CSH1,-0.912188144871922
CSH2,0.5936303939913837
CSHL1,0.7824291981573964
CSK,-0.005092446126988115
CSKMT,-0.0262617102149596
CSMD1,1.3131850872973367
CSMD2,0.7659975602588527
CSMD3,-0.07968049053781856
CSN1S1,-0.921803263516979
CSN2,-0.6679917110263978
CSN3,-0.6380080733264328
CSNK1A1,-0.37420774143602564
CSNK1A1L,-0.12340898033528655
CSNK1D,-0.405875370954095
CSNK1E,0.31268974695300233
CSNK1G1,0.1424701278293945
CSNK1G2,0.6224784092750273
CSNK1G3,-0.21399826431678726
CSNK2A1,-0.1694495342807798
CSNK2A2,0.13617534474360893
CSNK2A2IP,-1.6470792829922192
CSNK2A3,0.15778818551911766
CSPG4,0.08843177213130132
CSPG5,-0.1695966019723465
CSPP1,-0.36572771126417347
CSRNP1,0.9682921427745379
CSRNP2,-0.004439654914095037
CSRNP3,-0.968274474914648
CSRP1,-0.4070603957590846
CSRP2,-0.09778382584942236
CSRP3,0.17574640340383385
CST1,-0.06099919498736828
CST11,0.7838330281487534
CST2,-0.2125685651277285
CST3,0.21578400918970075
CST4,-0.3607042461492152
CST5,0.17359497466122242
CST6,0.5317017068709944
CST7,-0.23691294379471284
CST8,-0.6375836393659475
CST9,-0.35649579155248423
CST9L,0.23635676839574798
CSTA,0.352088086323051
CSTB,-0.3166562578312
CSTF1,-0.15132294561893644
CSTF2,-0.3509505323753892
CSTF2T,-0.2851589191809021
CSTF3,-0.4485038412015374
CSTL1,-0.03523446942399444
CSTPP1,-0.17489711646803974
CT45A1,0.5001988426882271
CT45A10,-0.5096723029817456
CT47B1,-1.5004755018746174
CT47C1,-0.39500901820251333
CT55,0.12279374219419034
CT83,0.40620550344975626
CTAG2,-1.0079586835071233
CTAGE1,-0.10128028766937702
CTAGE6,0.35275943868976256
CTBP1,0.4938002447194747
CTBP2,0.6522484266217403
CTBS,-0.46057136859638614
CTC1,-0.4426247891078994
CTCF,0.265594852356986
CTCFL,0.5088990380821848
CTDNEP1,0.053096507202106125
CTDSP1,-0.10643443539284547
CTDSP2,0.08902261937732714
CTDSPL,-0.1738450677911363
CTDSPL2,-0.07242152270834445
CTF1,-0.5451280906164331
CTH,-0.016325636779901842
CTHRC1,-0.15094797775712143
CTIF,0.009059067931701748
CTLA4,-0.42880654931749107
CTNNA1,-0.47328959108618607
CTNNA2,-0.8218508960952895
CTNNA3,-0.17294529195733688
CTNNAL1,-0.14735477635705818
CTNNB1,0.19957147430393007
CTNNBIP1,0.27131012144194866
CTNNBL1,-0.08803582441362678
CTNND1,-0.351020528285409
CTNND2,2.085124112898871
CTNS,0.10003831889296055
CTPS1,0.3324945267389028
CTPS2,0.4699448316864987
CTR9,-0.16845315568148767
CTRB1,-0.363360119229966
CTRB2,0.5048226410759021
CTRC,0.9645409690901152
CTRL,0.13491877939567876
CTSA,-0.5750922367689442
CTSB,0.49357864620083314
CTSC,-0.2039374812747865
CTSD,1.0226485687051974
CTSE,1.1258683421603508
CTSF,0.12605689760770433
CTSG,-0.6535053071085741
CTSH,-0.432396801613606
CTSK,0.8357978611957091
CTSL,-0.22953772577099052
CTSS,0.08582673195073195
CTSV,0.5519900569408893
CTSW,-0.28520687700149905
CTSZ,0.3112330457860245
CTTN,-0.2705353009739757
CTTNBP2,0.5028345525766887
CTTNBP2NL,0.2760574091413557
CTU1,0.024898035229537818
CTU2,0.3889004341003197
CTXN1,0.5308863821233878
CTXN2,-0.5557528378416934
CTXN3,-0.8899871832452941
CTXND1,1.6443482865514065
CTXND2,-0.2610503770221163
CUBN,-2.0075188026623483
CUEDC1,-0.15683554826870338
CUEDC2,-0.00915228841619875
CUL1,0.3490144621946958
CUL2,0.08360538930961603
CUL3,-0.21335028950923807
CUL4A,0.1588337039907266
CUL4B,-0.21585364127670603
CUL5,-0.10619145320933843
CUL7,-0.37032490694553566
CUL9,-0.2708039463125691
CUTC,-0.016384446590681112
CUX1,0.23214955496104395
CUX2,-0.2130798673215611
CUZD1,-1.1435335454331492
CWC15,0.11297950795892131
CWC22,-0.25460613808356847
CWC27,0.24274939808888663
CWF19L1,-0.8020884679317279
CWF19L2,-0.45321480432554484
CWH43,-0.1838758546766165
CX3CL1,0.29565313266787385
CX3CR1,0.5000248220280015
CXADR,-0.06692042689475919
CXCL1,0.13290082417479981
CXCL10,-0.07830883965971447
CXCL11,0.9427738679050088
CXCL12,0.22559208545847187
CXCL13,-1.9898277366178294
CXCL14,0.44401893850894847
CXCL16,0.1404529971742563
CXCL17,-0.7758961667526755
CXCL2,0.46221245938610345
CXCL3,-0.04248391056916656
CXCL5,1.1726335537018064
CXCL6,-1.7166541371067088
CXCL8,-1.1678369817318526
CXCL9,0.9608226269025306
CXCR1,-0.42484012420801887
CXCR2,0.09351002891540783
CXCR3,-0.4003935453820402
CXCR4,-0.3475722892974691
CXCR5,-0.12883267583538494
CXCR6,0.2670933303709986
CXXC1,-0.25305948709178683
CXXC4,0.5216078778895867
CXXC5,-0.009380126082233264
CXorf38,0.03262406235123283
CXorf58,-0.26500487930716954
CXorf65,-0.5638996027273784
CXorf66,-0.06065486595510313
CYB561,0.29369957874041264
CYB561A3,0.031056705263092788
CYB561D1,-0.1775249822744449
CYB561D2,-0.06876107659832265
CYB5A,0.4470543820935111
CYB5B,-0.2957344694965607
CYB5D1,-0.010984616552172533
CYB5D2,-0.13500495961759285
CYB5R1,-0.1964604226417741
CYB5R2,0.21811846937281176
CYB5R3,0.019222415751232624
CYB5R4,-0.10040970809683003
CYB5RL,-0.001748265504261326
CYBA,-0.269651733985218
CYBB,1.0187258877899514
CYBC1,-0.2663657166190143
CYBRD1,-0.22985594705684154
CYC1,0.40335177470653694
CYCS,-0.05173418232286231
CYFIP2,1.1247299867373348
CYGB,0.5560532908673047
CYLC1,-0.9436108402111021
CYLC2,-0.17663000182324806
CYLD,0.214068371797981
CYP11A1,-1.133361460582392
CYP11B1,0.39400741712382303
CYP11B2,0.1940664614371988
CYP17A1,-0.04749148339257642
CYP19A1,0.006674059727727943
CYP1A1,-0.07182953811290949
CYP1A2,-0.22112163259982343
CYP1B1,-1.1705336299620264
CYP20A1,-0.034084600521836705
CYP24A1,-0.051056303128548475
CYP26A1,-0.25384788031828087
CYP26B1,0.5134441649022706
CYP26C1,-0.34381005580163015
CYP27A1,0.3311824771492201
CYP27B1,-1.0271994480541582
CYP27C1,-0.060581001099715426
CYP2A13,-0.44863953839423787
CYP2A6,1.0335582107608048
CYP2A7,2.7029156665213114
CYP2B6,1.0829081458828447
CYP2C18,1.0262216625370955
CYP2C19,1.1489169510572017
CYP2C8,-0.26458623563323247
CYP2C9,0.2942370189967949
CYP2E1,-0.44270412481257093
CYP2F1,0.8544298589963318
CYP2J2,-0.5377925529788432
CYP2R1,0.3253489500680491
CYP2S1,-0.052889260415417194
CYP2U1,0.35366728320232177
CYP2W1,-0.04368553859175628
CYP39A1,0.07044598655879675
CYP3A4,-1.0384240850259938
CYP3A43,-1.2963369172655141
CYP3A5,0.24982081124835206
CYP3A7,0.9800185520181026
CYP3A7-CYP3A51P,0.9389597396546489
CYP46A1,0.47589662119190734
CYP4A11,0.412884540121508
CYP4A22,1.0773545220651972
CYP4B1,0.11887761381313947
CYP4F11,-0.07356924891042249
CYP4F12,-0.3078519647989266
CYP4F2,0.04947045824201292
CYP4F22,0.34557699045663837
CYP4F3,0.6072192032743472
CYP4F8,1.064651516120787
CYP4V2,0.3041515676254569
CYP4X1,-0.5738498867473272
CYP4Z1,-0.7673768894125059
CYP51A1,-0.15944689756866737
CYP7A1,-1.0329848950007017
CYP7B1,1.6248933897781819
CYP8B1,0.9440920035992553
CYREN,0.16555295300480033
CYRIA,0.7033136707226003
CYRIB,0.3077587858018842
CYS1,0.3942369154011156
CYSLTR1,0.8542354597008377
CYSLTR2,0.9516372111807323
CYSRT1,-0.48102623631977837
CYSTM1,0.1422751619386844
CYTH1,-0.11928772527734566
CYTH2,0.1097255249865201
CYTH3,0.1906909051252943
CYTH4,0.34709034837698083
CYTIP,0.16142774869326737
CYTL1,-0.7832722494774812
CYYR1,0.4935233472176572
CZIB,0.07320264088253658
D2HGDH,0.2854625532669184
DAAM1,0.015237703939679825
DAAM2,-0.4481563084388105
DAB1,0.021300347231605343
DAB2,0.4074302816120861
DAB2IP,-0.4125357440259852
DACH1,-0.03585668681235887
DACH2,-1.1160825287916885
DACT1,0.6257563089259564
DACT2,-1.0313351048767676
DACT3,0.06450835194804938
DAD1,-0.08286021391552545
DAG1,0.1090210048963629
DAGLA,0.00863608355743617
DAGLB,0.35015621250927964
DALRD3,0.06765077384951823
DAND5,-0.3630818483489193
DAO,-0.30673494588355243
DAOA,-0.19671938015179474
DAP,0.994214380042485
DAP3,-0.2224137475431398
DAPK1,-1.1412762921732587
DAPK2,-1.1321549362009187
DAPK3,-0.16737234661262868
DAPL1,-0.5284202788456631
DAPP1,0.20478040664457398
DARS1,-0.3288368820293597
DARS2,-0.39640707216741156
DAW1,0.8862722161758732
DAZAP1,0.6085079630853221
DAZAP2,-0.3245544538824232
DAZL,0.7407658805213293
DBF4,0.0
DBF4B,-0.08158728866542875
DBH,-0.20932902504211237
DBI,-0.35301637488319937
DBN1,0.32458232190912994
DBNDD1,0.38330260246257586
DBNDD2,-0.10829392469927779
DBNL,-0.41780112547576564
DBP,0.10673124032112735
DBR1,-0.3327108463212971
DBT,-0.3372652654565327
DBX1,-0.8584157261417755
DBX2,0.3432847897696144
DCAF1,0.11663000006631563
DCAF10,-0.3272108419762061
DCAF11,0.11830307166036125
DCAF12,-0.008925615824828537
DCAF12L1,0.7055475684087404
DCAF12L2,1.2364312616956648
DCAF13,-0.09944649101314518
DCAF15,0.044887360936480825
DCAF16,-0.16304250633664008
DCAF17,0.308255705926217
DCAF4,0.05777322521827166
DCAF4L1,-0.07604310244522905
DCAF4L2,0.8947937983380749
DCAF5,0.5060687585814394
DCAF6,0.166440341824047
DCAF7,1.561555304618878e-05
DCAF8,-0.23292026331337734
DCAF8L1,-0.5874742765083831
DCAF8L2,1.7807583796160606
DCAKD,-0.29104159685978015
DCANP1,0.3796086878839097
DCBLD1,1.4372834475708558
DCBLD2,0.4841794186623565
DCC,0.6210358863789229
DCD,1.3373150893746453
DCDC1,-0.30044179779768143
DCDC2,-1.751134637157589
DCDC2B,0.6577773837828704
DCDC2C,-0.9588873951774648
DCHS1,-0.733206566607101
DCHS2,-0.366043791565295
DCK,-0.23653705085551735
DCLK1,0.7383372563365032
DCLK2,0.11815859510227611
DCLK3,-0.008857024688408988
DCLRE1A,-0.10062569348147044
DCLRE1B,-0.37821472705100323
DCLRE1C,-0.22740584812098774
DCN,0.29399812021213234
DCP1A,0.014499102698729338
DCP1B,0.04067616650223105
DCP2,-0.09304464806226509
DCPS,-0.39610758197403584
DCST1,0.5634437860602559
DCST2,0.5319986964286787
DCSTAMP,-0.25217177705722604
DCT,0.01750441115360127
DCTD,0.6400523792852444
DCTN1,-0.1367700179825615
DCTN2,-0.08729025192275142
DCTN3,-0.10807413266477273
DCTN4,-0.0016041616946935733
DCTN5,-0.10937663572346068
DCTN6,-0.2650193535474292
DCTPP1,-0.09798256297102803
DCUN1D1,0.5756846607280511
DCUN1D2,0.6600786300564891
DCUN1D3,-0.146716716255062
DCUN1D4,0.36644362318054924
DCUN1D5,-0.10879915045887056
DCX,-0.2529200427397692
DCXR,-0.029444799535482957
DDA1,-0.18810516221453977
DDAH1,-0.3296063188195908
DDB1,-0.08686320784015555
DDB2,-0.16983240349110762
DDC,0.07960366873941385
DDHD1,-0.0347346642244899
DDHD2,-0.23377581698820088
DDI1,0.9676514551702111
DDI2,0.28047830283351427
DDIAS,-0.007161610758487313
DDIT3,-0.4650815540009221
DDIT4,0.09576981456748701
DDIT4L,-0.7582313339932862
DDN,-0.11471224844490413
DDO,0.11201853091075542
DDOST,0.003188176134913512
DDR2,1.148012100150115
DDRGK1,-0.048732204478760366
DDX1,-0.3317107859995376
DDX10,-0.09344559340798408
DDX11,-0.19315904517767724
DDX17,-0.4836320491633024
DDX18,-0.13824095382614576
DDX19A,-0.5982241815005294
DDX19B,-0.10158400711234705
DDX20,0.011523219209876423
DDX21,-0.5345865170282682
DDX23,-0.33429191973184036
DDX25,-0.6076746585576229
DDX27,-0.2820411541237524
DDX28,-0.30144279976974175
DDX31,-0.16459690454813458
DDX39A,-0.20879424503994226
DDX3X,-0.1487300817871331
DDX4,-0.9047135587070545
DDX41,0.06461707151488039
DDX42,-0.1486356427716693
DDX43,-0.6186720995698747
DDX46,-0.11270934070610217
DDX47,-0.09391295283371104
DDX49,-0.2135068505254747
DDX5,-0.3328235171369296
DDX50,0.16174865300571106
DDX51,0.5390144627453228
DDX52,-0.9436108402111021
DDX53,-1.5383347223147634
DDX54,-0.03387053045800936
DDX55,-0.054707243766417335
DDX56,-0.3189602367856237
DDX59,-0.11108164281664656
DDX6,-0.27529259612044576
DDX60,-0.08998814825083645
DDX60L,0.3317233566895015
DEAF1,-0.26733660770333123
DECR1,-0.05531321054315086
DECR2,-0.4849679280629721
DEDD,0.11661953236031586
DEDD2,-0.11478893528613732
DEF6,-0.15299357468701213
DEF8,-0.43963220176880125
DEFA1,-0.709108429899973
DEFA1B,1.5944518396671417
DEFA3,-0.18846007786725205
DEFA4,-0.44396395494328755
DEFA5,0.7808502485058769
DEFA6,-0.7073300227294944
DEFB1,-0.7774173463566563
DEFB104B,0.0
DEFB108B,1.2327826429614428
DEFB110,-1.3603675144060852
DEFB112,-0.9436108402111021
DEFB113,-1.0116739150140315
DEFB114,1.60421266836646
DEFB115,0.13125839291742372
DEFB116,-0.7691663392227017
DEFB118,0.4141392039987354
DEFB119,-0.6172460732883133
DEFB121,0.2397687050525925
DEFB123,-1.114176456384013
DEFB124,-0.9962526325178476
DEFB125,0.4969515341113544
DEFB126,0.41437162729046306
DEFB127,0.5293539262077815
DEFB128,-1.3334322864881742
DEFB129,0.7192012946813804
DEFB130A,0.5188511010411587
DEFB131B,0.7258344664543008
DEFB132,0.05261815402580172
DEFB134,-0.06897677459814039
DEFB135,-0.31171039339108014
DEFB136,-0.2679868436625431
DEFB4A,-0.5003465172963226
DEGS1,-0.03865920260940367
DEGS2,0.26515600463946143
DEK,0.44195636285212814
DELE1,-0.025539554161911227
DENND10,0.29614204624764495
DENND11,-0.9392766460093407
DENND1A,0.6202980596386145
DENND1B,0.48968067652396297
DENND1C,-0.07461633450526373
DENND2A,0.33875831990768646
DENND2B,-0.05678622856184301
DENND2C,-0.6001812350616264
DENND2D,-0.44307752559787783
DENND3,-0.15218472038191355
DENND4A,0.024197025295525698
DENND4B,0.17497954354871847
DENND4C,0.23275737005676866
DENND5A,0.035534800913266995
DENND5B,0.9838387940234368
DENND6A,-0.04111630482512485
DENND6B,0.7296071138946671
DENR,-0.2442615288005756
DEPDC1,-0.07647046512020284
DEPDC1B,-0.07225436145472397
DEPDC4,-0.062139230693212255
DEPDC5,-0.2501417001417927
DEPDC7,0.43051211989564897
DEPP1,0.20364067484287585
DEPTOR,0.1530757282511228
DERA,-0.48283199539654964
DERL1,-0.324913351561265
DERL2,-0.050386303593511705
DERPC,-0.030232918314732515
DES,0.49703605614433566
DESI1,-0.14582147954152092
DESI2,0.43595869210509886
DET1,-0.13148291255140165
DEUP1,0.4009314961726276
DEXI,0.2726916778238788
DFFA,-0.12100425740902132
DFFB,0.19989947796186947
DGAT1,0.5250382602242691
DGAT2,0.028009347932407072
DGAT2L6,-0.07999977739294795
DGCR2,0.4365552093213019
DGCR6L,-0.07070516195662169
DGCR8,0.6349426967785536
DGKA,-0.059362962374403416
DGKB,-0.05920658318937688
DGKD,-0.11884917495671932
DGKE,0.46561626753996865
DGKG,0.307536258183694
DGKH,0.24885920305917963
DGKI,-0.48138269537146516
DGKK,-0.8674290319244653
DGKQ,0.7742181832361883
DGKZ,0.03744715229495643
DGLUCY,0.12219077265325673
DGUOK,-0.29114995289580214
DHCR24,0.0565793831009076
DHCR7,-0.027838514964544814
DHDDS,0.17765265131843755
DHDH,-0.11959041727269693
DHFR,0.3795829127236008
DHFR2,-0.4352983540294959
DHH,-0.5902346753969996
DHODH,0.3261190071058726
DHPS,-0.09834202252096436
DHRS1,-0.17905678259313085
DHRS12,-0.0850145429463467
DHRS13,0.6365272320541262
DHRS2,0.5428387495989025
DHRS3,-0.279260127062547
DHRS4,0.04815023366942217
DHRS4L2,0.5022997622196261
DHRS7,-1.1615764229784418
DHRS7B,0.26418083401498543
DHRS7C,0.25563555840780383
DHRS9,0.08136107265105652
DHTKD1,0.37735844255254936
DHX15,-0.28817187246967446
DHX29,-0.40719280331287244
DHX30,0.18322991618675744
DHX32,0.13390475552996994
DHX33,-0.2078609554148123
DHX34,0.05966061171320547
DHX35,-0.016202362179815744
DHX36,-0.4130288386617824
DHX37,-0.41067024236635596
DHX38,-0.08992687961587986
DHX40,-0.5632353055594019
DHX57,-0.48105064497956906
DHX58,0.027134817912608078
DHX8,0.1763714604396256
DHX9,-0.13957538570421768
DIABLO,0.15065797920666224
DIAPH1,0.024999191083883154
DIAPH2,-0.28602051092465963
DIAPH3,-0.24165712767944036
DICER1,0.3400339047621399
DIDO1,0.23891559497150805
DIMT1,-0.07011124199316843
DIO1,-0.3121373604666964
DIO2,0.48890782333673766
DIO3,0.18744643084909873
DIP2A,0.572963079486903
DIP2B,-0.1349517909965332
DIP2C,-0.5424699396792485
DIPK1A,-0.07098549416816535
DIPK1B,0.11343638125795463
DIPK1C,0.14754859830191736
DIPK2A,0.28064467918687974
DIPK2B,-0.5396624296809152
DIRAS1,0.26467134681429627
DIRAS2,0.058194149997002675
DIRAS3,-0.41399135240448703
DIS3,-0.08452760949099858
DIS3L,0.5363309701063126
DIS3L2,-0.09036604351591837
DISC1,0.19188668839296863
DISP1,-0.016922105627209305
DISP2,0.6658075605362042
DISP3,0.28173588502395397
DIXDC1,-0.02079816331647777
DKC1,0.07320076660673713
DKK1,0.2113250873566308
DKK2,-0.5874730379945123
DKK3,0.41771653001084785
DKK4,-0.4033472377176038
DKKL1,0.36366447306788174
DLAT,-0.33229960744320675
DLC1,-1.6223247742365547
DLD,-0.047319897103122344
DLEC1,-0.24228787052394107
DLEU7,1.4257970886663993
DLG1,-0.12136091496516155
DLG2,0.21325392788179443
DLG3,0.3070975818953835
DLG4,-0.17925987359333373
DLGAP1,-0.5652106791480298
DLGAP3,0.7262308127229327
DLGAP4,-0.17520098914321575
DLGAP5,-0.13682514799444423
DLK1,0.131676075282958
DLK2,-0.18367396232259647
DLL3,-0.20668582531494195
DLL4,-0.25075230391563386
DLST,0.24391597975860257
DLX1,0.018651567805155977
DLX2,-0.2295467632584316
DLX3,-0.17684932853591695
DLX4,0.5111993678698026
DLX5,0.48699931323138057
DLX6,0.018835583990797655
DMAC1,-2.0730338249332085
DMAC2,-0.07462107790257821
DMAC2L,-0.017433605860763812
DMAP1,-0.5418865660795911
DMBT1,1.0646518598758465
DMBX1,0.25294056330277526
DMC1,-0.31401372640396996
DMD,1.278108468295545
DMGDH,0.5778308679139634
DMKN,-0.1684893020248066
DMP1,-0.4323019316165948
DMPK,0.36066171062103747
DMRT1,0.007203397390359356
DMRT2,-1.3469470285236211
DMRT3,-1.142375828155906e-06
DMRTA2,-0.3638486015319784
DMRTB1,-0.43910487977635015
DMRTC1,-0.012434623954864943
DMRTC1B,0.7063760398907273
DMRTC2,0.5720045975826904
DMTF1,-0.14017422081138697
DMTN,0.8348362951113023
DMWD,0.51234498481712
DMXL1,-0.25610142628953636
DMXL2,-0.26117700852361203
DNA2,-0.515835385003196
DNAAF1,0.5413737045484592
DNAAF10,-0.2369093611431321
DNAAF11,-0.5698502173091176
DNAAF2,0.11307556241012762
DNAAF3,-0.150984313498002
DNAAF4,-0.6922143951387338
DNAAF5,0.666392876237663
DNAAF6,-0.39610848952332445
DNAAF8,-0.08497781255930992
DNAAF9,0.15437015278829058
DNAH1,-0.9068905106214171
DNAH10,0.6815636154900404
DNAH11,-0.7514071391174151
DNAH12,-0.45892960680512423
DNAH14,0.13618964499779324
DNAH17,0.20791493311459808
DNAH2,-0.2280409667595622
DNAH3,-0.3078897144674335
DNAH5,0.5476156723134649
DNAH6,0.3871625331562907
DNAH7,-0.0540582095946327
DNAH8,-0.27076943753961635
DNAH9,-1.2049777246145084
DNAI1,0.23680083896335846
DNAI2,-0.25874110884749835
DNAI3,-0.2980743307769229
DNAI4,-0.028701922292055926
DNAI7,-0.0533987359209096
DNAJA1,-0.05654060681385964
DNAJA2,-0.05276197473107214
DNAJA4,0.3756596058624082
DNAJB1,0.2592206995937088
DNAJB11,0.037405204739082265
DNAJB12,0.032001045347062274
DNAJB13,-0.13852044662244323
DNAJB14,0.575700081820766
DNAJB2,0.04796137141004486
DNAJB4,-0.19166805173946333
DNAJB5,0.2179592318098349
DNAJB6,-0.13284621726945267
DNAJB7,-0.6075585494726203
DNAJB8,-0.14225989434667485
DNAJB9,-0.04330116730362121
DNAJC1,0.2630822429174291
DNAJC10,0.021953346371988758
DNAJC11,0.5794315134839838
DNAJC12,0.12293351291793819
DNAJC13,-0.03164508205132499
DNAJC14,-0.438442807316743
DNAJC15,-0.544958856664342
DNAJC16,0.07084027383039881
DNAJC17,-0.08002725571642166
DNAJC18,-0.3402249389465195
DNAJC19,-0.24805222454817155
DNAJC2,-0.5267657688945606
DNAJC21,0.6765682159153066
DNAJC22,-0.10529008317811117
DNAJC24,-0.30177778483454176
DNAJC25,0.18662821550445496
DNAJC25-GNG10,0.18713188081934895
DNAJC27,0.08692615179545982
DNAJC3,-0.10683151300558791
DNAJC30,-0.15757604749042287
DNAJC4,0.009240583305266448
DNAJC5,0.41317312863750644
DNAJC5B,0.861950150419075
DNAJC5G,-1.97668383590988
DNAJC6,-0.2979475561791128
DNAJC7,-0.5312253319919034
DNAJC8,-0.405905668775814
DNAJC9,-0.40939397066234484
DNAL1,-0.40061165235696894
DNAL4,-0.006661877565051988
DNALI1,-0.03145212819907639
DNASE1,0.2531215041529995
DNASE1L1,-0.4757646789033094
DNASE1L2,-0.3899735154352446
DNASE1L3,-0.03241120783860385
DNASE2,-0.39528341839280623
DNASE2B,0.3583271764077275
DND1,-0.23604817251368537
DNER,0.19228716673914947
DNHD1,0.7553738735754735
DNLZ,0.9147632333681726
DNM1,0.04446973912520802
DNM1L,0.013078551975794994
DNM2,0.041045877123568
DNM3,0.48141700320988556
DNMBP,0.6877868758156676
DNMT1,0.09009504093149401
DNMT3A,0.4240729363344258
DNMT3B,0.40089388315126584
DNMT3L,0.44237135466273897
DNPEP,-0.39778870368912744
DNPH1,0.15197897758436518
DNTT,-0.4935719315698758
DNTTIP1,-0.008270935617987085
DNTTIP2,-0.31740401012590524
DOC2A,-0.04722145906994768
DOCK1,0.8343991632866048
DOCK10,-0.25628242076494434
DOCK11,0.4278279920930439
DOCK2,-0.09853193676731475
DOCK3,0.9028211231829966
DOCK4,0.06931616522676709
DOCK5,0.1825973229124105
DOCK6,0.26430523922383026
DOCK7,0.05014546318252311
DOCK8,0.2415392714246527
DOCK9,-0.07013526641512247
DOHH,-0.25101183745800526
DOK1,-0.6424379590017562
DOK2,-0.07151013703041897
DOK3,0.5258742732181502
DOK4,1.0277698403164013
DOK5,0.3387879013458053
DOK6,-0.689549676290491
DOK7,-0.5141288329185253
DOLK,-0.01628979745156034
DOLPP1,0.2428688225868827
DONSON,0.22738316816435233
DOP1A,0.10338683313311847
DOP1B,0.3117655743219778
DOT1L,0.7414513659566566
DPAGT1,-0.3082560068501534
DPCD,0.15328520485047914
DPEP1,-0.7269600622710699
DPEP2,0.05425652780037149
DPEP2NB,-0.2443427804231037
DPEP3,0.7216533261358626
DPF1,0.36845710313651914
DPF2,-0.17287131718794768
DPF3,0.10341749418088408
DPH1,-0.16019714974972743
DPH2,-0.056722689808524684
DPH3,-0.13597470565421066
DPH5,-0.37080033058760353
DPH6,0.3549582753160996
DPH7,0.08228917360951726
DPM1,-0.4365697750055526
DPM2,-0.2779067764864438
DPM3,0.07997014591270268
DPP10,0.1043513493986854
DPP3,0.10111423788359719
DPP4,0.7610927167112008
DPP7,-0.4075389037906181
DPP8,-0.05510324354372376
DPP9,0.15491361658156588
DPPA2,1.0281190050736413
DPPA3,-1.1398058565079183
DPPA4,-1.7003233640381257
DPPA5,0.055289087094083866
DPRX,0.5271049640955632
DPT,0.11689568161316213
DPY19L1,0.8112507015139503
DPY19L2,0.1248245846222229
DPY19L3,0.6336780075302944
DPY19L4,-0.15360990198198898
DPY30,-0.6556519612773388
DPYD,0.632194732794729
DPYS,1.2877668499886967
DPYSL2,0.2875038795728244
DPYSL3,2.2317642666510666
DPYSL4,0.5139653636009391
DPYSL5,-0.12860172007867976
DQX1,-0.2970878694407717
DR1,-0.3198056315652451
DRAM1,-0.2128285680075841
DRAM2,-0.18609314642262031
DRAP1,0.7807524641914672
DRAXIN,0.42916478646569445
DRC1,1.7417882347430675
DRC12,-0.3616290117060186
DRC3,-0.0065072942822155255
DRC7,0.10938220427963108
DRD1,0.5855604632111449
DRD2,-0.07444770556635086
DRD3,-2.2243941544692865
DRD4,-0.23035736664914452
DRD5,0.43386507030514276
DRG1,0.08214905571680564
DRG2,-0.5016443620985882
DRGX,0.3573694650827385
DRICH1,0.9763505890477667
DROSHA,-0.24739089741085163
DRP2,-0.7741067358002753
DSC1,0.30021369001161524
DSC2,-0.678926720165435
DSC3,0.8414963757800302
DSCAM,0.5419452077495608
DSCAML1,-0.29466004172910143
DSCC1,-0.49921835155975813
DSE,-0.3942813232933364
DSG1,-0.8240319528440466
DSG2,0.3534970429190145
DSG3,-0.2869550043581116
DSG4,-0.13608237352825814
DSN1,-0.028838899899200854
DSP,0.6367109314591941
DSPP,0.8543300625764032
DST,0.4915892660731842
DSTN,0.05528493378563404
DSTYK,0.1884228946643436
DTD1,0.6779366172844665
DTD2,-0.1865314285079327
DTHD1,-0.08620986745399728
DTL,-0.23335766621248055
DTNA,1.5718170458804246
DTNB,1.088033862608511
DTNBP1,0.12450835601758925
DTWD1,-0.09905632102061102
DTWD2,0.02042903309741284
DTX1,0.3159523789225247
DTX2,-1.4502842097533293
DTX3,-0.09082565054029512
DTX3L,-0.39112440054066466
DTX4,-0.049396870600047826
DTYMK,0.22102571646101854
DUOX1,-0.4145096697352363
DUOX2,-0.006932409919327309
DUOXA1,-0.3988660695219955
DUOXA2,0.05994555477412433
DUS1L,0.11217669155245336
DUS2,-1.122734540526434
DUS3L,-0.03103255698332319
DUS4L,-0.11634502686271553
DUS4L-BCAP29,-0.11440310811638277
DUSP1,0.18058070026915995
DUSP10,0.2352586719519003
DUSP11,-0.2609693335696086
DUSP12,-0.30730085170039434
DUSP13A,-0.058034024095700465
DUSP13B,-0.06155635831834427
DUSP15,0.5169002110975707
DUSP16,0.9955280626880563
DUSP18,-0.3229362542075842
DUSP19,0.5213188385882084
DUSP2,0.5498406938418183
DUSP21,0.7131934012910345
DUSP22,0.4444824282606188
DUSP23,-0.3010575338875907
DUSP26,1.0956404650877014
DUSP28,0.18028756278224645
DUSP29,0.22201397498664904
DUSP3,0.1832808128467236
DUSP4,0.32163162990310035
DUSP5,0.3846010687524508
DUSP6,-0.1355531085496855
DUSP7,0.15989573374911092
DUSP9,-0.1290808896024449
DUT,-0.5878727698278468
DUXA,-1.1510145962486469
DUXB,-0.019348893389126154
DVL1,2.0091601007760924
DVL2,-0.18121444062772607
DVL3,0.15412961055216412
DYDC1,-0.2859627953445847
DYDC2,-2.0117764595697905
DYM,0.370354404374738
DYNAP,-0.5642088695309303
DYNC1H1,0.374658660726058
DYNC1I1,-0.14867727515537243
DYNC1I2,-0.358007738371942
DYNC1LI1,-0.07550953564409557
DYNC1LI2,0.4549939595871271
DYNC2H1,-0.1942518916543543
DYNC2I1,0.08824152979731004
DYNC2I2,0.0756985814207436
DYNC2LI1,-0.3429589870380987
DYNLL1,0.6343579399529942
DYNLL2,0.5774373126408348
DYNLRB1,-0.3165367255163858
DYNLRB2,0.48708264833177406
DYNLT1,-0.05855893511979282
DYNLT2B,0.0581916566151488
DYNLT3,-1.3107577217497126
DYNLT4,0.10383866210201376
DYNLT5,0.04690508594160736
DYRK1A,0.2057869812905384
DYRK1B,-0.019942000338154298
DYRK2,0.2017157507772973
DYRK3,-0.08684966557272489
DYRK4,0.10826569987981893
DYSF,-0.2847305225884169
DYTN,0.5093542969718221
DZANK1,-0.33013378864073495
DZIP1,0.4529125848971971
DZIP1L,-0.06953635894823496
DZIP3,-0.08846702561411313
E2F1,0.4456375377834032
E2F2,0.1063461166742874
E2F3,-0.12667476846170977
E2F4,0.1304398553392998
E2F5,0.1334922323949259
E2F6,-0.3185529513698109
E2F7,0.09319820442946902
E2F8,-0.5107127976538051
E4F1,0.1565033656281969
EAF1,-0.3902447483767544
EAF2,-0.10775645768857967
EAPP,-0.2860162210147257
EARS2,-0.020429481663329696
EBAG9,-0.16881195562721008
EBF1,-0.08697808537554241
EBF2,-0.3487214962410725
EBF3,0.2971882466506967
EBF4,0.09594674674033143
EBI3,0.6954170400201583
EBLN1,0.647857836590193
EBLN2,0.1773755697899826
EBNA1BP2,0.2428329441191845
EBP,-0.35664704704194783
EBPL,0.7738216275842253
ECD,-0.3436542267154179
ECE1,0.9445150036222021
ECE2,0.04834047967503685
ECEL1,0.12911327554811747
ECH1,-0.012058967022989364
ECHDC1,-0.10782663008217686
ECHDC2,-0.46463231081130996
ECHDC3,-0.2559212132524703
ECHS1,0.694944766027346
ECI1,-0.5401993970499418
ECI2,0.10023311063105123
ECM1,-0.24033674875559896
ECM2,2.636853916624373
ECPAS,0.7694269401445981
ECRG4,1.0635325877601076
ECSCR,1.2702292938162456
ECSIT,-0.2153680200644228
ECT2,-0.20916033038729953
ECT2L,-0.23393004849788057
EDA,0.5799571857751356
EDA2R,-0.6474100974699739
EDAR,-0.4232860945537673
EDARADD,-0.09256865719673846
EDC3,-0.2598239799398949
EDC4,-0.19509598969098452
EDDM13,0.8209422874907361
EDDM3A,0.76007564659219
EDDM3B,-0.40178437993641625
EDEM1,0.4253550165282505
EDEM2,-0.18998369555415362
EDEM3,-0.02446924869293543
EDF1,0.5657901595881571
EDIL3,0.666452603452798
EDN1,-0.39562813868139646
EDN2,0.3301334958178157
EDN3,0.3728433977464246
EDNRA,0.03187643007682728
EDNRB,-0.3223432340383534
EDRF1,-0.09418099204559649
EEA1,0.66149779289678
EED,1.2861827231008833
EEF1A1,-1.4698008999573997
EEF1A2,0.6678662147749483
EEF1AKMT1,-0.01527511904318235
EEF1AKMT2,-0.08789631028200873
EEF1AKMT3,-0.05578553839712086
EEF1AKMT4,-0.10680962208966882
EEF1AKMT4-ECE2,-0.11137393780541505
EEF1B2,-0.3690007211983719
EEF1E1,-0.09763797359300241
EEF1E1-BLOC1S5,-0.09714178466222911
EEF1G,-0.1753197377573148
EEF2,-0.619340784446746
EEF2K,0.19477662651862104
EEF2KMT,0.26657020031101464
EEFSEC,0.009362814223059956
EEIG1,0.9245879156511796
EEIG2,0.037943915554692786
EEPD1,0.4824901953576832
EFCAB10,-0.5039482377458666
EFCAB11,-0.14314580655181697
EFCAB12,0.23228062885083012
EFCAB13,0.08255125878837255
EFCAB14,0.12714644074724113
EFCAB2,0.2354542763670513
EFCAB3,0.9554538665879684
EFCAB5,-0.40216013851481724
EFCAB6,-0.26200959850049044
EFCAB7,-0.25949757857233635
EFCAB8,-0.18298577437277852
EFCAB9,-1.0498068403888912
EFCC1,0.6504456496061974
EFEMP1,-0.349752812961556
EFEMP2,0.17873385720881618
EFHB,0.1740706040722504
EFHC1,0.43928724768611227
EFHC2,-0.5106549069483068
EFHD1,-0.4255547741465584
EFHD2,1.207508853131313
EFL1,-0.14515431561340986
EFNA1,0.04756914374890009
EFNA2,0.6621049935593465
EFNA3,0.08191105898536
EFNA4,0.026679836376782617
EFNA4-EFNA3,0.02925677719281161
EFNA5,-0.44813457627886377
EFNB1,-0.04528432049186559
EFNB2,0.5200997875030255
EFNB3,0.37696344262375403
EFR3A,0.13274846428236486
EFR3B,0.2634136217264076
EFS,-0.17213503033587868
EFTUD2,-0.3405539364550201
EGF,0.015503629404009067
EGFL6,0.06619733377724937
EGFL7,0.018055225504429284
EGFLAM,0.10790493178928262
EGFR,1.6637982143783543
EGLN1,0.5162155232459176
EGLN2,0.286850617244677
EGLN3,0.794535937925196
EGR1,0.6631669803613738
EGR2,0.857320071313475
EGR3,0.02898344584121837
EGR4,0.17148999058664272
EHBP1,-0.2164306843106953
EHBP1L1,0.0313278466971294
EHD1,0.28203233438595365
EHD2,-0.4281787547690715
EHD3,-0.2503177601970874
EHD4,0.2908544603303538
EHF,-0.43556890567607065
EHHADH,-0.8359074899494231
EHMT1,0.426133069932189
EI24,0.837672936471205
EID1,-0.2970346814875242
EID2,0.39782066683954387
EID2B,-0.18499677533091052
EID3,-0.7860527164414973
EIF1,-0.031175438008788525
EIF1AD,0.08876478269347388
EIF1AX,-0.19262395837915225
EIF1B,-0.004856364419090653
EIF2A,0.09291282394802725
EIF2AK1,-0.04006242865350984
EIF2AK2,-0.34413801085256424
EIF2AK3,-0.09575444302343783
EIF2AK4,0.17068178636258446
EIF2B1,-0.10739368701965724
EIF2B2,0.17991102943459492
EIF2B3,-0.34442837180146313
EIF2B4,0.09108663884985457
EIF2B5,-0.3942480927119476
EIF2D,-0.5075706627923262
EIF2S1,-0.06799667321493175
EIF2S2,-0.16861634038854234
EIF2S3,-0.46198329701236407
EIF2S3B,-0.3059638026029544
EIF3A,-0.19820762612184328
EIF3B,0.09099465173174082
EIF3C,0.4948341550219313
EIF3CL,0.8537780059794098
EIF3D,-0.2901572335236393
EIF3E,-0.21024415846290978
EIF3G,-0.3261471175512982
EIF3H,-0.050144195186828
EIF3I,-0.058777143729047854
EIF3J,-0.0757089643122022
EIF3K,-0.12250268233271289
EIF3L,-0.4837355926142495
EIF3M,0.022095759885328192
EIF4A1,0.08798399325944395
EIF4A2,-0.45992178673745343
EIF4A3,0.011026922274488982
EIF4B,-0.14148956093053044
EIF4E,-0.31852069710526365
EIF4E1B,-0.10885382052669179
EIF4E2,-0.08475424432722445
EIF4E3,-0.34441593315812224
EIF4EBP1,-0.031076967351091334
EIF4EBP2,0.008761828824193962
EIF4EBP3,-0.2162723911037352
EIF4ENIF1,-0.18253948142377485
EIF4G1,0.1741145852020911
EIF4G2,-0.004884870373493833
EIF4G3,-0.03437596806609644
EIF4H,0.5872594527169417
EIF5,-0.06885606334825223
EIF5A,-0.10630109953652234
EIF5A2,-0.2697141333613686
EIF5AL1,0.7040066808242527
EIF5B,-0.17456381963674428
EIF6,-0.05796454771328552
EIPR1,-0.2904462338415392
ELAC1,0.36676772450972805
ELAC2,-0.12509210479972488
ELAPOR1,-0.3683153009509441
ELAPOR2,0.9376142846946647
ELAVL1,0.2953059165368441
ELAVL2,1.1915550538410065
ELAVL3,-0.677148591190607
ELAVL4,1.609157308999439
ELF1,0.01992842207640333
ELF2,0.2249957764372006
ELF3,0.21150736977073625
ELF4,0.1739680830415562
ELF5,-0.5589032077218583
ELFN1,0.44914373320381845
ELFN2,-0.46308173634001015
ELK1,0.36084395924922585
ELK3,0.056589671781579476
ELK4,0.23447484784397155
ELL,0.15463041318283732
ELL2,0.14595476626150727
ELL3,-0.4925338066933129
ELMO1,-0.1809444395382025
ELMO2,0.4423183232421881
ELMO3,-0.00952330446494587
ELMOD1,0.7964411132043909
ELMOD2,0.06395369739476742
ELMOD3,-0.1749854550416874
ELN,0.21010815813940287
ELOA,0.2866872843398838
ELOA2,0.5800801924612875
ELOB,0.11237535570958812
ELOC,0.1588212979600483
ELOF1,-0.3402076685796951
ELOVL1,0.437731622236849
ELOVL2,0.8364828831770376
ELOVL3,0.004890952191703324
ELOVL4,-0.14656831932217518
ELOVL5,0.3021700057193035
ELOVL6,-0.5509263936115802
ELOVL7,0.9918478883504753
ELP1,0.021928203963760495
ELP2,0.30804019436004015
ELP3,0.10010362649403537
ELP4,0.06279265805200396
ELP5,0.08973406797914141
ELP6,-0.12905205342802262
ELSPBP1,0.451208072159792
EMB,-1.0796531843751764
EMC1,-0.17040339196066778
EMC10,0.10126690483845469
EMC2,-0.21657644409738808
EMC3,0.3179220473039278
EMC4,-0.2704755575650757
EMC6,0.16256517024174233
EMC7,-0.08327173375485941
EMC8,0.17236984347440476
EMC9,-0.027372438211993533
EMCN,-0.7078270844070774
EMD,0.022399554321596682
EME1,-0.4219122440626384
EME2,-0.2862529750678391
EMG1,0.10210635931731193
EMID1,-0.03544365825136886
EMILIN1,-0.7543174168196783
EMILIN2,-0.1387494073423452
EMILIN3,-0.03135302676896162
EML1,0.7393567584478958
EML2,-0.35030442370538495
EML3,-0.05900431255916594
EML4,-0.016158737133908918
EML5,0.6602614614919213
EML6,-0.04115733742883876
EMP1,0.00833806889865274
EMP2,0.6609101932081977
EMP3,-0.03139456356621295
EMSY,0.009187714455732632
EMX1,0.08686111862102841
EMX2,-0.5243171371144968
EN1,-0.10061966759280905
EN2,0.5238199147650648
ENAH,0.7071485018452695
ENAM,-0.13517141162961888
ENC1,-0.19414898782128187
ENDOD1,0.30341847599530425
ENDOG,0.3810923186151882
ENDOU,-1.0740372393593012
ENDOV,-0.2387419661175798
ENG,-0.02417252849945728
ENGASE,0.5185600989695249
ENHO,0.7398230921278719
ENKD1,0.1761537482608988
ENKUR,0.5155738625286316
ENO1,0.10740044004391525
ENO2,-0.05408939769059895
ENO3,0.3178443685267558
ENO4,-0.5150394230308235
ENOPH1,0.1864942817579811
ENOSF1,-0.35873504608717166
ENOX1,0.014636988411251828
ENOX2,0.18530471545540816
ENPEP,-0.048799064778467516
ENPP1,0.04154953425419361
ENPP2,-0.01278486432972864
ENPP3,-0.26664791922845676
ENPP4,-0.07786425748671189
ENPP5,-0.20347602462350434
ENPP6,-0.20207165058549315
ENPP7,-0.5187541147326447
ENSA,0.11053828923467002
ENTHD1,-0.36674375766768796
ENTPD1,1.1660093043098145
ENTPD2,-0.027477087177925574
ENTPD3,0.4995173759124175
ENTPD4,0.4825175117756828
ENTPD5,0.26131044646977664
ENTPD6,-0.20370685930917976
ENTPD7,0.07634717652805367
ENTPD8,-1.1619248366703434
ENTR1,-0.35364102166349154
ENTREP1,-1.2834539631197994
ENY2,-0.11692105178083345
EOGT,0.09454103402661534
EOLA1,0.22038463605893988
EOLA2,0.17216916874083665
EOMES,0.23227271755941192
EP300,0.4072858916956763
EP400,0.38549704880349367
EPAS1,0.1428696636761242
EPB41,0.18980325999011338
EPB41L1,0.4250613917694539
EPB41L2,0.6243577573176857
EPB41L3,1.9942164456142835
EPB41L4A,0.42309988642288154
EPB41L4B,0.44740042977468164
EPB41L5,0.29224000505670844
EPB42,0.0037439354468774555
EPC1,-0.5720616206013096
EPC2,0.10854301599710503
EPCAM,-1.1329893162119178
EPDR1,0.10097848121649111
EPG5,-0.10557432836445368
EPGN,-1.0327427801826161e-07
EPHA1,-0.15225435962827794
EPHA10,-0.5060600756947087
EPHA2,0.05614139275088115
EPHA3,-0.16757392435584073
EPHA4,0.5086182731196708
EPHA5,-0.18878416714417057
EPHA6,0.005251815491020717
EPHA7,0.5956988406888447
EPHA8,0.16037528139761248
EPHB1,0.19890831763765604
EPHB2,0.05100982846966451
EPHB3,-0.9761701157133069
EPHB4,-0.010584587970351
EPHB6,0.9904252004703327
EPHX1,0.5253293254540012
EPHX2,-0.20102469298580683
EPHX3,-0.685449890800454
EPHX4,0.4153462352692616
EPM2A,0.5110656182038418
EPM2AIP1,-0.16651491060691548
EPN1,0.32035083315576873
EPN3,-0.2636675773227506
EPO,0.2896853496951446
EPOR,-0.021915872844155304
EPPIN,-0.17393750919973974
EPPIN-WFDC6,-0.15805587593267637
EPPK1,0.8522659843228289
EPRS1,-0.05471812653297192
EPS15,0.4212051212449217
EPS15L1,0.07799718270796596
EPS8,-0.1781363063980539
EPS8L2,0.008517513104659535
EPS8L3,-0.41732435546948143
EPSTI1,-0.31367432087266156
EPX,-0.3689603458824141
EPYC,-1.6939163779006823
EQTN,0.7927031805117121
ERAL1,-0.19917116609327046
ERAP1,-0.1628450935916277
ERAP2,-0.776169372655831
ERAS,0.4700728480910963
ERBB2,-0.11669812935326451
ERBB3,-0.13781431498399832
ERBB4,-0.06086734935606655
ERBIN,0.8485023187043582
ERC1,0.3276661762304176
ERC2,0.8150015176997782
ERCC1,-0.4104474755055749
ERCC2,-0.2081575329172134
ERCC3,-0.5830309450750337
ERCC4,-0.24367566848416633
ERCC5,-0.34208812421170975
ERCC6,-0.1611361714787103
ERCC6L,-0.6444266048772498
ERCC6L2,0.6516240829610902
ERCC8,-0.08312654448467427
EREG,-0.764576521353473
ERF,0.1605147945183294
ERFE,0.3505545579040752
ERFL,-0.08652207830663938
ERG,0.08242213906121598
ERG28,0.14611996726899346
ERGIC1,0.682701674289524
ERGIC2,-0.1570468172164423
ERGIC3,-0.1125544512657024
ERH,-0.2520832180714727
ERI1,0.017591996814347866
ERI2,-0.14694995757046225
ERI3,0.23804741403129182
ERICH2,0.06981490950995084
ERICH3,-0.29512424553637695
ERICH4,0.7205951959183658
ERICH5,-0.11658900363306879
ERICH6,-0.49426087905343996
ERICH6B,-0.07501073831805583
ERLEC1,-0.2335547618449496
ERLIN1,-0.17366247930387235
ERLIN2,-0.18829104754566117
ERMAP,0.06278717665019329
ERMN,0.0077403877602608695
ERMP1,-0.06652925585636249
ERN1,0.13125070811901107
ERN2,-0.7543402853252403
ERO1A,0.38999359619828233
ERO1B,-0.05646519520102089
ERP27,-0.7935075552252999
ERP29,-0.23502817198220338
ERP44,0.0871840802064563
ERRFI1,0.5122749005369278
ERV3-1,0.1526906615644963
ERVFRD-1,-0.3635595508291454
ERVH48-1,-0.16479002631901452
ERVK3-1,-0.1533731107068732
ERVMER34-1,-0.4189549970205372
ERVV-1,-1.5826971842681348
ERVV-2,-0.6984874102974082
ERVW-1,0.6178873093516815
ESAM,-0.29227144336562016
ESCO1,-0.015176634983069981
ESCO2,-0.3343588885215647
ESD,-0.22431363076044164
ESF1,-0.25613404237782333
ESM1,-0.01386765527874756
ESPL1,-0.3695797851789342
ESPN,0.08820646513837627
ESPNL,-0.2644188070252582
ESR1,-0.7911898002813402
ESR2,-0.1844904665878513
ESRP1,-0.30096679497871626
ESRP2,0.21466900983907097
ESRRA,0.5267803122337442
ESRRB,0.6795176068589721
ESRRG,0.7286702075732636
ESS2,0.0644235876435637
ESX1,-0.08687163484181326
ESYT1,0.01627389258172318
ESYT2,0.551580452389655
ESYT3,-0.14195825606602597
ETAA1,-0.27897980319102444
ETDB,0.0
ETDC,-0.6753464550424226
ETF1,0.21838311659554321
ETFA,-0.40643953944095035
ETFB,-0.31843971732368104
ETFBKMT,-0.05407226872673043
ETFDH,-0.14850995137224832
ETFRF1,-0.04931236202588085
ETHE1,-0.14453579399810712
ETNK1,-0.2656573447873134
ETNK2,0.5082592781701174
ETNPPL,-0.5419233815088691
ETS1,-1.371738473853776
ETS2,0.4841587495559736
ETV1,-0.03264784405376808
ETV2,0.24014883334247394
ETV3,0.20028153993721975
ETV3L,0.4475506795396216
ETV4,-0.24683906455696758
ETV5,0.11929700230577911
ETV6,0.2884374945572814
ETV7,0.61635813342953
EVA1A,0.05275991207990094
EVA1B,-0.03223628325223826
EVA1C,0.15821495119742224
EVC,-0.040791153476617215
EVC2,-0.29845664994583193
EVI2A,-0.14881313357304915
EVI2B,-0.4880870486643989
EVI5,-0.5613279813772443
EVI5L,0.2264084774485573
EVL,0.43126697672536185
EVPL,0.5383511649224058
EVPLL,0.2740260981191227
EVX1,-0.3983061996013464
EVX2,-0.3142876866201843
EWSR1,-0.17926296115358742
EXD1,-0.2855970502165017
EXD2,-0.3754960113760326
EXD3,2.6741371984870463
EXO1,-0.06349960616691064
EXO5,-0.4957062714810698
EXOC1,-0.23979167874362428
EXOC1L,-0.4992972069511312
EXOC2,-0.1273345962782786
EXOC3,-0.43365239162023306
EXOC3L1,-0.19181320918035055
EXOC3L2,-0.04681531546255058
EXOC3L4,-0.41852986609814224
EXOC4,-0.2019216563989925
EXOC5,-0.14268788236164998
EXOC6,-0.2952841807099406
EXOC6B,-0.19208427224551095
EXOC7,0.2592029022338056
EXOC8,-0.2373065230427791
EXOG,-0.3301346375343268
EXOSC1,-0.3315472384354301
EXOSC10,-0.21800657678859015
EXOSC2,0.06567451934344692
EXOSC3,-1.8142653915595957
EXOSC4,-0.3419960674524507
EXOSC5,-0.21101536791734343
EXOSC6,0.17583943311940065
EXOSC7,-0.2045068336157314
EXOSC8,-0.10741212957400847
EXOSC9,-0.39892770096124286
EXPH5,0.013532512819994569
EXT1,0.6535256878697369
EXT2,-0.18344297993497793
EXTL1,0.2864330199705294
EXTL2,-0.11823939833849106
EXTL3,-0.23187277719618948
EYA1,0.6613564690162775
EYA2,-0.3333383205060886
EYA3,-0.2322815929291968
EYA4,-0.3354085229780662
EYS,0.2908233230421178
EZH1,0.1074042843641747
EZH2,0.24649525355688073
EZHIP,1.4200306708189199
EZR,0.23752918996180394
F10,-0.348313679946364
F11,-0.5726869801079968
F11R,-0.06833950349695929
F12,-1.4302997057213984
F13A1,-0.020269196916443466
F13B,-0.29867345683939883
F2,-0.29277176689651463
F2R,-0.17484510144404108
F2RL1,-0.34215604587434534
F2RL2,-0.7275926815947704
F2RL3,-0.33528718920477973
F3,-0.23069833694219044
F5,-0.25747797374850867
F7,-0.21038156730816204
F8,-0.43801395180381775
F8A1,0.18445328302884123
F9,0.0
FA2H,-0.015652791069713068
FAAH,-0.06903388586723169
FAAH2,-0.5423890275612404
FAAP100,-0.3945641189511724
FAAP20,-0.27410105645786453
FAAP24,0.1791468069786566
FABP1,0.2244657917462637
FABP12,-1.1544995972172267
FABP2,-0.7997214477794736
FABP3,-0.002827721240779457
FABP4,0.08067986581232667
FABP5,-0.19708985649160837
FABP6,-1.1669114414222685
FABP7,-0.7366256098323734
FABP9,0.4031251806072842
FADD,0.04879355991837109
FADS1,-0.28501197022053315
FADS2,-0.25333049907463856
FADS3,0.5298530465816942
FADS6,0.39340572757346115
FAF1,-0.13546536576480595
FAF2,0.1439170334596378
FAH,-0.3358161159387758
FAHD1,0.5920026599473003
FAHD2A,-0.17515459964496838
FAHD2B,-0.32660855990758253
FAIM,0.299652418174325
FAIM2,0.40247652721761895
FAM107A,0.10209354381022978
FAM107B,0.8229152913557571
FAM110A,0.05142853369500067
FAM110B,-0.18172186877764762
FAM110C,0.29952792084393653
FAM110D,-0.29062936192651456
FAM111A,-0.1615557344199443
FAM111B,0.1356659043589623
FAM114A1,0.2456937831201269
FAM114A2,-0.035671843711688744
FAM117A,0.04434584055532742
FAM117B,0.21200775663622995
FAM118A,0.0612011312711509
FAM118B,-0.27941745219558545
FAM120A,0.247968531778608
FAM120AOS,-0.13890450253293984
FAM120C,0.044108336657278535
FAM124A,0.6894746967510121
FAM124B,-0.4018728167204317
FAM131A,-0.022076939065188483
FAM131B,0.20209561621094085
FAM131C,0.6567234317838229
FAM133A,-0.29462675882844014
FAM133B,0.020070593305983486
FAM135A,-0.005555704066236622
FAM135B,-0.31115808485754404
FAM136A,-0.23354932120861083
FAM13A,-0.21186248678680109
FAM13B,-2.120405146776892
FAM13C,-0.03741731971287576
FAM149A,0.510854321311379
FAM149B1,-0.2643277048806558
FAM151A,-0.34880894658414274
FAM151B,-1.002178440669636
FAM153CP,0.2601414748256268
FAM156A,-0.06360191857077169
FAM161A,-0.3083344621736499
FAM161B,-0.07805425884777861
FAM162A,-0.08572122812926786
FAM162B,0.9457281398060752
FAM163A,-0.0858126667391303
FAM163B,0.5453326361669368
FAM167A,-0.1944662605754225
FAM167B,0.307974449442485
FAM168A,-0.3449594528656066
FAM168B,0.4707358844266505
FAM169A,1.0370525392790384
FAM170A,-1.4395644063574995
FAM170B,0.5150919756651713
FAM171A1,0.6102747898783356
FAM171A2,0.7982485816838056
FAM171B,-0.18264279711339082
FAM174A,0.025250115131411288
FAM174B,-0.1661364665207845
FAM174C,0.6606844964601937
FAM177A1,-0.3747170248726106
FAM177B,-0.30614559285149123
FAM178B,-0.347644252800403
FAM180A,-0.3337585098402178
FAM180B,-0.21716538964489107
FAM181B,-0.8502504207804106
FAM184A,-0.3089963414240271
FAM184B,-0.006748815569893207
FAM185A,0.3405777282340505
FAM186A,-0.3939421495550834
FAM186B,1.0161271035653727
FAM187A,-0.5856986457596486
FAM187B,0.10280934989012125
FAM193A,0.5031603433412952
FAM193B,-0.002783502691606543
FAM199X,0.2567625300968692
FAM200A,-0.5288316251653935
FAM200B,-0.2686114218279121
FAM200C,-0.033503208788754346
FAM204A,0.025825795727135947
FAM209A,0.13892040282622986
FAM209B,-0.3050043057894323
FAM20A,0.1894998689612385
FAM20B,0.7474612447029436
FAM210A,-0.05959562921122963
FAM210B,0.41682068592650445
FAM216A,-0.06339861392033974
FAM216B,-0.5367592347810464
FAM217A,0.5578073848966304
FAM217B,0.23623189903931774
FAM219A,0.2453035013655036
FAM219B,-0.21715671338195452
FAM220A,-0.4589839619857372
FAM221A,-0.6590463588570095
FAM221B,-0.0002951533281096985
FAM222A,0.33593229238980005
FAM222B,-0.1884940705416307
FAM227A,-0.28978630272017725
FAM227B,-0.10066197454348558
FAM228A,-0.5418275789293259
FAM228B,-0.08926173518657166
FAM229A,-0.1973021477782897
FAM229B,-0.3960718575692299
FAM234A,0.13978792066827772
FAM234B,-0.1699505274707196
FAM236C,-0.20715867094115237
FAM236D,0.0
FAM237A,0.0713939282745325
FAM237B,1.2570448095528266
FAM240A,-0.6156454442858783
FAM240B,-0.06945354134960957
FAM241A,0.5089534462784098
FAM241B,0.24706368799525258
FAM246C,0.23136392976378423
FAM24A,1.3404943678275738
FAM24B,-0.19226832624714607
FAM25A,1.083210156163391
FAM25C,-0.8497176365092485
FAM25G,-1.0276884064259688
FAM32A,-0.36835975357772277
FAM3A,0.09455439649333908
FAM3B,-0.8453941881906034
FAM3C,0.791792495925117
FAM3D,0.14175805599515726
FAM43A,-0.2848902811330585
FAM43B,0.5033387397654259
FAM47A,1.3148483263032393
FAM47B,0.42108068352318284
FAM47C,1.5889272787364406
FAM47E,0.5015711021680014
FAM47E-STBD1,0.09013608350368463
FAM50A,0.33144074925095257
FAM50B,0.4175386526269689
FAM53A,0.36996162240849095
FAM53B,0.10880026702563628
FAM53C,-0.3430447192349728
FAM72A,0.5964465113341839
FAM72B,0.5204620335534358
FAM72D,-0.15577077910804693
FAM76A,0.14916755035446005
FAM76B,0.012463475540678282
FAM78A,0.1790233332183977
FAM78B,0.35133995556958997
FAM81A,0.6729597223455601
FAM81B,-0.3250465189191398
FAM83A,-0.0493366426950152
FAM83B,-0.1263081425880931
FAM83C,-0.3429038474696655
FAM83D,0.177253928541389
FAM83E,-0.4489665899091553
FAM83F,0.16354276170771814
FAM83G,0.18013573405224248
FAM86B1,0.860659706018007
FAM86B2,1.3161721344579569
FAM89A,0.6883057664047807
FAM89B,0.7499683689225898
FAM8A1,0.35165835702687787
FAM90A1,0.038892201004938176
FAM90A20,0.34959589955380066
FAM90A26,-0.5476156723134649
FAM90A27P,1.7072301713840883
FAM91A1,-0.06788441508568077
FAM98A,-0.25408446149364217
FAM98B,-0.251084324235324
FAM98C,-0.010442009898358862
FAM9A,-0.17610577062574606
FAM9B,0.6095941625425401
FAM9C,-0.40996958345135626
FANCA,0.4089089428536914
FANCB,0.1435270063731391
FANCC,-0.26070651077135176
FANCD2,-0.27906692684305145
FANCD2OS,0.265504799442951
FANCE,0.4697685710273354
FANCF,-0.287452778731331
FANCG,-0.16436493839204136
FANCI,-0.32947976840670457
FANCL,-0.4522249306112496
FANCM,-0.5904888520552722
FANK1,0.5727750702207324
FAP,0.024348703574495922
FAR1,0.06374445617655677
FAR2,-0.4080294951067227
FARP1,-0.3755397083082075
FARP2,0.9272083660100088
FARS2,-0.1946167937415746
FARSA,-0.4093283945483437
FARSB,-0.47482612837940863
FAS,-0.0515228101900187
FASLG,1.5203803141949859
FASN,1.0255605048635843
FASTK,0.08553108871268922
FASTKD1,-0.24211666558216738
FASTKD2,-0.5046221969048634
FASTKD3,-0.19796310212993884
FASTKD5,-0.2678435774842951
FAT1,-0.12308631168217499
FAT2,1.3246829433623484
FAT3,0.7994187389377319
FAT4,-0.013156604333900646
FATE1,0.9488207497652299
FAU,0.12614882947920325
FAXC,0.11054499761520598
FAXDC2,-0.20814161888227733
FBF1,-0.38330332737724326
FBH1,0.5198294927116835
FBL,-0.27928887412012493
FBLIM1,-0.8670285635528026
FBLL1,-0.11449808696284713
FBLN1,-0.14090145880778293
FBLN2,0.5314634553219157
FBLN5,-0.25079446466348365
FBLN7,0.04663651996196014
FBN1,0.10408509466873017
FBN2,-0.8074113320088456
FBN3,0.1140726999684829
FBP1,0.40379633027819706
FBP2,0.4953463943687968
FBRS,0.2531598126755439
FBRSL1,0.3192013095281867
FBXL12,-0.23802940158799757
FBXL13,0.9443738810412148
FBXL14,0.9939708735863109
FBXL15,-0.21540776122986927
FBXL16,1.0922465313365612
FBXL17,0.11822291802067131
FBXL18,-0.20887626340511822
FBXL19,-0.01987403932220211
FBXL2,-0.4033684962134787
FBXL20,0.11130262072384767
FBXL22,-0.8912745638878038
FBXL3,0.004855297818634696
FBXL4,0.042841184947629785
FBXL5,-0.2688991087148844
FBXL6,0.19432897788153003
FBXL7,0.37379287850546317
FBXL8,0.030101862256660894
FBXO10,-0.10330531730508485
FBXO11,-0.20003038579903443
FBXO15,0.10735876170704639
FBXO16,-0.5679802298411465
FBXO17,0.5679917165726744
FBXO2,0.2790814471341654
FBXO21,-0.29398819220146244
FBXO22,0.03462869520341183
FBXO24,0.2530266322952732
FBXO25,-0.2830636994259881
FBXO27,0.676662201796445
FBXO28,-0.20682492098872718
FBXO3,0.1814071269568851
FBXO30,0.5196479242158825
FBXO31,0.6795385846768935
FBXO32,0.1200751616486464
FBXO33,0.31764858802244955
FBXO34,0.4350338768112776
FBXO36,-0.11659817641067871
FBXO38,-0.1819417086278836
FBXO39,-0.30201451389226697
FBXO4,-0.38669857853586187
FBXO40,-0.8672694659427115
FBXO41,-0.054894131013737635
FBXO42,0.1973230835325177
FBXO43,-0.073327004996103
FBXO44,0.9152326218100004
FBXO45,0.36986771498658033
FBXO46,-0.1605447003394671
FBXO47,1.1387251435301669
FBXO48,0.21325021627222274
FBXO5,-0.158453957319713
FBXO6,-0.26603456153312655
FBXO7,0.09438787179569808
FBXO8,-0.34767326513689056
FBXO9,-1.0583446932489375
FBXW10,-1.4762588726291572
FBXW10B,-1.4797290826259328
FBXW11,-0.2785147515506283
FBXW12,-0.22824585612672132
FBXW2,-0.3230064966341768
FBXW4,0.2936842433718443
FBXW5,0.9476325337910909
FBXW7,0.19475400790163544
FBXW8,0.32728574177048
FBXW9,-0.5609688451615846
FCAMR,-0.16602400310611087
FCER1A,0.7406466545290918
FCER1G,-0.4160975791187609
FCER2,0.20893004063998394
FCF1,-0.30511008672374373
FCGBP,-0.14431844768343516
FCGR1A,0.337098509975879
FCGR2A,0.43739861678068126
FCGR3A,0.40848838517287567
FCGR3B,0.36574013256099747
FCGRT,-0.06297395033041919
FCHO1,0.6786250970219445
FCHO2,0.4123983143502086
FCHSD1,0.30905292733054845
FCHSD2,0.4591819318320649
FCMR,-0.10651147922669235
FCN1,0.4546674622042206
FCN2,0.19650145600959235
FCN3,0.7421452119664794
FCRL1,0.8586631193333125
FCRL2,-0.05640335240559535
FCRL3,-0.03409989478268011
FCRL4,0.8418106079392885
FCRL5,-0.7733525208948668
FCRL6,0.11681231024707728
FCRLA,-0.10398883928116409
FCRLB,0.002248881436099248
FCSK,-0.1137368056890975
FDCSP,-0.9744115195985159
FDFT1,-0.10384104312538844
FDPS,-0.15478444005457082
FDX1,0.8310445750552189
FDX2,-0.32568668022250336
FDXACB1,-1.0302810541608762
FDXR,-0.0657776035971045
FECH,0.005306890518328444
FEM1A,0.08955386754887051
FEM1B,0.04061937992551812
FEM1C,-0.06277293335863732
FEN1,-0.2465878499152394
FER,0.025017223430377378
FER1L5,-0.05409499309477367
FER1L6,0.10070623336104723
FERD3L,-0.4680087448389447
FERMT1,-0.18431783691952397
FERMT2,-0.6992471176178021
FERMT3,-0.008745363519651939
FERRY3,-0.24695074546223506
FES,0.6273656472260837
FETUB,-0.919687075343664
FEV,0.1256402345953611
FEZ1,0.07199628192357199
FEZ2,-1.4306134413650893
FEZF1,0.0632824432497665
FEZF2,-0.6822465687117593
FFAR1,-0.6988240967284978
FFAR2,-0.519981901132389
FFAR3,-0.16066564776459769
FFAR4,-0.4752298806367366
FGA,0.8345937762471323
FGB,-0.9616606291980265
FGD1,0.396609656997275
FGD2,-0.4371691787337715
FGD3,-1.00868912539205
FGD4,0.6990510834309474
FGD5,-0.07079820169584455
FGD6,0.05129471207214564
FGF1,0.21370476580369435
FGF10,0.06860338613490358
FGF11,-0.714897918603357
FGF12,-0.41752702036169387
FGF13,-1.4763525445906385
FGF14,-0.17926013785065642
FGF16,0.6921525286706834
FGF17,0.25741946147055716
FGF18,0.3088049454932369
FGF19,-0.5166099408847277
FGF2,-0.39684414779555904
FGF20,0.36239065456932806
FGF21,0.030095064400253557
FGF22,0.5006415717325674
FGF23,-0.5696557367068933
FGF3,-0.031757376576873164
FGF4,1.4117214423744837
FGF5,-0.484393753527224
FGF6,-0.8024077810991024
FGF7,0.15206900545949842
FGF8,0.21253975767158018
FGF9,-0.23271904797097154
FGFBP1,0.22420002956301965
FGFBP2,-0.17709050581286745
FGFBP3,0.22944997925680521
FGFR1,0.29263348038382153
FGFR1OP2,-0.09753589499750781
FGFR2,0.628089604858612
FGFR3,1.2740721682473697
FGFR4,-0.482721211174431
FGFRL1,-0.25094523432685634
FGG,-0.7374508550368978
FGGY,0.1646386930537158
FGL1,-0.3937117457944664
FGL2,0.050805922839437745
FGR,0.5312719827702983
FH,0.041431008281599624
FHAD1,-0.42232255716436856
FHDC1,-0.1655183529636477
FHIP1A,0.47098642979803573
FHIP1B,0.06470206353212493
FHIP2A,0.8670238479667196
FHIP2B,0.12719566664412651
FHIT,-0.3233142313591477
FHL1,0.7612376505870118
FHL2,0.03592204997084836
FHL3,0.033995611561483674
FHL5,-0.22471712958451273
FHOD1,-0.1661648787548886
FHOD3,0.17671016451139293
FIBCD1,0.860945924380658
FIBIN,1.725820655700437
FIBP,-0.07274463285073907
FICD,-0.13589965683696903
FIG4,-0.1778361098017207
FIGLA,0.06419364840233932
FIGN,1.092314439683562
FIGNL1,-0.07097088598829338
FIGNL2,-0.24126773640517868
FILIP1,-0.0319018300985283
FILIP1L,-0.39305631492657467
FIP1L1,-0.45344811495415627
FIRRM,0.18308775124905252
FIS1,-0.19466107646321174
FITM1,0.10443026341465755
FITM2,-0.2371786098492077
FIZ1,0.30138947446110165
FJX1,0.4495233117749535
FKBP10,0.14072337860056994
FKBP11,-0.41247459107871
FKBP14,-0.11802089240370783
FKBP15,0.03119513050450795
FKBP1A,0.648376038477469
FKBP1B,-0.2551452842292403
FKBP1C,-0.5691682524172765
FKBP2,-0.10053886157480107
FKBP3,-0.018615452563403245
FKBP4,1.1597642357869855
FKBP5,-0.19376758202117728
FKBP6,0.26121057480753535
FKBP7,-0.4049779853454618
FKBP8,0.1884819817760297
FKBP9,0.31454181752889365
FKRP,0.3571255360396921
FKTN,-0.07043446498464068
FLACC1,-1.1785250358143724
FLAD1,-0.11885148558409675
FLCN,-0.3088557628485127
FLG,-0.21062943033664078
FLG2,0.6822031134271747
FLI1,-0.31195696412095875
FLII,0.28503237402546855
FLNA,-0.06333358237316478
FLNB,0.027128446295506592
FLNC,-0.2425262029329871
FLOT2,0.316661952604127
FLRT1,0.32217243324797895
FLRT2,0.20751388139033589
FLRT3,0.12292063447274737
FLT1,0.4741345300494739
FLT3,-0.07765457989889946
FLT3LG,0.027009764577109685
FLT4,-0.0565148381006767
FLVCR1,-0.2156349299160203
FLVCR2,-0.0991373292816502
FLYWCH1,0.1565564357194562
FLYWCH2,0.21814311187018198
FMC1,-0.4009703146700532
FMC1-LUC7L2,-0.08340916990955005
FMN1,-1.0891935365693182
FMN2,-0.7416594686170075
FMNL1,0.5701423883589256
FMNL2,0.20182227529028918
FMNL3,0.2478559344340221
FMO1,0.05736386960834183
FMO2,-0.4285787285661461
FMO3,0.3821039427229663
FMO4,-0.04180188955848152
FMO5,0.23607838657215652
FMOD,0.1360343146818812
FMR1,-0.12008358695079568
FMR1NB,0.4756729697848998
FN1,0.2389269489270054
FN3K,-0.8994455538675699
FN3KRP,-0.5438177486873852
FNBP1,0.14980620490815433
FNBP1L,-0.2723974409013463
FNBP4,-0.09398329225704671
FNDC1,1.1966995238331843
FNDC10,0.3012017831253768
FNDC11,0.008927827299507252
FNDC3A,0.03459364146545063
FNDC3B,-0.10987173621323532
FNDC4,-0.5090072813389697
FNDC5,-0.2363740017020861
FNDC7,-0.8031849821532966
FNDC8,-0.058826206895931654
FNDC9,1.3029513533420938
FNIP1,-0.1156916294804482
FNIP2,0.15989540297436333
FNTA,0.8833936796808075
FNTB,-0.3136118363261158
FOCAD,-0.017567546976162085
FOLH1,0.4115160870440805
FOLR1,-0.19488999579714594
FOLR2,0.39098650591793715
FOLR3,0.08574408878110884
FOS,0.028814273237659727
FOSB,-0.19278968576075428
FOSL1,-0.08822962374511523
FOSL2,0.4197556074667661
FOXA1,-0.6850619843542971
FOXA2,0.6079652194124889
FOXA3,-0.14589138187701867
FOXB1,-0.23141119525520937
FOXB2,-0.1334525458034157
FOXC1,0.535235296638794
FOXC2,-0.375080460961844
FOXD1,0.041017971711738266
FOXD2,0.3301144997387029
FOXD3,0.00477252467126843
FOXD4,0.9600627125737757
FOXD4L1,-1.0502432909175488
FOXD4L5,-0.7491817503403184
FOXD4L6,0.36574013256099747
FOXE1,1.0665244951425814
FOXE3,1.9823347578340536
FOXF1,0.5029917327898854
FOXF2,-0.31889716335540036
FOXG1,0.7848307813469615
FOXH1,-0.149202231113152
FOXI1,-0.1533625055843043
FOXI2,0.19877693118355966
FOXI3,-0.875796267754944
FOXJ1,-0.008202252638137786
FOXJ2,0.2437941338447347
FOXJ3,0.18424246039138925
FOXK1,0.6838260618588166
FOXK2,1.4096045654752634
FOXL1,0.7385043264960705
FOXL2,-1.3845583214124817
FOXL2NB,-1.3200386330639922
FOXL3,0.9547645347948372
FOXM1,-0.10011994112158273
FOXN1,0.11022374668926105
FOXN2,0.32285465619181863
FOXN3,0.4453063084823592
FOXN4,0.9497522429108125
FOXO1,0.6891309685546076
FOXO3,0.2899436086774463
FOXO3B,-0.07437615106642426
FOXO4,-0.19646811323443858
FOXO6,0.9911283519898437
FOXP1,-0.018953728364986766
FOXP2,-0.04538695633503975
FOXP3,-0.17572096687268754
FOXP4,0.009035240175676584
FOXQ1,-1.2364617289095907
FOXR1,-1.278986095891054
FOXR2,-0.31038087199309006
FOXRED1,0.015308871402983648
FOXRED2,0.0035657949147296364
FOXS1,-0.18132618625916264
FPGS,-0.19972978144482512
FPGT,-0.22034104480563954
FPGT-TNNI3K,-0.22122979138189258
FPR1,1.6082582822900502
FPR2,0.9170693933163809
FPR3,-0.23180794017073225
FRA10AC1,-0.4100532667728469
FRAS1,-0.06292767696695734
FRAT1,0.053639244803153296
FRAT2,0.32311796392031145
FREM1,-2.6120448835364116
FREM2,0.515706516485255
FREM3,-0.42072552178233913
FREY1,0.02018041577744145
FRG2B,0.24150987853447425
FRG2C,0.48177281003927386
FRK,0.34457769789410997
FRMD1,0.8041879749765388
FRMD3,0.411854508319057
FRMD4A,-1.1885639224539624
FRMD4B,0.3870335688032217
FRMD5,-0.031540557672029124
FRMD6,0.7124436872580036
FRMD7,0.30671439026293834
FRMD8,-0.08204544942336423
FRMPD1,0.20295422097753413
FRMPD2,0.5782289678389974
FRMPD3,0.41774091537937297
FRMPD4,0.13404319311927404
FRRS1,-1.088643262095316
FRRS1L,-0.8535213701394836
FRS2,-0.45176145494355335
FRS3,-0.012959630183041249
FRY,0.5275674455912522
FRYL,0.13219024371650878
FRZB,0.07573792651895916
FSBP,-0.3062806621384828
FSCB,-1.8467470642415849
FSCN1,0.7773966844536808
FSCN2,-0.38927749187100247
FSCN3,0.5596182642496882
FSD1,-0.8384538816020917
FSD1L,-0.32548522017658854
FSD2,-0.17136119500361657
FSHB,-0.038137375493605186
FSHR,-1.263769278681338
FSIP1,-0.2362030256472245
FSIP2,-0.693955980909301
FST,-0.13792281276349883
FSTL1,-0.11015857488879455
FSTL3,-0.22756332635758492
FSTL4,-0.4088715553357619
FSTL5,0.17063041638852106
FTCD,-0.5476156723134649
FTCDNL1,-0.06370933581302163
FTH1,-0.008110913613463389
FTHL17,-0.20277597156389382
FTL,-0.23481291105477808
FTMT,-1.0795711216000545
FTO,1.4876532494633077
FTSJ1,-0.2627835090724733
FTSJ3,-0.010080936108129102
FUBP1,-0.18535490115183162
FUBP3,-0.6298683936987013
FUCA1,0.023125644655785038
FUCA2,-1.7569386428494627
FUNDC1,0.08431184163130112
FUNDC2,-0.5970652273887733
FUOM,-0.2173280047109798
FURIN,-0.12970114379532224
FUS,-0.211647525329119
FUT1,0.09047341101943185
FUT10,-0.15154207594227298
FUT11,0.09917252810768051
FUT2,-0.46029951109028727
FUT3,0.7115096573345142
FUT4,-0.1552592837009117
FUT5,1.680694239679617
FUT6,-0.6364352973372183
FUT7,-0.25931023356715466
FUT8,-0.21749493460661817
FUT9,0.0591948548639899
FUZ,-0.4597740931233911
FXN,0.5849125709719294
FXR1,0.5087707023203588
FXR2,0.6709664518435137
FXYD1,-0.5678326138574648
FXYD2,0.1538089713744739
FXYD3,-0.4125809062972188
FXYD4,0.40025275319636916
FXYD5,-0.19775072688511752
FXYD6,-0.2722011779756903
FXYD6-FXYD2,-0.3441590879019141
FXYD7,0.6426043753075976
FYB1,-0.10619147085311553
FYB2,0.19265734016265434
FYCO1,-0.06145489780329427
FYN,0.5160234945989925
FYTTD1,0.2789910862139173
FZD1,-0.0223690836964483
FZD10,0.4843212098035479
FZD2,-0.11167631935578193
FZD3,0.3267174096744947
FZD4,-0.17186048050632685
FZD5,0.16424707170492514
FZD6,-0.3659509342929761
FZD7,0.13179248655853382
FZD8,0.6841782030519608
FZD9,0.6817339541889762
FZR1,0.21206539075275188
G0S2,0.6411739990983315
G2E3,-0.23029798681350488
G3BP1,-0.0726346418844992
G3BP2,0.054154644190738566
G6PC1,0.2609480009203382
G6PC3,-0.3026645896181064
G6PD,-0.011545029173620769
GAA,0.5277980437833767
GAB1,-0.47559752625822727
GAB2,0.36751913414683424
GAB3,0.8031597396556356
GAB4,-0.10424554312895494
GABARAP,0.03290971659293973
GABARAPL1,-0.36508709520294236
GABARAPL2,-0.2753047600711964
GABBR2,0.6684578493916274
GABPA,0.006270074526784519
GABPB1,-0.21379787012383744
GABPB2,-0.7188132957341775
GABRA1,-0.9659554150223362
GABRA2,-0.9626080706693225
GABRA3,-0.6039893777168244
GABRA4,0.45023916128465497
GABRA5,0.44640970570423055
GABRA6,-0.28275811729091904
GABRB1,0.43386301024778395
GABRB2,-0.15102147621237805
GABRB3,-0.3380055554799928
GABRD,-0.22217758735500415
GABRE,0.5600453865485973
GABRG1,-0.5891498439282249
GABRG2,0.8415680646554222
GABRG3,1.1759826519423564
GABRP,1.3262656128791739
GABRQ,1.2410843117067158
GABRR1,0.5930185550924831
GABRR2,0.4434292478132156
GABRR3,-1.5646055146827345
GAD1,-0.09842239666257524
GAD2,-0.09493273117301637
GADD45A,-0.029254908410986324
GADD45B,0.07968298464430479
GADD45G,0.5494708859121014
GADD45GIP1,-0.05955286227374934
GADL1,0.7155567037394668
GAGE10,-0.6898542685904037
GAGE12J,-0.9436108402111021
GAGE13,-1.3220718985772928
GAGE2A,0.8543300625764032
GAGE2E,0.19442908987078367
GAK,-0.044142857451335615
GAL,1.1454871323532416
GAL3ST1,0.6686907668321209
GAL3ST2,0.08441269929691053
GAL3ST3,0.1387402470261193
GAL3ST4,-0.25311755936813274
GALC,-0.7162491880752548
GALE,0.031230475720763096
GALK1,-0.4079092994828901
GALK2,-0.3188206007544814
GALM,0.2259320242025069
GALNS,-0.12741425179573707
GALNT1,0.4886253807563401
GALNT10,-0.10246460829489301
GALNT11,0.28231840137416997
GALNT12,0.2506040614117677
GALNT13,0.11312873983919891
GALNT14,1.1023396814080273
GALNT15,-0.8183961108262745
GALNT16,0.4207456918798957
GALNT17,0.2857656701269029
GALNT18,0.34107028824318775
GALNT2,-0.2028014884503988
GALNT3,0.2016420833492456
GALNT4,-0.17265096646859712
GALNT5,-0.8390863500337258
GALNT6,-0.7301571569747418
GALNT7,0.118253820845033
GALNT8,0.3825446033207256
GALNT9,-0.5183816523595117
GALNTL5,0.07529847387601238
GALNTL6,0.45364622753740114
GALP,-0.07499591028412511
GALR1,0.48145657612102855
GALR2,-0.05192157818009613
GALR3,0.043671550185016006
GALT,-0.1452486953094443
GAMT,0.23724605370938434
GAN,0.5082022798358858
GANAB,-0.15539678337809892
GANC,-0.11448519551266756
GAP43,-0.10342809759910021
GAPDH,-0.08345645529114254
GAPDHS,-0.2767713774595826
GAPT,-0.3976899070686235
GAPVD1,-0.2734583088722502
GAR1,-0.36414214669611855
GAREM1,0.6314913659243375
GAREM2,-0.025482934835626025
GARIN1A,0.13023832217060632
GARIN1B,-1.1651136899318004
GARIN2,-0.4686103584540417
GARIN3,-0.11327092545521034
GARIN4,-0.07328802789533562
GARIN5A,0.0888740230435463
GARIN5B,0.022573205958621445
GARIN6,-0.1591822865821304
GARNL3,0.01305879693093992
GARS1,-0.4769071872819719
GART,-0.1792933047408729
GAS1,0.377524284370403
GAS2,-0.2900631843298065
GAS2L1,-0.055496701315216335
GAS2L2,-0.006249853763108992
GAS2L3,0.43400498867268655
GAS6,-0.2045860749833085
GAS7,0.8317645074285567
GAS8,0.4227101000190969
GASK1A,-0.4080113765892297
GASK1B,0.354472234332027
GAST,0.1265521844586298
GATA1,1.1056228475504242
GATA2,-0.10913216583609975
GATA3,-0.4738603439107818
GATA4,-0.33711196011936023
GATA5,0.6865734250963388
GATA6,0.06477441014883523
GATAD1,0.1289864723445584
GATAD2A,0.02783821108927942
GATAD2B,0.2675892989771116
GATB,0.06858855785788887
GATC,-0.24112167794712214
GATD1,0.4487304455536867
GATD3,-0.13785067196774237
GATM,-0.0567966315898083
GBA2,0.29620677056884714
GBA3,0.15044067026150887
GBE1,0.031095185029879957
GBF1,0.1542489989271667
GBGT1,-0.21396105168061808
GBP1,0.23156855133948048
GBP2,-0.5574315130948797
GBP3,-0.4756460683180048
GBP4,-1.2587312901519614
GBP5,0.09859695764830212
GBP6,-1.0590227782267585
GBP7,-1.6875211045619118
GBX1,-0.5895656233262219
GBX2,-0.4332101163553037
GC,1.076327797516565
GCA,0.18280013648188875
GCAT,-0.07246225263262396
GCC1,-0.1992365208638287
GCC2,-0.3665706309638441
GCDH,-0.08255086877065754
GCFC2,-0.27527706712297295
GCG,0.451016564309471
GCGR,0.2546191317874359
GCH1,0.17058975393298592
GCHFR,0.10563294089726627
GCK,0.9233949301532104
GCKR,-0.07899571586345958
GCLC,-0.4500842147297139
GCLM,0.848137955632196
GCM1,0.01861088584003201
GCM2,0.6980979638504697
GCN1,-0.309754060887518
GCNA,0.5080780463044658
GCNT1,-0.3732599816239096
GCNT2,-0.05908027083162526
GCNT3,0.37543012375834534
GCNT4,0.2571301655822711
GCNT7,-0.6844687207827403
GCOM1,0.19938534132273866
GCSAM,0.04843060639769825
GCSAML,1.4165975567476985
GCSH,0.36978290572788186
GDA,-0.9142350752727058
GDAP1,-0.10918125399567113
GDAP1L1,0.039295120951297946
GDAP2,-0.024930797871315136
GDE1,-0.45279415847846405
GDF1,0.6550388609893136
GDF10,0.8595614971732706
GDF11,0.366809804843804
GDF15,-1.2938813147638684
GDF2,0.5572226892927168
GDF3,-0.704324803470639
GDF5,0.01223190214090053
GDF6,-0.18521599416672313
GDF7,0.19739185619051125
GDF9,-0.21824476022126227
GDI1,0.2723859994669775
GDI2,0.07298423136016652
GDNF,0.3171864195573775
GDPD1,0.030854717715196323
GDPD2,-0.3816893808718579
GDPD3,-0.42290486158810925
GDPD4,-0.02464072934833006
GDPD5,1.028590976622466
GDPGP1,-0.08731607870727753
GEM,-0.1694829243833258
GEMIN2,-0.643052380408581
GEMIN4,-0.22205357713546547
GEMIN5,-0.04202522601622061
GEMIN6,-0.009679056053582435
GEMIN7,-0.4655413920033631
GEMIN8,-0.5277707890480197
GEN1,-0.21718923569465431
GET1,0.9136767094117434
GET1-SH3BGR,0.077051352545082
GET3,-0.01961199386637613
GET4,1.0223125326034435
GFAP,0.46078236598146294
GFER,0.20874660801485767
GFI1,-0.2645510568557947
GFI1B,-0.8637802713961267
GFM1,-0.2610462371050488
GFM2,-0.23495149611331012
GFOD1,0.1944615166391399
GFOD2,-0.18769416524335014
GFPT1,-0.06717176341547759
GFPT2,0.13732878396193682
GFRA1,-0.4690611243315075
GFRA2,-0.13984248786517695
GFRA3,-0.4348730587518981
GFRA4,0.1642853006488848
GFRAL,-1.2909641319496012
GFUS,-0.17699706628926926
GFY,-0.0050210228910443355
GGA1,-0.012894068533412906
GGA2,0.1671370432367968
GGA3,-0.21570873472263052
GGACT,0.632651895778658
GGCT,0.08129894016155248
GGCX,-0.40101287714673894
GGH,-0.1812315587833142
GGN,0.01756206100050406
GGPS1,0.10467413539988524
GGT1,0.08493239239941941
GGT5,0.4137549446788731
GGT6,0.8029989986040729
GGT7,-0.16201156000019967
GGTA1,0.7778564034383756
GGTLC1,-0.07315840903188953
GGTLC2,-1.0479621896097875
GGTLC3,-0.12376119933938678
GH1,0.15729808750295726
GH2,0.145784919010576
GHDC,-0.06978948668532148
GHITM,-0.2331771075712057
GHR,-0.5912440881153312
GHRH,-0.5595809200257802
GHRHR,-0.32478671708863915
GHRL,0.22914759845690358
GHSR,-0.04519875207054937
GID4,0.37190886441023085
GID8,0.24653923562885094
GIGYF1,0.5208200430461019
GIGYF2,0.015092936550975544
GIMAP1,0.020018829191149834
GIMAP1-GIMAP5,0.03665338999796619
GIMAP2,-0.981970881276709
GIMAP4,0.40872107903111377
GIMAP5,-0.5084646788837528
GIMAP6,-0.4030102484914935
GIMAP7,-0.20055365053718655
GIMAP8,0.34443987934114073
GIMD1,-0.5174939598138035
GIN1,0.02196309506176064
GINM1,-0.5270173514072347
GINS1,0.7732581207217768
GINS2,0.1938131400239671
GINS3,-0.07862067454686075
GINS4,0.35171410354413
GIP,-0.7988242583556387
GIPC1,0.07493948856292398
GIPC2,-0.17448614330077117
GIPC3,0.591730175279729
GIPR,-0.5097423373410317
GIT1,-0.11556264109057413
GIT2,0.19460055153971378
GJA1,-0.2504859460545117
GJA10,-0.14795588108413316
GJA3,0.35445042420154316
GJA4,0.4986603021783227
GJA5,0.174488256295793
GJA8,-0.5054140993813894
GJA9,0.4491054197695752
GJB1,0.22178409445094066
GJB2,-0.4146663265144799
GJB3,-0.1385089920026077
GJB4,0.21903167028561152
GJB5,-0.3555932787499671
GJB6,0.382910162949754
GJB7,-0.021807576694123032
GJC1,0.0466425649736224
GJC2,0.14298568814721735
GJC3,-0.14944982338422896
GJD2,-1.0524190030269738
GJD3,0.1251480647142107
GJD4,-0.4929119680398744
GJE1,-0.9843983463183138
GK,-0.08208709319899121
GK2,-0.3588802702214253
GK3,1.1861463037691942
GK5,0.27831078457167013
GKAP1,-0.4772737045134039
GKN1,0.6781134084281982
GKN2,1.6726953329467693
GLA,-0.10072030149542943
GLB1,-0.05358444982703858
GLB1L,0.2057362963057079
GLB1L2,0.20332443516416143
GLB1L3,-0.9070963444521659
GLCCI1,0.10569917821574393
GLCE,-0.24260522305430765
GLDC,0.08891960385356201
GLDN,0.46271301628161954
GLE1,-0.48157259624353976
GLG1,-0.20120149984167135
GLI1,-0.19733711209136207
GLI2,-0.28922142473794654
GLI3,-0.6844381178301605
GLI4,0.47593496767915955
GLIPR1,-0.0630460437867395
GLIPR1L1,-0.0625449947770953
GLIPR1L2,0.09655628891575513
GLIPR2,0.3937139102812277
GLIS1,0.8297880150297783
GLIS3,-0.932113410312468
GLMN,0.033481178694546365
GLMP,-0.02219852678427392
GLO1,0.23378201894708095
GLOD4,-0.20021942874125376
GLOD5,-0.9142852718350098
GLP1R,-0.73194801708684
GLP2R,0.11504681582846021
GLRA1,-0.39265750505829944
GLRA2,0.22949277025003417
GLRA3,0.6322056221620782
GLRB,-0.1503125275390773
GLRX,-0.6469244543492074
GLRX2,-0.9288494917253631
GLRX3,0.4852164537666015
GLRX5,-0.3602816540375966
GLS,0.4588572184835362
GLS2,0.3069990251333272
GLT1D1,0.19662328170565468
GLT6D1,0.54627648582313
GLT8D1,-0.07004325272620004
GLT8D2,0.09753010765047243
GLTP,1.3663786713097035
GLTPD2,0.05113136262966522
GLUD1,0.683956840896033
GLUD2,1.8116026828767164
GLUL,0.37752402299009447
GLYAT,-0.49915158288504835
GLYATL1,0.7435874541253207
GLYATL1B,-0.18078777382322908
GLYATL2,-0.028853634443870124
GLYATL3,-0.4168393343646281
GLYCTK,-0.3093989038199769
GLYR1,0.310845595968714
GM2A,-0.005826852191542109
GMCL1,0.06855314652646083
GMCL2,-1.6912055614231556
GMDS,0.673575988983262
GMEB1,0.15707679304994215
GMEB2,0.6982373486266114
GMFB,-0.2556612000087606
GMFG,0.6305129728821841
GMIP,-0.23288232807059384
GML,0.7546596197707157
GMNC,-0.38497016658219063
GMNN,-0.24243679084438075
GMPPA,-0.19539702910893197
GMPPB,-0.20292291842234267
GMPR,0.06481432302887291
GMPR2,-0.13270806281244774
GMPS,0.2909886653573066
GNA11,0.028488081425854683
GNA12,0.2219508028818673
GNA13,0.6562406238089569
GNA14,1.8002859930355348
GNA15,-0.5898503913488442
GNAI1,-0.4925383127670171
GNAI2,-0.31248580805642323
GNAI3,-0.2522607824390235
GNAL,-0.06893625612918886
GNAO1,0.032627040541410635
GNAQ,1.010835871534642
GNAS,-0.25799624652765707
GNAT1,-0.48827019043913733
GNAT2,-0.14324752308026945
GNAT3,0.17435608363418909
GNAZ,0.18505644480436212
GNB1,-0.37806059357002164
GNB1L,0.1340566259627991
GNB2,0.21863078247681145
GNB3,-0.4344358934071124
GNB4,0.8658893424141971
GNB5,-0.16910042003604805
GNE,-1.1131305522560364
GNG10,0.4769160704865145
GNG11,-0.20915672869600518
GNG12,-0.24165427839427256
GNG13,-0.1713818411763528
GNG14,-0.8818835581231027
GNG2,0.5087895694827432
GNG3,-0.27347020153597246
GNG4,1.588537530658542
GNG5,-0.1380716063189933
GNG5B,0.741053549491903
GNG7,0.6844302430773044
GNG8,-0.2780870887433302
GNGT1,0.8543300625764032
GNGT2,0.4134330979299833
GNL2,-0.25162307653137095
GNL3,-0.6486498732429935
GNL3L,-0.18557976110150598
GNLY,0.8587741191517644
GNMT,-0.189475382376319
GNPAT,-0.19050008044791777
GNPDA1,-0.09725953819032807
GNPDA2,-0.5682684235934632
GNPNAT1,-0.10410607429344942
GNPTAB,0.0833591583501967
GNPTG,0.22585724290527232
GNRH1,-1.2781085438803217
GNRH2,-0.3830470189937496
GNRHR,-1.3406631830742577
GNS,0.021033491696669238
GOLGA1,0.582881241075907
GOLGA2,0.2189499238335566
GOLGA3,-0.5595885508140404
GOLGA4,-0.17349878278220654
GOLGA5,0.236951889640582
GOLGA6L10,-0.9436108402111021
GOLGA6L2,0.8330535730079305
GOLGA6L26,-0.807528466682844
GOLGA6L4,-5.49926318260674e-07
GOLGA6L6,-0.04265046997143651
GOLGA6L7,-1.7791434717635344
GOLGA7,-0.25105583272664966
GOLGA7B,0.1492303923683238
GOLGA8A,0.8161120647451066
GOLGA8B,-0.6068700465020647
GOLGA8H,-0.05811434041308061
GOLGA8K,0.3807645460280331
GOLGA8Q,0.48950133190038425
GOLGB1,0.05546136892188702
GOLIM4,0.10331264845149857
GOLM1,0.38763134796798093
GOLM2,-0.13484735089553634
GOLPH3,0.015439034874303204
GOLPH3L,0.1581209861928352
GOLT1A,-0.17495801207551898
GOLT1B,-0.12773586251263502
GON4L,0.06062749878260565
GOPC,-0.32597967410027806
GORAB,-0.310389413739669
GORASP1,-0.285938322474244
GORASP2,0.17833393931875463
GOSR1,-0.3580934755962968
GOSR2,-0.16155087581977234
GOT1,0.08792479645222695
GOT1L1,-0.23750069857354383
GOT2,-0.23577998332893202
GP1BA,0.08232599234673388
GP1BB,-0.04145924611550278
GP2,0.10162472572560233
GP5,-0.8065091086955092
GP9,0.5159411028266638
GPA33,-0.08137854948999655
GPAA1,0.13205262737732237
GPALPP1,-0.17944936175529946
GPAM,0.22285980903204006
GPAT3,-0.11726216963365754
GPAT4,0.5577714212694724
GPATCH1,-0.6821686648185517
GPATCH11,-0.36814232284254933
GPATCH2,-0.46064166825690656
GPATCH2L,0.09064572665644555
GPATCH3,-0.3735729236618188
GPATCH4,-0.48631487914556804
GPATCH8,0.09729990644081532
GPBAR1,0.8149924546173674
GPBP1,0.10964539168521004
GPBP1L1,-0.05501110575954993
GPC1,0.9475517643547366
GPC2,0.17814656397217377
GPC3,1.079538678519332
GPC4,0.5408737794454379
GPC5,0.13907225286617075
GPC6,-1.1257642538122299
GPCPD1,0.3756331496871441
GPD1,0.1838004134032274
GPD1L,0.6902969250596556
GPD2,-0.37396173436531166
GPER1,0.6739128206049838
GPHA2,0.4924160943890935
GPHB5,-0.17670247769490488
GPHN,-0.00703829272335188
GPIHBP1,0.2222575754834486
GPKOW,-0.1322340729552649
GPLD1,0.2347322594476271
GPM6A,0.8216882504409345
GPM6B,0.8821610837986764
GPN1,-0.007551220487321153
GPN2,-0.3601032614770707
GPN3,-0.08896916296903878
GPNMB,-0.5638262601697777
GPR101,0.3279172501834893
GPR107,-0.24518824147364437
GPR108,-0.06931003444373651
GPR119,-1.3422088689523641
GPR12,-0.13229925411010246
GPR132,0.3756210087754739
GPR135,0.6374438457292848
GPR137,-0.03424158241208364
GPR137B,0.1781363458325016
GPR137C,0.15385251452199888
GPR139,-0.15047634471570542
GPR141,0.27129288395348194
GPR142,0.05563038535771958
GPR143,0.030623751497820262
GPR146,0.6021644035922677
GPR148,0.40333208788542674
GPR149,0.42795793911218794
GPR15,0.6023435598034071
GPR150,-1.5087305965278515
GPR151,0.08708921828844585
GPR152,-0.5939057548540518
GPR153,0.1879761258556396
GPR155,-0.061595868457947844
GPR156,1.258664212055943
GPR157,0.4843738466526446
GPR158,-0.176739011411172
GPR15LG,-0.8664110384296722
GPR160,0.43965277521875556
GPR161,0.4814870429638738
GPR162,0.37958438770185365
GPR17,-0.611724538012713
GPR171,-0.21949816792015842
GPR173,-0.6830253443295575
GPR174,-0.27981327026197045
GPR176,-0.148152579952737
GPR18,0.46295556540439886
GPR180,0.02850508035791588
GPR182,0.19540558803862385
GPR183,0.0037008218659231318
GPR19,-0.32471661845601596
GPR21,0.2569342669913032
GPR22,2.1314967058494796
GPR25,-0.14524651056794413
GPR26,-0.22341670840195538
GPR27,1.4849248081515718
GPR3,0.20261325327097257
GPR31,0.053403929941764905
GPR32,-0.30480733605177346
GPR33,-2.2962459921547196
GPR34,-0.01484950135109675
GPR35,-0.308173341784966
GPR37,0.07546119626974246
GPR37L1,-0.2324662695226778
GPR39,-0.6996316103170344
GPR4,0.28803061585809364
GPR42,0.8317975796323969
GPR45,0.5804228214318832
GPR50,0.4253286207205904
GPR52,-1.9354368968674573
GPR55,0.3074093263980623
GPR6,0.13166745036531147
GPR61,-0.07548335891966507
GPR62,-0.907479430423052
GPR63,-0.3999556229161705
GPR65,-0.3343346190532095
GPR68,-0.24465005911643356
GPR75,1.8455582393824326
GPR78,-1.117604055347725
GPR82,-0.3838347471997996
GPR83,0.057641852882991784
GPR84,-0.1859925672776579
GPR85,-0.7428576729866702
GPR87,1.1172729315696097
GPR88,-0.05242645910555632
GPR89A,0.5795687048147506
GPR89B,0.6013573084082648
GPRASP1,0.7556020007631397
GPRASP2,-0.10790198148577401
GPRASP3,-0.9199757500933994
GPRC5A,-0.836056754740077
GPRC5B,-0.18423204268564453
GPRC5C,0.10292193374223411
GPRC5D,0.1610940926066085
GPRC6A,0.44630719799489904
GPRIN1,0.49866610142102497
GPRIN2,0.13458188027162332
GPRIN3,-0.33978806707003084
GPS1,-0.5512483586341728
GPS2,0.6240529014907352
GPSM1,1.1210720125843814
GPSM2,-0.429059016039625
GPT,-0.45205349936016015
GPT2,0.5279918774618029
GPX1,-0.058056016613673656
GPX2,1.0082316995042977
GPX3,-0.5091985484209065
GPX4,0.2675002694683499
GPX7,0.40966767507984897
GPX8,-0.06481089046559363
GRAMD1A,-0.164668201635278
GRAMD1B,-0.29358061138069846
GRAMD1C,-0.5408199386291856
GRAMD2A,0.5415996075103644
GRAMD2B,0.3721741012982391
GRAMD4,0.24568527126609663
GRAP,-0.201773668629333
GRAP2,-0.48148793859202677
GRAPL,0.021807576694123032
GRB10,0.9230939776618863
GRB14,0.006295880763990791
GRB2,-0.21289686558595555
GRB7,-0.27367705663644937
GREB1,0.8802104157056555
GREB1L,0.6559136645979646
GREM2,-0.015901373918163264
GREP1,-0.1840154007371263
GRHL1,1.296052180383179
GRHL2,-0.6194611111165862
GRHL3,0.4004471650195951
GRHPR,-0.3158238274456133
GRIA1,-0.5764128135721052
GRIA2,-0.45612266729129114
GRIA3,-0.8984525056044522
GRIA4,-0.12729793802588474
GRID1,0.4459533886596154
GRID2,-1.6643388694820922
GRID2IP,1.2769417284180755
GRIFIN,0.27085318288462257
GRIK1,0.19973990074919673
GRIK2,1.3550908431936821
GRIK3,1.1469900601777911
GRIK4,0.2655547987728286
GRIK5,-0.330866240349442
GRIN1,-0.17300646581171186
GRIN2A,-0.05392929698903065
GRIN2B,0.2756014687730433
GRIN2C,-0.7130670375818355
GRIN2D,-0.15966853873032116
GRIN3A,-0.7744719391327879
GRIN3B,-0.24714953807991247
GRINA,0.8957161242231797
GRIP1,0.6890051583433014
GRIP2,-0.10515215965460367
GRIPAP1,-0.46046394036298066
GRK1,-0.13956304728497426
GRK2,0.7206800422957742
GRK3,0.16530011504375874
GRK4,-0.18169271432696732
GRK5,0.6636027211520847
GRK6,-0.12872525989244288
GRK7,-0.5676161156378002
GRM1,-0.3242740005349649
GRM2,-0.7099306775459638
GRM3,-0.2598898768341648
GRM4,0.005925184377293391
GRM5,-0.6507100698616088
GRM6,-0.13762465364182774
GRM7,1.9145676182659608
GRM8,0.055493952376321154
GRN,-0.3138778037954406
GRP,0.19219782380787992
GRPEL1,-0.12619895798977598
GRPEL2,-0.455412171000229
GRPR,-0.07679838364479252
GRSF1,0.5461828929108892
GRTP1,-0.05937161607231878
GRWD1,-0.38080981356595434
GRXCR1,-0.22613544865848345
GRXCR2,0.03218966313413629
GSAP,-0.5409281889475888
GSC,0.2339648042669713
GSC2,0.783405168166232
GSDMA,-0.06255782433533774
GSDMB,-0.03961192930942481
GSDMC,0.3247531458442468
GSDME,-0.37971626529073
GSE1,0.024741486022473225
GSG1,-0.3521201828355622
GSG1L,0.7841337264394626
GSG1L2,0.0434880139433059
GSK3A,0.18208484117340973
GSK3B,0.03808066556858769
GSKIP,0.2373623511448173
GSN,0.011892949984835477
GSPT1,0.41641259355660676
GSPT2,-0.14206667752201474
GSR,0.8001243985428568
GSS,-0.12691298624709813
GSTA1,0.7854699038377384
GSTA2,0.9417731297594107
GSTA3,-0.36526430828180223
GSTA4,-0.358344138351792
GSTA5,-0.2634148382287699
GSTCD,-0.47303565370920975
GSTK1,-0.8961101030192273
GSTM1,-0.42933357535140804
GSTM2,-0.3638098956229263
GSTM3,-0.4122307680858355
GSTM4,-0.3514991080685501
GSTM5,-0.29259301818289424
GSTO1,-1.195467401829031
GSTO2,0.01448465573954838
GSTP1,0.13741391211330534
GSTZ1,-0.22249382538702278
GSX1,0.05211945293719711
GSX2,-0.3147125093938927
GTDC1,0.5298483245695431
GTF2A1,-0.04068314379275595
GTF2A1L,-0.2856141869018205
GTF2A2,-0.2192545896465008
GTF2B,-0.0052436883369519904
GTF2E1,0.13935931461017503
GTF2E2,0.3085680424037909
GTF2F1,-0.13087609776992792
GTF2F2,-0.4127847317203015
GTF2H1,-0.08738383546136497
GTF2H2C,-0.5476156723134649
GTF2H3,-0.1024298744106753
GTF2H5,-0.27806131809292456
GTF2I,-0.17099818875550987
GTF2IRD1,-0.35193236523272775
GTF2IRD2,1.185596615049766
GTF2IRD2B,0.9803174845040177
GTF3A,0.23652511065725612
GTF3C1,-0.11338891535755113
GTF3C2,-0.3532485362998905
GTF3C3,-0.29690323997430745
GTF3C4,-0.18411518604509247
GTF3C5,-0.04096447604153308
GTF3C6,-0.21799724222636652
GTPBP1,0.27555623563329235
GTPBP10,0.19629123492992473
GTPBP2,-0.10395133370411358
GTPBP3,0.23413555344628723
GTPBP4,0.013812954058679772
GTPBP8,-0.4989246563090357
GTSE1,0.12753396592985133
GTSF1,-0.7708805673894426
GTSF1L,-0.2754988300139801
GUCA1A,3.531731487198218
GUCA1ANB-GUCA1A,0.004030778042758643
GUCA1B,-1.0253582551525662
GUCA1C,0.1619557406907025
GUCA2A,-0.9591518639183854
GUCA2B,0.4522577072316151
GUCD1,-0.04281149664115613
GUCY1A1,0.12056096134156835
GUCY1A2,0.6748247338505711
GUCY1B1,0.32153690823889214
GUCY2C,0.8755763926092022
GUCY2D,1.1045552334960826
GUCY2F,-0.45954205854146757
GUF1,-0.2762664101360741
GUK1,0.2750911305285335
GULP1,-0.881194217906838
GUSB,-0.34030616568752947
GVQW3,0.31127883596180084
GXYLT1,0.22100514946947314
GXYLT2,-0.0008907129597739427
GYG1,0.00629159834812576
GYG2,0.8998307469819427
GYPA,-1.8686710677425469
GYPB,1.917280911966967
GYPC,-0.610676481290926
GYPE,-1.5425239443945662
GYS1,0.07202008771064339
GYS2,-0.7553548611194838
GZF1,0.5990311452200032
GZMA,-0.31035785235667124
GZMB,-0.9207468685782181
GZMH,0.2625284100988454
GZMK,0.9346241791479527
GZMM,-0.16558175675083042
H1-0,0.4385004189630455
H1-1,0.6846851930765022
H1-10,0.06420615772517824
H1-2,-0.47740707081484945
H1-3,-0.5034922330452982
H1-4,-0.4432802185820428
H1-5,-0.2871315515685906
H1-6,-0.32860369356363106
H1-7,0.567316864752061
H1-8,0.0520538580065813
H2AB1,0.48950133190038425
H2AC1,-0.09086948191684929
H2AC11,-0.2242699229027698
H2AC12,0.1467684948926541
H2AC13,0.01459449040190286
H2AC14,-0.21716928164069138
H2AC15,-0.02715257331085752
H2AC16,-0.9445343790011046
H2AC17,-0.12294504905568537
H2AC18,-0.977443295812433
H2AC19,-0.3404952394976246
H2AC20,-0.12306919087141832
H2AC21,-0.25150109508618623
H2AC25,-0.09153251714279076
H2AC4,-0.26690501255782095
H2AC6,-0.17660996288562103
H2AC7,-0.4711548006899191
H2AC8,0.3041008041300016
H2AJ,-0.13355229919183598
H2AL1Q,0.5884913552801241
H2AL3,-0.5665162188469048
H2AP,1.3998801768922542
H2AX,0.11566891542905111
H2AZ1,-0.1530614401248931
H2AZ2,0.6235309503126532
H2BC1,-0.14610388325852852
H2BC10,-0.8231382121742148
H2BC11,-0.25907531895133573
H2BC12,-0.15189956114429193
H2BC13,0.025174150424819075
H2BC14,-0.1662295871579209
H2BC15,-0.06061717342387141
H2BC17,-0.13827620626370418
H2BC18,-0.29702697598812744
H2BC21,-0.16282617656203335
H2BC26,-0.08946083446811581
H2BC3,-1.0837813400647769
H2BC4,-0.0980920839304611
H2BC5,-0.35203373686485673
H2BC6,-0.5904401525460079
H2BC7,-0.4464031889605744
H2BC8,0.3963276698191931
H2BC9,-2.134065801762329
H2BK1,-0.5833394332674664
H2BN1,0.7918780286531186
H2BW1,-0.15888940627925074
H2BW2,0.7273741736461954
H3-3A,0.11893333442380971
H3-3B,-0.002354489579551533
H3-4,0.20184191372114285
H3-5,-1.001852972557044
H3-7,-0.9146651236360508
H3C1,-0.46139994698444564
H3C10,-0.3447386196387985
H3C11,-0.48387912243994435
H3C12,-0.11849553667126411
H3C13,-0.17448521368701408
H3C14,-0.35955990672150717
H3C15,-1.3390416627722943
H3C2,-0.3023181236279555
H3C3,0.10945632345731927
H3C4,-0.39638449122231556
H3C6,-0.7755494639112653
H3C7,-2.59371908843547
H3C8,-0.3266855881721593
H3Y1,-2.126892569434193
H3Y2,0.6638998530007809
H4C1,-0.3008270807018043
H4C11,-0.6258667469783346
H4C12,-0.1590862338189467
H4C13,-0.44416129301881657
H4C14,-0.6963235828414576
H4C15,-1.6905940699728155
H4C16,-0.040097687438503726
H4C2,-0.2915741608613853
H4C3,-1.1880234978835855
H4C4,-0.07888777426902394
H4C5,-0.3890986130338252
H4C6,-0.5609783601358675
H4C7,-0.020092976177820982
H4C8,-0.31881083458893666
H4C9,-0.7238601893237329
H6PD,-0.09510283864870583
HAAO,0.5383706361279521
HABP2,0.4001465302382312
HABP4,0.7497562577076771
HACD1,0.14242853684246004
HACD2,-0.06441617009729494
HACD3,-0.15573391035434891
HACD4,-0.6148805444348238
HACE1,0.24035133064132097
HACL1,-0.07296965528958399
HADH,-0.06889179520791977
HADHA,-0.2297925891221686
HADHB,-0.5480837446976721
HAGH,0.5779534962451889
HAGHL,-0.40451689274160385
HAL,-0.19556129270677125
HAMP,-0.3783812452154043
HAND1,-0.5412267071737179
HAND2,-1.375492079161657
HAO1,0.15113041941184935
HAO2,-0.524207167478285
HAP1,-0.5213106609467035
HAPLN1,-0.9618393589120434
HAPLN2,-0.0461944987604086
HAPLN3,0.011862911575487356
HAPLN4,-0.0006284075884879226
HAPSTR1,0.10545374927999429
HAPSTR2,0.12590762364256336
HARBI1,-0.3583681775737171
HARS1,-0.028617865031210776
HARS2,-0.030362976488107485
HAS1,0.42734443460821436
HAS2,-0.5316565563167936
HAS3,-0.16069904455054562
HASPIN,0.016993099463090466
HAT1,-0.23419826960115397
HAUS1,-0.4187546471209558
HAUS2,-0.390638546012541
HAUS3,-0.08795185425033125
HAUS4,-0.36772572223688904
HAUS5,-0.2185475427331598
HAUS6,-0.1691110086907628
HAUS7,-0.4869172127556788
HAUS8,0.4187781944748412
HAVCR1,-0.49927490375103767
HAVCR2,-0.1301173105256046
HAX1,-0.38325074499302225
HBA1,-0.34156273623903566
HBA2,0.11308873553689769
HBB,-0.3316720932676196
HBD,-0.5299069078246411
HBE1,1.5677519305347891
HBEGF,-0.34861004222686764
HBG1,-1.39238070601258
HBG2,1.5905813101971842
HBM,0.30138586593025984
HBP1,0.3926570884070797
HBQ1,-0.3651951978569201
HBS1L,-0.6246301354670232
HBZ,-0.6416231859753431
HCAR1,-0.016427031795305247
HCAR2,0.0
HCAR3,1.272429407015752
HCCS,0.08834992240247574
HCFC1,0.18092501095586222
HCFC1R1,0.0865700570418797
HCFC2,0.08357834200692604
HCK,-0.15834683908891906
HCLS1,-0.2204606358676613
HCN1,-0.8273324493509531
HCN2,-0.07988262170412508
HCN4,1.6824687604585318
HCRT,0.09597039442245014
HCRTR1,0.15499769472797542
HCRTR2,-0.7049533410682272
HCST,-0.31277718619283057
HDAC1,-0.039085653746408155
HDAC10,0.2778358684868776
HDAC11,0.37677226435918065
HDAC2,1.0220880773723457
HDAC3,0.03975558146854663
HDAC4,0.21132477660815052
HDAC5,0.3521123327947988
HDAC6,0.1991873813114413
HDAC7,0.034897815344870686
HDAC8,-0.915818639992938
HDAC9,0.6099153521518795
HDC,-0.1552525957135683
HDDC2,-0.5216282530156469
HDDC3,0.14002144199542332
HDGF,0.028047944753836873
HDGFL1,-1.1420722007284985
HDGFL2,0.15852639617243192
HDGFL3,0.018510147363418827
HDHD2,0.011225866273302465
HDHD3,-0.4088008057017185
HDHD5,0.5962159203752521
HDLBP,-0.16644841713095104
HDX,-1.4187547976283335
HEATR1,-0.18416377197167932
HEATR3,-0.09402989686343322
HEATR4,0.20166132418328386
HEATR5A,-0.012392433303522132
HEATR5B,-0.37230212932523665
HEATR6,-0.5520462305954386
HEBP1,0.13178466305190728
HEBP2,0.16264867889691192
HECA,0.11445884138916407
HECTD1,0.18076945395118393
HECTD2,0.18279751910100206
HECTD3,-0.04861730108165219
HECTD4,0.7192458644860684
HECW1,-0.7520546572055148
HECW2,1.361896962482792
HEG1,0.46112605333361856
HELB,-0.24129069298484085
HELLS,-0.12244106057588588
HELQ,-0.29661482145279106
HELT,-0.8988264340790938
HELZ,-0.2398797704005573
HELZ2,0.2742187597856143
HEMGN,-2.3577756929873153
HEMK1,-0.21118797581938864
HENMT1,-0.0706655790785451
HEPACAM,-0.028377438507885724
HEPACAM2,1.3830743149881541
HEPH,0.09238401893982018
HEPHL1,0.1273762124360927
HEPN1,0.5437761240656794
HERC1,0.007121325562376768
HERC3,-0.14472643888044612
HERC4,0.010679770148191992
HERC5,-0.3141747350990407
HERC6,-0.4401256695448743
HERPUD1,-0.07303041852906222
HERPUD2,-0.9461478702409942
HES1,-0.0007552105161217071
HES2,0.07082300470518899
HES3,0.24964380749895465
HES4,0.456592821578643
HES6,1.630114906231912
HES7,-0.3031883243093798
HESX1,0.2062350286719985
HEXA,-0.2578686220625048
HEXB,-0.23848232595413865
HEXD,0.9861454122935962
HEXIM1,-0.193997526898797
HEXIM2,-0.18677914708674503
HEY1,0.45061098564859803
HEY2,-0.2816404620286126
HEYL,0.27277442486468484
HFE,-0.9003692346699079
HFM1,0.28300260536519684
HGD,-1.2698021999803144
HGF,0.7380143753936075
HGFAC,-0.6770522230141165
HGH1,0.6961217603110743
HGS,0.13278114580027722
HGSNAT,0.5093808552109786
HHAT,0.28761987647741183
HHATL,-0.0412578203342846
HHEX,0.648853108830818
HHIP,0.11944961521663355
HHIPL1,0.4301999046818418
HHIPL2,0.3847107363335621
HHLA1,-0.43729994169092096
HHLA2,0.6292756402302496
HIBADH,0.011385998140915454
HIBCH,0.11557124067378863
HIC1,0.049288719770594014
HIC2,2.187661105704086
HID1,0.27288951367140335
HIF1A,0.24035095485238323
HIF1AN,-0.3192742564260196
HIF3A,0.7104939845171826
HIGD1A,0.09097730996940623
HIGD1B,-0.8863065040648934
HIGD1C,-0.8522628361808426
HIGD2A,-0.2573004753511796
HIGD2B,-0.1848116200606622
HIKESHI,-0.20616713010794818
HILPDA,-0.11008919899414327
HINFP,0.08353777416831232
HINT1,1.963391637464196
HINT2,-0.13030539952375797
HINT3,-0.13271722239913863
HIP1,0.47533076424272824
HIP1R,-0.43400670237859895
HIPK1,0.13327850895908266
HIPK2,-0.06492252612005256
HIPK3,0.22935223960992301
HIPK4,0.3102758698605969
HIRA,-0.08670362883857852
HIRIP3,-0.15240231031661633
HIVEP1,0.5497782136104452
HIVEP2,-1.393736953402878
HIVEP3,0.4211451200675329
HJURP,-0.2468552605396237
HJV,-0.49477212988927555
HK1,-0.030622015215417436
HK2,-0.4996414514831198
HK3,0.031032250126609595
HKDC1,-0.4587076281996401
HLA-A,0.7115348017248186
HLA-B,0.6557708324940017
HLA-C,-0.1713110426902138
HLA-DQB1,0.42475973916994336
HLA-DRB1,-0.10378877200148007
HLA-DRB5,-0.3741875912035142
HLA-F,1.0358313142879099
HLCS,0.15959263094005038
HLF,0.17416697281010585
HLTF,-0.036553225313641136
HLX,-0.5138246006008279
HM13,-0.08635760696542416
HMBOX1,0.04932860157786223
HMBS,-0.004409916037482198
HMCES,0.0168729229941027
HMCN1,0.07472320413155464
HMCN2,0.8470675201747514
HMG20A,0.29582368057651287
HMG20B,0.04507654810962869
HMGA1,0.06977495885317264
HMGA2,-0.5987203428411476
HMGB1,-0.020219089786556843
HMGB1P1,-0.6559589504785288
HMGB2,-0.10564085442483329
HMGB3,0.153727088020052
HMGB4,2.1171331710578656
HMGCL,-0.2017245050607661
HMGCLL1,-0.7912805828896292
HMGCR,0.13192232946981797
HMGCS1,0.08896764371966182
HMGCS2,0.2736392445843828
HMGN1,0.12033355220870057
HMGN2,-0.08789386333401694
HMGN3,-0.3445069864500372
HMGN4,-0.07608879248014411
HMGN5,-0.41174611402512395
HMGXB3,0.007918655112503004
HMGXB4,-0.025616197982933464
HMHB1,-0.8304450170011894
HMMR,-0.3613393497040187
HMOX1,-0.9228992073284947
HMOX2,-0.5476156723134649
HMSD,-0.1856929119598582
HMX1,0.719626116748135
HMX2,-0.11775170558999193
HMX3,-0.014990588747918476
HNF1A,-0.4470722938987235
HNF4A,-0.6369728860375562
HNF4G,-0.5789986538438457
HNMT,-0.03347776256512586
HNRNPA0,-0.16780652813991992
HNRNPA1,-0.19911846968553348
HNRNPA1L2,-1.0812357270737893
HNRNPA1L3,0.6352651574884443
HNRNPA2B1,0.010945181092187006
HNRNPA3,0.1423596905862663
HNRNPAB,0.29389600559761764
HNRNPC,-0.01387719779246499
HNRNPCL1,2.471819543151903
HNRNPD,-0.14997813536753135
HNRNPDL,0.19059356157255714
HNRNPF,-0.21856964605402673
HNRNPH1,-0.9004106588535354
HNRNPH2,-0.1132607868477038
HNRNPH3,-0.1057589878666958
HNRNPK,-0.125973169443375
HNRNPL,-0.2908331051763202
HNRNPLL,-0.2905562942114823
HNRNPM,0.2395356177875776
HNRNPR,-0.11618828329193764
HNRNPU,0.07344651116707723
HNRNPUL1,-0.1566477524687171
HNRNPUL2,-0.062305709191799785
HNRNPUL2-BSCL2,-0.0685634870253704
HOATZ,-0.15307606537099927
HOGA1,0.026792762614626597
HOMER1,0.25443283904541936
HOMER2,-0.551503212564068
HOMER3,0.37734586128031333
HOMEZ,0.2145738494555558
HOOK1,0.5163864221099539
HOOK2,-0.37314322379580256
HOOK3,0.044410622421141355
HOPX,0.5062718964062897
HORMAD1,-0.30264441935399466
HORMAD2,0.5056827528083897
HOXA1,0.1446081227856686
HOXA10,-0.3951166288066261
HOXA11,-0.12013542965383506
HOXA13,0.770071521138596
HOXA2,1.2339661900663914
HOXA3,-0.351480564152985
HOXA4,-1.2846690189541832
HOXA5,0.7249598967883053
HOXA6,-0.2764763060488038
HOXA7,0.520282829503314
HOXA9,0.5277630007282119
HOXB1,0.9508513977965424
HOXB13,-0.39877067909764885
HOXB2,0.5199798770542456
HOXB3,-0.01592546589687882
HOXB4,-0.05620194008588619
HOXB5,0.5911787583908366
HOXB6,0.07839834499870335
HOXB7,-0.061434398702457704
HOXB8,-0.18414817764042166
HOXB9,-0.12164285965525012
HOXC10,-0.04487053198122659
HOXC11,0.15886360011466705
HOXC12,-0.3816496978632329
HOXC13,0.16842759204900926
HOXC4,-0.5375597711835804
HOXC5,-0.2362693532872986
HOXC6,0.09108044637046442
HOXC8,0.18286741925017536
HOXC9,0.016248462899580263
HOXD1,-0.8780292281460813
HOXD10,0.3210827591039873
HOXD11,-0.306130125619062
HOXD12,-0.16617036486710451
HOXD13,0.2830845924940686
HOXD3,0.3961075790373948
HOXD4,0.5263326682181517
HOXD8,0.3079463012905146
HOXD9,-0.18854451232010738
HP,0.3926670408737284
HP1BP3,-0.049806628717714574
HPCA,0.6662158816794792
HPCAL1,0.5138275068861025
HPCAL4,0.3911563633754782
HPD,-1.4917928500788327
HPDL,0.4473504869648687
HPF1,-0.47024424287349653
HPGD,0.22178485640015966
HPGDS,-0.1235269824612012
HPN,-0.6659504824492306
HPR,-0.4208913472374589
HPRT1,-0.16903565347182337
HPS1,0.3149030566523603
HPS3,0.16296412560477513
HPS4,-0.1312734417571333
HPS5,-0.08354727304194398
HPS6,0.5042068320184452
HPSE,0.19942921257974255
HPSE2,-0.8485229065493477
HPX,-0.02181003206890897
HR,0.4033070816248876
HRC,0.08203560837967916
HRCT1,-0.8968393224402214
HRG,-1.1018984197331623
HRH1,0.20665809783201428
HRH2,0.47065026494640355
HRH3,0.4648892844017736
HRH4,-1.2491149058090831
HRK,0.33272602771497706
HRNR,0.5291107667024019
HROB,-0.028712063102830143
HRURF,-0.0790844197202829
HS1BP3,0.42124871751198967
HS2ST1,-0.009128070046486414
HS3ST1,0.2990970141159226
HS3ST2,-0.7013924228325894
HS3ST3A1,-0.9838225568022195
HS3ST3B1,0.4088924030555834
HS3ST4,-0.12608599775418972
HS3ST5,-0.09764021307661297
HS6ST1,0.7886959053346865
HS6ST2,-0.9390919191278945
HS6ST3,-0.44625382257282026
HSBP1,-1.1103272966569817
HSBP1L1,-0.26760769548656604
HSCB,-0.16031884201607394
HSD11B1,-0.1711808187893622
HSD11B1L,-0.042461835678841986
HSD11B2,-0.2020598733254131
HSD17B1,0.48318235843877533
HSD17B10,-0.2636760125609272
HSD17B11,-0.4128946128748474
HSD17B12,-0.17270314937931097
HSD17B13,-0.5683872290349603
HSD17B14,0.13579847272123935
HSD17B2,1.401198663522705
HSD17B3,-0.6959982232554016
HSD17B4,-0.5291177977085546
HSD17B6,-0.6326393665067886
HSD17B7,0.34167687626114596
HSD3B1,-0.7326484532016471
HSD3B2,-1.035470518135863
HSD3B7,-0.05674709879348416
HSDL1,0.5211758715992363
HSDL2,-0.3454906250324674
HSF1,0.9130683879328814
HSF2,0.10665751846306737
HSF2BP,0.32425229482680606
HSF4,-0.12826724981358373
HSF5,1.1703452165033235
HSFX1,0.36574013256099747
HSFX2,-0.5476156723134649
HSFX3,0.5304258412650005
HSFX4,0.9436113901374203
HSH2D,-1.2920334073367137
HSP90AA1,0.0012934956641226236
HSP90AB1,0.14385454011996135
HSP90B1,-0.22676209656396829
HSPA12A,-0.54674136252711
HSPA12B,-0.2563646934765448
HSPA13,0.06489217830862959
HSPA14,0.08926828078328164
HSPA2,-1.0024351094030715
HSPA4,-0.08656870629664581
HSPA4L,-0.47167450606602745
HSPA5,0.03584621187194248
HSPA6,0.1495496260704492
HSPA8,-0.08595957307066104
HSPA9,-0.13818527425548233
HSPB1,0.10359863261555802
HSPB2,0.8916619742312982
HSPB2-C11orf52,0.88331713962657
HSPB3,0.19570935765539343
HSPB6,-0.054662789934164735
HSPB7,-0.20581382012424831
HSPB8,0.2694241760012822
HSPB9,-0.045315006818979375
HSPBAP1,-0.24979261508336137
HSPBP1,-0.09508639387284035
HSPD1,0.08546516154980033
HSPE1,0.04569534077979043
HSPE1-MOB4,0.07255385314808116
HSPG2,0.1729753679815298
HSPH1,-0.11784444763474689
HTATIP2,-1.470466958512582
HTATSF1,0.19656216728164733
HTD2,-0.14194236630762802
HTN1,-0.7477435487927675
HTN3,-1.094366661092144
HTR1A,0.0027696270697894487
HTR1B,-0.36887259193959415
HTR1D,-0.40680747892066327
HTR1E,-0.2610546903865991
HTR1F,-0.6006610574305036
HTR2A,-0.27628045456505745
HTR2B,0.08881106475005174
HTR2C,-0.9760400639299929
HTR3A,-0.6544279554778916
HTR3B,-0.6760267456604463
HTR3C,0.5708441085690122
HTR3D,0.6581726748428449
HTR3E,0.7934660168061296
HTR4,-1.5475347041178016
HTR5A,-0.2393840956312343
HTR6,0.36237220845926044
HTR7,0.3065215162130035
HTRA1,-0.398721595875991
HTRA2,-0.09514469098604295
HTRA3,-0.14476532259931474
HTRA4,0.3369751854363582
HTT,0.4100905061213804
HUNK,0.6434506939082567
HUS1,0.05258038263884934
HUS1B,0.7124435551967974
HUWE1,-0.3913617445534223
HVCN1,0.7843547943805536
HYAL1,1.0630673296561588
HYAL2,0.21580267180319135
HYAL3,0.1746051971125775
HYAL4,-0.2990980042949345
HYCC1,0.4663654884299957
HYCC2,-0.3231926491595898
HYDIN,0.3649728563628389
HYI,0.5561637878933852
HYKK,-0.18548420413417332
HYLS1,0.5100675629045073
HYOU1,0.46323981394098723
HYPK,-0.3708798810303974
IAH1,-0.24145648710949308
IAPP,-0.14073187240673746
IARS1,-0.07916133916885215
IARS2,0.036990383787886216
IBA57,0.8243215963308543
IBSP,0.8955217094108807
IBTK,-0.40464333699816013
ICA1,-0.33812525358947587
ICA1L,-0.32376855358875645
ICAM1,-0.17337697498842353
ICAM2,-0.2721702845053686
ICAM3,-0.28164891925640134
ICAM4,-0.7066707679512447
ICAM5,-0.155532089918883
ICE1,-0.42970706134565795
ICE2,-0.15798024152773849
ICMT,0.5944131445443448
ICOS,-0.02013715630032986
ID1,0.28630609376699834
ID2,0.5910066029952148
ID3,0.2559296162046607
ID4,1.9034832907303054
IDE,-0.19777367438861315
IDH1,-0.49126823386418117
IDH2,0.6442804860500178
IDH3A,0.50498950416537
IDH3B,-0.11980979844204676
IDH3G,-0.14125386672039397
IDI1,-0.1667206362511635
IDI2,0.9536161699515666
IDNK,-0.14771497818503843
IDO1,0.7213402416811732
IDO2,-1.045482680991643
IDS,0.018698196698711644
IDUA,0.7810541846133536
IER2,0.30062901829640154
IER3IP1,-0.4262519011717152
IER5,0.11017722565054378
IER5L,0.2170779533427556
IFFO1,0.12575680991847005
IFFO2,0.31312198157308835
IFI16,-0.42819309755774754
IFI30,-0.277224764456133
IFI35,0.056626163543717245
IFI44,-0.202171795565379
IFI44L,-0.7578643104191527
IFI6,-0.4601597770365853
IFIH1,0.17939353903099153
IFIT1,-0.39623588923562947
IFIT1B,0.47438424448349253
IFIT2,-0.8537983380670566
IFIT3,0.24686669829024088
IFIT5,-0.2808915576137254
IFITM1,-0.6740058763162681
IFITM10,0.4767388767658499
IFITM2,0.2548194581008707
IFITM3,-0.3374711433634239
IFITM5,0.3784947843954347
IFNAR1,-0.13789882581463164
IFNAR2,-0.4965002262647791
IFNAR2-IL10RB,0.21518855359180744
IFNB1,-1.0205189499674416
IFNG,-1.2192730161516454
IFNGR1,-0.20366573526799492
IFNGR2,-0.10026910638220565
IFNK,0.14955241464956126
IFNL1,0.2581775130605266
IFNL2,-0.5946073136063089
IFNL3,-0.712211872476199
IFNL4,-0.9081407364417236
IFNLR1,-0.1064278114921664
IFRD1,0.234298779989786
IFRD2,-0.1379892058198955
IFT122,-0.12404146199582144
IFT140,0.32538929009818585
IFT172,-0.026729695118777208
IFT20,0.1681033569926731
IFT22,-0.2809974846094665
IFT25,0.16720974435993163
IFT27,0.20157868965580938
IFT43,0.4469214590589905
IFT46,-0.5474805696406646
IFT52,-0.3863721301514831
IFT56,-0.3447301612215776
IFT57,-0.051752394471436425
IFT70A,-0.28160912015803596
IFT70B,-0.21610669324947285
IFT74,-0.11096042304432796
IFT80,-0.47395614212273784
IFT81,-0.16760073350590954
IFT88,-0.027073826309295335
IFTAP,-1.100585777257657
IGBP1,-0.35839612248443586
IGBP1C,-0.11687788042348846
IGDCC3,1.5735851598081836
IGDCC4,0.4792018512105155
IGF1,0.18929843923160655
IGF1R,1.151396781431567
IGF2,0.5150432259278939
IGF2BP1,-0.23124315228360226
IGF2BP2,0.7920087998606307
IGF2BP3,0.1864089971703926
IGF2R,-0.27809107769443564
IGFALS,-0.4806746818012364
IGFBP1,0.7286889050439695
IGFBP2,-0.29572881076864466
IGFBP3,0.07040425241189807
IGFBP4,0.7613474990871083
IGFBP5,-0.3474205230378504
IGFBP6,0.0377946618254561
IGFBP7,-0.7624735632282169
IGFBPL1,0.2053932931994613
IGFL1,-0.6428536767319156
IGFL2,-0.303973321507686
IGFL3,0.15344179494310095
IGFL4,-0.484963021401958
IGFLR1,0.02915478668916549
IGFN1,0.12152184628320252
IGHMBP2,0.06951356578863432
IGIP,-1.188397430979189
IGLL1,-0.45721156992663303
IGLL5,0.20248040933888323
IGLON5,-0.7313313972777075
IGSF1,1.9589456665764249
IGSF10,-0.2845035384523755
IGSF11,0.29107179471205935
IGSF21,1.332943056499215
IGSF22,-1.0115003207628477
IGSF23,-0.3154394229751209
IGSF3,0.5616842361170598
IGSF5,-0.008677287483332519
IGSF6,-0.3995769637013683
IGSF8,0.14240279930544109
IGSF9,0.38313189859625396
IGSF9B,0.36343982299990785
IHH,1.0517313326690445
IHO1,-0.3431990045455625
IK,-0.14246621513825364
IKBIP,-0.10578747748551542
IKBKB,-0.3761743354454046
IKBKE,0.16622604362286886
IKBKG,1.0756956288665083
IKZF1,0.20672150313667892
IKZF2,0.2559187618116914
IKZF3,-0.45969247046872486
IKZF4,0.501635894345806
IKZF5,0.11720211953202586
IL10,0.562895313510763
IL10RA,-0.020378477020334795
IL10RB,-0.0935868135285638
IL11,-0.21251571388897394
IL11RA,0.6763569423090299
IL12A,-0.4090418466022303
IL12B,-0.3499596541052008
IL12RB1,-0.11853219051574748
IL12RB2,-2.535301017174964
IL13,-0.2857636637793635
IL13RA1,0.7572555286012514
IL15,-0.16832010199926106
IL15RA,-0.11009024863943839
IL16,0.7046508341151612
IL17A,0.5063164306341489
IL17B,0.33101746336410537
IL17C,-0.26346135165610285
IL17D,-0.535996919921873
IL17F,2.4330328037826177
IL17RA,0.007032059998279827
IL17RB,-1.0517900590810538
IL17RC,0.058260671484708926
IL17RD,-0.49058266157525576
IL17RE,-0.02590179007191651
IL17REL,0.04846429288222742
IL18,-0.7852979304167181
IL18BP,-0.38212714144418847
IL18R1,0.9224035056702056
IL18RAP,-0.8833743880540604
IL19,-0.1619686531231488
IL1A,1.2957456101926201
IL1B,-0.7719512592608221
IL1F10,-0.6892805017186426
IL1R1,-0.6970689455247282
IL1R2,-0.5707922507688388
IL1RAP,0.4884892851719451
IL1RAPL1,0.25528458930729925
IL1RAPL2,-0.20832887059636984
IL1RL1,0.9537941909327042
IL1RL2,-0.3552781292362753
IL1RN,-0.1544338780808221
IL2,-0.14778172017982216
IL20,0.014245239681321298
IL20RA,0.2402747466059525
IL20RB,0.33919942887442245
IL21,-0.8343991632866048
IL21R,-0.3991223486828783
IL22,-0.23437980140213732
IL22RA1,0.26179296515656925
IL22RA2,0.8679916417925162
IL23A,-0.33034295240748524
IL23R,-0.12060565404001689
IL24,-0.9095943216375786
IL25,0.30353280913838193
IL26,-0.6738183050511131
IL27,0.594385631797929
IL27RA,-0.5889224167015197
IL2RA,-0.36365432015965204
IL2RB,-0.7675555989621636
IL2RG,-0.1056566152975984
IL3,-0.1295856884647818
IL31,-1.1674994610081466
IL31RA,-0.26963557418373707
IL32,-0.04229422160194296
IL33,0.41608013891404805
IL34,-0.6592352144893121
IL36A,-0.5701899786974804
IL36B,1.11703222144282
IL36G,1.3620516173953974
IL36RN,-0.768050880987988
IL37,-0.27387973673577404
IL4,-1.1033090550075966
IL4I1,0.10246577631013754
IL4R,0.18488450053172922
IL5,-0.015886045363522783
IL5RA,-0.03763624064604265
IL6,-0.30096733609799386
IL6R,0.14592100783335127
IL6ST,0.08465104773609688
IL7,0.06613796569420458
IL7R,0.10833406162854764
IL9,-0.5529418367134642
ILDR1,0.026124047175743126
ILDR2,0.3611305293022027
ILF2,-0.18917362910331903
ILF3,-0.159752603554967
ILK,0.17664122293600215
ILKAP,1.4169934995199105
ILRUN,-0.3042270041608641
ILVBL,-0.07529173134757094
IMMP1L,0.0593861465937211
IMMP2L,0.33692288973773277
IMMT,-0.25535582611395924
IMP3,0.8110267304135923
IMP4,-0.11340374590548308
IMPA1,-0.04886691092207762
IMPA2,0.48900791147397094
IMPACT,1.0242392882017075
IMPDH1,-0.20892511647695766
IMPDH2,0.03675520418432754
IMPG1,-1.9034832907303054
IMPG2,0.9306329591101273
INA,0.15441214908154954
INAFM1,0.05711740898735762
INAFM2,0.6291187016777737
INAVA,0.5167430969936759
INCA1,0.5763348689488064
INCENP,-0.37077403288421706
INF2,-0.06702650245371411
ING1,-0.1055949379558685
ING2,0.5577703722034864
ING3,-0.0341779821022552
ING4,-0.04077368810417781
ING5,0.2190247334102109
INHA,-0.9934203869694775
INHBA,-0.2314445182496736
INHBB,-0.24176624933646806
INHBC,-0.07063730147633462
INHBE,0.14538933082898597
INIP,-0.039261057322629966
INKA1,-0.2577213096081792
INKA2,0.05577903830244857
INMT,0.5048148289560287
INMT-MINDY4,0.14646312735408587
INO80,-0.23383703950822188
INO80B,-0.28362544141219725
INO80B-WBP1,-0.2837920853686722
INO80C,-0.39427619731000885
INO80D,0.49565630186158094
INO80E,-0.13761216894406214
INPP1,0.3422275854627558
INPP4A,0.2863335831822358
INPP4B,0.1468230349022761
INPP5A,1.008788731336244
INPP5B,-0.24367628357251858
INPP5D,-0.2633890432612489
INPP5E,0.5833189209210934
INPP5F,0.5181625239821388
INPP5J,0.31336701881333373
INPP5K,-0.07049003836060663
INPPL1,0.37512871052418895
INS,0.7887460107184634
INS-IGF2,0.7907180448699522
INSC,-0.6120593836230758
INSIG1,1.1678584178846885
INSIG2,-0.17349845688668797
INSL3,-0.018189698897856044
INSL4,-1.2789841718150212
INSL5,-1.2220127736441864
INSL6,0.4108918390068649
INSM1,0.06960026928583096
INSM2,0.07278910010750028
INSR,-0.06094810942209872
INSRR,-0.3796981367211989
INSYN1,1.7452355770761312
INSYN2A,0.8013399318751335
INSYN2B,-0.415267856362331
INTS1,-0.009917031274861543
INTS10,0.06738602398574045
INTS11,-0.3452790350901571
INTS12,-0.5940000556462258
INTS13,-0.09798390750376651
INTS14,-0.002897569247099163
INTS15,0.8832688509360347
INTS2,-0.2706952040480939
INTS4,-0.1613265765608487
INTS5,0.06562543936038434
INTS6,0.7370107228443059
INTS6L,0.05765460071167183
INTS7,-0.23318695838663395
INTS8,-0.9199477513600105
INTS9,0.03639784074294905
INTU,1.38212204002182
INVS,0.08571647092570434
IP6K1,0.2723275129605778
IP6K2,-0.4180875559838806
IP6K3,-0.010983765157797698
IPCEF1,0.9732205297361403
IPMK,0.03766704230325946
IPO11,-0.07170146757313667
IPO13,0.13003156777303282
IPO4,-0.325219772712094
IPO5,-0.18948947369277497
IPO7,-0.2181809978205722
IPO8,-0.4017485322992256
IPO9,-0.04722642280306566
IPP,0.05328793722875069
IPPK,0.08195003037346549
IQCA1,-1.8241682864034767
IQCA1L,0.08627974441653818
IQCB1,-0.10719682864086089
IQCC,-0.07180413509715766
IQCD,0.2388699510421084
IQCE,0.23096361990237835
IQCF1,-0.13614913076701313
IQCF2,-0.34815008715643714
IQCF3,-0.5526361399018712
IQCF5,-0.376352368690575
IQCF6,-0.35622386122787253
IQCG,-0.034445814492399585
IQCH,-0.176478885986028
IQCJ,0.7051036343160606
IQCJ-SCHIP1,0.2955813540545199
IQCK,-0.7053534335853897
IQCM,0.008630882067122148
IQCN,0.24837419805840466
IQGAP1,0.18209043229971744
IQGAP2,-0.031882681165954274
IQGAP3,-0.23972689405000036
IQSEC1,0.021201540550539022
IQSEC2,0.7128363336274968
IQUB,0.1333496988515641
IRAG1,-0.012236449663376003
IRAG2,0.42067691581942557
IRAK1,0.3232612003901041
IRAK1BP1,-0.4987098231987437
IRAK2,-0.5917926315587578
IRAK3,0.23788076894833998
IRAK4,-0.048640324476475705
IREB2,-0.13245501260987957
IRF1,-1.8544510976412236
IRF2,-0.2666504188847414
IRF2BP1,0.15954923609360705
IRF2BP2,0.6683668526534046
IRF2BPL,0.5108477975384655
IRF3,-0.14719154436054183
IRF4,0.5391046739212185
IRF5,0.5830701271383982
IRF6,-0.6452583834558883
IRF7,-0.043458382276982954
IRF8,-0.4232759624311955
IRF9,0.11753555992678599
IRGC,0.024726228092560643
IRGM,-0.2305242670843093
IRGQ,-0.12042008379612223
IRS1,0.2644501706739866
IRS2,2.3024169337375224
IRS4,1.1847695452026152
IRX1,0.9693521245393111
IRX2,0.7341049895350062
IRX3,0.6944797957568314
IRX4,-0.0396177018435363
IRX5,0.15582514726937013
IRX6,0.5382750745695685
ISCA1,0.2271760549006423
ISCA2,-0.020969561597922848
ISCU,-0.16497184012945443
ISG15,0.11441626673251548
ISG20,-0.6092606740047888
ISG20L2,-0.07063870445122689
ISL1,-1.173462569277615
ISL2,-0.21869189241886655
ISLR,0.5247068593276039
ISLR2,-0.0861461418570495
ISM1,0.1397955594622884
ISM2,0.2599764497903596
ISOC1,0.5988000297753908
ISOC2,0.1590915616674815
IST1,-0.2618595383543365
ISX,0.0076883815728812505
ISY1,-0.13888174796334596
ISY1-RAB43,-0.1505112141102165
ISYNA1,-0.006907036292232327
ITCH,-0.1666297969603363
ITFG1,-0.928954257685658
ITFG2,-0.08731233265436877
ITGA1,-0.2582300660220227
ITGA10,-0.4081254974348103
ITGA11,0.4409308702088792
ITGA2,-0.25834835386510946
ITGA2B,-0.5814012358334154
ITGA3,-0.33601391295047023
ITGA4,-0.3330894449707351
ITGA5,-0.24919055247147837
ITGA6,-0.6866270185472447
ITGA7,-0.32832955791499163
ITGA8,0.05203900002786277
ITGA9,0.2486400829475568
ITGAD,-0.42131079164339363
ITGAE,0.17504805829540238
ITGAL,-0.05700046298610184
ITGAM,0.9226025935548415
ITGAV,-0.08190964106392329
ITGAX,-0.1497312067872435
ITGB1,0.8486551370312581
ITGB1BP1,0.26463782677882275
ITGB1BP2,-0.41567803816346865
ITGB2,0.031450535228344734
ITGB3,-0.08521112112032725
ITGB3BP,0.05428150220412231
ITGB4,0.5084439435370882
ITGB5,0.017657127354871793
ITGB6,-0.015701078558475468
ITGB7,0.24942098476271557
ITGB8,0.36418074795093913
ITGBL1,-0.7885651299859123
ITIH1,-1.0379105900195529
ITIH2,1.1009416651004869
ITIH3,0.7274181998912437
ITIH4,-0.19748495238241992
ITIH5,0.2423539964662894
ITIH6,-0.23686106439162574
ITK,-0.12851517216532038
ITLN1,-0.7943836406399188
ITLN2,-0.4833414357446364
ITM2A,-0.09358168136081879
ITM2B,-0.30250857093140215
ITM2C,0.4302362778645348
ITPA,-0.2658671629064129
ITPKA,0.10730171760935114
ITPKB,-0.09512057207344071
ITPKC,0.21120364797693814
ITPR1,0.05740596372579887
ITPR2,0.18323565975997624
ITPR3,0.2712091108284964
ITPRID1,-0.428517748401686
ITPRID2,0.21537620756297127
ITPRIP,-0.43858947979610186
ITPRIPL1,-0.2992956315807582
ITPRIPL2,-1.0702240520697324
ITSN1,0.01006106599178569
ITSN2,0.057584822636905564
IVD,0.13603495714431446
IVL,0.21299475021084124
IVNS1ABP,-0.15938768489313215
IWS1,-0.4213498995914815
IYD,-0.021647561635950163
IZUMO1,-0.8479680623969521
IZUMO1R,-0.2452911851144316
IZUMO2,-1.0052682250067484
IZUMO3,-2.4718198609246365
IZUMO4,-0.03558311675281889
JADE1,-0.009878442241542551
JADE2,-0.5206487970326785
JADE3,0.5341187461398591
JAG1,0.2547410027314658
JAG2,0.683847231952071
JAGN1,-0.28560098680244117
JAK1,0.4245692303101576
JAK2,-0.04095215051892165
JAK3,-0.1456563578931629
JAKMIP1,0.3229157219262002
JAKMIP2,-0.20675958726653998
JAKMIP3,-0.2756944627968253
JAM2,-0.3992256864907957
JAM3,0.28724133553645714
JAML,-0.49552114074739384
JARID2,0.11901113566694033
JAZF1,0.5105066320364298
JCAD,0.8824749506811688
JCHAIN,-0.47328959732932996
JDP2,0.10082109644464277
JHY,-0.08521813138277912
JKAMP,-0.08246537675110677
JMJD1C,0.4576504696968646
JMJD4,0.05001355541663077
JMJD6,-0.23639226573712602
JMJD7,-0.2678173384638738
JMJD7-PLA2G4B,-0.26752786543357043
JMJD8,0.25472625295846996
JMY,0.5923229935099288
JOSD1,0.9869465122998564
JOSD2,-0.08500683402200604
JPH1,-0.22998135022191413
JPH2,0.07518819178320713
JPH3,0.6160611639266288
JPH4,-0.29329788250970945
JPT1,0.2197929134527392
JPT2,0.5398642530043807
JRK,0.17594257326981477
JRKL,-0.14112322745877126
JSRP1,0.2702973654407179
JTB,-0.01803652196868022
JUN,-0.008633309738981687
JUNB,0.33376116795021016
JUND,0.8793059308076288
JUP,-0.1395721606390592
KALRN,0.47992731376197506
KANK1,-0.2526655111615539
KANK2,0.1236171858390116
KANK3,-0.04121140007991286
KANK4,0.1821761703480784
KANSL1L,-0.22893681546449773
KANSL2,-0.07573510187983068
KANSL3,-0.06874366505446121
KANTR,-0.42243020534993203
KARS1,0.308190726552227
KASH5,-0.5794718230842216
KAT14,-0.06506957173233463
KAT2A,-0.5448093979578719
KAT2B,0.13091323910757158
KAT5,-0.04835304963967424
KAT6A,0.4171842115263127
KAT6B,0.04496114574280785
KAT7,0.03368742192920049
KAT8,0.09580251523532357
KATNA1,-0.1335155095820415
KATNAL1,-0.004016283040881419
KATNAL2,0.7797991992037239
KATNB1,-0.005239671746919861
KATNBL1,0.34540174828292214
KATNIP,-0.12016319442989687
KAZALD1,-0.1813340187286805
KAZN,-0.49818569559041487
KBTBD12,0.659564710378503
KBTBD13,-0.11582552991833811
KBTBD2,-0.5937288184171066
KBTBD3,0.09492494506615667
KBTBD4,-0.19581116249031183
KBTBD6,-0.1920035606649746
KBTBD7,0.10733932280138614
KBTBD8,-0.06907895410419584
KCMF1,0.7398183880249332
KCNA1,0.5146504194007442
KCNA10,-0.007833011962982472
KCNA2,-0.18065016837469905
KCNA3,-0.036803557559976774
KCNA4,0.8620549436010134
KCNA5,-0.993303466763204
KCNA6,-1.2980308921343204
KCNA7,-0.5258185579619299
KCNAB1,-1.6382426014860727
KCNAB2,-0.12412769644901189
KCNAB3,-0.30891961238796983
KCNB1,-0.09083480840893277
KCNB2,0.8855868999794243
KCNC1,0.4022151943599819
KCNC2,0.7239004410466652
KCNC3,0.9389326273145491
KCNC4,0.777639779351281
KCND1,-0.5565995586422183
KCND2,0.22753038890502547
KCND3,0.5892825724772477
KCNE1,0.1111076852633012
KCNE2,-0.6184298778856572
KCNE3,0.16476963722313243
KCNE4,-0.3504841925734112
KCNE5,-1.3797512932292624
KCNF1,-0.07317087107975595
KCNG1,0.7958506044055169
KCNG2,-0.5169697396789094
KCNG3,0.5295610202775922
KCNG4,0.558125173777814
KCNH1,0.5977221324558206
KCNH2,-0.2119003362618077
KCNH3,0.16623009819169576
KCNH4,0.32805748366551635
KCNH5,-0.32120014838984534
KCNH6,0.3836917291556303
KCNH7,-0.13408961352209192
KCNH8,-0.08359052084286267
KCNIP1,-0.3439150392415633
KCNIP2,-0.2697434826986953
KCNIP3,-0.7379304146444026
KCNIP4,-0.3875799779564485
KCNJ1,-1.3489016370524085
KCNJ10,0.01239905186753143
KCNJ11,-0.00447070902481661
KCNJ12,0.052605380519173184
KCNJ13,-0.077499324646646
KCNJ14,-0.457387444437306
KCNJ15,0.14470114689120872
KCNJ16,1.7687155688524125
KCNJ18,0.9960243228388974
KCNJ2,-0.3734894245879622
KCNJ3,0.242959975087517
KCNJ4,0.020967143976483804
KCNJ5,-0.3476699163813296
KCNJ6,0.07475008379855919
KCNJ8,-0.9117600071114204
KCNJ9,-0.004967477631091066
KCNK1,0.0007581550667281611
KCNK10,0.8305582163991339
KCNK12,0.8404934568226592
KCNK13,0.15740494998612453
KCNK15,0.053143033320461025
KCNK16,0.0275282987236308
KCNK17,-0.32046230805814346
KCNK18,0.5076733890501414
KCNK2,-0.7028178577814699
KCNK3,0.729991902902422
KCNK4,0.6115364164730748
KCNK5,-0.18832386363653075
KCNK6,-0.36919961399256307
KCNK7,0.25740443408710023
KCNK9,0.6131812617922283
KCNMA1,0.15697904282895347
KCNMB1,-0.6765372955381266
KCNMB2,0.3282433068977262
KCNMB3,0.08419787701698356
KCNMB4,0.15908505995523825
KCNN1,0.20139112075267418
KCNN2,-1.010199256169615
KCNN3,0.255411152982584
KCNN4,-0.1360624111701192
KCNQ1,0.2176957798322102
KCNQ2,0.4173032955905729
KCNQ3,0.6772235669038968
KCNQ4,0.16259180926455197
KCNQ5,0.40182198109275485
KCNRG,-0.9238813689361567
KCNS1,-0.545216406763029
KCNS2,0.6263519326809193
KCNS3,0.4683362335964707
KCNT1,0.27309604588210856
KCNT2,0.19573257007606326
KCNU1,0.5956973733101198
KCNV1,-0.845955038946659
KCNV2,1.8955934021872711
KCP,0.03660371950140995
KCTD1,0.36180450050294866
KCTD10,0.01129685525704982
KCTD11,-0.4262238763863423
KCTD12,0.3767305898245583
KCTD13,-0.10028440505108094
KCTD14,-0.6589207033240654
KCTD15,0.6123699379467489
KCTD16,0.2761116421724328
KCTD17,0.3577666223839482
KCTD18,-0.4276695241547254
KCTD19,0.08644637973526148
KCTD2,-0.28193629427997946
KCTD20,0.021975413221150042
KCTD21,-0.046564912966015726
KCTD3,-0.03432001770937543
KCTD4,-1.221024828605378
KCTD5,0.014258036521666462
KCTD6,0.8459470505981677
KCTD7,0.22654098502781128
KCTD8,0.2952939201295288
KCTD9,0.14982749456475375
KDELR1,-0.20878583968062614
KDELR2,0.35022784158845877
KDELR3,-0.07703177121563831
KDF1,1.504951071270066
KDM1A,0.10164007395358432
KDM1B,0.45837355669082136
KDM2A,0.565121265865427
KDM2B,0.34824182417117266
KDM3A,-0.057715796585070755
KDM3B,0.3930140145863632
KDM4A,0.11085913391436542
KDM4B,0.5379498882633555
KDM4C,-0.5595559390081236
KDM4D,0.10994645334131636
KDM4E,-0.6512038196533698
KDM4F,0.08550331720548943
KDM5A,-0.28711376425908686
KDM5B,0.035460382779643584
KDM5C,-0.22875648309411822
KDM6A,0.14705554267466514
KDM6B,0.13178984774632507
KDM7A,0.8336368544597494
KDM8,-0.1790018602843757
KDR,0.5322456729735376
KDSR,0.5332827985775319
KEAP1,-0.3457317698107314
KERA,-0.12963415587873772
KGD4,-0.4713239959567901
KHDC1,0.04676391493799725
KHDC1L,-0.7150739798451262
KHDC3L,0.43691609247521024
KHDC4,0.07265140737930764
KHDRBS1,0.021791991586381343
KHDRBS2,0.8318007689934508
KHDRBS3,-8.036375011588603e-05
KHK,-0.055898717770984874
KHNYN,0.3495582612287462
KHSRP,0.2052230902772978
KIAA0040,-0.5196563907034202
KIAA0232,1.1117367133916811
KIAA0319,-0.13927486713616632
KIAA0319L,0.0014531598021720882
KIAA0408,-0.8616367511427083
KIAA0513,-0.003984213770494627
KIAA0586,-0.13924066881867514
KIAA0753,0.02525599837958925
KIAA0825,-0.1876566776552515
KIAA0930,0.02084440596779702
KIAA1143,-0.2033742137271286
KIAA1191,-0.0007003661616744594
KIAA1210,0.22926303825908653
KIAA1217,-0.9757455467977376
KIAA1328,0.04717203938110526
KIAA1549,0.11385390809885232
KIAA1549L,0.7594283660316463
KIAA1586,-0.3657404208643982
KIAA1614,0.38774208603447874
KIAA1671,0.12118422852825095
KIAA1755,0.42955992264887766
KIAA1958,-0.14691158118222258
KIAA2012,0.19687682957671593
KIAA2013,0.13902334624018486
KICS2,0.00131199197512899
KIDINS220,-0.2874020302750053
KIF11,-0.1992419991027523
KIF12,0.022294089546093854
KIF13A,-0.08550735297349421
KIF13B,-0.016354692354921596
KIF14,-0.31565360061045933
KIF15,-0.19520643993237563
KIF16B,0.1230652530668861
KIF17,-0.023277867198340463
KIF18A,-0.2676749979052575
KIF18B,-0.1303974390074698
KIF19,-0.22990988498053655
KIF1A,0.1511785996696784
KIF1B,0.5983673287679006
KIF1C,0.612389191812932
KIF20A,-0.40123493705086055
KIF20B,-0.10147270735961911
KIF21A,-0.029061322679180712
KIF21B,0.40116746377253465
KIF22,-0.14547877470400206
KIF23,-0.09064087369361395
KIF24,-0.08171954141976556
KIF25,0.06362562332451038
KIF26A,-0.2649358912771853
KIF26B,-0.2730778113738319
KIF27,0.1367715955854134
KIF2A,0.3573858358433526
KIF2B,-0.5528595992669467
KIF2C,0.009300432778291956
KIF3A,-0.09217333998639976
KIF3B,0.3729977576602401
KIF3C,0.03884197321424132
KIF4A,-0.3252502498781036
KIF4B,1.391313906609215
KIF5A,-0.039463050335794225
KIF5B,-0.20649147638788534
KIF5C,0.08522336979048384
KIF6,-0.3040082174447978
KIF7,-0.001565533637280514
KIF9,-0.11103373668229466
KIFAP3,1.0933704106565623
KIFBP,-0.5585770198966387
KIFC2,0.5518392474352236
KIFC3,-0.2892935993236025
KIN,-0.09393285340561253
KIRREL1,-0.35117192916220397
KIRREL2,-0.2236860027400427
KIRREL3,-0.24821651180994575
KISS1,0.1714074679764832
KISS1R,-0.03606944737977025
KIT,-0.43314906864472924
KITLG,0.03383066616796923
KIZ,0.1623862211250291
KL,-0.12688268679764492
KLB,-0.36706101815677017
KLC1,0.5218942657508414
KLC2,0.22379504780420678
KLC3,-0.9863908027671636
KLC4,-0.20829964861124808
KLF1,-0.1492250546534437
KLF10,0.17033078878683927
KLF11,-0.20140541800577405
KLF12,0.6510169849728662
KLF14,0.5812393672659977
KLF15,0.22841762588795156
KLF16,0.7941816184940818
KLF17,-0.3544254649379647
KLF18,-0.6030412231177951
KLF2,1.1596153871905326
KLF3,0.9129757949576218
KLF4,0.710075625431406
KLF5,-0.8937648791704249
KLF6,0.4570806553202811
KLF7,0.6506944373195709
KLF8,0.34126470855613067
KLF9,-0.15606659654006894
KLHDC1,-0.19881551840738565
KLHDC10,0.022517447584895045
KLHDC2,0.29620099739742844
KLHDC3,0.026000324921185758
KLHDC4,-0.14705311467815463
KLHDC7A,-0.2806111387442396
KLHDC7B,-0.002847892836718824
KLHDC8A,0.24932792862012987
KLHDC8B,-0.34216659971557384
KLHDC9,-0.26241181270618164
KLHL1,-0.28784640937263606
KLHL10,0.03631632511214722
KLHL11,-0.16361289567850879
KLHL12,-0.12941889615730418
KLHL13,-0.5211145612886088
KLHL14,0.2667331639945171
KLHL15,-0.8482185772805462
KLHL17,0.3689444710451122
KLHL18,-0.11503924842706326
KLHL2,1.0693313248979996
KLHL20,0.026589634128876938
KLHL21,0.2736920819868942
KLHL22,0.678940039027828
KLHL23,-0.2566378669220226
KLHL24,0.07103387986168652
KLHL25,-0.10587775447961523
KLHL26,0.2943463206023855
KLHL28,0.3662276058902922
KLHL29,0.8772686551489848
KLHL3,-0.4445938383343915
KLHL30,-0.33381734235771043
KLHL31,-0.09457377398663591
KLHL32,-0.278796825061959
KLHL33,-0.3588751781652282
KLHL34,-0.300808689960842
KLHL35,0.11785339827786578
KLHL36,-0.16953120166479518
KLHL38,-1.065512426189493
KLHL4,0.8161015827440636
KLHL40,0.9478896601125837
KLHL41,0.021807576694123032
KLHL42,0.6153189115875222
KLHL5,0.7910039136354723
KLHL6,0.023023030584819804
KLHL7,0.04518399673029716
KLHL8,0.1142747968341351
KLK1,0.46144662201135817
KLK10,-0.04908110170902269
KLK11,-0.06520402506511652
KLK12,-0.30805619492926073
KLK13,0.5831620612165621
KLK14,0.006936592909444594
KLK15,-0.7194783151110613
KLK2,0.7357947968621462
KLK3,-1.130366625609204
KLK4,-0.8914566106276578
KLK5,0.24091249317307506
KLK6,0.4010313683365043
KLK7,-0.4815844740241043
KLK8,0.4985365395058834
KLK9,1.4576972746422474
KLKB1,1.797556192008171
KLLN,0.2759181586638171
KLRB1,-0.039836659724068246
KLRC1,-0.17719963375092407
KLRC2,-0.9436108402111021
KLRC3,-0.27504358908072124
KLRC4,0.5346839358949164
KLRC4-KLRK1,-0.0517302785608158
KLRD1,0.031869576758688234
KLRF1,-0.48945817742094644
KLRF2,0.9754967008610407
KLRG1,0.014846899004457903
KLRG2,0.10066172838887466
KLRK1,0.10254850555992201
KMO,-0.8494304831858908
KMT2A,-0.277258603824202
KMT2B,0.27782995177979064
KMT2C,0.22365652002084735
KMT2D,-0.2592640648862883
KMT2E,-0.290306908738061
KMT5A,0.15344213814022734
KMT5B,0.3992576032821029
KMT5C,0.052562996300012266
KNCN,0.10891693296964511
KNDC1,0.2655707925215701
KNG1,0.6789570549399624
KNL1,-0.39220974834769606
KNOP1,-0.1899464841194245
KNSTRN,-0.35061515859667125
KNTC1,-0.1026324385236288
KPLCE,-0.3103477301461583
KPNA1,-0.008494382170817438
KPNA2,-0.3038552690871388
KPNA3,0.08766459987726272
KPNA4,-0.14695201172495054
KPNA5,-0.3738559430271948
KPNA6,-0.17754797089535845
KPNA7,0.3646154142966733
KPNB1,0.26842057369308847
KPRP,0.2933835796538907
KPTN,-0.37915661244240706
KRAS,0.17993884527357906
KRBA1,-0.0146341498094964
KRBA2,-0.36166163438469656
KRBOX1,0.44583242226138625
KRBOX4,-0.31948014203315456
KRBOX5,-0.2766591089987793
KRCC1,-0.5886324024807543
KREMEN1,0.5893384102094927
KREMEN2,0.2496321659259335
KRI1,-0.19830747492897238
KRIT1,-0.2229687368104667
KRR1,-0.5255660966139217
KRT1,-0.6972853127690328
KRT10,-0.8066675319699772
KRT13,-0.25612440671554354
KRT14,0.3527918649777557
KRT15,-0.032797666449035895
KRT16,-0.43864281373028924
KRT17,1.338543087242438
KRT18,0.17437125344189258
KRT19,0.7694336770682624
KRT2,0.01098277253854521
KRT222,1.011968410944888
KRT24,1.9358233206223956
KRT25,-0.7040738190817425
KRT26,-0.1815487636257096
KRT27,0.3323073109790343
KRT28,1.6331222411438016
KRT3,-0.8372264701346293
KRT32,-0.980423267413307
KRT35,-0.3458299303572909
KRT36,0.14531749146372336
KRT38,2.5471117442473625
KRT4,-0.002051229442521063
KRT5,0.3525118132734246
KRT6A,0.5387708619295679
KRT6B,-0.39840158748761123
KRT6C,0.7647735536697988
KRT7,0.34221807161389695
KRT71,-0.8486735726560474
KRT72,-0.32610455241753
KRT73,0.5794022160876199
KRT74,-0.33846499635210325
KRT75,0.7314732651222369
KRT76,0.24506552549925978
KRT77,-0.16107721414254927
KRT78,0.9476335795556363
KRT79,0.44974152223904573
KRT8,0.7054741284091913
KRT80,-0.16153091592389413
KRT81,-1.713842902576331
KRT82,0.7795431569573774
KRT83,-0.3326195541519896
KRT84,-0.13869278477012326
KRT85,0.6338997092061078
KRT86,-0.18627966240995597
KRT9,0.8128479920550006
KRTAP10-1,-0.5456400300164561
KRTAP10-10,0.38991937507876506
KRTAP10-11,-0.0861746513571573
KRTAP10-12,-0.21017733300401686
KRTAP10-2,1.5421184615925045
KRTAP10-3,0.9223598468124886
KRTAP10-4,-0.5542994155066342
KRTAP10-5,0.1812651912221107
KRTAP10-6,0.3692628919807668
KRTAP10-7,-0.2791143799910176
KRTAP10-8,-0.554876984408162
KRTAP10-9,0.28632496970849
KRTAP11-1,-1.1768139466335907
KRTAP12-1,1.2437939348924012
KRTAP12-2,0.5240489982872844
KRTAP12-3,-0.5493718178947917
KRTAP12-4,-0.10233415920137823
KRTAP13-1,1.0930503380356602
KRTAP13-2,0.6535026136415202
KRTAP13-3,-0.04368008752562447
KRTAP13-4,0.6882647945029243
KRTAP15-1,-1.4602335162733282
KRTAP19-1,-1.0565112357166846
KRTAP19-2,0.9904906214151133
KRTAP19-3,0.5527427555290769
KRTAP19-4,-0.21130123688906532
KRTAP19-5,-0.827581382122258
KRTAP19-6,-0.32484948825547344
KRTAP19-7,0.39226988773070315
KRTAP19-8,-0.7325437743517127
KRTAP2-2,-1.163970615420154
KRTAP20-1,0.7688372755970323
KRTAP20-2,0.6200606032426976
KRTAP20-3,-0.20979073288095829
KRTAP20-4,1.1804073372939625
KRTAP21-1,0.011925009757450922
KRTAP21-2,1.3106604532023574
KRTAP21-3,1.2800555323829381
KRTAP22-1,0.530031336813882
KRTAP22-2,0.07764768224574503
KRTAP23-1,-0.4300388605016361
KRTAP24-1,-0.5860869432277714
KRTAP25-1,-1.445965408686947
KRTAP26-1,-0.12657529988373636
KRTAP27-1,0.44426302588219635
KRTAP4-1,0.4975015670762195
KRTAP4-2,0.08885413342059545
KRTAP4-3,1.1990561370177206
KRTAP4-4,0.45625868442522205
KRTAP4-5,-0.5337312821162913
KRTAP4-6,-1.1366657400507572
KRTAP5-10,0.6821513477442925
KRTAP5-11,-0.46681761395134835
KRTAP5-7,0.419367583979813
KRTAP5-8,0.4089856897297114
KRTAP5-9,-0.0576428576470267
KRTAP6-1,0.14327078551520933
KRTAP6-2,0.3806532413173208
KRTAP6-3,0.8726137704804975
KRTAP7-1,-0.32230739285362664
KRTAP8-1,-0.502847648127303
KRTAP9-1,0.3399804605479849
KRTAP9-8,0.6572604356317444
KRTCAP2,-0.1528998851455725
KRTCAP3,-0.4012642861157713
KRTDAP,-0.4488159796153628
KSR1,0.5379292971467518
KSR2,-0.09144729082459069
KTI12,-0.1554973639758348
KTN1,0.250566928168251
KXD1,-0.19636782711883427
KY,-0.010114256035624658
KYAT1,0.629292120001705
KYAT3,0.14533218186990293
KYNU,-0.2909822569091187
L1CAM,0.2078928639134454
L1TD1,-1.1576711908563568
L2HGDH,-0.017252870637482154
L3HYPDH,-0.08479664809406717
L3MBTL1,0.7835620140311819
L3MBTL2,-0.1765931954425488
L3MBTL3,-0.5411314888985783
L3MBTL4,-0.3458499428779296
LACC1,-0.17202610438665156
LACRT,0.2633973843555607
LACTB,0.029890013861378684
LACTB2,-0.5202978158462903
LACTBL1,2.041892005034308
LAD1,1.4547379762058639
LAG3,-0.11662411686645902
LAGE3,-0.09901800402784655
LALBA,0.04812430421686842
LAMA1,0.9731641143073395
LAMA2,-0.3968204627139723
LAMA3,-0.008164245048759788
LAMA4,-0.09520446532365667
LAMA5,0.8850524540799729
LAMB1,-0.1495342277422682
LAMB2,-0.670429257668185
LAMB3,-0.2996623981226303
LAMB4,-0.010803059831220319
LAMC1,1.6688516500782846
LAMC2,-0.3697335326268804
LAMC3,0.019488082587141686
LAMP1,0.9552365623831163
LAMP2,-0.4082219823412654
LAMP3,-0.10834307732752713
LAMP5,-0.28268161738320785
LAMTOR1,-0.11265060048147202
LAMTOR2,-0.0860832597925203
LAMTOR3,-0.12241081007562604
LAMTOR4,0.19847096116651208
LAMTOR5,-0.28945249574356424
LANCL1,0.1661372259088676
LANCL2,-0.006571477524634162
LANCL3,0.49737069006296464
LAP3,-0.016029569045066694
LAPTM4A,0.048494075541332116
LAPTM4B,-0.25304468204897157
LAPTM5,-0.36157151329983606
LARGE1,-0.5172803207908427
LARGE2,-0.06400504064476609
LARP1,0.226806312835524
LARP1B,0.5562758268769858
LARP4,0.5743555771863895
LARP4B,1.051121782674917
LARP6,0.42705147380817854
LARP7,-0.144778640646825
LARS1,-0.3003194293211262
LARS2,0.06347576514634934
LAS1L,-0.11439175016500513
LASP1,-0.030215129705238652
LASP1NB,-0.1963426716960841
LAT,-0.2196110389919559
LAT2,-0.8363447319241895
LATS1,-0.057864964444283906
LATS2,0.5047899191813414
LAX1,-0.12181909103634325
LAYN,1.4773672428679008
LBH,0.3667233485619281
LBHD1,0.19465935030539594
LBHD2,0.3828049664574095
LBP,-0.5236057785232064
LBR,0.1457166888495447
LBX1,-0.7702706491770859
LBX2,-0.29658827704792523
LCA5,-0.08876963563771678
LCA5L,-0.21743273655338058
LCAT,0.042022555189958455
LCE1A,-0.19800531864729787
LCE1B,1.4034020430242728
LCE1C,-1.1611874897784302
LCE1D,0.5707501046280321
LCE1E,0.9266256198240521
LCE1F,-0.47315145859429797
LCE2A,-0.1241976860884163
LCE2B,1.5512360401823313
LCE2C,-0.10606880052873136
LCE2D,0.07163416235403863
LCE3A,-0.5697197739568649
LCE3B,-0.7491817503403184
LCE3C,-0.25234653867091106
LCE3D,0.1824641035115243
LCE3E,1.333432433826993
LCE4A,-0.9632820836150506
LCE5A,1.4557976412000526
LCE6A,-1.7087252181500656
LCE7A,0.7107181654064428
LCK,-0.23047856695401325
LCLAT1,-0.19978345659601793
LCMT1,-0.0006764264189467184
LCMT2,-0.28372682140064853
LCN1,0.9049674698135617
LCN10,0.41002840251717987
LCN12,-0.09851947805274719
LCN15,-0.13461749759931751
LCN2,0.025245581128024996
LCN6,-0.06196101790233399
LCN8,-0.5426834437440253
LCN9,0.5034092447121629
LCNL1,-0.25185020678636993
LCOR,0.9062195051085311
LCORL,0.27159498411228533
LCP1,-0.22402276177024927
LCP2,-0.5628927331824976
LCT,-0.9054690153911732
LCTL,-0.34857583407481574
LDAF1,-0.37041398248827306
LDAH,-0.46369757790207666
LDB1,-0.4681644052607359
LDB2,1.5963619477817574
LDB3,-0.1588357202050612
LDHA,-0.3108528558431862
LDHAL6A,0.02350575646547831
LDHAL6B,1.1353864641280207
LDHB,0.8322700751762625
LDHC,-0.47190443660623393
LDHD,0.19257585005010402
LDLR,-0.5226756484179198
LDLRAD1,-0.22476120250898712
LDLRAD2,-0.40044390953455344
LDLRAD3,-1.5791234296792445
LDLRAD4,-0.015717304366796192
LDLRAP1,1.4117860563298643
LDOC1,-1.9590489495946792
LEAP2,0.4143104466924054
LECT2,-0.3148828970604809
LEF1,0.2476769266386034
LEFTY1,-0.25825353194200895
LEFTY2,0.43841083378690154
LEKR1,-0.05769116498049415
LELP1,0.14328340225827185
LEMD1,1.4391742836683012
LEMD2,0.462177720963024
LEMD3,0.09002054872989973
LENEP,0.00891290014597157
LENG9,-0.48950133190038425
LEO1,0.05152590690603187
LEP,0.32268944608875394
LEPR,0.35745155651757443
LEPROT,0.3613038952563645
LEPROTL1,0.18795145542722302
LETM1,0.5147617101817952
LETM2,-0.22632291760236
LETMD1,-0.20927299313004077
LEUTX,0.5544169513376616
LFNG,-0.25915714636033105
LGALS1,-0.030213754288470618
LGALS12,-0.9546622079425959
LGALS13,-0.4466201968071889
LGALS14,1.992529587346802
LGALS16,1.6780418493586762
LGALS2,-0.42318105591174743
LGALS3,0.5019732011279341
LGALS3BP,-0.9053216051252253
LGALS4,-0.18563224558953895
LGALS7,0.7237557309382614
LGALS7B,-0.5679913868743383
LGALS8,-0.14819389000341987
LGALS9,0.6678567422831871
LGALS9B,-0.01731243234701474
LGALS9C,0.0004059723036167334
LGALSL,0.28690418889270797
LGI1,-1.1061416839894942
LGI2,-1.6554204088375568
LGI3,0.7900603938080986
LGI4,0.4199020212548379
LGMN,-0.2717390566718709
LGR4,-0.3013864680599764
LGR5,-0.7907691041375151
LGR6,-0.04657958972241749
LGSN,-1.802118619892486
LHB,-0.11629231185223254
LHCGR,-0.15080491051733536
LHFPL1,-0.036744461822860286
LHFPL2,-0.33464369389703735
LHFPL3,0.009764746868336394
LHFPL4,0.9762807413823579
LHFPL5,-0.1293461996961085
LHFPL6,0.16096834009098027
LHFPL7,-0.2795254675216765
LHPP,0.6934441669724185
LHX2,0.044190576050701896
LHX3,0.19592558447436026
LHX4,0.049290340484102746
LHX5,-0.6347326499477528
LHX6,-0.2243591448142721
LHX8,-0.6954455291783322
LHX9,-0.3739848709677531
LIAS,-0.5258503901356271
LIAT1,-0.11646589440953736
LIF,0.07227184080287996
LIFR,0.5167282338742223
LIG1,-0.19433240207034697
LIG3,0.6466363868740226
LIG4,-0.07393001251876719
LILRA6,-1.2191486482829088
LILRB2,-0.6042582751504457
LIM2,0.6244760536932898
LIMA1,0.24729457194368987
LIMCH1,-0.2537173669939326
LIMD1,0.26064943438682453
LIMD2,0.0875782327043102
LIME1,0.0673866653880486
LIMK1,0.6213924049705817
LIMK2,-0.33666896933022183
LIMS1,-0.08193952321682474
LIMS2,0.055897540377376154
LIN28A,0.2870655999722127
LIN28B,-0.4419055551833033
LIN37,-0.17874748791952477
LIN52,0.06265758732097915
LIN54,0.049942812191473784
LIN7A,-0.9448504111803888
LIN7B,0.45656604747510343
LIN7C,-0.05131916709916151
LIN9,0.6104832945251673
LINC02203,0.48950133190038425
LINC02218,0.7130020491448266
LINC03040,-0.07441660020651497
LINC03051,-0.28512278104083055
LINGO1,0.23855580962792144
LINGO2,0.9428734192675524
LINGO3,0.45041426683679436
LINGO4,-0.2928451623220236
LINS1,-0.04946777643400413
LIPA,-0.28170705475671465
LIPC,0.00419269700942726
LIPE,0.18540149806346812
LIPF,0.3583465870823279
LIPG,-0.5820998136897835
LIPH,-0.9422792675223008
LIPI,0.24177969441040248
LIPJ,0.0759449178604168
LIPK,0.05974846449385407
LIPM,-0.13137415122940643
LIPN,0.4733482553934518
LIPT1,-0.03447342715698998
LIPT2,0.11354308002794333
LITAF,-0.2582591814504607
LITAFD,-0.3105441578679493
LIX1,-0.7726130001194413
LIX1L,0.20559561789309022
LKAAEAR1,0.33111454920110805
LLGL1,0.22987607408115807
LLGL2,0.5696648310500247
LLPH,-0.5010646003989727
LMAN1,0.2537125371760425
LMAN1L,0.4463168738526575
LMAN2,-0.2907098015610883
LMAN2L,0.028599756598049808
LMBR1,-0.01884722221050783
LMBR1L,0.13068635291867725
LMBRD1,0.22996860834769084
LMBRD2,-0.338876044978738
LMCD1,-1.5055477927847183
LMF1,1.6475350216550133
LMF2,-0.05319320549625406
LMLN,-0.0360323858221685
LMNA,-0.004822929452356295
LMNB1,-0.016299758714287016
LMNB2,-0.06641261478765781
LMNTD1,-0.7956683060554697
LMNTD2,0.48107700618649857
LMO1,0.036030022076872115
LMO2,-0.2488138540366076
LMO3,-0.5765396702637386
LMO4,0.1461365999892843
LMO7,-0.05182995887225306
LMOD1,0.19793604391362707
LMOD2,0.0757919872308288
LMOD3,0.8002544226396371
LMTK2,0.22041229373313787
LMTK3,-0.09299278307987002
LMX1A,0.7098031451608424
LMX1B,0.9435202921625391
LNP1,0.022272402989329088
LNPEP,0.07797200041099739
LNPK,-0.21277150848233006
LNX1,-0.09312953425426806
LNX2,0.532416336233041
LONP1,-0.04481629607480553
LONP2,0.05438415480646075
LONRF1,0.7268156939198454
LONRF2,0.6689289718802023
LONRF3,-0.17456460363858017
LORICRIN,0.03446711168852801
LOX,-0.3658629507534088
LOXHD1,0.2560645873129819
LOXL1,0.6101227252700903
LOXL2,0.5198435041875117
LOXL3,-0.5069693498538661
LOXL4,0.269745931430327
LPA,-0.5156009284064753
LPAR1,-0.007244208213450398
LPAR2,0.31184990783503297
LPAR3,-1.1157294342812505
LPAR4,-0.24089551693012035
LPAR5,0.5979350078444403
LPAR6,0.2936046150554741
LPCAT1,1.0162296905121226
LPCAT2,-0.008379640325304027
LPCAT3,-0.12562110336858368
LPCAT4,0.6051143142219493
LPGAT1,0.782634621340371
LPIN1,-1.0851595299223105
LPIN2,0.9889617822252754
LPIN3,-0.2646254268872088
LPL,0.0
LPO,0.04174963572342438
LPP,-0.04190309060481345
LPXN,-0.35968575953013193
LRAT,0.30817635195995274
LRATD1,0.028825653184117783
LRATD2,0.17822764882884723
LRBA,0.1413407331284109
LRCH1,-0.43221581256672703
LRCH2,-0.6164983789392353
LRCH3,-0.019328578487108672
LRCH4,0.11412347392413835
LRCOL1,-0.38437035573879363
LRFN1,1.2380243864483926
LRFN2,0.014332007358337506
LRFN3,-0.5566294204380551
LRFN4,0.3416232589994106
LRFN5,0.9644151706298664
LRG1,-0.17030205194303377
LRGUK,-0.5935973588499044
LRIF1,0.13424027056570687
LRIG1,0.4309128630433978
LRIG2,-0.18734175232503958
LRIG3,-0.3070236526112957
LRIT1,0.5702190642484076
LRIT2,0.16329359283645412
LRIT3,0.921803263516979
LRMDA,0.12133935804439283
LRP1,-0.10367220719473647
LRP10,0.0297359861174753
LRP11,0.9309920876702389
LRP12,0.4927324727584983
LRP1B,-0.8920223051798626
LRP2,-0.12300374852005813
LRP2BP,-0.05183218402607803
LRP3,0.09941614449033853
LRP4,0.23569029510514072
LRP5,0.13031956971580705
LRP6,0.0919816864252807
LRP8,-0.00812805938090655
LRPAP1,-0.07383960431866887
LRPPRC,-0.3120241853313468
LRR1,-0.4487926321043121
LRRC1,-0.10408415154130424
LRRC10,-0.9410959288556504
LRRC10B,-0.10795563785345763
LRRC14,1.177523669582647
LRRC14B,-0.3192722883738017
LRRC15,-0.27489309163106057
LRRC17,-0.007621931619219341
LRRC18,-0.05168263325447631
LRRC19,-0.8821523754842953
LRRC2,-0.05739853549684626
LRRC20,0.07545155874072673
LRRC23,0.015385763802073349
LRRC24,0.5417550785483662
LRRC25,-0.17045936885361979
LRRC26,0.1836539543781981
LRRC27,-0.03562402509356488
LRRC28,-0.425521828755711
LRRC3,0.6164473240679014
LRRC30,0.6983097934629192
LRRC31,-1.1651168529102622
LRRC32,0.539209316375715
LRRC34,-0.1164581827353226
LRRC36,0.08637165332977137
LRRC37A3,0.9169925027373043
LRRC37B,0.7634611810950869
LRRC38,-0.11493578586261366
LRRC39,0.3128079075435265
LRRC3B,0.17225811286919057
LRRC3C,-0.29037708599350687
LRRC4,1.7682955649347234
LRRC40,-0.2612361647673511
LRRC41,-0.14554414964272855
LRRC42,0.15932623520774758
LRRC43,-0.28998225947457046
LRRC45,0.05735777130897102
LRRC46,-0.2648467180420706
LRRC47,0.37090716787597255
LRRC49,1.2341605048283277
LRRC4B,0.12790262412530062
LRRC4C,0.5785013395161952
LRRC51,0.005650723388654022
LRRC52,0.4866529202415501
LRRC53,1.257670379527272
LRRC55,0.41106988440958403
LRRC57,-0.3903871735270261
LRRC58,-0.0606520369513337
LRRC59,-0.08131644954768813
LRRC61,-0.14587136701486525
LRRC63,-0.22085722002735775
LRRC66,-0.1604570818638269
LRRC69,0.16184576968583309
LRRC7,0.3753072335696581
LRRC70,-0.2828860320230222
LRRC71,0.49055394431475596
LRRC72,-0.42386632181178385
LRRC73,1.5614005885534066
LRRC74A,0.6480050293490038
LRRC74B,-0.1979564519516135
LRRC75A,0.2799359964085242
LRRC75B,-0.34140262610087163
LRRC8A,0.617508213210038
LRRC8B,0.20471865403587852
LRRC8C,0.4093042413069883
LRRC8D,0.29876913946529626
LRRC8E,-0.03958328800512456
LRRC9,-0.30777662011500384
LRRCC1,-0.2417039252521329
LRRD1,0.087878788182145
LRRFIP1,0.583983640418221
LRRFIP2,0.30236887438922166
LRRIQ1,-0.4246829185682428
LRRIQ3,-0.22299236438193137
LRRIQ4,-0.11379860490112836
LRRK1,-0.568318729892901
LRRK2,-0.5195507217715531
LRRN1,0.6870638549342994
LRRN2,-0.17666673026078888
LRRN3,0.0995257208922764
LRRN4,0.060656002974766365
LRRN4CL,-0.042605366962395363
LRRTM1,-0.07662257070693057
LRRTM2,0.132701447090546
LRRTM3,0.21300572856498423
LRRTM4,-0.9336052320900914
LRSAM1,-0.2084405806290528
LRTM1,-0.04675341378592182
LRTM2,-0.7471855208587928
LRTOMT,0.006209529753911092
LRWD1,-0.24946430777066997
LSAMP,-0.2847369417705776
LSG1,-0.476298236692136
LSM1,-0.2963830072023752
LSM10,-0.14915152254090103
LSM11,0.20673384310540843
LSM12,-0.08878902859676252
LSM14B,0.9681830890623395
LSM3,0.1471492550837743
LSM4,-0.38634617521959225
LSM5,-0.14033584478250027
LSM6,-0.05623282058567858
LSM7,-0.24540636919741754
LSM8,-0.36039334230056586
LSMEM1,0.264391105301071
LSMEM2,-0.9990861405495106
LSP1,0.08685450932852135
LSR,-0.5196598793286857
LSS,0.08527534873789833
LTA4H,-0.35435943196688335
LTB4R,0.763639985951966
LTB4R2,0.06187159080937055
LTBP1,0.4040831923859862
LTBP2,0.494767391569356
LTBP3,-0.1700652576172066
LTBP4,-0.8026586250213121
LTBR,0.18156345382504613
LTC4S,-0.327481700813574
LTF,0.0017392971525643786
LTK,-0.059902211818087914
LTN1,0.036097952391140886
LTO1,-0.04980362371946612
LTV1,-0.15666773576808435
LUC7L,-0.0869244395886648
LUC7L2,-0.12846833964481785
LUC7L3,-0.1520848403408488
LUM,-0.07562186758489164
LURAP1,0.41355709620822
LURAP1L,0.15242677110181235
LUZP1,-0.4155627082914237
LUZP2,-1.3710007092778451
LUZP4,0.06362057380736341
LVRN,0.3719718114286362
LXN,0.09143289736503438
LY6D,0.4408094985045855
LY6K,0.043293315166666346
LY75,-0.3310068982433305
LY75-CD302,-0.3066213589750083
LY86,-0.14305233125148797
LY9,0.11589296901678203
LY96,-0.6601384015982967
LYAR,-0.25294333477824527
LYG1,0.2184942715466731
LYG2,-0.17493349094309213
LYL1,0.015388396705652063
LYN,0.2755326433244991
LYNX1,-1.548490063916258
LYNX1-SLURP2,-0.34338391933274337
LYPD1,0.7239709885947645
LYPD2,-0.6315275356417734
LYPD3,0.03931424385379856
LYPD4,0.5196348927461484
LYPD5,-0.56761727833447
LYPD6,-0.4556075933441759
LYPD6B,0.4588572625958616
LYPD8,-0.5953370479941903
LYPLA1,0.09389636591518791
LYPLA2,-0.05220508777222266
LYPLAL1,-0.2402637169537316
LYRM1,-0.15876794133455352
LYRM2,-0.34175616477569903
LYRM4,-0.18900707137803785
LYRM7,0.05428240468999501
LYRM9,-0.5118858336598917
LYSMD1,-0.23473388221713343
LYSMD2,0.54758259789521
LYSMD3,-0.02590041985998237
LYSMD4,0.09341375610382929
LYST,-0.42532871749804796
LYVE1,0.11512299277927451
LYZ,-0.5316263648945995
LYZL1,-1.165232797029663
LYZL2,-0.3598773664819359
LYZL4,-0.2982001574767683
LZIC,-0.3594414911500978
LZTFL1,0.06653763790359957
LZTR1,-0.0634198829715853
LZTS1,0.11825607276689265
LZTS2,0.1687766481377393
LZTS3,0.5148117019776395
M1AP,-0.7469567331718692
M6PR,-0.010197213880807965
MAB21L1,0.17828926644617005
MAB21L2,0.47056043099546296
MAB21L3,-0.4482901194759846
MAB21L4,-0.2525229722855665
MACC1,-0.8855194831391218
MACF1,0.5099190704727019
MACIR,0.116892208060281
MACO1,-0.08280930886836835
MACROD1,0.20941402192018188
MACROD2,1.2881264871643692
MACROH2A1,0.6508542733483926
MACROH2A2,0.09502822766580532
MAD1L1,-0.07777009887055986
MAD2L1,0.1560276650753325
MAD2L1BP,-0.08812014274831625
MAD2L2,0.4945720380657854
MADCAM1,0.1892504465071525
MADD,-9.01860846802549e-06
MAEA,0.30814020565475975
MAEL,0.3473017091110253
MAF,0.024871843070672917
MAF1,0.21112951065451657
MAFA,0.9941883446796158
MAFB,0.822718648678233
MAFF,-0.4237130541353715
MAFG,0.06364772537720675
MAFK,-0.30325545150719835
MAG,0.42760778062961013
MAGEA1,0.14820603704404994
MAGEA10,-0.8612010565284594
MAGEA11,0.06297778768060525
MAGEA12,0.3310225214836282
MAGEA2,0.36574013256099747
MAGEA2B,-0.5246500791374533
MAGEA4,0.5096808339714588
MAGEA6,0.8818963974945486
MAGEA8,0.04215309441626036
MAGEA9,0.3976899070686235
MAGEA9B,-1.1115863944428679
MAGEB1,0.43703837852434946
MAGEB10,0.2437639796513792
MAGEB16,-0.7293450149322214
MAGEB17,-1.4637964620345354
MAGEB18,0.04300945198814987
MAGEB2,-0.03347148870275252
MAGEB3,-0.5361182424148307
MAGEB4,0.5044684053868254
MAGEB5,-0.921803263516979
MAGEB6,0.08278692019659961
MAGEB6B,0.25528458930729925
MAGEC1,0.5350612951225108
MAGEC2,0.4609150550232892
MAGEC3,-1.4526888101849793
MAGED1,0.3954715929325414
MAGED2,-0.5089603346381439
MAGED4,-0.01523062186960411
MAGEE1,0.05429747465899126
MAGEE2,-1.2539917122041921
MAGEF1,0.09428221043844331
MAGEH1,0.5051868237323853
MAGEL2,0.05042181221170994
MAGI1,0.03046993547720156
MAGI2,0.7121546368633482
MAGI3,0.43737468079840003
MAGIX,0.7326387296987928
MAGOH,-0.07132909876256921
MAGOHB,-0.29237039826445077
MAGT1,-0.6652180858631374
MAIP1,-0.5762376133471818
MAJIN,-0.47393240273887166
MAK,0.23493147729825292
MAK16,-0.20961472052925956
MAL,-0.037886668477307595
MAL2,0.9583515614604741
MALL,0.5229539614905857
MALRD1,-2.49265461790957
MALSU1,-0.24221267503678057
MALT1,0.6544086663716868
MAMDC4,-0.3237555884124155
MAML1,0.5489279508648863
MAML2,-0.32847487684062715
MAML3,0.0
MAMLD1,0.8860346519164477
MAMSTR,-0.5886411806347391
MAN1A1,0.38683610718903516
MAN1A2,0.308583645614088
MAN1B1,0.10601056636711537
MAN1C1,0.8934615364450353
MAN2A1,-0.11280251440304134
MAN2A2,-0.038689822777734584
MAN2B1,-0.22505726451046737
MAN2B2,0.3185717310269456
MAN2C1,-0.026161555951667914
MANBA,-0.05644030846196646
MANBAL,-0.3815879002650657
MANEA,-0.10152664500561048
MANEAL,1.028476023645743
MANF,-0.23149425207754337
MANSC1,0.0191698457408358
MANSC4,0.5627051330999704
MAOA,-0.27320274847486736
MAOB,0.7206155718528964
MAP10,0.3950258599429861
MAP1A,0.17593367732926968
MAP1B,0.3199530407671133
MAP1LC3A,0.1003961410702946
MAP1LC3B,0.48223887190934267
MAP1LC3B2,-0.8451983200389909
MAP1LC3C,-0.2244110970543447
MAP1S,0.07220718431872797
MAP2,0.7888447749222651
MAP2K1,-0.12322868927632413
MAP2K2,0.02495890359343189
MAP2K3,0.20814874982051546
MAP2K4,0.7347995109091219
MAP2K5,0.001022491177716578
MAP2K6,-0.24085400236995724
MAP2K7,0.0953286836784688
MAP3K1,0.819711916011344
MAP3K10,-0.287635348455737
MAP3K11,-0.05925046155771874
MAP3K12,-0.07611815752727669
MAP3K13,-1.3770358549480821
MAP3K15,-0.6900747328337111
MAP3K19,-0.22994251723313236
MAP3K2,0.5857418219098687
MAP3K20,1.0439745992533966
MAP3K21,0.520769002860046
MAP3K3,0.4574353835535234
MAP3K4,-0.19756635943849332
MAP3K5,0.3330133472238259
MAP3K6,0.3432259586330688
MAP3K7,0.07263849558663793
MAP3K7CL,0.34826984716612297
MAP3K8,0.0806295259971126
MAP3K9,0.640549543091935
MAP4,0.029165028631650713
MAP4K1,-0.06060376140786605
MAP4K2,-0.16541017522983825
MAP4K3,0.28500768533536824
MAP4K4,-0.04181900073646272
MAP4K5,1.7542570188346083
MAP6,0.27588313261209607
MAP6D1,0.31547355137474753
MAP7,-0.03309254002209139
MAP7D1,1.2309236458356234
MAP7D2,0.47755881986358756
MAP7D3,-0.664693615601798
MAP9,0.11308817373151836
MAPDA,-0.28168525049918625
MAPK1,0.17462766679982966
MAPK10,-0.049356878105439934
MAPK11,0.10094152073709273
MAPK12,0.10430152937879855
MAPK13,0.19748717018975293
MAPK14,0.014345416513405596
MAPK1IP1L,-0.09435611045570358
MAPK3,0.13317851386725543
MAPK6,-0.5447274409448991
MAPK7,-0.18307444278646123
MAPK8,1.2373464080779195
MAPK8IP1,0.268865709302021
MAPK8IP2,0.32099022852564896
MAPK8IP3,0.030562572157401213
MAPK9,0.38118004931264693
MAPKAP1,0.1868178202661337
MAPKAPK2,0.6888037187080527
MAPKAPK3,0.06717777339242748
MAPKAPK5,0.36104850358766694
MAPKBP1,-0.06255845706851115
MAPRE1,0.5627351197730537
MAPRE2,-0.07454135464214229
MAPRE3,0.2581458082418311
MARCHF1,-1.1034382358118142
MARCHF10,0.17524788003684333
MARCHF11,0.354452541038794
MARCHF2,0.6450368579552341
MARCHF3,0.19731893281950263
MARCHF4,-0.8509450373611627
MARCHF5,-0.023949451390533838
MARCHF6,0.022953985524070575
MARCHF7,0.03052412214654332
MARCHF8,0.2709497360457247
MARCHF9,0.16839359906408724
MARCKS,-0.3957656713183937
MARCKSL1,0.586704454769686
MARCO,1.8482316169247899
MARCOL,-0.8696342722485215
MARK1,0.5535784967727464
MARK2,0.29390805821768407
MARK3,-0.016317445303915434
MARK4,-0.4427010919062955
MARS1,-0.7501661792374394
MARS2,-0.3334362976913541
MARVELD1,0.07508832574534008
MARVELD3,1.023941849781246
MAS1,-0.8412528384690436
MASP1,-0.11712700029328382
MASP2,-0.7580575261776479
MAST1,-0.26485916930208697
MAST2,0.037991196633752944
MAST3,0.037100748522161275
MAST4,0.1952877778024913
MASTL,-0.013982001469287297
MAT1A,-0.05620212293602522
MAT2A,-0.12801051172835454
MAT2B,-0.8706117638017852
MATCAP1,0.08797607001812224
MATCAP2,-0.004556777898374165
MATK,0.5183918795349022
MATN1,0.8595127571790113
MATN2,0.07031132627736003
MATN3,0.1788796999157822
MATN4,0.015754564069475174
MATR3,-0.17822805001515718
MAU2,-0.13710511549465831
MAVS,-0.20009543595241652
MAX,0.007060765594480323
MAZ,0.19263408336235255
MB,0.01448873769410347
MB21D2,-0.0699414287942437
MBD1,-0.03844148206895959
MBD2,-0.0028455056937266576
MBD3,0.08077145147490761
MBD3L1,0.24588801708157426
MBD3L3,-0.006830726225986794
MBD3L5,0.16131039696061178
MBD4,0.03476761711411491
MBD5,0.041998707997098705
MBD6,-0.15099642335340757
MBIP,-0.21477733912522012
MBL2,0.2539009129441249
MBLAC1,-0.23387873942168724
MBLAC2,-0.17150946000295342
MBNL1,-0.7476401485155453
MBNL2,-0.11784901894057631
MBNL3,0.020123061558388056
MBOAT1,0.20981540344250504
MBOAT2,0.6135168661426809
MBOAT4,-0.41357504837590975
MBP,-0.1889316517783266
MBTD1,-0.046312097013540665
MBTPS1,0.5471147680557644
MBTPS2,-0.41266788006618693
MC1R,-0.1057253477336717
MC2R,0.105095370187967
MC3R,-0.010747778122791374
MC4R,-0.425789129082915
MC5R,-0.25523969373986466
MCAM,-0.42231632503838124
MCAT,-0.509448585050766
MCC,-0.025702082469623022
MCCC1,-0.2556619345146105
MCEE,-0.20650289487661233
MCEMP1,0.07433764384720876
MCF2,0.2949985323848433
MCF2L,0.09420333840354989
MCF2L2,-0.18997207664500237
MCFD2,0.38923731844557397
MCHR1,-0.13678709204901932
MCHR2,0.8679613817079737
MCIDAS,0.04327406579628601
MCL1,-0.010083611000493597
MCM10,-0.13483277610519018
MCM2,-0.13770915258446426
MCM3,-0.13762421637608035
MCM3AP,-0.2071813695903808
MCM4,-0.27152758285906664
MCM5,-0.40793351862763316
MCM6,-0.08163774220965081
MCM7,-0.30764697750616143
MCM8,-0.27771596887512473
MCM9,0.3041522849962348
MCMBP,-0.21134308938061608
MCMDC2,1.6267645682678364
MCOLN1,-0.09350469634414482
MCOLN2,-0.34531708968080865
MCOLN3,0.13039685792862354
MCPH1,-0.07565146093650466
MCRIP1,0.24115693788467674
MCRIP2,-0.1798293601254013
MCRS1,-0.28321662322851804
MCTP1,0.052795953431388654
MCTP2,-0.3761648648630147
MCTS1,-0.9606722918256585
MCTS2,-0.2764258036504543
MCU,-0.09139926770066875
MCUB,0.08280077047681456
MCUR1,0.5450809513566242
MDC1,-0.3959951678976372
MDFI,-1.1733632586442475
MDFIC,0.589421483624429
MDFIC2,0.2614308714577376
MDGA1,0.28400885314773383
MDGA2,0.8927053547513066
MDH1,-0.05049598497496355
MDH1B,-0.4993357222585866
MDH2,-0.07867333416484268
MDK,-0.14588694369915967
MDM1,-0.14396611476910515
MDM2,-0.1600377397494519
MDM4,-0.07346386367011526
MDN1,-0.2135410147097181
MDP1,0.030624170805903184
ME1,0.4716750331537958
ME2,0.49463004963324675
ME3,-0.29839969793495136
MEA1,-0.1592926797090536
MEAF6,-0.13941071690924645
MEAK7,-0.08758140392797387
MECOM,-0.2676941156634416
MECP2,-0.6781263801831621
MECR,0.0443593397420905
MED1,-0.6163530665803902
MED10,-0.17156137378468994
MED11,-0.22390042668709853
MED12,-0.8681660660964243
MED12L,-0.002357676693128141
MED13,-0.2740927056583775
MED13L,1.3746161269430455
MED14,-0.25958385331302125
MED15,0.6825213890967583
MED16,-0.20914854351658452
MED17,-0.26995122626609636
MED18,-0.6307011030366354
MED19,0.040161792606575375
MED20,-0.3003732184392156
MED21,-0.18418536006149733
MED22,-0.31355624685442596
MED23,-0.27315941867668947
MED24,-0.16514629235433143
MED25,-0.3606871539828589
MED26,0.15506427392447808
MED27,-0.2150136919634802
MED28,-0.3307487657941266
MED29,0.033587743810553405
MED30,0.07042965548058966
MED31,-0.03373759009220656
MED4,-0.17364578436228406
MED6,-0.03776507157215381
MED7,0.8990904064687666
MED8,-0.3789134305544022
MED9,-0.1394783574264058
MEDAG,0.9314480758962795
MEF2A,0.10167449407204732
MEF2B,-0.07601403013977315
MEF2C,-1.120596137276407
MEF2D,0.2620856526322406
MEFV,-0.3002623164696472
MEGF10,-1.3674560536615084
MEGF6,0.26025032499413303
MEGF8,0.0651314729577841
MEGF9,0.6707395752100123
MEI1,-0.3555550182041097
MEI4,-2.255538987606435
MEIG1,-0.25410599263921885
MEIKIN,0.4771390942632903
MEIOC,0.5968775221449537
MEIOSIN,0.006283746974534321
MEIS1,-0.12729245844491288
MEIS2,0.37684929887509444
MEIS3,0.6919809936886139
MEIS3P2,0.29310960024411115
MELK,-0.35618270048382383
MELTF,-0.12229248326973341
MEMO1,-0.27134102672278626
MEN1,-0.3296318378480674
MEOX1,-0.04397406542693494
MEOX2,0.07681363919925621
MEP1A,0.9436108402111021
MEP1B,0.3742966257977809
MEPCE,-0.08848935005481806
MEPE,-0.6100134868395479
MERTK,-0.004989314757921193
MESD,0.1338041670951613
MESP1,0.1671232560949827
MESP2,-0.14956599639588886
MEST,0.20305789558087606
MET,0.15223735867579802
METAP1,0.24536475927035273
METAP1D,0.06982216660471341
METAP2,-0.20337837081376087
METRN,0.46514522681712656
METRNL,-0.3976899070686235
METTL1,0.004680341675413757
METTL13,0.1991726476392115
METTL14,-0.4125596156852884
METTL15,-0.27981206772154543
METTL16,-0.280405119863528
METTL17,-0.4126955128184173
METTL18,-0.23958757891916083
METTL21A,0.08646872819735663
METTL21C,-1.3545328019988265
METTL21EP,-1.1639411938891038
METTL22,-0.22091222751721862
METTL23,-0.23779363020470967
METTL24,0.008904725037339967
METTL25,-0.23809570058287655
METTL25B,-0.04199161360417225
METTL26,-0.1414373061746872
METTL27,0.03612863415232859
METTL2A,0.010252165602525842
METTL2B,0.14175112915576715
METTL3,-0.3326451876727079
METTL4,-0.3111913649445004
METTL5,-0.42094778198059046
METTL6,-0.5593417263507781
METTL8,0.4489224268618761
METTL9,-0.1080292458337796
MEX3A,0.01582487893405382
MEX3B,0.6984469246588203
MEX3C,1.1361742837669724
MEX3D,0.35743394031284126
MFAP1,-0.5773419491857346
MFAP2,-0.20972088110600118
MFAP3,-0.037115210118530584
MFAP3L,-0.8512861228718974
MFAP4,0.5895192934142683
MFAP5,0.34216228194935105
MFF,-0.15358654517911496
MFGE8,-0.21753845386908255
MFHAS1,0.5883120878129833
MFN1,-0.09794356611287647
MFN2,0.4078557277031365
MFNG,-0.45683898968103653
MFRP,-0.13052436785995747
MFSD1,1.1107087565440275
MFSD10,-0.12803433190894076
MFSD11,0.17025256809991296
MFSD12,-0.2835011408412913
MFSD13A,-0.4069010159734576
MFSD14A,-0.07443121779818895
MFSD14B,0.022632674594517344
MFSD2A,-0.16703722635955742
MFSD2B,-0.5413264888223422
MFSD3,0.1953147286053687
MFSD4A,0.19158139596391777
MFSD4B,-0.01905518503819259
MFSD5,-0.19211572970585244
MFSD6,0.5579947915011463
MFSD6L,0.9696917830966765
MFSD8,-0.024868593129559358
MFSD9,0.25808770695796834
MGA,-0.041921648509509524
MGAM,0.373511143718382
MGARP,0.4774086784204449
MGAT1,-1.295613980021303
MGAT2,-0.08230734186114219
MGAT3,-0.17725911371687975
MGAT4A,0.49083976565550724
MGAT4B,0.5288377883710154
MGAT4C,-0.8711391253148686
MGAT4D,-0.17270538625619825
MGAT5,-0.15899013894568625
MGAT5B,0.33408396618308434
MGLL,0.24428666887567374
MGME1,0.23612710354621935
MGMT,0.2294879867214359
MGP,-0.5186270431227754
MGRN1,-0.1618565588488199
MGST1,-1.193214434054512
MGST2,0.7853472926383337
MGST3,0.017118372997985354
MIA,0.012992395365522214
MIA-RAB4B,0.013078334544562864
MIA2,-0.060876702079918465
MIA3,0.4145897864413577
MIB1,0.0696077047502639
MIB2,0.2816190254861324
MICA,-0.6834173362710656
MICAL1,0.8679921439752087
MICAL2,-0.5136366776538435
MICAL3,-0.04999212332165115
MICALL1,1.1210449026597293
MICALL2,0.5394851423228495
MICOS10,-0.17966622734028315
MICOS10-NBL1,-0.16853911026013702
MICOS13,-0.04294175823377522
MICU1,-0.06578415264940052
MICU2,0.22794890867252704
MICU3,0.20867754722881848
MID1,1.2364312616956648
MID1IP1,-0.37844669241419965
MID2,0.9454387804741049
MIDEAS,-0.9386983628905425
MIDN,0.6061938683046746
MIEF1,-1.6094822284073973
MIEF2,0.3410839929232212
MIEN1,0.14937397334665636
MIER1,-0.02440713300556485
MIER2,0.21855853953887827
MIER3,-1.213279241860632
MIF4GD,0.32668969881053833
MIGA1,-0.031659973979255795
MIGA2,-0.05750842066722317
MIIP,-0.06190646245937348
MILR1,-0.2755512075596532
MINAR1,0.3321941267033782
MINAR2,-0.4752623364328429
MINDY1,0.007261015755002376
MINDY2,-0.05235413957050383
MINDY3,0.061843740817861814
MINDY4,0.03804086650062466
MINDY4B,0.456608472882728
MINK1,0.4066385744158536
MINPP1,0.06298940520610596
MIOS,0.35450947565105784
MIOX,0.06166514408286461
MIP,-0.2327950692326599
MIPEP,-0.07632974346019772
MIPOL1,0.23425192451867316
MIS12,-0.059824176112307725
MIS18A,-0.10200543209245794
MIS18BP1,-0.08578272991626257
MISFA,-0.6575663762228152
MISP,-0.3295200321827725
MISP3,0.4474433520051804
MITD1,-0.23702735224099314
MITF,-0.2109704508514163
MIURF,-0.7872496004107672
MIX23,-0.16166460867291832
MIXL1,-0.16898052084860415
MKI67,-0.5697864622313533
MKKS,-0.35062338765991896
MKLN1,-0.17106299644205158
MKNK1,-0.02399402217530966
MKNK2,0.9259329941001253
MKRN1,0.3894238989947638
MKRN2,0.1170755258087226
MKRN2OS,-0.2794761364610067
MKRN3,-0.2244531807976582
MKS1,-0.006780566516316533
MKX,0.8811664585650848
MLANA,-0.16057664262343485
MLC1,-0.15284352476956897
MLDHR,0.2849197869249043
MLEC,-0.022206917583884156
MLF1,0.7934442796288661
MLF2,0.5669461742219424
MLH1,-0.15759607246663432
MLH3,-1.4251857371168233
MLIP,0.5227555084334303
MLKL,-0.3581175842177746
MLLT1,0.9862784020783191
MLLT10,0.19694079203774928
MLLT11,0.03232946199319109
MLLT3,0.08687272337269913
MLN,0.6485129233205713
MLNR,0.6662219975775487
MLPH,-0.4916592625279487
MLST8,-0.2833214556927701
MLX,-0.14901429277510037
MLXIP,0.19755745964172355
MLXIPL,0.28694800096963813
MLYCD,0.2995967977458842
MMAA,0.7609459300262058
MMAB,0.25810814978499597
MMACHC,0.03618039855750066
MMADHC,0.0496120961165305
MMD,0.15314116519712062
MMD2,1.008349793027435
MME,0.38092201128197645
MMGT1,-0.5461065825354163
MMP1,0.1791166410095935
MMP10,1.1874734694055413
MMP12,0.0870108124058151
MMP13,0.35737530742283574
MMP14,0.2357352286845913
MMP15,0.6279702118265216
MMP16,0.07817820979639722
MMP17,0.6117554893335377
MMP19,-0.7934030415336562
MMP2,0.9244142136788884
MMP20,-0.4609728283665059
MMP21,0.9426791332665512
MMP23B,0.5737595596438947
MMP24,0.7300485868357394
MMP24OS,-0.03325048200675518
MMP25,-0.189498165468033
MMP26,0.9197297984735289
MMP27,0.372873964984138
MMP3,-0.2430979896962545
MMP7,-2.2947041988698165
MMP8,0.12255686890061035
MMP9,0.199938565315803
MMRN1,-0.14014371223576516
MMRN2,-0.8597391794206589
MMS19,0.1432801618504982
MMS22L,-0.1097916676898123
MMUT,-0.19033727294572866
MN1,-0.3362026290976545
MNAT1,-0.10620425362132746
MND1,-0.23123536979236903
MNDA,-0.7747201834333249
MNS1,-0.919745888988392
MNT,-0.07288153961527755
MNX1,0.4184358588800823
MOB1A,-0.10295410788276005
MOB1B,-0.3445408868409592
MOB2,0.7774785618403456
MOB3A,-0.03914498714135295
MOB3B,-0.20102986234235232
MOB3C,-0.027436429867928602
MOB4,0.020537216980722306
MOBP,-0.6180709388835608
MOCOS,0.27561599864892067
MOCS1,-0.606617841173049
MOCS2,0.01159362521275753
MOCS3,-0.3870945341236549
MOGAT1,-0.8331962262661128
MOGAT2,0.08214488399797915
MOGAT3,0.4754633789605551
MOGS,-0.46394087342776835
MOK,-0.3835012725803102
MON1A,-0.10211836667920604
MON1B,0.02312386394678878
MON2,-0.10029655179748698
MORC1,-0.915245574192088
MORC2,0.3081379949898455
MORC3,0.48761410736604294
MORC4,-0.3135747068502639
MORF4L1,-0.010548298585072446
MORF4L2,-0.3507340079525205
MORN1,0.20572111464583465
MORN2,-0.47901183910985834
MORN3,-0.14464542885060006
MORN4,-0.26612577687735994
MORN5,-0.19140346335489955
MOS,-0.4293405878489534
MOSMO,-0.3579434492925424
MOSPD1,-0.14973300103296872
MOSPD2,0.13393002960011025
MOSPD3,-0.0002388087331732791
MOV10,-0.7116351705826232
MOV10L1,1.513192134945546
MOXD1,-1.7093675007264346
MPC1,0.31978002059150956
MPC1L,0.7841710698369209
MPC2,0.025387411844174146
MPDU1,-0.34917666678861625
MPDZ,-0.578393770173627
MPEG1,1.0023730208721695
MPG,-0.17041594770509594
MPHOSPH10,-0.20732044821142992
MPHOSPH6,-0.12302823637411642
MPHOSPH8,0.02264056203553899
MPHOSPH9,-0.6960326167945863
MPI,-0.42573324748441266
MPL,0.35000638233597775
MPLKIP,-0.09155511170476593
MPND,0.03389629765259716
MPO,-0.5190391008227682
MPP1,1.335682711954592
MPP2,-0.31560914145205987
MPP3,0.356205398991841
MPP4,-0.25049589484299895
MPP7,-0.08434478638688336
MPPE1,0.2282615169260671
MPPED1,0.6371166652501328
MPPED2,-0.03433804791950301
MPRIP,-0.2031658655390327
MPST,0.15635633872044785
MPV17,-0.5193087259663368
MPV17L2,0.005761949802572275
MPZ,0.42325448040366204
MPZL1,0.1372718713758294
MPZL2,0.153335239598681
MPZL3,-0.5846690686109328
MR1,-0.6278198073546681
MRAP,0.4545966654929159
MRAP2,-0.07870059247485983
MRAS,-0.6303106130630635
MRC1,0.09140296768058626
MRC2,0.1556811287559352
MRE11,-0.10096341868527858
MREG,-0.4159048146084845
MRFAP1,-0.27597958488084995
MRFAP1L1,-0.24353491113985504
MRFAP1L2,-0.136704714848068
MRGBP,0.05867827768322975
MRGPRD,-0.5976031176530818
MRGPRE,-0.15622556770049756
MRGPRF,-0.26939028141267973
MRGPRG,-0.47339934740913847
MRGPRX1,-1.5468051306208466
MRGPRX2,-0.2781597138361094
MRGPRX3,0.9436108402111021
MRGPRX4,-0.11351010259046007
MRI1,-0.1069099636505546
MRLN,-0.11545798535441736
MRM2,-0.264234730667281
MRM3,-0.19998837544632675
MRNIP,-0.6613886543509749
MRO,0.45855435702562314
MROH1,-0.058798627000975934
MROH2A,0.499482797743139
MROH2B,0.057260024516768704
MROH5,0.4927720237284541
MROH7,0.20619700651084183
MROH7-TTC4,0.22414749534192213
MROH8,-0.23686196614001265
MROH9,-0.11409561104666432
MRPL1,-0.3658348278813879
MRPL10,-0.281732122269867
MRPL11,0.22162797667253464
MRPL12,0.005205149754274885
MRPL13,-0.38657615777211296
MRPL14,-0.4196171908960844
MRPL15,-0.2803141694760942
MRPL16,-0.5244654976907217
MRPL17,-0.19707638932659588
MRPL18,-0.1727123172633407
MRPL19,-0.07111331992716341
MRPL2,-0.10440858912658957
MRPL20,-0.1254526720484037
MRPL21,0.06389264233421521
MRPL22,-0.33028236005757305
MRPL24,-0.14231058485924208
MRPL27,-0.4229009219743105
MRPL28,-0.3641978514597568
MRPL3,-0.36589490393196966
MRPL30,-0.2423161777428957
MRPL32,-0.07108930440885519
MRPL33,-0.2540343721599547
MRPL34,-0.15134958551190625
MRPL35,-1.0508905083214857
MRPL36,-0.5515955437142099
MRPL37,-1.141191731015974
MRPL38,0.3216058821880772
MRPL39,-0.14574154588385024
MRPL4,-0.22329716470094052
MRPL40,0.1255322692206633
MRPL41,0.09597698253272968
MRPL42,-0.48564156817063164
MRPL43,-0.2260831413258968
MRPL44,-0.3664593981576587
MRPL46,-0.33171165310577244
MRPL47,-0.3124821579122363
MRPL48,-0.47612287581524537
MRPL49,0.12638856058088255
MRPL50,0.0852871904039798
MRPL51,-0.049274446516836434
MRPL52,-0.5658260231665952
MRPL53,-0.41248112037049367
MRPL54,-0.2662211806303736
MRPL55,0.021175598359079117
MRPL57,-0.1218011010936424
MRPL58,-0.42771924612744083
MRPL9,-0.1888807089251019
MRPS10,-0.406993677297359
MRPS11,-0.3251328350977305
MRPS12,0.10562052873161853
MRPS14,-0.08784856071052971
MRPS15,-0.1232086530840224
MRPS16,-0.42341042784532057
MRPS17,-0.37499704855583715
MRPS18A,0.14828869722743665
MRPS18C,-0.3044629084059256
MRPS2,-0.29438865352319077
MRPS21,-0.3134539931616116
MRPS22,-0.054730828606617044
MRPS23,0.021768294716078884
MRPS24,-0.16240360195820092
MRPS25,0.09119160831147521
MRPS26,-0.27528514107430535
MRPS27,-0.46272989930177566
MRPS28,-0.2737696402983998
MRPS30,-0.0028903357451550704
MRPS31,-0.11266440964265012
MRPS33,-0.14743912679177473
MRPS34,-0.2486342484476074
MRPS35,-0.3609274911231406
MRPS5,-0.2743961861703559
MRPS6,1.6986163633484308
MRPS7,-0.2753557896766301
MRPS9,0.28248780682091645
MRRF,-0.5674671442451698
MRS2,0.23886929716445948
MRTFA,-0.032163915486126626
MRTFB,0.09879877923192959
MRTO4,-0.16262676405994458
MS4A1,-0.12820585474146598
MS4A10,-0.13903857660289676
MS4A12,-0.47161210824136446
MS4A13,-0.31464889829136145
MS4A14,0.08313646469355884
MS4A15,-0.35361578384543124
MS4A18,-4.996422964254066e-08
MS4A2,0.5295921337286422
MS4A3,0.7549209003503988
MS4A4A,-2.10383806648282
MS4A4E,0.258427860470024
MS4A5,0.7510006212850607
MS4A6A,-0.8494372385375543
MS4A6E,0.13441435965314621
MS4A7,0.058285474822197036
MS4A8,-0.362882693726287
MSANTD1,-0.3585340863124238
MSANTD2,0.1818955920380798
MSANTD3,-0.17209082049262658
MSANTD3-TMEFF1,-0.4631715245967216
MSANTD4,0.01179685726251467
MSANTD5,-0.9819020876522979
MSANTD7,0.0888676115940834
MSC,0.3159337269513093
MSGN1,0.06347822849405571
MSH2,-0.25106114798995627
MSH3,0.3411887850669588
MSH4,-0.7874147751652356
MSH5,-0.20585882350505313
MSH5-SAPCD1,-0.20019640761202817
MSH6,-0.41061808596074767
MSI1,0.8284794174749874
MSI2,-0.028946651849492966
MSL1,0.4081368685986506
MSL2,-0.13773067344298706
MSL3,0.6376551639283177
MSL3B,-0.7096281433647385
MSLN,0.15681671416919696
MSLNL,-0.19453303559954538
MSMB,0.03640573441782671
MSMO1,0.21985159518952546
MSMP,-0.3247202626254646
MSN,0.8799265183805236
MSR1,-0.5758435430620852
MSRA,-0.08320068261432523
MSRB1,-0.006433942686119742
MSRB2,-0.035399291962465274
MSRB3,-0.03178463548271382
MSS51,-0.018404772666012814
MST1,0.46702215149813053
MST1R,-0.00942298844144318
MSTN,0.5192287857116259
MSTO1,-0.4516943193694143
MSX1,1.33264321600114
MSX2,-0.16074559236965147
MT1A,0.015440395764116488
MT1B,0.5635071725062386
MT1E,0.030824666880783946
MT1F,2.044576737198012
MT1G,2.5941167919966617
MT1H,1.467149578938594
MT1HL1,-1.34385705619802
MT1M,0.6355314727121816
MT1X,1.0025411486876026
MT2A,1.0640236479983374
MT3,-0.6065682255223915
MT4,0.7376061546979835
MTA1,-0.055338344052597854
MTA2,0.1997705835366581
MTA3,0.2987367538833583
MTARC1,-0.2005001167113678
MTARC2,0.7762485574571258
MTBP,-0.38362758905955774
MTCH1,0.003907728810784938
MTCH2,0.12614954610093587
MTCL1,0.2275409364374763
MTCL2,0.535265752704321
MTCL3,-1.1142386877095267
MTCP1,-0.22731977423357108
MTDH,0.017973552697806205
MTERF1,-0.12328988936591134
MTERF2,-0.27431785262862646
MTERF3,0.010247801315975025
MTERF4,-0.06959798848970378
MTF1,0.04725061228192384
MTF2,-0.014016258166594575
MTFMT,-0.2578670427128942
MTFP1,-0.5626051431707726
MTFR1,-0.14008935142894607
MTFR1L,-0.1822773643118305
MTFR2,0.030174529472829725
MTG1,-0.24529783011807993
MTG2,0.006721301667132806
MTHFD1,-0.0791692170499676
MTHFD1L,0.47195173583130057
MTHFD2,0.9330078750785749
MTHFD2L,-0.26994969855446327
MTHFR,0.14698855919906784
MTHFS,-0.183091325974158
MTHFSD,0.3675171191228954
MTIF2,-0.5068392236881074
MTIF3,0.04606040795244848
MTM1,0.3027932027299869
MTMR1,-0.24782805717525624
MTMR10,0.3733752051240189
MTMR11,0.05964066760006781
MTMR12,0.5985395808665368
MTMR14,0.07818271892102846
MTMR2,-1.1223172088049198
MTMR3,-0.06664843921022179
MTMR4,0.2139171752827016
MTMR6,-0.31521928412569533
MTMR7,-0.02229212753397236
MTMR8,-0.37367735959237613
MTMR9,0.5175405636625703
MTNAP1,-0.43509811161280965
MTNR1A,0.7501400155025083
MTNR1B,0.40526593817718365
MTO1,-0.5344091251310923
MTOR,0.03944623548124593
MTPAP,-0.4743415487000866
MTPN,-0.20895969244507206
MTR,-0.17063150260863136
MTRES1,-0.2720022671382294
MTREX,-0.3877814025232684
MTRF1,-0.4449768769492879
MTRF1L,0.08259875451520493
MTRFR,-0.23269952583042208
MTRR,0.14043409836702164
MTSS1,0.059137651859900275
MTSS2,0.5811177923684405
MTTP,0.0614656284260926
MTURN,0.8717947451258121
MTUS1,0.33831720606344007
MTUS2,0.8695116356435789
MTX1,-0.3010000264060544
MTX2,-0.3318505899278996
MTX3,-0.5469983922676929
MUC1,-0.13544074040208098
MUC12,0.13091645410914682
MUC13,0.44082701494010423
MUC15,0.17114188876142866
MUC16,0.8466691193859783
MUC17,1.1451159885479523
MUC19,0.5263867865752379
MUC3A,0.1251008337153252
MUC5AC,0.2719599358561975
MUC5B,-0.04451498254365027
MUC7,-0.36207570679020407
MUCL1,0.5208912606479914
MUL1,-0.1862787358858471
MUS81,0.19630661098332514
MUSK,-0.700881643917898
MUSTN1,0.8941925432249483
MUTYH,-0.281370970747691
MVB12A,-0.2506919882704923
MVB12B,-0.09639165285389995
MVD,0.11167211127771726
MVK,0.2619822535205909
MVP,0.11676451837386015
MX1,-0.4780230489250813
MX2,0.09313952991591101
MXD1,0.6840275119403296
MXD3,0.14339095253926892
MXD4,0.15200328671283714
MXI1,-0.17967829190678763
MXRA5,-0.3830365925139305
MXRA7,-0.2191565675012992
MXRA8,-0.4411606281194025
MYADM,-0.06355865276086792
MYADML2,-0.5524845503286044
MYB,0.42888661182701426
MYBBP1A,-0.23445583941201953
MYBL1,-0.07076357943439326
MYBL2,0.009433115075379028
MYBPC1,-0.1233317703347967
MYBPC2,-0.17060427856743843
MYBPC3,-1.0373032239598357
MYBPH,0.9456679338220646
MYBPHL,0.32819636339037905
MYC,-0.0874716114188896
MYCBP,-0.10530354597661784
MYCBP2,0.03943272721316404
MYCBPAP,-0.5503765015739366
MYCL,0.45963062546453504
MYCN,-0.31188241147093
MYCT1,0.0025809694774796554
MYD88,-0.055981654309689155
MYDGF,0.17714604016997137
MYEF2,-0.562982811937558
MYEOV,0.2002687437613444
MYF5,-0.028710558122263863
MYF6,1.2604608209104124
MYG1,0.06257311056694448
MYH1,0.621765333437684
MYH10,0.11760639354357316
MYH13,-0.6065102205401887
MYH14,-0.19818281156763684
MYH15,0.08966787447317026
MYH16,0.08594695708320632
MYH2,0.65116566434287
MYH3,0.4658290921454876
MYH4,0.4313250605693961
MYH6,0.3277018725548121
MYH7,0.561585511282051
MYH7B,-0.1268777857852097
MYH8,1.3247331737710513
MYH9,0.5422998181925038
MYL1,-0.8953992253282304
MYL10,1.2265463357414186
MYL11,0.23880897436710669
MYL12A,-0.04656330891726235
MYL12B,-0.28059291421760424
MYL2,-0.26913783556032933
MYL3,0.37162455655650495
MYL4,-0.5557219725194762
MYL5,0.020225421069576477
MYL6,-0.09641766676538932
MYL6B,-0.4601048408284756
MYL7,-0.674588384807775
MYL9,-0.2933031148944617
MYLIP,0.2555904909149618
MYLK,0.46551121868987533
MYLK2,-0.12593417422235986
MYLK3,-0.6625891306941134
MYLK4,-0.0063325838718881755
MYMK,-0.3559695103838849
MYMX,-0.005161135851811605
MYNN,-0.22298801803485713
MYO10,-0.54864258020245
MYO15A,-0.08998164689999677
MYO15B,0.20133498502619585
MYO16,0.3634450097798705
MYO18A,0.06764888547725079
MYO18B,-0.6243177363239106
MYO1A,-0.2796986749403009
MYO1B,0.10790884959663671
MYO1C,0.5032511768733889
MYO1D,1.5065073501928055
MYO1E,0.3747055364343794
MYO1F,-0.03107656836347239
MYO1G,-0.03814557069557711
MYO1H,1.092248564660938
MYO3A,-0.14591326026506257
MYO3B,-0.09329732697632953
MYO5A,0.14441870563150694
MYO5B,0.9106101038565488
MYO5C,1.179266674919195
MYO6,0.07321715217855473
MYO7A,-0.2067709435909597
MYO7B,-0.46322411893313026
MYO9A,-0.21783179549801712
MYO9B,0.4438062372612128
MYOC,0.2634276753595845
MYOCD,-0.43112032760839347
MYOCOS,-0.4828926769724209
MYOD1,-0.23213422928001076
MYOF,-0.30799075764400463
MYOG,-0.1510090013443961
MYOM1,0.2702077843753219
MYOM3,-0.001953309974747075
MYORG,0.0298891021925467
MYOT,-0.8513100531179357
MYOZ1,0.08855859684505407
MYOZ2,-0.9408955406617078
MYOZ3,0.5526909229949009
MYPN,-0.18006841812265745
MYPOP,0.16654958315976298
MYRF,0.4398809639195971
MYRFL,-0.35565240234624373
MYRIP,1.0743092654048292
MYSM1,0.1189025164142743
MYT1L,0.5844753161654684
MYZAP,0.19848374488629128
MZB1,-0.3087528308873857
MZF1,-0.014191418621758878
MZT1,-0.02107567403704458
MZT2A,0.24251963618268846
MZT2B,0.4638986906908906
N4BP1,-0.3283436265052887
N4BP2,0.07318089595111932
N4BP2L1,0.7290213570258337
N4BP2L2,-0.23981021343543762
N4BP3,0.23069315901788157
N6AMT1,-0.2123395910585204
NAA10,0.6416662244973419
NAA11,-1.1056357203615679
NAA15,-0.018991046643306753
NAA16,-0.2954847780656573
NAA20,0.048150768102165564
NAA25,0.19681221109513736
NAA30,0.09480848174118961
NAA35,0.021736362196031145
NAA38,0.07747338816025717
NAA40,0.17485065111075837
NAA50,-0.18840323873047637
NAA60,-0.23823441036650816
NAA80,0.17232670475100154
NAAA,-0.41975105933777224
NAALAD2,0.9131785463647374
NAALADL1,-0.8908757949613493
NAALADL2,-0.6314557612236238
NAB1,-0.3818737424772577
NAB2,0.364393669749699
NABP1,-0.08325239684370889
NABP2,-0.02308937982604853
NACA,0.2458890958651805
NACA2,0.3599218713704081
NACAD,0.0
NACC1,-0.7214131292255948
NACC2,-0.47317427225734454
NADK,-0.29518761549727746
NADK2,0.08219115187977089
NADSYN1,-0.04662920584631536
NAE1,-0.14889627002126016
NAF1,-0.1283292426547673
NAGA,-0.02908719963569606
NAGK,-0.42912101413964543
NAGLU,0.8104871114287167
NAGPA,-0.4661926893000312
NAGS,1.042328452534531
NAIF1,0.06642816088633907
NALCN,0.11936274456204155
NALF1,-0.22644831339017713
NALF2,-0.3121239404466052
NAMPT,0.23836026923535947
NANOG,0.27439301758673845
NANOGNB,-0.6439979250513654
NANOGP8,2.212767629197298
NANOS1,0.6634655076516838
NANOS2,-0.30347539051012173
NANOS3,-0.3685724961534689
NANP,-0.2797093626074503
NANS,0.1500290631772394
NAP1L1,-0.12094607775349253
NAP1L2,-0.16863503464054963
NAP1L3,-0.2548260153822772
NAP1L4,1.2980491203344353
NAP1L5,-0.3984083495995745
NAPA,-0.10514801200178692
NAPB,-0.09846060409718671
NAPEPLD,1.5755361678315192
NAPG,0.055106317557618745
NAPSA,-0.1536160080771405
NARF,0.35287626755422696
NARS1,-0.234490083761
NARS2,-0.05575669712185949
NASP,-0.07765072710241405
NAT1,-0.3476154347849141
NAT10,-0.27964963820421307
NAT14,-0.36428277114397467
NAT16,0.9918717850427805
NAT2,-1.2093538995947761
NAT8,0.9413921678722187
NAT8B,0.1202262432602772
NAT8L,1.2990589843592237
NAT9,0.08543076064670618
NATD1,0.6060419131479793
NAV1,0.31011967724478495
NAV2,0.12252218547734614
NAV3,0.5605786429369912
NAXD,-0.09953871370886525
NAXE,-0.15488356169326067
NBAS,-0.4334207052725363
NBDY,-0.56306273004021
NBEA,0.17146082692178277
NBEAL1,-0.015869086495587936
NBEAL2,0.5385117434786055
NBL1,-0.16748512481873057
NBN,-0.5849131674420177
NBPF1,0.1638266654466074
NBPF10,-0.005237660277549017
NBPF11,-0.07291618980024639
NBPF12,0.16776940823355213
NBPF14,0.4146261359773473
NBPF15,0.2400195337950657
NBPF19,-0.3976899070686235
NBPF20,0.08995663914339191
NBPF26,0.8470119755974839
NBPF3,-0.2811773786040226
NBPF8,0.11231756887311128
NBPF9,-0.7463358114752547
NBR1,-0.23880493801867875
NCALD,-0.17293008021946066
NCAM1,-0.19656597079301497
NCAM2,0.2922113252854077
NCAN,-0.16170124080526943
NCAPD2,-0.025890339319767364
NCAPD3,0.3856909581815158
NCAPG,-0.15436860721548662
NCAPG2,0.05532138602963066
NCAPH,-0.22199213868188483
NCAPH2,-0.03361357447733049
NCBP1,-0.13174861309148422
NCBP2,-0.11473895666848133
NCBP2AS2,-0.10369850786826262
NCBP2L,-0.13161282365321103
NCBP3,0.28774290731402896
NCCRP1,-0.3484116115886944
NCDN,0.02204087959973222
NCEH1,-0.38900169215317604
NCF2,0.5492889651093822
NCK1,-0.11613645038413623
NCK2,0.8122746713183946
NCKAP1,0.2297191074341285
NCKAP1L,-0.08574343544892216
NCKAP5,-1.260060022786956
NCKAP5L,-0.14307339384635842
NCKIPSD,-0.07928970746582031
NCL,-0.5997034659550191
NCLN,0.26765016794595287
NCMAP,0.04903561765841302
NCOA1,0.5714601551632921
NCOA2,0.6750589064740242
NCOA3,0.026877480286095157
NCOA4,0.15416079876911937
NCOA5,0.4399781871006363
NCOA6,-0.032907210086806415
NCOA7,-0.4725522792602952
NCOR1,-0.5741194978522062
NCOR2,0.09521869511650038
NCR2,-0.42993283826707573
NCR3LG1,-0.5398475780690948
NCS1,0.049168604393593496
NCSTN,-0.3262744107316884
NDC1,-0.07262447342712353
NDC80,-0.3020208962546427
NDEL1,0.02042282390409067
NDFIP1,-0.06717553385983166
NDFIP2,0.09748439957461752
NDN,0.6577928912391254
NDNF,0.1042563660179745
NDOR1,0.2752174420507263
NDP,-1.1254903737962711
NDRG1,-0.07364580025568568
NDRG2,-0.07007450005504001
NDRG3,0.6256245536442462
NDRG4,0.1510442400507932
NDST1,0.33956219459211967
NDST2,0.025790698815174373
NDST3,-0.028404971306150273
NDST4,-0.4887137822655792
NDUFA1,-0.40043457196371746
NDUFA10,-0.3811760751887272
NDUFA11,-0.04608482115814194
NDUFA12,-0.1598337255401665
NDUFA13,-0.37617329712534886
NDUFA2,-0.16912511002297936
NDUFA3,0.8296504360137882
NDUFA4,-0.17907505957613878
NDUFA4L2,0.025765321188955248
NDUFA5,-0.3482488534025583
NDUFA7,0.07869242053739711
NDUFA8,-0.18337321546560315
NDUFA9,-0.4178582192549305
NDUFAB1,-0.7944632797368119
NDUFAF1,-0.15661969593029537
NDUFAF2,-0.10152053371332848
NDUFAF3,0.03158511319752577
NDUFAF4,-0.2932570212873742
NDUFAF5,-0.264223208981722
NDUFAF6,0.16149979471032516
NDUFAF7,-0.4097313434602987
NDUFAF8,0.17607025671246657
NDUFB1,-0.41428295878719723
NDUFB10,-0.16562637801494073
NDUFB11,-0.054493666841358035
NDUFB2,0.07913226124005766
NDUFB3,-0.327501076930762
NDUFB4,0.07505035389558756
NDUFB5,-0.31148647290217646
NDUFB6,-0.5897353101567697
NDUFB7,-0.08572605541607103
NDUFB8,-0.3341506235537537
NDUFB9,-0.6936451915372173
NDUFC1,-0.17443109931583578
NDUFC2,-0.39050464176100075
NDUFC2-KCTD14,-0.3915208183771828
NDUFS1,-0.38524629169521507
NDUFS2,0.6317174879981833
NDUFS3,0.5127162826684968
NDUFS4,-0.8159884507887689
NDUFS5,-0.6230916735111194
NDUFS6,-0.560146449901862
NDUFS7,0.056817433083582
NDUFS8,-0.03262116326337061
NDUFV1,0.06074158173049993
NDUFV2,-0.04827750772930983
NDUFV3,-0.025827145230703508
NEB,2.1995770151305023
NEBL,-0.34081164533840647
NECAB1,0.4656095046111782
NECAB2,-0.3382189962746909
NECAB3,-0.5550563317224906
NECAP1,1.5797981892470483
NECAP2,-0.2125164394460768
NECTIN1,0.7456185652532046
NECTIN2,-0.27312799871717086
NECTIN3,-0.3691565159139885
NECTIN4,0.16804739069001573
NEDD1,-0.09971033146041464
NEDD4,-0.12542725654856213
NEDD4L,0.7323727719727158
NEDD8,-0.1317201378084638
NEDD8-MDP1,-0.13154937082976126
NEDD9,-0.19060407331867157
NEFH,-0.4491137961540408
NEFL,0.03658495731508338
NEFM,-0.8492006709732984
NEGR1,-0.64528310907497
NEIL1,-0.34708826631321
NEIL2,-0.0012352019523724778
NEIL3,-0.4034525933621662
NEK1,-0.008291351931529078
NEK10,-0.2859332829685073
NEK11,-0.14861488224629493
NEK2,0.06793057515433798
NEK3,-0.20589950811503366
NEK4,-0.04555421070331356
NEK5,-0.3386306415768372
NEK6,0.0865129582095383
NEK7,0.15371307577520366
NEK8,-0.2364852497205039
NEK9,-0.2795560578823899
NELFA,-0.13056886349320518
NELFB,0.6144390345056898
NELFCD,1.234826070452903
NELL1,0.05145023942291416
NELL2,-0.7152681784891362
NEMF,-0.27343613816693146
NEMP1,0.5706098573724843
NEMP2,0.07435881914375919
NENF,1.3942891087648936
NEO1,0.18504384947259167
NEPRO,0.13462655748678287
NES,-0.5445556214563332
NET1,0.08871017905484502
NETO1,0.35223417115225386
NETO2,1.5606310187699934
NEU2,0.3545672455793088
NEU3,-0.39669239365166575
NEURL1,0.1705419395737433
NEURL1B,0.10092648543518035
NEURL2,-0.20133956813907883
NEURL3,-0.16131541871775923
NEURL4,-0.19783971381595578
NEUROD1,0.23213061534495794
NEUROD2,-0.2855448375119377
NEUROD4,0.27790848373683325
NEUROD6,-0.6050025394984254
NEUROG1,0.442720647581218
NEUROG2,0.05075737679294612
NEUROG3,0.4246199584548538
NEXMIF,-0.12373154990812818
NEXN,-0.8741683756647594
NF1,0.09205790791169655
NF2,0.4171799061142263
NFAM1,0.43903875767939504
NFASC,-0.10548622479791668
NFAT5,-0.18407181433753994
NFATC1,0.3825369809274006
NFATC2,-0.781705865244243
NFATC2IP,-0.02532954147167299
NFATC3,-0.01341152090084563
NFATC4,-0.39192469249864104
NFE2,-0.3317240319930188
NFE2L1,-0.027350198141419924
NFE2L2,-0.3063881355254434
NFE2L3,0.8292798030018869
NFIA,-1.121035770646139
NFIB,0.5509674935266093
NFIC,-0.024266411232807927
NFIL3,0.20426790921563942
NFILZ,-0.4871215712665809
NFIX,0.07160101813168107
NFKB1,-0.17325234714029092
NFKB2,0.0965308275570882
NFKBIA,0.22867414732865488
NFKBIB,-0.13266276483641626
NFKBID,-0.3787144139147163
NFKBIE,0.07722061885355558
NFKBIZ,-0.09390170665174369
NFRKB,0.0345417233710652
NFS1,0.14994402263932827
NFU1,-0.2461913225264274
NFX1,-0.05803537269667025
NFXL1,-0.10623976315469097
NFYA,-0.0034597315531526007
NFYB,0.40145792516457224
NFYC,-0.3639528196418125
NGB,0.5500586147965685
NGDN,0.056413183487914687
NGEF,1.1716831353674906
NGF,0.14059381206956845
NGFR,0.17987876241389467
NGLY1,-0.1990983386170404
NGRN,-0.3391384245508018
NHEJ1,-0.34162429738609124
NHERF1,0.31009535624095896
NHERF2,-0.89642412494781
NHERF4,-0.8180141524473947
NHLH1,0.27372750173571836
NHLH2,0.4973974170268751
NHLRC1,0.0711049833944068
NHLRC2,-0.13634952353527918
NHLRC3,-0.005620995529616479
NHLRC4,-0.06752460497376767
NHP2,0.26711649811576343
NHS,0.5299092007879365
NHSL1,1.4229456385406567
NHSL2,0.20852159273831194
NHSL3,0.29578164116393135
NIBAN1,0.01669768584370246
NIBAN2,0.27741936452105975
NIBAN3,-0.010301674736397537
NICN1,-0.42184889764199074
NICOL1,-0.1115354201125216
NID1,0.365033052669409
NID2,0.5230226183911105
NIF3L1,-0.2082541354784233
NIFK,0.10260646585458133
NIM1K,0.9137947347907334
NIN,0.2726391217130759
NINJ1,0.6756101765906952
NINJ2,-0.14503481495298898
NINL,-0.09683451643831109
NIP7,-0.5428074956434794
NIPA1,-0.2796516465427381
NIPA2,-0.044567239142751625
NIPAL1,-0.08651006885835955
NIPAL2,-0.20841858817980663
NIPAL3,0.11018613836789637
NIPAL4,-0.10636434497990843
NIPBL,0.013671536410424956
NIPSNAP1,-0.06937826355935073
NIPSNAP2,-0.35094294856587904
NIPSNAP3A,-0.31464266407121144
NIPSNAP3B,-0.7637727233240046
NISCH,0.27783178294024147
NIT1,-0.267253852047757
NIT2,0.24086741529417433
NKAIN1,0.07210093271707585
NKAIN2,0.03702423824993806
NKAIN3,-0.7750148508282579
NKAIN4,0.5267776414935921
NKAP,-0.0007885320328608891
NKAPD1,-0.16646365441347388
NKAPL,-0.6521500746800322
NKD1,0.308323634741567
NKG7,0.06500317131764666
NKIRAS1,0.2851006797160327
NKIRAS2,-0.10084439614217228
NKPD1,0.3108403849036314
NKRF,0.14428499729863686
NKTR,0.14325727081343853
NKX1-1,0.24405884186155968
NKX1-2,-0.19491011026061922
NKX2-1,-0.13920092431195563
NKX2-2,-0.13231472267826394
NKX2-3,-0.3260057362925928
NKX2-4,1.1731955083927992
NKX2-5,-0.3705907108088039
NKX2-6,1.7545275229607427
NKX2-8,2.197018770525026
NKX3-1,-0.2734738541125985
NKX3-2,0.7153170847156876
NKX6-1,-0.10153193012299644
NKX6-2,0.3231765223448624
NKX6-3,-0.5386803865253719
NLE1,-0.43666021800804966
NLGN1,0.12873076328548727
NLGN2,-0.032102012867526675
NLGN3,-0.1902568752504658
NLGN4X,-0.04842644414180969
NLK,-0.06852039472878513
NLN,0.3943492856727082
NLRC3,0.1115457612707651
NLRC4,-0.9061042608861865
NLRC5,-0.1205829045631428
NLRP1,-0.3720097693129758
NLRP11,-2.0895745466901325
NLRP12,0.42193419279507294
NLRP13,-0.7370809207657791
NLRP14,0.07116915062476067
NLRP2B,0.44150504310447525
NLRP3,0.39994271384105273
NLRP4,-2.6179172546743374
NLRP5,-0.7253516820092731
NLRP6,0.44940075172448335
NLRP8,0.33029657200400253
NLRP9,-2.144849112799473
NLRX1,0.1890198361651143
NMB,0.25831522013321173
NMBR,0.0259114032197445
NMD3,0.527418210259479
NME1,-0.31417526435034304
NME1-NME2,-0.3110673946934064
NME2,-0.6204627946010959
NME3,-0.34827986301332325
NME4,0.2297962819442141
NME5,-0.4052900782405986
NME6,-0.08369412977854118
NME7,-0.19173840384742746
NME8,-0.09537451172084208
NME9,-0.008468128996471869
NMI,-0.4093248467359478
NMNAT1,-0.35822579949175015
NMNAT2,0.04145408009525878
NMNAT3,-0.18615053454413177
NMRK1,0.3777743548224288
NMRK2,-1.4311433191093852
NMS,-0.3152168016110776
NMT1,-0.3317770568131704
NMT2,0.07826209374392334
NMU,-0.5519599462974532
NMUR1,-0.3538131801428853
NMUR2,-2.0413345664376177
NNAT,-0.4910410158522567
NNMT,0.34799946103102464
NNT,-0.631190429308365
NOA1,-0.2670900541764638
NOB1,-0.12870592338853015
NOBOX,0.1427359614347974
NOC2L,-0.1581656319768534
NOC3L,-0.14495739197168334
NOC4L,0.5374174790885293
NOCT,0.03132163242728847
NOD1,-0.05226156635557011
NOD2,0.7735811870770898
NODAL,-0.41310208485945676
NOG,-0.19398289141308478
NOL10,-0.23433547598317084
NOL11,-0.2690252560967856
NOL12,-0.2871747525703241
NOL3,-0.09613636723234942
NOL4,0.6464345533151791
NOL4L,0.613481333984141
NOL6,-0.016337020171957484
NOL7,-0.2934671379442557
NOL8,-0.2786343779548801
NOL9,-0.0773682350177296
NOLC1,-0.32993174666367064
NOM1,0.04554308023618869
NOMO2,-0.10097417508541695
NONO,-0.2923229453635523
NOP10,-0.559173927373978
NOP14,-0.20800116183405493
NOP16,-0.27014950129901294
NOP2,-0.2467937547795751
NOP53,-0.3194524931231184
NOP56,-0.15246182449635626
NOP58,-0.4055466685356519
NOP9,-0.18453191680792713
NOPCHAP1,-0.2925983837912165
NOS1,0.5388688637735345
NOS1AP,0.9750193968303233
NOS2,0.5559858494427576
NOS3,0.27247678158337146
NOSIP,0.14338812321887318
NOSTRIN,-0.052342770249417525
NOTCH1,0.22333654591576568
NOTCH2,-0.543458878023539
NOTCH2NLA,-0.004713052069781787
NOTCH2NLB,0.4153718663619199
NOTCH2NLC,0.006942229042220305
NOTCH2NLR,0.8470120415476621
NOTCH3,0.4024114935618397
NOTO,0.3147665689130712
NOTUM,0.5439103237314791
NOVA1,0.19006044156637625
NOVA2,0.9314287894678761
NOX1,0.4423063789644748
NOX3,0.5546957352402982
NOX4,0.7367595168682731
NOX5,1.0477720075483452
NOXA1,1.9896302394077703
NOXO1,0.20898103258885303
NOXRED1,0.39398054316138276
NPAP1,0.2309174346772202
NPAS1,0.4821305290558664
NPAS2,-0.27661815050810645
NPAS3,0.38090410394356455
NPAS4,-0.2682847528886141
NPAT,-0.12576797336933243
NPB,-0.24392208832999707
NPBWR1,0.23144625673375904
NPC1,-0.18697302988603948
NPC1L1,-0.11159968953285282
NPC2,0.03912339252396535
NPDC1,-0.054108778816969405
NPEPL1,-0.9664509533423898
NPEPPS,-0.008301646133338725
NPFF,-0.31331185916253745
NPFFR1,-0.3276232687840691
NPFFR2,-0.3065069074012752
NPHP1,-0.32639967187445507
NPHP3,0.2746300634641017
NPHP3-ACAD11,0.28011888643602667
NPHP4,-0.033627569329391704
NPHS1,0.34964769601012513
NPHS2,-1.2356684668795093
NPIPB11,-0.5595164591229143
NPIPB12,0.0
NPIPB15,-0.7698591201386094
NPIPB2,0.20633456703285713
NPIPB4,0.5042508505817671
NPIPB6,0.24799145336591
NPIPB7,-0.21246397774110104
NPIPB8,-2.0168566300709205
NPIPB9,-1.4647260401779612
NPL,0.1496345953011442
NPLOC4,-0.33305182202346084
NPM1,-0.03962583175855361
NPM2,-0.34442234631014257
NPM3,-0.2565684971150075
NPNT,-0.2541414329695396
NPPA,0.6953380335789876
NPPB,0.21244410016216397
NPPC,0.3532394650465944
NPR1,-0.43613644307551613
NPR2,-0.6153114199569649
NPR3,0.15120296323926513
NPRL2,-0.06811870514923246
NPRL3,-0.32920436407094256
NPS,0.044629706366803745
NPSR1,0.5409851341712377
NPTN,0.05593113462716914
NPTX1,1.6588939172833663
NPTX2,0.36267735710064525
NPTXR,1.1046988862366174
NPVF,0.35925770454548944
NPW,-0.13028110943642712
NPY,0.23651051121389477
NPY1R,0.1685879188120631
NPY2R,0.022293501436479346
NPY4R2,0.6808228840896016
NPY5R,0.7387879198434766
NQO1,-0.42947967230915385
NQO2,-0.04442553475548827
NR0B1,-1.2938322787176293
NR0B2,0.5127130999323515
NR1D1,-0.25815422546241074
NR1D2,0.4494876015929483
NR1H2,0.0817193694117373
NR1H3,-0.4955552384598976
NR1H4,-0.25089219756196923
NR1I2,0.12859078014835346
NR1I3,-0.4837976209860619
NR2C1,-0.2939745139794887
NR2C2,0.791890528849768
NR2C2AP,-0.011389865260639453
NR2E1,0.26420722175010514
NR2E3,0.11166249334042078
NR2F1,-0.36689030250444077
NR2F2,0.0747749714874506
NR2F6,0.2524562737274092
NR3C1,-1.5260353422480348
NR3C2,0.5277462021858135
NR4A1,0.24975167614124594
NR4A2,0.9552112765154599
NR4A3,-0.06925922875599522
NR5A1,0.10217967807261075
NR5A2,-0.9875551888694103
NR6A1,-0.215847766269337
NRAP,-0.14953960504329133
NRARP,1.958094003634093
NRAS,-0.2069004116683315
NRBF2,0.2594661067593078
NRBP1,-0.3505145644527534
NRBP2,1.031631146475895
NRCAM,0.4517757483977596
NRDC,-0.15177227386370262
NRDE2,0.14844369602892638
NREP,-0.38248855249529634
NRF1,0.22401045188074686
NRG1,-0.20442814312991298
NRG2,0.21162583734268026
NRG3,0.43271523217475005
NRG4,0.18271161773848998
NRGN,-0.17758459165843643
NRIP1,0.21476399037451488
NRIP2,-0.8769825109271379
NRIP3,0.11771676442331858
NRK,-0.9841465273138688
NRL,0.1126638587713149
NRN1,-0.45658950594818304
NRN1L,-0.24634225548897515
NRP1,0.34279395368947196
NRP2,-0.21810585172488706
NRROS,-0.25448927811571664
NRSN1,0.5070314729946273
NRSN2,0.3120151795424515
NRTN,-0.17341183095111035
NRXN1,-1.5754530203136623
NRXN2,-0.20126592606065685
NRXN3,-0.6865530443798644
NSA2,-0.24644156014776808
NSD1,-0.704706831626744
NSD2,0.8541249560231936
NSD3,0.1656875645096676
NSDHL,-0.05147095611630892
NSFL1C,0.08056581837999643
NSG1,-0.16313700174995116
NSG2,0.1713386314640748
NSL1,-0.35828046846268435
NSMAF,0.33182265822260604
NSMCE1,-0.5340626972993805
NSMCE2,-0.026221771353409196
NSMCE4A,0.47652105125953526
NSMF,0.6133082502842999
NSRP1,-0.7177402567945205
NSUN2,-0.16398442763376497
NSUN3,-0.43323171589289267
NSUN4,-0.5599316496598608
NSUN5,-0.026294520570655955
NSUN6,0.14676219151333036
NSUN7,0.22770464386033007
NT5C,-0.03312400996637965
NT5C1A,-0.1158169703005476
NT5C1B,-0.23401241262211125
NT5C1B-RDH14,-0.23588016436773485
NT5C2,0.3641287255200809
NT5C3A,0.07008122429413888
NT5C3B,-0.013128995215004213
NT5DC1,0.1923133106760906
NT5DC2,-0.3384110683139512
NT5DC3,0.8882758165942497
NT5DC4,0.20057116684787635
NT5E,-0.4999348413700253
NT5M,0.2119916004965532
NTAN1,-0.5459209331424786
NTAQ1,0.05039407511844818
NTF3,-0.34406885885294525
NTF4,-0.19887083710572084
NTHL1,-0.02081142285776849
NTM,-0.6789883689305272
NTMT1,-0.3797536255576872
NTMT2,-0.495834163781697
NTN1,0.6653633212868293
NTN3,0.25392979351350764
NTN4,0.09335253727418458
NTN5,-0.0214808719070389
NTNG1,-0.008000094646745337
NTNG2,0.5048146560228024
NTPCR,-0.0831273062348652
NTRK1,-0.2251166688379196
NTRK2,-0.24076098261221945
NTRK3,-0.09154184052382242
NTS,-0.2805568577108695
NTSR1,0.30661088914625245
NTSR2,-0.782057392752536
NUAK1,0.3000319290541674
NUAK2,0.1551729980294278
NUB1,-0.0031284599026148996
NUBP1,-0.010672330058357993
NUBP2,0.6829499862112955
NUBPL,2.001257293525952
NUCB1,-0.26318385908685293
NUCB2,-0.1266794272868177
NUCKS1,0.5324089548172921
NUDC,-0.366372806472008
NUDCD1,-0.10967752003624387
NUDCD2,-0.355947334333222
NUDCD3,-0.21624570315996783
NUDT1,-0.2641623434449407
NUDT10,-1.4890896275386838
NUDT11,-0.3084149260243545
NUDT12,-0.508221714776137
NUDT13,-0.9149086766367858
NUDT14,1.0559370570180469
NUDT15,0.11221658015688263
NUDT16,-1.6545798998612398
NUDT16L1,0.2510583386705374
NUDT17,-0.19148275011346705
NUDT18,0.13769673739538835
NUDT19,0.39954037492443817
NUDT2,-0.08389852510685802
NUDT21,0.06711847116430558
NUDT22,-0.11978335552976116
NUDT3,0.6460194915252195
NUDT4,0.4280757926098415
NUDT5,-0.5060433533616919
NUDT6,-0.4779509361265939
NUDT7,-0.16947109591305143
NUDT8,0.6928504512894706
NUDT9,-0.38340589730319286
NUF2,-0.39313221231048406
NUFIP1,-0.1836819218491863
NUFIP2,0.1683843785679091
NUGGC,0.46648632280533797
NUMA1,-0.019923251237328188
NUMB,-0.9160342595308479
NUMBL,0.19515392496400708
NUP107,-0.33011732268977667
NUP133,-0.2028292630052153
NUP153,0.22386340060381116
NUP155,-0.4224112464137937
NUP160,-0.6040721663689421
NUP188,-0.0191542318752429
NUP205,-0.47688061905733203
NUP210,0.2742664982663676
NUP210L,1.0544821268278586
NUP214,-0.22280831022743897
NUP35,0.0763052282625194
NUP37,-0.15983986960888963
NUP42,-0.4706735228588208
NUP43,-0.042510773675415336
NUP50,-0.12213578892095
NUP54,-0.11207875497216424
NUP58,-0.006561366266041979
NUP62,0.11219504219127518
NUP62CL,-0.40375459802484626
NUP85,-0.19280764238043613
NUP88,-0.13716420860105139
NUP93,-0.0877581905140925
NUP98,0.11096005982741186
NUPR1,-0.5562181009531388
NUPR2,0.8031987026701766
NUS1,-0.12049519160982491
NUSAP1,-0.32931227327708645
NUTF2,0.2332935333207926
NUTM1,-0.5623228087523233
NUTM2B,1.4369961866324725
NUTM2D,-0.23450241031112906
NUTM2E,0.2780956888152146
NUTM2F,-0.10012838961318504
NUTM2G,1.1748579469010294
NVL,-0.3188632438447634
NWD1,-0.881644334764337
NWD2,-1.3133362102284152
NXF1,0.14144377237902273
NXF3,-0.38866698368314845
NXNL1,-0.377355005402712
NXNL2,0.3528522964394707
NXPE1,1.1772572651154345
NXPE2,0.7130529847450651
NXPE3,-0.060842477895099556
NXPE4,0.4996140217573517
NXPH1,0.08175192510127827
NXPH2,0.5997683832732644
NXPH3,0.39427815940026134
NXPH4,-0.23439050681155837
NXT1,-0.08048672300609372
NXT2,-0.031000490868708486
NYAP1,1.1355356494120281
NYAP2,0.716153493384258
NYNRIN,-0.374720876926925
NYX,-1.0880688093742275
OAF,0.5383771349900819
OARD1,-1.994084716000252
OAS1,-1.287837119132495
OAS2,0.24633030606117812
OAS3,-0.1667297029148238
OASL,-0.10533746627432006
OAT,0.46032686297330727
OAZ1,0.28512288890610193
OAZ2,-0.14113759853555008
OAZ3,-0.21109608773954758
OBI1,-0.2216383366224477
OBP2A,-0.6138406671018761
OBP2B,-0.42790784783222435
OBSCN,0.2537868467239661
OBSL1,0.14753721795791355
OC90,0.15862248299180015
OCEL1,-0.24368780215997177
OCIAD1,-0.3104138834929313
OCIAD2,-0.06793839619472575
OCM,-0.5103211084049579
OCM2,0.33787195218273913
OCRL,-0.14080756171791786
OCSTAMP,1.132238131382805
ODAD1,-0.0300826658553488
ODAD2,0.3493159965751702
ODAD3,0.06183753181264251
ODAD4,-0.12328959816943907
ODAM,0.4058898245613918
ODAPH,0.523562529482966
ODC1,0.9018331384231768
ODF1,0.3401590366176716
ODF2,-0.1109369474217683
ODF2L,-0.02798269338809689
ODF4,0.22375909034928143
ODR4,-0.0293059346921396
OFD1,0.1914099025448186
OGA,-0.08003579691868623
OGDH,0.2702256623531136
OGDHL,0.21004899578825276
OGFOD1,0.04492987191814635
OGFOD2,-0.15445799088221968
OGFOD3,0.9944679855128822
OGFR,-0.047700915410606726
OGFRL1,0.504051232330096
OGG1,0.14059036792714785
OGN,-0.19947363109271654
OGT,-0.6916861593903718
OIP5,-0.24123306666364375
OIT3,0.9145812284323607
OLA1,0.39089492070384235
OLAH,-0.25466176022056874
OLFM1,-1.0417287965387532
OLFM2,0.26135296150026144
OLFM3,-0.28183411329049846
OLFM4,0.011652769598012036
OLFML1,0.44209482640766185
OLFML2A,0.4138127971388774
OLFML2B,-0.0404084047616351
OLFML3,-0.12913624417124758
OLIG1,-0.061208754828119716
OLIG2,-0.44785693066254073
OLIG3,0.6356047780337928
OLR1,-1.4073022751521844
OMA1,0.02538336781839501
OMD,0.7648393031587812
OMG,0.40188497405563006
OMP,-0.30962141608705623
ONECUT1,0.6684894057952318
ONECUT2,-0.14656794176614873
ONECUT3,0.4309961796189906
OOEP,-0.5321563473967643
OOSP1,-0.6471051777506822
OOSP2,-0.431211660756069
OOSP3,0.03409696109979077
OOSP4A,0.14881474103751702
OOSP4B,-0.4240392874490854
OPA1,-0.24050663856785537
OPA3,0.28854088953118184
OPALIN,0.053143728488786346
OPCML,-0.5945936202755072
OPHN1,1.021346686330844
OPLAH,-0.11381765255276721
OPN1LW,0.39559364569356725
OPN1SW,-0.1885751120901324
OPN3,-0.32478051917396744
OPN4,-1.0309828001981316
OPN5,-0.29717380802680404
OPRD1,0.24221746870078636
OPRK1,0.48081235440823256
OPRL1,0.2982473286911729
OPRM1,-0.699494817823417
OPRPN,0.3459651256656149
OPTC,-0.18775738315607352
OPTN,-0.3402946821668076
OR10A2,-0.769634958142804
OR10A4,0.32814010575648345
OR10A5,0.3307953283339713
OR10A7,-0.17742015968648828
OR10AC1,0.1583184735607566
OR10AD1,0.4366219855591539
OR10AG1,1.4187547976283335
OR10D3,0.7192334482447288
OR10G2,0.8633305826695503
OR10G3,0.5785699386258125
OR10G4,1.1859852671483346
OR10G6,0.586306478142404
OR10G7,-1.7261075403987087
OR10G8,-1.437239251436276
OR10G9,-0.09629090592201801
OR10H1,-0.12660104657415733
OR10H2,0.12379432102647447
OR10H3,0.0
OR10H4,-0.497155435621649
OR10H5,0.012039730718268804
OR10J1,-0.13521732866048874
OR10J3,-1.0129779350845989
OR10J4,0.5835743045555599
OR10J5,-0.05603238045586101
OR10K1,-0.8952734008058921
OR10K2,0.13072405980657487
OR10P1,-0.5182440057117033
OR10Q1,-0.07146094714603013
OR10R2,-0.09373487447263085
OR10S1,0.20112478501912506
OR10T2,-0.6200807126346799
OR10V1,0.3517563421338967
OR10W1,1.242182544554109
OR10X1,-0.3520620437390337
OR10Z1,-0.5985298933313816
OR11G2,0.48180326375850324
OR11H2,-0.16149275758650816
OR11H4,-0.3106129449779734
OR11H6,-1.1861875056887747
OR11H7,1.153587621696666
OR11L1,1.1542078660872506
OR13C2,-0.5209999396860283
OR13C3,0.24058662153351928
OR13C4,-0.9329865163210411
OR13C5,-0.7501187443292305
OR13C7,0.2178165493082097
OR13C8,-1.9445367824684607
OR13C9,-0.2594445828034472
OR13D1,0.7011931785849999
OR13F1,-0.9644782524967976
OR13G1,0.05240780835897407
OR13H1,-0.6868677633047959
OR13J1,0.6162901106502806
OR14A16,-1.5510726875217673
OR14A2,-0.7893637876713722
OR14C36,0.46112891564577185
OR14I1,0.5322872623255677
OR14K1,0.21882790874051627
OR14L1,-0.7627585985461393
OR1A1,0.626119677745056
OR1A2,0.7339137542594352
OR1B1,0.0
OR1C1,-0.5940801131905975
OR1D2,0.714938861525915
OR1D5,2.15785662237751
OR1E1,0.470282407672802
OR1E2,0.2995371242539415
OR1F1,-0.7523052544206075
OR1G1,-0.46989950839096367
OR1I1,0.3275053534756893
OR1J1,2.365975959322023
OR1J2,0.2902765045762845
OR1J4,-0.720309826096912
OR1K1,-0.6185097823000802
OR1L1,0.03493102388169467
OR1L3,1.0013857845700742
OR1L4,-0.015161357025550881
OR1L6,-0.5663004500545346
OR1L8,0.20787434774144264
OR1M1,-0.6952591654265601
OR1N1,-1.5403544279345334
OR1N2,-0.2768840450473322
OR1P1,-1.4726715207569068
OR1Q1,-0.48559564430063196
OR1R1P,-0.08958817094195881
OR1S1,-0.8000180746233787
OR1S2,0.536606898260864
OR2A12,0.4415867260677215
OR2A14,0.34501959315503405
OR2A2,0.4532602711214595
OR2A25,0.861254836773355
OR2A4,-1.4797290826259328
OR2A5,1.5836547575631412
OR2AE1,-0.39486895454758253
OR2AG1,-1.7814670298811985
OR2AG2,-0.4056846929598492
OR2AJ1,-1.8234127247540162
OR2AK2,-0.43217405246379226
OR2AP1,0.37335288923543875
OR2AT4,-0.753374684807814
OR2B11,0.12641896857504964
OR2B2,2.192359847091089
OR2B6,1.015282630194806
OR2B8P,-0.10754496777164405
OR2C1,0.733286944714207
OR2C3,1.1293689893011196
OR2D2,0.7503618373139707
OR2D3,1.728655892711403
OR2F1,-1.4380479985097991
OR2F2,0.07529050921934877
OR2G2,1.1583327165160169
OR2G3,1.0553512402666416
OR2K2,0.18945497293364155
OR2L13,0.3339675185428035
OR2L2,-1.1263293116319826
OR2L3,-0.17858048099784352
OR2L5,0.8189435200497881
OR2L8,-0.3112554222569577
OR2M2,-0.7738516637164463
OR2M3,-1.2539917122041921
OR2M4,-0.060906405148216436
OR2M5,-0.22320638992086583
OR2M7,-1.8923131417282808
OR2S2,0.5190948849853212
OR2T10,1.0753009320382712
OR2T12,-0.6025555254757575
OR2T29,0.921803263516979
OR2T33,-1.4604134974999619
OR2T34,-1.6405755905343657
OR2T35,-0.3330667463943544
OR2T8,-2.1478733023764462
OR2V1,0.3472660435433576
OR2V2,-0.6452519895564507
OR2W3,-0.6578149402489424
OR2Y1,-0.15477666392428913
OR2Z1,0.12615892609280843
OR3A1,0.8599449802863953
OR3A2,-0.08131008666516237
OR3A3,0.45654998551575054
OR4A15,1.7575453705270259
OR4A16,-0.8055633836998937
OR4A47,0.2053018315786468
OR4A5,0.3182338058121372
OR4B1,-0.09110213449460369
OR4C11,-0.4536998789874433
OR4C12,0.41027429874242394
OR4C13,-1.8582742135392125
OR4C15,0.5195203909627355
OR4C16,-1.782461778575105
OR4C3,2.0730338249332085
OR4C45,1.1867524335421293
OR4C46,-1.2504966801155883
OR4C5,0.14911070980044938
OR4C6,1.605026038377282
OR4D1,0.47199975327249927
OR4D10,-0.3349739614872177
OR4D11,0.35262783629623373
OR4D2,-0.14631171775183704
OR4D5,0.09834408015786766
OR4D6,0.43338473372703845
OR4D9,0.006380637994748195
OR4E1,-0.7185034214284753
OR4E2,-2.1070192332370343
OR4F15,0.41562736638441966
OR4F17,0.21609324439021993
OR4F4,0.02214228281874364
OR4F5,0.1687360886418734
OR4F6,-0.00603388662848392
OR4K1,-0.3231944392154224
OR4K13,-0.6384055972109641
OR4K14,0.4885781539147449
OR4K15,-0.07150202843273035
OR4K17,-0.42989397162840803
OR4K2,1.0186413381481667
OR4K3,-0.1622358683532752
OR4K5,-0.2504993606077399
OR4L1,0.5481304911151337
OR4M1,-0.6490404238682743
OR4N5,-1.2637696661936921
OR4P4,-1.4692429121576684
OR4Q2,-1.1346288226830525
OR4Q3,1.5342788410456683
OR4S1,-1.4511646252590158
OR4S2,1.2364312616956648
OR4X1,1.2892721922405017
OR4X2,0.24501426820931677
OR51A2,1.2884840994899505
OR51A4,1.2935875612008378
OR51A7,0.18846007786725205
OR51B2,0.4864186101092951
OR51B4,-1.3376884893265584
OR51B5,1.569127722268626
OR51B6,-0.5972132104556162
OR51C1P,0.7898732344300735
OR51D1,-0.25012263829901515
OR51E1,-0.7376065148427977
OR51E2,0.7931526125487948
OR51F1,0.529080750311455
OR51F2,-0.2441504364289192
OR51G1,0.2858300674225815
OR51G2,-0.4083488329714127
OR51I1,0.050123206606909276
OR51I2,1.7250160824324383
OR51M1,-0.8855545078322667
OR51Q1,-0.8237664986115167
OR51S1,0.11268359686020621
OR51T1,-0.7045018366355936
OR51V1,0.11710208659389743
OR52A1,2.2681423765397755
OR52A5,-0.03871389971329986
OR52B2,0.8880301696703377
OR52B4,1.5452307314132363
OR52B6,-0.05456342710189721
OR52D1,-0.373144100369895
OR52E1,0.6997596368476113
OR52E2,0.8537006687389422
OR52E4,1.0793168919456049
OR52E5,0.458517512993878
OR52E6,-1.456475399041321
OR52E8,-0.8057085354289922
OR52H1,0.3733173776389957
OR52I1,-0.017644719362374106
OR52I2,-1.8575845050603115
OR52J3,0.5906308969014874
OR52K1,-0.6048096598261355
OR52K2,1.2717934416961452
OR52L1,0.29612803009884114
OR52M1,0.5170235963563219
OR52N1,0.4736296200704053
OR52N2,-0.0017227334156104668
OR52N4,1.7120552648640919
OR52N5,0.9678033537617741
OR52P1,-0.5823198942979716
OR52R1,-0.9899769323984916
OR52W1,-0.33017446327758754
OR56A1,-0.4483564673513355
OR56A3,0.515071703022378
OR56A4,0.5269814612257526
OR56A5,-0.20696027565666264
OR56B1,1.1295836209025838
OR56B2P,-0.3875164195449423
OR56B4,-0.8242740416180301
OR5A1,0.7795411723427766
OR5A2,0.5708538017527546
OR5AC1,-0.9201229741531805
OR5AC2,-1.8423419716933829
OR5AK2,-0.2082734258417671
OR5AK3P,-0.5476156723134649
OR5AL1,-0.13146982325254597
OR5AN1,-1.4643355015743618
OR5AP2,-1.8582746997360757
OR5AR1,-0.015665068552926042
OR5AS1,0.22611297776646166
OR5AU1,-0.41550592934866604
OR5B12,-0.36172707609371013
OR5B17,-0.3106057058185867
OR5B2,0.422317848076725
OR5B21,-0.47561011582705315
OR5B3,0.4213701981140996
OR5BS1P,1.5784014882995068
OR5C1,0.37672024597626674
OR5D13,-0.5095459993918503
OR5D14,-0.6226677467733972
OR5D16,-1.4855628956077376
OR5D18,1.7006058685110474
OR5D3P,0.42605015327177287
OR5F1,1.4187547976283335
OR5H1,-1.959143435464526
OR5H14,1.6249443812721733
OR5H15,-1.013088943863369
OR5H2,-1.2776894003628427
OR5H6,-0.2883009817844713
OR5H8,-0.4172208708075247
OR5I1,-0.7508870813243567
OR5J2,0.02828678051897926
OR5K1,0.46916970983789663
OR5K2,-0.20537659003497444
OR5K3,1.6830005703988695
OR5K4,0.15070254582543607
OR5L1,-1.1667982382528492
OR5L2,-1.9844614745179727
OR5M1,-0.12756685975445747
OR5M10,0.7571092088723645
OR5M11,-0.959250956583807
OR5M3,1.4101709785150078
OR5M8,0.17281990985091356
OR5M9,-1.2403345417356921
OR5W2,0.38783842356188425
OR6A2,-1.7736673435385097
OR6B1,0.5941952264631534
OR6B2,0.30517803865241433
OR6B3,-0.7038042399745449
OR6C1,1.2700546531363537
OR6C2,1.6008813582904042
OR6C3,-1.5011307047175302
OR6C4,0.31991255509561867
OR6C6,-0.9159805781438228
OR6C65,0.44131994139397324
OR6C68,-0.1844516165529324
OR6C70,0.17903930349834019
OR6C74,-0.3174805074095519
OR6C75,0.5916303127366784
OR6C76,-0.4594890407059464
OR6F1,-0.23097738781427868
OR6J1,-0.39243590719044463
OR6K2,0.13331894857218218
OR6K3,-1.3603934441773007
OR6K6,0.2917162417719633
OR6M1,-0.5045417774302067
OR6N1,0.2218207929060323
OR6N2,0.09804464251284795
OR6P1,0.6872714497897272
OR6Q1,0.5378889329075283
OR6S1,-1.0293337948892982
OR6T1,1.5123492008759376
OR6X1,0.5898516265421656
OR6Y1,0.7378885756628051
OR7A10,0.8282391804119618
OR7A17,0.4863602580974864
OR7A5,-1.2486552539150257
OR7C1,-1.4831522751376842
OR7C2,0.6404800733060975
OR7D2,-0.4375662077735373
OR7D4,1.4797290826259328
OR7E24,1.700217189494383
OR7G1,0.0973321901558799
OR7G2,-0.8949107760098627
OR7G3,-0.5122335766896086
OR8A1,-0.24821363962598464
OR8B12,-0.5485826751284537
OR8B2,-0.04471611486514937
OR8B3,1.4709510016346758
OR8B4,0.3556978518759937
OR8B8,0.47884066447080176
OR8D1,-0.6164894385321336
OR8D2,-0.31435692058823084
OR8D4,0.16351162607730685
OR8G1,-0.8398718552850366
OR8G2P,-0.9437935462527709
OR8G3P,0.4257394930088594
OR8G5,-1.029383569063732
OR8H2,-0.35421345140863325
OR8H3,0.010781406135333071
OR8I2,-0.33018705362198797
OR8J3,-0.6448542528032799
OR8K5,-1.8815584578694793
OR8S1,0.09240263338576216
OR8U3,-0.3022934152059935
OR9A1P,0.4237625857608818
OR9A4,0.2838108769403858
OR9H1P,-0.4467283368792745
OR9I1,1.9985210947891463
OR9K2,-0.9436108402111021
OR9Q1,-0.10285231655570687
OR9Q2,0.1885951453454071
ORAI1,0.30664398291506423
ORAI2,-0.014266049229799904
ORAI3,0.07088094802577793
ORC1,-0.2489895029819511
ORC2,-0.43484652481905517
ORC3,-0.40907257100230066
ORC4,0.06207369252154127
ORC5,-0.026966286078169865
ORC6,-0.07973078992265403
ORM1,0.241779846562729
ORM2,0.025051451179790463
ORMDL1,-0.08087141139159737
ORMDL2,0.026183047728227216
ORMDL3,-0.23798700288378605
OS9,-0.04589536714287856
OSBP,0.18398238657083255
OSBP2,-0.07883057055135712
OSBPL10,-1.0015025509298658
OSBPL11,-0.07221236848212165
OSBPL1A,-0.3657188972861576
OSBPL2,-0.7263274947225344
OSBPL3,-0.5999008636245162
OSBPL5,-0.038773309125846867
OSBPL6,0.589697106417117
OSBPL7,-0.3932148133815714
OSBPL8,0.12103250905291141
OSBPL9,1.1711914976752533
OSCAR,0.8296510857039878
OSCP1,-0.06466810117455113
OSER1,0.2824840226737111
OSGEP,-0.2648051812982768
OSGEPL1,-0.2065640189768434
OSGIN1,0.4484438462490997
OSGIN2,0.16213969242756043
OSM,-0.45117336098648586
OSMR,-0.22942520024119584
OSR1,-0.3756195332385957
OSR2,-0.006568162558311386
OST4,0.7412807433037978
OSTC,-0.3760156834911319
OSTF1,0.3859943103503216
OSTM1,0.049259812524010904
OSTN,0.3321884486872131
OTC,-0.09071899230815816
OTOA,-1.468692621110236
OTOF,0.061295239686237846
OTOG,-0.2169393896037508
OTOGL,0.6688107242980136
OTOL1,0.9730102215947413
OTOP1,-0.5583833480727896
OTOP2,-0.1600199877438082
OTOP3,0.4403313950338503
OTOR,-0.40493768315543366
OTOS,0.2719025130823507
OTP,0.39643096041260795
OTUB1,-0.1678351379786136
OTUD1,1.7013587928216278
OTUD3,0.06887145031805009
OTUD4,0.7899920258061215
OTUD5,-0.05126116479300169
OTUD6A,0.8937214683658898
OTUD6B,-0.08778551691691039
OTUD7A,1.218887307519072
OTUD7B,-1.303128802049577
OTULIN,0.23732738984264135
OTULINL,0.3766184975576179
OTX1,-0.3606073005811128
OTX2,0.11471926329158713
OVCA2,-0.0013520966192572814
OVCH1,-0.035653323683046745
OVCH2,-0.2455935505655895
OVGP1,-0.4248918603970352
OVOL1,0.2697378223422693
OVOL2,-0.2724051690058254
OVOL3,-0.19457643053163454
OXA1L,-0.2511906200223457
OXCT1,-9.284478216109449e-05
OXCT2,-0.3973499964506153
OXER1,0.9613031077706605
OXGR1,0.1287541332852921
OXLD1,0.01864837441417677
OXNAD1,-0.13468142546420747
OXR1,0.6348217318752409
OXSM,-0.3182340327003974
OXSR1,-0.05052511326471443
OXT,0.4812074020656915
OXTR,-0.17982672557169854
P2RX1,-0.060272945147885615
P2RX2,-0.1046115794595918
P2RX3,-0.2230476040042404
P2RX4,-0.06752602691848164
P2RX5,-0.2554310645491986
P2RX5-TAX1BP3,-0.25860617824316323
P2RX6,-0.47939490266571494
P2RX7,-0.11512299094919509
P2RY1,-0.46249756797526675
P2RY10,-1.0111276399206366
P2RY11,-0.16492550902139458
P2RY12,-0.06030731894512048
P2RY13,-1.4193765237078293
P2RY14,0.44944744897862643
P2RY2,1.1144984493481869
P2RY4,0.4344725145432687
P2RY6,-0.3720926569075111
P3H1,0.11055008589750415
P3H2,-1.2353892983287391
P3H3,-0.0007065611809844441
P3H4,0.1849072708556907
P3R3URF,-0.3206145198750659
P3R3URF-PIK3R3,-0.32061433446120036
P4HA1,0.007325315753220707
P4HA2,0.009979021270083877
P4HA3,-1.005423779038369
P4HB,0.45220345313323396
P4HTM,0.1094504990020535
PA2G4,0.11119773130253208
PAAF1,-0.24369477691412467
PABIR1,-0.21693926544789477
PABIR2,-0.06534163930069159
PABIR3,0.07047345543038208
PABPC1,0.017805397630309194
PABPC1L,-0.30204076300033034
PABPC3,-0.3230076594816602
PABPC4,0.4335114043368584
PABPC4L,-0.09352368439269565
PABPC5,-1.017441576047156
PABPN1,0.27401869666629963
PABPN1L,0.27415012327546484
PACC1,-0.2183982105082034
PACRG,0.24616299544679254
PACRGL,0.9587756072071463
PACS1,0.7903749438398577
PACS2,0.5695932452405703
PACSIN1,1.4128037973636483
PACSIN2,0.12370466851063622
PACSIN3,0.20372089662941484
PADI1,-0.6077859747931844
PADI2,0.54326499165619
PADI3,0.2807609354074764
PADI4,-0.10901455465062102
PADI6,-0.26923449481685247
PAEP,-0.456631490607577
PAF1,0.034480039786856764
PAFAH1B1,0.32426028608794155
PAFAH1B2,-0.27523587334043587
PAFAH1B3,-0.02088220051101075
PAFAH2,-0.009844781653281842
PAG1,-0.40892070686713833
PAGE1,0.15661096623439974
PAGE2,1.6941517646710185
PAGE2B,1.0766126355248407
PAGE3,-0.2994620249202167
PAGE4,0.5401519806004258
PAGE5,0.2282951580232362
PAGR1,-0.017006205523947493
PAH,0.32226787223684533
PAICS,-0.11118121182860907
PAIP1,0.765731542437802
PAIP2,0.24273651362926074
PAIP2B,0.03701752972757255
PAK1,0.394318614862053
PAK1IP1,-0.19754436162979871
PAK2,-0.422789784565313
PAK3,0.36534294294572733
PAK4,-0.214651575171259
PAK5,0.2947219783948143
PAK6,0.41901091837236526
PALB2,-0.10609490539239985
PALD1,0.676005231912252
PALLD,-0.7034911700103268
PALM,0.8099881427095214
PALM2AKAP2,0.4777404043611048
PALM3,-0.24182436952067687
PALMD,-0.2877301734659341
PALS1,-0.10803035308023912
PALS2,0.6392074279461362
PAM,-0.16370790961029336
PAMR1,-0.05926288686395531
PAN2,-0.33039925772806455
PAN3,0.36514017163966894
PANK1,-0.044127120603513426
PANK2,-0.1708452453245064
PANK3,0.3661523681776595
PANO1,0.17735566314966622
PANX1,0.08079575647988158
PANX2,0.8612809567405217
PANX3,-0.03885991324529581
PAOX,-0.37995060021256766
PAPLN,0.012807328664983353
PAPOLA,-0.13273240060770952
PAPOLB,1.059960471447668
PAPOLG,0.016818954987548373
PAPPA,-0.032279362728973804
PAPPA2,0.34276890239023405
PAPSS1,0.3887664947769771
PAPSS2,-0.3307739260012781
PAQR3,0.3170536828874484
PAQR4,0.6311068006702332
PAQR5,0.21805816632611386
PAQR6,-0.4426324656308789
PAQR7,-0.0534252541249951
PAQR8,0.7468099342318961
PAQR9,0.2551371170870529
PARD3,0.2712563101894725
PARD3B,0.19680328889072207
PARD6A,0.07237249401288715
PARD6B,0.3055067128566735
PARD6G,0.11149765213870699
PARG,-0.9022102542759765
PARK7,0.9040534196849536
PARL,0.2284085602207382
PARM1,-0.03152429026640213
PARP1,0.261380971493665
PARP10,0.3491564825697402
PARP11,0.055019076768916264
PARP12,0.9289019524355027
PARP14,-0.4751374449552168
PARP15,-0.3880038056834789
PARP16,-0.17872486251663844
PARP2,0.02033611779632949
PARP3,0.2158482369986272
PARP4,-0.21337969552881741
PARP6,0.450467013849992
PARP8,0.7644729342421281
PARP9,-0.4171043090162998
PARPBP,-0.16320601821316227
PARS2,0.2489611320372438
PARVA,-0.2561578319738341
PARVB,-1.2150513476945886
PARVG,-0.10705988500484387
PASD1,-0.819553158796797
PASK,0.15670580123424305
PATE1,-0.04402090115681628
PATE2,-0.39324587265525396
PATE3,-0.17827689192648133
PATE4,-0.8200041659529709
PATJ,-1.641458093780199
PATL1,0.12087630360980572
PATL2,0.2549071183366711
PATZ1,0.3636048728908232
PAWR,0.37024367482334597
PAX1,0.05725327006661082
PAX2,0.18694883193937706
PAX3,-0.8451943726218595
PAX4,0.4735020160293142
PAX5,0.25656890916238484
PAX6,-0.3510606730578134
PAX7,-0.16925697829283504
PAX8,1.4112382863859567
PAX9,-0.209263817147471
PAXIP1,0.7578355844846243
PAXX,-0.07190840342814386
PBDC1,0.37853370116753926
PBK,-0.35200352264180124
PBLD,-0.41093142360784807
PBOV1,2.2526219392430487
PBRM1,0.18501300074363147
PBX1,-0.3785380106333265
PBX3,0.3629819440654485
PBX4,0.44903085979776414
PBXIP1,-0.11145456067287274
PC,0.22569221365926495
PCARE,-0.18182602763355749
PCBD1,0.07567619548158477
PCBD2,0.5354817251438355
PCBP1,-0.07580189070240007
PCBP2,0.3701772521103903
PCBP3,1.3375136822700955
PCBP4,-0.30047087832515373
PCCA,0.07270893337532502
PCCB,-0.07537225903123801
PCDH1,-0.33517749442856104
PCDH10,0.44389199903532317
PCDH11X,-0.03444929911195782
PCDH12,0.011681069955709944
PCDH15,0.12145704016189796
PCDH17,-0.9520777574728538
PCDH18,0.7002766723395241
PCDH19,-0.21138428240062623
PCDH20,-0.8402458028442337
PCDH7,-0.747703830142307
PCDH8,0.3996763416747796
PCDH9,0.17494489242264866
PCDHA1,-0.5476156723134649
PCDHA10,-0.5304806663321571
PCDHA11,0.5578544804964225
PCDHA12,-0.568055603587436
PCDHA13,0.2673731042372782
PCDHA2,0.363308909757734
PCDHA3,-0.46473233267042025
PCDHA4,-1.2771375511604255
PCDHA5,-1.0129781718370658
PCDHA6,-0.06738309001463438
PCDHA7,-0.20827730936067967
PCDHA8,-0.0014160583120306214
PCDHA9,-1.1691333679526152
PCDHAC1,0.7641599078687402
PCDHAC2,0.5667566458377863
PCDHB1,-0.6313875377153609
PCDHB10,-0.3993986379835599
PCDHB11,0.3050332329899475
PCDHB12,-0.05611103503038539
PCDHB13,-0.116981169404477
PCDHB14,-0.7362724771812017
PCDHB15,-1.3375654818025677
PCDHB16,1.2091590722736987
PCDHB2,0.34900560578732553
PCDHB3,-0.3623172215251102
PCDHB4,-0.6489659051754875
PCDHB5,-1.44956404447416
PCDHB6,-0.8951402719972776
PCDHB7,-0.5251756245771824
PCDHB8,0.6468161905010308
PCDHB9,-0.6919649490090638
PCDHGA1,-0.24686613979369842
PCDHGA10,-0.5682959257704043
PCDHGA11,0.28017023476384684
PCDHGA12,-0.2460616336695265
PCDHGA2,0.5522622075404604
PCDHGA3,-0.044550900011780525
PCDHGA4,0.13227766273318764
PCDHGA5,-0.9458697003789647
PCDHGA6,-0.9658986442177203
PCDHGA7,-0.177844425836319
PCDHGA8,1.7774991549571215
PCDHGA9,0.26716733712603025
PCDHGB1,0.7014100460654008
PCDHGB2,0.697017606221092
PCDHGB3,0.35235100102588846
PCDHGB4,-0.15953011003190193
PCDHGB5,-0.041806193320131135
PCDHGB6,-0.9245325325530153
PCDHGB7,-0.43542920645857924
PCDHGC3,-0.8239400023994764
PCDHGC4,0.16273703984323853
PCDHGC5,-0.13269987901309155
PCED1A,0.029708081208513093
PCED1B,0.28379311985323774
PCF11,0.029684973577781548
PCGF1,0.037733506654149096
PCGF3,0.476372103535569
PCGF5,0.656171720402491
PCGF6,-0.12085392790277805
PCID2,0.19154704456467364
PCIF1,-0.12085167721066181
PCK1,-0.36477058161521286
PCK2,-0.11196385647661433
PCLAF,-0.37691085359976073
PCLO,-0.03742621284754932
PCM1,0.28906375764357684
PCMT1,-0.05288388797075427
PCMTD1,0.08764498583668079
PCNA,0.09229319506176115
PCNP,-0.17325771103567966
PCNT,0.12085134671978626
PCNX1,1.0341028294709096
PCNX2,-0.06986335883746975
PCNX3,-0.053295842484831546
PCNX4,-0.1859385673329168
PCOLCE,0.2883250442795593
PCOLCE2,-0.23515956274058158
PCP2,0.7938576186761438
PCP4,-0.9234885266208952
PCP4L1,-0.7380376761378492
PCSK1,0.0031980094167363138
PCSK1N,-0.014467428143592087
PCSK2,0.08524377114268122
PCSK4,-0.04478591150687716
PCSK5,-0.20500187360219702
PCSK6,0.08067208459449837
PCSK7,0.9339328855402851
PCSK9,-0.627767360503124
PCTP,0.103575332021423
PCYOX1,-0.09327442734370273
PCYOX1L,0.7673570975460899
PCYT1A,-0.2892865287817159
PCYT1B,0.4780818573084405
PCYT2,0.5855531484765146
PDAP1,-0.27316388631886124
PDC,-0.48127936678911576
PDCD10,0.1856702242287369
PDCD11,-0.23315169298717198
PDCD1LG2,-1.0276321510832587
PDCD2,0.7907351135411034
PDCD2L,-0.1918458057237329
PDCD4,-0.09171886202002977
PDCD5,0.2875891544277547
PDCD6,-0.050306625243015546
PDCD6-AHRR,-0.05578060646085525
PDCD6IP,-0.05732032427826095
PDCD7,0.42791681333055376
PDCL,-0.526724279299442
PDCL2,-1.458234166899407
PDCL3,0.13931668984026402
PDE10A,-0.5097255281776665
PDE11A,-1.3487334358722165
PDE12,-0.2915154186863811
PDE1A,-0.12972781488735008
PDE1B,0.22145331447792127
PDE1C,0.30026165238644964
PDE2A,-0.07607470558912377
PDE3A,0.5750573021411123
PDE3B,-0.10116449483675982
PDE4A,-0.1662132959796221
PDE4B,0.031775886115355645
PDE4C,0.059819604483382305
PDE4D,1.0715306359260746
PDE5A,-0.4623730052017523
PDE6A,-0.026671221254337518
PDE6B,-0.05603752873923118
PDE6C,1.046676528093475
PDE6D,-0.4151974230884785
PDE6G,-0.006016440370186116
PDE6H,0.6420315032025458
PDE7A,0.21593708879745588
PDE7B,-2.117831155728564
PDE8A,-0.007432120212321536
PDE8B,1.2025363779449196
PDE9A,6.163905585143681e-05
PDF,0.3409763232090315
PDGFA,0.44603101912346066
PDGFB,0.5431878649770194
PDGFC,-0.6516323925063219
PDGFD,-0.02673583584486472
PDGFRA,0.08021434030044117
PDGFRB,0.076990456151521
PDGFRL,-0.003557137627299589
PDHA1,-0.019218665212209274
PDHA2,1.004019047549866
PDHB,0.028935445328881038
PDHX,0.057352474947869325
PDIA2,-0.4555634068353811
PDIA3,-0.037537103078494116
PDIA4,0.15397701570037903
PDIA5,-0.37768831839507566
PDIA6,-0.900385861034281
PDIK1L,0.5296599213444448
PDILT,0.07503333463678241
PDK1,0.14628593317874383
PDK2,-0.08079066160714898
PDK3,0.29722541826878857
PDK4,0.17498349513140032
PDLIM1,0.05649121637813126
PDLIM2,-0.1683615719434024
PDLIM3,-0.21613888661037928
PDLIM4,-0.29022449814589524
PDLIM5,-0.4471158998217204
PDLIM7,0.3668297837198322
PDP1,1.2422900010181521
PDP2,-0.6050563711020374
PDPK1,0.2699063468134235
PDPN,0.4369583227896553
PDPR,-0.00825628734696826
PDRG1,0.009943335235484518
PDS5A,0.7796274537102308
PDS5B,0.4202519991230931
PDSS1,0.4144814796216387
PDSS2,-0.02028551430607095
PDX1,0.25149312104519517
PDXK,0.662266937804171
PDXP,0.3652348480087495
PDYN,-0.17889741882871957
PDZD11,-0.35497530573948
PDZD2,0.43114383884684937
PDZD4,0.3984041588312739
PDZD7,-0.1675732953798983
PDZD8,0.40559767873657915
PDZD9,-0.20459612760195212
PDZK1,-1.047927789968964
PDZK1IP1,0.2030195332422613
PDZRN3,-0.23081285576774135
PDZRN4,0.6799337082455015
PEA15,-0.054705381099928285
PEAK1,0.33730739622726436
PEAK3,0.3860603093517653
PEAR1,-0.5405614667575478
PEBP1,-0.023726070324719295
PEBP4,0.41017649876241746
PECAM1,0.11816017046891591
PECR,-0.5478787518457513
PEDS1,0.5454823261914021
PEDS1-UBE2V1,0.5414134735574083
PEF1,-0.20630695776653152
PEG10,-0.5356464211775314
PEG3,0.4743855706554616
PELI1,0.14347207304264575
PELI2,0.8340040743285808
PELI3,0.19054367890097001
PELO,-0.25787986685787834
PELP1,-0.18833370068502386
PEMT,0.061521031133897175
PENK,0.844325784332004
PEPD,-0.04288777835134816
PER1,0.07460052887638113
PER2,-0.5032252566393041
PER3,0.3514337536404821
PERCC1,-0.24174928828941677
PERM1,-0.5012687516626131
PERP,-0.1798596958276275
PES1,-0.7404912284670738
PET100,0.13963309310929084
PET117,-0.05639199278366558
PEX1,-0.0929810627849692
PEX10,-0.055602142258558196
PEX11A,-0.10818126525757066
PEX11B,-0.23831181246932864
PEX11G,-0.00057203800914718
PEX12,-0.31318465630410497
PEX13,-0.40251678639727206
PEX14,-0.13752228867742922
PEX16,0.10993145915495095
PEX19,-0.5572190071736454
PEX2,-0.24505997395300838
PEX26,-0.21743792474041257
PEX3,-0.20822927661936497
PEX5,-0.19183552671907833
PEX5L,-0.216444618204358
PEX6,0.08000906497750648
PEX7,0.5109739749708098
PF4,0.392897099206984
PF4V1,0.4044996790435153
PFAS,-0.5148849987962958
PFDN1,-0.6343154506315476
PFDN2,-0.26872865016279146
PFDN4,-0.43646925516849766
PFDN5,-0.15313955487075148
PFKFB1,-0.5191636530139879
PFKFB2,0.6787607703584643
PFKFB3,0.008145524630712941
PFKFB4,-0.45894894501958583
PFKL,0.23297240354117754
PFKM,-0.24347885825143
PFKP,0.5787580890095614
PFN1,0.2838346048953726
PFN2,-0.5901485142777286
PFN3,-0.23556750813195895
PFN4,0.45926560488421364
PGA3,-0.7145095943124707
PGA4,0.3741875912035142
PGA5,-0.06351307014106178
PGAM1,-0.2710074503945581
PGAM2,-0.4429636622848765
PGAM4,-0.5974041533687168
PGAM5,0.41125780579798654
PGAP1,-0.6106909327117784
PGAP2,0.09745512312811755
PGAP3,-0.40029331607774465
PGAP4,-0.07085822271490017
PGAP6,-0.9101444048584632
PGBD1,-0.06488036524758645
PGBD2,0.22954077505955706
PGBD4,-0.08491951626776384
PGBD5,0.679415480712716
PGC,0.6536193120650476
PGD,0.08915420406714247
PGF,0.12657172954379592
PGGHG,0.2168984974348045
PGGT1B,-0.6782220005553152
PGK1,-0.38548672243912696
PGK2,1.0458678838170963
PGLS,-0.14409436754597937
PGLYRP1,0.011900603053408343
PGLYRP2,-0.3308736285320499
PGLYRP3,0.35929121323025404
PGLYRP4,-0.35147038725295854
PGM1,0.020414990945146982
PGM2,-0.45483243640533644
PGM2L1,-0.19435557636586598
PGM3,-0.06505545314131478
PGP,-0.06403594648261368
PGPEP1,0.23847915882796578
PGPEP1L,-0.08890590935892892
PGR,-0.22222002710277933
PGRMC1,0.06787040245398845
PGRMC2,-0.11899792401335496
PGS1,-0.0435460855197185
PHACTR1,0.4724435411421237
PHACTR2,0.027914099720003804
PHACTR3,0.5104022396785635
PHACTR4,-0.0790301198776282
PHAF1,-0.22192368015652697
PHAX,-0.17141733327305975
PHB1,-0.13565734657258854
PHB2,0.11938771105064117
PHC1,0.19739461702929173
PHC2,0.9532148948589021
PHC3,0.07279435733812711
PHETA1,-0.09425432921977972
PHETA2,0.06998281753683522
PHEX,0.10902196028995786
PHF10,0.007329548951456877
PHF11,-0.2956136306060895
PHF12,0.15527309676287082
PHF13,0.581452219973202
PHF14,-0.1340587844501151
PHF19,-0.5812590416281678
PHF2,0.4836220475559805
PHF20,1.1172753733352225
PHF20L1,1.1478606427603344
PHF21A,0.3284411985693203
PHF21B,-0.06872581558011026
PHF23,-0.15881699509620528
PHF24,0.8860116076900098
PHF3,-0.06079274399407808
PHF5A,-0.20529349261857988
PHF6,-0.10073120070997277
PHF7,-0.019491138730743707
PHF8,0.5202644669161738
PHGDH,0.3505756179225532
PHGR1,-0.85820854811122
PHIP,-0.158072099463741
PHKA1,-0.09948400593583573
PHKA2,-0.1997912060238658
PHKB,-0.21214661755580888
PHKG1,-0.9314984350572393
PHKG2,-0.06886628827321584
PHLDA1,-0.23880785962454265
PHLDA2,1.2504966801155883
PHLDA3,0.28325053120508414
PHLDB1,-0.11512883523483342
PHLDB2,0.8594712018153094
PHLDB3,0.015597666282302747
PHLPP1,0.11581188154923172
PHLPP2,0.86700054109571
PHOSPHO1,-0.047382203612023055
PHOSPHO2,-0.25393216380072303
PHOX2A,-0.09597798462576335
PHOX2B,-0.18682062004952943
PHPT1,0.08554171571817548
PHRF1,-0.6572604356317444
PHTF1,-0.24976812752026623
PHTF2,0.08766188256980012
PHYH,-0.39017186761354683
PHYHD1,-0.5449118690261853
PHYHIP,0.08852183327055607
PHYHIPL,0.7755789573909018
PHYKPL,-0.07517153117068798
PI15,0.5807409690407155
PI16,-0.5053873963734756
PI3,-0.8041945465722801
PI4K2A,0.17383057526907209
PI4K2B,-0.2544284351132253
PI4KA,1.236268872226785
PI4KB,-0.34204186260091074
PIANP,-0.011339648253974044
PIAS1,-0.07893947110261834
PIAS2,0.24567418210982062
PIAS3,-0.13007779938811126
PIAS4,0.45336550014755606
PIBF1,-0.08712719632223109
PICALM,0.33908759011867495
PICK1,-0.2279760505689925
PID1,1.06045051867677
PIDD1,0.004579995304632156
PIERCE1,-0.3916158697386538
PIERCE2,-0.1617580228404245
PIEZO1,0.6133155574513207
PIEZO2,0.18048556171399693
PIF1,0.018846544408689603
PIGA,0.005908930336309126
PIGB,-0.23799149447451073
PIGBOS1,-0.2755805520504482
PIGC,-0.09906835324486885
PIGF,-0.04244062503072765
PIGG,-0.48665941149858494
PIGH,-0.015389221251672858
PIGK,-0.5017612303287944
PIGL,-0.4870382508203974
PIGM,-0.3891075024932773
PIGN,-0.150324494761783
PIGO,0.04932292390580706
PIGP,0.6158248068192194
PIGQ,-0.0679586532309191
PIGR,1.0667284035475755
PIGS,-0.405156278478783
PIGT,-0.059576832350997755
PIGU,0.4304446073357925
PIGV,0.012081206067054318
PIGX,-0.24391492348812882
PIGY,-0.5988271651771377
PIGZ,1.8748225251430393
PIH1D1,-0.2011111291793144
PIH1D2,-0.17666880282347108
PIK3AP1,0.15405940608029667
PIK3C2A,-0.15737491221393984
PIK3C2B,0.24715387871447092
PIK3C2G,-0.8440774001165818
PIK3C3,-0.20129954379523785
PIK3CA,0.2350223955921411
PIK3CB,0.9751770892783016
PIK3CD,-0.08399758385570433
PIK3CG,-0.44527186078916303
PIK3IP1,-0.14012387347258803
PIK3R1,0.5688097367269798
PIK3R2,-0.012035356965567345
PIK3R3,-0.1918578495150749
PIK3R4,-0.056457804143454915
PIK3R5,0.0118731205641458
PIK3R6,-0.21966278010097207
PIKFYVE,-0.48574290911323015
PILRA,-0.09330721021549904
PILRB,0.4541205642594719
PIM1,0.12298007881114614
PIM2,0.028828454121164526
PIM3,1.5348588610192335
PIMREG,0.02589102459485204
PIN1,-0.146588711364803
PIN4,-0.36478418274569613
PINK1,0.205813057325543
PINLYP,-0.11464400699428978
PINX1,0.12502498672141726
PIP,-0.6144379881380226
PIP4K2A,0.30281965752143547
PIP4K2C,-0.25087678484489917
PIP4P1,0.15665292810327003
PIP4P2,-0.6270297074348274
PIP5K1A,-0.4328419926450815
PIP5K1B,0.932409653468024
PIP5K1C,0.6531252879636984
PIP5KL1,-0.6772213753607655
PIPOX,0.05213929388165184
PIR,0.6450839702343272
PIRT,0.06366321548352066
PISD,-0.14686480335685026
PITHD1,-0.38536764145028624
PITPNA,0.06247647560071101
PITPNB,-0.16582799434198758
PITPNC1,0.09365434712545362
PITPNM1,0.2717674113168105
PITPNM2,-0.09717966795980892
PITPNM3,0.6229554363409744
PITRM1,0.31591666874372226
PITX1,0.9359360141774533
PITX2,-0.2248176502710031
PITX3,-0.676842162310624
PIWIL2,-0.32505035246806924
PIWIL3,-1.0891656237132838
PIWIL4,-0.15137279717314645
PJA1,-0.13804211723860704
PJA2,0.029995660940980606
PJVK,0.40517380486346166
PKD1,0.806952892367867
PKD1L1,-0.48549318259639723
PKD1L2,0.023797425974910025
PKD1L3,-0.36371123570610153
PKD2,0.473210343472501
PKD2L1,-0.6713141467174084
PKD2L2,-0.5753932363526111
PKDCC,0.4148063650691445
PKDREJ,0.42973781760531304
PKHD1,0.471489556778676
PKHD1L1,-0.30730813935627244
PKIA,0.08729628067112927
PKIB,-0.16037280949895028
PKIG,-0.2916762078422108
PKM,-0.13683046688812706
PKMYT1,-0.31196768102720185
PKN1,-0.3929512988963353
PKN2,-0.10561243716879165
PKN3,-0.621779271151953
PKNOX1,0.7703555402147622
PKNOX2,-0.5981324112948176
PKP1,-0.34641081026504095
PKP2,-1.291708796994572
PKP3,0.38377847370132323
PKP4,0.20517740379397242
PLA1A,1.0989215504212366
PLA2G12A,-0.1250222595910242
PLA2G12B,0.412895088150831
PLA2G15,-0.013139702749279003
PLA2G1B,-0.004841327552455921
PLA2G2A,-0.12068269173403806
PLA2G2C,0.17762681846025608
PLA2G2D,-0.8553063914764767
PLA2G2E,-0.17794466749378723
PLA2G2F,1.4541725388372388
PLA2G3,-0.0043504162877423536
PLA2G4A,-0.31064651874828364
PLA2G4B,0.4182520358805625
PLA2G4C,-0.6610146382195765
PLA2G4D,-0.10937249055044793
PLA2G4E,-0.2696695370448592
PLA2G4F,-0.24249894071780664
PLA2G5,-0.7801976935788473
PLA2G6,0.18563069249841968
PLA2G7,-1.9039807443242038
PLA2R1,-0.1601673048322867
PLAA,-0.1355215437238
PLAAT1,0.8107554914646962
PLAAT2,0.5949823562136523
PLAAT3,-0.4623774865524075
PLAAT4,-0.018499293718259757
PLAAT5,-0.32144011149209994
PLAC1,0.017113947543654362
PLAC8,-0.3708014173237244
PLAC8L1,1.1694175838787575
PLAC9,-0.6093535101964149
PLAG1,0.6207856717010305
PLAGL1,0.11267481237432353
PLAGL2,0.9290605335538622
PLAT,0.667098577154778
PLAU,-0.0039136094443656955
PLAUR,-0.27659604648821423
PLB1,0.9271734008850435
PLBD1,-1.4181689683043708
PLBD2,0.471038918579346
PLCB1,0.403087365746435
PLCB2,-0.28042906615538765
PLCB3,0.7509524628290105
PLCB4,-0.29545959210275397
PLCD1,0.131776767689878
PLCD3,0.17130357272920227
PLCD4,-0.6735676792913479
PLCE1,0.676389034471266
PLCG1,0.9865254530677836
PLCG2,-0.14301845438860372
PLCH1,-0.27209997956096643
PLCH2,-0.2804891281957873
PLCL1,0.4202180659061958
PLCL2,0.5312547454385249
PLCXD2,0.17920493890243616
PLCXD3,-0.8642411138009454
PLCZ1,-1.637503720592218
PLD1,-0.3892784377483638
PLD2,1.5100341944644033
PLD3,0.17644639025244135
PLD4,0.12773761580506487
PLD5,-0.11068081980746958
PLD5P1,0.08238601498066478
PLD6,-0.057919912470547175
PLEC,0.4682039881102682
PLEK,-0.5795063425655742
PLEK2,1.0713435127612467
PLEKHA1,0.4767831093420716
PLEKHA2,0.36859887926485424
PLEKHA3,-0.028739816757374026
PLEKHA4,0.7026293180014788
PLEKHA5,0.47579093226564106
PLEKHA6,-0.1255623804224375
PLEKHA7,-0.024450909106729313
PLEKHA8,-0.02539582517679939
PLEKHB1,-0.36423682497357257
PLEKHB2,-0.3892492981089415
PLEKHD1,0.31219961870507645
PLEKHF1,-0.038795156559021216
PLEKHF2,-0.8479182903308512
PLEKHG1,-0.4987149946323992
PLEKHG2,0.06746338087533132
PLEKHG3,-0.4443899836840779
PLEKHG4,-0.5857080270020785
PLEKHG4B,0.2854613340486478
PLEKHG5,-0.49880003890553415
PLEKHG6,0.1785723665587478
PLEKHG7,-0.3190720122804
PLEKHH1,0.5582174203742718
PLEKHH2,-0.23570232931929658
PLEKHH3,-0.21331137612842443
PLEKHJ1,-0.48157439028416427
PLEKHM2,-0.010274458269824094
PLEKHM3,-0.368409420230277
PLEKHN1,-0.289497400799374
PLEKHO1,0.12292392972982791
PLEKHO2,0.39169769950121225
PLEKHS1,-0.11247946385678353
PLET1,-2.100920193311583
PLG,-1.9145676182659608
PLGRKT,-0.12800102307172434
PLIN1,-0.38315788872874745
PLIN2,-0.30431768657716557
PLIN3,-0.20346957135759958
PLIN4,-0.4468177815423673
PLIN5,0.34338409590285734
PLK1,-0.09665423354653369
PLK2,-0.40371172186423676
PLK3,0.37121567237066255
PLK4,-0.40393743801504733
PLK5,-0.05493944793115002
PLLP,-0.1257841668600732
PLN,1.1146625316094116e-06
PLOD1,0.08388368054485262
PLOD2,-0.26355752943833916
PLOD3,-0.4258821584419916
PLP1,-0.5617386728178502
PLP2,-0.6028902179582327
PLPBP,0.10442968638231065
PLPP1,0.1963232162344104
PLPP2,0.3930291108291488
PLPP3,1.4062154759802008
PLPP4,-0.40292804141603744
PLPP5,-0.28356545784344256
PLPP6,-0.28293008078672477
PLPP7,-0.7650859756161503
PLPPR2,-0.087411481332758
PLPPR3,-0.38123427264481924
PLPPR4,-0.3483889365396634
PLPPR5,0.20664078111486128
PLRG1,-0.1926803921627256
PLS1,-0.2531949443330088
PLS3,-0.21031925234684423
PLSCR1,-0.26577380733686073
PLSCR2,0.8160217456249491
PLSCR3,-0.03430738895616248
PLSCR4,1.1658682898815327
PLSCR5,0.20963414190281582
PLTP,-0.2833411865957385
PLVAP,-0.07395935057839542
PLXDC1,-0.37581026903923487
PLXDC2,1.8024242984324723
PLXNA1,0.11869803117259181
PLXNA2,-0.3510486877107599
PLXNA3,0.2478494129965645
PLXNA4,0.5013199659278746
PLXNB1,0.39759669116965757
PLXNB2,-0.18209606884680074
PLXNB3,-0.4110526208706906
PLXNC1,0.4973280011098624
PLXND1,0.3385961014732448
PM20D1,0.49670599548907735
PM20D2,-0.1464549307690346
PMAIP1,-0.3114373090168918
PMCH,0.5514383360470395
PMEL,0.13105668869618992
PMEPA1,-0.04105253849685475
PMF1,-0.2234780127810856
PMF1-BGLAP,-0.22334649493078906
PMFBP1,0.30781648780398907
PMIS2,-0.2966725562459843
PML,-0.19892290608948215
PMM1,-0.029270153121093045
PMM2,-0.31177530860309494
PMP2,0.6172453356746057
PMP22,-0.03568670223282466
PMPCA,-0.3493275743478228
PMPCB,-0.35541149136932404
PMS1,-0.07294951638196956
PMS2,-0.15076610720934358
PMVK,-0.25198789601043625
PNCK,0.9389965235831621
PNISR,-0.4643911184527205
PNKD,-0.19956123796743785
PNKP,-0.13027601180574067
PNLDC1,0.7680495313259016
PNLIP,0.5072622931064308
PNLIPRP1,0.6499621303107904
PNLIPRP2,0.15198045877100735
PNLIPRP3,-0.019858256200669944
PNMA1,0.3672253617831549
PNMA2,0.31271583457583585
PNMA3,0.45545267111626464
PNMA5,0.5467699840061524
PNMA6A,-0.11866824422934386
PNMA6E,0.022241013900720474
PNMA6F,1.388175951476413
PNMA8A,-1.2119574777423998
PNMA8B,-0.04989128486996197
PNMA8C,0.19815072253193544
PNMT,-0.31194844623950857
PNN,-0.026162040942107723
PNO1,-0.2236412085679742
PNOC,0.34226045927851523
PNP,0.1383281564011689
PNPLA1,-0.11718660272333292
PNPLA2,0.03236915227565795
PNPLA3,0.12681195839565262
PNPLA4,-0.1541196771098451
PNPLA5,0.5265584092129343
PNPLA6,-0.12921891779556827
PNPLA7,-0.4144598972625486
PNPLA8,-0.040850042063492076
PNPO,-0.07537832084888052
PNPT1,-0.7001331982767138
PNRC1,0.1306981671522216
PNRC2,-0.613459242193271
POC1A,-0.0808844558213897
POC1B,0.274405750635756
POC1B-GALNT4,0.28113411155781254
POC5,0.1575769918921024
PODN,-0.4028199510331909
PODNL1,-0.10410871783962472
PODXL,-0.3586966804862115
PODXL2,-0.23826329961302042
POF1B,0.09185696623957389
POFUT1,0.9288493765002217
POFUT2,-0.2416872931231433
POGK,0.17814638560560692
POGLUT1,-0.27883043244169414
POGLUT2,-0.6416709277867367
POGLUT3,0.5610147071501952
POGZ,-0.27396717411531935
POLA1,-0.24131868410004298
POLA2,-0.1330222492439539
POLB,-0.20899463900733828
POLD1,-0.06084565902609462
POLD2,-0.08050627885679251
POLD3,0.10606619802716999
POLD4,-0.229028906568844
POLDIP2,0.2250620399351595
POLDIP3,-0.1256771168544093
POLE,1.0026644736062948
POLE2,-0.8391857123635398
POLE3,-0.28722100643722914
POLE4,-0.0695305608965544
POLG,-0.13344745563597105
POLG2,-0.25746981030318317
POLGARF,0.37951925716512314
POLH,-0.14704480885272453
POLI,0.11250080690311126
POLK,-0.300216023987379
POLL,-0.7222309667888758
POLM,-0.10859353994369325
POLN,-0.08790334376027253
POLQ,-0.4939007531071855
POLR1A,-0.3759215261624931
POLR1B,-0.4239082275385746
POLR1C,1.553860963673048
POLR1D,0.5744325505841656
POLR1E,0.11261122789767786
POLR1F,-0.3575399489803752
POLR1G,-0.2859753264038112
POLR2A,0.06201280228756456
POLR2B,-0.2850897549697162
POLR2C,-0.12013219756812088
POLR2D,-0.2889054923139529
POLR2E,-0.008628358728154595
POLR2F,-0.38191516121285884
POLR2G,0.12714130119713918
POLR2H,0.24363303164053907
POLR2I,-0.16526404770458392
POLR2J,0.7787652092252526
POLR2J2,-1.4388554881258806
POLR2J2-UPK3BL1,-1.4046730390738793
POLR2J3,-0.3707855717545515
POLR2K,-0.36888639358095254
POLR2L,0.10810554765488689
POLR2M,0.057999991492695635
POLR3A,-0.31158076652998457
POLR3B,-0.16554408383832797
POLR3C,0.22046825101420353
POLR3D,0.07036809778819109
POLR3E,-0.0638216894267929
POLR3F,-0.29971457625885467
POLR3G,-0.31342412082043436
POLR3GL,-0.21762496467363235
POLR3H,-0.2289743417506651
POLR3K,-0.05412225766015677
POLRMT,-0.04247436792865411
POM121,0.4578447599424402
POM121C,-0.06083230951753915
POM121L12,1.0965194090431438
POM121L2,-0.30535659175884833
POMC,-0.43437022611356624
POMGNT1,0.37816914594651496
POMGNT2,0.5183467838930333
POMK,0.09025746169487547
POMP,-0.24397106942555968
POMT1,0.11825268360504904
POMT2,-0.21692277072348354
PON1,-0.6162118178183071
PON2,-0.5474166408173815
PON3,0.5721982800366774
POP1,-0.14018863682334448
POP4,-0.33663499262621865
POP5,-0.19392547372195068
POP7,-0.19977196135548247
POPDC2,0.6320025603204474
POPDC3,-0.32787378948641066
POR,1.4802519667621508
PORCN,-0.06264144302825247
POSTN,0.021807576694123032
POT1,-0.1105455454215658
POTEA,-0.4942202043948417
POTEC,1.048077215580901
POTED,1.7386360134834378
POTEE,0.3864435880328285
POTEF,-0.010413728443959824
POTEG,-1.4812209044035562
POTEH,0.19432516962689927
POTEJ,-1.2006562760075172
POTEM,0.6572604356317444
POU1F1,1.699623657487706
POU2AF1,0.2722406123006125
POU2AF2,-0.7221881107314052
POU2AF3,-0.1722556555236054
POU2F1,-0.04764536474131642
POU2F2,-0.10174581540446415
POU2F3,-0.7321779478389758
POU3F1,0.8338216224515023
POU3F2,-0.08994868829357383
POU3F3,0.06322505227235897
POU3F4,-1.1517097342972988
POU4F1,0.012905729401420984
POU4F2,-0.3282854772452386
POU4F3,-0.14618263816934268
POU5F1,-0.1980624493210259
POU5F1B,-0.5392184852210544
POU5F2,-0.6009071422445245
POU6F1,-0.0902490417701669
POU6F2,0.4021387281704343
PP2D1,-0.36324935659827834
PPA1,0.08674673607527605
PPA2,-0.13715289225585447
PPAN,0.24659321992823457
PPAN-P2RY11,0.25531635669623576
PPARA,0.16064042291082314
PPARD,-0.1646906000845636
PPARG,-0.015443661089731706
PPARGC1A,0.9709567780548587
PPARGC1B,-0.22865763397007033
PPAT,-0.1148223171510816
PPBP,-0.44659358830892604
PPCDC,-0.5868905684497898
PPCS,-0.2888220991168824
PPDPF,0.47641625556859246
PPDPFL,-0.6310133896363375
PPEF1,-0.062175183920645694
PPEF2,-0.8728200325969797
PPFIA1,0.9295765202888742
PPFIA2,-0.3038680493092478
PPFIA3,0.17065113235160467
PPFIA4,0.05294548662668053
PPFIBP1,-0.11383727454569481
PPFIBP2,-0.1894800019766798
PPHLN1,0.5068733540660362
PPIA,-0.2322787977243479
PPIAL4C,0.0
PPIAL4G,1.2186544292918233
PPIAL4H,-0.30671439026293834
PPIB,-0.30765843612385346
PPIC,-0.2245094231606639
PPID,-0.4248023342811007
PPIE,0.3259068773952496
PPIF,0.20011417503777995
PPIG,-0.4333073862878516
PPIH,0.041544868121364154
PPIL1,-0.3817087356818636
PPIL2,-0.5763602599235047
PPIL3,-0.20710882774088635
PPIL4,-0.224767291555648
PPIL6,0.5512634691540113
PPIP5K2,0.019597481666703942
PPL,0.29275824958443886
PPM1A,1.1918453688332162
PPM1B,-0.062294905420951174
PPM1D,-0.0067618660505006645
PPM1E,-0.41971517357363286
PPM1F,0.4450220540923371
PPM1G,0.29041960398775224
PPM1H,0.22179374780393868
PPM1J,0.13092377514718212
PPM1K,-0.2385392442831602
PPM1L,-0.03872681960312718
PPM1M,0.4127184179949124
PPM1N,-0.05862698578320791
PPME1,0.20903381412241906
PPOX,-0.044406572008016454
PPP1CA,0.9991653765644557
PPP1CB,0.059079613294534816
PPP1CC,-0.07743578899724657
PPP1R12A,0.006551316976829646
PPP1R12B,-0.14387548661171934
PPP1R12C,-0.017261288731252655
PPP1R13B,1.2789398034470305
PPP1R13L,-0.27968869604626434
PPP1R14A,-0.11090539629887164
PPP1R14B,0.2849671138061831
PPP1R14C,-0.011275822612477615
PPP1R14D,-0.2188932066865304
PPP1R15A,-0.3419641161020621
PPP1R15B,-0.15144788908465223
PPP1R16A,0.14698449803283076
PPP1R16B,0.32606820756464483
PPP1R17,0.01926421913370624
PPP1R1A,0.6708623707722579
PPP1R1B,0.4319065978005017
PPP1R1C,-0.8084068278165231
PPP1R2,0.21421351959810586
PPP1R21,0.17111616469363256
PPP1R26,1.0139142841556072
PPP1R27,-0.21550941804384904
PPP1R2B,-1.0131530028504305
PPP1R2C,0.7885562670909139
PPP1R35,0.4516181312458434
PPP1R36,-1.3011793569424177
PPP1R37,-1.192714598303609
PPP1R3A,-0.33200021778688604
PPP1R3B,-0.26097778714512465
PPP1R3C,0.18264800612868048
PPP1R3D,-0.19093003942887687
PPP1R3E,0.11869266599881279
PPP1R3F,0.06209692437023673
PPP1R3G,0.9125529375997233
PPP1R42,-0.7698587976206166
PPP1R7,0.11232771231693928
PPP1R8,-0.21699724397152664
PPP1R9A,1.8648469078973018
PPP1R9B,0.2711240969125619
PPP2CA,0.11116584188341161
PPP2CB,-0.6130376281998418
PPP2R1A,0.27964902189377894
PPP2R1B,-0.08531704945063012
PPP2R2A,-0.04913375389757002
PPP2R2B,0.1370478080902337
PPP2R2C,-1.376825541293953
PPP2R2D,0.40286982436815055
PPP2R3A,0.2643980205836809
PPP2R3C,-0.08516506461837547
PPP2R5A,0.569802104173764
PPP2R5B,0.12396963319695598
PPP2R5C,0.05114314411017684
PPP2R5D,-0.04996483893717141
PPP2R5E,0.05584500449570218
PPP3CA,-0.07309274811380817
PPP3CB,-0.07015448967031812
PPP3CC,0.06640481558064781
PPP3R1,-1.061765888014326
PPP3R2,-0.24191523388734126
PPP4C,-0.40049046924972576
PPP4R1,0.735632080437699
PPP4R2,0.23877589659632203
PPP4R3A,0.18835427697959872
PPP4R3B,-0.5035203870133564
PPP4R3C,0.06490868125787963
PPP5C,-0.16665153945509292
PPP6C,-0.3620685739654075
PPP6R1,0.0013762183006527096
PPP6R2,-0.21883346347532395
PPP6R3,0.24570638390690913
PPRC1,-0.17132509560352815
PPT1,-0.3306102028170823
PPTC7,0.6739225721162532
PPWD1,-0.35912201435234703
PPY,0.5833150150709789
PQBP1,0.040053198741848206
PRAC1,-1.2293818246129877
PRAC2,-1.158748878511844
PRADC1,-0.282970974878185
PRAF2,-0.10040774827249788
PRAG1,0.020983007083978045
PRAM1,0.34330088936578573
PRAMEF1,0.05417664684009749
PRAMEF11,-0.7343500170171784
PRAMEF12,0.28863277775977814
PRAMEF14,0.5476156723134649
PRAMEF15,0.0
PRAMEF17,0.08462955882025991
PRAMEF19,2.4500129286740147
PRAMEF2,-0.31038087199309006
PRAMEF20,-0.04294889235499111
PRAMEF4,1.171382662395152
PRAMEF9,0.9085587155999422
PRAP1,-0.3356946295601885
PRB2,0.025514831471662003
PRC1,0.09440237677853958
PRCC,-0.03601702076336988
PRCD,-0.6259791499307381
PRCP,-0.35592293683160303
PRDM1,-0.34054660784269686
PRDM10,0.17125947448486656
PRDM11,-1.2000563260675725
PRDM12,0.11187247890987484
PRDM13,0.5288982664824822
PRDM14,-0.6982740423015628
PRDM15,0.3036802245116488
PRDM16,1.6349781705826572
PRDM2,0.6570018300423555
PRDM4,0.9821236580529904
PRDM5,0.3860037106779992
PRDM6,-0.1935362662440292
PRDM7,-0.2540939782945735
PRDM8,0.16999883866873855
PRDM9,-0.0551463232787075
PRDX1,0.1539689534515698
PRDX2,-0.08293645818527118
PRDX3,-0.39037667647600927
PRDX4,-0.34969082986684424
PRDX5,-0.24347998209268784
PRDX6,0.21089786388395027
PREB,0.15571800846809936
PRELID1,-0.05301815629999407
PRELID2,-0.027285450199193484
PRELID3A,0.04830876360179526
PRELID3B,-0.015526832203391017
PRELP,0.19103961970818192
PREP,-0.7775704135978003
PREPL,-0.3116506187340864
PREX1,0.5692083285160399
PREX2,-0.051787422318939846
PRF1,0.29328137892638706
PRG2,-0.5446457687307698
PRG3,-0.40546140161465627
PRG4,-1.2849753576903664
PRICKLE1,0.5899457033047972
PRICKLE2,0.14854793019949164
PRICKLE3,-0.5185438664552637
PRICKLE4,0.38057958677342985
PRIM1,-0.6342732509032123
PRIM2,-1.1734215939635013
PRIMPOL,0.22875771215414709
PRKAA1,-0.07227084145386353
PRKAA2,1.3936886460070965
PRKAB1,-0.11029911967850037
PRKAB2,0.042644536757076246
PRKACA,0.2847491235122668
PRKACB,0.28337690765905776
PRKACG,-0.800780203792342
PRKAG1,-0.16427070621429873
PRKAG2,0.365311350328251
PRKAG3,-0.02781989290968989
PRKAR1A,0.11624885201241231
PRKAR1B,1.0213283280664585
PRKAR2A,-0.410093022035773
PRKAR2B,0.3982336231876853
PRKCA,-0.0466358602733572
PRKCB,-0.024482813648193158
PRKCD,-0.2832979580560876
PRKCE,0.8910461903900471
PRKCG,-0.16576146141057269
PRKCH,1.4403761499538645
PRKCI,-0.1921808813895094
PRKCQ,0.29524838770398
PRKCSH,0.050951157668679414
PRKCZ,0.3318275152592208
PRKD1,-1.4878737026080744
PRKD2,-0.3766026239494309
PRKD3,0.011881997863886884
PRKDC,-0.27614942284090827
PRKG1,-0.32555825531317595
PRKG2,0.209620758950263
PRKN,0.059395379481454125
PRKRA,0.434054314164662
PRKRIP1,0.6150768458137224
PRKX,0.6555425696274058
PRL,0.04639030002944611
PRLH,-0.00154964031353233
PRLHR,1.0466244571599161
PRLR,-0.7771183684681834
PRM1,-0.3577957526830852
PRM2,-0.23683473340580674
PRM3,-0.1302325168983544
PRMT1,-0.47837653823189275
PRMT2,-0.23379736898282744
PRMT3,-0.10527532785796545
PRMT5,-0.025477732861513225
PRMT6,-0.12333000341972866
PRMT7,0.022606517649684577
PRMT8,1.0467400678061975
PRMT9,-0.16443925721028574
PRND,-0.41558956100209543
PRNP,0.3590672498045828
PROB1,0.43898558193150294
PROC,-0.10526825095114134
PROCA1,0.5481948425783352
PROCR,-0.8021954439500143
PRODH2,-0.19638917132216271
PROK1,-0.9125137074084748
PROK2,0.49916512417659176
PROKR1,0.8270117026664878
PROKR2,0.34783307512710926
PROM1,-1.8667480273085055
PROM2,0.5902514917694541
PROP1,-0.8822659069153725
PRORP,-0.08883427231744445
PROS1,0.2093036156285839
PROSER1,-0.003672953545426516
PROSER2,-0.12176080495629726
PROSER3,-0.05768148987744759
PROX1,-0.7710219229871704
PROX2,0.053988721419552355
PROZ,0.8168687026409462
PRP4K,-0.2530747348985676
PRPF18,0.25965071241199666
PRPF19,-0.025767266139568257
PRPF3,-0.4218782671020094
PRPF38A,-0.2495569674008422
PRPF38B,-0.08949761817069746
PRPF39,-0.14463264190928538
PRPF4,-0.06208930154931647
PRPF40A,0.002458244415720401
PRPF40B,-0.29067825382521484
PRPF6,-0.17103762188439564
PRPF8,-0.5476156723134649
PRPH,0.8754532430215278
PRPH2,-0.6684744496548222
PRPS1,-0.15664044512379505
PRPS1L1,0.474820427170921
PRPS2,0.6475951952681553
PRPSAP1,0.6816146646150649
PRR11,0.18975715347525668
PRR12,0.2522772336148593
PRR13,-0.25028725675669516
PRR14,-0.1523718918852346
PRR14L,0.05843311929225514
PRR15,-0.24523309605798227
PRR15L,-0.23513424318565895
PRR16,-0.10778299586561824
PRR18,1.8443377954760507
PRR19,0.08655726715433598
PRR20A,1.5092763015114914
PRR20C,1.5092763015114914
PRR20G,-0.8182050249487256
PRR22,-0.5514835528466431
PRR23A,-0.5239442934936931
PRR23B,-2.2476096612632404
PRR23C,-0.6570551468668293
PRR23E,-0.37981345978332803
PRR27,-0.5631838292481197
PRR29,-0.10322603908229411
PRR30,1.063838508169611
PRR32,-1.9604456115525586
PRR33,1.2266429636812188
PRR35,-0.38395179075418717
PRR36,1.1599556580184367
PRR5,0.7785940195992256
PRR5-ARHGAP8,0.5495503849005186
PRR5L,-0.23736543808128696
PRR7,0.32045942336897504
PRR9,-0.1842046759837488
PRRC1,-0.08349624183262883
PRRC2A,-0.9261434151095611
PRRC2B,-0.13893869591483732
PRRC2C,-0.13495488038480552
PRRG1,-0.2592943232743148
PRRG2,-0.38233765154178556
PRRG3,1.2216246746875845
PRRG4,-0.15307717668200788
PRRT1B,-0.6895004417073843
PRRT2,-0.6543968543193577
PRRT3,0.04263707733732591
PRRT4,0.03233463203898168
PRRX1,0.19179679475855071
PRRX2,0.6358178288666362
PRSS12,0.6334584185124306
PRSS16,0.36806901350129234
PRSS2,-0.2968531351570882
PRSS21,0.15289695805474962
PRSS22,-0.4943889630380278
PRSS23,-0.4788647689669916
PRSS27,-0.0806362180216178
PRSS3,0.6946264752995481
PRSS33,-0.22533960029195832
PRSS35,-0.08628190902780442
PRSS36,-0.33947272550309887
PRSS37,-0.02319468879969136
PRSS38,1.1282884725478337
PRSS41,0.3200710190409243
PRSS48,-0.3548334612914603
PRSS50,-0.015079124881574035
PRSS51,0.010036175751039877
PRSS53,0.1304432920746033
PRSS54,-0.04771294865772013
PRSS55,0.8078430647840713
PRSS56,-0.20738447485860384
PRSS57,-0.32153037591978895
PRSS8,-0.09081789055448208
PRTFDC1,0.3899946199469424
PRTG,-0.20224856048573558
PRUNE1,0.005569747460504537
PRUNE2,1.0706643472766142
PRX,0.6103324692733073
PRXL2A,-0.15306067212110008
PRXL2C,0.3910954719102788
PSAP,0.0632725199466595
PSAPL1,0.31618124577395434
PSAT1,-0.030168178877373997
PSCA,0.5035468421632201
PSD,0.061878074376133796
PSD2,-0.08745892002048672
PSD3,-0.5380445172447165
PSD4,0.4476447479306229
PSEN1,0.009180405736104014
PSEN2,1.2304303087046362
PSENEN,-0.32483440485934967
PSG1,2.1287174620524594
PSG11,0.22864499925952564
PSG2,-0.25150846438858415
PSG3,1.319530176267112
PSG4,0.2677805785452865
PSG5,1.4293706296008395
PSG6,0.758338554880505
PSG7,0.17399259045441062
PSG8,-0.09627931673360068
PSG9,-0.3245493649798712
PSIP1,-0.08450666143815155
PSKH1,0.4186920477813003
PSKH2,-1.5767548022793676e-07
PSMA1,-0.09033730952101493
PSMA2,-0.08064478005477049
PSMA3,-0.2978375212648565
PSMA4,-0.3726193897277166
PSMA5,-0.1590338746741553
PSMA6,-0.4305381327385118
PSMA7,1.54008751722668
PSMA8,-0.3729222771060279
PSMB1,-0.22051187580500464
PSMB10,-0.37792304703991153
PSMB11,-0.21307291090486563
PSMB2,-0.516542831191483
PSMB4,-0.3377266040876874
PSMB5,-0.4290764449727451
PSMB6,-0.7412725640718034
PSMB7,-0.31342547373604823
PSMC1,-0.5032457555896324
PSMC2,-0.9269991634985193
PSMC3,-0.3422937874064118
PSMC3IP,-0.39688364613917937
PSMC4,0.07858780108492613
PSMC5,-0.22076850213541555
PSMC6,-0.26965044841084573
PSMD1,-0.1781398063163797
PSMD10,0.08450287223319464
PSMD11,-0.2231820461511047
PSMD12,-0.1288676193551188
PSMD13,-0.2662133804217808
PSMD14,-0.20955905719258094
PSMD2,0.05280023601425743
PSMD3,-0.2628398119124
PSMD4,-0.1347906382825652
PSMD5,-0.07063340294918685
PSMD6,-0.3070300354718123
PSMD7,-0.1815411942480205
PSMD8,-0.033410502673618225
PSMD9,-0.1281061685845808
PSME1,0.14497398145340235
PSME2,0.22382768795794394
PSME3,-0.16348888315458243
PSME3IP1,-0.264925173365377
PSME4,-0.041128778295236756
PSMF1,-0.5636904110275807
PSMG1,0.0775526184270312
PSMG2,1.3943576163695313
PSMG3,-0.11577669296717463
PSMG4,0.36775722127682176
PSORS1C1,1.4841999280551885
PSPC1,-0.23356218515739346
PSPH,0.14624564706910181
PSPN,-0.41689761997919333
PSRC1,-0.23387506626700283
PSTK,0.36963461903953565
PSTPIP1,0.30078723266239493
PSTPIP2,-0.37415962164562555
PTAFR,0.3268239120074782
PTAR1,0.4905633382063117
PTBP1,0.4255948989821894
PTBP2,0.2704046543843326
PTBP3,0.20066200299364478
PTCD1,-0.047592115984556926
PTCD2,-0.3340937439144067
PTCD3,-0.3741986836594675
PTCH1,0.40015502170989814
PTCH2,-0.5825560976145927
PTCHD1,0.6698075688327735
PTCHD4,-0.6127377920305171
PTCRA,-0.7422034917719071
PTDSS1,0.02471782810573675
PTDSS2,-0.28512942560355903
PTEN,0.06099807762801568
PTER,-0.05298350040338207
PTF1A,-0.4511399949280832
PTGDR,-0.2834350664317723
PTGDR2,-0.6494637436221136
PTGDS,-0.19012083131307533
PTGER1,-0.28980980015144064
PTGER2,-0.1655134708951617
PTGER3,0.15806504213451067
PTGER4,-0.26658567271706346
PTGES,0.11064162024116708
PTGES2,0.15761697780143713
PTGES3,-0.035745552984039364
PTGES3L,-0.0030283876841279422
PTGES3L-AARSD1,-0.005592672904247031
PTGFR,0.84002175992294
PTGFRN,0.19342490544546487
PTGIR,0.15432684792295426
PTGIS,0.6399486948408953
PTGR1,-0.5096921936066345
PTGR2,-0.39484730451358274
PTGR3,0.3321812826917174
PTGS1,-0.13006933150021394
PTGS2,-0.5599949728231263
PTH,-0.9253417046485451
PTH1R,0.8423622308992742
PTH2,0.0701576405979516
PTH2R,-0.13489357378113864
PTHLH,-0.9110449696693171
PTK2,-0.07617174361339174
PTK2B,-0.030487571375449996
PTK6,0.03408629795704776
PTK7,0.27964876280614437
PTMA,-0.09323172814311054
PTMS,0.07117784177237407
PTN,2.757085386036898
PTOV1,0.11658800912669953
PTP4A1,-0.6461596638886165
PTP4A2,-0.36925415391424465
PTP4A3,-0.5188511010411587
PTPA,0.11872923831589155
PTPDC1,0.012921555504489035
PTPMT1,0.5255525964673549
PTPN1,0.2664196764414326
PTPN11,-0.27034088176512316
PTPN12,-0.03535779713651266
PTPN13,-0.05202596287227018
PTPN14,0.49705300278855935
PTPN18,-0.20321596507948314
PTPN2,-0.1769498104270515
PTPN20,1.1658539655182538
PTPN21,0.4627574434367747
PTPN22,-0.4118897370549126
PTPN23,0.25620096044784013
PTPN3,0.4896596792458117
PTPN4,0.004768011382670245
PTPN5,-0.2464615928470398
PTPN6,-0.30389059274193686
PTPN7,0.09504718795085143
PTPN9,-0.39335490460698086
PTPRA,0.1351278745164901
PTPRB,0.5699853832861026
PTPRCAP,-0.057135225103233545
PTPRD,0.5932492927132236
PTPRE,0.8933575692681939
PTPRF,0.5037691062437416
PTPRG,-0.11134345279713109
PTPRH,-0.7733122158413546
PTPRJ,0.3391995663329008
PTPRK,-0.48668272976457483
PTPRM,1.3723524299019108
PTPRN,-1.2807216466789835
PTPRN2,0.8099226505578778
PTPRO,-0.2344685345572627
PTPRQ,-1.1784247352100259
PTPRR,0.10418475421903295
PTPRS,1.0232866956606013
PTPRT,-0.36289757920408316
PTPRU,0.5687849695314089
PTPRZ1,1.2574637777586515
PTRH1,-0.5380707673685367
PTRH2,-0.06037983474413622
PTRHD1,-0.03867591270981663
PTS,0.2984211659567242
PTTG1,-0.24768257371837388
PTTG1IP,0.028569687023559
PTTG1IP2,0.9295122813278183
PTTG2,-1.3265855725267863
PTX3,-0.1519410046280396
PTX4,0.6310238301481177
PUDP,0.2936280348340654
PUF60,-0.3842788941008699
PUM1,0.03872726527332748
PUM2,-0.34911147230729433
PUM3,-0.30828419142541374
PURA,-0.3333896639019489
PURB,0.04944223481145116
PURG,0.0489309231666164
PUS1,-0.3332486503473646
PUS10,-0.41940397235180704
PUS3,-0.6717816963385888
PUS7,0.32697988665895217
PUS7L,-0.04607301111180728
PUSL1,0.35512794941758674
PVALEF,0.13333493799906693
PVR,-0.009993321262641519
PVRIG,-0.4090888117465399
PWP1,-0.32033316197204
PWP2,-0.25364645070723113
PWWP2A,0.09919765173596495
PWWP2B,0.7989013186274434
PWWP3A,0.4724485839556887
PWWP3B,0.2839593857894518
PWWP4,0.9616606291980265
PXDC1,0.5546206459579222
PXDN,-0.0967885390216483
PXDNL,0.10707538936261851
PXK,0.9120318483905026
PXMP2,1.0099758410519284
PXMP4,-0.11785891347617206
PXN,0.14755052916976874
PXT1,0.03541917477855172
PXYLP1,-0.5859048626794614
PYCARD,-0.03379637326314877
PYCR1,-0.4898570609562425
PYCR2,-0.029398064315645733
PYDC1,-0.6871583208743901
PYDC2,0.5496706289060651
PYDC5,-0.9553267179823121
PYGB,0.16401659099732235
PYGL,0.10976465486501175
PYGM,-0.07255571655629556
PYGO1,0.658544146475043
PYGO2,-0.3459055557442934
PYHIN1,-1.32856857807253
PYM1,-0.388313977856626
PYROXD1,-0.3834950155997081
PYROXD2,-0.056487486748387106
PYURF,-0.5985224610549764
PYY,0.7146075769050377
PZP,-0.7322124020154304
QARS1,-0.0995915107075458
QDPR,0.1919351826662572
QKI,0.7640509794468007
QNG1,0.7329697939012104
QPCT,-0.6332622507621599
QPCTL,-0.10125836341470063
QPRT,-0.1421276419421309
QRFP,-0.25503175247292575
QRFPR,-0.3762517288709768
QRICH1,-0.03347924788309076
QRICH2,-0.4482917954970783
QRSL1,-0.28908699315312614
QSER1,0.17141866129894456
QSOX1,0.22668792116566872
QSOX2,0.7859821465756474
QTRT1,-0.35191733546509774
QTRT2,0.7826494894009616
R3HCC1,0.2833037842005493
R3HCC1L,-0.1263247818413893
R3HDM1,-0.15703513189267237
R3HDM2,0.22669241604092916
R3HDM4,0.713073603210143
R3HDML,-0.2639094013868577
RAB10,-0.1370780367231239
RAB11A,-1.2079840244402007
RAB11B,0.1383872054254578
RAB11FIP1,0.4017927890308046
RAB11FIP2,0.9696522715072966
RAB11FIP4,-0.20890979591738046
RAB11FIP5,-0.020439558205831876
RAB12,0.6961931692881893
RAB13,-0.390521009824635
RAB14,-0.5916756610478169
RAB15,0.27850261245372065
RAB17,-0.7317254556705216
RAB18,0.11264543886037881
RAB19,-0.24267551370039242
RAB1A,0.24903902616251994
RAB1B,-0.23791710680694322
RAB20,-0.2829408120103789
RAB21,0.3784889484798075
RAB22A,0.7509695652811303
RAB23,-0.16767625988810853
RAB24,-0.051496016770894215
RAB25,-1.605292547044039
RAB26,0.11719307017988756
RAB27A,-0.2712847411510628
RAB27B,-0.2306628927334966
RAB28,-0.1493902108665761
RAB29,-0.5683457852689431
RAB2A,0.18448686800152103
RAB2B,-0.1031224545688989
RAB30,-0.04705102734257416
RAB31,0.4432318509446189
RAB32,-0.33493556653224843
RAB33A,-0.26415422708774816
RAB33B,0.1016353265025769
RAB34,-0.45678574764588964
RAB35,-0.0578785571703202
RAB36,0.1364361763973273
RAB37,-0.1354475792877441
RAB38,-0.695271514409607
RAB39A,0.19011698535908161
RAB39B,-0.5745524682752756
RAB3A,0.1594204979956917
RAB3B,-0.060889770665768506
RAB3C,0.7597473606267962
RAB3D,0.050166405709988204
RAB3GAP1,-0.4471913134015919
RAB3GAP2,-0.34196648881349834
RAB3IL1,-0.11363037490796613
RAB3IP,0.5175861231556551
RAB40A,0.8560839190592016
RAB40AL,0.4327116352530007
RAB40B,0.7667029658456288
RAB40C,0.12038320019695004
RAB41,-0.6030276851154617
RAB42,-0.583132636079865
RAB43,0.3685777566315531
RAB44,0.6959415843069527
RAB4A,0.5528052086037931
RAB4B,-0.08810984268601452
RAB4B-EGLN2,-0.09039986152791801
RAB5A,0.17336589586434048
RAB5B,0.19365019961256635
RAB5C,0.09471110150596829
RAB5IF,0.2750881315743712
RAB6A,0.7809582588546187
RAB6B,-0.11241853675910063
RAB6C,-0.691304823587643
RAB6D,1.4547073448623116
RAB7A,-0.42656377127559875
RAB7B,1.3183247039535393
RAB8A,-0.05272257655758317
RAB8B,0.13165424479514876
RAB9A,-0.38277777627591103
RAB9B,-0.08455866102046405
RABAC1,-0.37760983754979094
RABEP1,0.4391230222927023
RABEP2,-0.08430746084796215
RABEPK,-0.45141940893059385
RABGAP1,-0.07321350866786602
RABGAP1L,0.18755409359810216
RABGEF1,0.07201019640982498
RABGGTA,-0.06507966576271329
RABGGTB,-0.4255097528060121
RABIF,-0.12027704399975114
RABL2A,0.4722885319207175
RABL2B,0.12204920620968318
RABL3,0.13971044722725345
RABL6,0.9083254217698622
RAC1,0.7010466665447641
RAC2,-0.4265169662943067
RAC3,0.14696596779654136
RACGAP1,-0.11965557575654817
RACK1,-0.2833936352920623
RAD1,-1.5034173599501475
RAD18,-0.22499863938621
RAD21,-0.11525050086971511
RAD21L1,-0.23938754811006513
RAD23A,-0.36978743573056416
RAD23B,0.2295799051974461
RAD50,0.10770996181274173
RAD51,-0.03330668452647867
RAD51AP1,-0.2480339224059458
RAD51AP2,0.8415848199728067
RAD51B,-0.4292356767736276
RAD51C,-0.14664650530870382
RAD51D,-0.169745745110773
RAD52,-0.17091374881177313
RAD54B,-0.36347715497428723
RAD54L,-0.579256820416675
RAD54L2,-0.22702164343794262
RAD9A,-0.18685101943424254
RAD9B,-0.095565208681335
RADIL,0.4919881573577447
RADX,-0.3318681880713683
RAE1,-0.025226672717633125
RAET1E,-0.5957747884172484
RAET1G,-0.17441151390638243
RAET1L,-0.520706961864364
RAF1,-0.05338398850887849
RAG1,-0.07878503124995184
RAG2,-0.5360676191899918
RAI1,0.5364979045396798
RAI14,-0.09669978513384958
RAI2,-0.9172219805477668
RALA,-0.04269655948930495
RALB,-0.4505177600686886
RALBP1,0.38582345568316434
RALGAPA1,-0.4043307196284003
RALGAPA2,0.1895239586303994
RALGAPB,-0.0165148383989715
RALGDS,0.2095807648658523
RALGPS1,1.432227818952489
RALGPS2,0.536689537620501
RALY,0.45638511525907166
RALYL,-0.35351169327959786
RAMAC,-0.5508203594523247
RAMACL,-0.09709840231649353
RAMP1,-0.20176143917553258
RAMP2,-0.7511924968371541
RAMP3,-0.2504011951279548
RAN,0.6383534569642935
RANBP1,-0.4015913744649553
RANBP10,0.031095135741651347
RANBP17,-0.8350737716521939
RANBP2,-0.4288085273951969
RANBP3,0.5572171201083957
RANBP3L,0.29489278594633334
RANBP6,-0.34640310598850643
RANBP9,0.5402745533929929
RANGAP1,0.08553932474633719
RANGRF,-0.35728626348747206
RAP1A,-0.47113091537233054
RAP1B,0.2786552368454629
RAP1GAP,-0.02327069194429754
RAP1GAP2,-0.2654874928758248
RAP1GDS1,-0.2135251424968274
RAP2A,0.11329500773665213
RAP2B,0.10239981445633806
RAP2C,-0.5057283166220699
RAPGEF1,0.4486007030674939
RAPGEF2,0.441532368506913
RAPGEF3,-0.17241998450249096
RAPGEF4,-0.10916577606477729
RAPGEF5,0.8812961458460902
RAPGEF6,0.007950078575727382
RAPGEFL1,-0.014916952355120944
RAPH1,0.5226676424794414
RAPSN,0.38458885840314694
RARA,-0.6783300224220987
RARB,-0.7257203948590856
RARG,0.07171905492040054
RARRES1,0.8941064745792473
RARRES2,1.5007157144361198
RARS1,-0.17559219128211012
RARS2,-0.4083335795560865
RASA1,0.20246126460352354
RASA2,0.6696584868185358
RASA3,0.28927892947508926
RASA4,1.289577378345998
RASA4B,0.23514598329501046
RASAL1,0.09392051685216263
RASAL2,0.3984536620127094
RASAL3,0.38812951395711437
RASD1,-0.030525259907110858
RASD2,0.5755996723732988
RASEF,-1.683001622079752
RASGEF1A,0.35388664146269755
RASGEF1B,-0.2074021440803573
RASGEF1C,0.6399535394412363
RASGRF1,0.028441786264599367
RASGRF2,1.1131012154653415
RASGRP1,0.5533807327412115
RASGRP2,0.28222619338678356
RASGRP3,-0.06643613137509385
RASGRP4,-0.09006217159187324
RASIP1,-0.01509478176381096
RASL10A,-0.40448631139464086
RASL10B,0.4032896120406706
RASL11A,0.04563966100938188
RASL11B,0.28772327114461493
RASL12,-0.2325891347458036
RASSF1,-0.23281066428616304
RASSF10,0.8769307659304183
RASSF2,0.43359080876908696
RASSF3,-0.051916464726659006
RASSF4,-0.16615676815989122
RASSF5,0.9062719497516798
RASSF6,-0.4935475570435145
RASSF7,0.4810771313797637
RASSF8,0.8962863281442175
RASSF9,0.25826294150146123
RAVER1,-0.21989334508634784
RAVER2,0.24124410592485912
RAX,-0.06645164492569788
RAX2,-0.3933169461172932
RB1,0.005501334762119114
RB1CC1,-1.1298638242331291
RBAK,0.27580405529196383
RBAK-RBAKDN,-0.5745839686762572
RBAKDN,-0.055412470813312464
RBBP4,-0.16486227186699143
RBBP5,-0.2169409650907026
RBBP6,-0.2089536182469571
RBBP7,0.393803202394297
RBBP8,-0.3977182717044041
RBBP8NL,0.969120232241413
RBBP8P1,2.057425097422711
RBBP9,-0.18161829809907903
RBCK1,-0.016459990082822173
RBFA,0.05975286354794296
RBFOX1,0.6106584544042977
RBFOX2,0.12407442317697948
RBFOX3,0.4098715149935496
RBIS,-0.06597986782325194
RBKS,0.3688270083798715
RBL1,-0.2152044229928345
RBL2,-0.16243904402909992
RBM10,-0.06602832621984689
RBM11,0.18100457525422398
RBM12,-0.14003615386580393
RBM12B,0.008654230176484923
RBM14,-0.06333678994519865
RBM14-RBM4,-0.06284033167906511
RBM15,-0.023889246946828813
RBM15B,0.5091714958777205
RBM17,1.1669224913286191
RBM18,-0.5827682107497991
RBM19,0.09459481175022777
RBM20,0.7835949581615926
RBM22,-0.3656265710285558
RBM23,-0.16886705837117422
RBM24,-0.1406150214960067
RBM25,-0.2634390033574814
RBM26,-0.18039521806030656
RBM27,-0.02304481588751006
RBM28,-0.5492099287163592
RBM3,-0.4444000881057857
RBM33,0.49190297612958833
RBM34,-0.5363136734869434
RBM38,0.009380305525005461
RBM39,-0.11104070626722784
RBM4,-0.1690188703294444
RBM41,-0.19404073409842804
RBM42,-0.18434172660167558
RBM43,-0.24297876772813565
RBM44,-0.35981025653239507
RBM45,-0.09864628825787447
RBM46,-1.9405110672275876
RBM47,1.0261223079261497
RBM48,-0.09832226203882666
RBM4B,-0.1364219569040932
RBM5,-0.20504018372475574
RBM6,-0.1437439926048345
RBM7,0.09422513741519367
RBM8A,-0.2530420684106076
RBMS1,0.3686657125662274
RBMS2,0.3252109820767952
RBMS3,-0.10188664475473974
RBMX,-0.45886791962079343
RBMX2,-0.23398602590367146
RBMXL1,0.14558396691220565
RBMXL2,-0.5847696061311913
RBMXL3,-0.8499157365113227
RBP1,0.4246003525904205
RBP2,-0.729288236770101
RBP3,0.2463535115155186
RBP4,-0.2413740524276874
RBP5,0.15189964024608726
RBP7,-0.7450835105359042
RBPJ,-0.7165390801376657
RBPJL,-0.07617726720211948
RBPMS,0.5493794620276926
RBPMS2,0.6513024084135652
RBSN,-0.016440598944079454
RBX1,-0.0993347075310913
RC3H1,0.05552151037131292
RC3H2,0.2137972059701907
RCAN1,0.4026619243797711
RCAN2,0.5497911569368619
RCAN3,0.7709714775244985
RCBTB1,0.10197478536730298
RCBTB2,-0.05642253918758389
RCC1,-0.5881146227126992
RCC1L,-0.24135289714773034
RCC2,-0.26836145289942737
RCCD1,-0.16632544203879007
RCE1,-0.03459808814999832
RCHY1,-0.20203603314280283
RCL1,0.34149076853394167
RCN1,-0.48875666015700503
RCN2,1.1010772892967822
RCN3,0.0952059422472186
RCOR1,0.14076664609824352
RCOR2,-0.09938148319750972
RCOR3,-0.312162768883514
RCSD1,-0.5069043295616535
RCVRN,-0.23674582430138225
RD3,0.6064547914097952
RD3L,0.8831948576560604
RDH10,-0.021577690410527595
RDH11,-0.3716415975322658
RDH12,-0.9768078553842054
RDH14,0.3041250390702279
RDH16,0.4381410910378653
RDH5,0.24994862285030162
RDH8,-0.20609738171416242
RDX,0.49268439014424104
REC114,-0.50187589213493
REC8,-0.7757431073474721
RECK,0.12642013775934346
RECQL,-0.12901788862653252
RECQL4,1.151372351667173
RECQL5,-0.4934235222523027
REDIC1,0.013073720314758286
REELD1,-0.5458730636238684
REEP1,0.22057396889944014
REEP2,0.44079739792526507
REEP3,0.4668635150943139
REEP4,0.10231177548016479
REEP5,0.4051924203867614
REEP6,-0.029978929785267283
REG1A,0.5713951752496644
REG1B,1.3503931903525799
REG3A,0.4350548203054927
REG3G,-0.2298093836509958
REG4,0.6554816418097048
REL,0.042263988565172994
RELA,0.6946791283149736
RELB,0.4531420281917784
RELCH,-0.13874199003260745
RELL1,0.05715617715411536
RELL2,0.05794330892298305
RELN,0.09382870016194866
RELT,0.9786357129942607
REM1,-0.3435630534488022
REM2,0.12327539803123067
REN,-0.26613572868021684
RENBP,0.03277107359189113
REP15,0.3998060870721195
REPIN1,-0.22211357112090013
REPS1,0.2510229256794876
REPS2,0.3611689307235917
RER1,0.19566922251373242
RERE,-0.43730645081708985
RERG,-1.3545724991190915
RERGL,-0.0501943834983376
RESF1,0.33060563255816966
RESP18,-0.12177494918325826
REST,0.35238516733466874
RET,-0.014876287696932139
RETN,-0.3817040298928531
RETNLB,-1.1236730063650886
RETREG1,0.04671108005642832
RETREG2,0.04823198482149493
RETREG3,0.010168021576758335
RETSAT,-0.1841947660357306
REV1,0.696717307950423
REV3L,0.12124438575758045
REX1BD,-0.02764945260376006
REXO1,0.47047378675331597
REXO2,-0.28723689265725216
REXO4,-0.19563662555365013
REXO5,-0.3815030915706162
RFC1,-0.23968884491742548
RFC2,0.11144850147847496
RFC3,-0.30459770724148516
RFC4,-0.3022818618190861
RFC5,0.6043837491165103
RFESD,-0.010447568026130227
RFFL,0.24870048951173285
RFK,-0.08161875327805923
RFLNA,0.9471965858181828
RFLNB,-0.14252293710724231
RFNG,0.4421817763483258
RFPL1,0.03533728291236882
RFPL2,0.0107893385051554
RFPL3,-0.2746956711723869
RFPL4A,0.5304917901757163
RFPL4AL1,0.9436108402111021
RFPL4B,1.2549667750896047
RFT1,-0.3473837487551199
RFTN1,-0.3321160050185652
RFTN2,-0.05619003401984779
RFWD3,-0.013658238467907147
RFX1,0.015899094996290053
RFX2,-0.1312895301182122
RFX3,-0.12072205718966611
RFX4,0.47891014996078596
RFX5,-0.12573580449247324
RFX6,0.25874430539540194
RFX7,-0.40605721473752077
RFX8,-0.26537339817457983
RFXANK,-0.08022967642915368
RFXAP,0.25508637211063157
RGCC,0.500582778341581
RGL1,0.0948954251792502
RGL3,0.06935385324691812
RGL4,-0.563496309256184
RGMA,-0.5145683276602822
RGMB,-0.2813916139272088
RGN,0.31541751289259246
RGP1,0.2888118609907222
RGPD1,1.7996947592703036
RGPD2,-0.5654617967633921
RGPD3,1.2539917122041921
RGPD4,0.40219472207458873
RGPD6,2.5850410606010055
RGPD8,0.011592875275592496
RGR,-0.2209640762196785
RGS1,0.6312431073685539
RGS10,0.03228273353091193
RGS11,0.5159775346604063
RGS12,0.4473380170724166
RGS13,-1.4946516946876873
RGS14,-0.15788334067760168
RGS16,0.6090700657911938
RGS17,-0.0038606860460748127
RGS18,0.04413479476845383
RGS19,0.2970084237738142
RGS2,0.1119963595595932
RGS20,0.4069285290313924
RGS21,0.8204402196316263
RGS22,-0.1609154447733585
RGS3,0.6765155196218571
RGS4,-0.05271128256465629
RGS5,-0.30695601482081525
RGS6,0.3447643193503134
RGS7,0.7478692359035399
RGS7BP,0.5075680346085535
RGS8,0.15028425188987174
RGS9,-0.38690502239689994
RGS9BP,0.2836392681144764
RGSL1,0.8462813869760852
RHAG,-0.16861879561179194
RHBDD1,-0.10866489210800712
RHBDD2,0.3259279211692944
RHBDD3,-0.19554303258242633
RHBDF1,-0.6107896908297401
RHBDF2,0.37064930253910955
RHBDL1,-0.1572371310815639
RHBDL2,0.06840127557213604
RHBDL3,0.49214672501718804
RHBG,0.6427232090249962
RHCE,-0.11975517814190528
RHCG,-0.643499033244717
RHD,-0.23546226340002852
RHEB,0.41573097975387796
RHEBL1,-0.05480737462392771
RHEX,-0.29186212822538166
RHNO1,-0.13051923958762313
RHO,-0.4397215007681161
RHOA,0.1960849784558416
RHOB,0.17349298576468009
RHOBTB1,0.30450761888051936
RHOBTB2,0.6487520331794882
RHOBTB3,-1.211086115175289
RHOC,0.6221597018131853
RHOD,0.4002045936818661
RHOF,0.20589390916913786
RHOG,-0.16002334379570904
RHOH,-0.5027442827313857
RHOJ,0.4586368201446398
RHOQ,-0.014755978638936185
RHOT1,-0.42149313698474966
RHOT2,0.4370484456557837
RHOU,0.7428047121974091
RHOV,-0.12331015109247812
RHOXF1,-0.49237539251148066
RHOXF1P3,0.006845450079330906
RHPN1,0.5247243984817551
RHPN2,-0.21007717572467888
RIBC1,-0.33243055813432765
RIBC2,-0.0833832329854074
RIC1,0.3120720115325293
RIC3,-0.09823713353667568
RIC8A,0.2372284070626387
RIC8B,0.02422290198784527
RICTOR,-0.10954152276912144
RIDA,-0.14468156410579258
RIF1,-0.14745090779223968
RIGI,-0.5073317469494945
RIIAD1,-0.21232742715581576
RILPL1,0.6085436385082845
RILPL2,-0.1368811675675925
RIMBP2,-0.6636257493944185
RIMBP3,0.5188511010411587
RIMBP3B,0.459508238038699
RIMBP3C,0.9436108402111021
RIMKLA,0.9048502729936909
RIMKLB,-0.13529462275301007
RIMOC1,-0.05543327784055574
RIMS1,-0.13308026133537623
RIMS2,0.15087156281166658
RIMS3,0.03385289346904319
RIMS4,0.1842475794474545
RIN1,-0.0018826843420121087
RIN2,-0.5409364715535433
RIN3,-0.10872925028910152
RINL,0.029195458346606085
RINT1,-0.1408066020241865
RIOK1,-0.33501579857778463
RIOK2,-0.3536558872393263
RIOK3,-0.23195363811075964
RIOX1,-0.06888423766343887
RIOX2,-0.28506759422309
RIPK1,-0.17179914682253772
RIPK2,0.4390495146428664
RIPK3,-0.6242864496692135
RIPK4,-0.34001428996200733
RIPOR1,-0.2931519303873077
RIPOR2,0.9513314013664036
RIPOR3,-0.15062714043017672
RIPPLY1,0.4101169020878055
RIPPLY2,0.8874685653661467
RIPPLY3,1.6818766322474734
RIT1,-0.25666975535566383
RIT2,-0.30838232850340697
RITA1,-0.03805515001505633
RLBP1,0.743535507883094
RLF,-0.21075245706486267
RLIG1,-1.1073742656010221
RLIM,-0.18204089515183508
RLN1,-1.0527648449048326
RLN2,1.1481082036833148
RLN3,0.22887344100613477
RMC1,0.41303319747246725
RMDN1,-0.3376065734847531
RMDN2,-0.6912865719627246
RMDN3,0.259468924965895
RMI1,-0.13353403424370214
RMI2,0.8808940719742544
RMND1,0.0006102494451463158
RMND5A,0.4701394690088678
RMND5B,0.24915778326258442
RNASE1,0.581261622536947
RNASE10,0.7736288758280039
RNASE11,-0.34493754970854074
RNASE12,-0.0997770564392364
RNASE13,0.12743961478245802
RNASE2,0.31011564696021443
RNASE3,0.16503775264503462
RNASE4,-0.23352503452478768
RNASE6,-0.5326059045024878
RNASE7,-0.21482195239321072
RNASE8,-0.004219450304182779
RNASE9,-1.7266812027392877
RNASEH1,0.07913989164398227
RNASEH2A,-0.30206270820656567
RNASEH2B,-0.37251453687558556
RNASEH2C,-0.038241560714746825
RNASEK,-0.47053737068899437
RNASEK-C17orf49,-0.4285926524057775
RNASEL,-0.23365331794770405
RNASET2,0.040737741337583344
RND1,-0.15694345338463478
RND2,-0.1941695615182688
RND3,-0.4239425014130742
RNF10,-0.5267853458173666
RNF103,0.06427729871483923
RNF103-CHMP3,0.484325090813007
RNF11,0.46609250479965425
RNF111,-0.28335277444776474
RNF112,0.7833373739260274
RNF113A,-0.3923979107306841
RNF113B,-0.5102415569237033
RNF114,-0.35123752341186254
RNF115,0.21725468412484616
RNF121,-0.2701451402709143
RNF122,-0.18360901884030145
RNF123,0.4577160610901041
RNF125,-0.05660979515618969
RNF126,0.19905813000597128
RNF128,-0.9775667259391674
RNF13,0.13485690292698482
RNF130,0.1041914482182813
RNF133,0.2677383847353678
RNF135,-1.1677009722749616
RNF138,0.004857138862523591
RNF139,0.13927123885295956
RNF14,-0.06354552911683653
RNF141,0.028745353034636878
RNF144A,0.5680224364882944
RNF144B,-0.525046047083948
RNF145,0.48980471570720807
RNF146,0.16404085129356183
RNF148,0.018483873104276127
RNF149,-0.4992449685370888
RNF150,0.012494637996463664
RNF151,0.08526303833435733
RNF152,0.7736589045191828
RNF157,1.1218365224122446
RNF166,0.36306554475905894
RNF167,0.05484639852888584
RNF168,-0.29565882970898283
RNF169,0.48426672246122315
RNF17,0.18482896940938248
RNF170,0.10438172901822362
RNF175,0.8007103298119371
RNF180,1.7020009570958263
RNF181,-0.15572530272685992
RNF182,-0.38554932307793477
RNF183,-0.42027243572807116
RNF185,-0.20345929120786854
RNF186,-1.0254920813266426
RNF187,0.18295030902387222
RNF19A,-0.6256860068284424
RNF19B,0.06907008862342234
RNF2,0.16438776535605104
RNF20,-0.07510151767542705
RNF207,-0.02425596169044497
RNF208,-0.06286906921159963
RNF212,0.8019534415189014
RNF212B,-0.11332625731293623
RNF213,0.4312902600437072
RNF214,0.9213519507204939
RNF215,-0.0066231222334579565
RNF216,0.32426381153660877
RNF217,0.5867335975850816
RNF220,-0.15805447948720652
RNF222,-0.6189485218127342
RNF223,-0.0797522438460021
RNF224,0.24931281974021058
RNF225,-0.5386068220444407
RNF227,0.28773827561693555
RNF228,0.3127951383244074
RNF24,0.3807337926293455
RNF25,-0.4039047002634484
RNF26,-0.2967798590264925
RNF31,0.23785536305000043
RNF32,-0.0739059438763201
RNF34,-0.19868877704979582
RNF38,0.7918268439858913
RNF4,0.3038165084343807
RNF40,-0.06343208606793027
RNF41,-0.022869365839412126
RNF43,-0.28880623767529334
RNF44,-0.13553899977286665
RNF5,1.6155057023175727
RNF6,-0.22041131670242198
RNF7,0.0648992951796794
RNF8,-0.24374546391959306
RNFT1,-0.1541900861526626
RNFT2,0.667981237396452
RNGTT,-0.0782024275210027
RNLS,-0.7976237465852043
RNMT,-0.059582446857549876
RNPC3,-0.2795822922812139
RNPEP,0.5726551735741099
RNPEPL1,0.16119969815301438
RNPS1,-0.013544773441806157
RO60,-0.023643041211934168
ROBO1,0.016053887976539505
ROBO2,-0.1823235359326687
ROBO3,0.28630823142577766
ROBO4,-0.8794435312821642
ROCK1,-0.23943171330717217
ROCK2,0.5427380173121749
ROGDI,1.0918113688286324
ROM1,-0.40940502281900404
ROMO1,0.1559633432701224
ROPN1,-0.8263371682161782
ROPN1B,-0.35003800558549714
ROPN1L,-0.38898263710753156
ROR1,-0.28477316626540317
ROR2,0.40495662083525286
RORA,0.7996082131799378
RORB,-0.24604276643799405
RORC,0.03117956514482767
ROS1,0.5972999677178459
RP1,0.2962325475746602
RP1L1,1.1879073788216585
RP2,-0.10375920752426104
RP9,-0.009328364935978328
RPA1,0.33968717811140525
RPA2,-0.02826642015108316
RPA3,-0.14370066730839115
RPA4,1.1872324310334468
RPAIN,-0.12671517202023086
RPAP1,-0.34704705521455015
RPAP2,0.02922540011387298
RPAP3,-0.2794573000412477
RPE,-0.2994923632149842
RPE65,-0.22458854203252065
RPEL1,-0.5407214979610788
RPF1,-0.4863669717021617
RPF2,-0.536950691129574
RPGR,-0.0853815888702183
RPGRIP1,-0.23428355036444576
RPGRIP1L,-0.0568336364156643
RPH3A,-0.27780512897447823
RPIA,-0.10411592238585321
RPL10,1.3221100342157714
RPL10A,-0.1546900349579543
RPL10L,-0.505390120673691
RPL11,-0.28239099404964296
RPL12,-0.23353673333667757
RPL13,-0.035707678682527444
RPL13A,-0.04610680607057471
RPL14,-0.21559243987863752
RPL15,-0.13687321364511096
RPL17,-0.43489358283690693
RPL17-C18orf32,-0.4397942586618582
RPL18,-0.031770763501307364
RPL18A,-0.4091377495880808
RPL19,-0.47361811086393946
RPL21,-0.5739124521254606
RPL22,0.0059712144214301155
RPL22L1,-0.6465859758120827
RPL23,-0.47877468761237374
RPL23A,-0.13107966789485825
RPL24,-0.34209550347430717
RPL26,-0.033864626017326316
RPL26L1,-0.03879008734924749
RPL27,-0.08604418112588252
RPL27A,-0.23898469389001864
RPL28,-0.21500011883439374
RPL29,-0.24221537912433444
RPL3,-0.1832994154933587
RPL30,-0.26251302068738624
RPL31,-0.39064539514550045
RPL32,-0.38899736799490814
RPL34,-0.2996674746750765
RPL35,-0.20448548788623722
RPL35A,-0.3629454241877754
RPL36,-0.6027283254072607
RPL36A,-0.24316160836359746
RPL36A-HNRNPH2,-0.23942153238530217
RPL36AL,-0.08985763258221091
RPL37,-0.2227624803180328
RPL37A,-0.18836338070704794
RPL38,-0.2610838793730448
RPL39,-0.22521194369403563
RPL39L,-0.3487398264201137
RPL3L,-0.16015945095933404
RPL4,2.482288016339166
RPL41,-0.4525749116486857
RPL5,-0.3496693565251592
RPL6,-0.25176563823955167
RPL7,0.019799494929354733
RPL7A,-0.3205867281391699
RPL7L1,-0.497220779434727
RPL8,-0.010455589760924866
RPL9,-0.5368170387967623
RPLP0,-0.1540045982906344
RPLP1,-0.178427368830973
RPLP2,0.293498809200881
RPN1,-0.020504220174101917
RPN2,-0.2717876907912853
RPP14,-0.1395428839830739
RPP25,0.4874611900146717
RPP25L,-0.04196511538802916
RPP30,-0.2558232624776533
RPP38,-0.11094553661353146
RPP40,0.005191003190495813
RPRD1A,-0.08013220659238929
RPRD1B,-0.25484864826355125
RPRD2,-0.12043610686199901
RPRM,-0.5135964431399045
RPRML,-0.019147059661928978
RPS10,-0.34705212747617376
RPS10-NUDT3,-0.3485838606755838
RPS11,0.0638934841225609
RPS12,-0.33006493148709204
RPS13,-0.26079201538419916
RPS14,-0.32112617520666387
RPS15,-0.11011594951052395
RPS15A,-0.2510842641608786
RPS16,-0.3047255410678007
RPS17,2.160438257388295
RPS19,0.26320889524712676
RPS19BP1,0.06331374515093113
RPS2,-0.17512574282970306
RPS20,0.1698730098125072
RPS21,0.0671760885108652
RPS23,-0.8881577393720796
RPS24,-0.17206263443220315
RPS25,-0.22454444254767658
RPS26,-0.5267851073856091
RPS27,-0.2205164559475392
RPS27A,-0.5496651025365029
RPS27L,-0.013758272853283238
RPS28,0.10303210018437792
RPS29,-0.41001917257617304
RPS3,-0.18703175553161255
RPS3A,-0.03083721932027217
RPS4X,-0.31602802958472065
RPS5,-0.26298872310584986
RPS6,-0.15732459823246447
RPS6KA1,0.8889606180152674
RPS6KA2,0.4590123103920889
RPS6KA3,0.3017418794833766
RPS6KA4,0.17501101567292832
RPS6KA5,0.10716546808744543
RPS6KA6,0.8884610826794015
RPS6KB1,-0.11698611200186271
RPS6KB2,-0.13161805203226162
RPS6KC1,-0.16266335732566173
RPS6KL1,0.564564228872534
RPS7,-0.45189601028172444
RPS8,-0.12518214124768345
RPS9,0.5188511010411587
RPSA,-0.1620915868632622
RPSA2,1.2197645666813723
RPTN,-0.46264539420598294
RPTOR,-0.506324773777866
RPUSD1,0.5030432454335498
RPUSD2,-0.17938400836406032
RPUSD3,-0.055460711176690936
RPUSD4,-0.28088937503612943
RRAD,0.33686756341791413
RRAGA,-0.009868061256606886
RRAGB,-0.001795723259836457
RRAGC,0.6306587715617669
RRAGD,-0.04123742913114459
RRAS,-0.010063007978504679
RRAS2,0.32828314090620764
RRBP1,0.5138578210723708
RREB1,-0.11574981459478906
RRH,0.48139752291768323
RRM1,0.03142118583775133
RRM2,-0.13564423647102863
RRM2B,0.1473820082809656
RRP1,-0.09357609628964436
RRP12,-0.2631910876760113
RRP15,-0.47348490434270607
RRP1B,0.32633170624268715
RRP36,-0.2477462598018212
RRP7A,0.3699558948836823
RRP8,0.1931612914210863
RRP9,0.18998888944815384
RRS1,-0.18693281143916085
RS1,0.4966655999340993
RSAD1,-0.3625319955954147
RSAD2,0.46381458062086534
RSBN1,0.09284633166028833
RSBN1L,0.04516305364098727
RSC1A1,1.1921538098530344
RSF1,0.03278905666671683
RSKR,0.18693691963982428
RSL1D1,0.042405149736577386
RSL24D1,0.16532566665581871
RSPH1,0.18431497466357616
RSPH10B2,0.6572604356317444
RSPH14,-0.35273168199857025
RSPH3,0.0700205864409229
RSPH4A,-0.11622850716226063
RSPH6A,0.14863837770504668
RSPH9,-0.2359130291835232
RSPO1,0.255326421457569
RSPO2,-1.179508859607993
RSPO3,0.23368342429974565
RSPO4,-0.31706975885502586
RSPRY1,-0.2625376039444962
RSRC1,0.0459174715552777
RSRC2,-0.11562465192336369
RSRP1,-0.057886679001810215
RSU1,0.14242879890044957
RTBDN,-0.233380440126691
RTCA,-0.1048382333550828
RTCB,-0.2344411294464921
RTEL1,-0.03763922436525036
RTEL1-TNFRSF6B,-0.11925516192835506
RTF1,-0.006445569278143298
RTF2,0.2472095338892002
RTKN,-0.3119915234281574
RTKN2,-0.008307065071783803
RTL1,0.9019318758258064
RTL10,0.13164440539350153
RTL3,0.4393888499606118
RTL4,-0.3137332941780333
RTL5,0.284838882738945
RTL6,0.49835393442423026
RTL8A,-0.3963315932025222
RTL8B,-1.278108468295545
RTL8C,0.21951891417695324
RTL9,0.19001277958431273
RTN1,-0.2050333060377496
RTN2,0.5490891146526993
RTN3,0.04606841367683323
RTN4,-0.0035218167005703904
RTN4IP1,-0.28346914094599995
RTN4R,-0.03066307574946925
RTN4RL1,0.4386301702986848
RTN4RL2,0.13137905012699846
RTP1,0.10567689620715587
RTP2,0.06678045775841773
RTP3,-0.16545243080175975
RTP4,0.01705245281920531
RTRAF,0.22317773529232543
RTTN,-0.1090904868175464
RUBCN,0.3338498393167155
RUBCNL,-0.2968511657748443
RUFY1,0.8490156137822917
RUFY2,-0.042270688410386725
RUFY3,0.1952525565619725
RUFY4,-0.2639252302705737
RUNDC1,-0.003896718232368812
RUNDC3A,0.3086603471967564
RUNDC3B,-0.2512441231633189
RUNX1,-0.6804383326414818
RUNX1T1,-0.1621090753874166
RUNX2,-0.40255710240298237
RUNX3,-0.03629061111000942
RUSC1,-0.047774134867426765
RUSC2,-0.2361058470950379
RUSF1,-0.40695674467470866
RUVBL1,0.05090551829310197
RUVBL2,0.05857586113900748
RWDD1,-0.02157114798598947
RWDD2A,-0.0004532247811770418
RWDD2B,-0.8736441440577907
RWDD3,-0.11047176003626369
RWDD4,0.27746841975226655
RXFP1,1.2498014666535
RXFP2,-0.7318196396580858
RXFP4,-0.21892413997742688
RXRA,1.3698302569421372
RXRG,-0.47951269607018887
RXYLT1,0.2560246111508855
RYBP,0.7968785321013359
RYK,0.3270233013534667
RYR1,0.29696296524223187
RYR2,-0.20204895339429962
RYR3,-0.21896540111090101
S100A1,0.23801778233225945
S100A10,0.21042305312342613
S100A11,-0.0350596668727885
S100A12,-0.39065844068587724
S100A13,-0.20542685636555813
S100A14,0.01434093268777481
S100A16,0.40965281465271147
S100A2,-0.543057932124805
S100A3,-0.9330403458875398
S100A4,-0.5664412869633569
S100A5,-0.2525373592863618
S100A6,0.8376044697104812
S100A7,-0.0355071382698281
S100A7A,1.5958445033824484
S100A8,-0.31691352482796264
S100A9,-0.3373820029432948
S100B,-0.3590510575941792
S100G,-0.5933991694887266
S100P,0.30103799778765494
S100PBP,-0.05061640371481424
S100Z,-0.10022877326528068
S1PR1,-0.24935566886916005
S1PR2,0.09152097016093919
S1PR3,0.016258797862345187
S1PR4,-0.8565814899380767
S1PR5,-0.34710313554077166
SAA1,-0.48303142445312236
SAA2,0.12189227731209024
SAA2-SAA4,0.11115414557052913
SAA4,-0.8332494533435723
SAAL1,-0.33414363134059055
SAC3D1,0.23875815496437625
SACM1L,-0.07586031764954893
SACS,-0.24791004301146602
SAE1,0.04537961163566173
SAFB,-0.0773564085902061
SAFB2,-0.6150510014354809
SAG,0.1185850050236271
SAGE1,-1.206698100646689
SALL1,1.8203429956507928
SALL2,-0.7076617299431381
SALL4,-0.16765595628210073
SAMD1,0.3592689292855855
SAMD10,-0.06378547934967926
SAMD11,0.29265153131242627
SAMD12,0.1383362657655236
SAMD13,-0.509722042896124
SAMD14,0.12263800781286815
SAMD15,-0.08784156508615482
SAMD3,-0.24206627509431788
SAMD4A,0.4617874355915226
SAMD4B,0.6312052406390611
SAMD5,-0.29031148616072533
SAMD7,-1.5253370264579407
SAMD8,-0.13665345893877756
SAMD9,-0.359193628131353
SAMD9L,-0.5414393305669016
SAMHD1,0.2668433475741012
SAMM50,-0.21045370627038906
SAMSN1,-0.36300615007609494
SAMTOR,-0.07876742562163486
SANBR,0.2317086860172255
SAP130,0.2245843759686066
SAP18,-0.012538256291456662
SAP25,0.0049145202366314145
SAP30,-0.2769736384967443
SAP30BP,-0.49115556688933637
SAP30L,0.38710254941596567
SAPCD2,1.1384358616276637
SAR1A,-0.05931102795195731
SAR1B,-0.2651809131156222
SARAF,0.47007307606834114
SARDH,0.2005941780325986
SARM1,-0.5986113377393345
SARNP,0.014398138523490367
SARS1,-0.24582895827935314
SARS2,0.09967715981024217
SART1,-0.12913827460102745
SART3,-0.5144810852951247
SASH1,-0.3955472877061669
SASH3,-0.03875170992744792
SASS6,-0.047734596866453316
SAT1,-0.5086633609233315
SAT2,-0.18029929264715427
SATB1,0.8791310987217056
SATB2,0.08621780970753834
SATL1,0.1616497951402951
SAV1,-0.15010846662055766
SAXO1,-0.013114975262427997
SAXO2,-0.14588470267843068
SAXO3,-0.40919445966959644
SAXO4,-0.030386449336341936
SAXO5,1.755129092214606
SAYSD1,0.12349546883623841
SBDS,-0.16224353993176255
SBF1,-0.2782400699258132
SBF2,-0.4101187671042146
SBK1,0.03900670791751537
SBK2,0.3948828518257458
SBK3,-0.3256742007407595
SBNO1,-0.09808432602137795
SBNO2,-0.1288556409323367
SBSN,0.7131648033264261
SBSPON,0.50320625340793
SC5D,0.0020618575668862604
SCAF1,-0.003158695554795976
SCAF11,-0.25966327549118606
SCAF4,0.2906899954650175
SCAF8,0.2170719612431098
SCAI,0.32689630946239134
SCAMP1,-0.01744931923912496
SCAMP2,-0.3694436911983585
SCAMP4,0.6422580817025159
SCAMP5,0.47089600842065504
SCAND1,-1.2426221725192441
SCAP,-0.12292424933863932
SCAPER,-0.3913868235768252
SCARA3,0.5284807193963568
SCARA5,0.39939626736297384
SCARB1,-0.5438939641702218
SCARB2,-0.3716740988511643
SCARF2,-0.04257706748028056
SCART1,-0.29962322753824144
SCCPDH,0.3337158867316017
SCD,-0.1963660709250119
SCD5,-0.12845996897224854
SCEL,-0.15267234527163176
SCFD1,-0.2352804511457931
SCFD2,-0.10865819486649286
SCG2,-0.14999687484116442
SCG3,0.014167401865805895
SCGB1A1,-0.34808141432428186
SCGB1C1,0.04862877184058845
SCGB1D1,-0.14891984171688386
SCGB1D2,-0.11666467145717724
SCGB1D4,-0.04055366777479197
SCGB2A1,-0.19566832085117158
SCGB2A2,-0.1166359430631444
SCGB2B2,-0.19320065420207921
SCGB3A1,0.5360721671673688
SCGB3A2,0.3527555357563099
SCGN,0.058328322394331444
SCHIP1,-0.36100950095910056
SCIMP,-0.05242485079573314
SCIN,-0.5930673548519777
SCLT1,0.16797277464938176
SCLY,0.23814668230866953
SCMH1,0.5118979483594472
SCML1,-0.44427176392650125
SCML2,0.3101469639960377
SCML4,-0.6250615544054297
SCN10A,0.7846578129573859
SCN11A,-0.18376311189991412
SCN1A,0.05798542954261976
SCN1B,0.49444607959711107
SCN2A,-0.9125232455478192
SCN2B,0.04119468089525302
SCN3A,-0.26206765370502705
SCN3B,0.07508538673904797
SCN4A,-0.48695928674061
SCN4B,0.48509585802787947
SCN5A,-0.014256532138778866
SCN7A,-0.6549866942243816
SCN8A,0.6913225385484871
SCN9A,0.10515478819158774
SCNM1,-0.3231766301140606
SCNN1A,-0.3161096475239451
SCNN1B,-0.52513299160566
SCNN1D,0.051794871800454834
SCNN1G,0.04629412786888443
SCO1,-0.38569252888595784
SCO2,0.3639404218153608
SCOC,0.06890997579288427
SCP2,-0.4517293637600286
SCP2D1,-0.576299265586182
SCPEP1,-0.3966482414493546
SCPPPQ1,-0.6834173362710656
SCRG1,0.04553800797738078
SCRN1,0.30165505837288764
SCRN2,-0.07263223965219101
SCRN3,-0.4136874606767673
SCRT1,-0.5841554875645723
SCRT2,0.18542570590884377
SCTR,-1.0641723553703488
SCUBE1,-0.23302997419217875
SCUBE2,0.06640733985407987
SCUBE3,-0.25807772765941084
SCX,-0.030873164584240054
SCYGR1,-0.5496558335328872
SCYGR10,-1.6736001014187956
SCYGR2,-0.8016918973896494
SCYGR3,-0.5676253141104639
SCYGR4,0.024804884157564988
SCYGR5,-0.6994782342127717
SCYGR6,-1.0783776739703241
SCYGR7,-0.376654080024739
SCYGR8,-0.581440142808199
SCYL1,0.20029028360121304
SCYL2,-0.06744398996640921
SCYL3,0.006423394391287474
SDAD1,-0.3023121250601992
SDC1,-0.0702641114393674
SDC2,-0.12574794499448916
SDC3,0.4566399789033393
SDC4,0.2667187285273796
SDCBP,-0.1006222729458699
SDCBP2,-0.431685765444903
SDE2,0.043569075641157085
SDF2,-0.4465715050196062
SDF2L1,0.1848070543900766
SDF4,0.2744367875709237
SDHA,0.37964590872800574
SDHAF1,-0.2540381064957744
SDHAF2,-0.23777698451382445
SDHAF3,-0.3089054357732106
SDHAF4,-0.16907154842020145
SDHB,-0.16680169623711283
SDHC,-0.4319498776378552
SDHD,-0.39698530498284335
SDK1,0.5785275835578703
SDK2,-0.046383320432452135
SDR16C5,0.21365033415806028
SDR39U1,-0.2892928851515739
SDR42E1,-0.043949859512866674
SDR42E2,0.47117056347434333
SDR9C7,0.7587340305026561
SDS,0.5835643096809848
SDSL,0.70325932240101
SEBOX,-0.33709591101492486
SEC11A,-0.34800980195514075
SEC11C,-0.0760667028765809
SEC13,0.23736388355887783
SEC14L1,-0.27822912591700355
SEC14L2,-0.24560257085893245
SEC14L3,0.6322822291701684
SEC14L4,0.15516488341629175
SEC14L5,-0.10361550145887044
SEC14L6,-0.7669119524104389
SEC16A,0.0009018851217827972
SEC16B,-0.6196546828585119
SEC22A,0.08863848609222647
SEC22B,-0.044332527103270625
SEC22C,0.12413534135511117
SEC23A,-0.6556991484699768
SEC23B,-0.12797559064875674
SEC23IP,-0.22225908350956303
SEC24A,-0.2735155257586346
SEC24B,0.6535511602198545
SEC24C,-0.27774274909498065
SEC24D,0.8303883435252197
SEC31A,-0.0597994967674067
SEC31B,0.36280145614182246
SEC61A1,0.33953892375579287
SEC61A2,0.5344181135978525
SEC61B,-0.19829984787486232
SEC61G,-0.2347752384894477
SEC62,-0.051258606940087326
SEC63,-0.47662579344808353
SECISBP2,0.013187502406789342
SECISBP2L,-0.04368522705118938
SECTM1,0.1881098975898996
SEH1L,-0.1616991291550045
SEL1L,0.04910699224557913
SEL1L2,-0.16389720990437126
SEL1L3,1.0657767556657967
SELE,2.374029552246213
SELENBP1,-0.31340826397912414
SELENOF,-0.048430318453071663
SELENOH,-0.08984190619347476
SELENOI,-0.4215499075483126
SELENOK,0.0690737838145008
SELENOM,0.23737440798679776
SELENON,0.19619457447129962
SELENOO,0.5146097294666978
SELENOP,0.20424577444332193
SELENOS,-0.00418299421415913
SELENOT,0.033909614226145024
SELENOV,-0.37815997558331693
SELENOW,-0.21102484293737955
SELL,-0.5461081378143295
SELP,-0.15795563671593088
SELPLG,-0.48327696296328426
SEM1,-0.4095608027731332
SEMA3A,-0.06427692716704314
SEMA3B,0.21237978113784295
SEMA3C,-0.3432682302804484
SEMA3D,0.04722033402003456
SEMA3E,-0.5279705926448
SEMA3F,0.7129996074025695
SEMA3G,0.06673684643174838
SEMA4A,0.022081876751967044
SEMA4B,0.1808284353508962
SEMA4C,0.1738650415480989
SEMA4D,0.10101562566095801
SEMA4F,0.2791142030720497
SEMA4G,0.16759857794080268
SEMA5A,0.08104439443084127
SEMA5B,-0.5440939149129549
SEMA6A,0.2182875568025353
SEMA6B,0.16861742688722048
SEMA6C,-0.13091736056307468
SEMA6D,-0.46152214609061115
SEMA7A,0.2145188192615115
SEMG1,-0.4884108896976157
SEMG2,-0.5656654613003893
SENP1,0.08889525101266393
SENP2,-0.5328754357938188
SENP3,-0.16270462616197623
SENP3-EIF4A1,-0.35500754174391
SENP5,0.03622767295710094
SENP6,-0.07666075690516205
SENP7,-0.5243700784404828
SENP8,-0.10943302222492757
SEPHS1,0.27958171129566267
SEPHS2,-0.3266394511848252
SEPSECS,-0.2672300275563444
SEPTIN1,0.538050159707637
SEPTIN10,1.2227916989288918
SEPTIN11,-0.3336857698803697
SEPTIN12,-0.2495752574726131
SEPTIN14,1.4278833501648327
SEPTIN2,0.20391893107492454
SEPTIN3,-0.39388580302250076
SEPTIN4,-0.4637503461844147
SEPTIN5,-0.0535485291851967
SEPTIN6,-0.25327774099549494
SEPTIN7,-0.014318457797734219
SEPTIN8,-0.7513788313479791
SERAC1,-0.2765583899639523
SERBP1,-0.19186675123302788
SERF2,-0.4884636599116705
SERGEF,0.31041705906081685
SERHL2,-0.8782391593629006
SERINC1,-0.16350300267373008
SERINC2,-0.08828749660218937
SERINC3,-0.28484823141500115
SERINC4,-0.24416554108523814
SERINC5,-0.2081677334345935
SERP1,0.059465344637071205
SERP2,2.290801946236389
SERPINA11,-0.6962703972562608
SERPINA12,-0.04799803591986694
SERPINA3,-0.017348395648235218
SERPINA4,0.9133111971194825
SERPINA5,0.9136726381577644
SERPINA7,-0.1880162361731048
SERPINA9,1.0059552160131107
SERPINB1,-0.20363376436395222
SERPINB10,-1.909736056028708
SERPINB11,0.07980547243899516
SERPINB12,0.28346681954088243
SERPINB13,-0.5472061557454212
SERPINB2,0.3664548851425359
SERPINB3,1.4588332428310986
SERPINB4,1.9898612074257926
SERPINB5,0.8793204713300582
SERPINB6,0.030133104773792725
SERPINB7,0.30462585819368915
SERPINB8,0.02381608651318068
SERPINB9,-0.31556851087463933
SERPINC1,0.9101601916329198
SERPIND1,0.32696846717620776
SERPINE1,-0.03130448718333234
SERPINE2,0.4692628397674161
SERPINE3,-0.7317989124335751
SERPINF2,-0.1684749015781466
SERPING1,0.38999667447797454
SERPINH1,-0.15299598891277721
SERPINI1,0.18395499428691942
SERPINI2,-0.43511847899544165
SERTAD1,0.2869897795645704
SERTAD2,0.13920527484626
SERTAD3,0.12662311359075318
SERTAD4,0.804876141242651
SERTM1,0.24490259579725798
SERTM2,-0.9290731856329423
SESN1,-0.3044352182338379
SESN2,0.23431197804188564
SESN3,-0.1278189673344725
SESTD1,1.0613652835502654
SET,-0.597561735240135
SETBP1,0.3325605114549989
SETD1A,-0.1639544921499283
SETD1B,0.33236715463031175
SETD2,0.4857823928243432
SETD3,0.37961441867894585
SETD4,1.0330319265496237
SETD5,0.14759138151514506
SETD6,0.36445173833068134
SETD7,-0.049232313218917634
SETD9,0.19203038571124997
SETDB1,-0.28725739687151464
SETDB2,0.03707150563280681
SETMAR,-0.14244237920392155
SETSIP,0.7868310251650181
SETX,-0.10987777999084436
SEZ6,0.47875195093836975
SEZ6L,0.33075418416056535
SEZ6L2,-0.07548210427716562
SF1,0.046110104642472116
SF3A1,-0.38167587099421674
SF3A2,-0.1735877002432602
SF3A3,0.03138027338287408
SF3B1,-0.4217293215253326
SF3B2,-0.5703510517479549
SF3B3,-0.5117247328658205
SF3B4,-0.2317536675177152
SF3B5,-0.16158243753584145
SF3B6,-0.09422592415907438
SFI1,0.08310072471399987
SFMBT1,0.6888245408202929
SFMBT2,-0.4725114805802684
SFN,0.14653045940095755
SFPQ,-0.11936783426563746
SFR1,-0.2337576536482917
SFRP1,-1.2731128864926131
SFRP2,-0.43677876873879234
SFRP4,0.9458743004585521
SFRP5,0.21646995792472623
SFSWAP,-0.4045491860908328
SFT2D1,-0.3065398070597105
SFT2D2,0.3599869956884527
SFT2D3,1.3599306027535887
SFTA3,-0.1389335706403494
SFTPA1,-0.030038541580234
SFTPA2,0.30072658628224774
SFTPB,0.656027434384761
SFTPC,0.8063409547594937
SFTPD,0.28129215660169216
SFXN1,1.5793167925005303
SFXN2,-0.042123612598877536
SFXN3,-0.21749235667791478
SFXN4,0.3867608799655722
SFXN5,0.21395179542062343
SGCA,0.4510983757541096
SGCB,0.6661975029853173
SGCD,0.6219175453198789
SGCE,-0.46773029461476945
SGCG,-0.5122602054893222
SGCZ,0.8934293267594127
SGF29,-0.5290530688793766
SGIP1,-0.04154482870606768
SGK1,-0.046808862377380356
SGK2,1.1351303865196096
SGK3,0.14695719073177882
SGMS1,0.03339682945969091
SGMS2,0.07644392007215339
SGO1,0.05431950808997854
SGO2,0.42198629077855987
SGPL1,0.32400109598719506
SGPP1,0.30661535348252755
SGPP2,-0.2978869504532575
SGSH,-0.11973476010779516
SGSM1,0.1163277851289144
SGSM2,0.27534794421244424
SGSM3,-0.15287924731628078
SGTA,0.07615737824076252
SGTB,0.3295714603491766
SH2B1,0.07551342746049006
SH2B2,-0.021794657673682938
SH2B3,0.6430144354853944
SH2D1A,0.5640791836407419
SH2D1B,0.5684329258786011
SH2D2A,0.33360298504435004
SH2D3A,0.11085108213935335
SH2D3C,0.1805628329473663
SH2D4A,1.9867897546029991
SH2D4B,-0.753571080566847
SH2D5,-0.07139799076757658
SH2D6,-0.1033133609596506
SH2D7,0.10313869374493567
SH3BGR,-0.21742004657926906
SH3BGRL,-0.4158141346580644
SH3BGRL2,-0.1785387116001924
SH3BGRL3,0.24556283215134211
SH3BP1,-0.5704494311862742
SH3BP2,0.5727506770088904
SH3BP4,1.4408517033032897
SH3BP5,-0.330494294789424
SH3BP5L,-0.04893899991075301
SH3D19,0.622117715106643
SH3D21,0.18481870136422796
SH3GL1,0.42270682821313255
SH3GL2,0.39300733179296055
SH3GL3,0.4549287713322654
SH3GLB1,-0.09723567316507342
SH3GLB2,-0.001132198609658186
SH3KBP1,0.22052222174996228
SH3PXD2A,-0.07801770679077302
SH3PXD2B,0.34787061609650216
SH3RF1,0.20258207888989244
SH3RF2,-0.00082995357366622
SH3RF3,0.16756973669425035
SH3TC1,-0.624381252778507
SH3TC2,-0.4918620732736836
SH3YL1,-0.7947095400313129
SHANK1,-0.5349997342530579
SHANK2,0.4075775401725457
SHANK3,0.779476944383563
SHARPIN,-0.5292070695382627
SHB,0.5341466053502506
SHBG,0.8360791226614577
SHC1,-0.031527431130720984
SHC2,-1.2365784211253747
SHC3,-0.7976174701806686
SHC4,-0.7598555623950574
SHCBP1,-0.3243677191660197
SHCBP1L,0.8081433994665933
SHD,0.34122390517212003
SHE,0.2737220967344621
SHF,-0.37850481968648086
SHFL,0.1374933252219308
SHH,-0.548882075693379
SHISA2,0.19012101240019774
SHISA3,-0.1089130047998732
SHISA4,1.0344447190198482
SHISA5,0.16244732974296916
SHISA6,0.38655365758341387
SHISA7,-0.08039035369818937
SHISA8,0.6930006623275851
SHISA9,0.03312801823234507
SHISAL1,-0.35915623189408513
SHISAL2A,-0.48680626716424064
SHISAL2B,-0.13756870971758117
SHKBP1,-0.33821587595734925
SHLD1,-0.7955334426006919
SHLD2,0.7201382866359411
SHLD3,-0.3522255952932358
SHMT1,-0.07418096484009506
SHMT2,-0.06700997758626848
SHOC1,0.6307139626195868
SHOC2,0.19637011048787656
SHOX2,-0.10245373427423399
SHPK,0.11082134512284725
SHPRH,-0.0936421791871096
SHQ1,-1.2708955100887498
SHROOM1,0.06216914900652748
SHROOM2,0.42475973916994336
SHROOM3,-0.2537770876844228
SHROOM4,-0.5530978292225424
SHTN1,-0.49242966219337386
SI,1.0023298884717309
SIAE,2.0961062693504786
SIAH1,-0.2666096992986742
SIAH2,0.5595170352264507
SIAH3,-0.21937931135168576
SIDT1,-0.0664331423034259
SIDT2,0.4305447647456857
SIGIRR,0.787435808608796
SIGLEC1,-0.5606912177272307
SIGLEC10,-0.41414828322433594
SIGLEC11,-0.4966940178667585
SIGLEC12,0.02566923635034095
SIGLEC14,0.5161076665416717
SIGLEC15,-0.45130689607547225
SIGLEC16,0.32579928385896195
SIGLEC5,-0.3332774562558043
SIGLEC6,0.4143337887959029
SIGLEC7,1.193455094427554
SIGLEC8,-0.5082884651813111
SIGLEC9,-0.27609519548126327
SIGLECL1,-0.4547448811632666
SIGMAR1,-0.135177335028561
SIK2,-0.1514588796048466
SIK3,0.4095208433467197
SIKE1,-0.1250875231596762
SIL1,-0.19697401206657617
SIM1,0.0
SIM2,-0.46259902091645555
SIMC1,1.5080974908163767
SIN3A,-0.4491835718130499
SIN3B,0.8205864766808095
SIPA1,0.000697887521749152
SIPA1L1,0.2379312062367731
SIPA1L2,0.34947257969108847
SIPA1L3,0.11673307421123891
SIRPA,1.1145650151417263
SIRPB1,-0.5941987058540419
SIRPB2,-0.22756804842321032
SIRPD,-0.2573396564990101
SIRPG,-0.2674585699478653
SIRT1,0.48364258985628794
SIRT2,-0.1339336732933445
SIRT3,-0.2635326484323013
SIRT4,-0.12806366260092705
SIRT5,0.27370066862531495
SIRT6,-0.301587153753359
SIRT7,-0.9619490799615477
SIT1,-0.336308599326649
SIVA1,0.175798819585248
SIX1,-0.5704668954794949
SIX2,0.6949685896560682
SIX3,-0.3058870272825689
SIX4,-0.48542386174620167
SIX5,-0.07641108264032948
SIX6,-0.2672862665233975
SKA2,0.15364305047291982
SKA3,-0.1310668596174045
SKAP1,0.14212410718720303
SKAP2,1.4526880170821868
SKI,1.3479883638804315
SKIC3,-0.2219987445309295
SKIC8,-0.23222410837657748
SKIDA1,-0.15962386642915583
SKIL,1.393958627783003
SKOR1,-0.7260651926855484
SKOR2,-0.1558977965019453
SKP1,-0.20072706707919608
SKP2,-0.3527247832856144
SLA,0.014313106393308295
SLA2,-0.3487687658067977
SLAIN1,0.5217910782943305
SLAIN2,-0.06471135743174372
SLAMF1,0.3791765680085093
SLAMF6,-0.42527016063397394
SLAMF7,-0.418429309077597
SLAMF8,-0.5589150771962674
SLAMF9,0.15621437875413902
SLBP,0.9849531708840527
SLC10A1,0.7510248731221111
SLC10A2,-0.2942370189967949
SLC10A3,-0.286256009369823
SLC10A4,-0.6937096908096255
SLC10A5,-0.20005108218147738
SLC10A6,-0.8957667906050818
SLC10A7,-0.31808679933220674
SLC11A1,-0.47408216776497547
SLC11A2,-0.5541733138950802
SLC12A1,-0.5574037791741073
SLC12A2,0.36656613243005154
SLC12A3,0.07688550307871067
SLC12A4,-0.12455566425632725
SLC12A5,-0.024740962193873894
SLC12A6,0.4523556996236118
SLC12A8,-0.04637531988269345
SLC12A9,-0.0016812419958922575
SLC13A1,-1.7483742258311845
SLC13A2,-0.13061106802481104
SLC13A3,-0.23595691322514345
SLC13A4,-0.32270526215656
SLC13A5,0.0463534176307836
SLC14A1,-0.029350458281589553
SLC14A2,-0.3430222747864291
SLC15A1,-0.19637716200089483
SLC15A2,0.19863830291507178
SLC15A3,-0.28992411417396036
SLC15A4,0.12313695496914256
SLC15A5,-0.4507341506678222
SLC16A1,-0.17997822096722915
SLC16A10,0.6413503297545757
SLC16A11,0.8779348967115388
SLC16A12,-0.4093191695468834
SLC16A13,0.07722608730877312
SLC16A14,-0.16297069594347757
SLC16A2,-0.5158443458443764
SLC16A3,-0.22898295649387612
SLC16A4,0.33684674339740917
SLC16A5,-0.17828369272471
SLC16A6,0.4581449616210147
SLC16A7,-0.006812424721670318
SLC16A8,0.454388296880353
SLC16A9,-0.024038588848663944
SLC17A1,0.1526996712867862
SLC17A2,0.9201392106351237
SLC17A3,-0.3571057281007916
SLC17A4,0.7998367468571707
SLC17A5,0.1247718946537244
SLC17A6,-0.6060723387819853
SLC17A7,-0.2288061801217296
SLC17A8,-1.0382104633328875
SLC17A9,0.2844815685899822
SLC18A1,-0.055465356380657
SLC18A2,0.3583727248620432
SLC18A3,-0.8179201515034791
SLC18B1,-0.5010201580646347
SLC19A1,-0.8705612194077129
SLC19A2,-0.10725151893018126
SLC19A3,-0.2542587102208459
SLC1A1,0.7693595212063946
SLC1A2,0.302328392790357
SLC1A3,-0.11398449446840642
SLC1A4,0.43615515190193754
SLC1A5,-0.00636303467027588
SLC1A6,0.12260799826343094
SLC1A7,0.4186292025462912
SLC20A1,0.6119930700552567
SLC20A2,0.7739157995869954
SLC22A1,0.7919500617335244
SLC22A10,1.060702125439418
SLC22A11,0.4129117524300683
SLC22A12,0.25443470081515696
SLC22A13,0.13795620274241838
SLC22A14,-0.7133345626374815
SLC22A15,-0.8542045532941409
SLC22A16,1.1110629298054555
SLC22A17,0.09689965359117636
SLC22A2,0.38732569519194926
SLC22A23,0.34091867077850635
SLC22A24,1.6247743430186172
SLC22A25,-0.5220836246044414
SLC22A3,0.15320806921073316
SLC22A31,1.4150485346294779
SLC22A4,0.038359841763557334
SLC22A5,-0.07086186572635622
SLC22A6,-0.27808939232067625
SLC22A7,-0.718139215162837
SLC22A8,0.7710476641773928
SLC22A9,-0.49816891352788106
SLC23A1,-0.7660478320464836
SLC23A2,0.4647676702784024
SLC23A3,-0.5957517286099515
SLC24A1,-0.010129511787916101
SLC24A2,2.126201265732923
SLC24A3,0.7618230873429632
SLC24A4,0.1542919086999699
SLC24A5,0.04542027767306765
SLC25A1,0.338765047788403
SLC25A10,0.32138125619687763
SLC25A11,0.05338877740764936
SLC25A12,0.06937177007960571
SLC25A13,-0.06614904474651073
SLC25A14,0.12916051543576268
SLC25A15,0.5157470860542652
SLC25A16,-0.19475225339535918
SLC25A17,-0.3980563299369049
SLC25A18,-1.2257462065376281
SLC25A19,-0.34480250933325696
SLC25A2,-0.4804195315895756
SLC25A20,-0.21495313712313724
SLC25A21,-0.8458604934654962
SLC25A22,0.09919572933755827
SLC25A23,-0.789780692542608
SLC25A24,0.19560051689675095
SLC25A25,0.06946399031333517
SLC25A26,-0.10216669946500101
SLC25A27,0.08310516955437208
SLC25A28,-0.6018643699897208
SLC25A29,0.37112791983908444
SLC25A3,0.25108065442042893
SLC25A30,0.13660558364386066
SLC25A31,-0.12508290064808458
SLC25A32,-0.10736913173111251
SLC25A33,1.1288192806791164
SLC25A34,0.48042457811185074
SLC25A35,-0.1794927671092026
SLC25A36,0.36065252069551956
SLC25A37,0.3447663975366311
SLC25A38,0.04166157692638084
SLC25A39,0.3336418706799922
SLC25A4,0.12104174221408037
SLC25A40,-0.008377310485103706
SLC25A41,-0.5940592602734615
SLC25A42,0.5970787630791827
SLC25A43,0.07348069326238749
SLC25A44,-0.05252058831646256
SLC25A45,-0.4440567784854341
SLC25A46,-0.4573635050103144
SLC25A47,-0.2565010078720549
SLC25A48,0.3371453037404796
SLC25A5,0.1156883810713083
SLC25A51,0.12493896734521925
SLC25A52,1.778996933782778
SLC25A53,-0.35091919583488895
SLC26A1,0.050897343547087415
SLC26A11,-0.10767058415581587
SLC26A2,-0.12285802995379225
SLC26A3,1.4293312026658394
SLC26A4,0.7972613348340865
SLC26A5,-0.44531532572202415
SLC26A6,-0.03477789826824562
SLC26A7,-2.159387360790677
SLC26A8,0.19546698758827608
SLC26A9,-0.5394088266063259
SLC27A1,-0.3290605040338481
SLC27A2,-0.24225089739405536
SLC27A4,0.22633863667961585
SLC27A5,0.10929030793819328
SLC27A6,-1.1773974969903693
SLC28A1,-1.1619536402927073
SLC28A2,-0.524742378728104
SLC28A3,0.36459309621582114
SLC29A1,-0.22669093943432195
SLC29A2,-0.1103391286334583
SLC29A3,-0.007790674458435731
SLC29A4,0.2899502758935886
SLC2A1,0.4074701574440054
SLC2A10,0.22746831116011612
SLC2A12,-0.26809215087057103
SLC2A13,0.3017818968221482
SLC2A14,-0.5852148654623617
SLC2A2,0.18192071208718508
SLC2A3,-0.3902232425259018
SLC2A4,0.021321328239316983
SLC2A4RG,0.3424348696210764
SLC2A5,0.059736945673469766
SLC2A6,-0.20165636145419263
SLC2A7,-0.07564884307449621
SLC2A8,0.15015614139525102
SLC2A9,-0.5852052789481563
SLC30A1,0.5989970022237232
SLC30A10,-0.941558542980562
SLC30A2,1.2424271409522154
SLC30A3,-1.632137681053917
SLC30A4,0.5549158648547103
SLC30A5,0.17537063404166897
SLC30A6,-0.383689968492253
SLC30A7,-0.12743968770986935
SLC30A8,-0.010915986503658992
SLC30A9,-0.06918684539993869
SLC31A1,0.03592664469396567
SLC31A2,-0.020082918924384074
SLC32A1,-0.0788168819866284
SLC33A1,-0.17471756320779175
SLC34A1,0.12541861231845375
SLC34A2,1.2361372136364006
SLC34A3,0.283367323694494
SLC35A1,-0.47614586354486377
SLC35A2,0.023464988505625506
SLC35A3,-0.2561651291927296
SLC35A4,-0.04953766676910565
SLC35A5,-0.12143348864617476
SLC35B1,-0.21661140346554042
SLC35B2,0.5776233395436998
SLC35B3,-0.04349683505878543
SLC35B4,0.03379979789715737
SLC35C1,-0.16102424235566293
SLC35C2,-0.033562224909226224
SLC35D1,0.652034823070804
SLC35D2,-0.13774256590107536
SLC35D3,0.5507396449214916
SLC35E1,0.18840472974258438
SLC35E2B,0.22187259761005773
SLC35E3,-0.04016181012826081
SLC35E4,-0.13241009176467777
SLC35F1,0.758312934932661
SLC35F2,0.20881520892912198
SLC35F3,0.7864051399605105
SLC35F4,-0.1349258798526849
SLC35F5,0.06519755710346242
SLC35F6,-0.4108704985664846
SLC35G1,-0.25085273190004465
SLC35G2,-0.3283644116513873
SLC35G3,0.36564418222157247
SLC35G4,0.5264438671339409
SLC35G5,0.24581628701830338
SLC35G6,0.22178319009921832
SLC36A1,0.7666923394145074
SLC36A2,-0.14460533100603826
SLC36A3,-1.8237012274451874
SLC36A4,0.10517589661802251
SLC37A1,0.2031092744787273
SLC37A2,-1.4437143862609163
SLC37A3,-0.29848301047538883
SLC37A4,-0.013356501117978592
SLC38A1,-0.187848813414222
SLC38A10,-0.3253232276205269
SLC38A11,0.8850933568721345
SLC38A2,-0.05057077362044193
SLC38A3,-0.07580597132504785
SLC38A4,1.2215570980188148
SLC38A5,-1.1890319981587674
SLC38A6,-0.1102649521604846
SLC38A7,-0.1844584959947575
SLC38A8,-0.16681866178954752
SLC38A9,0.41584905210525314
SLC39A1,-0.14561659072816813
SLC39A10,0.41932608052684955
SLC39A11,-0.46129172552262165
SLC39A12,0.9934346648952384
SLC39A13,-0.5956361503763641
SLC39A14,0.8941336407115132
SLC39A2,0.34704193323890353
SLC39A3,-0.08664965178749906
SLC39A4,0.007252054829852028
SLC39A5,-0.13270918456967692
SLC39A6,0.3099358169641482
SLC39A8,-0.7247874123389964
SLC39A9,-0.2424044548588542
SLC3A1,2.1946944932218164
SLC3A2,-0.210912213709066
SLC40A1,-0.45366332396884707
SLC41A1,0.250277022483143
SLC41A2,0.4053638563914035
SLC41A3,0.16555576988593157
SLC43A1,-0.050631493414393436
SLC43A3,-0.507261484002711
SLC44A1,0.47511656432195704
SLC44A2,-0.2139474131983201
SLC44A3,-1.1078015563370727
SLC44A5,-0.33429909237253896
SLC45A1,0.03716729283334952
SLC45A2,0.10446066204583745
SLC45A3,0.33385556681422734
SLC45A4,0.9998419416904887
SLC46A1,0.39966080504375034
SLC46A2,0.2203046690114141
SLC46A3,0.037506916896859366
SLC47A1,-0.5931321056501326
SLC47A2,-0.02619651913491272
SLC48A1,0.34266216098772995
SLC49A3,0.016257033110168573
SLC49A4,-0.35797567614408266
SLC4A1,0.14246400697504527
SLC4A10,-1.1335885259085077
SLC4A11,0.04910558474328042
SLC4A1AP,-0.6657500459597188
SLC4A2,0.016327932409916812
SLC4A3,0.32297741215286546
SLC4A4,-1.0785795040818495
SLC4A5,0.30175537873289404
SLC4A7,0.42053581485693936
SLC4A8,-0.17074345433242222
SLC4A9,-0.43321383825678117
SLC50A1,0.022759888689940944
SLC51A,0.08087968579296145
SLC51B,-0.16383604154238063
SLC52A1,-0.16995593137194598
SLC52A2,-0.31740430651915896
SLC52A3,0.34874068533821456
SLC5A1,-0.14210803087893342
SLC5A10,-1.441181956072037
SLC5A11,-0.37465553435322974
SLC5A12,0.04163872725861806
SLC5A2,0.5110183977594875
SLC5A3,1.5266070417766087
SLC5A4,-0.03132490340261351
SLC5A5,-0.011956175771120181
SLC5A6,-0.3203434287608351
SLC5A7,-0.1787488514799037
SLC5A9,0.3009174690267954
SLC66A1,0.5693049895807354
SLC66A2,0.45446145520827796
SLC66A3,0.19085095296026022
SLC6A1,-0.7944571002657124
SLC6A11,0.26518988295191404
SLC6A12,0.5309642723145096
SLC6A13,0.5926903005631587
SLC6A14,-0.681804714787916
SLC6A15,-0.966528413727495
SLC6A16,-0.07128220405374142
SLC6A17,0.4957548743414892
SLC6A18,0.26236679118918305
SLC6A19,0.21489256410028967
SLC6A2,-0.36733378840087577
SLC6A20,-0.21231401922824894
SLC6A4,-0.11551142883020615
SLC6A5,0.16841309432670415
SLC6A6,-0.13303358109796282
SLC6A7,0.9808571615409853
SLC6A8,0.8459872000433272
SLC6A9,0.003904795773814307
SLC7A1,0.7455049194620331
SLC7A10,0.13485346575353907
SLC7A11,-0.20411862131732894
SLC7A13,0.7079212535505877
SLC7A14,-0.4081276539633971
SLC7A2,-0.9127514229002862
SLC7A3,-0.22724850852347928
SLC7A4,1.378031479611971
SLC7A5,0.33398002174470154
SLC7A6,0.46178599513385965
SLC7A6OS,0.023467563787047396
SLC7A7,-0.5566125638909103
SLC7A8,-0.3226935861193123
SLC7A9,-0.29243348110442346
SLC8A1,0.2462224065957519
SLC8A2,0.3098993247960533
SLC8A3,-0.2900396583549143
SLC8B1,0.46904878197593014
SLC9A1,1.2142718515830526
SLC9A2,-0.07642830255340782
SLC9A3,0.45954205854146757
SLC9A4,-0.6592555433627006
SLC9A5,0.04819202835879821
SLC9A6,-0.5618294204640306
SLC9A7,0.38170728964852874
SLC9A8,0.014444407485146193
SLC9A9,-0.2218899843291986
SLC9B1,-0.49729403660422866
SLC9B2,0.1855949849527989
SLC9C1,0.12647489483568797
SLC9C2,-0.12322114200059064
SLCO1A2,0.9598724505192033
SLCO1B1,0.06582169576932673
SLCO1B3,0.1167198197056889
SLCO1B3-SLCO1B7,-0.1041342070964335
SLCO1C1,-1.0815945600791106
SLCO2A1,0.10434359287421957
SLCO2B1,-0.6903217488208457
SLCO3A1,1.1689964180928962
SLCO4A1,0.25960036562401534
SLCO4C1,-0.08462191716384782
SLCO5A1,-0.2097979204390903
SLCO6A1,-0.3676350268704003
SLF1,-0.18592441278284255
SLF2,-0.22743794332384493
SLFN11,-0.04428401829662665
SLFN12,0.7156087699936691
SLFN12L,0.2524305667054819
SLFN13,0.08717418647867003
SLFN14,0.12836133917090087
SLFN5,-0.415579273300156
SLFNL1,-0.7119331315827868
SLIRP,-0.31030170014521463
SLIT1,0.03507459634383192
SLIT2,-0.0461924822820432
SLIT3,0.6032121163835584
SLITRK1,-0.7563556913862989
SLITRK2,0.3959951678976372
SLITRK3,-0.25240787264065334
SLITRK4,-0.16131039696061178
SLITRK5,-0.2827203295915668
SLITRK6,-0.020954284452873173
SLK,0.8992626017806371
SLMAP,-0.338282455510301
SLN,-0.22518385798530396
SLPI,1.5792228722243935
SLTM,0.41946709779457425
SLU7,-0.22221328777167848
SLURP1,0.21728770483699433
SLURP2,0.9333269693328898
SLX4,0.26074712422279944
SLX4IP,-0.4782900042856859
SLX9,-0.34687604557348006
SMAD1,0.30966295723848125
SMAD2,0.036801664265508904
SMAD3,-0.5779546128618884
SMAD4,-0.5356369112922298
SMAD5,-0.16362694434994296
SMAD6,-0.2074231893922871
SMAD7,0.45259482688619146
SMAD9,0.5340552196152908
SMAGP,-0.057183856651826126
SMAP1,-0.16061062919106828
SMAP2,0.23720572921156488
SMARCA1,0.18543780007853394
SMARCA2,0.02699503082919262
SMARCA4,1.2779282060525619
SMARCA5,-0.11313556747572573
SMARCAD1,-0.3727547318857809
SMARCAL1,-0.17040690915625145
SMARCC1,0.37021472355736407
SMARCC2,-0.18153599548576338
SMARCD1,-0.15200913499287783
SMARCD2,0.2138919173275875
SMARCD3,0.17337821438082468
SMARCE1,-0.5678838144498686
SMC1A,-0.3317476225008624
SMC1B,-0.08117127116152956
SMC2,-0.16169761209557532
SMC3,-0.03418167682412765
SMC4,-0.5156285570608787
SMC5,-0.09333384084358531
SMC6,0.2709612934757079
SMCHD1,0.16083397280502876
SMCO1,0.02717100688238211
SMCO2,0.3792530112965105
SMCO3,0.7557441187889903
SMCO4,-0.3776092841126317
SMCP,-0.6171881959596
SMCR8,-0.1814420387811353
SMG1,0.023314147323821643
SMG5,0.08222887753222885
SMG6,-0.18429757495204324
SMG7,-0.08934099440502496
SMG8,-0.43070700307611576
SMG9,-0.016003171525310833
SMIM1,0.2741325520326381
SMIM10,-0.833457018235682
SMIM10L2A,0.5577925639156365
SMIM10L2B,-0.2841524608254935
SMIM10L2B-AS1,-1.1154789932978462
SMIM10L3,-0.4594970663002975
SMIM11,-0.3976899070686235
SMIM12,0.0682412730106634
SMIM13,-0.16580715692595493
SMIM14,-0.11233974106085665
SMIM15,-0.17854259674526674
SMIM17,-1.6155804932956994
SMIM18,-0.8741944057271885
SMIM19,0.9434677924475339
SMIM20,0.383139708238301
SMIM21,-0.11808926111537804
SMIM22,-0.2475637046787582
SMIM23,-0.8836241464029678
SMIM24,-0.045771757547868885
SMIM26,-0.40840179958455103
SMIM27,0.02481302574287625
SMIM28,0.1363815921377176
SMIM29,0.041571382256730516
SMIM3,-0.2576187530534808
SMIM30,-0.15373619889456136
SMIM31,2.0770627239791093
SMIM32,-0.2053945368568471
SMIM33,-0.026045765091109008
SMIM35,-0.24092214832330405
SMIM36,-0.6979505279062008
SMIM38,0.75646391905523
SMIM39,-0.6867269043820174
SMIM41,0.24369436777052134
SMIM42,-0.4055258277696868
SMIM43,-0.9087969910653177
SMIM44,0.05649961192212391
SMIM45,-0.25043445223314986
SMIM46,-0.2192449757134422
SMIM47,-0.9625357376281691
SMIM5,-0.08413681875306445
SMIM6,-0.3013660681219783
SMIM7,-0.15574366017041452
SMIM8,-0.18434793696310559
SMIM9,0.31038087199309006
SMKR1,0.38114038478373935
SMLR1,0.4507584419080324
SMNDC1,-0.24375607868610238
SMO,0.17174043262736838
SMOC1,-0.9808883638010597
SMOC2,0.2229050722481496
SMOX,-0.7743323053076734
SMPD1,-0.2636433408265626
SMPD2,0.5151181544898522
SMPD3,0.06416942886568489
SMPD4,0.3359154614004325
SMPDL3A,1.2792661205545377
SMPDL3B,-0.05171034256118956
SMPX,-0.6719727540277347
SMR3A,-0.4906314743469802
SMR3B,1.312609314203967
SMS,0.44924894864351206
SMTN,0.08153851744115992
SMTNL1,-0.0705997579918537
SMTNL2,-0.31154375905511555
SMU1,0.16541494627393227
SMUG1,-0.15998470505551587
SMURF1,0.055187095459463986
SMURF2,0.2410157032275535
SMYD1,1.9941198565243856
SMYD2,0.392253841794191
SMYD3,-0.07278394950172107
SMYD4,0.35430642942394996
SMYD5,-0.3287033377449573
SNAI1,0.49720732557815417
SNAI2,-0.7186354488734854
SNAI3,-0.012650233744953887
SNAP23,-0.18517627160301187
SNAP25,0.23103643102232552
SNAP29,1.1933409521822007
SNAP47,-0.06328681254991064
SNAP91,0.6888155893821999
SNAPC1,0.03452466905868956
SNAPC2,-0.02492094854285476
SNAPC3,0.041145584603386354
SNAPC4,-0.21376100326262915
SNAPC5,-0.3658482148651654
SNAPIN,-0.2908070835864702
SNCA,-0.4368589682565629
SNCAIP,-0.39287707337319744
SNCB,-0.13193320100057648
SNCG,0.8237568944257085
SND1,0.08693765668617459
SNED1,-0.017917693476292684
SNF8,-0.025914786111511212
SNIP1,-0.3660278059487916
SNN,0.8422304967854992
SNORC,0.30420832991928826
SNPH,0.01655144939936104
SNRK,0.7818905263663387
SNRNP200,-0.3381431383606821
SNRNP25,-0.04711078681054737
SNRNP27,-0.5337702744380826
SNRNP35,-0.13164408406010786
SNRNP40,0.022130603940561322
SNRNP48,-0.3091199886489111
SNRNP70,-0.11320524628396189
SNRPA,-0.1565994863087825
SNRPA1,-0.26556542536824956
SNRPB,0.009796134991009176
SNRPB2,-0.20297337313631658
SNRPC,-0.45245116297886057
SNRPD1,-0.46513151718717083
SNRPD2,-0.1023891381709765
SNRPD3,-0.046949078959823254
SNRPE,0.04507112827012083
SNRPF,-0.2616150410733784
SNRPG,-0.2567345822203242
SNRPN,-1.1218966082631905
SNTA1,0.37588215040248407
SNTB1,0.2408923449003959
SNTB2,-0.8612211695989718
SNTG1,-0.6364015674140999
SNTG2,-0.048251561093060946
SNTN,1.8882640879086816
SNU13,-0.487301237021724
SNUPN,-0.5633253980760085
SNURF,-0.31576196481508245
SNW1,-0.48083636880233094
SNX1,-0.28496876773978386
SNX10,0.46691294599228517
SNX11,0.4345551898401151
SNX12,-0.19738988861979279
SNX13,-0.0175082104855786
SNX14,-0.2866537755079621
SNX15,-0.017854904851763997
SNX16,-0.349599230900564
SNX17,0.082185281551161
SNX18,0.4912481569468019
SNX19,0.1999026776070858
SNX2,0.33841391244172403
SNX20,-0.26150909209235507
SNX21,-0.4020098199366213
SNX22,-0.4755719944196324
SNX24,-0.35647181473088674
SNX25,0.6878367500950442
SNX27,-0.21809559871381
SNX29,0.1910875860607426
SNX3,-0.07467106248261501
SNX30,-0.03444435759290032
SNX31,0.27280680842249333
SNX32,-0.1435275903736679
SNX33,0.5139843386557672
SNX4,0.14239815717662907
SNX5,0.2415278967857981
SNX6,-0.05117176455090888
SNX7,0.4741527103421071
SNX8,0.11065004285006452
SNX9,0.16567463838503294
SOAT1,-0.40374547005073325
SOAT2,-0.7024817583334086
SOBP,0.489840936764383
SOCS1,0.5202271732742538
SOCS2,0.07523447443270026
SOCS3,0.4635410874512038
SOCS4,0.0994165503698996
SOCS5,0.11229936947875174
SOCS6,1.100422679712209
SOD1,0.4032540637194977
SOD2,0.1715561823912184
SOD3,0.22267862765605306
SOHLH1,-0.027740465268886808
SOHLH2,0.14401264771685873
SON,-0.28338403817294644
SORBS1,0.8647973024814446
SORBS2,0.05892971108908773
SORBS3,-0.11662563460559654
SORCS1,-1.1110111988732891
SORCS2,0.2420068167338172
SORCS3,0.07490118698855908
SORD,-0.2542674928881512
SORL1,0.08002358500930562
SORT1,0.9410180178249927
SOS1,-0.23251632234066744
SOS2,0.20552380280401739
SOST,-0.30964280812081835
SOSTDC1,-0.29829404800177506
SOWAHA,0.4151384798634852
SOWAHB,0.6066494428194849
SOWAHC,1.1319690796463093
SOWAHD,0.10032062589252133
SOX1,0.14056429217972566
SOX10,-0.5812583242027686
SOX11,-0.6625784094416024
SOX12,0.472478392392925
SOX13,0.031919962020833026
SOX14,0.5436994389188707
SOX15,-0.2743039863291612
SOX17,-0.5595359607225001
SOX18,0.900708732195542
SOX2,0.36131457519344234
SOX21,0.7141055214911656
SOX3,1.452729924568096
SOX30,-0.5289552418666962
SOX4,-0.038216293067949714
SOX5,-0.25856096986744603
SOX6,-0.4193314130197763
SOX7,0.43648828699576125
SOX8,2.014532546363766
SOX9,1.365277383948471
SP1,0.13417231182320322
SP100,-0.3876440565339716
SP110,0.43645011102382714
SP140,0.22914662404390196
SP140L,-0.10329173441005501
SP2,0.025171061358025604
SP3,-0.06798508569029416
SP4,0.34364747140004326
SP5,-0.4577193758425495
SP6,-0.23170962419344487
SP7,-0.3349100547590833
SP8,-0.3980392951384076
SP9,-0.30687138883425913
SPA17,0.14578422521976897
SPAAR,0.9846159304218739
SPACA1,0.5066744952666122
SPACA3,0.4651601779342749
SPACA4,-0.5597533199501668
SPACA5,-0.40204893690419974
SPACA5B,0.08094208404075554
SPACA6,-0.40858057554758176
SPACA9,-0.1353809652638147
SPACDR,0.26223483465247877
SPADH,-0.08720741367073281
SPAG1,0.11188728546870752
SPAG16,0.10476931275911028
SPAG17,-0.38611445633910546
SPAG4,-0.22488834430607074
SPAG5,-0.07106681829536132
SPAG6,-1.0898864500552412
SPAG7,0.00552351537253859
SPAG8,0.09395332524695732
SPAG9,0.1967325856822315
SPAM1,-1.2748794503897933
SPANXB1,1.0043618529676592
SPANXC,-0.9436108402111021
SPANXN1,0.13419318163902316
SPANXN2,-0.921803263516979
SPANXN3,-0.5042508505817671
SPANXN4,-1.5092763015114914
SPANXN5,-0.3965227111838483
SPARC,-0.19093337482573514
SPART,0.26606692844943547
SPAST,-0.13500347843791793
SPATA1,-0.1412260707795001
SPATA12,0.5889834831327099
SPATA13,0.2578054829321279
SPATA16,-0.5445821447915857
SPATA17,-0.458388470731137
SPATA18,-0.33496894349922246
SPATA19,-0.9463372929503658
SPATA2,-0.14720243929392662
SPATA20,-0.4989210011337537
SPATA21,-0.5596060105718624
SPATA22,0.72462228706218
SPATA24,-0.06532467141737541
SPATA25,0.6074905361942022
SPATA2L,0.21181309553024175
SPATA3,-0.4931042989901182
SPATA31A5,0.5476156723134649
SPATA31A6,0.40495464597972597
SPATA31C2,-0.24799145336591
SPATA31D1,-0.043949859512866674
SPATA31E1,-1.5748402284414178
SPATA31F1,0.8667354588967372
SPATA31F3,-0.31933635379212255
SPATA31G1,0.6171357225082413
SPATA31H1,0.2794994906699857
SPATA31J1,-0.259339672832962
SPATA32,0.26501065357577447
SPATA33,-0.3658861216173568
SPATA4,-0.07750445339283463
SPATA45,0.31223087226363844
SPATA46,-0.4921571472392701
SPATA6,0.13909964830859023
SPATA6L,-0.21963310776756179
SPATA7,0.11825547204522335
SPATA9,-0.7640541194105719
SPATC1,0.33721351454010295
SPATS1,-0.6763190643195472
SPATS2,-0.3222884285040122
SPATS2L,-0.5052539409979953
SPC24,-0.05000394893652693
SPCS1,-0.1931813360280561
SPCS2,0.04180355331070196
SPCS3,0.24106618572010952
SPDEF,-0.4887977877974898
SPDL1,-0.6391408532652854
SPDYA,1.1277480518264928
SPDYC,0.842112389754923
SPDYE1,0.2724658276882741
SPDYE10,0.19969446549191705
SPDYE18,0.22732010061357188
SPDYE21,-0.13800528182494132
SPDYE3,0.9956327002930091
SPDYE4,0.9372681432506182
SPDYE5,-0.23102304294888643
SPDYE6,-0.5476156723134649
SPECC1,0.39125228519230415
SPECC1L,0.08432784953373229
SPECC1L-ADORA2A,0.08087910667405573
SPEF1,-0.5677979715624071
SPEF2,-0.316928284553577
SPEG,0.06652350910629157
SPEGNB,-0.031768011264114104
SPEM1,0.08845622475043968
SPEM2,0.8488170749458961
SPEM3,-0.4536777519759888
SPEN,-0.34313450068498863
SPESP1,-0.40560612301326593
SPESP1-NOX5,1.2286140740451565
SPG11,-0.10268535048596572
SPG21,0.9830003683247592
SPG7,0.43358845406184887
SPHK1,0.7985145516314632
SPHK2,-0.03680269137644654
SPHKAP,0.4434804277758544
SPI1,0.21692821546383323
SPIB,0.24896875972641452
SPIC,0.6197208767204656
SPICE1,-0.42085023421829604
SPICE1-CFAP44,-0.42059707380161093
SPIDR,1.1417676455672714
SPIN1,1.1740522488349225
SPIN2A,-0.00993949031561736
SPIN2B,-0.05255135273761047
SPIN3,-0.19928656030266056
SPIN4,-0.4251718176757273
SPINDOC,0.5116002177418233
SPINK1,-0.48902602078126534
SPINK13,-0.26910198488100145
SPINK14,0.837599215507715
SPINK2,-0.540196082390143
SPINK4,0.4137580110058383
SPINK5,-0.6641951791399112
SPINK6,1.0374337940243255
SPINK7,0.6383221892997122
SPINK8,0.04569773324578186
SPINK9,-1.0748741479755584
SPINT1,0.28975441807620017
SPINT2,-0.5763296748263556
SPINT3,1.1007465281181248
SPINT4,0.742209534509728
SPIRE1,1.3749178556625374
SPIRE2,-0.27980304802464917
SPMAP1,-0.47995087226192823
SPMAP2,0.21860882263199544
SPMAP2L,-0.35895499872764725
SPMIP1,-8.727742817349338e-08
SPMIP10,0.2960529796043264
SPMIP11,-1.6314715773644857
SPMIP2,-0.01731415220367899
SPMIP3,-0.3060173053831652
SPMIP4,0.08909457278026345
SPMIP5,-0.9996832816788808
SPMIP6,0.95835818285819
SPMIP7,0.16951738051157883
SPMIP8,0.7798242123169928
SPMIP9,0.3411951144028357
SPN,-0.13580208065051957
SPNS1,-0.27822363299912833
SPNS2,0.3434827561307898
SPNS3,-0.4461207707637751
SPO11,0.2748114767024321
SPOCD1,-0.4477401625899411
SPOCK1,-0.28906752472865027
SPOCK2,-0.6020486400316624
SPOCK3,0.02663180949616173
SPON1,-0.6218216845108184
SPON2,-0.5347422539705133
SPOP,0.05274587224855587
SPOPL,0.028631635855544513
SPOUT1,-0.08388095226933245
SPP1,-0.21339801989665808
SPP2,-0.3829469898795088
SPPL2A,-0.10619225457769099
SPPL2B,-0.24594783287512634
SPPL3,0.5934365292267878
SPR,-0.12544961387330922
SPRED1,0.016963378256568795
SPRED2,0.08319461696887132
SPRED3,0.06489363233874457
SPRING1,0.657435519979721
SPRN,-1.1358312666365844
SPRR1A,-1.9878260440105784
SPRR1B,1.1981722799270633
SPRR2A,-0.4017011842795341
SPRR2B,1.564438134091736
SPRR2D,0.6208804066002052
SPRR2E,0.512361576983287
SPRR2F,1.2615140606998916
SPRR2G,1.026426974922165
SPRR3,0.4411518442679391
SPRR4,0.6944445110839584
SPRR5,0.40170698871256794
SPRTN,-0.283289743138357
SPRY1,-0.2576247604780475
SPRY2,-0.04132649770773611
SPRY3,-0.42188114340688987
SPRY4,0.10702692694983607
SPRYD3,0.25533632356675984
SPRYD4,-0.21626911950874028
SPRYD7,-0.08755121642443875
SPSB1,0.6333197573083029
SPSB2,0.9388047123427965
SPSB3,-0.4708523174114898
SPSB4,-0.17185862979303934
SPTA1,0.30749592962717665
SPTAN1,0.8143432905202674
SPTB,0.011775294938898284
SPTBN1,0.7736401853861197
SPTBN2,0.4429344577193195
SPTBN4,0.1134156920823397
SPTBN5,0.0704730274492944
SPTLC1,-0.2843733790198586
SPTLC2,0.28585883707825843
SPTLC3,-0.6666929070924925
SPTSSA,0.8077661054249203
SPTSSB,-0.03391122329840801
SPTY2D1,0.019285589955442717
SPX,-0.0724396680885292
SPZ1,0.5001713006721438
SQLE,0.10238648602054212
SQOR,-0.08084211150212062
SQSTM1,0.6779308788820586
SRA1,-0.05133241935662136
SRARP,-0.08759339749173237
SRBD1,-0.5973410053134134
SRC,-0.05933088407295939
SRCAP,-0.16921976722495558
SRD5A1,-0.16334088119687618
SRD5A2,0.36021992612000125
SRD5A3,-0.0960578877757099
SREBF1,-0.002971575547294769
SREBF2,0.03559067648979397
SREK1,-0.7027587001143344
SREK1IP1,-0.43632711204530317
SRF,0.8689993864837637
SRFBP1,-0.45564764662709045
SRGAP1,0.010173431093479124
SRGAP2,0.3987246331255587
SRGAP2B,-0.03712707328557885
SRGAP2C,0.5079133439512606
SRGAP3,-0.006855791392994526
SRGN,0.47714134635409966
SRI,-0.5656654613003893
SRL,0.2254793617487331
SRM,0.4536314566305988
SRMS,0.06351445908640319
SRP14,-0.19630237664610029
SRP19,-0.5981298842007936
SRP54,-0.1482381801465955
SRP68,-0.08568172647232597
SRP72,-0.33467838871512257
SRP9,-0.15840511275099622
SRPK1,0.04541539499380143
SRPK2,-0.7217681869181887
SRPK3,-0.7759173415566527
SRPRA,0.020972846664718325
SRPRB,0.2955911917649255
SRPX,-0.5562246175861378
SRPX2,-0.4768226309780106
SRR,-0.18109057275687146
SRRD,-0.12942796254474587
SRRM1,-0.5260361865766332
SRRM2,0.12078653235924541
SRRM3,-0.05828225582771562
SRRM4,0.061805535901009345
SRRM5,-0.12892150352452614
SRRT,-0.13156144567588335
SRSF1,-0.3074483551889182
SRSF10,0.021291050892285668
SRSF11,-0.26709753293305294
SRSF12,0.29584668388240754
SRSF2,0.06893434804175591
SRSF3,-0.11200624619977084
SRSF4,0.19542729444029838
SRSF5,-0.2528414684055673
SRSF6,-0.2118841084091212
SRSF7,-0.010117079936510898
SRSF8,0.14392197849822708
SRSF9,-0.2506667069221278
SRXN1,0.28208215704751716
SS18,-0.19922926876080993
SS18L1,1.569698923257378
SS18L2,-0.21512062920972408
SSB,-0.28284367820301193
SSBP2,0.3398477949737062
SSBP3,-0.8269562601330263
SSBP4,0.6944513850206491
SSC4D,0.05066934965273337
SSC5D,-0.3779157878286701
SSH1,0.10978567712872511
SSH2,-0.3487400174757873
SSH3,-0.53818617419166
SSMEM1,-0.5513585729543236
SSNA1,-0.1127618882171113
SSPN,0.3636581403027723
SSR1,-0.3595400401534721
SSR2,-0.4591335215461041
SSR3,0.09287795011685507
SSR4,-0.23567756243511795
SSRP1,-0.47160161372915343
SST,-0.8688454906486471
SSTR1,0.3178535555198264
SSTR2,0.35639556066915334
SSTR3,0.2559889211514026
SSTR4,-0.32631055112326857
SSTR5,0.05489619731303447
SSU72,0.6194382080615286
SSU72L1,0.8440770937707205
SSU72L2,0.049319354111644564
SSU72L3,1.2539917122041921
SSU72L4,0.5476156723134649
SSU72L6,-1.1517505723491768
SSUH2,-0.6038231955406124
SSX1,-1.2958484820397065
SSX2IP,0.531904656727721
SSX3,-0.29282042148456267
SSX5,0.9080067293664776
SSX7,-0.4161256631112862
ST13,-0.11292387527231895
ST14,0.7254628829393965
ST18,1.1598374090458756
ST20-MTHFS,0.012134877708241731
ST3GAL1,0.06899289213439186
ST3GAL2,0.2350562427121483
ST3GAL3,-0.4760816354541828
ST3GAL4,0.06289247020819744
ST3GAL5,0.44307742827080193
ST3GAL6,-0.1319463372410974
ST6GAL1,-0.017683373311028205
ST6GAL2,-0.8373350340862953
ST6GALNAC1,-0.29200979765226975
ST6GALNAC2,-0.11670308716745548
ST6GALNAC3,-0.09840890101493771
ST6GALNAC4,0.2742794346282307
ST6GALNAC5,-0.7310789708430601
ST6GALNAC6,0.06821214881217141
ST7,0.07653337036225061
ST7L,-0.366276228218549
ST8SIA1,-0.4966962540596598
ST8SIA2,0.4164094823759166
ST8SIA3,0.23296266754863182
ST8SIA4,0.05837125409866761
ST8SIA5,0.32331778729387994
ST8SIA6,0.5337287952869381
STAB1,-0.729525185548788
STAB2,0.6028461450269339
STAC,0.2429936792269045
STAC2,0.26617029310075035
STAC3,-0.9870759124577329
STAG1,0.3377203158727813
STAG2,-0.3130553609983462
STAG3,0.18233430289934294
STAM,-0.40586881389436513
STAM2,-0.4649301162318977
STAMBP,-0.0879438690312444
STAMBPL1,-0.3715707405702231
STAP1,0.5867678802776075
STAP2,0.005353989045748797
STAR,-0.04513435971734436
STARD10,-0.15119069455700007
STARD13,-0.2206811131645725
STARD3,0.16141697337282768
STARD3NL,0.3752669041456791
STARD4,0.14146457903066967
STARD5,0.09226853724066952
STARD6,0.02336133358970205
STARD7,0.039101793381716377
STARD8,0.5464086689501175
STARD9,0.46036563810069886
STAT1,-0.1911118329569037
STAT2,0.10389578108717856
STAT3,0.2073732928323686
STAT4,1.6578374707396104
STAT5A,0.5369061607845815
STAT5B,0.4019023405359785
STAT6,0.49212226694302963
STATH,0.15050867899505183
STAU1,0.34697146021317504
STAU2,-0.1853596779931861
STBD1,-0.1296865260066339
STC1,-0.05527582173509282
STC2,-0.3727338926893822
STEAP1,-0.05671744942421286
STEAP1B,-0.5111772144288622
STEAP2,0.38733576044768747
STEAP3,0.496907952676013
STEAP4,0.43214480156788526
STEEP1,-0.6764441755780544
STIL,-0.13211830574069694
STIM1,-0.1552367591102577
STIM2,0.22254070463436637
STIMATE,0.9893461943859507
STIMATE-MUSTN1,0.9918083894395351
STING1,-0.1453449430944973
STIP1,0.20743523230875294
STK10,-0.03604663990634993
STK11,-0.9930210090482756
STK11IP,-0.5811753663935293
STK16,0.20397167273601013
STK17A,0.6214252879190614
STK17B,-0.33514118137811
STK24,0.34912939214575167
STK25,-0.19664363592679912
STK26,0.01197000769126877
STK3,-0.701836220932389
STK31,1.0703066832460753
STK32A,0.226094007965563
STK32B,-0.2562821358883216
STK32C,-0.050484418871329595
STK33,-0.06292094236926449
STK35,-0.11936434482356884
STK36,-0.411485284448863
STK38,-0.2330018398342153
STK38L,0.22049242215115683
STK39,0.1907304225551929
STK4,-0.2012300232707327
STK40,0.11133698081912158
STKLD1,0.4697598814319486
STMN1,-0.17106023669941628
STMN2,0.1257453754941161
STMN3,-0.06477644766594626
STMN4,-0.33686552917890933
STMND1,0.7555975965457407
STMP1,-0.2800285946309602
STN1,-0.08261055761229841
STOM,-0.053602186150835784
STOML1,-0.19675545435208708
STOML2,-0.31019788876492527
STOML3,-0.06639836344952726
STON1,-0.17390026940631886
STON1-GTF2A1L,0.23387131412988382
STON2,0.20254749828922858
STOX1,1.085916478608513
STOX2,0.42905470676295054
STPG1,-0.34558966794884416
STPG2,0.2804776527932736
STPG3,1.195327827320899
STPG4,-0.8372051795418572
STRA6,0.4835587585357887
STRA8,0.32652320497756326
STRADA,0.062237694843275904
STRADB,-0.9980538287869941
STRAP,-0.1817978453197453
STRBP,0.25345611359778975
STRC,-1.9793438412743813
STRIP1,-0.12042919482270165
STRIP2,-0.24595895872159534
STRIT1,-0.5674874010740402
STRN,0.5615383553367304
STRN3,-0.2753163491722832
STRN4,0.23021742042817506
STS,0.6333059114964095
STT3A,0.04392442229814275
STT3B,0.24456024183136638
STUB1,0.3256599928668482
STUM,-0.10432848956457708
STX10,0.3095144857351624
STX11,-0.10512693851633959
STX12,0.26342183618367265
STX16,-0.017438271738249966
STX16-NPEPL1,0.004635066281211131
STX17,-0.2392909194365611
STX18,-0.33049462820400066
STX19,0.5581831384162415
STX1A,0.20660842658685885
STX1B,-0.027763316381074654
STX2,0.3944935018076383
STX3,0.10410797063968791
STX4,-0.47495438578845395
STX5,-0.09627282826186523
STX6,-0.16818553619275622
STX7,0.1156339962316828
STX8,-0.6459091535698
STXBP1,0.2570267367580593
STXBP2,-0.28037546052838813
STXBP3,0.19945253622055237
STXBP4,-0.1902256750368041
STXBP5,0.3506535427516946
STXBP5L,0.06135241967145788
STXBP6,-0.15418054668480252
STYK1,-0.06137541894711562
STYX,-0.05015545142918221
STYXL1,-0.08013033451389706
STYXL2,0.8073722595631126
SUB1,-0.4918582701724148
SUCLA2,0.11268606996602415
SUCLG1,-0.4272967813057513
SUCLG2,0.2249893267245895
SUCNR1,1.4918204660897363
SUCO,-0.09368625021956589
SUDS3,0.24966755951321584
SUFU,-0.1524557857060289
SUGCT,-0.08399312786785895
SUGP1,-0.16083583047981342
SUGP2,0.04751656045053387
SUGT1,-0.04192993964284142
SULF1,0.3905132919824099
SULF2,0.3129546036803454
SULT1A1,-0.037706888560007035
SULT1A2,-1.2438227809936029
SULT1A4,0.45954205854146757
SULT1B1,0.21186890605837472
SULT1C2,-1.3842741158931777
SULT1C3,-1.2539917122041921
SULT1C4,0.7704442942741065
SULT1E1,1.1916813330845404
SULT2A1,0.3643834527114399
SULT2B1,1.3979824559639051
SULT4A1,-0.606722188149347
SULT6B1,-0.5945146107631172
SUMF1,-0.2845148723384683
SUMF2,-0.35837737331105846
SUMO1,-0.32317130637871205
SUMO2,0.8945210302272546
SUMO3,0.9262564713467576
SUMO4,0.5188511010411587
SUN1,0.5002244647489178
SUN2,-0.003929507328260584
SUN3,1.0989852689387134
SUN5,-0.4025296849812756
SUOX,-0.4474422574814021
SUPT16H,-0.3747686328203548
SUPT20H,-0.2514928944074386
SUPT20HL1,0.41004250654971697
SUPT20HL2,2.248248372042804
SUPT3H,0.2034420947796507
SUPT4H1,-0.2864715476599127
SUPT5H,-0.3047817480474748
SUPT6H,-0.4470687411477856
SUPT7L,-0.6571133675947882
SUPV3L1,-0.2664157053736993
SURF1,-0.1308576653973521
SURF2,-0.09824498000214543
SURF4,0.4287463426765763
SURF6,-0.0809575979245718
SUSD1,0.011883969973732533
SUSD2,0.3006523853992429
SUSD3,1.2941571900466808
SUSD4,0.3574969741582201
SUSD5,1.0014930021445405
SUSD6,0.4298458411089303
SUV39H1,-0.24186995358636665
SUV39H2,0.09636735197554724
SUZ12,-0.07594735151969356
SV2A,-0.5431859603007894
SV2B,-0.18976330308341405
SV2C,0.13301409883694104
SVBP,0.05099613709023121
SVEP1,-0.32703214699919736
SVIL,-0.18384967104088368
SVIP,-0.0749326626772584
SVOP,0.19352751606708907
SVOPL,1.2987237508495868
SWAP70,-0.2775338041121307
SWI5,0.23128951815460042
SWSAP1,-0.048190611520634086
SWT1,0.031187413957908916
SYAP1,-0.0819604638697653
SYBU,0.6691934380211105
SYCE1,-0.48950133190038425
SYCE1L,-0.35652395004024384
SYCE2,-0.5444600025319932
SYCE3,-0.10419356337095209
SYCN,0.06754957208770718
SYCP1,-0.21698561417901546
SYCP2,0.2374071936119364
SYCP2L,1.5092763015114914
SYCP3,1.2760988640361974
SYDE1,0.37074478163549707
SYDE2,0.48630145579663875
SYF2,-0.12136181993493445
SYK,-0.4397169487611432
SYMPK,-0.2140760435922564
SYN1,-0.6206964920277067
SYN2,0.586584674841006
SYN3,0.3803859273610535
SYNC,-0.15249947021710164
SYNCRIP,-0.11433540113133844
SYNDIG1,0.3488736724026289
SYNDIG1L,0.33360009809541347
SYNE1,-0.6216425357368819
SYNE2,-0.4552962605632983
SYNE3,0.3391803132986275
SYNE4,0.29907264381955023
SYNGR1,0.004532416594875022
SYNGR2,0.5550001717256685
SYNGR3,-0.2307027404589248
SYNGR4,0.05054357526884967
SYNJ1,0.05729844086499902
SYNJ2,-0.019375509824532955
SYNJ2BP,-0.8660065657719838
SYNJ2BP-COX16,-0.8552433157858399
SYNM,-0.010183427162261172
SYNPO,0.6791390161427451
SYNPO2,-0.9165128036090875
SYNPO2L,1.1343469494643168
SYNPR,1.4338179632392392
SYNRG,0.3283023970714809
SYP,-0.08083677234005782
SYPL1,0.7381204199501719
SYPL2,-0.07318953694200392
SYS1,-0.2928808950541413
SYS1-DBNDD2,0.18120313348113282
SYT1,0.15679164046567928
SYT10,0.04324084375890197
SYT11,0.05228076022092143
SYT12,-0.18162921994510994
SYT13,0.002280348553384659
SYT14,-0.2122287155025125
SYT15,0.9735980370640771
SYT15B,0.8311190390861243
SYT16,-0.5749883218143963
SYT17,-0.0008255770657651373
SYT2,0.02379130248219985
SYT3,-0.15142487691120543
SYT4,0.8192228736471111
SYT5,0.01652041068491883
SYT6,-0.24896043013260655
SYT7,0.5569925408990803
SYT8,-0.2863100968273351
SYT9,-0.08232213530151022
SYTL1,0.2801452516848979
SYTL2,0.8449483596579912
SYTL3,-0.2571244929888499
SYTL4,-0.9213750818006368
SYTL5,0.6574048341678567
SYVN1,-0.09525042457412702
SZRD1,0.20397338077087745
SZT2,-0.3869889885004021
TAAR1,0.4139602405503964
TAAR2,0.4178655068564573
TAAR5,-0.41468902863588936
TAAR6,0.34185738048676284
TAAR8,-0.5773169652049162
TAAR9,-0.1590563649636597
TAB1,0.25068565289459155
TAB2,0.7620773385779548
TAB3,-0.7303948318579082
TAC1,1.4782958887006878
TAC3,-0.4421019429752029
TAC4,-0.027277307632799896
TACC1,-0.5849036218276291
TACC2,0.2080226346596228
TACC3,0.9803221523973411
TACO1,-0.7153353943943106
TACR1,-0.19896436546510854
TACR2,0.3071601073860039
TACR3,-0.6622535751817091
TACSTD2,-0.27750233389856555
TADA1,0.16120574303319568
TADA2A,-0.07132426580267515
TADA2B,-0.519098584232498
TADA3,-0.08758296472161486
TAF1,-0.2131565574619545
TAF10,0.39034438277836614
TAF11,-0.039858324505618103
TAF11L11,-1.5944518396671417
TAF11L12,-0.09632971602454665
TAF11L13,-0.17251759293277624
TAF11L14,0.361815056917032
TAF11L2,-1.1225093501457724
TAF12,-0.3274455576462154
TAF13,-0.3485390157902315
TAF1A,-0.4978606207310001
TAF1B,-0.2597560813252979
TAF1C,-0.1986175959700187
TAF1D,-0.2608185477982463
TAF1L,0.5317921876764528
TAF2,-0.4459190802921551
TAF3,-0.06743951969219175
TAF4,0.3926779083893739
TAF4B,0.1924772939735302
TAF5,-0.1366635427782228
TAF5L,0.1517424645258858
TAF6,-0.3056900177064321
TAF6L,-0.020874831013530937
TAF7,-0.1377898450797561
TAF7L,-2.148496792043807
TAF8,-0.5184430842385419
TAF9B,-0.31932411163066865
TAFA1,-0.8967834267954617
TAFA2,-1.3903848880400573
TAFA3,-0.08091216467553997
TAFA4,1.0340782213055264
TAFA5,0.6545904770922764
TAFAZZIN,-0.5773720914106955
TAGAP,0.6239658558379703
TAGLN,-0.025100551244281677
TAGLN2,0.21458490943522435
TAGLN3,-0.14771342285120298
TAL1,-0.3864750243646933
TAL2,0.46083169275633784
TALDO1,0.19069609564536094
TAMALIN,0.6482920734158228
TAMM41,-0.5476156723134649
TANC1,-0.16785116270793932
TANC2,0.20156391815957253
TANGO2,0.7202779181474899
TANGO6,0.07734969945746606
TANK,-0.27120201445708025
TAOK1,-0.029152944091863198
TAOK2,-0.1856547160325075
TAOK3,-0.0556523327586822
TAPBPL,-0.3427068927282644
TAPT1,0.9921583512837622
TARBP1,1.0526463004699265
TARBP2,-0.06144589859031235
TARDBP,-0.4246389771755332
TARS1,-0.10383573032289206
TARS2,0.0263512469238254
TARS3,0.15648989830076498
TAS1R1,-0.07000024733496524
TAS1R2,-0.3208691340917039
TAS1R3,-0.13086127620141452
TAS2R1,-0.9325155335748654
TAS2R16,-0.654637364977128
TAS2R3,-0.4005932421972611
TAS2R38,0.8441040007725469
TAS2R39,-1.3282114938716671
TAS2R4,0.32112326717713613
TAS2R40,-0.145816723705529
TAS2R41,-0.00846666986800132
TAS2R5,-0.13263443899027538
TAS2R60,0.3028626553226941
TAS2R7,-0.1687360886418734
TASL,0.45200745199813386
TASOR,-0.15297067995803104
TASOR2,-0.14269450264298644
TASP1,-0.06384394068429522
TAT,0.7508598610080834
TATDN1,-0.708532864967836
TATDN2,0.48724716932054335
TATDN3,-0.3578384155162322
TAX1BP1,-0.0040720739750224055
TAX1BP3,0.1661157238944435
TBATA,0.22185645508740803
TBC1D1,-0.025626596250215794
TBC1D10A,0.06518298154714941
TBC1D10B,0.24658042831874294
TBC1D10C,0.3915871871493737
TBC1D12,-1.0243354805832363
TBC1D13,-0.1480628859491695
TBC1D14,0.31039277701462087
TBC1D15,-0.08471450420196991
TBC1D16,0.00863359952267384
TBC1D17,-0.03439095394726355
TBC1D19,-0.03925819641851758
TBC1D2,-0.38743405814125165
TBC1D20,1.2858774761090528
TBC1D21,-0.2817337870979122
TBC1D22A,-0.40715196497379935
TBC1D22B,-0.22141362786087004
TBC1D23,-0.36024372359297807
TBC1D24,0.0058894714054194
TBC1D25,-0.06956231756152675
TBC1D26,-0.9436108402111021
TBC1D28,1.6976691854755246
TBC1D2B,0.09517791502300055
TBC1D30,0.02071283157840842
TBC1D31,-0.30753979147605737
TBC1D32,-0.23989632029944197
TBC1D3K,0.7591592236581697
TBC1D4,-0.1949908642951952
TBC1D5,0.7873090817499708
TBC1D7,-0.23032107506013055
TBC1D8,-0.29629777408811275
TBC1D8B,-0.48158276392604815
TBC1D9,0.27606221231083694
TBC1D9B,0.2579729322060196
TBCA,-0.5219559402559675
TBCB,-0.31907731265223216
TBCC,0.22327112433629193
TBCCD1,0.0018741139203584112
TBCD,0.2550095755332693
TBCE,-0.351063642308004
TBCEL,-0.31167371192862703
TBCEL-TECTA,-0.3129260823189375
TBCK,-0.317063328795979
TBK1,0.029773994581018925
TBKBP1,-0.2869484306948915
TBL1X,-0.18908799896025208
TBL1XR1,-0.26437549660667437
TBL2,-0.004275263629203607
TBL3,-0.012493273029194008
TBP,-0.17184527654017234
TBPL1,-0.174809757999137
TBPL2,0.23699061141922081
TBR1,-0.6366378503383805
TBRG1,-0.20655718082871566
TBRG4,-0.29856490760513843
TBX1,0.00021442135095384174
TBX10,-0.24302959079137132
TBX15,0.27046580504991735
TBX18,0.8297582662378079
TBX19,0.13466668798217385
TBX2,0.22223903711300574
TBX20,-0.415409828327164
TBX21,-0.40019710450504054
TBX3,0.03598217405500703
TBX4,0.1044498283302091
TBX5,0.2717011340211444
TBX6,-0.0612354850711343
TBXA2R,0.07930139594647057
TBXAS1,-0.38682539422101403
TBXT,0.6034821358109019
TC2N,-0.41558237471410564
TCAF1,-0.1504057924576081
TCAF2,0.3190506777761468
TCAF2C,-0.5476156723134649
TCAIM,0.04917466260152459
TCAP,0.036286091478993754
TCEA1,0.12443928019304007
TCEA2,0.8583803110749457
TCEA3,0.3357633028675114
TCEAL1,-0.7642384926726351
TCEAL2,-0.8767815204220981
TCEAL3,0.298101118066042
TCEAL4,0.31227284673519695
TCEAL5,-0.08240324141692419
TCEAL6,0.8996609806982354
TCEAL7,1.5092763015114914
TCEAL8,-0.5041147024516075
TCEAL9,-0.26863035268489943
TCEANC,-0.1067228579698769
TCEANC2,-0.028623905760678525
TCERG1,0.08707482713332837
TCERG1L,-0.16066406438255032
TCF12,0.18775569031163375
TCF15,-1.0971534319401255
TCF19,0.0
TCF20,-0.11150371062512576
TCF21,-0.3561438168005822
TCF23,0.2981333462628598
TCF24,-0.4653943687290929
TCF25,0.0831784232858439
TCF3,0.10270399165355037
TCF4,-0.5014865528405196
TCF7,0.22351615237071387
TCF7L1,0.40774178679258255
TCF7L2,-0.0979427162116897
TCFL5,0.2683336312045945
TCHH,0.2647016239183443
TCHHL1,0.22067428924600788
TCHP,-0.5009087142541606
TCIM,0.35414920345343426
TCIRG1,0.28187215351018646
TCL1A,0.599569480797284
TCL1B,-0.13732799769311443
TCN1,0.6596402905000849
TCN2,-0.6737548083463771
TCOF1,-0.35489106345975774
TCP1,-0.17124436466467508
TCP10L,-0.850872468343266
TCP11,0.753591611506698
TCP11L1,-0.3557097113904364
TCP11L2,-0.28971799979374957
TCP11X2,-0.5476156723134649
TCTA,0.3687714046208379
TCTE1,-0.3748539138194493
TCTN1,0.12901829108834395
TCTN2,0.17048730567061998
TCTN3,0.0963344735999252
TDG,0.046889305616340415
TDP1,-0.11178179256536858
TDP2,0.0893831925754629
TDRD1,0.1500294771221634
TDRD10,0.11039912257802686
TDRD12,0.5423019324947415
TDRD15,0.5970939963272147
TDRD3,-0.049422317254043335
TDRD5,0.43006551129445464
TDRD6,0.5476804073353034
TDRD7,0.42308920656548477
TDRD9,-0.7162369110477429
TDRKH,0.08642651628280174
TDRP,1.7156418667760902
TEAD1,1.2561296320785083
TEAD2,-0.26440463742021425
TEAD3,0.5796118613416046
TEAD4,0.162716199959422
TEC,-0.1781523227346633
TECPR1,0.041069422001184464
TECPR2,-0.0033039830279468774
TECR,1.380683177514904
TECRL,2.2127674715218184
TECTA,0.6182311963716485
TECTB,-0.5415081758212061
TEDC1,0.7265061543192166
TEDC2,0.10785002620240292
TEDDM1,-0.651693816610465
TEF,0.5576743286874515
TEFM,-0.38180901597789374
TEK,0.4610970368548535
TEKT1,-0.1722439364268186
TEKT2,0.1084988858651379
TEKT3,0.2130842293210301
TEKT4,0.19516534434557586
TEKT5,0.7823579526795257
TEKTIP1,-0.42140645061708315
TEKTL1,0.6585672020329473
TELO2,-0.5860238171571033
TEN1,-0.1433973766252823
TEN1-CDK3,-0.14330430451548803
TENM1,-0.34834642587978815
TENM2,0.05132245791585677
TENM3,0.7354811615804524
TENM4,-1.4700218998810106
TENT2,0.18340093512783984
TENT4A,0.6945779520779691
TENT4B,0.006735286047634403
TENT5A,-0.1280895498611545
TENT5B,0.43584811204318524
TENT5C,0.3307008649271195
TENT5D,1.1377243951046259
TEP1,-0.47651922843084105
TEPSIN,0.17489934892503545
TERB1,0.054492213820749535
TERB2,-2.380973768151812
TERF1,0.0025388870493872062
TERF2,-0.7774113608148673
TERF2IP,0.23610502246105458
TERT,0.4815876082076618
TES,0.7512984334625811
TESC,0.23424049796414703
TESK1,0.19604826097782269
TESK2,0.12801310635691188
TESMIN,0.08352510067000374
TESPA1,-0.2899976505191919
TET1,-0.31454228079679947
TET2,0.27797291677928637
TET3,0.4271160161109213
TEX10,-0.3919033523433013
TEX101,-0.7340245892387145
TEX11,-0.5529538223727084
TEX12,2.0515897879384526
TEX13A,0.7665173936529639
TEX13B,-0.2657389781645447
TEX13C,1.1937768302174347
TEX13D,-0.25523331673743455
TEX14,-0.11754198402909743
TEX15,-0.05725627627770846
TEX19,-0.6558886144065332
TEX2,-0.036853079672244604
TEX22,0.3190168553419035
TEX26,0.13868488837343876
TEX261,0.3179724912315587
TEX264,-1.5884015830890108
TEX28,-1.1545243292299137
TEX29,0.2559568100086236
TEX30,-0.28846183068831355
TEX35,0.0
TEX36,0.37455270952894193
TEX38,0.8706734712897997
TEX44,0.2066085761866996
TEX46,0.11841827667327998
TEX47,0.4346668097134402
TEX48,-0.380565407269037
TEX50,0.28208830907340676
TEX51,-0.30510046400062296
TEX52,-0.12471934720720479
TEX53,-0.05470572619193881
TEX54,-0.1460000827600858
TEX55,0.25401679411086575
TEX9,0.10543093339477183
TF,0.933250197174449
TFAM,-0.0335575924352538
TFAP2A,-0.04863271134369529
TFAP2B,0.26626607470000385
TFAP2C,-0.20890760707497957
TFAP2D,-0.4291540885118088
TFAP2E,0.2873050853045541
TFAP4,0.2803555014884065
TFB1M,-0.04531616959972773
TFB2M,0.0325347037301249
TFCP2,0.22690867032587003
TFCP2L1,-0.08109386628244065
TFDP1,0.45025804212526754
TFDP2,0.11106035796953684
TFDP3,-0.004830623842449477
TFE3,0.1408512743539463
TFEB,0.04191556289827503
TFEC,-0.8675745344635677
TFF1,1.137112462559336
TFF2,0.0019146304877324383
TFF3,-0.40797279237901996
TFG,-0.0730558748059984
TFIP11,-0.5739042534337369
TFPI,0.7063760398907273
TFPI2,-0.2692436907353106
TFR2,-0.07496869371787285
TFRC,0.129119161375419
TG,-0.6700421202877422
TGDS,-0.47940166031930254
TGFA,-0.12873469721367448
TGFB1,0.2428366189254021
TGFB1I1,-0.8755581220384219
TGFB2,-0.33310990671859164
TGFB3,-0.3997800070152948
TGFBI,0.5226826878462437
TGFBR1,0.7422549325464076
TGFBR2,-0.09450654812127013
TGFBR3,-1.3914761650307614
TGFBR3L,-0.06720325261142457
TGFBRAP1,0.09478662674449367
TGIF1,0.10208642236272805
TGIF2,0.5252624232462715
TGIF2-RAB5IF,0.11045123697219061
TGIF2LX,-0.7040066808242527
TGM1,-0.39179179561280886
TGM2,0.1203677726070036
TGM3,-0.4840202369296376
TGM4,0.6166490944777484
TGM5,-1.5145123957412367
TGM6,-0.32310022703180064
TGM7,0.5740885750243957
TGOLN2,-0.2083118509679034
TGS1,-0.04738678279489683
TH,-0.39265803694873086
THADA,-0.5467576282915774
THAP1,0.13961023369227554
THAP10,0.555139496386319
THAP11,0.1971954878903599
THAP12,0.30172939064877546
THAP2,-0.03540400883503736
THAP3,0.6275779702780824
THAP4,0.47810902361805185
THAP5,-0.03867007942561784
THAP6,-0.20887955087258625
THAP7,-0.07315267417769089
THAP8,5.8001914545080524e-05
THAP9,-0.06170038595633898
THBD,0.38634897041389427
THBS1,-0.1511993186350673
THBS2,0.846128351748767
THBS3,-0.3281854061782674
THBS4,-0.49611260031013993
THEM4,0.2695480904288698
THEM5,0.07016832247771299
THEM6,0.7074019584237519
THEMIS2,-0.22166700321955024
THG1L,-0.11299754277126395
THNSL1,-0.07060598003636454
THNSL2,-0.4615663034709343
THOC1,-0.44018395811900746
THOC2,-0.6233477096015787
THOC3,0.2744076152405568
THOC5,-0.6208533606402205
THOC6,0.09942845532549427
THOC7,-0.03616841574393792
THOP1,0.32101156940593345
THPO,0.79068193332783
THRA,0.17441908980375614
THRAP3,-0.20240530323837724
THRB,0.26240533763311474
THRSP,-0.6142173260261626
THSD1,-0.22846355880756924
THSD4,0.5045664867638044
THSD7A,-0.582604361767951
THSD7B,-0.3601054912719839
THSD8,-0.06761348829884106
THTPA,0.19333480680957482
THUMPD1,-0.33439257514163323
THUMPD2,-0.3793746636119204
THUMPD3,-0.008495440702067647
THY1,0.3679662233401484
THYN1,0.25262382364643265
TIA1,-0.10816658197971929
TIAL1,-0.04352800651743749
TIAM1,0.44534378384199247
TIAM2,-1.9149121554551516
TICAM1,0.13702450722360915
TICAM2,-0.8933436891218937
TICRR,-0.323302072263691
TIE1,0.32381643130188026
TIFA,0.01380076692426524
TIFAB,-0.039211523589980875
TIGAR,0.4484179578072321
TIGD1,-0.08930711938706182
TIGD2,-0.20559946769045556
TIGD3,0.64077451706118
TIGD4,0.05806951985990061
TIGD6,0.02292892896822618
TIGD7,-0.0275270154615348
TIGIT,1.211430156436798
TIMD4,-0.37315654832760986
TIMELESS,-0.21621724648036
TIMM10,-0.12152980216121012
TIMM10B,0.013859186327502826
TIMM13,-0.2853743107198765
TIMM17A,-0.04652571990869436
TIMM17B,-0.2068544669523904
TIMM21,0.0769948144924193
TIMM22,-0.428947428084121
TIMM23,-0.218217429710597
TIMM23B,-0.11551996614190019
TIMM23B-AGAP6,-0.11624429310268036
TIMM29,-0.41916087740264363
TIMM44,0.06088965027439475
TIMM50,-0.2328737065152655
TIMM8A,-0.3162394011977332
TIMM8B,-0.3976865150071074
TIMM9,-0.1511367524076066
TIMMDC1,0.005993935954077045
TIMP1,0.6037129812379942
TIMP2,0.7749976256314111
TIMP3,0.7274872317265673
TIMP4,0.5869654200085874
TINAG,0.5079804275566432
TINAGL1,1.209853179377447
TINCR,-0.05006642369231207
TINF2,-0.1853247507678546
TIPARP,-0.2441203169571904
TIPIN,-0.1302846361324157
TIPRL,-0.22874632250822113
TIRAP,0.4329921014245368
TJAP1,-0.17000279865330636
TJP2,0.007771257465205128
TJP3,-0.11394488047428109
TK1,-0.008766420555222254
TK2,-0.14246296831463834
TKFC,-0.3196109834861778
TKT,0.2798784582761744
TKTL1,-1.2309144122316518
TKTL2,0.45994139175483784
TLCD1,-0.018227597822622066
TLCD3A,0.6089129986580541
TLCD3B,-0.2978714193638652
TLCD4,-0.41197617634625505
TLCD4-RWDD3,-0.3948311377698963
TLCD5,-0.42645701239932876
TLDC2,1.3872472580741728
TLE1,0.11522240704007825
TLE2,-0.08288791379102223
TLE3,-0.130094913275415
TLE4,0.2588614922560577
TLE5,-0.33851043639341993
TLE6,0.11672590999529397
TLE7,-0.1343634647245906
TLK1,-0.5735186937680659
TLK2,2.1463216057885735
TLL1,-0.011719443558739773
TLL2,0.007046446396684836
TLN1,0.1073152427502766
TLN2,0.0778486478163356
TLNRD1,0.03536040355366854
TLR1,-0.019000010492101094
TLR10,0.01150207414035087
TLR2,0.2953781401950588
TLR3,-0.7875879313751375
TLR4,0.5040127660865987
TLR5,0.06909022128726772
TLR6,-0.018999954825394738
TLR7,-0.5921814363817706
TLR8,-0.031066058597077006
TLR9,-0.2143595949421062
TLX1,0.10565343092978119
TLX2,-0.014681273117735927
TLX3,-0.4427499520016691
TM2D1,0.06540283739672947
TM2D2,0.11110428340049783
TM2D3,-0.07361231415427927
TM4SF1,-0.5622450547510809
TM4SF18,1.6759728021826863
TM4SF19,-0.36899516472885097
TM4SF19-DYNLT2B,-0.3705772005451693
TM4SF20,0.18376614638220445
TM4SF4,-0.03858967303104355
TM4SF5,0.10020387144033593
TM6SF1,0.18403487635180094
TM6SF2,0.5610316461596345
TM7SF2,-0.13272813387650384
TM7SF3,-0.0807685784663974
TM9SF1,-0.13031572822177395
TM9SF2,1.043035789970122
TM9SF3,0.9350736352515359
TM9SF4,-0.294657823149965
TMA16,-0.09306137410361703
TMA7,-0.10537027589558434
TMA7B,-0.4183467478856886
TMBIM1,-0.4092865855963401
TMBIM4,0.07170120089447707
TMBIM6,0.28312952327541296
TMC1,0.11242281437459378
TMC2,-0.04713449900688704
TMC3,0.7969435245688506
TMC5,-0.25528496086157193
TMC6,0.017015279204774636
TMC7,-0.5724942827127815
TMC8,-0.07877137542328683
TMCC1,0.14693012288640617
TMCC2,0.39959609917403416
TMCC3,0.541711716538233
TMCO1,0.13430945230733737
TMCO2,0.08393302693987414
TMCO3,0.6992483513112702
TMCO4,-0.13361110056775893
TMCO5A,0.22896973796873404
TMCO6,-0.2210095323471739
TMDD1,0.9131023734253452
TMED1,-0.265715243744034
TMED10,-0.23062194075069886
TMED2,-0.3499934902013129
TMED3,-0.016494302186425003
TMED4,0.08333820157161309
TMED5,-0.14907865265445874
TMED6,-0.1068925904894169
TMED7,1.1510814461475287
TMED7-TICAM2,0.02944239127671011
TMED8,-0.060087480041213226
TMED9,0.07258104413801902
TMEFF1,-0.10507769760866603
TMEFF2,0.43685466570551235
TMEM100,0.20543312721319157
TMEM101,0.4262937052439199
TMEM102,-0.3150159600623157
TMEM104,0.0854153406247482
TMEM106A,-0.2901502153110984
TMEM106B,0.01169225493891446
TMEM106C,0.07934939553218712
TMEM107,-0.10926025940040862
TMEM108,-1.5112875702044004
TMEM109,-0.4127875346729031
TMEM11,0.15454089194154186
TMEM114,-0.09186123791599754
TMEM115,0.0012602062941908798
TMEM116,-0.23490878115083724
TMEM117,0.24979225084006496
TMEM119,-0.6678880979728564
TMEM120A,0.3249161670571805
TMEM120B,0.32769213147637455
TMEM121,0.521624351479804
TMEM121B,0.3541600469015531
TMEM123,-0.6093423834627316
TMEM125,0.16912861141843394
TMEM126A,-0.13741815248902256
TMEM126B,0.21127316715087385
TMEM127,0.07162302056292358
TMEM128,-0.4346007054443235
TMEM129,0.22422825800668722
TMEM130,-0.06423206458701003
TMEM131,0.5651444720389298
TMEM131L,-0.06443276747612625
TMEM132A,0.14532981461924876
TMEM132B,0.5230578645159589
TMEM132C,-0.9995385198746731
TMEM132D,-0.4368599154124334
TMEM132E,-0.41032218552481003
TMEM134,0.20381145190111294
TMEM135,0.2389469765329757
TMEM138,0.028636161873952126
TMEM139,-0.5386768801680066
TMEM140,0.5712969790351685
TMEM141,0.15489727813596854
TMEM143,0.0932019807014699
TMEM144,-0.10802744158459401
TMEM145,0.1948496576217269
TMEM147,-0.29162898883982713
TMEM14A,-0.09914988846735318
TMEM14B,0.10516634287014526
TMEM14C,-0.27039927138070885
TMEM150A,0.012273706883151103
TMEM150B,0.29752815238483377
TMEM150C,1.4155744106273598
TMEM151A,0.715756828650788
TMEM151B,0.02491126067136884
TMEM154,-0.02852029148295321
TMEM156,0.2973606084240519
TMEM158,1.1196730339449683
TMEM160,0.0880603066833281
TMEM161A,-0.18823560441606624
TMEM161B,0.22287807711681484
TMEM163,1.573434249009506
TMEM164,0.07072656677941547
TMEM165,-0.18928433947264622
TMEM167A,-0.17895224800444876
TMEM167B,-0.21532118943602097
TMEM168,-0.4723680609500587
TMEM169,-0.3882531210572209
TMEM17,-0.3009983170247039
TMEM170A,0.2752132093668589
TMEM170B,0.3101076454874736
TMEM171,1.014262764122536
TMEM174,0.8916608298675104
TMEM175,-0.04492225801502059
TMEM176A,1.381868399513013
TMEM176B,0.3178739775033096
TMEM177,-0.18462705733547402
TMEM178A,-0.744306775802531
TMEM178B,-0.17636943737083177
TMEM179B,0.32676514678473545
TMEM18,0.0
TMEM181,-0.3150054657017165
TMEM182,0.25825871098157815
TMEM183A,-0.2340483648547771
TMEM184A,-0.31380749812861086
TMEM184B,0.02263673432066815
TMEM184C,-0.35007067736335173
TMEM185A,-0.023879738118878002
TMEM185B,-0.11126454590101797
TMEM186,-0.23409937839085249
TMEM187,0.3787541579832423
TMEM19,-0.29232146970914386
TMEM190,0.05121756825750112
TMEM191B,-0.08429613491085197
TMEM191C,-0.1300693793020069
TMEM192,0.855576539335791
TMEM196,-0.9079611807225523
TMEM198,0.2714556414312641
TMEM199,0.22185195239668154
TMEM200A,-0.15808436598577424
TMEM200B,0.11887144913416492
TMEM200C,-1.5265651950250567
TMEM201,0.8021178798732453
TMEM202,-0.625624402498329
TMEM203,0.2746684886359967
TMEM204,-0.34072219250521374
TMEM205,0.04057207409368946
TMEM207,0.0022899017361990293
TMEM208,-0.1434234049190133
TMEM209,-1.35160453745975
TMEM210,-0.5688417675420563
TMEM212,-0.09206852686483635
TMEM213,0.20751004999059308
TMEM214,-0.06509046083920289
TMEM215,0.672369916874883
TMEM216,0.3579287840782548
TMEM217,-0.2002222482293714
TMEM217B,-0.20037735771560428
TMEM218,0.04553529136815815
TMEM219,0.3824300685144377
TMEM220,1.1267586170327983
TMEM221,0.2653632961595266
TMEM222,0.1233412254867412
TMEM223,-0.2658863149521675
TMEM225,1.1537636286519768
TMEM225B,-0.534843217139159
TMEM229A,-1.771727260689585
TMEM229B,0.5812924953100573
TMEM230,-0.1600603839207988
TMEM231,0.03749697277114361
TMEM232,-0.30103975344092326
TMEM233,0.5047736653015055
TMEM234,-0.2756160104270746
TMEM235,-0.017197555492065586
TMEM236,-0.4662453741224457
TMEM237,-0.2179568387710784
TMEM238,0.14860427166237056
TMEM238L,0.13610571543055971
TMEM239,0.14982348538527157
TMEM240,0.0023088170764251625
TMEM241,-0.7039154569090704
TMEM242,-0.15805895021133853
TMEM243,-0.22379951955713207
TMEM244,0.2070443044418147
TMEM245,0.8073077954267491
TMEM247,0.6909245906114637
TMEM248,-0.38256193127812743
TMEM249,0.2368095287399956
TMEM25,0.2889341123871976
TMEM250,0.7327388642924042
TMEM252,-0.6043283153798067
TMEM253,0.13296375393952187
TMEM254,-0.33703016624520643
TMEM255A,-0.2321126197495651
TMEM256,-0.06230473933505287
TMEM256-PLSCR3,-0.062175727724564034
TMEM258,-0.23172379489416528
TMEM259,0.0121818480717657
TMEM26,0.04652368755962
TMEM260,0.4636193382167917
TMEM262,-0.42931933941624045
TMEM263,0.11291357258029677
TMEM265,-0.8327034532924147
TMEM266,0.23577629551893908
TMEM267,-0.016146083484074758
TMEM268,0.22423202406333953
TMEM269,-0.4783184917152269
TMEM270,-0.5745556508831039
TMEM271,1.1082913835874137
TMEM272,-0.558052864543372
TMEM273,-0.09869156746911478
TMEM275,-0.24689555294140664
TMEM276,0.454542932533208
TMEM276-ZFTRAF1,0.3772638576197771
TMEM30A,0.08771516121050826
TMEM30B,1.2432164173336426
TMEM31,0.35706246539304964
TMEM33,-0.41583257989419664
TMEM35A,0.11169643572033983
TMEM35B,0.0716218530871604
TMEM37,0.38082722465552216
TMEM38A,0.025449349723693615
TMEM38B,-0.05082169548021298
TMEM39A,-0.26628764302106234
TMEM39B,0.14383152263425636
TMEM40,-0.791775583883465
TMEM41A,-0.10670314357534583
TMEM41B,0.12224899617701368
TMEM42,-0.10120543834301188
TMEM43,0.12865180291580725
TMEM44,0.30714794901107734
TMEM45A,-0.8189798193236508
TMEM45B,0.20656876115457523
TMEM47,-0.8074736548480286
TMEM50A,-0.0870984011296656
TMEM51,-0.35899457861396655
TMEM52,0.42667635370612267
TMEM52B,-1.2500596850974133
TMEM53,0.05673377865362994
TMEM54,0.6694291871552855
TMEM59,-0.030440013411507927
TMEM59L,-0.625636497570142
TMEM60,0.07867904329086528
TMEM61,0.07760347351077357
TMEM62,-0.20736051472528994
TMEM63A,-0.17876523911326547
TMEM63B,-0.41963757007125535
TMEM63C,-1.6655372854869939
TMEM64,0.49677544956104314
TMEM65,0.178165065568491
TMEM67,0.1275891954605486
TMEM68,-0.0456237904419412
TMEM69,-0.13186991849322904
TMEM70,0.15818474027004648
TMEM71,0.0038537311089434922
TMEM72,-0.15583137425174187
TMEM74,0.23849305172350643
TMEM74B,-0.2195629725403916
TMEM79,0.05871711434853655
TMEM80,-0.03977383394140066
TMEM81,0.8258773882962636
TMEM82,-0.4309266348370835
TMEM86A,0.042734269449737405
TMEM86B,-0.6168075045293047
TMEM87A,-0.11469905099127065
TMEM87B,0.4391462234424717
TMEM88,-0.12799893313585953
TMEM88B,-0.37524650250154323
TMEM89,0.00640542297815061
TMEM8B,-0.17786068944572708
TMEM9,-0.5661873647759825
TMEM91,-0.6105937336438761
TMEM92,-0.49584782932085036
TMEM94,-0.04983752238534023
TMEM95,-0.008662481280341527
TMEM97,-0.1620556688164223
TMEM98,0.5331387820297815
TMEM9B,0.048380896947893604
TMF1,-0.05502750206302043
TMIE,-0.19300144617612203
TMIGD1,-0.2000931733859489
TMIGD2,0.3101051981821521
TMIGD3,-0.17235327038495352
TMOD1,-0.2864693086204215
TMOD2,0.5494611755245864
TMOD3,-0.20528897534355028
TMOD4,-0.6296564356867562
TMPO,-0.004338003905266952
TMPPE,-0.07250201323415695
TMPRSS11A,1.0026128234643665
TMPRSS11B,0.255283702354524
TMPRSS11D,0.0036802317715893818
TMPRSS11F,-2.3856882254745826
TMPRSS12,0.6744394968228338
TMPRSS13,-0.46819124568503456
TMPRSS15,-1.2048868265527393
TMPRSS2,-0.06896400723371748
TMPRSS3,-0.7872591606994829
TMPRSS4,0.38991877927272
TMPRSS5,-0.13836280564472941
TMPRSS6,0.1877563714909729
TMPRSS7,-0.2287114840521474
TMPRSS9,-0.39505720633007435
TMSB10,0.687571959377709
TMSB15A,1.3828620270383216
TMSB15B,-0.2556064466141432
TMSB4X,-0.3885964016660637
TMT1A,-0.6046526337603239
TMT1B,-0.21439454495573562
TMTC1,0.0
TMTC2,0.07161018086039928
TMTC3,-0.026245402875905377
TMTC4,0.4010733244578626
TMUB1,-0.05367055588912617
TMUB2,-0.04114908414306662
TMX1,0.033756646423609205
TMX2,0.02785650886905522
TMX3,-0.11103726692284077
TMX4,-0.10683199693165246
TNC,-0.25748952598867386
TNFAIP1,0.1727020410476774
TNFAIP2,-0.04197966473295223
TNFAIP3,-0.07389450003922349
TNFAIP6,0.3080447707218388
TNFAIP8,-0.2444409055057024
TNFAIP8L1,0.4694265348746698
TNFAIP8L2,-0.3235255339203018
TNFAIP8L3,-0.2962062307752697
TNFRSF10A,0.01643276515105141
TNFRSF10B,-0.2310033978125059
TNFRSF10C,0.07124795053773259
TNFRSF10D,-0.3889742895508683
TNFRSF11A,0.14978675994705437
TNFRSF11B,-0.33079040375521274
TNFRSF12A,-0.008772996306255942
TNFRSF13B,-1.2634839513394664
TNFRSF13C,-0.19300825247898068
TNFRSF17,-0.5616630185972175
TNFRSF18,-0.03387263252475092
TNFRSF19,-0.24463872160289202
TNFRSF1A,-0.07084894816858878
TNFRSF1B,0.05447746104474499
TNFRSF21,-0.14337957663123913
TNFRSF25,0.03831981533091877
TNFRSF4,-0.2592851758966108
TNFRSF6B,-0.38457923283144035
TNFRSF8,-0.29361368547362154
TNFRSF9,-0.4240126498275257
TNFSF10,-0.667995820252469
TNFSF11,-0.9130802759702947
TNFSF12,-0.45227172134729576
TNFSF12-TNFSF13,-0.45331756006871915
TNFSF13,-0.18033715913921466
TNFSF13B,-0.9364048351410965
TNFSF14,0.06432994321933827
TNFSF15,0.031705746104762955
TNFSF18,-0.015160582514933463
TNFSF4,0.21738398546379845
TNFSF8,-0.5779785568149962
TNFSF9,0.14617534010647582
TNIK,-0.2174236009348105
TNIP1,-0.3128032146361952
TNIP2,0.03596576243456795
TNIP3,-0.17085022339624967
TNK1,-0.4742158563825072
TNK2,-0.6329442859733782
TNKS,0.2382591739326987
TNKS1BP1,0.23905827523951384
TNKS2,0.49785408941212417
TNMD,0.5361182424148307
TNN,-0.442658092157929
TNNC1,-0.1950701552566163
TNNC2,-0.38099880740105263
TNNI1,0.16610155872927831
TNNI2,-0.15930302712187783
TNNI3,-0.549759657644781
TNNI3K,-2.68360771655999
TNNT1,0.18427121446346661
TNNT2,0.05489257360522437
TNNT3,1.034473738071913
TNP1,0.4419364590327449
TNP2,-1.161726798083116
TNPO1,-0.07186473404104543
TNPO2,-0.8248771014285436
TNPO3,-0.07918423930939866
TNR,-0.13941900753665415
TNRC18,0.01136298871757635
TNRC6A,0.8799326182811873
TNRC6B,0.030705154671885282
TNRC6C,0.6983737660043676
TNS1,-0.14696258493942116
TNS2,0.11737738830929789
TNS3,-1.0607008255901835
TNS4,-0.5149660497107568
TOB1,-0.4162663220496716
TOB2,0.06233775498084615
TOE1,-0.29802147103371635
TOGARAM1,-0.09179765897064307
TOGARAM2,-0.4812970867973174
TOLLIP,0.6335268096932136
TOM1,-0.28581907087878733
TOM1L1,-0.028406361426231763
TOM1L2,0.0038476500154134285
TOMM20,-0.2131033958217019
TOMM20L,-1.6289267122210058
TOMM22,-0.36769463050463713
TOMM34,0.07006407960914096
TOMM40,0.18414892922114223
TOMM40L,0.10774290291631061
TOMM5,-0.6018680262830314
TOMM6,-0.2111486221811596
TOMM7,-0.22652081542551095
TOMM70,-0.0025869337045492102
TOMT,-0.5991062721869684
TONSL,0.17888010575385138
TOP1,0.0224476376333822
TOP1MT,-0.30317862391425887
TOP2A,-0.06343648168545002
TOP2B,0.4207338675622134
TOP3A,-0.16680814151813905
TOP3B,-0.49216298385471813
TOP6BL,0.4625179118960663
TOPAZ1,0.15474973011943471
TOPBP1,-0.5978339543345035
TOPORS,-0.403328164731259
TOR1A,-0.6369988284288599
TOR1AIP1,0.013314313424597657
TOR1AIP2,-0.2962992600014327
TOR1B,-0.07487491740020369
TOR2A,-0.2629342233503502
TOR3A,-0.26033012196161653
TOR4A,-0.01380182069396274
TOX,0.10980147313233779
TOX2,0.7108352344070383
TOX3,0.2132825153767164
TOX4,-0.0861171451518361
TP53,-0.29342946381418056
TP53AIP1,0.073740953051739
TP53BP1,0.15877809474706694
TP53BP2,0.4086413653232386
TP53I11,0.603855899752523
TP53I13,-0.2368235164401069
TP53I3,-0.7232028687887075
TP53INP1,0.3093239005979045
TP53INP2,0.22783069503782283
TP53RK,-0.20164339344818938
TP53TG3D,1.4797290826259328
TP53TG5,-0.20550346268853859
TP63,-0.12770126562568462
TP73,1.0644875341434799
TPBG,-0.44334810745346975
TPBGL,2.528673634452061
TPCN1,0.22798163034197394
TPCN2,0.21843796253158398
TPD52,-0.42001338789311315
TPD52L1,-1.1323244770031913
TPD52L2,-0.010232782192093559
TPD52L3,-1.3040804803491954
TPGS1,0.02615543895465411
TPGS2,0.04869452372612848
TPH1,0.5663018677184521
TPH2,0.2568113196954942
TPI1,0.2675269678877221
TPK1,-0.16364175482834042
TPM1,-0.7875217646634844
TPM2,-0.3053388056995745
TPM3,0.2802350470713363
TPM4,-0.15070921006595173
TPMT,0.49319847549809204
TPP1,-0.13085092477106386
TPP2,0.18012764337121023
TPPP,0.2819003749620925
TPPP2,0.3835557904940945
TPPP3,-0.9557137896426621
TPR,-0.02213698710764067
TPRA1,-0.1408391575374628
TPRG1,0.4581878948235157
TPRG1L,0.5643532672162337
TPRKB,-0.35754524290192835
TPRN,0.1168502659025934
TPRX1,-1.0857735026315276
TPRX2,-0.23866597805844125
TPSAB1,-0.23514648820297257
TPSD1,1.0466000721550908
TPSG1,-0.26890197067532096
TPST1,-0.07838020427224635
TPST2,0.32577353035840373
TPT1,0.19271572803996762
TPTE,0.27419563049457896
TPTE2,-1.468430300574731
TPTEP2-CSNK1E,0.828977130384668
TPX2,-0.3962978273572997
TRA2A,-0.289214637911253
TRA2B,-0.06522842403110118
TRABD,0.44418052894218274
TRABD2A,-0.14800222393719986
TRABD2B,0.036125275132416146
TRADD,0.0378866353670082
TRAF1,-0.2558645710797576
TRAF2,-0.1347536014319548
TRAF3,0.5559907247202545
TRAF3IP1,0.32377295286949437
TRAF3IP2,-0.43378040267848483
TRAF3IP3,-0.23425718340909363
TRAF4,0.07162714120829605
TRAF5,-0.07501062498375122
TRAF6,-0.08931966295165505
TRAF7,0.19873674059173574
TRAFD1,-0.0955350302171567
TRAIP,-0.25251817800923515
TRAK1,0.3775274796862482
TRAK2,0.22551695538576855
TRAM1,0.06471701816330633
TRAM1L1,0.7785402021908701
TRAM2,0.1884002434536649
TRANK1,-0.5260834220061541
TRAP1,-0.0259258292003528
TRAPPC1,-0.16391737490914426
TRAPPC10,0.7948106892639162
TRAPPC11,0.2794317666183712
TRAPPC12,0.1841126331965448
TRAPPC13,-0.31108453577410344
TRAPPC14,-0.4054228592317184
TRAPPC2,0.19158501315363718
TRAPPC2B,-0.05372442897348595
TRAPPC2L,0.04375167651469969
TRAPPC3,0.902625400718212
TRAPPC3L,-1.3497614042964416
TRAPPC4,-0.2247839599169934
TRAPPC5,-0.39539081255298303
TRAPPC6A,-0.021222628052325554
TRAPPC6B,-0.5932244737345345
TRAPPC8,-0.6310365496531739
TRAPPC9,-0.18730318124308543
TRARG1,0.32897459917545274
TRAT1,-1.0084317694670388
TRBV11-2,-0.7591575571822609
TRDMT1,0.2626446668643041
TRDN,-1.3285177924413272
TREH,0.9498458072084859
TREM1,0.11965529277926845
TREM2,0.8990703035928518
TREML1,-0.22367601500643752
TREML2,-0.36934399858662204
TREML4,0.6090364855010798
TRERF1,0.15613763356371857
TREX1,0.2851443940196945
TREX2,-0.1370220181617663
TRH,0.1219563653723007
TRHDE,0.7007921077687316
TRHR,-0.2860977414795334
TRIAP1,-0.23611246934760288
TRIB1,0.09343537901031507
TRIB2,-0.10072751636230493
TRIB3,0.2068925528383132
TRIL,0.05214359622112108
TRIM11,-0.2029245078857702
TRIM13,-0.04294874978099017
TRIM14,-0.42412419940072965
TRIM16,0.07775311131924001
TRIM17,-0.39715469071416665
TRIM2,-0.3919946143284996
TRIM21,0.41338330912133125
TRIM22,0.08937235867863552
TRIM23,-0.8388206241598493
TRIM24,0.3570710901883327
TRIM25,0.08179498003698438
TRIM28,0.2946508189341026
TRIM29,-1.0052947831191923
TRIM3,-0.3633726837291742
TRIM32,-0.3270067069660234
TRIM33,0.27395688151835174
TRIM34,0.279661997665896
TRIM35,-0.024715405159642323
TRIM36,0.5738128387669756
TRIM37,-0.3465585079717215
TRIM38,0.24914924050201748
TRIM4,-0.11426998036818148
TRIM41,-0.11799265395896175
TRIM42,-0.6241875612572377
TRIM43B,-1.6485647435444597
TRIM44,-0.005356666769182006
TRIM45,-0.02991439451003597
TRIM46,-0.15496897661606912
TRIM47,0.1537937500533042
TRIM48,0.9436108402111021
TRIM49,0.45954205854146757
TRIM49B,1.366952600579866
TRIM49D1,-0.7482533571399499
TRIM49D2,1.0718477968086872
TRIM5,0.4158465764808186
TRIM50,0.25867101463185604
TRIM51,-1.1492579687279374
TRIM51G,1.6485647435444597
TRIM52,-0.03460970058326396
TRIM54,0.13934851235392065
TRIM55,-1.1252987622194168
TRIM56,-0.06267847098840873
TRIM58,0.5766833066147166
TRIM59,-0.8685185346960648
TRIM59-IFT80,-0.5560048984908859
TRIM6,-0.0005055897171762913
TRIM6-TRIM34,-0.07735965663838429
TRIM60,0.5860440217130795
TRIM61,0.4933828366216735
TRIM62,0.12344372133689596
TRIM63,0.45000620401655755
TRIM64,0.0
TRIM64B,-0.05811434041308061
TRIM64C,-0.9005178075978555
TRIM65,0.3700383748297593
TRIM66,-0.2378160931120119
TRIM67,-0.036266817555763775
TRIM68,0.2767379403382608
TRIM7,-0.40530975065945585
TRIM71,0.9569122176437943
TRIM72,-0.13352530262361584
TRIM73,1.2539917122041921
TRIM74,0.45410950831071784
TRIM75,-0.9863279952070061
TRIM77,0.14480457570749383
TRIM8,0.20792201506310892
TRIM9,0.19617478485964224
TRIML1,0.8597566891711212
TRIML2,0.6644886118277514
TRIO,-0.1364398794104087
TRIOBP,0.3451200924113056
TRIP10,-0.05573458006114684
TRIP11,-0.16367641220467366
TRIP12,-0.2175832095144168
TRIP13,0.44071937529836
TRIP4,-0.3803998032771312
TRIP6,-0.5949084002912657
TRIQK,-0.8859378839039753
TRIR,-0.4162973380526207
TRIT1,-0.6466285713805471
TRMO,-0.538194748174698
TRMT1,-0.3378102789314177
TRMT10A,0.06436060385022824
TRMT10B,-0.5616740661030191
TRMT10C,-0.38459177496722674
TRMT11,-0.6078036610692998
TRMT112,-0.2487453706122773
TRMT12,-0.354429841161652
TRMT13,-0.04561978099234398
TRMT1L,0.031899398751705554
TRMT2A,0.2381006646955468
TRMT2B,-0.23481957023125943
TRMT44,0.1290636175023755
TRMT5,-0.11489128179774699
TRMT6,-0.27728882706462077
TRMT61A,-0.2058822801206448
TRMT61B,-0.19909996210152947
TRMT9B,-0.5146067721653005
TRMU,-1.0839496078325384
TRNAU1AP,-0.08366990181955725
TRNP1,0.40614638126638436
TRNT1,0.0012572859424535565
TRO,-0.0524872016015987
TROAP,-0.062371786806383334
TRPA1,0.6364387709639023
TRPC1,0.4147565498614707
TRPC3,-0.26422395879338234
TRPC4,-0.36672699476657256
TRPC4AP,-0.21832194219951262
TRPC5,-0.25053863207702465
TRPC5OS,-1.353461268500452
TRPC6,-0.4962656097106277
TRPC7,0.23743182343903935
TRPM2,-0.08203964523005258
TRPM3,-0.14670101997425844
TRPM4,-0.35769262801925317
TRPM5,-0.03987411929201673
TRPM6,-0.004836019174563777
TRPM7,0.28512382878562015
TRPM8,-1.5623927798165709
TRPS1,0.21269483361700603
TRPT1,-0.1198216618003558
TRPV1,0.7719709231937192
TRPV2,0.04358861222668686
TRPV3,-0.3643336509205193
TRPV4,0.763032741489662
TRRAP,1.1053632339504995
TRUB1,-0.15687230917380024
TRUB2,-0.13719808995431126
TSACC,-0.4853313266018082
TSC1,0.6986802208274554
TSC2,-0.025848034825529886
TSC22D1,0.5305520251847611
TSC22D2,-0.22640571720103608
TSC22D3,-0.18692156413727057
TSC22D4,0.18847702141775002
TSEN15,-0.4191007224916605
TSEN2,-0.18826696007421084
TSEN54,0.2631115579197383
TSFM,-0.5913967416805361
TSG101,-0.21734601043125945
TSGA10,-0.03300165193299698
TSGA10IP,0.32431981005725286
TSGA13,0.684588845271447
TSHB,0.864607782488922
TSHR,-0.5656723812945437
TSHZ1,-0.5487899926670723
TSHZ2,-0.18947315097800643
TSHZ3,0.9858965780609634
TSKS,0.12808400241730444
TSKU,-0.3169066782080292
TSLP,0.23426931819552604
TSN,0.11778682537579943
TSNARE1,0.14229396740817712
TSNAX,-0.03132502048649588
TSNAX-DISC1,-0.034508831202842316
TSNAXIP1,0.03288157431776906
TSPAN1,0.11705920023237326
TSPAN10,0.23371945106226288
TSPAN11,-0.14257748112284402
TSPAN12,-0.1379081236453037
TSPAN13,-0.06190930271394812
TSPAN14,0.5337107931958722
TSPAN15,-0.1147820136526283
TSPAN16,0.9125620888001843
TSPAN17,0.15231940009963463
TSPAN18,0.5873357911550423
TSPAN19,-0.42414183640059266
TSPAN2,0.08668669098022663
TSPAN3,-0.4908342817957403
TSPAN31,0.5129789152329693
TSPAN32,0.28111634236105587
TSPAN33,0.4187126887340997
TSPAN4,0.12065975454637812
TSPAN5,0.6034646550778722
TSPAN6,-0.030810279526557016
TSPAN7,-0.2578221003278549
TSPAN8,-0.4798035226455639
TSPAN9,0.44558959379377105
TSPEAR,0.0456961788989807
TSPO,-0.33643587720959445
TSPO2,0.05773669961589234
TSPOAP1,0.0
TSPYL1,-0.19209951925265578
TSPYL2,-0.12184535728362178
TSPYL4,-0.38672763221292783
TSPYL5,-0.05949138436370749
TSPYL6,-0.0932686995436911
TSR1,-0.002024061875241401
TSR2,-0.46579211134823195
TSR3,0.2254760475186206
TSSC4,0.1678828862224373
TSSK1B,1.575565879296276
TSSK2,1.1833264844627025
TSSK3,-0.11894118198813342
TSSK4,-0.3999102033471663
TSSK6,-0.3484293877251776
TST,0.03746615163079925
TSTD1,-0.20013528655824775
TSTD2,-0.10645596953796232
TTBK1,-0.48765592978650274
TTBK2,-0.12792921624417009
TTC1,-0.48311650232105974
TTC12,-0.6579633562567062
TTC13,0.5400034765294945
TTC14,-0.20343707328765426
TTC16,-0.35722218202816425
TTC17,-0.25318862346495763
TTC19,-0.10502667623977668
TTC21A,-0.13850813502086545
TTC21B,-0.02876736647186995
TTC22,0.13351343640565855
TTC23,-0.43035249203952386
TTC23L,-1.1416021171271378
TTC24,-0.8886848049255176
TTC27,-0.2211441028314507
TTC28,-0.10523708547885535
TTC29,0.057331726954920725
TTC3,0.6371642858902318
TTC31,-0.12167969777965837
TTC32,-0.3146791410298242
TTC33,-0.27397226111833106
TTC34,0.44299736162232484
TTC36,-0.23317424496145378
TTC38,0.6392546046154919
TTC39A,1.2421790372364223
TTC39B,-0.25179439240496704
TTC39C,0.036523615215393046
TTC4,-0.16865189086845955
TTC5,-0.4460326892458788
TTC6,-0.12084611446952653
TTC7A,-0.275780361275614
TTC7B,0.2801736898914262
TTC8,-0.5720608692178644
TTC9,-0.06352055335623685
TTC9B,-0.3172210387009011
TTC9C,-0.09604884875734054
TTF1,-0.08671612085566016
TTF2,-0.13872066839219688
TTI1,-0.24819262995908886
TTI2,-0.33019349478729154
TTK,-0.5156630805107509
TTL,0.040632224847422904
TTLL1,-0.10434160858559771
TTLL10,-0.5075201046638236
TTLL11,0.1423122647170807
TTLL12,0.49337217304944136
TTLL13,-0.5859397208674954
TTLL2,1.7789748033581072
TTLL3,-0.5572178355681794
TTLL4,0.06780413792921713
TTLL5,0.05865564916968721
TTLL6,0.03446602279150124
TTLL7,-0.4598813277342959
TTLL8,-1.37810972893039
TTLL9,0.5275045216106524
TTN,0.0667064026896853
TTPA,-0.6945970010201559
TTPAL,-0.31986771692970617
TTR,-0.5742964184886874
TTYH1,-0.00415679428992588
TTYH2,-0.6737929534799436
TTYH3,0.29801879874133164
TUB,0.7738749490181456
TUBA1A,0.13575692408886741
TUBA1B,0.18878409619005687
TUBA1C,0.12692939355159893
TUBA3C,-0.7577249603637728
TUBA3D,-0.17793336299826978
TUBA3FP,0.022637774563142976
TUBA4A,-0.3105659932222795
TUBA4B,0.0614527833692593
TUBA8,0.13832790271701023
TUBAL3,-0.007874273958732747
TUBB,-0.3959951678976372
TUBB1,0.28341176823594527
TUBB2A,0.8908102838929821
TUBB2B,0.4967394804187559
TUBB3,-0.24997473337222598
TUBB4A,0.35906542050634105
TUBB4B,0.9390317202292282
TUBB6,0.3126975297839523
TUBB8,0.37930398565684104
TUBB8B,-0.26576948452686583
TUBD1,-0.11466547240873748
TUBE1,-0.3987422024420031
TUBG1,0.14438505585074868
TUBG2,-0.7091985645417793
TUBGCP2,-0.3310013066472002
TUBGCP3,-0.050053139893320164
TUBGCP4,-0.7754503895653617
TUBGCP6,-0.26231833895019463
TUFM,0.10833284796497189
TUFT1,-0.25137347643004393
TUG1,0.3054885217555201
TULP1,0.0007751513105204166
TULP2,-0.41753271184742846
TULP3,-0.09806767067835764
TULP4,0.48458113374710177
TUNAR,0.5194471433839591
TUSC1,0.7435916310957507
TUSC2,0.03295886388196134
TUSC3,-0.48647085088564457
TUT1,-0.08754257040463198
TUT4,0.25051262008008823
TUT7,-0.19829232528937357
TVP23A,-1.2108926625034133
TVP23B,-0.4667866558278244
TVP23C,0.014907229563477564
TVP23C-CDRT4,0.01522980797572493
TWF1,0.009083509656679034
TWF2,-0.058506697133647645
TWIST1,0.30966119508957135
TWIST2,0.6088820931102296
TWNK,-0.24123422045088905
TWSG1,0.29910741040353894
TXK,0.14371120606055365
TXLNA,-0.2772936043945089
TXLNB,-0.026915720478160488
TXLNG,0.08657045544001019
TXN,0.06790659480586658
TXN2,-0.36941029053161234
TXNDC11,0.7537221179543705
TXNDC12,-0.19785428046295994
TXNDC15,-0.27161417914532127
TXNDC16,0.1261758364203871
TXNDC17,0.08128266069189394
TXNDC2,0.14092348200630567
TXNDC5,0.31837244945950127
TXNDC8,-0.223512475671222
TXNDC9,-1.115683815375506
TXNIP,-0.4910187435670563
TXNL1,-0.18826391242365226
TXNL4A,0.08747752039608692
TXNL4B,-0.05004718556050047
TXNRD1,-0.1845443649262899
TXNRD2,-0.4765703146120912
TXNRD3,0.7848296457365556
TYK2,0.08962893543036898
TYMP,0.46381951427021484
TYMS,0.19708318825332327
TYR,-1.0823989604073598
TYRO3,-0.3140356472957384
TYROBP,-0.4732064399974859
TYRP1,-0.5453212461084076
TYSND1,0.17981120430393194
TYW1,-0.12888861951398578
TYW1B,0.13541219811422067
TYW3,-0.1724774679382639
TYW5,-0.5449962361005589
U2AF1,1.5482944138392256
U2AF1L4,-0.32656631329818
U2AF2,-0.09419675519789994
U2SURP,0.18810455475015653
UACA,0.04509026294252738
UAP1,0.26597869750032643
UAP1L1,0.40855085175326145
UBA1,-0.329011821874059
UBA2,-0.1741175808572386
UBA3,0.07400850665527381
UBA5,-0.12506025850629165
UBA52,-0.09686092951109515
UBA6,-0.2079170739837286
UBA7,0.21127879772897173
UBAC1,0.07264731595073926
UBAC2,0.13063035611259277
UBALD1,0.08448482204124907
UBALD2,0.010974204506053908
UBAP1,-0.0386178700261981
UBAP1L,0.9862998574368028
UBAP2,0.03177230893508476
UBAP2L,-0.09312011943392484
UBASH3A,-0.25438741492116623
UBASH3B,0.13003302355367286
UBB,-0.40207991748024385
UBC,-0.3125654469430197
UBE2A,-0.15152651136127093
UBE2B,-0.011366754953898273
UBE2C,-0.15782706191107732
UBE2D1,-0.11444631248105264
UBE2D2,0.3551121564383425
UBE2D3,0.3835400538489919
UBE2D4,0.1510021276069793
UBE2E1,-0.23159144912565166
UBE2E2,0.6099148769832272
UBE2E3,-1.1500213555197367
UBE2F,0.06957637794242899
UBE2F-SCLY,0.09635125309201253
UBE2G1,0.2832580288460731
UBE2G2,-0.1518852879751975
UBE2H,0.6927183388838465
UBE2I,0.1824070327487432
UBE2J1,-0.04725084927177914
UBE2J2,0.12144085195526078
UBE2K,-0.12867081990441953
UBE2L5,-0.33548547651630045
UBE2L6,-0.09441550792489117
UBE2M,-0.0912746561026685
UBE2N,0.23807716837122062
UBE2NL,-0.6929141363987847
UBE2O,0.5204179783016807
UBE2Q1,0.12396095667811657
UBE2Q2,0.26322938400381357
UBE2QL1,0.3887435753865137
UBE2R2,0.29243782610090197
UBE2S,0.262561389172955
UBE2T,-0.08307461176787534
UBE2U,-0.7779358534128282
UBE2V1,-0.4274499099668061
UBE2V2,0.0953860346011659
UBE2W,-0.26326889653960794
UBE2Z,0.6559827627734478
UBE3A,0.37946012711525423
UBE3B,0.01096692010404432
UBE3C,0.965186020667482
UBE3D,-0.027931538270043355
UBE4A,-0.4108564783552051
UBE4B,0.24652812704898164
UBFD1,-0.019493877525782466
UBIAD1,-0.2954844812668602
UBL3,-0.10935887456318216
UBL4A,0.8491131865431014
UBL4B,0.09477057298896996
UBL5,-0.2464873764069777
UBL7,-0.03326832094220755
UBLCP1,-0.8416148077184276
UBN1,0.2906729110868751
UBN2,-0.08249528289637587
UBOX5,-0.2115104994199548
UBP1,0.21799888063558726
UBQLN1,-0.18918982706717458
UBQLN2,-0.39231095388500226
UBQLN3,1.1910552154588796
UBQLN4,0.054889585607053704
UBQLNL,-0.2780188717861296
UBR1,-0.3564501727060847
UBR2,-0.00025812607034048085
UBR3,0.09043598252317864
UBR4,-0.15898382467131977
UBR5,0.4632764260766562
UBTD1,0.13474896979570694
UBTD2,0.9575141757272578
UBTF,0.0863430998942718
UBTFL1,-0.1746484876733696
UBXN1,-0.3124587751072716
UBXN10,0.034143846978291315
UBXN11,0.7790646558702741
UBXN2A,0.14934542438866139
UBXN2B,-0.2778793617061055
UBXN4,-0.19210383999760783
UBXN6,-0.42850989629451997
UBXN7,-0.21448904894183762
UBXN8,-0.0041435710778388035
UCHL1,-0.1730610933434098
UCHL3,-0.25637145125748706
UCHL5,0.006003787423022544
UCK1,-0.2235286615775567
UCK2,0.17627744055968542
UCKL1,0.0007934930650677074
UCMA,-0.47448993160743624
UCN,0.9248752538940825
UCN2,-0.4130823616686019
UCN3,0.3833589626554038
UCP1,-0.47242954312546737
UCP2,-0.05101778631860743
UCP3,-0.31939654797023476
UEVLD,-0.6630928593946481
UFC1,-0.7343675671626013
UFD1,-0.3443266998483079
UFL1,0.19741171143142378
UFM1,-0.5845301822282583
UFSP1,0.009426088111214703
UFSP2,-0.35184031489432055
UGCG,0.8946840285483746
UGDH,0.13179511957255396
UGGT1,-0.04474695420557406
UGGT2,-0.08800674298006148
UGP2,-0.19884210952454495
UGT1A1,-0.5949898676054095
UGT1A10,0.5376100641924542
UGT1A3,0.3745579199363732
UGT1A4,0.6392172028368313
UGT1A5,-0.5619264829466701
UGT1A6,0.18698676315596363
UGT1A7,0.6588497927597091
UGT1A8,0.029152670937329983
UGT1A9,-0.37914765824164076
UGT2A1,-0.6355972574737336
UGT2A2,1.0977240792782577
UGT2B11,0.9436108402111021
UGT2B28,0.0
UGT2B4,0.08828115694659266
UGT2B7,-0.7448425136251642
UGT3A1,1.2635671130371158
UGT3A2,-0.0761976051141579
UGT8,0.1838798566631814
UHMK1,-0.30328253090104607
UHRF1,-0.9571939587634435
UHRF2,0.40246721225517224
UIMC1,-0.2656657819734898
ULBP1,-0.11601469949206855
ULBP2,-0.29767518132014104
ULBP3,-0.139859160287201
ULK1,0.37421224827149047
ULK2,0.22689355134748387
ULK3,0.1683292811477619
ULK4,-0.14394722274840177
UMAD1,-0.18235631462438118
UMOD,-0.1858919646189673
UMODL1,0.062079928313142574
UMPS,-0.5620300051908496
UNC119,0.3843262453198979
UNC119B,0.1025434667752756
UNC13A,-0.49872484323314303
UNC13B,-0.003384033377327178
UNC13C,-0.25647660405923084
UNC13D,-0.19986634243247536
UNC45A,-0.5317312342024683
UNC45B,0.3107071392173721
UNC50,-0.20553641627049224
UNC5A,0.9317177298201962
UNC5B,0.6170280705128022
UNC5C,-0.6201023583291096
UNC5CL,-0.4323832166991701
UNC5D,-1.8234127247540162
UNC80,-0.12649568977401604
UNC93A,-0.46518419846277537
UNC93B1,-0.18193954015457026
UNCX,-0.30131464559139465
UNG,-0.07971154354762877
UNK,-0.07906587161558587
UNKL,0.10876592597686408
UPB1,-1.006908134606989
UPF1,0.1394803823455959
UPF2,0.03272615043945759
UPF3A,-0.046988945250293845
UPF3B,0.1423752454094327
UPK1A,0.7474100616176446
UPK1B,0.15523963290754872
UPK2,0.04488649699993186
UPK3A,0.4437038226362864
UPK3B,-0.807528466682844
UPK3BL2,0.10436491268798997
UPP1,0.4700447892953967
UPP2,0.6582076584021879
UPRT,-1.1830356924083492
UQCC1,-0.3215253225343844
UQCC2,-0.5173377366890737
UQCC3,-0.6964628436737939
UQCC4,-0.19045873401889857
UQCC5,0.3485907640010737
UQCC6,0.03954840231919654
UQCR10,-0.2063169414977466
UQCR11,-0.285994957966043
UQCRB,-0.25599873843468135
UQCRC1,-0.6305034063298929
UQCRC2,-0.22980569409567408
UQCRFS1,0.15969919949520772
UQCRH,-0.17343302011784623
UQCRHL,1.523986682426567
UQCRQ,-0.21533871652369463
URAD,-0.36911684526058364
URB1,0.03410660759438411
URB2,0.13546347796608327
URGCP,0.1500407856203596
URGCP-MRPS24,0.1318262592090318
URI1,0.7810403286594156
URM1,-0.2044293068312868
UROC1,0.10821503402892008
UROD,-0.048724603586049575
UROS,0.058462070974992564
USB1,0.26794306609063856
USE1,-0.5649917766956607
USF1,-0.10388466101173854
USF2,0.6253680943150237
USF3,0.21348259923444157
USH1C,-0.023739514060177824
USH1G,-0.14896030699651153
USH2A,-1.0293841079029173
USHBP1,-0.30386899813120527
USO1,0.05371661801371008
USP1,-0.14204391939903704
USP10,0.8509264718279859
USP11,-0.47904776075207955
USP12,0.7984699666331361
USP13,0.2561550518873652
USP14,-0.05468002526777749
USP15,-0.12754360696560774
USP16,-0.3057033317084361
USP17L1,0.9436108402111021
USP17L7,0.5866854262894494
USP18,-0.7034380107291289
USP19,-0.09176234547168516
USP2,0.12909388637423547
USP20,-0.16976737780979345
USP21,-0.26916297866827854
USP22,0.6017398686939561
USP24,0.4956961544492584
USP25,0.58197169683107
USP26,0.27574146755161133
USP27X,0.18811649247180506
USP28,0.7668886318990067
USP29,0.1377775572288611
USP3,0.5173781157490609
USP30,0.24590462005365749
USP31,0.40942183012770883
USP32,-0.8372709888239234
USP33,-0.07040377143672139
USP34,-0.18135595899068058
USP35,-0.04115219728152475
USP36,-0.0023626778033554174
USP37,-0.05383222646642505
USP38,0.047422685069259174
USP39,-0.0017967642346286006
USP4,-0.08016615227487822
USP40,0.055163669702342544
USP42,0.5681970808542669
USP43,-0.2249091456018184
USP44,-0.2458435161116883
USP45,-0.39688119997904625
USP46,0.3822026374860734
USP47,-0.21541371188602554
USP48,-0.004283013221906273
USP49,0.04631385119913212
USP5,0.0
USP50,-0.270200457772981
USP51,0.1758214292703293
USP53,-0.09985902673940128
USP54,-0.3581725769756563
USP6,0.3955500251593777
USP6NL,0.37333920236820806
USP7,0.08979640045432113
USP8,-0.5610460188233861
USP9X,-0.10264643911868188
USPL1,-0.025416394304700773
UST,-0.4345149326456452
UTF1,0.641561876849361
UTP11,0.2245408387226755
UTP14A,-0.5178677212518252
UTP14C,0.2052432234100412
UTP15,-0.4969269528212701
UTP18,-0.03941550409942263
UTP20,-0.4249443245898403
UTP23,-0.09752752640781104
UTP25,-0.3624909084924588
UTP3,0.07929214002562546
UTP4,0.043473404301994645
UTP6,0.07313400605487352
UTRN,-0.30012623233332425
UTS2,1.4768741338525375
UTS2B,0.7367531006635782
UTS2R,0.0025897797903973174
UVRAG,0.059280877196325577
UVSSA,0.09103432295312874
UXS1,-0.0698756295436409
UXT,-0.28646460734052237
VAC14,0.26356087403636863
VAMP1,-0.0035155391996308794
VAMP2,0.07810771100299352
VAMP3,0.6798671510403427
VAMP4,-0.04481229681676613
VAMP5,-0.3314873297281311
VAMP8,-0.4023709043678503
VANGL1,0.5880028963774029
VANGL2,-0.1612859098627697
VAPA,0.16201214032272215
VAPB,0.2636365780450367
VASH1,0.2702646504900694
VASH2,-0.007963897531304553
VASP,0.09824952762756922
VAT1,-0.20466074269113665
VAT1L,-0.1536653628089017
VAV1,-0.2101609211299662
VAV2,0.9630574658427893
VAV3,0.04517486425859829
VAX1,-0.07728393165542902
VAX2,0.28673083045732706
VBP1,-1.0381011566061584
VCAM1,-0.7985258399091919
VCAN,0.6589103242914958
VCF1,0.19757612349802078
VCF2,0.2163935216345516
VCL,-0.32174540364963056
VCP,-0.07043794890770094
VCPIP1,-0.11939104564226888
VCPKMT,-0.16706369827864176
VCX,-1.252079897108374
VCX2,1.434241662241161
VCX3A,-0.2162436444271698
VCX3B,1.694302752079727
VDAC1,0.6211533804956328
VDAC2,-0.006715267635790667
VDAC3,-0.02736069903504479
VDR,0.0044865159128595344
VEGFA,0.19678205986565978
VEGFB,0.4089681662561788
VEGFC,1.0186174933282155
VEGFD,0.6340654462172366
VENTX,0.467115725694982
VEPH1,-0.23148382504298404
VEZF1,0.10566139434978084
VEZT,0.04428325958959345
VGF,0.11387383687332964
VGLL1,0.7170769591681694
VGLL2,0.6763879966210373
VGLL3,0.261893499629569
VGLL4,0.10027372096018805
VHL,-0.16236169079127372
VHLL,-0.4012745330212684
VIL1,0.3432560461879701
VILL,0.8189924394100955
VIM,-0.05900537215050061
VIP,0.9416441584100577
VIPAS39,-0.10409845332149992
VIPR1,-0.42446742331870224
VIPR2,0.16219370692042
VIRMA,-0.08873667381010542
VIT,0.06040473136170399
VKORC1,-0.14182833981731813
VKORC1L1,0.9330679758547529
VLDLR,0.22810661034922175
VMA21,0.4080365203511196
VMAC,-0.059807707934156795
VMO1,-0.9511876779327072
VMP1,-0.06231536529484938
VN1R1,1.0736444756769972
VN1R2,1.581858071646372
VN1R4,-0.5476156723134649
VN1R5,-2.032245672120352
VNN1,0.4443910539756992
VNN2,0.44389387287558035
VOPP1,0.8246066184447618
VPREB1,-0.6638549988419125
VPREB3,-1.1648985161123426
VPS11,-0.6507895476367827
VPS13A,0.3579053690293348
VPS13B,-0.17950814763586642
VPS13C,-0.1444557215905533
VPS13D,0.7113304225812604
VPS16,0.04425498678352113
VPS18,-0.077409897614511
VPS25,-0.1315167142031397
VPS26A,0.09514819054432433
VPS26B,0.010866228150229418
VPS26C,0.30482872289909935
VPS28,-0.29994487484588284
VPS29,-0.10392753953638678
VPS33A,-0.13579588287393918
VPS33B,0.04138354526364596
VPS35,-0.05928208458408779
VPS35L,-0.20344162887363115
VPS36,0.7643770659117477
VPS37A,0.25349782915831565
VPS37B,-0.270737762206418
VPS37C,0.11621218434569247
VPS37D,0.9332945381518876
VPS39,-0.11925290200409311
VPS41,-0.25190232506389665
VPS45,-0.28928363940965696
VPS4A,0.9808817078246417
VPS4B,0.05570016445486026
VPS50,-0.03812492813249424
VPS51,-0.3871394240382713
VPS53,0.1343489448297257
VPS54,0.7404653973590314
VPS72,-0.5121353510752922
VPS8,-0.2263256461919596
VPS9D1,0.5541111866788819
VRK1,0.7090101197931231
VRK2,-1.2510777593762463
VRK3,-0.14205090097837036
VRTN,-0.3118455204038506
VSIG1,-1.074446122224606
VSIG10,-0.02100642326242408
VSIG10L,1.1200064996613355
VSIG10L2,-0.4598372723954893
VSIG2,-0.038754556027357445
VSIG4,1.4299324533338966
VSIG8,0.05503451381048108
VSIR,-0.0018467938171848886
VSNL1,1.5604841849665467
VSTM2A,0.20548337708305975
VSTM2B,-0.5872308408021432
VSTM2L,0.3807804611757626
VSTM4,-0.37016876157108713
VSTM5,0.5671391943555876
VSX1,-0.5455489984342001
VSX2,0.4309936492321058
VTA1,0.027282662130427404
VTCN1,-0.31540567466486885
VTI1A,-0.12403590350482929
VTI1B,-0.3347436952159617
VTN,-0.14419810121443044
VWA1,-0.03658378788747596
VWA2,-0.4380259040453869
VWA3A,-0.2687347755895842
VWA3B,0.025156239236036992
VWA5A,-0.05058127747728536
VWA5B1,1.2670761472855603
VWA5B2,0.23939466788232977
VWA8,-0.3137901793151672
VWC2,0.8560537761498601
VWC2L,0.629036386603675
VWCE,0.011141418846533746
VWDE,-0.24297421877921632
VWF,-1.0113323515791994
VXN,-0.1693502204974865
WAC,0.07207469505487474
WAPL,0.07057620025637235
WARS1,0.2574252740232552
WARS2,-0.21042857547993865
WAS,-0.6290106597107341
WASF1,-0.04088228754634837
WASF2,-0.24510063707823093
WASF3,0.2865179356495462
WASHC1,0.8626686719458458
WASHC2A,-0.43443997993327677
WASHC2C,0.41861046687478964
WASHC3,0.04017249653404864
WASHC4,-0.0791325322173213
WASHC5,-0.030244629302044856
WASL,0.1487843318252473
WBP1,0.13649924560469184
WBP11,-0.04767084773879038
WBP1L,-0.052577519932462735
WBP2,0.011659342339187084
WBP2NL,-0.43344787920219213
WBP4,0.01125906723430159
WDCP,-0.2530014836813246
WDFY1,-0.5724139550611711
WDFY2,0.11744689208642889
WDFY3,0.15992475568699538
WDFY4,-0.0025017117866157857
WDHD1,0.10359826614763712
WDPCP,0.15084277189181083
WDR1,0.21005485289585835
WDR11,-0.3040750045180909
WDR12,-0.006888092975075644
WDR13,-0.8616150539406827
WDR17,0.2300518648527543
WDR18,-0.35482804344524244
WDR19,0.23469987485527533
WDR20,-0.01811237426838641
WDR24,-0.570146531783625
WDR25,0.25193082005248346
WDR26,-0.8942387891280594
WDR27,-0.05683152942264602
WDR3,-0.016218187635836046
WDR31,-0.23805191496608558
WDR33,-0.1494043627159014
WDR35,0.002718076382145329
WDR36,-0.10492626258913784
WDR37,-0.19253098048018202
WDR38,-0.021149395933838022
WDR4,-0.031000946575333366
WDR41,-0.7595286395343497
WDR43,0.002205219332537922
WDR44,0.04854901393201416
WDR45,-0.004907282035072846
WDR45B,0.17275593199970363
WDR47,0.15761779307018298
WDR48,-0.19446219747320104
WDR49,-1.7906405344821392
WDR5,-0.267873977991508
WDR53,0.37644355474533775
WDR54,0.1573124316031036
WDR55,-0.12629642234359206
WDR59,-0.17300916944231837
WDR5B,-0.4387923373634566
WDR6,-0.019014575520482246
WDR62,0.01684841693858985
WDR64,-0.31065790052603937
WDR7,-0.1908839885894844
WDR70,0.12188696843632818
WDR72,1.3653552310540935
WDR73,-0.6357795070394356
WDR74,-0.008298401095538033
WDR75,-0.3634636798117725
WDR76,-0.49018550470256184
WDR77,-0.025957359794122503
WDR82,-0.31692982498207645
WDR83,-0.22313148462104548
WDR83OS,-0.4639543802968462
WDR86,0.5789906406161215
WDR87,0.09090781585273255
WDR88,-0.11081725861162384
WDR89,-0.08616910533765054
WDR90,-0.011711524570436893
WDR91,-0.052825554757989224
WDR93,-0.11076133875461025
WDR97,-0.6117696107264216
WDSUB1,0.17742070144177013
WDTC1,0.4035821345175936
WEE1,1.0273017981585575
WFDC1,-0.11708282529011105
WFDC10A,-0.33430935956787566
WFDC10B,0.5404119411828469
WFDC11,0.36609709344819935
WFDC12,-0.4469056463559486
WFDC13,-0.8724967545810399
WFDC2,0.3642912338870046
WFDC3,-0.009424460063093498
WFDC5,-0.11874691018494232
WFDC6,0.8459675879425326
WFDC8,-0.5604930122793924
WFDC9,-0.308504925602134
WFIKKN1,-0.4473344896108269
WFIKKN2,-0.5464710024260513
WFS1,0.3864239401016407
WHAMM,0.22327251729866315
WHRN,0.06119626349279095
WIF1,-0.988006516134812
WIPF1,0.2051128106422313
WIPF2,-0.03123299001684199
WIPF3,0.5715525968713853
WIPI1,0.353450762849719
WIPI2,0.9882254292751371
WIZ,0.8916227598432933
WLS,-0.26575754106474214
WNK1,0.11469382727372857
WNK2,0.8007988747512509
WNK3,0.01950568308019851
WNK4,-0.2721725550197913
WNT1,-0.022842801963892434
WNT10A,0.14042193950764137
WNT10B,-0.5878998409407403
WNT11,0.6541015815485347
WNT16,-0.6025142771461334
WNT2,0.0057699312452307305
WNT2B,-0.5397836092906507
WNT3A,0.2963530618413859
WNT4,0.3797824165065202
WNT5A,0.3303035139142234
WNT5B,0.165024221591429
WNT6,1.0984087373183384
WNT7A,0.24959587208512668
WNT7B,0.22659851500087091
WNT8A,-0.4752832766391102
WNT8B,1.8346858000801727
WNT9A,0.200934211805323
WRAP53,-0.6243793681607226
WRAP73,1.1862776769172718
WRN,0.03576910437364589
WRNIP1,0.7283734127470236
WSB1,-0.22621095139324776
WSB2,-0.3224911440353335
WSCD1,-0.5552488431852259
WSCD2,0.8151550836735502
WT1,-1.967493435954957
WTAP,-0.8567941868868382
WTIP,-0.8999334251404942
WWC1,0.7923896452346619
WWC2,0.6071889130587667
WWC3,0.5568485357780157
WWOX,-0.11611758854549592
WWP1,0.39020128191789816
WWP2,-0.14176471298106064
WWTR1,-0.04485762789445946
XAB2,0.15198624942733918
XAF1,-0.6487637942506514
XAGE2,0.461149978404649
XAGE3,-0.8798019841606255
XAGE5,0.7772977224514289
XBP1,-0.526674553987438
XCL1,0.19725242771630658
XCL2,0.40538815329724887
XCR1,-0.7146768724053113
XDH,0.07382046573813483
XIAP,-0.3193301930916683
XIRP1,0.25638326565960984
XIRP2,1.726790952291579
XK,-0.5302762598927564
XKR3,0.06184091471083719
XKR4,-0.6075248286889895
XKR5,-0.16354627602392124
XKR6,-0.10410667853479838
XKR7,-0.42569463427577636
XKR8,0.4273014985476431
XKR9,-0.5160619092318663
XKRX,-0.5603044030662885
XNDC1N,-0.2855174462950787
XNDC1N-ZNF705EP-ALG1L9P,-0.2851398898882076
XPA,-0.26514019722010485
XPC,0.1483616306484743
XPNPEP1,0.423284830256653
XPNPEP2,-0.7542457992826637
XPNPEP3,-0.13620891499720056
XPO1,0.06985849773630814
XPO4,0.6128291275233
XPO5,-0.1495300089486289
XPO6,0.2958603137179141
XPO7,0.8159242146212273
XPOT,0.5383438802334046
XPR1,0.24044020693516366
XRCC1,-0.3289997413021444
XRCC2,-0.0655552598351008
XRCC3,0.6550890203040458
XRCC4,-0.211995991760201
XRCC5,0.963706591310449
XRCC6,-0.15131259013683973
XRN1,-0.01917932852509363
XRN2,-0.0511514073744177
XRRA1,0.03993580838149491
XXYLT1,0.23803989387521973
XYLB,-0.030592642180173435
XYLT1,0.1254632320514002
XYLT2,0.1963728895071224
YAE1,-0.5359001054209154
YAF2,0.45909959566430647
YAP1,0.30812049109864637
YARS1,-0.09004591416235641
YARS2,-0.24712985423696665
YBEY,-0.20460407221939025
YBX1,-0.04655086722020485
YBX2,0.4083018102906051
YBX3,0.49703677641623667
YDJC,0.11105936450342924
YEATS2,0.8257002597930798
YEATS4,-0.19480457856352817
YES1,0.21251564145910606
YIF1A,0.05378938497149566
YIF1B,-0.5208126203045569
YIPF1,0.01881858107366874
YIPF2,-0.4249901942591672
YIPF3,-0.12703381365524802
YIPF4,-0.4497480422579252
YIPF5,0.26435448665377326
YIPF6,-0.23318313142182934
YIPF7,-0.2740486848901673
YJEFN3,-0.7703113598074874
YJU2,-0.16820802535683121
YJU2B,-0.32868551198286866
YKT6,-0.38792010711542524
YLPM1,-0.28184726991255094
YME1L1,-0.08531616465025049
YOD1,-0.1705981195730759
YPEL1,1.2899151711402004
YPEL2,0.7956373147445337
YPEL3,-0.29392251790863666
YPEL4,0.2122674405094327
YPEL5,0.27773860645946247
YRDC,0.5590196404495567
YTHDC2,-0.29896943675399434
YTHDF1,0.44856205636198254
YTHDF2,-0.007270871378777244
YTHDF3,-0.11196800900590542
YWHAB,-0.057775455948737786
YWHAG,-0.1707984390698396
YWHAH,0.2525167986071084
YWHAQ,0.20796567114467468
YWHAZ,0.33500809728235303
YY1,1.317471706874798
YY1AP1,-0.26687361588744274
YY2,0.762257714093135
ZACN,-0.12856759894362302
ZAN,-0.4477518414774496
ZAP70,-0.07237860269862839
ZAR1,-0.15231823850142767
ZAR1L,-0.34743966765208345
ZBBX,-0.5595295761998017
ZBED2,-0.7095155805572297
ZBED3,-0.39058461561809654
ZBED4,0.15551348973040469
ZBED5,0.008933930714051463
ZBED6,-0.03819994435294216
ZBP1,-0.6480500543247807
ZBTB1,0.06957749362889931
ZBTB10,-0.3335261521231532
ZBTB11,0.3386010321455215
ZBTB14,1.2009173544434848
ZBTB16,-0.1385884570090088
ZBTB17,-0.061536779950750464
ZBTB18,0.11290635408522842
ZBTB2,0.3540192788558434
ZBTB20,0.35413325142264007
ZBTB21,0.1693463103668318
ZBTB24,0.4340247533570807
ZBTB25,0.3267872715606668
ZBTB26,-0.003228819198461963
ZBTB3,-0.11986432137754122
ZBTB32,-0.36454232328856084
ZBTB33,0.0076892633883423045
ZBTB34,0.08432433180708632
ZBTB37,0.17441531816542266
ZBTB38,0.6912665931867877
ZBTB39,-0.07035815372073939
ZBTB4,0.06111660313873202
ZBTB40,-0.3392604902412143
ZBTB41,-0.20096113157632356
ZBTB42,0.6289999591675244
ZBTB43,0.027641564716608613
ZBTB44,0.06773781742209195
ZBTB45,-0.118918903235123
ZBTB46,0.9116028411531361
ZBTB47,0.0947671933961336
ZBTB48,-0.13457230987221092
ZBTB49,-0.2544311626428648
ZBTB5,-0.02043530442026409
ZBTB6,-0.31264377367202645
ZBTB7A,1.2578114421645714
ZBTB7B,-0.07263618343220646
ZBTB7C,0.2211339692983194
ZBTB8A,0.637202842560995
ZBTB8B,-0.862479787945087
ZBTB8OS,-0.14883657533432704
ZBTB9,0.23035736664914452
ZC2HC1A,-0.2301588912263104
ZC2HC1B,-0.6210945931007485
ZC2HC1C,-0.588898503381551
ZC3H10,0.016826123330944576
ZC3H11A,-0.03818150344806348
ZC3H11B,-0.05811434041308061
ZC3H12A,0.7218999731613769
ZC3H12B,0.30392809989445446
ZC3H12C,1.7960562274155185
ZC3H12D,-0.3045219277442124
ZC3H13,-0.01817982301954668
ZC3H14,0.0019235208864518683
ZC3H15,-0.02726968236930638
ZC3H18,0.2610792691906205
ZC3H4,0.04654968988492669
ZC3H6,-0.08298337841788062
ZC3H7A,-0.15043283512112104
ZC3H7B,-0.24132834788857327
ZC3H8,0.01633259377884322
ZC3HAV1,-0.8680981312581963
ZC3HAV1L,0.030740710232787904
ZC3HC1,-0.19016688059232179
ZC4H2,0.3062232562549747
ZCCHC10,-0.4265988307120123
ZCCHC12,0.11409754350583734
ZCCHC13,-1.8116033859323395
ZCCHC14,0.44812697726720785
ZCCHC17,0.03452790659242311
ZCCHC18,-0.4231552825837096
ZCCHC2,0.534904036183562
ZCCHC24,0.21339595082374174
ZCCHC3,0.39447232269296695
ZCCHC4,0.15837545597799263
ZCCHC7,0.01902962492520377
ZCCHC8,-0.03855392832498428
ZCCHC9,-0.026650589593866236
ZCRB1,-0.28790409465192024
ZCWPW1,-0.13758151370155236
ZCWPW2,0.11601860787104012
ZDBF2,0.35194870560077707
ZDHHC1,0.25918645108601535
ZDHHC11,0.19270999266543698
ZDHHC11B,0.2142342290575403
ZDHHC12,0.03787084252057138
ZDHHC13,-0.06800374674017018
ZDHHC14,0.4414235401041866
ZDHHC15,-0.2933691476913749
ZDHHC16,-0.33132141959821215
ZDHHC17,0.18688432567354418
ZDHHC18,0.768385429202596
ZDHHC19,0.06607296307291222
ZDHHC2,0.6642590937367014
ZDHHC20,-0.0926762966099961
ZDHHC21,-0.4563827995818799
ZDHHC22,0.017033584883661135
ZDHHC23,0.6443327996015111
ZDHHC24,0.25355623838444385
ZDHHC3,-0.07522401441373283
ZDHHC4,-0.2134205216109093
ZDHHC5,0.09255330233563885
ZDHHC6,-0.13608535548661127
ZDHHC7,0.4313229690578071
ZDHHC8,-0.2668111672298039
ZDHHC9,-0.3081880063728768
ZEB1,0.14422205386944054
ZEB2,0.5913379559526937
ZER1,-0.4077522383904335
ZFAND1,-0.22747320460120887
ZFAND2A,0.007485495008626053
ZFAND2B,-0.6235887214890428
ZFAND3,-0.32026116719745357
ZFAND4,0.39878854404526454
ZFAND5,0.41217452527628407
ZFAND6,0.4434161640174388
ZFAT,-0.1915104508977752
ZFC3H1,-0.29980846883869794
ZFHX2,0.1759688298901505
ZFHX3,1.0451071791522077
ZFHX4,-1.5535004510359158
ZFP1,-0.16464396540590887
ZFP14,0.37064596686981677
ZFP2,-0.6958397812818269
ZFP28,0.3141512929105814
ZFP3,0.10164567620081622
ZFP30,-0.868655045463301
ZFP36,0.12367448628155397
ZFP36L1,-0.051478335743100345
ZFP36L2,-0.10593390994397911
ZFP37,0.1678748266877097
ZFP41,-0.14739203811351942
ZFP42,-0.9504682662341906
ZFP62,-0.4085833877257983
ZFP64,-0.26886449415048497
ZFP69,-0.36223702099014565
ZFP69B,-0.030471105738532955
ZFP82,0.09969847139695442
ZFP90,-0.42126634676445196
ZFP91,-0.15437370728929523
ZFP91-CNTF,-0.13904086029670726
ZFP92,0.4113201783179226
ZFPL1,-0.0373431919012992
ZFPM1,0.490547004608322
ZFPM2,-0.4436499107959522
ZFR,-0.0684833672717664
ZFR2,0.7375206696966763
ZFTA,1.1191950239951671
ZFTRAF1,0.4911318973516048
ZFX,0.9149850145838396
ZFYVE1,0.11308696239604821
ZFYVE16,0.17355902952597457
ZFYVE19,-0.08334919703062926
ZFYVE21,0.6660613827195787
ZFYVE26,-0.19791237461568034
ZFYVE27,-0.08756331165808451
ZFYVE28,0.5311074377806895
ZFYVE9,0.8181029765845125
ZG16,0.22632129256221137
ZG16B,-0.009089453946598658
ZGLP1,-1.3479763953013393
ZGPAT,0.11635064846398535
ZGRF1,-0.14925876756092826
ZHX1,0.17898942022605446
ZHX1-C8orf76,0.03318136297002461
ZHX2,-0.2643718178604244
ZHX3,0.30502834689206093
ZIC1,0.4280410994670305
ZIC2,0.8996233557351223
ZIC3,1.2547165754182648
ZIC4,-0.5293351888272393
ZIC5,0.26113676964496735
ZIK1,0.09539101141893536
ZIM2,0.4695377695320291
ZIM3,-1.0687661310776686
ZKSCAN1,-0.4061947577724947
ZKSCAN2,0.008328090272750721
ZKSCAN3,-0.15340947566302043
ZKSCAN4,-0.4919654637006312
ZKSCAN5,-0.2966457778046365
ZKSCAN7,0.4026332137541496
ZKSCAN8,-0.6190260555819216
ZKSCAN8P1,-0.6298094074841947
ZMAT1,-0.04716263499246631
ZMAT2,-0.8491272215936798
ZMAT3,-0.029852769613278873
ZMAT4,1.7084713886156906
ZMAT5,-0.17657670024291505
ZMIZ1,0.8097592105408284
ZMIZ2,0.6113427264075506
ZMPSTE24,-0.26538004250907576
ZMYM1,-0.5311221018782843
ZMYM2,0.25544081885585257
ZMYM3,-0.3673171966408626
ZMYM4,-0.3781201635825311
ZMYM5,0.2962751603622289
ZMYM6,-0.5441365020459514
ZMYND10,-0.11914387548510641
ZMYND11,-0.47537664004283564
ZMYND12,-0.2939176492267386
ZMYND15,0.14943324614300568
ZMYND19,0.26011370753080865
ZMYND8,-0.1033128355688584
ZNF10,-0.2766056880646619
ZNF101,-0.24258380388082923
ZNF106,-0.1939587560862308
ZNF107,-0.37079826903694
ZNF112,-0.5476156723134649
ZNF114,-0.4232354051781333
ZNF117,0.14922679808270534
ZNF12,0.415383141947137
ZNF121,-0.5370606801334059
ZNF124,-1.2769714914559227
ZNF131,-0.6100971921747287
ZNF132,-0.1840925252606082
ZNF133,-0.09285826756683413
ZNF134,-0.02363607898704334
ZNF135,0.35214405503566926
ZNF136,-0.21386959897326907
ZNF138,-0.11369813792339478
ZNF14,-0.39067688292178193
ZNF140,0.518550983544408
ZNF141,0.35292643736775364
ZNF142,-0.05987439828200447
ZNF143,-0.07108153580626286
ZNF146,-0.22584630035588837
ZNF148,-0.011347179418030429
ZNF154,0.7483881517743165
ZNF155,-1.2290944010369236
ZNF157,0.3575243803520143
ZNF16,-0.12783087091136647
ZNF160,0.17252506568290293
ZNF165,-0.09959363058470316
ZNF169,-0.3880399615395178
ZNF17,-0.11310986015725533
ZNF174,0.05857572906838193
ZNF175,-0.8388957020106649
ZNF177,-0.7752121390964403
ZNF18,0.08270264779527547
ZNF180,-0.48056006253998973
ZNF181,-0.33181870872970887
ZNF182,-0.42852431854116
ZNF184,-0.30680264352587905
ZNF185,0.052641592745606314
ZNF189,0.092404122039067
ZNF19,-0.28272701983002335
ZNF195,-0.0874931300512003
ZNF197,-0.19662102725880876
ZNF2,-0.1827169539213589
ZNF20,-0.19682951159768658
ZNF200,-0.526894727072809
ZNF202,0.25517922076835475
ZNF205,0.49016482599148314
ZNF207,-0.45962179685899596
ZNF208,-0.04900845409376231
ZNF211,-0.5361182424148307
ZNF212,-0.32449260479803943
ZNF213,-0.08403517430884966
ZNF214,0.06277571167804136
ZNF215,-0.5443135742399986
ZNF217,-0.37031017774733943
ZNF219,-0.27308565748672997
ZNF22,0.12451810035782884
ZNF221,1.0277086337582553
ZNF222,-0.4576536792376009
ZNF223,1.2545832126623415
ZNF224,-0.29089161224420046
ZNF225,0.20573136859663288
ZNF226,-0.4011690082785404
ZNF227,-0.22542740722347077
ZNF229,-0.0442537918795467
ZNF23,-0.19570905496063018
ZNF230,-2.8318755110983087
ZNF232,-0.4172496477265399
ZNF233,0.295186957525496
ZNF234,0.5774669673944658
ZNF235,-0.22211464164686667
ZNF236,0.3669376431293139
ZNF239,1.2532051623704639
ZNF24,-0.3590051386654376
ZNF248,-0.058671782574115205
ZNF25,0.33610359422037384
ZNF250,0.4158666370019759
ZNF251,0.29963621020119247
ZNF253,1.4032642161479827
ZNF254,-0.12397244929190965
ZNF256,1.6081066601428493
ZNF257,-0.5391205524759684
ZNF26,0.113879978478451
ZNF260,-0.03407858226541283
ZNF263,0.03956600875511285
ZNF264,0.19923982329929668
ZNF266,-0.11862801423062752
ZNF267,-0.1950153450229628
ZNF268,0.23333953554778897
ZNF273,-0.9985054072105559
ZNF274,-0.12001244747752615
ZNF275,0.3606373555044282
ZNF276,-0.01766339997538413
ZNF277,0.06976500956268694
ZNF28,-0.4886447805663243
ZNF280C,0.20803587300100812
ZNF280D,0.7938612116807588
ZNF281,-0.10818127066211147
ZNF282,0.2975542304050869
ZNF283,-0.5794378288531297
ZNF284,-1.3316916081448553
ZNF285,2.1007706796214527
ZNF286A,0.14687143117939971
ZNF286A-TBC1D26,0.14710152688250577
ZNF287,0.024905693385623096
ZNF292,0.9083146247576821
ZNF296,0.5869128540504944
ZNF3,-0.250920879006447
ZNF30,-0.863438039339576
ZNF300,0.06643728306092678
ZNF302,-0.16784285978238955
ZNF304,-0.2545618300134773
ZNF316,0.40457747453724835
ZNF317,-0.5385615798428631
ZNF318,0.810576157544614
ZNF319,0.3617618654391581
ZNF32,0.3530989204109414
ZNF320,-0.19035860636318347
ZNF322,0.028311087926710776
ZNF324,0.36922370312889985
ZNF324B,0.18667925547528608
ZNF326,0.2017509642657611
ZNF329,-0.2920267975601393
ZNF330,-0.24309942508322058
ZNF331,-3.2436106892785195
ZNF333,0.024350470302754168
ZNF334,0.2534459103734049
ZNF335,0.014396937445941838
ZNF337,0.21784258652927235
ZNF33A,0.2498120084678277
ZNF33B,-0.04308692451916585
ZNF34,0.22628692767183356
ZNF341,0.8509184055073336
ZNF343,-0.2940909596948682
ZNF345,-0.04608329878338413
ZNF346,-0.26651578499082706
ZNF347,0.7689623525377325
ZNF35,0.5755385024362395
ZNF350,1.8462629162405149
ZNF354A,0.656233537283625
ZNF354B,0.08926747587496386
ZNF354C,0.2062065800937254
ZNF358,0.13855780905271106
ZNF362,0.2717380953491859
ZNF365,0.6473241268735177
ZNF366,0.471617835980937
ZNF367,-0.007209404180829715
ZNF37A,0.0758235782627712
ZNF382,0.22991333940378844
ZNF383,-0.2029292430592191
ZNF384,-0.014351640399237198
ZNF385A,0.5157847075332911
ZNF385B,1.3671321966941552
ZNF385C,0.09869673240532251
ZNF385D,0.08570001777458969
ZNF391,-0.7374325547117695
ZNF394,-0.28983633322700175
ZNF395,0.06110155629633063
ZNF396,-0.07845587879325766
ZNF397,-0.12453456909158334
ZNF398,0.0368493665880516
ZNF404,-1.1646853274420004
ZNF407,-0.020553137287082635
ZNF408,-0.06965813414654409
ZNF41,-0.26344800846994243
ZNF410,-0.1323214402806867
ZNF414,-0.06448907097586964
ZNF415,1.6637250153678302
ZNF416,0.07970644863198384
ZNF417,-0.14528520576028292
ZNF418,-0.23233201203647608
ZNF419,-0.24065800607667098
ZNF420,-1.0834385728951896
ZNF423,0.04921498411154923
ZNF425,0.033392091455483275
ZNF426,-0.25919323250885773
ZNF428,-0.11219936480056347
ZNF429,-0.9965708100889384
ZNF43,-0.035940658513318624
ZNF431,0.24091933483221162
ZNF432,0.2699392001384415
ZNF433,-1.318726665254488
ZNF436,-0.0038945613141851965
ZNF438,0.0598165261473147
ZNF439,0.10898051186646507
ZNF44,0.22871405165564607
ZNF440,4.9563756640225165e-05
ZNF441,0.5539467725190284
ZNF442,0.6631642467061154
ZNF443,-0.23134592367512585
ZNF444,0.1568049770801262
ZNF445,-0.27376360397749266
ZNF446,-0.4159346048009964
ZNF449,-0.3036062258799621
ZNF45,-0.5084211633680615
ZNF451,-0.570068187400231
ZNF454,-0.190166448155489
ZNF460,-0.1603801611941309
ZNF461,-1.2675186329118504
ZNF462,-0.37593671129892847
ZNF467,0.5618314558596678
ZNF468,-0.48730722957769057
ZNF469,-0.329231706085108
ZNF470,0.9556828125339225
ZNF471,-1.747330434319923
ZNF473,-0.1315248948445431
ZNF474,0.4667945108862732
ZNF475,0.45673480846923986
ZNF479,-1.1482594192969284
ZNF48,0.13784999111923657
ZNF480,-0.39601476726966744
ZNF483,0.10299631358408035
ZNF484,-0.14772304054748853
ZNF485,-0.2637466804516517
ZNF486,0.6048041091810079
ZNF487,-0.22249851271096244
ZNF488,0.0537918807709552
ZNF490,0.2213950633021966
ZNF491,-0.23169466093954094
ZNF492,-0.39350252332248337
ZNF493,0.07974603162273208
ZNF496,0.2604756996530906
ZNF497,0.24235751877975265
ZNF500,-0.23560952001776325
ZNF501,0.5622075316446165
ZNF502,-0.47510446400225126
ZNF503,0.6109217455653404
ZNF506,-0.18779429558298322
ZNF507,0.11114103162872269
ZNF510,-0.018363857595843136
ZNF511,0.13909297761380568
ZNF511-PRAP1,0.25454182256841307
ZNF512,-0.20573506244115114
ZNF512B,0.976204246653658
ZNF513,-0.02986950579641512
ZNF514,-0.19397248843133585
ZNF516,-0.3703393638010115
ZNF517,0.009182518058980627
ZNF518A,-0.4400194723091362
ZNF518B,1.1433728593030197
ZNF519,0.3272078029386427
ZNF521,0.8925700508921008
ZNF524,0.03141585325850027
ZNF525,-1.272389600740304
ZNF526,-0.11615560340943976
ZNF527,-0.04036381396421085
ZNF528,-0.6759586341966192
ZNF529,0.268217202020514
ZNF530,-0.47489584003759033
ZNF532,0.9070149592368545
ZNF534,-0.13768892174693637
ZNF536,-0.20392546591460792
ZNF540,1.2598275427101209
ZNF541,-1.4223251019731242
ZNF543,-0.05999234381235308
ZNF544,0.613470507308947
ZNF546,-0.03457653933926723
ZNF547,-0.05684823744417322
ZNF548,-0.026358428456978444
ZNF549,-0.12477781526926268
ZNF550,-0.0427489618953949
ZNF551,-0.13473926673782177
ZNF552,-0.38721938840321357
ZNF554,0.48765975796723904
ZNF555,0.41848884738955583
ZNF556,0.2686619764154441
ZNF557,-0.008411356647192392
ZNF558,0.2472800808607758
ZNF559,8.641446663659735e-05
ZNF559-ZNF177,-0.015121325932614837
ZNF560,-0.48894492950032964
ZNF561,-0.40159820215896325
ZNF562,-0.341683525765041
ZNF563,0.41181122122919156
ZNF564,0.05420702630324303
ZNF565,-0.48394709496827354
ZNF566,0.03191258644101502
ZNF567,0.03634960486065797
ZNF568,-0.422604317185198
ZNF569,-0.04143689934562289
ZNF57,0.0634954451629568
ZNF570,-0.027809263393060668
ZNF571,-0.057802229579070996
ZNF572,2.415974225384971
ZNF573,-1.3665650406888572
ZNF574,-0.6353160359802696
ZNF575,-0.10076687766987336
ZNF576,-0.11989302756077524
ZNF577,-0.6825027856577616
ZNF578,-0.9268457646369145
ZNF579,-0.08833282812070653
ZNF580,-0.3069679409022701
ZNF581,-0.26085411722656104
ZNF582,-1.4682000740827856
ZNF583,0.4323571836141764
ZNF584,-0.1660847964667571
ZNF585A,-1.08850684664606
ZNF585B,-0.19704096527305204
ZNF586,-0.22069140935369713
ZNF587,-0.3273213075820971
ZNF587B,-0.058294006922197106
ZNF589,-0.34007977716849336
ZNF592,0.1277518516148879
ZNF593,-0.14308095481130678
ZNF593OS,-0.8300753935098181
ZNF594,-0.13741781216993587
ZNF595,-0.5778151386423589
ZNF596,-0.3335279456187381
ZNF597,-0.2412943268250629
ZNF598,-0.08557464783685997
ZNF599,-0.290547422983642
ZNF600,-0.4248321726492639
ZNF605,0.06776336621411527
ZNF606,-1.0063530713865463
ZNF607,-0.2894934104666411
ZNF608,-0.6906635594927115
ZNF609,-0.3293909738838878
ZNF610,0.2604667504932441
ZNF611,-0.1760350700457085
ZNF613,-1.120596137276407
ZNF614,-1.6183817511182155
ZNF615,-0.22152853479984647
ZNF616,-0.23413612811001183
ZNF618,-0.14681783013200977
ZNF619,-0.998607531758467
ZNF620,-0.9649636848628389
ZNF621,0.15851374210104563
ZNF622,-0.29365601106202366
ZNF623,0.9436108402111021
ZNF624,0.10074928088581903
ZNF625,1.3550893271614934
ZNF625-ZNF20,1.353461268500452
ZNF626,1.070157105485006
ZNF627,-0.34279418614333856
ZNF628,-0.11608585223476098
ZNF629,-0.058253842251041466
ZNF630,0.21104121591327019
ZNF638,-0.20847972063393322
ZNF639,0.5385640855167688
ZNF641,0.2991730020840029
ZNF644,-0.027295747908970824
ZNF646,-0.02548400521658678
ZNF648,0.9782463795715042
ZNF649,0.5509674935266093
ZNF652,0.7343162296880532
ZNF653,-0.0987082356488429
ZNF654,0.033998158400378564
ZNF655,-0.5402573438887295
ZNF660,-0.7683429794537582
ZNF662,0.3603071454384751
ZNF664,0.44990167135352843
ZNF665,0.18271242446618352
ZNF667,-0.576101597544503
ZNF668,0.018983018892630987
ZNF669,0.025737185765255077
ZNF670,-0.3182905713610058
ZNF670-ZNF695,-0.31819350419830084
ZNF671,-0.09461307392629159
ZNF672,-0.1401932010645499
ZNF674,-0.11820676765810045
ZNF675,-0.36554526037168955
ZNF676,0.48950133190038425
ZNF677,-0.9655421653026328
ZNF678,-0.4318475548934533
ZNF679,0.3160619200477244
ZNF680,-0.127058266021983
ZNF681,-0.39469115708253666
ZNF682,0.13696718029514665
ZNF683,-0.1582384349409951
ZNF684,-0.7986284282089393
ZNF687,0.23013820933252038
ZNF688,-0.2438737115296199
ZNF689,-0.691532902918512
ZNF69,0.26601099763718805
ZNF691,-0.18012469023212674
ZNF692,0.03220563631878459
ZNF695,0.14279267111751714
ZNF696,-0.5841489579747541
ZNF697,0.3505305252281472
ZNF699,0.2957312131481835
ZNF7,-0.08991551324052338
ZNF70,0.18866607071251096
ZNF700,-0.24763184939917338
ZNF701,0.7996085157111426
ZNF703,0.08566538514227506
ZNF704,-0.2204203639034681
ZNF705A,-0.9515566046365886
ZNF706,0.325099424617842
ZNF708,-0.2600009527595697
ZNF709,0.2513045255827733
ZNF71,0.2975733936821454
ZNF710,0.4796724711374285
ZNF711,0.13341232694119531
ZNF713,-0.3381803780523267
ZNF714,0.39775899349879573
ZNF716,0.45696551846616895
ZNF717,-1.2833625204297654
ZNF718,0.1268573254752523
ZNF721,-0.4979890267293783
ZNF722,-0.007031508152003374
ZNF723,0.3531808960764291
ZNF724,0.15831020475033064
ZNF726,0.3033464189474533
ZNF727,1.31363345519138
ZNF728,0.6355963639898361
ZNF730,0.05650376207560237
ZNF732,0.5125700822627545
ZNF735,0.1833881388170977
ZNF736,0.5006824467594211
ZNF737,-0.46777743883195744
ZNF738,-0.3585218034263349
ZNF74,-0.17071085982345124
ZNF740,-0.05381026888100404
ZNF746,0.6933840086741214
ZNF747,-0.3178329104943334
ZNF749,-0.04313188523201639
ZNF750,0.5417565454607876
ZNF75A,0.06648319501004663
ZNF75D,-0.26326680359582344
ZNF76,-0.023933843629797558
ZNF761,0.05699439875055362
ZNF763,-0.4895567705651388
ZNF764,-0.19584805336016142
ZNF765,-1.3386176064706354
ZNF766,0.09760508307594318
ZNF768,0.40517115876404475
ZNF77,0.13623330794007682
ZNF770,-0.06840398238196288
ZNF771,0.13614800773838986
ZNF772,-0.400895969962505
ZNF773,0.26111273393212553
ZNF774,-0.4444668335272244
ZNF775,-0.20179481250280684
ZNF776,-0.21847198696903636
ZNF777,0.28369277417159644
ZNF778,0.06389469451483709
ZNF780A,-0.3587021313869396
ZNF780B,-0.2883980693638346
ZNF782,-0.285833557064997
ZNF783,0.722852957570872
ZNF784,-0.3631390249531785
ZNF785,-0.2892732225580471
ZNF786,0.07292325480894846
ZNF787,0.5080863804417746
ZNF789,-0.30638733332021584
ZNF79,-0.3623528085457357
ZNF790,-0.045705991252585676
ZNF791,-0.6785202110047726
ZNF792,0.4926172473371375
ZNF793,1.184904549171049
ZNF799,-0.06554174590362472
ZNF8,0.21486887130025334
ZNF80,0.05205286395724773
ZNF800,-0.38023004871714766
ZNF804A,-1.3220547870071215
ZNF804B,-0.4222821687844539
ZNF805,-0.1150064131581523
ZNF808,-0.003025350888319789
ZNF81,-0.5982724304461051
ZNF813,0.8709481503958831
ZNF814,-0.023075875401131762
ZNF816,-0.04565497233444926
ZNF816-ZNF321P,-0.036637660584930565
ZNF821,-0.2377406825146755
ZNF823,0.22221727918932022
ZNF827,-0.8199117951295274
ZNF829,-0.4176165645762478
ZNF83,-0.25561275017937746
ZNF830,-0.459649450699251
ZNF831,-0.17014153168822732
ZNF835,0.008490163735549783
ZNF836,0.2951505658983096
ZNF837,0.07324177867491422
ZNF839,-0.19070788796929872
ZNF84,-0.1599758104367197
ZNF840P,-1.6812258683043835
ZNF841,0.2678871597075574
ZNF843,0.004646315404108314
ZNF844,2.049647701115383
ZNF845,1.253028954493584
ZNF846,-0.5602319742479387
ZNF850,-0.33828794199247303
ZNF852,-0.5489304032964943
ZNF853,-0.004355463069076748
ZNF860,0.05033364086131842
ZNF862,0.35157487511141206
ZNF865,-0.03466247112481824
ZNF875,0.762498837032666
ZNF878,1.5960281583141405
ZNF879,-1.7261075403987087
ZNF880,0.9358714424038312
ZNF883,-0.3092843329019763
ZNF888,-0.2077075291759667
ZNF891,-0.22649857095291442
ZNF892,0.06404531447429695
ZNF90,-1.4797290826259328
ZNF91,-0.17770902954368406
ZNF92,-0.18781423374734896
ZNF93,0.16953884870898758
ZNF98,-2.0663979171057667
ZNF99,-0.30736508354469194
ZNFX1,0.14349576030735012
ZNG1A,1.0966557127939458
ZNG1B,0.15206929069079345
ZNG1E,-0.5188511010411587
ZNHIT1,-0.40357833704584145
ZNHIT2,-0.018891347639209854
ZNHIT6,-0.2345770560116085
ZNRD2,-0.17530068287027323
ZNRF1,0.24167273907825448
ZNRF2,0.27389215434424763
ZNRF3,-0.030492904281727462
ZNRF4,0.19506419505405623
ZP1,-0.501578588055696
ZP2,-0.23571588730720527
ZP3,-0.19553271562447438
ZP4,-0.3571301250995573
ZPBP,-0.09934376516833296
ZPBP2,-0.2529432738113363
ZPLD1,0.4640230514636926
ZPR1,-0.2708074408402572
ZRANB1,0.10298832821974901
ZRANB2,-0.384668976825016
ZRANB3,-0.18945733772753393
ZRSR2,-0.32771734228253635
ZSCAN1,1.509276673065764
ZSCAN10,-0.3650490548389036
ZSCAN12,1.1938112589381542
ZSCAN16,-0.37235045218481744
ZSCAN18,-1.476600282678296
ZSCAN2,-0.15254413462170913
ZSCAN20,0.02454374730645803
ZSCAN21,-0.12822483703373333
ZSCAN22,-0.023316257570780152
ZSCAN23,-0.3569009487426693
ZSCAN25,-0.42384728733105614
ZSCAN26,-0.2884650535712021
ZSCAN29,-0.3544178431181608
ZSCAN30,0.01697183222914944
ZSCAN31,-0.8137233948860978
ZSCAN32,0.0704744879856225
ZSCAN4,1.4466555248364743
ZSCAN5A,-1.1772838359414692
ZSCAN5B,-0.06039240759642617
ZSCAN5C,0.6686229863400703
ZSCAN9,-0.06809068378415228
ZSWIM1,-0.22552515670089868
ZSWIM2,0.9519645255983925
ZSWIM3,-0.15825061421892617
ZSWIM4,0.4010330970500906
ZSWIM5,0.831930254100187
ZSWIM6,0.6895384777032341
ZSWIM7,-0.12022317646459424
ZSWIM8,-0.2613090469174244
ZSWIM9,-0.19785126882505466
ZUP1,-0.3160447129424462
ZW10,-0.34594458336559786
ZWILCH,-0.7191630025658524
ZWINT,0.12636883703051183
ZXDA,-0.41039256421583614
ZXDB,0.147770633960163
ZXDC,1.4619256418952302
ZYG11A,0.4830992816454882
ZYG11B,0.22933540190983015
ZYX,0.09609427238482215
ZZEF1,-0.11509993098731108
ZZZ3,-0.05645741312099517
